Source,Target,Type,Weight
79323P,79323W,Undirected,128
21523,79323W,Undirected,33
21232,22064,Undirected,203
21232,21871,Undirected,37
21232,21523,Undirected,42
21523,21871,Undirected,34
22349,22350,Undirected,116
21755,48173C,Undirected,33
21754,48173C,Undirected,36
21754,21755,Undirected,591
21755,84879,Undirected,168
21755,22119,Undirected,83
21755,22296,Undirected,67
21755,22295,Undirected,46
21755,82582,Undirected,49
21181,21755,Undirected,111
21755,21756,Undirected,168
21755,22111,Undirected,50
21754,84879,Undirected,254
21754,22119,Undirected,71
21754,22296,Undirected,65
21754,22295,Undirected,47
21754,82582,Undirected,46
21181,21754,Undirected,129
21754,21756,Undirected,237
21754,22111,Undirected,75
22296,84879,Undirected,110
22295,84879,Undirected,109
82582,84879,Undirected,45
21181,84879,Undirected,91
21756,84879,Undirected,65
22111,84879,Undirected,72
21181,22119,Undirected,30
22295,22296,Undirected,166
21181,22296,Undirected,38
21181,22295,Undirected,31
22107,22109,Undirected,73
21181,82582,Undirected,142
21181,21756,Undirected,34
21181,22111,Undirected,73
84596F,84596L,Undirected,60
21987,21989,Undirected,160
22112,84970S,Undirected,38
20971,22271,Undirected,124
20971,22272,Undirected,43
20971,22274,Undirected,104
20971,22111,Undirected,31
20971,22112,Undirected,33
22271,22272,Undirected,117
22271,22274,Undirected,224
22272,22274,Undirected,110
22111,22112,Undirected,377
21033,21100,Undirected,35
20711,21033,Undirected,96
84031A,84031B,Undirected,30
84032A,84032B,Undirected,145
84519A,84519B,Undirected,56
85132A,85132C,Undirected,39
85183A,85183B,Undirected,51
22064,22065,Undirected,33
22138,22139,Undirected,344
22138,22352,Undirected,46
22138,85014B,Undirected,36
22138,22333,Undirected,30
21731,22138,Undirected,59
20749,22138,Undirected,86
22138,POST,Undirected,105
22139,22352,Undirected,48
22139,85014B,Undirected,57
21731,22139,Undirected,93
20749,22139,Undirected,63
22139,POST,Undirected,112
22352,85014A,Undirected,33
22352,85014B,Undirected,37
21731,22352,Undirected,65
20749,22352,Undirected,36
22352,POST,Undirected,160
85014A,85014B,Undirected,278
85014A,POST,Undirected,30
21731,85014B,Undirected,30
85014B,POST,Undirected,60
21731,22333,Undirected,31
22333,POST,Undirected,78
20749,21731,Undirected,33
21731,POST,Undirected,247
85232B,POST,Undirected,39
20749,POST,Undirected,74
22138,84029E,Undirected,39
22111,22138,Undirected,54
22111,84029E,Undirected,204
21955,22111,Undirected,33
21955,85123A,Undirected,119
22111,85123A,Undirected,211
21430,22111,Undirected,31
21790,22111,Undirected,40
22296,85123A,Undirected,206
22271,85123A,Undirected,55
21790,22271,Undirected,50
22272,85123A,Undirected,30
21590,85123A,Undirected,48
22024,85123A,Undirected,30
22026,85123A,Undirected,46
22029,85123A,Undirected,74
21428,85123A,Undirected,43
21430,85123A,Undirected,74
21916,85123A,Undirected,60
21790,85123A,Undirected,127
21888,85123A,Undirected,47
21586,21590,Undirected,37
22024,22029,Undirected,52
22024,22025,Undirected,32
22026,22029,Undirected,63
22025,22029,Undirected,62
21790,22029,Undirected,51
21428,21430,Undirected,127
21790,21916,Undirected,34
21790,21888,Undirected,132
20754,21035,Undirected,45
20754,21041,Undirected,30
21035,82580,Undirected,54
21035,85150,Undirected,30
21035,21041,Undirected,100
22041,82001S,Undirected,39
82580,85150,Undirected,82
22138,84988,Undirected,35
21929,22138,Undirected,32
21733,85123A,Undirected,805
21733,22178,Undirected,69
21733,22086,Undirected,72
21733,22111,Undirected,66
21733,22112,Undirected,74
21733,22294,Undirected,54
21733,22083,Undirected,32
21733,22114,Undirected,64
21485,21733,Undirected,86
21733,21929,Undirected,31
21733,85099B,Undirected,92
21733,22356,Undirected,31
20724,21733,Undirected,40
20725,21733,Undirected,73
20728,21733,Undirected,54
20726,21733,Undirected,45
20754,21733,Undirected,31
21733,85066,Undirected,53
22178,85123A,Undirected,250
21671,85123A,Undirected,70
22086,85123A,Undirected,137
22112,85123A,Undirected,206
22294,85123A,Undirected,170
22083,85123A,Undirected,118
22114,85123A,Undirected,152
21485,85123A,Undirected,192
21928,85123A,Undirected,107
21929,85123A,Undirected,117
85099B,85123A,Undirected,360
22356,85123A,Undirected,124
20724,85123A,Undirected,174
21592,85123A,Undirected,43
20725,85123A,Undirected,300
20728,85123A,Undirected,194
20726,85123A,Undirected,145
20754,85123A,Undirected,76
21217,85123A,Undirected,106
22195,85123A,Undirected,48
85066,85123A,Undirected,204
22086,22178,Undirected,37
22111,22178,Undirected,42
22112,22178,Undirected,34
22178,22294,Undirected,61
22083,22178,Undirected,30
22114,22178,Undirected,38
21485,22178,Undirected,45
21928,22178,Undirected,42
21929,22178,Undirected,36
22178,85099B,Undirected,94
20724,22178,Undirected,31
20725,22178,Undirected,73
20728,22178,Undirected,44
20726,22178,Undirected,48
22178,85066,Undirected,47
22111,22125,Undirected,40
22112,22125,Undirected,32
22114,22125,Undirected,35
21485,22125,Undirected,30
21671,85099B,Undirected,43
20725,21671,Undirected,35
22086,22111,Undirected,98
22086,22112,Undirected,106
22083,22086,Undirected,170
22086,22114,Undirected,97
21485,22086,Undirected,86
21928,22086,Undirected,30
22086,85099B,Undirected,105
20724,22086,Undirected,40
20725,22086,Undirected,71
20728,22086,Undirected,52
20726,22086,Undirected,38
22111,22294,Undirected,37
22111,22114,Undirected,271
21485,22111,Undirected,376
21928,22111,Undirected,40
21929,22111,Undirected,45
22111,85099B,Undirected,121
20725,22111,Undirected,67
20728,22111,Undirected,40
20726,22111,Undirected,36
20754,22111,Undirected,32
22083,22112,Undirected,38
22112,22114,Undirected,489
21485,22112,Undirected,277
21928,22112,Undirected,39
21929,22112,Undirected,30
22112,85099B,Undirected,124
20724,22112,Undirected,37
20725,22112,Undirected,76
20728,22112,Undirected,41
20726,22112,Undirected,41
21217,22112,Undirected,31
22112,85066,Undirected,36
22294,85099B,Undirected,35
20725,22294,Undirected,33
22083,22114,Undirected,32
21485,22083,Undirected,34
22083,85099B,Undirected,82
22083,22356,Undirected,33
20724,22083,Undirected,38
20725,22083,Undirected,59
20728,22083,Undirected,38
20754,22083,Undirected,30
21485,22114,Undirected,196
22114,85099B,Undirected,93
20725,22114,Undirected,60
20728,22114,Undirected,40
20726,22114,Undirected,35
21217,22114,Undirected,32
21485,21929,Undirected,30
21485,85099B,Undirected,82
20725,21485,Undirected,52
21217,21485,Undirected,30
21928,21929,Undirected,425
21928,85099B,Undirected,533
21928,22356,Undirected,70
20724,21928,Undirected,90
20725,21928,Undirected,187
20728,21928,Undirected,103
20726,21928,Undirected,93
21929,85099B,Undirected,493
21929,22356,Undirected,86
20724,21929,Undirected,102
20725,21929,Undirected,170
20728,21929,Undirected,108
20726,21929,Undirected,99
22356,85099B,Undirected,227
20724,85099B,Undirected,353
20725,85099B,Undirected,611
20728,85099B,Undirected,325
20726,85099B,Undirected,244
20754,85099B,Undirected,63
21217,85099B,Undirected,102
22195,85099B,Undirected,61
85066,85099B,Undirected,57
20724,22356,Undirected,499
20725,22356,Undirected,230
20728,22356,Undirected,169
20726,22356,Undirected,128
20724,20725,Undirected,322
20724,20728,Undirected,207
20724,20726,Undirected,162
20724,21217,Undirected,34
21590,21592,Undirected,44
20725,20728,Undirected,638
20725,20726,Undirected,573
20725,20754,Undirected,59
20725,21217,Undirected,80
20725,22195,Undirected,40
20725,85066,Undirected,37
20726,20728,Undirected,471
20754,21217,Undirected,39
22083,22087,Undirected,53
22087,84946,Undirected,39
22087,84970S,Undirected,30
22087,22090,Undirected,122
22083,84970S,Undirected,30
22083,22090,Undirected,197
84946,84970S,Undirected,82
22090,84946,Undirected,31
22090,84970S,Undirected,44
21977,84991,Undirected,482
21977,22138,Undirected,118
21977,22139,Undirected,69
21731,21977,Undirected,36
22273,84991,Undirected,31
22138,84991,Undirected,97
22139,84991,Undirected,73
22273,22274,Undirected,228
22138,22274,Undirected,46
22139,22274,Undirected,42
22138,22273,Undirected,65
22139,22273,Undirected,51
22138,22179,Undirected,32
21731,22179,Undirected,40
21668,21669,Undirected,286
21668,21670,Undirected,234
21668,21671,Undirected,243
21668,21672,Undirected,237
21668,21673,Undirected,200
21668,82494L,Undirected,31
21212,21668,Undirected,38
21669,21670,Undirected,247
21669,21671,Undirected,238
21669,21672,Undirected,211
21669,21673,Undirected,206
21181,21669,Undirected,33
21212,21669,Undirected,40
21670,21671,Undirected,235
21670,21672,Undirected,210
21670,21673,Undirected,232
21212,21670,Undirected,32
21671,21672,Undirected,237
21671,21673,Undirected,176
21212,21671,Undirected,42
21672,21673,Undirected,227
21672,82494L,Undirected,30
21212,21672,Undirected,45
21673,82494L,Undirected,32
21212,21673,Undirected,51
21232,82582,Undirected,38
21181,21232,Undirected,114
21232,85150,Undirected,70
21232,82494L,Undirected,102
21232,82486,Undirected,78
21232,82483,Undirected,49
21212,21232,Undirected,179
21232,84991,Undirected,190
21232,22180,Undirected,30
21232,22063,Undirected,86
21232,37450,Undirected,109
85071A,85071B,Undirected,39
21161,21162,Undirected,30
21161,21248,Undirected,30
21159,21161,Undirected,32
21162,21248,Undirected,30
21159,21162,Undirected,57
82582,85150,Undirected,98
82494L,82582,Undirected,31
82486,82582,Undirected,40
82483,82582,Undirected,35
21181,85150,Undirected,254
21181,82494L,Undirected,99
21181,82486,Undirected,61
21181,82483,Undirected,63
21181,21212,Undirected,97
21181,84991,Undirected,71
82494L,85150,Undirected,69
82486,85150,Undirected,42
82483,85150,Undirected,37
82486,82494L,Undirected,392
82483,82494L,Undirected,359
21212,82494L,Undirected,65
82494L,84991,Undirected,63
82483,82486,Undirected,493
21212,82486,Undirected,36
21212,84991,Undirected,608
21212,22180,Undirected,30
37450,84991,Undirected,35
22063,37450,Undirected,70
21706,21707,Undirected,40
21706,21708,Undirected,30
20751,85123A,Undirected,44
48185,85123A,Undirected,116
21481,85123A,Undirected,68
85042,85123A,Undirected,38
72760B,85123A,Undirected,84
84879,85123A,Undirected,496
21733,48185,Undirected,38
21481,21733,Undirected,31
21733,84879,Undirected,131
20752,20754,Undirected,88
20751,20752,Undirected,41
20751,20754,Undirected,66
22114,48185,Undirected,34
48185,84879,Undirected,33
21481,22114,Undirected,115
22114,84879,Undirected,62
21481,84879,Undirected,50
72760B,84879,Undirected,46
21484,84032B,Undirected,30
21484,22086,Undirected,45
20967,20970,Undirected,100
20967,20972,Undirected,54
20967,20971,Undirected,46
20970,20972,Undirected,105
20970,20971,Undirected,96
20971,20972,Undirected,399
20972,22086,Undirected,60
20972,84997D,Undirected,36
20972,21231,Undirected,64
20971,22086,Undirected,50
20971,21231,Undirected,60
21058,21063,Undirected,32
22086,84997D,Undirected,34
21930,22086,Undirected,38
84997C,84997D,Undirected,438
21930,84997D,Undirected,44
21231,84997C,Undirected,31
22300,22301,Undirected,254
21231,21930,Undirected,33
48185,85099B,Undirected,133
47566B,85099B,Undirected,56
22139,85099B,Undirected,138
22275,85099B,Undirected,30
22138,85099B,Undirected,107
21479,85099B,Undirected,59
21929,48185,Undirected,54
22139,48185,Undirected,30
21929,22139,Undirected,56
22086,22139,Undirected,76
21479,22139,Undirected,33
22086,22138,Undirected,58
21479,22086,Undirected,68
21479,22138,Undirected,32
37446,37449,Undirected,84
20719,47591D,Undirected,34
21865,21867,Undirected,77
21864,21867,Undirected,49
82551,82567,Undirected,30
21864,21865,Undirected,82
21245,84997A,Undirected,47
21241,21245,Undirected,73
21705,21790,Undirected,30
21912,21913,Undirected,75
21791,21913,Undirected,45
21790,21913,Undirected,49
21912,85123A,Undirected,51
21791,21912,Undirected,107
21790,21912,Undirected,150
22130,85123A,Undirected,40
21584,85123A,Undirected,30
20972,85123A,Undirected,128
21791,85123A,Undirected,69
21931,85123A,Undirected,169
20711,85123A,Undirected,67
84997B,85123A,Undirected,71
84997A,85123A,Undirected,39
20971,85123A,Undirected,103
22335,85123A,Undirected,67
20972,21791,Undirected,72
20972,21790,Undirected,94
20972,21931,Undirected,57
20711,20972,Undirected,33
21790,21791,Undirected,395
21790,21931,Undirected,43
20971,21790,Undirected,53
20711,21931,Undirected,272
21931,84997B,Undirected,60
21931,84997A,Undirected,41
20971,21931,Undirected,42
20675,21931,Undirected,34
84997A,84997B,Undirected,275
21244,84997B,Undirected,72
20675,84997B,Undirected,98
21244,84997A,Undirected,42
20675,84997A,Undirected,64
20675,21244,Undirected,175
22086,84946,Undirected,70
22086,84949,Undirected,34
21491,22086,Undirected,39
21181,22086,Undirected,57
22086,82483,Undirected,32
21912,22086,Undirected,32
22276,85123A,Undirected,35
85014A,85123A,Undirected,73
85014B,85123A,Undirected,95
21326,85123A,Undirected,84
84946,85123A,Undirected,202
84949,85123A,Undirected,119
21908,85123A,Undirected,97
21181,85123A,Undirected,303
82483,85123A,Undirected,324
85123A,85152,Undirected,227
20982,85123A,Undirected,52
84884A,85123A,Undirected,66
79323W,85123A,Undirected,72
85014A,85014D,Undirected,34
85014A,85152,Undirected,30
85014B,85014D,Undirected,42
21181,85014B,Undirected,35
85014B,85152,Undirected,30
21326,84946,Undirected,94
21326,84949,Undirected,42
84946,84949,Undirected,135
21181,84946,Undirected,37
82483,84946,Undirected,45
84946,85152,Undirected,36
82483,84949,Undirected,34
21181,21908,Undirected,149
21908,82483,Undirected,33
21908,85152,Undirected,211
21181,85152,Undirected,343
82483,85152,Undirected,62
21523,22114,Undirected,54
22114,48187,Undirected,39
22114,72741,Undirected,41
21754,22114,Undirected,70
21181,22114,Undirected,102
22114,82600,Undirected,42
21754,22212,Undirected,42
21181,22212,Undirected,34
21523,48187,Undirected,177
21523,21754,Undirected,104
21181,21523,Undirected,54
21523,82600,Undirected,33
21523,22086,Undirected,32
21485,21523,Undirected,33
21754,48187,Undirected,99
21181,48187,Undirected,61
48187,82600,Undirected,41
22083,48187,Undirected,34
21485,48187,Undirected,40
48187,84836,Undirected,42
21754,72741,Undirected,47
21181,72741,Undirected,42
22080,22082,Undirected,125
21754,22082,Undirected,53
21181,22082,Undirected,34
22082,22086,Undirected,54
21485,22082,Undirected,42
22082,84836,Undirected,62
21172,21754,Undirected,62
21754,82600,Undirected,68
21430,21754,Undirected,40
21754,22083,Undirected,58
21754,22086,Undirected,53
21754,22121,Undirected,66
21485,21754,Undirected,78
21754,84836,Undirected,104
21172,21181,Undirected,71
21172,82600,Undirected,67
21181,82600,Undirected,255
21181,21430,Undirected,49
21181,22083,Undirected,31
21181,21485,Undirected,74
21181,84836,Undirected,54
82600,84836,Undirected,34
22083,22089,Undirected,49
22086,22121,Undirected,38
22086,84836,Undirected,40
21485,84836,Undirected,55
22077,85049E,Undirected,147
21733,85049E,Undirected,30
85049E,85123A,Undirected,60
85049E,POST,Undirected,31
21976,22077,Undirected,33
20914,21976,Undirected,38
21731,21976,Undirected,49
21976,POST,Undirected,85
21498,84946,Undirected,30
21498,85123A,Undirected,87
21498,21527,Undirected,31
21498,21533,Undirected,32
20914,21498,Undirected,42
21498,21535,Undirected,34
21498,21731,Undirected,35
21498,POST,Undirected,41
22077,84946,Undirected,49
21733,22077,Undirected,53
22077,85123A,Undirected,156
22077,84836,Undirected,53
21533,22077,Undirected,30
20914,22077,Undirected,67
22077,POST,Undirected,94
21733,84946,Undirected,71
84836,84946,Undirected,78
21533,84946,Undirected,32
20914,84946,Undirected,34
84832,84946,Undirected,43
21537,85123A,Undirected,31
21537,21539,Undirected,58
21527,21537,Undirected,55
21533,21537,Undirected,68
21531,21537,Undirected,53
20914,21537,Undirected,36
21217,21537,Undirected,34
21535,21537,Undirected,58
21537,21844,Undirected,35
21537,22073,Undirected,39
21537,22072,Undirected,31
20718,21733,Undirected,36
21733,84836,Undirected,96
21527,21733,Undirected,32
21533,21733,Undirected,40
20914,21733,Undirected,66
21535,21733,Undirected,43
15056BL,21733,Undirected,53
15056N,21733,Undirected,50
20718,85123A,Undirected,107
21539,85123A,Undirected,81
84836,85123A,Undirected,310
21527,85123A,Undirected,106
21533,85123A,Undirected,145
21531,85123A,Undirected,94
22180,85123A,Undirected,55
85123A,85232B,Undirected,71
20676,85123A,Undirected,57
20914,85123A,Undirected,235
21238,85123A,Undirected,34
21535,85123A,Undirected,144
21844,85123A,Undirected,70
22073,85123A,Undirected,50
22072,85123A,Undirected,64
15056BL,85123A,Undirected,120
15056N,85123A,Undirected,112
21731,85123A,Undirected,34
46000S,85123A,Undirected,43
20682,85123A,Undirected,30
84832,85123A,Undirected,64
85123A,POST,Undirected,30
20718,21533,Undirected,38
20718,20914,Undirected,85
20718,21217,Undirected,42
20718,21535,Undirected,41
20718,21731,Undirected,33
20718,POST,Undirected,38
21527,21539,Undirected,125
21533,21539,Undirected,171
21531,21539,Undirected,167
20914,21539,Undirected,84
21217,21539,Undirected,63
21535,21539,Undirected,181
21539,21844,Undirected,63
21539,22073,Undirected,79
21539,22072,Undirected,77
21533,84836,Undirected,30
20914,84836,Undirected,41
21535,84836,Undirected,39
84832,84836,Undirected,67
21527,21533,Undirected,168
21527,21531,Undirected,156
20914,21527,Undirected,97
21217,21527,Undirected,77
21527,21535,Undirected,200
21527,21844,Undirected,113
21527,22073,Undirected,102
21527,22072,Undirected,124
21531,21533,Undirected,187
20914,21533,Undirected,113
21217,21533,Undirected,93
21238,21533,Undirected,31
21533,21535,Undirected,319
21533,21844,Undirected,107
21533,22073,Undirected,100
21533,22072,Undirected,88
20914,21531,Undirected,88
21217,21531,Undirected,65
21531,21535,Undirected,305
21531,21844,Undirected,104
21531,22073,Undirected,82
21531,22072,Undirected,80
21535,22180,Undirected,31
22072,22180,Undirected,31
20914,22333,Undirected,30
21238,22333,Undirected,32
21242,22333,Undirected,32
21217,85232B,Undirected,30
20676,20914,Undirected,62
20676,21217,Undirected,41
20676,21238,Undirected,236
20676,21242,Undirected,205
20676,21535,Undirected,37
20676,21731,Undirected,46
20676,POST,Undirected,73
20914,21217,Undirected,97
20914,21238,Undirected,65
20914,21242,Undirected,41
20914,21535,Undirected,139
20914,21844,Undirected,55
20914,22073,Undirected,41
20914,22072,Undirected,45
20914,21731,Undirected,47
20914,POST,Undirected,56
21217,21238,Undirected,38
21217,21535,Undirected,98
21217,21844,Undirected,50
21217,22073,Undirected,57
21217,22072,Undirected,63
21217,POST,Undirected,37
21238,21242,Undirected,253
21238,21535,Undirected,34
21238,21731,Undirected,53
20682,21238,Undirected,35
21238,POST,Undirected,108
21242,POST,Undirected,66
21535,21844,Undirected,126
21535,22073,Undirected,101
21535,22072,Undirected,96
21844,22073,Undirected,57
21844,22072,Undirected,66
22072,22073,Undirected,61
15056BL,15056N,Undirected,345
15056BL,21731,Undirected,30
15056BL,POST,Undirected,61
15056N,POST,Undirected,41
20682,21731,Undirected,38
22254,22255,Undirected,39
21788,21789,Undirected,99
20682,POST,Undirected,69
22028,22030,Undirected,58
22029,22030,Undirected,88
22024,22030,Undirected,41
22030,22037,Undirected,66
22028,22029,Undirected,61
22024,22028,Undirected,82
22028,22037,Undirected,56
21122,21124,Undirected,308
21864,21866,Undirected,92
22029,22037,Undirected,153
22029,22036,Undirected,34
22024,22037,Undirected,42
21429,21431,Undirected,107
79029,85123A,Undirected,57
21034,79029,Undirected,31
71477,85123A,Undirected,175
71477,82486,Undirected,45
71477,82483,Undirected,39
22112,71477,Undirected,51
22111,71477,Undirected,43
21591,85123A,Undirected,36
82486,85123A,Undirected,338
21034,85123A,Undirected,269
21034,21590,Undirected,32
21587,21591,Undirected,48
21034,21591,Undirected,39
22112,82486,Undirected,49
22111,82486,Undirected,47
21034,82486,Undirected,58
22112,82483,Undirected,37
22111,82483,Undirected,46
21034,82483,Undirected,37
21034,22112,Undirected,88
21034,22111,Undirected,94
22077,85049D,Undirected,79
85049C,85049D,Undirected,121
21980,21985,Undirected,114
21485,21985,Undirected,36
21212,21985,Undirected,56
21212,21980,Undirected,86
21212,22083,Undirected,115
22077,22083,Undirected,48
22086,84347,Undirected,69
21212,22086,Undirected,79
22077,22086,Undirected,65
22111,84347,Undirected,31
21212,22111,Undirected,75
22077,22111,Undirected,40
21212,21485,Undirected,60
21485,22077,Undirected,54
21212,84990,Undirected,62
21212,22077,Undirected,124
22070,22071,Undirected,106
22077,85049C,Undirected,133
21754,84946,Undirected,99
21755,84946,Undirected,73
21534,21535,Undirected,48
21535,21754,Undirected,47
21535,84970S,Undirected,41
21533,21534,Undirected,68
21533,21754,Undirected,53
21533,84970S,Undirected,33
21756,84836,Undirected,31
84836,84970S,Undirected,136
21755,84836,Undirected,83
21754,22118,Undirected,59
21755,22118,Undirected,65
21754,84970S,Undirected,66
21755,84970S,Undirected,69
22086,84879,Undirected,102
20685,22086,Undirected,35
22083,84879,Undirected,80
22083,22139,Undirected,64
20685,22083,Undirected,44
85040B,85041,Undirected,30
48184,84879,Undirected,73
22139,84879,Undirected,137
21673,84879,Undirected,60
21671,84879,Undirected,55
21669,84879,Undirected,66
21500,84879,Undirected,37
20685,84879,Undirected,104
20685,48184,Undirected,187
20685,22139,Undirected,68
20685,21673,Undirected,40
20685,21669,Undirected,32
20685,21500,Undirected,32
22065,22086,Undirected,31
20975,22086,Undirected,33
21080,22086,Undirected,45
20975,21080,Undirected,65
21080,21844,Undirected,40
21080,21980,Undirected,66
21967,21980,Undirected,56
22110,22113,Undirected,39
21484,22110,Undirected,93
21484,22113,Undirected,85
22113,22139,Undirected,42
20914,21868,Undirected,32
20914,22139,Undirected,117
20914,22197,Undirected,114
20914,22273,Undirected,32
20914,21124,Undirected,33
20914,21122,Undirected,37
21868,37370,Undirected,36
22139,22197,Undirected,79
21122,22139,Undirected,31
21122,22197,Undirected,31
22079,22081,Undirected,71
22272,22273,Undirected,110
21124,21126,Undirected,34
21124,21125,Undirected,32
21122,21126,Undirected,48
21122,21125,Undirected,42
21125,21126,Undirected,58
21232,84050,Undirected,59
48194,84050,Undirected,31
21485,84050,Undirected,37
21212,84050,Undirected,45
22195,84050,Undirected,42
22196,84050,Undirected,42
21212,47568,Undirected,40
21231,21232,Undirected,639
21232,37503,Undirected,88
21232,48185,Undirected,107
21232,48194,Undirected,74
21232,48129,Undirected,30
21232,84997D,Undirected,46
21232,22111,Undirected,65
21232,21485,Undirected,50
21232,47591D,Undirected,106
21232,22195,Undirected,35
21232,22196,Undirected,34
21231,82494L,Undirected,52
21231,37503,Undirected,48
21231,48185,Undirected,49
21231,48194,Undirected,34
21231,47591D,Undirected,72
21212,21231,Undirected,99
22169,82494L,Undirected,103
21212,22169,Undirected,30
48185,82494L,Undirected,50
48188,82494L,Undirected,30
48194,82494L,Undirected,55
82494L,84997D,Undirected,37
21781,82494L,Undirected,31
22111,82494L,Undirected,72
21485,82494L,Undirected,77
21484,82494L,Undirected,32
47591D,82494L,Undirected,30
37503,48185,Undirected,38
37503,48194,Undirected,32
37503,47591D,Undirected,37
21212,37503,Undirected,69
48185,48188,Undirected,96
48185,48194,Undirected,198
48129,48185,Undirected,82
22111,48185,Undirected,33
47591D,48185,Undirected,46
21212,48185,Undirected,38
48188,48194,Undirected,157
48129,48188,Undirected,97
22111,48188,Undirected,40
21485,48188,Undirected,33
21212,48188,Undirected,44
48129,48194,Undirected,141
22111,48194,Undirected,46
21485,48194,Undirected,66
47591D,48194,Undirected,37
21212,48194,Undirected,57
22196,48194,Undirected,40
22111,48129,Undirected,33
47591D,84997D,Undirected,50
21212,84997D,Undirected,95
21484,22111,Undirected,150
22111,47591D,Undirected,30
21484,21485,Undirected,168
21485,47591D,Undirected,30
47591B,47591D,Undirected,36
21212,47591D,Undirected,113
20751,21212,Undirected,46
21212,22195,Undirected,65
21212,22196,Undirected,69
22195,22196,Undirected,186
21591,22086,Undirected,38
22086,85099C,Undirected,39
20727,22086,Undirected,49
21871,21875,Undirected,47
20725,21871,Undirected,38
22083,22085,Undirected,67
22083,22138,Undirected,54
20727,22083,Undirected,30
22138,85099C,Undirected,44
20719,22138,Undirected,48
22138,22356,Undirected,52
20724,22138,Undirected,72
20727,22138,Undirected,92
20726,22138,Undirected,55
20725,22138,Undirected,100
21930,85099B,Undirected,375
21930,85099C,Undirected,253
20719,21930,Undirected,70
21930,22356,Undirected,94
20724,21930,Undirected,104
20727,21930,Undirected,221
20726,21930,Undirected,119
20725,21930,Undirected,187
85099B,85099C,Undirected,670
20719,85099B,Undirected,178
20727,85099B,Undirected,340
22348,85099B,Undirected,65
20719,85099C,Undirected,81
22356,85099C,Undirected,105
20724,85099C,Undirected,138
20727,85099C,Undirected,178
20726,85099C,Undirected,107
20725,85099C,Undirected,241
20719,22356,Undirected,304
20719,20724,Undirected,406
20719,20727,Undirected,144
20719,20726,Undirected,177
20719,20725,Undirected,177
20727,22356,Undirected,180
20724,20727,Undirected,212
20724,22348,Undirected,42
20726,20727,Undirected,443
20725,20727,Undirected,716
20727,22348,Undirected,42
20725,22348,Undirected,63
22271,22273,Undirected,250
22138,22271,Undirected,62
22147,22271,Undirected,126
22150,22271,Undirected,93
21034,22271,Undirected,43
22147,22273,Undirected,112
22150,22273,Undirected,96
22086,22273,Undirected,31
21034,22273,Undirected,47
22131,22195,Undirected,64
22138,22195,Undirected,45
22132,22195,Undirected,30
21559,22195,Undirected,31
22131,22138,Undirected,33
22131,22196,Undirected,54
22131,22132,Undirected,34
21559,22131,Undirected,52
22131,22352,Undirected,35
21034,22131,Undirected,39
22079,22147,Undirected,31
21034,22079,Undirected,41
22079,22080,Undirected,126
22138,22147,Undirected,59
22138,22150,Undirected,41
22138,22196,Undirected,44
21086,22138,Undirected,31
21559,22138,Undirected,50
21094,22138,Undirected,41
20754,22138,Undirected,35
21034,22138,Undirected,65
22142,22147,Undirected,33
22147,22150,Undirected,217
22086,22147,Undirected,52
21034,22147,Undirected,60
22083,22147,Undirected,34
22147,22274,Undirected,100
22142,22150,Undirected,35
22086,22142,Undirected,77
22086,22150,Undirected,57
21034,22150,Undirected,41
22083,22150,Undirected,42
22150,22274,Undirected,90
22134,22196,Undirected,32
22132,22196,Undirected,35
21559,22196,Undirected,35
21034,22086,Undirected,97
21186,22086,Undirected,35
21086,21559,Undirected,36
21086,22352,Undirected,43
21086,21094,Undirected,402
21086,22083,Undirected,58
21558,21559,Undirected,195
21559,22352,Undirected,251
21034,21559,Undirected,45
21558,22352,Undirected,139
21094,22352,Undirected,31
21034,22352,Undirected,30
22275,22276,Undirected,66
21094,22083,Undirected,57
22302,22303,Undirected,221
21034,22083,Undirected,40
21034,22274,Undirected,32
21186,21187,Undirected,33
21977,48187,Undirected,45
21175,48187,Undirected,60
48187,84991,Undirected,46
21175,21523,Undirected,50
21523,84991,Undirected,35
21175,21977,Undirected,60
21615,21619,Undirected,31
85049A,85049B,Undirected,32
85049A,85049G,Undirected,53
85049B,85049G,Undirected,61
21175,21770,Undirected,58
21175,84991,Undirected,59
37500,84991,Undirected,35
22086,35400,Undirected,37
21900,21901,Undirected,233
21901,21902,Undirected,177
21900,21902,Undirected,156
22079,85049G,Undirected,30
85049D,85049H,Undirected,58
85049D,85049G,Undirected,79
85049G,85049H,Undirected,40
22086,22130,Undirected,38
84997A,84997D,Undirected,254
84997A,84997C,Undirected,234
84997B,84997D,Undirected,356
22273,84997D,Undirected,31
84997B,84997C,Undirected,387
21479,22111,Undirected,132
21731,22353,Undirected,33
20685,21731,Undirected,50
21212,21731,Undirected,84
21731,85099B,Undirected,130
20719,21731,Undirected,110
20712,21731,Undirected,88
20711,21731,Undirected,47
22352,22353,Undirected,102
21210,22352,Undirected,30
21212,22352,Undirected,82
21238,22352,Undirected,49
22352,85099B,Undirected,117
20719,22352,Undirected,62
20712,22352,Undirected,61
20711,22352,Undirected,48
20682,22352,Undirected,42
21212,22353,Undirected,46
22353,85099B,Undirected,53
20719,22353,Undirected,48
22353,POST,Undirected,47
20685,21210,Undirected,57
20685,21212,Undirected,130
20685,21238,Undirected,43
20685,85099B,Undirected,219
20685,20719,Undirected,33
20685,20712,Undirected,42
20685,20711,Undirected,49
20682,20685,Undirected,34
20685,POST,Undirected,54
21210,21212,Undirected,295
21210,21238,Undirected,39
21210,85099B,Undirected,83
20719,21210,Undirected,34
21210,POST,Undirected,76
21212,21238,Undirected,88
21212,85099B,Undirected,261
20719,21212,Undirected,97
21039,21212,Undirected,30
20712,21212,Undirected,62
20711,21212,Undirected,53
20682,21212,Undirected,38
21212,POST,Undirected,152
21238,85099B,Undirected,77
20719,21238,Undirected,38
20712,21238,Undirected,38
21039,85099B,Undirected,31
20712,85099B,Undirected,429
20711,85099B,Undirected,337
20682,85099B,Undirected,39
85099B,POST,Undirected,122
20712,20719,Undirected,161
20711,20719,Undirected,57
20719,21432,Undirected,43
20682,20719,Undirected,32
20719,POST,Undirected,197
21039,POST,Undirected,34
20711,20712,Undirected,194
20712,POST,Undirected,128
21432,POST,Undirected,51
84879,84946,Undirected,210
21098,22111,Undirected,32
22111,85048,Undirected,35
21890,21891,Undirected,91
21805,21807,Undirected,44
21805,21806,Undirected,36
21806,21807,Undirected,47
22113,22294,Undirected,33
21034,22294,Undirected,36
20978,20979,Undirected,112
20992,21034,Undirected,31
22111,84077,Undirected,30
21034,84077,Undirected,32
22111,22113,Undirected,182
21034,22113,Undirected,79
22276,22277,Undirected,51
22169,47566,Undirected,46
21755,22169,Undirected,46
22169,85099B,Undirected,42
21700,85099B,Undirected,55
84270,85099B,Undirected,31
22139,84270,Undirected,32
21890,85099B,Undirected,32
21890,22139,Undirected,43
21891,85099B,Undirected,35
21891,22139,Undirected,46
21755,47566,Undirected,76
47566,85099B,Undirected,173
21929,47566,Undirected,79
22139,47566,Undirected,98
21755,85099B,Undirected,80
21755,21929,Undirected,40
21755,22139,Undirected,54
21755,22151,Undirected,33
20681,85099B,Undirected,36
22151,85099B,Undirected,33
21156,47591D,Undirected,162
22113,84029E,Undirected,67
21908,85150,Undirected,106
21172,85150,Undirected,55
21172,21908,Undirected,72
84029E,84992,Undirected,41
21976,84992,Undirected,102
84839,85064,Undirected,53
22156,22294,Undirected,31
22156,22178,Undirected,35
22155,22156,Undirected,32
21868,22178,Undirected,35
21034,22178,Undirected,62
22154,22155,Undirected,47
21034,21868,Undirected,39
22189,85099C,Undirected,71
22189,22296,Undirected,55
22189,22297,Undirected,40
22189,84836,Undirected,64
21181,22189,Undirected,79
21621,22189,Undirected,54
22138,22189,Undirected,42
20967,22273,Undirected,35
20967,22271,Undirected,44
20975,22138,Undirected,41
21181,85099C,Undirected,63
22296,22297,Undirected,173
22296,84836,Undirected,94
22297,84836,Undirected,85
21181,22297,Undirected,42
21484,84836,Undirected,30
21621,84836,Undirected,41
22138,84836,Undirected,52
21181,21479,Undirected,37
21181,21621,Undirected,39
21181,22138,Undirected,39
21479,21484,Undirected,55
21621,22138,Undirected,36
21754,21955,Undirected,49
22294,84949,Undirected,38
22294,22295,Undirected,155
21754,22294,Undirected,42
22294,84946,Undirected,43
22139,22294,Undirected,32
22295,84949,Undirected,35
21754,84949,Undirected,41
21888,21912,Undirected,140
21912,22139,Undirected,58
21912,22138,Undirected,67
21888,22139,Undirected,48
21888,22138,Undirected,70
21754,84997B,Undirected,31
21754,84997C,Undirected,33
21754,22139,Undirected,84
21326,21754,Undirected,30
21754,22113,Undirected,46
21754,21868,Undirected,48
21754,22138,Undirected,69
84509A,84510A,Undirected,103
84946,84997B,Undirected,36
22139,84946,Undirected,53
22113,84946,Undirected,36
22138,84946,Undirected,46
22139,84997B,Undirected,58
22138,84997B,Undirected,64
22139,84997C,Undirected,48
22138,84997C,Undirected,62
21868,22138,Undirected,41
21232,22138,Undirected,71
22138,47591D,Undirected,74
21175,22138,Undirected,31
21481,22138,Undirected,33
21175,85150,Undirected,196
21232,84997B,Undirected,54
21175,21232,Undirected,100
21232,48111,Undirected,41
21232,21731,Undirected,53
21232,21481,Undirected,48
21731,84997A,Undirected,40
47591D,84997B,Undirected,51
21731,84997B,Undirected,65
84991,84997B,Undirected,63
47591C,47591D,Undirected,73
21175,47591D,Undirected,40
22064,47591D,Undirected,32
47591D,84991,Undirected,146
21481,47591D,Undirected,35
21175,22064,Undirected,36
22064,84991,Undirected,40
21481,21731,Undirected,48
21481,21482,Undirected,52
85049A,85049E,Undirected,134
22086,85049E,Undirected,57
22086,85049A,Undirected,84
85049A,85123A,Undirected,58
22151,22152,Undirected,69
21385,84836,Undirected,61
22151,84836,Undirected,40
21929,84836,Undirected,31
84836,85099F,Undirected,32
21928,84836,Undirected,34
22113,84836,Undirected,34
22086,85048,Undirected,63
85048,85123A,Undirected,44
21385,22296,Undirected,51
21385,85123A,Undirected,128
22086,85099F,Undirected,32
22086,22113,Undirected,70
22151,85123A,Undirected,100
21929,85099F,Undirected,325
21928,85099F,Undirected,330
85099F,85123A,Undirected,164
22113,85123A,Undirected,143
35400,85123A,Undirected,48
21034,72741,Undirected,40
21041,21216,Undirected,36
21155,21216,Undirected,37
21216,21217,Undirected,96
21216,21218,Undirected,163
21243,21244,Undirected,172
21240,21244,Undirected,198
21238,21244,Undirected,147
21239,21244,Undirected,148
20677,21244,Undirected,133
21240,21243,Undirected,163
21238,21243,Undirected,135
21239,21243,Undirected,183
20677,21243,Undirected,174
20675,21243,Undirected,133
21041,21155,Undirected,42
21041,21218,Undirected,39
21155,21217,Undirected,48
21155,21218,Undirected,50
21499,21500,Undirected,198
21498,21500,Undirected,169
21498,21499,Undirected,203
21034,21124,Undirected,43
21034,21122,Undirected,44
21217,21218,Undirected,110
21238,21240,Undirected,267
21239,21240,Undirected,295
20677,21240,Undirected,169
20675,21240,Undirected,207
21238,21239,Undirected,251
20677,21238,Undirected,155
20675,21238,Undirected,172
20677,21239,Undirected,197
20675,21239,Undirected,168
20675,20677,Undirected,235
21232,21975,Undirected,70
21213,21232,Undirected,68
21232,21977,Undirected,96
21231,21975,Undirected,42
21213,21231,Undirected,49
21231,21977,Undirected,57
21231,84991,Undirected,106
21213,21975,Undirected,245
21975,21977,Undirected,312
21212,21975,Undirected,381
21975,84991,Undirected,352
21213,21977,Undirected,226
21212,21213,Undirected,365
21213,84991,Undirected,251
21212,21977,Undirected,583
85174,85175,Undirected,40
84755,84950,Undirected,31
84832,84879,Undirected,50
21733,22113,Undirected,62
21733,22295,Undirected,57
21733,21755,Undirected,116
21733,21756,Undirected,34
20685,21733,Undirected,83
21733,48194,Undirected,55
22275,85123A,Undirected,57
22283,85123A,Undirected,79
22186,85123A,Undirected,42
22187,85123A,Undirected,36
21735,85123A,Undirected,38
22295,85123A,Undirected,187
21755,85123A,Undirected,365
21756,85123A,Undirected,117
22120,85123A,Undirected,52
20685,85123A,Undirected,221
48194,85123A,Undirected,193
48173C,85123A,Undirected,84
48189,85123A,Undirected,49
48116,85123A,Undirected,42
21755,22113,Undirected,39
22086,22186,Undirected,40
22086,22187,Undirected,35
21755,22086,Undirected,43
22186,22187,Undirected,54
21755,22120,Undirected,95
20685,21755,Undirected,79
21755,48194,Undirected,82
22320,22325,Undirected,32
21756,22120,Undirected,37
20685,21756,Undirected,37
20685,48194,Undirected,253
20685,48173C,Undirected,141
20685,48189,Undirected,50
20685,48116,Undirected,102
48173C,48194,Undirected,109
48189,48194,Undirected,53
48116,48194,Undirected,94
48116,48173C,Undirected,56
21181,48194,Undirected,67
48194,84879,Undirected,82
22112,48194,Undirected,57
21790,48194,Undirected,30
21181,22113,Undirected,50
21181,22112,Undirected,138
21181,21257,Undirected,35
21181,22171,Undirected,39
21181,21790,Undirected,39
22113,84879,Undirected,61
22112,84879,Undirected,85
21257,84879,Undirected,36
22171,84879,Undirected,46
22273,84879,Undirected,30
21790,84879,Undirected,88
21791,84879,Undirected,57
21591,84879,Undirected,30
22150,84879,Undirected,51
22112,22113,Undirected,166
21790,22113,Undirected,36
22112,22273,Undirected,31
21790,22112,Undirected,55
21791,22112,Undirected,30
21790,22086,Undirected,84
21791,22086,Undirected,59
21790,22273,Undirected,43
21791,22273,Undirected,31
22150,22272,Undirected,34
21790,22150,Undirected,51
21791,22150,Undirected,38
20726,20977,Undirected,41
20675,20676,Undirected,237
20676,21931,Undirected,55
20676,85099C,Undirected,31
20676,84596B,Undirected,47
20676,21232,Undirected,50
20676,20726,Undirected,47
20676,20725,Undirected,84
20676,21216,Undirected,35
20675,20726,Undirected,43
20675,20725,Undirected,59
84596E,84596G,Undirected,30
84596B,84596E,Undirected,50
84596B,84596G,Undirected,90
20975,21931,Undirected,35
20975,21232,Undirected,34
20975,21791,Undirected,44
20975,21034,Undirected,49
20725,20975,Undirected,47
21931,85099C,Undirected,425
21929,21931,Undirected,336
21931,22131,Undirected,38
21931,22055,Undirected,38
21232,21931,Undirected,94
21034,21931,Undirected,61
21931,37503,Undirected,32
20726,21931,Undirected,173
20725,21931,Undirected,334
21216,21931,Undirected,52
21931,22114,Undirected,45
21931,82482,Undirected,93
21231,21931,Undirected,48
21929,85099C,Undirected,257
22131,85099C,Undirected,31
21232,85099C,Undirected,97
21034,85099C,Undirected,72
37503,85099C,Undirected,30
21216,85099C,Undirected,34
22114,85099C,Undirected,39
82482,85099C,Undirected,94
21231,85099C,Undirected,51
21232,21929,Undirected,47
21034,21929,Undirected,41
21929,82482,Undirected,57
37447,37448,Undirected,62
22055,37448,Undirected,43
21232,37448,Undirected,144
37448,37450,Undirected,56
37448,37449,Undirected,43
22064,37448,Undirected,51
20725,37448,Undirected,35
21231,37448,Undirected,76
20726,22131,Undirected,32
20725,22131,Undirected,62
22055,37447,Undirected,46
21232,37447,Undirected,97
37447,37450,Undirected,67
37447,37449,Undirected,44
22064,37447,Undirected,38
21231,37447,Undirected,66
21232,22055,Undirected,157
22055,37450,Undirected,58
22055,37449,Undirected,40
20725,22055,Undirected,39
21216,22055,Undirected,30
22055,82482,Undirected,37
21231,22055,Undirected,83
20725,84596B,Undirected,38
21232,22065,Undirected,70
21034,21232,Undirected,72
21232,37502,Undirected,37
21232,37449,Undirected,89
21232,84535B,Undirected,40
20726,21232,Undirected,67
20725,21232,Undirected,157
21216,21232,Undirected,51
21232,22114,Undirected,74
21232,82482,Undirected,85
21034,21791,Undirected,52
20726,21791,Undirected,31
20725,21791,Undirected,42
37449,37450,Undirected,59
22064,37450,Undirected,40
21231,37450,Undirected,82
21231,22065,Undirected,57
20726,21034,Undirected,60
20725,21034,Undirected,77
21034,22114,Undirected,63
21034,82482,Undirected,77
21034,21231,Undirected,51
37502,37503,Undirected,46
37449,37503,Undirected,39
20726,37503,Undirected,32
20725,37503,Undirected,47
21231,37449,Undirected,56
84535B,84536B,Undirected,40
21231,22064,Undirected,138
20726,21216,Undirected,30
20726,82482,Undirected,47
20726,21231,Undirected,41
20725,21216,Undirected,61
20725,82482,Undirected,120
20725,21231,Undirected,83
21216,82482,Undirected,32
22114,82482,Undirected,45
21231,22114,Undirected,32
21231,82482,Undirected,62
20685,21670,Undirected,32
20685,21121,Undirected,35
20685,82482,Undirected,44
20685,22189,Undirected,48
20685,21929,Undirected,54
20685,47591D,Undirected,36
20685,22082,Undirected,34
20685,84970S,Undirected,50
20685,21868,Undirected,36
20685,85099F,Undirected,89
21670,85099B,Undirected,47
21121,21122,Undirected,244
21121,21124,Undirected,210
21121,21238,Undirected,38
21121,85099B,Undirected,49
21122,85099B,Undirected,50
21122,47591D,Undirected,39
21124,85099B,Undirected,38
21242,85099B,Undirected,42
21238,21929,Undirected,30
21238,85099F,Undirected,39
22189,82482,Undirected,115
82482,85099B,Undirected,142
47591D,82482,Undirected,31
22082,82482,Undirected,33
82482,84970S,Undirected,62
21868,82482,Undirected,43
82482,85099F,Undirected,62
22189,85099B,Undirected,78
22189,47591D,Undirected,30
22189,84970S,Undirected,52
22189,85099F,Undirected,39
20982,20983,Undirected,156
20983,85099B,Undirected,44
21356,21357,Undirected,42
20982,85099B,Undirected,38
21833,85099B,Undirected,35
47591D,85099B,Undirected,94
22082,85099B,Undirected,43
84970S,85099B,Undirected,90
21868,85099B,Undirected,35
85099B,85099F,Undirected,725
21929,47591D,Undirected,32
47591D,85099F,Undirected,50
21868,84970S,Undirected,33
84970S,85099F,Undirected,40
21868,21869,Undirected,68
21258,DOT,Undirected,53
21328,22086,Undirected,38
21328,DOT,Undirected,47
21481,22086,Undirected,53
21912,22149,Undirected,31
22069,DOT,Undirected,38
22086,22149,Undirected,56
35400,DOT,Undirected,35
37370,DOT,Undirected,44
48185,DOT,Undirected,53
72349b,DOT,Undirected,42
72807c,DOT,Undirected,39
22141,22147,Undirected,39
22166,DOT,Undirected,49
37340,DOT,Undirected,44
84872a,DOT,Undirected,32
84873a,DOT,Undirected,58
21876,DOT,Undirected,31
21955,DOT,Undirected,42
22086,22141,Undirected,78
18098c,DOT,Undirected,110
21539,DOT,Undirected,53
21558,DOT,Undirected,50
21888,DOT,Undirected,37
22144,84347,Undirected,31
21888,22086,Undirected,60
21888,22149,Undirected,34
22086,22144,Undirected,108
22144,22149,Undirected,45
21116,DOT,Undirected,82
21430,22077,Undirected,33
21430,DOT,Undirected,90
21870,22114,Undirected,34
21870,22149,Undirected,34
21870,37370,Undirected,34
22077,22114,Undirected,31
22077,22149,Undirected,59
22077,22273,Undirected,33
22114,22149,Undirected,34
22149,22273,Undirected,129
15056bl,DOT,Undirected,39
21328,21329,Undirected,109
21328,21330,Undirected,31
21329,22086,Undirected,32
18098c,22055,Undirected,36
21467,21472,Undirected,35
21531,22055,Undirected,47
21531,DOT,Undirected,45
21535,22055,Undirected,42
21658,DOT,Undirected,44
22055,DOT,Undirected,108
22077,22147,Undirected,50
22144,22147,Undirected,40
84029G,DOT,Undirected,41
21430,84029G,Undirected,33
21871,84029G,Undirected,33
22086,84029G,Undirected,48
21430,48185,Undirected,31
21888,21914,Undirected,43
21912,21914,Undirected,37
21914,22077,Undirected,31
21914,22086,Undirected,59
21955,48185,Undirected,91
21216,48185,Undirected,40
21216,DOT,Undirected,61
21218,48185,Undirected,41
21218,DOT,Undirected,80
21257,22077,Undirected,36
21257,DOT,Undirected,48
21955,22189,Undirected,51
22077,22189,Undirected,38
22083,22189,Undirected,40
22086,22189,Undirected,34
22189,48185,Undirected,32
22195,DOT,Undirected,46
21430,21931,Undirected,69
21871,37370,Undirected,32
21931,22086,Undirected,60
21931,22273,Undirected,32
21931,DOT,Undirected,131
22086,79321,Undirected,45
20969,22141,Undirected,33
20969,22147,Undirected,78
21622,46000M,Undirected,95
21622,21755,Undirected,60
21622,21754,Undirected,71
21755,22114,Undirected,53
21326,21755,Undirected,33
20712,20713,Undirected,249
20713,21931,Undirected,326
20711,20713,Undirected,162
20713,85099B,Undirected,408
20712,21931,Undirected,319
21931,85099B,Undirected,761
21231,47566,Undirected,37
21232,47566,Undirected,69
21156,47566,Undirected,31
20750,47566,Undirected,39
47566,84378,Undirected,53
47566,84380,Undirected,65
21232,47570B,Undirected,30
21232,84032B,Undirected,30
20682,21156,Undirected,33
20682,20750,Undirected,35
21231,22072,Undirected,31
21231,21527,Undirected,51
21231,84378,Undirected,34
21232,21844,Undirected,41
21232,22072,Undirected,53
21232,21527,Undirected,100
21156,21232,Undirected,53
20750,21232,Undirected,36
21232,84378,Undirected,60
21232,84380,Undirected,52
20750,21156,Undirected,45
21156,84378,Undirected,35
21355,84378,Undirected,40
84378,84380,Undirected,258
22112,84029G,Undirected,165
22111,84029G,Undirected,142
22112,48111,Undirected,37
22112,48188,Undirected,42
22111,48111,Undirected,34
48111,48116,Undirected,69
48116,48188,Undirected,53
48111,48188,Undirected,153
84559A,84559B,Undirected,59
16237,16238,Undirected,32
20828,85099B,Undirected,36
20724,21156,Undirected,58
20723,20724,Undirected,410
20712,20724,Undirected,125
20724,21080,Undirected,91
20724,21231,Undirected,65
20724,21731,Undirected,94
20724,84991,Undirected,69
20724,21232,Undirected,109
20724,84992,Undirected,35
20724,21212,Undirected,175
20718,20724,Undirected,162
79323W,85099B,Undirected,33
37503,85099B,Undirected,64
21156,85099B,Undirected,96
20723,85099B,Undirected,200
84380,85099B,Undirected,62
71477,85099B,Undirected,49
21080,85099B,Undirected,221
21231,85099B,Undirected,89
21041,85099B,Undirected,52
84991,85099B,Undirected,157
21232,85099B,Undirected,182
84029E,85099B,Undirected,89
20677,85099B,Undirected,44
84992,85099B,Undirected,97
20718,85099B,Undirected,272
20725,21156,Undirected,112
20723,20725,Undirected,202
20712,20725,Undirected,154
20725,84380,Undirected,49
20725,71477,Undirected,31
20725,21080,Undirected,172
20725,21731,Undirected,93
20725,21041,Undirected,33
20725,84991,Undirected,165
20725,84029E,Undirected,56
20725,21479,Undirected,52
20677,20725,Undirected,63
20725,84992,Undirected,103
20725,21212,Undirected,282
20718,20725,Undirected,192
37503,85123A,Undirected,86
37503,84991,Undirected,84
20727,37503,Undirected,32
37503,84992,Undirected,38
20719,21156,Undirected,45
21156,85123A,Undirected,88
20712,21156,Undirected,36
21080,21156,Undirected,57
21156,21731,Undirected,30
21156,84991,Undirected,61
21156,22138,Undirected,81
20727,21156,Undirected,80
20726,21156,Undirected,58
21156,84029E,Undirected,32
21156,84992,Undirected,37
21156,21212,Undirected,102
20718,21156,Undirected,34
20719,20723,Undirected,254
20723,85123A,Undirected,114
20712,20723,Undirected,65
20723,21080,Undirected,49
20723,21231,Undirected,58
20723,21731,Undirected,34
20723,84991,Undirected,54
20723,22138,Undirected,39
20723,21232,Undirected,86
20723,20727,Undirected,156
20723,20726,Undirected,128
20723,21212,Undirected,94
20718,20723,Undirected,80
20719,85123A,Undirected,78
20719,21080,Undirected,48
20719,21231,Undirected,49
20719,84991,Undirected,43
20719,21232,Undirected,80
20719,84992,Undirected,38
20718,20719,Undirected,68
20712,85123A,Undirected,53
84380,85123A,Undirected,53
21080,85123A,Undirected,157
21231,85123A,Undirected,182
21041,85123A,Undirected,32
84991,85123A,Undirected,195
37446,85123A,Undirected,45
22138,85123A,Undirected,154
21232,85123A,Undirected,325
20727,85123A,Undirected,214
84029E,85123A,Undirected,156
21479,85123A,Undirected,77
20677,85123A,Undirected,35
84992,85123A,Undirected,136
21212,85123A,Undirected,225
20712,84380,Undirected,35
20712,21080,Undirected,72
20712,84991,Undirected,30
20712,21232,Undirected,41
20712,20727,Undirected,100
20712,20726,Undirected,160
20712,84992,Undirected,31
20712,20718,Undirected,78
21080,84380,Undirected,51
84380,84991,Undirected,93
22138,84380,Undirected,60
84380,84992,Undirected,59
21212,84380,Undirected,105
21232,71477,Undirected,45
21080,21231,Undirected,68
21080,21731,Undirected,54
21080,84991,Undirected,171
21080,22138,Undirected,96
21080,21232,Undirected,103
20727,21080,Undirected,94
20726,21080,Undirected,73
20677,21080,Undirected,66
21080,84992,Undirected,107
21080,21212,Undirected,337
20718,21080,Undirected,76
21231,37446,Undirected,71
21231,22138,Undirected,39
20727,21231,Undirected,61
21231,84992,Undirected,56
20718,21231,Undirected,32
20727,21731,Undirected,60
20726,21731,Undirected,82
21041,21232,Undirected,35
21041,21212,Undirected,33
20727,84991,Undirected,107
20726,84991,Undirected,71
84029E,84991,Undirected,32
20677,84991,Undirected,33
84991,84992,Undirected,353
20718,84991,Undirected,57
21232,37446,Undirected,89
22138,84992,Undirected,60
21212,22138,Undirected,182
20718,22138,Undirected,44
20727,21232,Undirected,116
21232,84029E,Undirected,50
20677,21232,Undirected,33
21232,84992,Undirected,94
20718,21232,Undirected,61
20727,84029E,Undirected,54
20727,21479,Undirected,78
20677,20727,Undirected,43
20727,84992,Undirected,66
20727,21212,Undirected,142
20718,20727,Undirected,104
20726,84029E,Undirected,42
20726,21479,Undirected,31
20677,20726,Undirected,40
20726,84992,Undirected,50
20726,21212,Undirected,110
20718,20726,Undirected,78
21479,84029E,Undirected,119
21212,84029E,Undirected,46
20677,21212,Undirected,58
21212,84992,Undirected,373
20718,84992,Undirected,47
20718,21212,Undirected,122
21080,21218,Undirected,61
20685,21218,Undirected,37
21218,82482,Undirected,30
21218,85099B,Undirected,92
21218,85099C,Undirected,40
21080,22111,Undirected,41
21080,22114,Undirected,44
20685,21080,Undirected,80
21080,48185,Undirected,37
21080,47556B,Undirected,36
21080,21621,Undirected,79
21080,22189,Undirected,37
21080,82494L,Undirected,62
21080,82482,Undirected,66
21080,85099C,Undirected,61
21080,22356,Undirected,62
21481,22111,Undirected,146
20685,22111,Undirected,55
21621,22111,Undirected,42
22111,22189,Undirected,43
22111,82482,Undirected,64
22111,85099C,Undirected,49
21484,22114,Undirected,89
21481,21484,Undirected,110
21484,85099B,Undirected,49
21479,22113,Undirected,73
22113,22114,Undirected,117
21481,22113,Undirected,60
22113,82494L,Undirected,59
22113,82482,Undirected,63
22113,85099B,Undirected,55
22113,85099C,Undirected,34
21479,22114,Undirected,100
21479,21481,Undirected,94
20685,22114,Undirected,44
22114,22189,Undirected,40
22114,82494L,Undirected,71
20685,21481,Undirected,41
21481,82494L,Undirected,31
21481,85099B,Undirected,46
21481,22356,Undirected,33
20724,21481,Undirected,33
20685,48185,Undirected,149
15056N,20685,Undirected,38
20685,21621,Undirected,56
20685,82494L,Undirected,62
20685,85099C,Undirected,103
20685,22356,Undirected,37
20685,20724,Undirected,55
20685,20723,Undirected,36
48185,82482,Undirected,50
48185,85099C,Undirected,81
47556B,82494L,Undirected,35
47556B,82482,Undirected,32
47556B,85099B,Undirected,42
15056N,22189,Undirected,31
15056N,82494L,Undirected,94
15056N,82482,Undirected,85
15056N,85099B,Undirected,85
15056N,85099C,Undirected,49
21621,82494L,Undirected,42
21621,82482,Undirected,35
21621,85099B,Undirected,103
22189,82494L,Undirected,119
22189,22356,Undirected,30
20724,22189,Undirected,42
20723,22189,Undirected,30
82482,82494L,Undirected,759
82494L,85099B,Undirected,94
82494L,85099C,Undirected,73
22356,82494L,Undirected,46
20724,82494L,Undirected,60
20723,82494L,Undirected,46
22356,82482,Undirected,56
20724,82482,Undirected,71
20723,82482,Undirected,52
20723,85099C,Undirected,88
20723,22356,Undirected,308
20685,21524,Undirected,189
20685,21955,Undirected,113
20685,48187,Undirected,225
20685,48188,Undirected,127
20685,82583,Undirected,38
20685,82580,Undirected,38
20685,21164,Undirected,32
21524,21955,Undirected,101
21524,48184,Undirected,143
21524,48187,Undirected,241
21524,48188,Undirected,90
21524,21621,Undirected,41
21524,85123A,Undirected,160
21164,21524,Undirected,46
21955,48184,Undirected,80
21955,48187,Undirected,91
21955,48188,Undirected,55
21621,21955,Undirected,38
48184,48187,Undirected,207
48184,48188,Undirected,73
21621,48184,Undirected,37
48184,85123A,Undirected,133
48187,48188,Undirected,139
21621,48187,Undirected,46
48187,82580,Undirected,31
48187,85123A,Undirected,217
48188,85123A,Undirected,74
22207,85123A,Undirected,30
47556B,84987,Undirected,33
21621,84987,Undirected,34
84987,85123A,Undirected,44
47556B,85123A,Undirected,84
21621,82583,Undirected,32
21621,85123A,Undirected,175
21621,82551,Undirected,32
85123A,85184C,Undirected,37
35095A,35095B,Undirected,33
82580,82583,Undirected,120
82578,82583,Undirected,60
82581,82583,Undirected,82
22173,82583,Undirected,37
82583,85123A,Undirected,133
21164,82583,Undirected,57
82551,82583,Undirected,105
82583,84406B,Undirected,34
82578,82580,Undirected,245
82580,82581,Undirected,355
22173,82580,Undirected,45
82580,85123A,Undirected,145
21164,82580,Undirected,70
82551,82580,Undirected,67
82580,84406B,Undirected,45
82578,82581,Undirected,206
82578,85123A,Undirected,65
21164,82578,Undirected,47
82551,82578,Undirected,46
22173,82581,Undirected,40
82581,85123A,Undirected,104
21164,82581,Undirected,53
82551,82581,Undirected,63
82581,84406B,Undirected,36
22173,84792,Undirected,35
22173,85123A,Undirected,171
22173,84406B,Undirected,84
84792,85123A,Undirected,73
84406B,84792,Undirected,64
21272,85123A,Undirected,47
21164,85123A,Undirected,88
82551,85123A,Undirected,75
84406B,85123A,Undirected,190
22212,22294,Undirected,33
22294,85152,Undirected,35
22295,85152,Undirected,36
21108,21112,Undirected,35
21108,21111,Undirected,40
21136,22139,Undirected,38
21111,21112,Undirected,48
21136,84879,Undirected,417
20713,85099F,Undirected,231
20713,21181,Undirected,55
20713,22139,Undirected,34
20713,21212,Undirected,59
21931,85099F,Undirected,399
20716,21931,Undirected,32
21181,21931,Undirected,86
21535,21931,Undirected,33
21931,82494L,Undirected,56
21931,22139,Undirected,79
21212,21931,Undirected,132
20716,85099F,Undirected,30
21181,85099F,Undirected,56
82494L,85099F,Undirected,54
22139,85099F,Undirected,43
21212,85099F,Undirected,115
21181,21535,Undirected,47
21181,22139,Undirected,59
21535,21980,Undirected,30
21535,82494L,Undirected,37
21535,22139,Undirected,65
21212,21535,Undirected,134
21527,22139,Undirected,56
21212,21527,Undirected,82
21980,21986,Undirected,86
21212,21986,Undirected,42
21980,22139,Undirected,32
82494L,84839,Undirected,55
22139,82494L,Undirected,48
21212,22139,Undirected,133
20767,20770,Undirected,30
22023,85123A,Undirected,59
22023,84879,Undirected,40
71477,84879,Undirected,68
21136,85123A,Undirected,143
79323P,85123A,Undirected,52
15056BL,20679,Undirected,312
15056BL,82494L,Undirected,98
15056N,20679,Undirected,247
20679,82494L,Undirected,76
22191,22193,Undirected,196
22192,22193,Undirected,198
22193,22194,Undirected,46
22191,22192,Undirected,208
22191,22194,Undirected,53
79323W,82494L,Undirected,36
22192,22194,Undirected,43
79323LP,79323P,Undirected,65
79323LP,79323W,Undirected,85
15044B,15044D,Undirected,66
15036,15044B,Undirected,32
15036,15044D,Undirected,39
79323GR,79323P,Undirected,32
79323GR,79323W,Undirected,33
22065,85123A,Undirected,30
22349,85123A,Undirected,32
22142,85123A,Undirected,44
85123A,85174,Undirected,43
21811,85123A,Undirected,45
21411,85123A,Undirected,119
22071,85123A,Undirected,32
22297,85123A,Undirected,156
16156S,85123A,Undirected,61
21137,82001S,Undirected,70
21137,85123A,Undirected,35
21868,21877,Undirected,60
21733,84970S,Undirected,71
21527,22114,Undirected,35
21975,84992,Undirected,252
21977,84992,Undirected,294
20676,21241,Undirected,72
20676,84997B,Undirected,124
20676,84997A,Undirected,69
20676,21975,Undirected,36
20676,22138,Undirected,34
20676,21086,Undirected,55
20676,21094,Undirected,66
20676,21843,Undirected,61
20676,21218,Undirected,48
20676,21212,Undirected,87
20676,84992,Undirected,30
20676,21977,Undirected,40
20676,84991,Undirected,41
21238,21241,Undirected,126
21241,84997B,Undirected,43
21238,84997B,Undirected,121
21238,84997A,Undirected,61
21238,22138,Undirected,38
21086,21238,Undirected,60
21094,21238,Undirected,60
21238,21843,Undirected,55
21238,21977,Undirected,30
21485,22138,Undirected,45
21485,21843,Undirected,44
21485,21527,Undirected,38
20914,21485,Undirected,54
21485,84992,Undirected,45
21485,21977,Undirected,37
21485,84991,Undirected,36
21975,84997B,Undirected,50
21086,84997B,Undirected,46
21094,84997B,Undirected,50
21843,84997B,Undirected,44
21535,84997B,Undirected,54
21218,84997B,Undirected,30
21217,84997B,Undirected,38
21212,84997B,Undirected,106
20914,84997B,Undirected,67
84992,84997B,Undirected,39
21977,84997B,Undirected,49
21212,84997A,Undirected,40
20914,84997A,Undirected,31
21975,22138,Undirected,68
21086,21975,Undirected,43
21094,21975,Undirected,48
21843,21975,Undirected,73
21535,21975,Undirected,30
21217,21975,Undirected,36
20914,21975,Undirected,76
21975,47591D,Undirected,78
21975,84987,Undirected,58
21843,22138,Undirected,95
21539,22138,Undirected,37
21535,22138,Undirected,47
21527,22138,Undirected,42
21218,22138,Undirected,35
21217,22138,Undirected,61
20914,22138,Undirected,121
22138,84987,Undirected,35
22138,72741,Undirected,34
21086,21843,Undirected,35
21086,21217,Undirected,35
21086,21212,Undirected,139
20914,21086,Undirected,34
21086,84992,Undirected,32
21086,21977,Undirected,52
21086,84991,Undirected,51
21094,21843,Undirected,39
21094,21217,Undirected,37
21094,21212,Undirected,148
20914,21094,Undirected,33
21094,84992,Undirected,40
21094,21977,Undirected,64
21094,84991,Undirected,61
21539,21843,Undirected,127
21535,21843,Undirected,164
21527,21843,Undirected,163
21218,21843,Undirected,108
21217,21843,Undirected,154
21216,21843,Undirected,80
21212,21843,Undirected,242
20914,21843,Undirected,167
21843,47591D,Undirected,50
21843,84992,Undirected,68
21843,21977,Undirected,115
21843,84991,Undirected,115
21843,84987,Undirected,48
21843,37503,Undirected,84
21843,72741,Undirected,33
21218,21539,Undirected,64
21216,21539,Undirected,62
21212,21539,Undirected,74
21539,21977,Undirected,39
21539,84991,Undirected,32
21218,21535,Undirected,93
21216,21535,Undirected,80
21535,47591D,Undirected,33
21535,84992,Undirected,37
21535,21977,Undirected,57
21535,84991,Undirected,63
21218,21527,Undirected,66
21216,21527,Undirected,60
21527,21977,Undirected,38
21527,84991,Undirected,40
21212,21218,Undirected,79
20914,21218,Undirected,97
21218,21977,Undirected,35
21218,84991,Undirected,45
21218,37503,Undirected,31
21212,21217,Undirected,131
21217,47591D,Undirected,43
21217,84992,Undirected,45
21217,21977,Undirected,52
21217,84991,Undirected,75
21217,37503,Undirected,43
21212,21216,Undirected,50
20914,21216,Undirected,76
20914,21212,Undirected,241
21212,84987,Undirected,128
21212,72741,Undirected,38
20914,47591D,Undirected,66
20914,84992,Undirected,97
20914,21977,Undirected,109
20914,84991,Undirected,135
20914,84987,Undirected,41
20914,37503,Undirected,49
20914,72741,Undirected,38
47591D,84992,Undirected,60
21977,47591D,Undirected,74
47591D,84987,Undirected,58
84987,84992,Undirected,63
21977,84987,Undirected,106
21977,37503,Undirected,47
84987,84991,Undirected,220
72741,84991,Undirected,36
37503,84987,Undirected,38
22195,22197,Undirected,44
21531,22197,Undirected,37
22335,22336,Undirected,40
22338,22339,Undirected,44
22335,22338,Undirected,37
21809,21811,Undirected,49
21810,21811,Undirected,68
21809,21810,Undirected,51
21810,85123A,Undirected,30
84832,84970S,Undirected,55
84970S,85123A,Undirected,256
22178,84970S,Undirected,110
15056BL,85099B,Undirected,60
84029E,84050,Undirected,34
84050,85099B,Undirected,51
84050,85123A,Undirected,93
20727,84050,Undirected,37
20971,85099B,Undirected,79
20727,20971,Undirected,56
20679,85099B,Undirected,54
20679,85123A,Undirected,106
22095,85123A,Undirected,37
85038,85123A,Undirected,53
21107,85123A,Undirected,42
22041,85099B,Undirected,65
22041,85123A,Undirected,32
72802A,85123A,Undirected,33
22023,22030,Undirected,47
21504,22023,Undirected,52
22076,85049E,Undirected,30
22082,85049E,Undirected,50
22079,85049E,Undirected,39
22079,22082,Undirected,143
22082,84946,Undirected,46
84347,84946,Undirected,41
84946,84947,Undirected,177
21080,21527,Undirected,60
21527,84879,Undirected,44
20685,21527,Undirected,60
21527,21754,Undirected,37
21527,85014B,Undirected,33
21733,21843,Undirected,50
21733,71459,Undirected,40
21080,21733,Undirected,53
21733,22138,Undirected,48
21733,82483,Undirected,112
21733,22139,Undirected,69
21733,21754,Undirected,114
21733,85014B,Undirected,49
21843,22086,Undirected,36
21537,21843,Undirected,53
21843,71459,Undirected,42
21080,21843,Undirected,121
21843,84879,Undirected,60
20685,21843,Undirected,97
21843,22139,Undirected,80
21754,21843,Undirected,88
21843,85123A,Undirected,175
21259,21843,Undirected,43
21258,21843,Undirected,30
21843,85014B,Undirected,32
21754,85232B,Undirected,42
22138,22353,Undirected,31
22353,85123A,Undirected,37
22169,84879,Undirected,68
20685,22169,Undirected,30
22169,82483,Undirected,35
21754,22169,Undirected,49
22169,85123A,Undirected,97
21259,22169,Undirected,34
21080,71459,Undirected,38
71459,84879,Undirected,104
20685,71459,Undirected,52
22138,71459,Undirected,36
22139,71459,Undirected,52
21754,71459,Undirected,58
71459,85123A,Undirected,142
21080,84879,Undirected,71
21080,22139,Undirected,83
21080,21754,Undirected,69
21080,21485,Undirected,39
21080,85014B,Undirected,33
22138,84879,Undirected,122
82483,84879,Undirected,96
22030,84879,Undirected,63
22027,84879,Undirected,57
21259,84879,Undirected,44
21485,84879,Undirected,76
84879,85014B,Undirected,65
20685,22138,Undirected,56
20685,82483,Undirected,53
20685,21754,Undirected,100
20685,21485,Undirected,65
20685,85014B,Undirected,51
22027,22138,Undirected,43
21259,22138,Undirected,33
21754,82483,Undirected,89
21259,82483,Undirected,36
21485,82483,Undirected,37
22027,22139,Undirected,43
22139,85123A,Undirected,206
21259,22139,Undirected,39
21485,22139,Undirected,58
21754,22030,Undirected,50
21754,22027,Undirected,32
21754,85123A,Undirected,416
21259,21754,Undirected,35
22321,22322,Undirected,38
21485,85048,Undirected,30
22027,22030,Undirected,95
22030,85123A,Undirected,72
22027,85123A,Undirected,58
21259,85123A,Undirected,94
21258,85123A,Undirected,35
21258,21259,Undirected,77
21485,85014B,Undirected,37
21034,21829,Undirected,30
48116,48184,Undirected,80
82582,85123A,Undirected,111
20914,82582,Undirected,39
21080,82582,Undirected,30
21164,82582,Undirected,53
21172,82582,Undirected,41
84520B,85123A,Undirected,75
20914,84520B,Undirected,31
21080,84520B,Undirected,159
21212,84520B,Undirected,66
84536A,85123A,Undirected,42
48184,48189,Undirected,35
48184,48194,Undirected,147
21080,48184,Undirected,35
21212,48184,Undirected,33
84879,84970L,Undirected,97
20914,84879,Undirected,88
21155,84879,Undirected,41
21164,84879,Undirected,36
21172,84879,Undirected,83
21212,84879,Undirected,167
21260,84879,Undirected,33
22212,84879,Undirected,51
48194,84970L,Undirected,37
84970L,85123A,Undirected,180
20914,84970L,Undirected,32
21136,84970L,Undirected,30
21181,84970L,Undirected,38
21212,84970L,Undirected,52
85049C,85123A,Undirected,61
20914,48194,Undirected,58
21080,48194,Undirected,51
21154,85123A,Undirected,54
21155,85123A,Undirected,85
21172,85123A,Undirected,94
21260,85123A,Undirected,45
21313,85123A,Undirected,44
22196,85123A,Undirected,51
22212,85123A,Undirected,111
20754,20914,Undirected,103
20754,21080,Undirected,52
20754,21154,Undirected,37
20754,21155,Undirected,40
20754,21212,Undirected,95
20914,21041,Undirected,43
20914,21042,Undirected,33
20914,21080,Undirected,163
20914,21154,Undirected,67
20914,21155,Undirected,79
20914,21164,Undirected,33
20914,21181,Undirected,85
20914,22196,Undirected,53
21041,21042,Undirected,34
21041,21154,Undirected,49
21042,21080,Undirected,33
21042,21154,Undirected,46
21042,21155,Undirected,36
21042,21212,Undirected,34
21080,21154,Undirected,50
21080,21155,Undirected,54
21080,21172,Undirected,39
21080,21181,Undirected,72
21080,21238,Undirected,95
21080,22196,Undirected,40
21154,21155,Undirected,62
21154,21212,Undirected,73
21155,21172,Undirected,30
21155,21181,Undirected,32
21155,21212,Undirected,85
21164,21172,Undirected,41
21164,21181,Undirected,82
21164,21212,Undirected,52
21172,21212,Undirected,44
21080,21217,Undirected,92
21210,21217,Undirected,58
21080,21210,Undirected,172
21210,21843,Undirected,100
21843,37449,Undirected,37
21843,22215,Undirected,37
22215,22218,Undirected,48
22121,85123A,Undirected,52
21485,21790,Undirected,43
21955,85014B,Undirected,32
21790,21889,Undirected,223
21889,21912,Undirected,81
21889,85123A,Undirected,66
21672,85123A,Undirected,69
21212,85099C,Undirected,77
22355,85099C,Undirected,102
84879,85099C,Undirected,67
21535,85099C,Undirected,35
21930,21931,Undirected,358
21931,22111,Undirected,65
21931,22083,Undirected,41
21931,22355,Undirected,253
21931,22356,Undirected,162
21931,84879,Undirected,72
21210,21931,Undirected,32
21238,21931,Undirected,39
21212,21930,Undirected,62
21930,22111,Undirected,31
21930,22355,Undirected,104
21930,84879,Undirected,33
21212,22131,Undirected,34
21212,22348,Undirected,103
21212,22355,Undirected,95
21212,22356,Undirected,94
21212,21531,Undirected,77
22131,22355,Undirected,30
22131,22356,Undirected,34
22131,85099B,Undirected,56
21527,22111,Undirected,35
21535,22111,Undirected,30
22224,84879,Undirected,31
22083,22355,Undirected,37
21210,22083,Undirected,55
22086,22355,Undirected,30
21210,22086,Undirected,45
21210,22348,Undirected,42
21238,22348,Undirected,30
21527,22348,Undirected,73
21531,22348,Undirected,64
21535,22348,Undirected,99
22355,22356,Undirected,352
22355,84879,Undirected,44
22355,85099B,Undirected,225
21238,22355,Undirected,30
22356,84879,Undirected,40
21210,22356,Undirected,40
21238,22356,Undirected,36
84879,85099B,Undirected,159
21746,84879,Undirected,30
21210,84879,Undirected,40
21531,84879,Undirected,30
21535,84879,Undirected,59
21746,85099B,Undirected,31
21527,85099B,Undirected,67
21531,85099B,Undirected,54
21535,85099B,Undirected,100
21210,21527,Undirected,34
21210,21531,Undirected,30
21210,21535,Undirected,46
22086,22197,Undirected,95
22086,84692,Undirected,30
85065,85123A,Undirected,56
20966,85123A,Undirected,33
22197,85123A,Undirected,157
21094,85123A,Undirected,32
21086,85123A,Undirected,31
20979,85123A,Undirected,49
22109,85123A,Undirected,38
84692,85123A,Undirected,59
20685,22197,Undirected,62
20685,21094,Undirected,32
20685,21086,Undirected,31
20685,21217,Undirected,52
20685,84692,Undirected,34
20685,21931,Undirected,89
20961,20963,Undirected,99
20961,20966,Undirected,49
20960,20961,Undirected,40
20963,20966,Undirected,53
20960,20963,Undirected,45
20960,20966,Undirected,46
21238,22197,Undirected,51
20677,22197,Undirected,37
20675,22197,Undirected,30
21212,22197,Undirected,140
21094,22197,Undirected,63
21086,22197,Undirected,63
22109,22197,Undirected,33
21217,22197,Undirected,43
21791,22197,Undirected,44
21888,22197,Undirected,39
22197,84692,Undirected,58
22197,85099B,Undirected,201
21931,22197,Undirected,137
22197,85099F,Undirected,72
20674,21238,Undirected,123
20677,21241,Undirected,58
20675,21241,Undirected,73
20674,21241,Undirected,81
20674,20677,Undirected,149
20677,21094,Undirected,52
20677,21086,Undirected,41
20674,20675,Undirected,175
20675,21212,Undirected,53
20675,21094,Undirected,41
20675,21086,Undirected,38
20675,85099B,Undirected,43
20674,21212,Undirected,37
20979,21212,Undirected,53
21212,21791,Undirected,54
21212,21888,Undirected,38
21212,84692,Undirected,98
21094,84692,Undirected,33
21094,85099B,Undirected,75
21094,21931,Undirected,39
21086,84692,Undirected,33
21086,85099B,Undirected,73
21086,21931,Undirected,40
20979,85099B,Undirected,41
21217,21931,Undirected,52
21217,85099F,Undirected,30
21703,21791,Undirected,45
21791,21888,Undirected,108
21791,85099B,Undirected,47
21888,85099B,Undirected,35
84692,85099B,Undirected,61
21931,84692,Undirected,46
84692,85099F,Undirected,34
22114,84029E,Undirected,195
22114,85014B,Undirected,35
21212,22114,Undirected,72
21429,22114,Undirected,33
21485,84029E,Undirected,210
21429,21485,Undirected,34
21485,22189,Undirected,42
21080,84077,Undirected,36
21212,84077,Undirected,69
21231,84077,Undirected,31
21232,84077,Undirected,33
22112,84029E,Undirected,183
22111,85014B,Undirected,37
21429,22111,Undirected,34
48173C,48184,Undirected,89
21212,85014B,Undirected,51
21232,85014B,Undirected,50
21080,21429,Undirected,36
21080,22195,Undirected,32
21212,21429,Undirected,51
21212,22064,Undirected,39
21212,22189,Undirected,54
21212,22112,Undirected,51
21231,22189,Undirected,37
21231,22112,Undirected,37
21232,21429,Undirected,43
21232,22189,Undirected,58
21232,22112,Undirected,52
22112,22189,Undirected,45
21523,48173C,Undirected,82
21463,21464,Undirected,127
21213,84990,Undirected,32
21977,84990,Undirected,53
21212,21240,Undirected,56
21212,21244,Undirected,37
21212,22198,Undirected,61
21212,21558,Undirected,33
21212,84997C,Undirected,80
21212,21889,Undirected,41
21212,22150,Undirected,48
21213,21558,Undirected,30
21213,84997B,Undirected,43
21213,84997C,Undirected,40
21213,84997D,Undirected,44
21977,84997C,Undirected,42
21977,84997D,Undirected,48
21889,21977,Undirected,30
21977,22150,Undirected,37
21355,84050,Undirected,52
21240,84997B,Undirected,96
21240,84997A,Undirected,56
21240,84997C,Undirected,104
21240,84997D,Undirected,89
21244,84997C,Undirected,79
21244,84997D,Undirected,74
21558,22353,Undirected,72
21558,84997D,Undirected,34
22353,84997B,Undirected,36
22353,84997D,Undirected,32
20682,84997B,Undirected,33
20675,84997C,Undirected,102
20675,84997D,Undirected,89
20682,84997D,Undirected,30
22142,22144,Undirected,181
22148,22150,Undirected,30
22144,22150,Undirected,40
21485,21488,Undirected,59
21485,85014A,Undirected,30
21843,22189,Undirected,39
21843,22112,Undirected,44
21843,22111,Undirected,39
21042,21843,Undirected,39
21843,22114,Undirected,45
22189,72741,Undirected,30
22189,22275,Undirected,33
22112,72741,Undirected,42
22111,72741,Undirected,39
21259,22150,Undirected,32
21257,21259,Undirected,98
20982,22271,Undirected,30
20970,22271,Undirected,97
20970,22274,Undirected,78
20970,22150,Undirected,54
20981,20982,Undirected,121
20981,20983,Undirected,110
20983,22111,Undirected,30
21931,21975,Undirected,54
21122,21975,Undirected,58
21977,84989A,Undirected,31
21931,84992,Undirected,49
21122,84992,Undirected,63
21931,21977,Undirected,79
21122,21977,Undirected,69
21078,21977,Undirected,63
21977,71459,Undirected,36
21931,22138,Undirected,62
21122,22138,Undirected,30
20977,22138,Undirected,30
21033,21931,Undirected,120
21328,21931,Undirected,31
21078,21931,Undirected,49
21561,21931,Undirected,41
21931,71459,Undirected,31
21931,22353,Undirected,38
21931,85232B,Undirected,39
85049D,85049F,Undirected,68
21561,22353,Undirected,74
21242,21243,Undirected,158
21242,21245,Undirected,127
21242,21244,Undirected,170
21243,21245,Undirected,103
21244,21245,Undirected,111
21981,21986,Undirected,30
22344,22345,Undirected,39
22343,22344,Undirected,37
22343,22346,Undirected,32
22343,22345,Undirected,36
21983,21986,Undirected,39
21094,22333,Undirected,124
20974,22333,Undirected,38
21212,22333,Undirected,70
21086,22333,Undirected,110
21094,22315,Undirected,36
21212,22315,Undirected,36
21086,22315,Undirected,30
20974,21094,Undirected,42
20975,21094,Undirected,39
20974,21212,Undirected,34
20974,21086,Undirected,31
20974,20975,Undirected,205
20974,21790,Undirected,35
20974,85099B,Undirected,34
21791,84991,Undirected,30
21791,22029,Undirected,38
20975,21212,Undirected,62
21212,21790,Undirected,88
21212,22303,Undirected,56
21212,22302,Undirected,33
21212,22029,Undirected,52
20975,21086,Undirected,36
20975,21790,Undirected,49
20975,84991,Undirected,30
20975,85099B,Undirected,53
21790,84991,Undirected,55
21790,85099B,Undirected,86
22303,84991,Undirected,30
22303,85099B,Undirected,37
22086,84991,Undirected,45
21990,21993,Undirected,34
85035A,85035C,Undirected,36
84029G,85099B,Undirected,85
22029,84991,Undirected,31
21975,85099B,Undirected,88
22029,85099B,Undirected,43
21166,48111,Undirected,32
20713,21166,Undirected,34
20713,21175,Undirected,39
20713,22112,Undirected,36
21166,21175,Undirected,400
21166,22114,Undirected,49
21166,22112,Undirected,72
21175,84029E,Undirected,38
21175,22114,Undirected,69
21175,22112,Undirected,81
21175,84029G,Undirected,37
84029E,84029G,Undirected,206
22114,84029G,Undirected,134
22175,22176,Undirected,117
15056BL,21181,Undirected,31
15056N,21181,Undirected,37
85061W,85123A,Undirected,77
22227,85123A,Undirected,64
22224,85123A,Undirected,74
22172,85123A,Undirected,43
72741,82486,Undirected,55
21755,72741,Undirected,43
72741,82494L,Undirected,50
72741,82482,Undirected,48
21754,22189,Undirected,96
21754,82486,Undirected,128
21754,82494L,Undirected,182
21754,82482,Undirected,156
22189,82486,Undirected,81
21755,22189,Undirected,81
21755,82486,Undirected,124
82482,82486,Undirected,360
21755,82494L,Undirected,168
21755,82482,Undirected,145
21106,21107,Undirected,70
21107,21108,Undirected,59
21106,21108,Undirected,46
22219,22335,Undirected,30
22335,84879,Undirected,37
22219,22294,Undirected,66
22294,84879,Undirected,121
22219,22295,Undirected,69
22219,22224,Undirected,35
22219,85123A,Undirected,145
21733,22219,Undirected,52
22219,84879,Undirected,110
22212,22219,Undirected,56
22219,85199S,Undirected,33
85123A,85199S,Undirected,31
21212,21733,Undirected,68
84879,85199S,Undirected,33
20725,22276,Undirected,38
20725,47566B,Undirected,46
20725,22275,Undirected,36
20725,21500,Undirected,41
20725,20979,Undirected,58
20725,47591D,Undirected,106
47566B,47591D,Undirected,45
22114,84032A,Undirected,40
21500,85099B,Undirected,55
84032A,85099B,Undirected,34
21535,22114,Undirected,31
21231,22296,Undirected,31
21622,21624,Undirected,75
21231,22073,Undirected,36
20685,21231,Undirected,59
21231,21533,Undirected,45
21231,21535,Undirected,63
21527,21528,Undirected,46
21528,21533,Undirected,30
20685,21533,Undirected,71
20685,21535,Undirected,79
16161U,21499,Undirected,36
21497,21499,Undirected,38
21499,85099B,Undirected,48
16161U,21497,Undirected,40
21497,85099B,Undirected,37
21098,85099B,Undirected,39
21232,84270,Undirected,37
21700,22064,Undirected,32
21232,21700,Undirected,73
21231,21700,Undirected,40
22200,22202,Undirected,62
22196,85099B,Undirected,64
20724,22064,Undirected,39
21232,22356,Undirected,89
21231,22356,Undirected,60
20718,22356,Undirected,89
21931,84077,Undirected,35
21507,84077,Undirected,30
21931,22196,Undirected,56
20981,21034,Undirected,32
20982,21034,Undirected,52
20982,21479,Undirected,33
21034,84692,Undirected,30
21034,21479,Undirected,45
21034,21328,Undirected,31
21508,22028,Undirected,41
21507,21508,Undirected,123
21507,22028,Undirected,48
21479,21931,Undirected,47
21880,21883,Undirected,42
85231B,85231G,Undirected,78
21877,84991,Undirected,36
21035,84991,Undirected,56
47556B,84991,Undirected,74
21430,84991,Undirected,36
21621,84991,Undirected,45
21034,84991,Undirected,54
22111,84991,Undirected,43
21976,84991,Undirected,141
21519,22030,Undirected,69
21519,22024,Undirected,33
21519,22028,Undirected,53
21519,22023,Undirected,67
21519,82494L,Undirected,62
21034,22030,Undirected,40
22023,22024,Undirected,32
22023,22028,Undirected,33
22023,82494L,Undirected,57
21877,82494L,Undirected,40
21877,22111,Undirected,35
21212,21877,Undirected,58
21877,21977,Undirected,34
20752,21212,Undirected,31
21035,47556B,Undirected,89
21035,21430,Undirected,37
21035,22111,Undirected,33
21035,21212,Undirected,93
21035,84992,Undirected,36
21035,21977,Undirected,48
21622,47556B,Undirected,31
21212,47556B,Undirected,47
21977,47556B,Undirected,35
21429,21430,Undirected,74
21430,82494L,Undirected,50
21212,21430,Undirected,44
21430,21977,Undirected,30
21429,82494L,Undirected,39
21034,21429,Undirected,32
21621,85232B,Undirected,33
21485,21621,Undirected,32
21034,21621,Undirected,87
21621,21622,Undirected,110
21212,21621,Undirected,65
21621,84992,Undirected,30
21621,21977,Undirected,44
21034,82494L,Undirected,104
21622,82494L,Undirected,40
82494L,84992,Undirected,30
21977,82494L,Undirected,41
21212,85232B,Undirected,32
21034,21485,Undirected,85
21034,21622,Undirected,37
21034,21212,Undirected,71
21034,84992,Undirected,56
21034,21977,Undirected,53
21622,22111,Undirected,40
22111,84992,Undirected,44
21977,22111,Undirected,47
20658,21212,Undirected,30
21212,22079,Undirected,33
21212,22080,Undirected,37
21212,21976,Undirected,204
21976,21977,Undirected,176
20728,21975,Undirected,84
21034,21975,Undirected,35
20728,84992,Undirected,71
20728,21931,Undirected,233
20728,20975,Undirected,30
20728,22273,Undirected,46
20728,21034,Undirected,68
21481,21931,Undirected,47
21034,21481,Undirected,54
21034,22130,Undirected,30
20974,21034,Undirected,40
84510A,85123A,Undirected,34
22080,85123A,Undirected,66
22082,85123A,Undirected,101
21986,85123A,Undirected,38
22147,85123A,Undirected,137
21431,85123A,Undirected,30
21429,85123A,Undirected,100
35961,85123A,Undirected,81
20983,85123A,Undirected,57
20972,21212,Undirected,89
20972,22147,Undirected,213
20972,20983,Undirected,42
20972,20982,Undirected,36
21212,22082,Undirected,50
21212,22147,Undirected,53
20983,21212,Undirected,54
21212,47580,Undirected,30
22082,22147,Undirected,35
20726,21935,Undirected,33
20726,84050,Undirected,35
20749,21754,Undirected,41
21754,22120,Undirected,136
21523,21755,Undirected,77
21755,21955,Undirected,49
22296,82494L,Undirected,72
21523,82494L,Undirected,79
21955,82494L,Undirected,59
82494L,84836,Undirected,77
21523,21955,Undirected,134
21523,22189,Undirected,49
21622,22189,Undirected,31
21232,22109,Undirected,37
21622,21625,Undirected,32
21212,85066,Undirected,49
21080,85066,Undirected,32
21077,21080,Undirected,43
20727,20974,Undirected,53
20727,21621,Undirected,40
20727,21937,Undirected,83
20727,85099F,Undirected,166
20727,21498,Undirected,44
20727,84077,Undirected,47
20727,21034,Undirected,79
21621,85099F,Undirected,71
21621,21930,Undirected,35
21622,85099F,Undirected,30
21937,85099F,Undirected,85
20723,21937,Undirected,59
21930,21937,Undirected,31
20723,85099F,Undirected,166
21930,85099F,Undirected,233
21034,85099F,Undirected,67
20723,21930,Undirected,65
21034,21930,Undirected,47
21498,22047,Undirected,33
16156S,21498,Undirected,77
21833,84077,Undirected,31
22083,22084,Undirected,136
22084,22086,Undirected,34
22086,84029E,Undirected,52
21257,21258,Undirected,66
85049E,85049G,Undirected,83
22075,85049A,Undirected,66
22075,85049E,Undirected,46
20914,85150,Undirected,51
20914,82600,Undirected,50
20725,20914,Undirected,239
20914,22198,Undirected,47
20914,22348,Undirected,105
20914,22055,Undirected,34
20914,21232,Undirected,165
20914,21231,Undirected,90
20712,20914,Undirected,46
20914,21240,Undirected,40
20914,22030,Undirected,33
21159,21163,Undirected,44
21158,21159,Undirected,79
20725,47556B,Undirected,42
21232,47556B,Undirected,74
21231,47556B,Undirected,47
82600,85150,Undirected,167
20725,85150,Undirected,38
22197,85150,Undirected,35
21231,85150,Undirected,45
82582,82600,Undirected,133
20725,82582,Undirected,47
22197,82582,Undirected,30
20725,82600,Undirected,61
22197,82600,Undirected,56
22055,82600,Undirected,34
21232,82600,Undirected,89
21231,82600,Undirected,49
20712,82600,Undirected,42
21158,21163,Undirected,60
20725,22197,Undirected,123
20725,21243,Undirected,45
20725,21244,Undirected,36
20725,22170,Undirected,31
20725,20981,Undirected,31
20725,22196,Undirected,41
20725,21240,Undirected,63
20725,22030,Undirected,32
20725,20982,Undirected,37
20725,20974,Undirected,37
22197,22198,Undirected,236
21232,22198,Undirected,47
21231,22198,Undirected,40
22197,22348,Undirected,32
22196,22197,Undirected,43
22197,22212,Undirected,32
22055,22197,Undirected,43
21232,22197,Undirected,112
21231,22197,Undirected,79
20712,22197,Undirected,74
21240,22197,Undirected,49
20974,22197,Undirected,31
21232,22348,Undirected,81
21231,22348,Undirected,32
20977,20981,Undirected,31
22055,22196,Undirected,37
20712,22196,Undirected,34
21232,22212,Undirected,45
22127,22128,Undirected,38
20974,20982,Undirected,30
20972,21843,Undirected,34
20972,22138,Undirected,82
20971,22147,Undirected,176
20971,22138,Undirected,59
21843,72760B,Undirected,39
21162,21163,Undirected,64
22341,22342,Undirected,41
20724,84970L,Undirected,32
22189,48187,Undirected,45
48187,82482,Undirected,69
48129,48187,Undirected,106
84270,85123A,Undirected,48
21035,85123A,Undirected,76
21108,85123A,Undirected,48
84837,85123A,Undirected,41
85123A,85231B,Undirected,45
21035,21154,Undirected,113
21154,21231,Undirected,38
21154,85099B,Undirected,62
21035,21754,Undirected,35
20718,21035,Undirected,36
21035,85099B,Undirected,112
21231,21754,Undirected,52
21754,85099B,Undirected,107
21034,21754,Undirected,111
20718,21034,Undirected,37
21034,85099B,Undirected,98
22208,22210,Undirected,58
22208,22211,Undirected,42
20977,20979,Undirected,80
71053,82482,Undirected,86
82482,82483,Undirected,350
22173,82482,Undirected,102
82482,84406B,Undirected,145
82482,85123A,Undirected,470
22150,85123A,Undirected,62
85042,85047,Undirected,43
85047,85123A,Undirected,37
21670,85123A,Undirected,76
21668,85123A,Undirected,63
79323W,82486,Undirected,31
21929,82494L,Undirected,33
21929,22173,Undirected,35
21929,82486,Undirected,30
71053,82494L,Undirected,86
22173,82494L,Undirected,118
82494L,84406B,Undirected,143
82494L,85123A,Undirected,497
20828,20829,Undirected,80
20829,85123A,Undirected,51
20828,85123A,Undirected,60
71053,82483,Undirected,83
71053,84406B,Undirected,72
71053,85123A,Undirected,143
71053,82486,Undirected,75
71038,85123A,Undirected,35
22173,82483,Undirected,97
82483,84406B,Undirected,116
22173,82486,Undirected,92
82486,84406B,Undirected,124
21817,21818,Undirected,38
21817,21819,Undirected,49
21818,21819,Undirected,72
21488,84029E,Undirected,96
82494L,84029E,Undirected,65
82482,84029E,Undirected,47
21488,84029G,Undirected,60
20725,84029G,Undirected,34
82494L,84029G,Undirected,55
82482,84029G,Undirected,53
21488,22114,Undirected,60
21488,22112,Undirected,47
22114,84032B,Undirected,36
21868,22114,Undirected,32
21165,22114,Undirected,30
20725,82494L,Undirected,92
20725,21877,Undirected,47
20725,21874,Undirected,44
20725,21868,Undirected,36
20725,21165,Undirected,32
20725,85014B,Undirected,59
22112,84032B,Undirected,32
22112,84032A,Undirected,35
22112,82494L,Undirected,92
22112,82482,Undirected,70
21868,22112,Undirected,30
21165,22112,Undirected,31
21874,82494L,Undirected,57
21868,82494L,Undirected,43
21165,82494L,Undirected,44
82494L,85014B,Undirected,34
21877,82482,Undirected,51
21874,82482,Undirected,58
21165,82482,Undirected,52
82482,85014B,Undirected,31
21872,21877,Undirected,32
21872,21874,Undirected,53
21874,21877,Undirected,36
21868,21874,Undirected,31
21165,21874,Undirected,31
21161,21163,Undirected,33
20725,21916,Undirected,33
20725,21933,Undirected,102
20725,21042,Undirected,30
20725,21484,Undirected,31
21042,47591D,Undirected,34
47591D,84029E,Undirected,32
21484,84029E,Undirected,76
21754,22192,Undirected,39
21754,22191,Undirected,42
22119,22121,Undirected,61
22118,22119,Undirected,64
22118,22121,Undirected,47
21114,21754,Undirected,33
21479,84029G,Undirected,102
20969,20970,Undirected,198
21232,22173,Undirected,34
84879,85049E,Undirected,42
21891,84879,Undirected,39
21989,85099B,Undirected,50
84987,85099B,Undirected,50
21930,22112,Undirected,36
21479,21930,Undirected,43
21930,84992,Undirected,34
20712,21930,Undirected,183
20713,21930,Undirected,173
21823,21824,Undirected,62
21621,22178,Undirected,46
20713,21621,Undirected,30
21918,85099B,Undirected,40
21485,84029G,Undirected,108
21479,21485,Undirected,88
21479,22112,Undirected,120
22114,84992,Undirected,34
22178,84992,Undirected,30
20713,84992,Undirected,37
21122,21210,Undirected,43
21124,21210,Undirected,38
22297,84949,Undirected,31
21165,21166,Undirected,191
21034,85150,Undirected,34
20974,21544,Undirected,31
22294,22297,Undirected,128
22294,22296,Undirected,100
21034,22296,Undirected,43
21034,21172,Undirected,45
21034,85049A,Undirected,52
21034,84029E,Undirected,62
21034,84536A,Undirected,35
21034,21866,Undirected,30
20828,21034,Undirected,41
20682,22139,Undirected,43
21429,22139,Undirected,60
20727,22139,Undirected,78
20726,22139,Undirected,70
20727,22275,Undirected,37
20682,85014B,Undirected,45
20682,20727,Undirected,31
20682,20726,Undirected,33
20727,85014B,Undirected,32
20727,21429,Undirected,47
20726,21429,Undirected,36
21791,22139,Undirected,98
20724,22139,Undirected,79
20750,22139,Undirected,96
20979,22139,Undirected,33
20983,22139,Undirected,36
21791,22138,Undirected,89
21429,22138,Undirected,56
20750,22138,Undirected,88
20979,22138,Undirected,50
20983,22138,Undirected,40
20981,22138,Undirected,36
21249,POST,Undirected,45
20724,21791,Undirected,31
20749,21791,Undirected,30
20750,21791,Undirected,44
21754,21791,Undirected,37
21791,POST,Undirected,48
20724,21429,Undirected,44
20750,21429,Undirected,30
21429,21754,Undirected,39
21429,POST,Undirected,46
20724,21935,Undirected,57
20724,20749,Undirected,31
20724,20750,Undirected,74
20724,21432,Undirected,30
20724,22352,Undirected,90
20724,21754,Undirected,39
20724,POST,Undirected,161
21935,22352,Undirected,40
20749,20750,Undirected,198
20750,21432,Undirected,51
20750,22352,Undirected,72
20750,20979,Undirected,38
20750,20983,Undirected,32
20750,21754,Undirected,34
20750,POST,Undirected,167
21754,22352,Undirected,39
20977,POST,Undirected,37
20979,20983,Undirected,36
20979,POST,Undirected,39
20981,POST,Undirected,35
22121,84879,Undirected,31
20975,20979,Undirected,33
20975,20983,Undirected,35
20983,84879,Undirected,36
84879,84949,Undirected,79
22178,84879,Undirected,218
22178,22295,Undirected,54
21733,84949,Undirected,38
22178,84949,Undirected,99
22149,22271,Undirected,122
22078,22082,Undirected,104
22078,85123A,Undirected,50
20914,22149,Undirected,54
22149,85123A,Undirected,137
22149,84836,Undirected,45
22294,35961,Undirected,36
22294,84836,Undirected,89
20914,22131,Undirected,55
22335,35961,Undirected,35
35961,84836,Undirected,69
22335,84836,Undirected,47
22131,85123A,Undirected,60
22273,85123A,Undirected,63
85063,85123A,Undirected,38
22311,22314,Undirected,31
22114,85150,Undirected,59
21181,22084,Undirected,37
20914,22086,Undirected,56
21213,22086,Undirected,43
20914,22083,Undirected,56
21080,22083,Undirected,88
20971,22083,Undirected,39
21213,22083,Undirected,50
22083,84991,Undirected,43
21672,22083,Undirected,31
20914,22084,Undirected,35
21080,22084,Undirected,52
21212,22084,Undirected,64
22084,84991,Undirected,41
22084,22087,Undirected,41
21213,22085,Undirected,40
20914,21210,Undirected,117
20914,20971,Undirected,36
20914,21213,Undirected,66
20914,21671,Undirected,32
20914,21672,Undirected,34
20971,21080,Undirected,37
20974,21080,Undirected,54
21080,21213,Undirected,111
21080,21989,Undirected,151
21080,84987,Undirected,56
21080,22087,Undirected,38
21210,21213,Undirected,74
21210,21989,Undirected,33
21210,84987,Undirected,136
21210,84991,Undirected,130
21210,84992,Undirected,88
21210,22087,Undirected,38
20971,21212,Undirected,66
21212,22271,Undirected,37
21212,22273,Undirected,36
21212,21989,Undirected,68
21212,22087,Undirected,50
20971,22273,Undirected,133
20971,21213,Undirected,42
20971,84991,Undirected,74
20971,84992,Undirected,31
20974,21213,Undirected,47
21213,21989,Undirected,108
21213,84987,Undirected,56
21213,84992,Undirected,191
21989,84991,Undirected,45
21989,84992,Undirected,32
21232,22059,Undirected,129
21232,21430,Undirected,31
22059,37448,Undirected,129
37446,37448,Undirected,39
22055,22059,Undirected,62
22055,37446,Undirected,74
21430,22055,Undirected,32
22209,22210,Undirected,43
22208,22209,Undirected,74
85049C,85049F,Undirected,79
22300,22349,Undirected,34
22301,22349,Undirected,30
21485,22110,Undirected,63
21402,21403,Undirected,36
21900,84991,Undirected,34
21901,84991,Undirected,30
21790,22147,Undirected,55
21790,84946,Undirected,48
22178,84755,Undirected,156
22178,22219,Undirected,50
21136,22178,Undirected,54
22219,84755,Undirected,36
21136,84755,Undirected,45
84755,84879,Undirected,148
21136,22219,Undirected,32
20685,84029E,Undirected,37
85014B,85099B,Undirected,90
48111,85099B,Undirected,72
20685,48111,Undirected,136
84970L,84970S,Undirected,353
84879,84970S,Undirected,126
21754,84970L,Undirected,56
84836,84970L,Undirected,106
84832,84970L,Undirected,47
22082,84879,Undirected,95
21135,84879,Undirected,104
21260,21754,Undirected,32
21754,84832,Undirected,33
22120,84879,Undirected,37
84836,84879,Undirected,194
72351A,72351B,Undirected,166
72349B,72351B,Undirected,67
72349B,72351A,Undirected,60
21231,22059,Undirected,73
48187,84970L,Undirected,35
22228,22231,Undirected,33
48187,48189,Undirected,47
21669,48187,Undirected,35
84946,85099B,Undirected,83
84946,85066,Undirected,36
20728,84946,Undirected,35
20725,84946,Undirected,47
21212,84946,Undirected,57
21232,84946,Undirected,48
21929,84879,Undirected,53
20727,21929,Undirected,120
20914,21929,Undirected,66
21212,21929,Undirected,76
21928,84879,Undirected,58
21928,84997D,Undirected,33
20727,21928,Undirected,122
20676,21928,Undirected,32
20914,21928,Undirected,61
21035,21928,Undirected,37
21212,21928,Undirected,85
21232,21928,Undirected,49
84997D,85099B,Undirected,129
84997C,85099B,Undirected,101
84997B,85099B,Undirected,123
21244,85099B,Undirected,31
21243,85099B,Undirected,37
21239,85099B,Undirected,63
20676,85099B,Undirected,88
20914,85099B,Undirected,211
21213,85099B,Undirected,77
85064,85066,Undirected,39
84879,85066,Undirected,70
20914,85066,Undirected,37
21232,85066,Undirected,45
84879,84997D,Undirected,43
84879,84997C,Undirected,39
84879,84997B,Undirected,35
20727,84879,Undirected,103
20728,84879,Undirected,80
20726,84879,Undirected,74
20725,84879,Undirected,140
21213,84879,Undirected,32
21232,84879,Undirected,77
20727,84997D,Undirected,111
20728,84997D,Undirected,113
20726,84997D,Undirected,89
20725,84997D,Undirected,140
21243,84997D,Undirected,91
21239,84997D,Undirected,103
20676,84997D,Undirected,89
20914,84997D,Undirected,54
20727,84997C,Undirected,80
20728,84997C,Undirected,95
20726,84997C,Undirected,82
20725,84997C,Undirected,112
21241,84997C,Undirected,35
21243,84997C,Undirected,81
21239,84997C,Undirected,97
20676,84997C,Undirected,90
20914,84997C,Undirected,55
21232,84997C,Undirected,52
20727,84997B,Undirected,92
20728,84997B,Undirected,96
20726,84997B,Undirected,94
20725,84997B,Undirected,131
21243,84997B,Undirected,80
21239,84997B,Undirected,100
20727,20728,Undirected,496
20675,20727,Undirected,40
20727,21243,Undirected,34
20727,21239,Undirected,41
20676,20727,Undirected,52
20727,20914,Undirected,128
20727,21035,Undirected,43
20727,21213,Undirected,143
20675,20728,Undirected,39
20728,21239,Undirected,35
20676,20728,Undirected,43
20728,20914,Undirected,121
20728,21035,Undirected,33
20728,21213,Undirected,70
20728,21212,Undirected,126
20728,21232,Undirected,79
20726,21239,Undirected,44
20726,20914,Undirected,98
20726,21035,Undirected,35
20726,21213,Undirected,71
20725,21239,Undirected,63
20725,21035,Undirected,90
20725,21213,Undirected,120
21241,21244,Undirected,57
21241,21243,Undirected,57
21239,21241,Undirected,108
20676,21244,Undirected,121
20676,21243,Undirected,102
21212,21243,Undirected,42
20676,21239,Undirected,142
20914,21239,Undirected,43
21212,21239,Undirected,59
20676,21035,Undirected,34
20676,21213,Undirected,36
20914,21035,Undirected,77
21035,21232,Undirected,53
22083,22149,Undirected,45
84347,85123A,Undirected,51
20724,21790,Undirected,51
20685,22084,Undirected,30
21755,84949,Undirected,45
21755,22178,Undirected,89
21754,22178,Undirected,102
21524,22178,Undirected,40
21524,21755,Undirected,74
21524,21754,Undirected,98
22178,84970L,Undirected,88
21156,21975,Undirected,42
21212,22151,Undirected,38
21928,22355,Undirected,60
20718,21928,Undirected,88
20713,21928,Undirected,186
21928,21931,Undirected,344
20718,22355,Undirected,73
20713,22355,Undirected,92
21929,22355,Undirected,86
85040A,85040B,Undirected,90
20716,20718,Undirected,55
20713,20718,Undirected,66
20718,21931,Undirected,131
20718,21929,Undirected,79
20716,85099B,Undirected,36
20713,21929,Undirected,145
21212,21380,Undirected,32
84991,84997D,Undirected,60
20685,84997D,Undirected,44
20685,84997B,Undirected,50
21212,48187,Undirected,66
20685,21977,Undirected,48
48188,84991,Undirected,34
20685,84991,Undirected,60
48111,48187,Undirected,105
21523,22111,Undirected,38
21523,21877,Undirected,38
21523,22112,Undirected,45
21754,21770,Undirected,41
21181,21770,Undirected,49
21770,21908,Undirected,47
21668,21754,Undirected,44
21671,21754,Undirected,39
21669,21754,Undirected,46
21670,48187,Undirected,31
21670,21754,Undirected,51
20685,21523,Undirected,149
20685,21175,Undirected,55
20685,21181,Undirected,84
21523,48194,Undirected,141
21523,48184,Undirected,119
48173C,48187,Undirected,77
48187,48194,Undirected,228
21754,48194,Undirected,64
21175,48194,Undirected,41
21754,48184,Undirected,59
21175,21754,Undirected,89
21754,21908,Undirected,47
21175,21181,Undirected,408
21175,21908,Undirected,192
22196,84380,Undirected,35
21931,84380,Undirected,52
21931,22195,Undirected,42
20970,85099B,Undirected,30
21931,21933,Undirected,37
21931,21932,Undirected,45
21931,48188,Undirected,32
21931,85014A,Undirected,39
21931,85014B,Undirected,50
21932,21933,Undirected,200
21933,85099B,Undirected,66
21929,21933,Undirected,40
21932,85099B,Undirected,73
21929,21932,Undirected,39
20685,48129,Undirected,117
48129,85099B,Undirected,48
48188,85099B,Undirected,61
20685,37503,Undirected,30
20685,21232,Undirected,83
20685,85014A,Undirected,39
85014A,85099B,Undirected,76
22061,85099B,Undirected,42
21929,85014B,Undirected,32
22061,37503,Undirected,31
21232,85014A,Undirected,38
21232,22061,Undirected,108
22133,22196,Undirected,31
22196,84992,Undirected,59
22196,84991,Undirected,56
21210,22196,Undirected,31
22132,22133,Undirected,80
22195,84992,Undirected,57
22195,84991,Undirected,40
22295,22297,Undirected,94
22189,22295,Undirected,42
21181,22294,Undirected,33
22189,22294,Undirected,44
22139,84992,Undirected,37
21175,84992,Undirected,38
84992,85152,Undirected,33
21181,84992,Undirected,49
22131,84992,Undirected,49
82583,84991,Undirected,34
82600,84991,Undirected,46
84991,85152,Undirected,60
22189,84991,Undirected,31
21213,22139,Undirected,32
21213,22138,Undirected,66
21175,21213,Undirected,34
21181,21213,Undirected,31
21914,22139,Undirected,69
22139,82600,Undirected,32
21175,22139,Undirected,51
22139,85152,Undirected,45
22131,22139,Undirected,39
22139,22189,Undirected,45
21210,22139,Undirected,50
22139,84987,Undirected,39
21914,22138,Undirected,58
21770,22138,Undirected,37
21210,22138,Undirected,76
82600,84029G,Undirected,30
21181,84029G,Undirected,50
21165,82583,Undirected,122
21165,82600,Undirected,156
21165,21175,Undirected,194
21165,85152,Undirected,176
21165,21181,Undirected,177
21165,22189,Undirected,35
82583,82597,Undirected,32
82597,82600,Undirected,40
21175,82597,Undirected,37
82597,85152,Undirected,53
21181,82597,Undirected,35
21770,82583,Undirected,36
82583,82600,Undirected,146
21175,82583,Undirected,180
82583,85152,Undirected,187
21181,82583,Undirected,171
22189,82583,Undirected,38
21770,82600,Undirected,47
21770,85152,Undirected,48
21175,82600,Undirected,254
82600,85152,Undirected,264
22189,82600,Undirected,46
21175,85152,Undirected,362
21175,22296,Undirected,36
21175,22189,Undirected,73
22296,85152,Undirected,39
22189,85152,Undirected,69
21181,72351B,Undirected,31
22030,85099B,Undirected,30
22139,84029E,Undirected,38
84029E,84997D,Undirected,32
84029E,84997C,Undirected,30
21212,21592,Undirected,32
22151,84991,Undirected,38
21977,22151,Undirected,32
21975,22139,Undirected,33
21975,84997D,Undirected,50
21975,84997C,Undirected,47
84991,84997C,Undirected,55
84991,85066,Undirected,39
21977,85099B,Undirected,143
21977,85066,Undirected,36
21054,21056,Undirected,64
20702,20703,Undirected,84
21430,22139,Undirected,32
22139,84997D,Undirected,58
22139,85066,Undirected,39
21430,85099B,Undirected,91
21430,85066,Undirected,35
85066,85067,Undirected,38
21156,47591C,Undirected,35
21156,22356,Undirected,39
21156,22355,Undirected,37
21156,22352,Undirected,49
20718,47591D,Undirected,38
22356,47591D,Undirected,46
22355,47591D,Undirected,60
22353,47591D,Undirected,32
16161U,21498,Undirected,54
16161U,21500,Undirected,33
16161U,22355,Undirected,36
20718,22353,Undirected,37
20718,22352,Undirected,50
20718,20754,Undirected,42
22353,22356,Undirected,47
22352,22356,Undirected,56
22353,22355,Undirected,38
22352,22355,Undirected,52
21875,21877,Undirected,61
21875,37370,Undirected,30
21967,21981,Undirected,51
21981,21984,Undirected,34
21980,21981,Undirected,50
21980,21984,Undirected,74
21080,22090,Undirected,168
22088,22090,Undirected,135
21080,22088,Undirected,38
20718,22139,Undirected,47
20749,21889,Undirected,33
20749,85123A,Undirected,59
21232,21889,Undirected,32
21232,22139,Undirected,97
21232,84520B,Undirected,36
21232,21985,Undirected,37
22156,85123A,Undirected,89
21704,21889,Undirected,74
21704,85123A,Undirected,42
21704,22139,Undirected,41
21889,22139,Undirected,79
21980,85123A,Undirected,45
21985,85123A,Undirected,102
21985,84029E,Undirected,37
22139,84520B,Undirected,30
21077,84520B,Undirected,36
21889,84879,Undirected,53
21871,21874,Undirected,31
21870,21874,Undirected,141
21071,21871,Undirected,50
21071,21877,Undirected,33
21871,21877,Undirected,115
21870,21871,Undirected,32
21870,21877,Undirected,36
21889,84946,Undirected,30
21484,84946,Undirected,47
21034,84946,Undirected,51
21889,22138,Undirected,69
21891,22138,Undirected,66
21892,22138,Undirected,54
21790,22138,Undirected,123
20970,22138,Undirected,39
20969,22138,Undirected,32
20970,22273,Undirected,83
20969,22273,Undirected,73
21790,22274,Undirected,37
20967,22274,Undirected,35
20969,22274,Undirected,82
21790,21868,Undirected,36
21889,21891,Undirected,80
21889,21892,Undirected,74
21034,21889,Undirected,32
21611,21614,Undirected,56
21609,21611,Undirected,35
21609,21614,Undirected,58
21891,21892,Undirected,150
21790,21891,Undirected,114
21034,21891,Undirected,34
21790,21892,Undirected,115
21484,21790,Undirected,30
21034,21790,Undirected,51
21034,84580,Undirected,32
21034,21484,Undirected,50
20967,20969,Undirected,97
82599,85152,Undirected,101
82582,85152,Undirected,183
85150,85152,Undirected,199
21977,85152,Undirected,48
79321,85152,Undirected,32
21232,85152,Undirected,91
22114,85152,Undirected,56
82599,82600,Undirected,98
20718,82600,Undirected,31
21977,82600,Undirected,40
21175,82599,Undirected,81
82582,82599,Undirected,55
82599,85150,Undirected,72
21232,82599,Undirected,35
21175,82582,Undirected,159
20718,21175,Undirected,32
22114,82582,Undirected,35
20718,21977,Undirected,50
47568,84991,Undirected,33
84990,84992,Undirected,41
84990,84991,Undirected,40
79321,84991,Undirected,35
22114,84991,Undirected,52
21977,84380,Undirected,88
21977,22114,Undirected,48
21232,79321,Undirected,39
21890,21892,Undirected,93
21892,21912,Undirected,46
21791,21892,Undirected,82
21888,21892,Undirected,49
21890,21912,Undirected,44
21889,21890,Undirected,51
21791,21890,Undirected,51
21790,21890,Undirected,73
21888,21890,Undirected,46
21912,21918,Undirected,31
21917,21918,Undirected,102
21889,21918,Undirected,31
21791,21918,Undirected,51
21790,21918,Undirected,72
21790,21917,Undirected,43
21791,21889,Undirected,144
21888,21889,Undirected,94
21621,21790,Undirected,32
21790,22189,Undirected,34
21790,82482,Undirected,34
21790,82494L,Undirected,43
21755,21790,Undirected,31
21754,21790,Undirected,50
22023,82482,Undirected,53
21621,21755,Undirected,75
21621,21754,Undirected,99
22212,84406B,Undirected,64
22189,22212,Undirected,30
22212,82482,Undirected,40
22212,82494L,Undirected,32
21755,22212,Undirected,39
22189,84406B,Undirected,54
21755,84406B,Undirected,51
21754,84406B,Undirected,54
21340,82482,Undirected,33
21340,82494L,Undirected,38
22189,84884A,Undirected,36
82482,85064,Undirected,33
82482,84839,Undirected,42
82494L,85064,Undirected,35
21755,84839,Undirected,37
21754,84839,Undirected,35
21034,48173C,Undirected,32
21485,21486,Undirected,45
20668,22086,Undirected,35
21955,48173C,Undirected,65
84975,85123A,Undirected,43
84032A,85123A,Undirected,30
22300,85123A,Undirected,43
22301,85123A,Undirected,52
21165,85123A,Undirected,112
21165,21908,Undirected,117
21733,21908,Undirected,43
21165,21733,Undirected,42
15056BL,85014B,Undirected,141
15056BL,85014A,Undirected,126
15056BL,15056P,Undirected,147
20679,85014B,Undirected,128
20679,85014A,Undirected,105
15056P,20679,Undirected,126
15056P,85014B,Undirected,65
15056N,85014B,Undirected,137
15056P,85014A,Undirected,54
15056N,85014A,Undirected,126
15056N,15056P,Undirected,174
21874,85123A,Undirected,75
21175,21874,Undirected,80
21175,85123A,Undirected,244
22055,85123A,Undirected,63
22061,85123A,Undirected,54
22055,22061,Undirected,105
21231,21755,Undirected,52
21034,21755,Undirected,93
21755,47556B,Undirected,34
21755,21985,Undirected,40
21385,21755,Undirected,35
21755,22082,Undirected,38
21231,84836,Undirected,36
21777,85123A,Undirected,66
20975,85123A,Undirected,52
21034,21985,Undirected,38
21034,21592,Undirected,55
21034,21385,Undirected,34
21034,22082,Undirected,82
21034,84836,Undirected,74
37448,85123A,Undirected,69
47556B,47580,Undirected,42
72351A,85123A,Undirected,45
20970,85123A,Undirected,53
85053,85123A,Undirected,33
22139,22271,Undirected,53
21509,22139,Undirected,31
21507,21509,Undirected,157
21385,82494L,Undirected,34
82494L,84879,Undirected,173
21385,82482,Undirected,38
21385,84879,Undirected,70
72008,85123A,Undirected,36
82482,84836,Undirected,84
82482,84879,Undirected,159
22111,22197,Undirected,55
20914,22111,Undirected,61
82483,84029E,Undirected,43
82486,84029E,Undirected,59
22197,84029E,Undirected,39
20914,84029E,Undirected,41
82483,84029G,Undirected,43
82486,84029G,Undirected,50
22197,84029G,Undirected,51
22197,84050,Undirected,37
20914,84050,Undirected,43
22170,82483,Undirected,51
22197,82483,Undirected,43
22170,82486,Undirected,54
22169,82486,Undirected,44
22197,82486,Undirected,30
20914,82486,Undirected,33
22170,82482,Undirected,89
22169,82482,Undirected,86
22197,82482,Undirected,72
20914,82482,Undirected,56
22170,82494L,Undirected,107
22197,82494L,Undirected,60
20914,82494L,Undirected,61
22169,22170,Undirected,169
20754,21527,Undirected,38
20754,22197,Undirected,45
84596E,84596F,Undirected,39
84596B,84596F,Undirected,169
22197,84596F,Undirected,38
22197,84596B,Undirected,58
20914,84596B,Undirected,45
21485,21533,Undirected,31
21485,21524,Undirected,37
85049B,85049H,Undirected,42
85049C,85049H,Undirected,58
85049B,85049C,Undirected,76
21080,22073,Undirected,40
21080,21592,Undirected,33
21080,21531,Undirected,72
21080,21535,Undirected,107
21080,21533,Undirected,84
21080,21524,Undirected,34
20685,21531,Undirected,45
21524,21535,Undirected,38
21524,21527,Undirected,39
21524,21533,Undirected,30
22111,22297,Undirected,34
22300,22302,Undirected,57
22111,48187,Undirected,43
20713,48187,Undirected,32
75049L,85123A,Undirected,42
21868,85123A,Undirected,112
21900,85123A,Undirected,85
21733,22173,Undirected,64
21181,22173,Undirected,56
21181,21733,Undirected,114
21733,21868,Undirected,40
21733,82494L,Undirected,136
21479,21733,Undirected,34
21181,21868,Undirected,54
21181,21900,Undirected,41
21868,21900,Undirected,43
21900,82494L,Undirected,32
20711,85099F,Undirected,197
84879,85099F,Undirected,76
21034,84879,Undirected,135
21232,84029G,Undirected,31
21232,37501,Undirected,35
21232,37500,Undirected,40
15060B,21232,Undirected,35
21484,84029G,Undirected,49
37500,37501,Undirected,39
37500,37503,Undirected,34
20711,48185,Undirected,65
20711,85099C,Undirected,205
21955,48129,Undirected,51
21955,85099B,Undirected,46
21955,85099C,Undirected,41
22074,22076,Undirected,32
47568,85099B,Undirected,40
48129,85099C,Undirected,41
48185,48187,Undirected,162
48187,85099B,Undirected,112
48187,85099C,Undirected,49
21622,85123A,Undirected,118
21755,21868,Undirected,32
21755,82552,Undirected,55
21755,82583,Undirected,50
21755,84970L,Undirected,63
21136,21755,Undirected,56
21172,21755,Undirected,55
21174,21755,Undirected,51
21174,21868,Undirected,40
22119,85123A,Undirected,54
82552,82583,Undirected,97
82552,85123A,Undirected,109
21172,82552,Undirected,54
21174,82552,Undirected,54
82583,84970L,Undirected,30
21172,82583,Undirected,56
21174,82583,Undirected,87
84949,84970L,Undirected,47
84949,84970S,Undirected,49
21136,84970S,Undirected,34
21174,85123A,Undirected,132
21172,21174,Undirected,65
20971,22150,Undirected,102
21936,22138,Undirected,39
20750,21936,Undirected,36
21733,72741,Undirected,48
84536A,84536B,Undirected,42
37448,85152,Undirected,31
21034,85152,Undirected,70
20728,84029E,Undirected,32
21733,84029E,Undirected,71
21931,84029E,Undirected,43
72741,84029E,Undirected,30
20728,21080,Undirected,77
21080,84988,Undirected,48
21080,22355,Undirected,55
21080,21930,Undirected,57
21080,21931,Undirected,105
20728,84520B,Undirected,35
20728,84970L,Undirected,41
20728,84970S,Undirected,60
20728,22355,Undirected,167
20728,21210,Undirected,33
20728,21479,Undirected,31
20728,21930,Undirected,142
84520B,85099B,Undirected,48
84970L,85099B,Undirected,57
21733,84970L,Undirected,57
21931,84970S,Undirected,37
84988,85099B,Undirected,53
84988,85123A,Undirected,63
21210,84988,Undirected,117
21931,84988,Undirected,39
72741,85099B,Undirected,41
22355,85123A,Undirected,127
21210,85123A,Undirected,77
21930,85123A,Undirected,76
72741,85123A,Undirected,130
22276,22278,Undirected,33
21733,22355,Undirected,36
21479,22355,Undirected,30
21733,21930,Undirected,33
21733,21931,Undirected,49
22138,82482,Undirected,40
72799E,72800E,Undirected,40
82486,84839,Undirected,32
21481,84029G,Undirected,64
21481,84029E,Undirected,105
21481,21488,Undirected,31
21481,84032B,Undirected,46
21931,84029G,Undirected,53
21931,84032B,Undirected,34
21508,22037,Undirected,51
21506,22037,Undirected,70
21508,22030,Undirected,54
21506,22030,Undirected,106
21506,21508,Undirected,54
21588,21592,Undirected,32
21931,21935,Undirected,104
21213,21217,Undirected,33
21658,21754,Undirected,35
21754,21977,Undirected,50
21754,84991,Undirected,59
21217,21754,Undirected,36
21080,21700,Undirected,35
21080,21916,Undirected,35
21080,21985,Undirected,54
21080,22072,Undirected,31
20681,20682,Undirected,98
20682,21559,Undirected,37
21559,22353,Undirected,118
21558,21561,Undirected,79
21559,21561,Undirected,189
16014,16015,Undirected,31
16014,16016,Undirected,44
16015,16016,Undirected,33
21621,21843,Undirected,43
21669,85123A,Undirected,70
21672,21843,Undirected,34
21673,21843,Undirected,30
21673,85123A,Undirected,67
22170,85123A,Undirected,98
22189,85123A,Undirected,334
21900,82482,Undirected,34
21429,82482,Undirected,36
22130,85049A,Undirected,32
21446,21447,Undirected,43
21899,21901,Undirected,194
21901,85123A,Undirected,80
21899,21902,Undirected,155
21902,85123A,Undirected,46
21899,21900,Undirected,236
21899,85123A,Undirected,72
21407,85123A,Undirected,61
21238,21245,Undirected,112
21241,21242,Undirected,68
82583,85150,Undirected,140
37448,47591D,Undirected,36
21231,22067,Undirected,68
21232,22067,Undirected,96
20728,22189,Undirected,34
20728,21231,Undirected,47
21232,21868,Undirected,31
21868,21876,Undirected,55
20728,21868,Undirected,33
20728,47591D,Undirected,82
20969,20971,Undirected,96
20969,20972,Undirected,93
20969,22150,Undirected,64
20969,22271,Undirected,82
20971,21891,Undirected,30
20972,21891,Undirected,31
20972,22150,Undirected,135
20972,22271,Undirected,146
20972,22273,Undirected,141
21891,22150,Undirected,31
22300,22303,Undirected,70
22301,22302,Undirected,67
22301,22303,Undirected,92
20972,20975,Undirected,37
21541,21542,Undirected,46
21541,21544,Undirected,52
21542,21544,Undirected,47
21224,21544,Undirected,33
20972,20974,Undirected,36
22296,22335,Undirected,33
22296,82482,Undirected,66
22296,84946,Undirected,37
22296,84406B,Undirected,35
22173,22296,Undirected,35
22158,84946,Undirected,42
22112,22158,Undirected,34
22113,22158,Undirected,32
20972,82494L,Undirected,34
20972,82482,Undirected,32
20972,22114,Undirected,36
20972,22112,Undirected,44
20972,21080,Undirected,44
20972,22113,Undirected,31
20972,22142,Undirected,33
20972,22149,Undirected,201
21333,82494L,Undirected,33
82494L,84946,Undirected,78
82482,84946,Undirected,83
22149,82482,Undirected,30
22114,84946,Undirected,43
22112,84946,Undirected,51
21479,84946,Undirected,30
22149,84946,Undirected,35
22173,84946,Undirected,31
21790,22114,Undirected,45
21080,21790,Undirected,44
21790,22149,Undirected,79
21791,22149,Undirected,66
22112,22149,Undirected,44
21080,22149,Undirected,39
21080,22173,Undirected,31
20725,22139,Undirected,125
20725,21932,Undirected,114
20725,21124,Undirected,35
21380,21381,Undirected,68
20728,22138,Undirected,81
20728,22139,Undirected,79
20728,21932,Undirected,73
20728,21500,Undirected,36
21080,21380,Undirected,34
21080,21928,Undirected,60
21080,21124,Undirected,60
21080,21500,Undirected,36
21034,21080,Undirected,76
21928,22139,Undirected,34
21034,22139,Undirected,75
21928,21932,Undirected,54
21034,21928,Undirected,45
21485,82482,Undirected,55
21533,82482,Undirected,31
21524,82482,Undirected,48
20754,21533,Undirected,55
22111,84030E,Undirected,88
21524,22111,Undirected,38
22114,84030E,Undirected,68
22114,82486,Undirected,47
21524,22114,Undirected,31
21485,84030E,Undirected,63
21485,82486,Undirected,48
84029E,84030E,Undirected,52
21533,82494L,Undirected,32
48173C,82494L,Undirected,42
48187,82494L,Undirected,77
21524,82494L,Undirected,60
21611,21612,Undirected,30
48173C,82486,Undirected,41
48187,82486,Undirected,75
21524,82486,Undirected,37
21524,48189,Undirected,32
48129,48173C,Undirected,61
21524,48173C,Undirected,72
21524,48129,Undirected,92
22109,22190,Undirected,34
22193,85123A,Undirected,75
21181,21903,Undirected,88
21181,22348,Undirected,31
20750,21181,Undirected,32
21181,84378,Undirected,38
22112,22139,Undirected,51
22112,84378,Undirected,31
22112,84991,Undirected,47
22114,22139,Undirected,59
22114,22348,Undirected,30
22114,84378,Undirected,34
22139,22348,Undirected,56
22139,84375,Undirected,35
22139,84378,Undirected,56
22139,C2,Undirected,30
22348,84991,Undirected,43
47580,84991,Undirected,41
20750,84991,Undirected,30
84375,84378,Undirected,79
84375,84991,Undirected,70
84378,84991,Undirected,101
21034,84949,Undirected,39
48116,48187,Undirected,71
22112,48187,Undirected,42
21790,48187,Undirected,36
21232,48187,Undirected,59
21790,84029E,Undirected,30
22348,85123A,Undirected,72
85040A,85123A,Undirected,49
85040B,85123A,Undirected,35
22073,22348,Undirected,36
21232,21790,Undirected,37
21232,22073,Undirected,62
22304,22305,Undirected,66
21481,21790,Undirected,37
21559,21790,Undirected,30
20726,21790,Undirected,38
21790,22139,Undirected,116
21481,21791,Undirected,36
20726,21561,Undirected,48
20726,21481,Undirected,39
21481,22139,Undirected,40
84029E,84946,Undirected,33
10002,22139,Undirected,33
20726,21559,Undirected,120
21559,22139,Undirected,76
20726,22353,Undirected,65
22082,22139,Undirected,33
20713,22086,Undirected,35
20713,20724,Undirected,103
20713,20725,Undirected,160
20713,20728,Undirected,105
20713,20726,Undirected,102
20713,22356,Undirected,86
21174,21931,Undirected,47
21166,21931,Undirected,65
21175,21931,Undirected,57
20724,21931,Undirected,201
21481,84032A,Undirected,50
21174,21181,Undirected,176
21166,21181,Undirected,359
21181,21745,Undirected,30
20724,21181,Undirected,44
20725,21181,Undirected,85
20728,21181,Undirected,40
20726,21181,Undirected,30
21181,22356,Undirected,37
21181,21870,Undirected,134
21166,21174,Undirected,140
21174,21175,Undirected,170
20724,21174,Undirected,34
20725,21174,Undirected,47
21174,21876,Undirected,74
20724,21166,Undirected,34
20725,21166,Undirected,76
20728,21166,Undirected,35
21166,21870,Undirected,60
21175,22086,Undirected,35
20724,21175,Undirected,50
20725,21175,Undirected,84
20728,21175,Undirected,40
20726,21175,Undirected,40
21175,22356,Undirected,46
21175,21870,Undirected,65
20725,21481,Undirected,42
20725,21870,Undirected,44
21870,21876,Undirected,37
21700,21731,Undirected,50
21700,85217,Undirected,36
21888,21913,Undirected,45
21755,22121,Undirected,48
21891,85123A,Undirected,55
21892,85123A,Undirected,52
22302,85123A,Undirected,38
84378,85123A,Undirected,112
84077,85123A,Undirected,77
21122,85123A,Undirected,55
21124,85123A,Undirected,41
82600,85123A,Undirected,161
21213,85123A,Undirected,68
21888,21891,Undirected,36
21888,84077,Undirected,37
21888,84879,Undirected,39
21891,22086,Undirected,41
22086,84077,Undirected,32
21891,84077,Undirected,55
21892,84077,Undirected,45
21892,84879,Undirected,36
21034,84378,Undirected,40
21034,82552,Undirected,36
21034,21175,Undirected,74
21034,82600,Undirected,47
21034,21213,Undirected,43
22302,84879,Undirected,33
21122,84378,Undirected,37
21124,84378,Undirected,31
21175,84378,Undirected,37
84378,84992,Undirected,112
84378,84988,Undirected,56
21213,84378,Undirected,53
21755,84378,Undirected,36
84378,84879,Undirected,60
22083,84077,Undirected,32
22150,84077,Undirected,35
21213,84077,Undirected,34
84077,84879,Undirected,58
21122,22083,Undirected,40
21124,22083,Undirected,35
21755,22083,Undirected,38
21175,82552,Undirected,84
82552,82600,Undirected,74
82552,84879,Undirected,52
21122,21213,Undirected,54
21122,84879,Undirected,43
21124,84992,Undirected,53
21124,21213,Undirected,42
21124,84879,Undirected,30
22082,22150,Undirected,33
22150,84992,Undirected,31
21175,21755,Undirected,72
21175,84879,Undirected,82
21755,82600,Undirected,53
82600,84879,Undirected,70
84988,84992,Undirected,89
21755,84992,Undirected,36
84879,84992,Undirected,67
21213,84988,Undirected,50
21207,21213,Undirected,35
21207,22085,Undirected,30
21614,85123A,Undirected,31
20914,21790,Undirected,62
15056BL,20685,Undirected,33
15056BL,20725,Undirected,36
15056BL,71477,Undirected,34
20685,20725,Undirected,128
20685,20727,Undirected,61
20685,20728,Undirected,67
20685,84839,Undirected,31
20728,37503,Undirected,30
20728,84991,Undirected,98
21390,22189,Undirected,33
21390,84406B,Undirected,32
21390,85123A,Undirected,146
21523,48185,Undirected,105
21523,48197,Undirected,42
21523,85123A,Undirected,156
22149,84997D,Undirected,30
84971S,85123A,Undirected,68
84997C,85123A,Undirected,74
84997D,85123A,Undirected,81
22220,22222,Undirected,35
22222,22223,Undirected,42
22215,22220,Undirected,33
21212,22215,Undirected,32
20685,22348,Undirected,45
21212,85014A,Undirected,42
84879,84945,Undirected,84
21955,84879,Undirected,33
21592,84879,Undirected,30
21621,84879,Undirected,76
21622,84879,Undirected,32
84879,85014A,Undirected,50
21621,22139,Undirected,42
21983,21984,Undirected,69
20679,POST,Undirected,53
20685,20750,Undirected,36
20685,21216,Undirected,33
20750,85232B,Undirected,32
21257,85123A,Undirected,49
20725,21257,Undirected,30
21231,72741,Undirected,42
21232,72741,Undirected,71
72741,85152,Undirected,48
21166,72741,Undirected,32
20725,72741,Undirected,32
21874,72741,Undirected,34
21756,82486,Undirected,42
21034,21756,Undirected,30
22111,85014A,Undirected,34
20725,85014A,Undirected,48
21259,22077,Undirected,52
21259,82486,Undirected,31
21232,21259,Undirected,30
20725,21259,Undirected,30
21243,84997A,Undirected,49
21242,21559,Undirected,34
21242,84997B,Undirected,101
21242,84997C,Undirected,70
21242,84997A,Undirected,47
21242,84997D,Undirected,73
21242,22352,Undirected,38
20727,21242,Undirected,40
20725,21242,Undirected,51
21559,84997B,Undirected,64
21559,84997C,Undirected,55
21559,84997A,Undirected,32
21559,84997D,Undirected,70
21559,85123A,Undirected,83
21559,21754,Undirected,49
21232,21559,Undirected,43
20727,21559,Undirected,124
20725,21559,Undirected,162
20676,21559,Undirected,43
21559,47591D,Undirected,33
22352,84997B,Undirected,70
21034,84997B,Undirected,34
22352,84997C,Undirected,48
47591D,84997C,Undirected,46
20685,84997C,Undirected,43
21034,84997C,Undirected,46
20727,84997A,Undirected,54
20725,84997A,Undirected,70
22352,84997D,Undirected,54
21754,84997D,Undirected,38
84997D,85152,Undirected,30
22131,84997D,Undirected,30
21034,84997D,Undirected,48
21558,85123A,Undirected,38
22352,85123A,Undirected,104
21166,85123A,Undirected,193
47591D,85123A,Undirected,106
20727,21558,Undirected,113
20725,21558,Undirected,96
21232,22353,Undirected,56
20727,22353,Undirected,65
20725,22353,Undirected,88
22352,82486,Undirected,37
20727,22352,Undirected,90
20725,22352,Undirected,177
20676,22352,Undirected,45
21955,22352,Undirected,38
22077,85049H,Undirected,45
85049E,85049H,Undirected,46
22077,85049A,Undirected,89
22077,82486,Undirected,34
21754,22077,Undirected,88
21231,22077,Undirected,42
21232,22077,Undirected,47
22077,85152,Undirected,32
21166,22077,Undirected,36
20727,22077,Undirected,31
20725,22077,Undirected,59
20685,22077,Undirected,45
21034,22077,Undirected,57
85049A,85049C,Undirected,52
22111,85049A,Undirected,42
85049C,85049E,Undirected,98
21034,85049C,Undirected,46
22111,85049E,Undirected,37
21034,85049E,Undirected,46
21231,82486,Undirected,47
82486,85152,Undirected,71
21166,82486,Undirected,57
20727,82486,Undirected,52
20725,82486,Undirected,63
21955,82486,Undirected,55
20685,82486,Undirected,65
48184,82486,Undirected,45
22275,82486,Undirected,45
21874,82486,Undirected,49
22111,85152,Undirected,52
21166,22111,Undirected,39
20727,22111,Undirected,42
21485,85152,Undirected,36
21166,21485,Undirected,39
20727,21485,Undirected,31
21232,21754,Undirected,85
21754,85152,Undirected,100
21166,21754,Undirected,82
20727,21754,Undirected,75
20725,21754,Undirected,89
21231,85152,Undirected,61
21166,21231,Undirected,62
21166,21232,Undirected,82
21232,21874,Undirected,35
21166,85152,Undirected,327
20727,85152,Undirected,39
20725,85152,Undirected,68
47591D,85152,Undirected,32
20685,85152,Undirected,46
21874,85152,Undirected,46
20727,21166,Undirected,48
20685,21166,Undirected,57
21166,21874,Undirected,59
21034,21166,Undirected,49
20727,22131,Undirected,40
20727,47591D,Undirected,85
20725,48184,Undirected,38
20676,20685,Undirected,44
21034,47591D,Undirected,52
21034,21955,Undirected,42
20685,21034,Undirected,49
21034,48184,Undirected,31
20679,21733,Undirected,49
84988,POST,Undirected,41
21733,22151,Undirected,34
22295,84836,Undirected,74
21731,22355,Undirected,59
21181,21731,Undirected,31
21731,21931,Undirected,74
21700,21931,Undirected,47
21181,22355,Undirected,39
21935,22355,Undirected,90
22355,84692,Undirected,32
71459,71477,Undirected,44
71459,84692,Undirected,39
21033,21929,Undirected,71
21033,21930,Undirected,65
20727,21033,Undirected,33
21929,21935,Undirected,35
21929,21930,Undirected,187
20727,21931,Undirected,235
21930,21935,Undirected,45
20727,21935,Undirected,61
20727,21933,Undirected,84
20727,21932,Undirected,76
20727,20992,Undirected,30
20723,22197,Undirected,73
20723,22355,Undirected,298
20723,21975,Undirected,35
20723,21977,Undirected,43
20724,22197,Undirected,104
20724,22353,Undirected,49
20724,22355,Undirected,423
20724,21210,Undirected,48
20724,21558,Undirected,40
20724,21975,Undirected,48
20724,21977,Undirected,70
22197,22355,Undirected,85
22197,22356,Undirected,75
22197,84987,Undirected,36
22197,84991,Undirected,80
20727,22197,Undirected,107
21210,22197,Undirected,54
21479,22197,Undirected,49
21485,22197,Undirected,35
21558,22197,Undirected,50
21974,22197,Undirected,47
21975,22197,Undirected,47
21977,22197,Undirected,87
21989,22197,Undirected,41
22112,22197,Undirected,62
22114,22197,Undirected,52
22198,84991,Undirected,44
22353,84991,Undirected,30
22355,84991,Undirected,54
20725,22355,Undirected,229
20727,22355,Undirected,189
21975,22355,Undirected,49
21977,22355,Undirected,47
22356,84991,Undirected,62
21975,22356,Undirected,41
21977,22356,Undirected,46
20727,84029G,Undirected,34
21479,84032A,Undirected,35
20725,84987,Undirected,38
21974,84987,Undirected,135
21215,84991,Undirected,53
21974,84991,Undirected,102
20725,21210,Undirected,94
20725,21561,Undirected,70
20725,21975,Undirected,100
20725,21977,Undirected,119
20725,21989,Undirected,40
20727,21210,Undirected,37
20727,21561,Undirected,64
20727,21975,Undirected,81
20727,21977,Undirected,71
20727,21989,Undirected,54
20727,22112,Undirected,49
20727,22114,Undirected,38
21210,21215,Undirected,31
21210,21974,Undirected,134
21210,21975,Undirected,80
21210,21977,Undirected,135
21212,21215,Undirected,62
21212,21561,Undirected,32
21212,21974,Undirected,123
21215,21975,Undirected,45
21215,21977,Undirected,65
21974,21975,Undirected,45
21974,21977,Undirected,194
21975,21989,Undirected,38
21977,21989,Undirected,44
21977,22112,Undirected,38
20914,20979,Undirected,43
20914,22189,Undirected,37
84946,84970L,Undirected,68
20914,85014B,Undirected,46
21175,85014B,Undirected,33
82600,85014B,Undirected,37
20914,48188,Undirected,30
20725,48188,Undirected,37
48188,85099F,Undirected,36
21175,85099B,Undirected,123
82582,85099B,Undirected,58
82600,85099B,Undirected,99
21181,85099B,Undirected,159
20914,48187,Undirected,55
21931,48187,Undirected,51
21928,48187,Undirected,35
21080,48187,Undirected,41
20725,48187,Undirected,70
48187,85099F,Undirected,50
20914,21931,Undirected,108
20914,21175,Undirected,68
20685,20914,Undirected,89
20713,20914,Undirected,59
20914,48111,Undirected,43
20914,85099F,Undirected,109
21931,82582,Undirected,37
21931,82600,Undirected,77
21931,48111,Undirected,31
21175,21928,Undirected,41
21928,82600,Undirected,52
21181,21928,Undirected,77
20685,21928,Undirected,58
21928,85014A,Undirected,31
21080,21175,Undirected,51
21175,85099F,Undirected,62
82582,85099F,Undirected,40
20685,82600,Undirected,38
21080,82600,Undirected,42
20713,82600,Undirected,40
82600,85014A,Undirected,34
82600,85099F,Undirected,48
20718,21181,Undirected,41
21181,48111,Undirected,42
20685,20713,Undirected,47
20685,20718,Undirected,39
20713,21080,Undirected,50
21080,85099F,Undirected,89
20718,85099F,Undirected,118
20725,48111,Undirected,43
20725,85099F,Undirected,236
48111,85099F,Undirected,45
21916,85099B,Undirected,41
21231,22061,Undirected,57
21232,22296,Undirected,42
22059,85123A,Undirected,40
22059,22061,Undirected,49
22061,37448,Undirected,32
20658,21866,Undirected,32
21485,84378,Undirected,38
21212,84378,Undirected,124
21212,84988,Undirected,99
21217,84378,Undirected,33
22195,84378,Undirected,61
22195,84988,Undirected,31
22196,84378,Undirected,76
22196,84988,Undirected,37
22138,84378,Undirected,71
21210,84378,Undirected,53
21232,84510A,Undirected,30
21164,21232,Undirected,44
20679,85099C,Undirected,36
20679,21232,Undirected,35
20679,21181,Undirected,30
85099F,85150,Undirected,33
85099B,85150,Undirected,56
21931,85150,Undirected,33
21870,85150,Undirected,43
21174,85150,Undirected,79
21165,85150,Undirected,114
20685,85150,Undirected,41
85099C,85099F,Undirected,381
22114,85099F,Undirected,34
21561,85099F,Undirected,30
21232,85099F,Undirected,86
21231,85099F,Undirected,48
21174,85099F,Undirected,37
85014B,85099C,Undirected,30
48111,85099C,Undirected,46
22197,85099C,Undirected,80
21174,85099C,Undirected,40
20914,85099C,Undirected,79
22198,85099B,Undirected,35
22179,85099B,Undirected,36
22045,85099B,Undirected,37
21870,85099B,Undirected,57
21561,85099B,Undirected,45
21174,85099B,Undirected,88
21165,85099B,Undirected,53
16161U,22045,Undirected,57
21165,48111,Undirected,43
21931,22179,Undirected,31
21165,21931,Undirected,33
22179,22197,Undirected,33
21481,22197,Undirected,41
21181,22197,Undirected,80
21174,22197,Undirected,42
21165,22197,Undirected,30
20914,22114,Undirected,52
21232,21870,Undirected,46
21165,21870,Undirected,32
20914,21870,Undirected,38
20685,21870,Undirected,34
20914,21561,Undirected,34
20914,21481,Undirected,30
21174,21232,Undirected,60
21165,21232,Undirected,55
21181,21231,Undirected,69
21174,21231,Undirected,31
21165,21231,Undirected,35
21165,21174,Undirected,114
20914,21174,Undirected,31
20914,21165,Undirected,38
20685,21165,Undirected,34
21673,85099B,Undirected,47
21668,85099B,Undirected,48
21871,84029E,Undirected,32
21398,21399,Undirected,39
37449,48185,Undirected,33
21035,21155,Undirected,65
22271,84879,Undirected,34
22139,47590A,Undirected,31
47590A,84879,Undirected,30
20676,47590A,Undirected,32
20749,21034,Undirected,31
20749,84879,Undirected,39
21586,21588,Undirected,30
21034,84947,Undirected,47
20685,21411,Undirected,36
20685,84836,Undirected,40
20685,21240,Undirected,30
21240,22138,Undirected,32
22139,84836,Undirected,52
21411,84879,Undirected,30
21411,84836,Undirected,32
84879,84947,Undirected,68
84836,84947,Undirected,35
20676,21240,Undirected,152
21661,21662,Undirected,37
20972,22083,Undirected,45
20728,22353,Undirected,53
20728,22352,Undirected,75
21928,22352,Undirected,49
21929,22352,Undirected,41
20728,21558,Undirected,52
21558,85099B,Undirected,60
20712,21558,Undirected,30
21558,21928,Undirected,37
20727,20972,Undirected,66
20712,20728,Undirected,97
20728,20972,Undirected,74
20728,20971,Undirected,53
20712,22355,Undirected,96
20972,22355,Undirected,57
20971,22355,Undirected,47
20712,22356,Undirected,87
20972,22356,Undirected,41
20971,22356,Undirected,35
20972,85099B,Undirected,112
20712,21928,Undirected,161
20712,21929,Undirected,174
20972,21929,Undirected,38
21576,21577,Undirected,40
20724,47591D,Undirected,44
20724,84836,Undirected,34
71459,84836,Undirected,46
21868,85152,Undirected,40
82483,82581,Undirected,35
82483,82600,Undirected,54
21754,22170,Undirected,46
21737,85123A,Undirected,30
21730,85123A,Undirected,76
21917,85123A,Undirected,35
20914,84270,Undirected,33
82581,82600,Undirected,89
21754,82581,Undirected,60
82581,85152,Undirected,83
20914,82581,Undirected,34
21164,82600,Undirected,80
22111,82600,Undirected,34
21164,21754,Undirected,57
20914,21754,Undirected,68
21164,85152,Undirected,81
20914,85152,Undirected,64
20914,21558,Undirected,43
20914,21559,Undirected,77
85114B,85114C,Undirected,37
21239,21559,Undirected,41
21238,84997D,Undirected,95
21238,21559,Undirected,49
21238,84997C,Undirected,96
21238,22139,Undirected,33
82494L,84792,Undirected,38
21790,21977,Undirected,53
21790,84997C,Undirected,38
21977,22131,Undirected,31
21977,85014B,Undirected,35
21977,22147,Undirected,54
21559,21977,Undirected,47
22139,22180,Undirected,31
21559,82494L,Undirected,33
82494L,84997C,Undirected,32
22138,82494L,Undirected,49
20974,22139,Undirected,31
20975,22139,Undirected,52
22139,22147,Undirected,54
22138,84997D,Undirected,55
21561,84997D,Undirected,35
21561,84997C,Undirected,33
21558,22139,Undirected,33
22139,84347,Undirected,32
22037,22139,Undirected,36
22139,22150,Undirected,66
84077,POST,Undirected,31
10002,POST,Undirected,34
20685,47566,Undirected,63
21868,47566,Undirected,36
22114,47566,Undirected,34
21976,84378,Undirected,31
21977,84378,Undirected,89
20914,84378,Undirected,61
21975,84378,Undirected,64
21931,84378,Undirected,44
84378,85099B,Undirected,68
22087,84378,Undirected,30
22083,79321,Undirected,31
21212,79321,Undirected,53
20914,79321,Undirected,57
79321,85099F,Undirected,35
21931,79321,Undirected,42
79321,85099B,Undirected,70
79321,84692,Undirected,34
21213,21976,Undirected,103
21975,21976,Undirected,146
21931,21976,Undirected,31
21976,85099B,Undirected,43
21977,21984,Undirected,37
21977,22083,Undirected,41
21977,21980,Undirected,39
21977,85014A,Undirected,30
15056BL,21977,Undirected,30
21977,85099F,Undirected,59
21929,21977,Undirected,76
20712,21977,Undirected,45
21977,22087,Undirected,34
21977,84692,Undirected,64
21524,21977,Undirected,38
21212,21984,Undirected,35
22083,22088,Undirected,43
21212,22088,Undirected,43
15036,21212,Undirected,30
21212,21481,Undirected,36
21212,21524,Undirected,55
20914,21980,Undirected,30
21980,85099B,Undirected,50
20914,84692,Undirected,59
20914,21524,Undirected,56
15056BL,85099F,Undirected,34
15056BL,20712,Undirected,31
21213,85099F,Undirected,44
20712,21213,Undirected,30
21213,21931,Undirected,57
21213,84692,Undirected,48
21975,85099F,Undirected,45
21975,84692,Undirected,43
20712,85099F,Undirected,185
22087,85099F,Undirected,30
21524,85099F,Undirected,45
21929,84692,Undirected,30
21524,21929,Undirected,39
20712,21481,Undirected,32
21524,21931,Undirected,40
22087,85099B,Undirected,43
22088,85099B,Undirected,33
15036,85099B,Undirected,33
21488,85099B,Undirected,30
21524,85099B,Undirected,87
22087,22088,Undirected,89
15036,84692,Undirected,34
84029E,84997B,Undirected,32
37446,37447,Undirected,40
21218,22055,Undirected,37
21218,21531,Undirected,83
21218,21533,Undirected,73
21175,21218,Undirected,36
20754,21218,Undirected,37
20713,21218,Undirected,35
21154,21218,Undirected,46
21535,84997C,Undirected,38
20713,84997C,Undirected,31
21531,84997B,Undirected,30
21533,84997B,Undirected,34
20713,84997B,Undirected,42
22112,84997D,Undirected,38
21535,84997D,Undirected,38
20713,84997D,Undirected,42
22110,22114,Undirected,36
21174,22112,Undirected,39
21481,22112,Undirected,98
21484,22112,Undirected,100
22110,22112,Undirected,53
20754,21531,Undirected,32
21216,21531,Undirected,65
21154,21531,Undirected,35
21175,21535,Undirected,43
20754,21535,Undirected,56
21154,21535,Undirected,37
21175,21533,Undirected,34
21216,21533,Undirected,60
21154,21533,Undirected,40
21175,21539,Undirected,37
20754,21539,Undirected,33
21175,21527,Undirected,34
21154,21527,Undirected,37
21175,22117,Undirected,49
21175,82567,Undirected,53
20754,21216,Undirected,32
20713,21216,Undirected,38
21154,21216,Undirected,50
21174,82567,Undirected,30
21481,22110,Undirected,38
22282,22283,Undirected,33
21930,21934,Undirected,41
21931,21934,Undirected,38
21934,85099C,Undirected,41
20713,85099C,Undirected,241
48173C,85099C,Undirected,53
21108,21232,Undirected,38
47566,85014B,Undirected,35
20750,85014B,Undirected,37
21430,47566,Undirected,43
21217,21430,Undirected,32
21430,82482,Undirected,74
21429,82483,Undirected,30
21621,47566,Undirected,153
21232,21621,Undirected,53
21231,21621,Undirected,32
21621,47566B,Undirected,71
21621,21624,Undirected,49
21068,21071,Undirected,77
21068,82483,Undirected,38
21068,82482,Undirected,49
21071,82483,Undirected,57
21071,82482,Undirected,66
47566,47566B,Undirected,245
21217,47566,Undirected,38
47566,84836,Undirected,64
22170,47566,Undirected,32
47566,82483,Undirected,44
47566,82482,Undirected,127
47566,85066,Undirected,47
21381,47566,Undirected,30
21380,47566,Undirected,42
21232,22066,Undirected,73
21231,22066,Undirected,50
21232,47566B,Undirected,48
21217,21232,Undirected,74
21232,21411,Undirected,33
21232,84836,Undirected,62
21217,21231,Undirected,35
21231,82483,Undirected,30
47566B,82482,Undirected,31
21380,47566B,Undirected,32
20750,21217,Undirected,54
21407,21411,Undirected,39
21411,21624,Undirected,46
21115,21411,Undirected,43
21411,82482,Undirected,36
82483,84836,Undirected,32
84836,84839,Undirected,31
84836,85066,Undirected,51
82483,85066,Undirected,71
82482,85066,Undirected,79
84839,85066,Undirected,64
72807C,85123A,Undirected,44
84029G,85123A,Undirected,101
21488,85123A,Undirected,38
22295,82494L,Undirected,58
22295,82486,Undirected,36
72807A,72807C,Undirected,51
21034,22295,Undirected,42
21486,84029E,Undirected,39
21034,84029G,Undirected,57
21486,22112,Undirected,46
21524,48111,Undirected,103
21535,48111,Undirected,37
20728,48111,Undirected,32
20728,21524,Undirected,41
21231,21524,Undirected,31
21232,21524,Undirected,61
21527,37448,Undirected,37
21231,21531,Undirected,39
21232,21531,Undirected,77
20728,21535,Undirected,42
21232,21535,Undirected,119
21232,22355,Undirected,96
21429,22356,Undirected,34
21231,22355,Undirected,62
21481,22355,Undirected,31
22355,82494L,Undirected,35
21429,21481,Undirected,30
21137,22041,Undirected,151
21484,85123A,Undirected,75
22220,85123A,Undirected,35
21955,48116,Undirected,44
21524,48116,Undirected,59
48187,48197,Undirected,37
21733,48187,Undirected,36
48187,84978,Undirected,43
48187,84755,Undirected,50
48187,84970S,Undirected,42
21034,48187,Undirected,45
48194,48197,Undirected,42
21524,48197,Undirected,30
21955,48194,Undirected,99
21955,79323W,Undirected,31
21733,21955,Undirected,63
21524,48194,Undirected,163
48194,84978,Undirected,38
48194,84755,Undirected,38
48194,84970S,Undirected,51
22189,48194,Undirected,51
21034,48194,Undirected,47
21524,21733,Undirected,42
21524,84978,Undirected,30
21524,84755,Undirected,30
21524,22189,Undirected,36
21034,21524,Undirected,30
21733,84978,Undirected,57
21733,84755,Undirected,42
21733,22189,Undirected,99
21034,21733,Undirected,92
84978,85123A,Undirected,197
84755,85123A,Undirected,205
21984,85123A,Undirected,37
84755,84978,Undirected,80
22156,84978,Undirected,34
22086,84978,Undirected,31
84970S,84978,Undirected,135
22189,84978,Undirected,52
21034,84978,Undirected,48
22111,84978,Undirected,32
21485,84978,Undirected,39
84755,84970S,Undirected,114
22189,84755,Undirected,52
21034,84755,Undirected,42
21485,22113,Undirected,156
21485,84970S,Undirected,45
21034,22189,Undirected,50
21212,21544,Undirected,33
21080,21987,Undirected,96
21080,84692,Undirected,62
21210,84692,Undirected,39
21212,21987,Undirected,60
21843,21877,Undirected,30
84692,84991,Undirected,52
21843,84692,Undirected,39
20725,22219,Undirected,35
20726,48194,Undirected,34
20725,48194,Undirected,75
48194,84029G,Undirected,32
22228,22229,Undirected,47
21109,21110,Undirected,71
21507,22037,Undirected,69
21507,22030,Undirected,59
21507,22029,Undirected,133
21507,22025,Undirected,43
21868,21871,Undirected,51
21802,21803,Undirected,39
21069,21877,Undirected,37
21069,21070,Undirected,36
22189,84879,Undirected,125
72802C,72807C,Undirected,50
82483,85099B,Undirected,43
22141,22144,Undirected,177
21098,22086,Undirected,56
48194,84836,Undirected,44
35961,84970S,Undirected,30
22296,35961,Undirected,42
22296,84970S,Undirected,38
22178,48184,Undirected,35
48184,84946,Undirected,34
20685,22178,Undirected,44
20685,84946,Undirected,49
22178,84946,Undirected,178
22178,22296,Undirected,60
22060,22061,Undirected,43
20724,20972,Undirected,58
20972,85099C,Undirected,38
82486,85014B,Undirected,31
21523,85014B,Undirected,33
15056BL,22352,Undirected,51
15056BL,82486,Undirected,88
15056BL,82482,Undirected,91
15056BL,82483,Undirected,82
15056BL,21523,Undirected,59
15056BL,21955,Undirected,49
21733,22352,Undirected,61
22352,82482,Undirected,66
22352,82483,Undirected,40
22352,82494L,Undirected,51
21523,22352,Undirected,35
15056N,22352,Undirected,44
20679,22352,Undirected,48
21523,21868,Undirected,30
21733,82486,Undirected,103
21733,82482,Undirected,131
21523,21733,Undirected,65
21733,85014A,Undirected,44
21523,82486,Undirected,63
15056N,82486,Undirected,75
20679,82486,Undirected,73
21523,82482,Undirected,76
21955,82482,Undirected,54
20679,82482,Undirected,74
21523,82483,Undirected,61
21955,82483,Undirected,49
15056N,82483,Undirected,71
20679,82483,Undirected,70
82494L,85014A,Undirected,34
15056N,21523,Undirected,66
20679,21523,Undirected,45
15056N,21955,Undirected,54
20679,21955,Undirected,48
20685,84970L,Undirected,33
20685,21539,Undirected,34
22111,84836,Undirected,37
21622,46000S,Undirected,58
21622,22084,Undirected,32
21621,21928,Undirected,42
21621,22088,Undirected,33
21621,22084,Undirected,84
21843,21928,Undirected,40
22084,22088,Undirected,39
21843,22084,Undirected,39
20828,22139,Undirected,33
22139,72741,Undirected,34
22139,82482,Undirected,55
22147,22272,Undirected,43
22113,84029G,Undirected,62
21755,84029G,Undirected,31
22113,72741,Undirected,40
22275,82482,Undirected,42
22275,82494L,Undirected,49
21326,82482,Undirected,32
22120,82482,Undirected,32
20914,21156,Undirected,53
20914,22353,Undirected,48
20724,20914,Undirected,95
20723,20914,Undirected,58
20717,20914,Undirected,36
20914,22064,Undirected,32
20723,47591D,Undirected,32
21156,21559,Undirected,42
20724,21559,Undirected,76
20723,21559,Undirected,48
20718,21559,Undirected,51
20718,21558,Undirected,31
20717,20724,Undirected,67
20717,20723,Undirected,79
20723,22064,Undirected,40
20717,20727,Undirected,62
20717,20718,Undirected,191
21164,21770,Undirected,33
21770,82552,Undirected,34
21770,85150,Undirected,30
21164,82552,Undirected,47
21164,85150,Undirected,65
21181,82552,Undirected,70
82552,85150,Undirected,65
82552,85152,Undirected,91
20685,82552,Undirected,30
21080,85152,Undirected,52
21155,21527,Undirected,31
20750,21080,Undirected,51
20685,21155,Undirected,48
21733,84347,Undirected,33
21155,21843,Undirected,53
21155,21232,Undirected,48
21155,22348,Undirected,31
21217,22348,Undirected,40
21217,84879,Undirected,31
21232,21843,Undirected,122
21843,84836,Undirected,33
21843,22083,Undirected,55
21843,22348,Undirected,73
21843,48187,Undirected,47
21218,21232,Undirected,70
21232,21877,Undirected,33
21232,22083,Undirected,42
21232,22295,Undirected,39
21984,21985,Undirected,49
21985,84879,Undirected,35
20914,21985,Undirected,42
21218,85123A,Undirected,84
21218,22348,Undirected,43
21877,85123A,Undirected,78
21877,84879,Undirected,49
20914,21877,Undirected,52
21871,85123A,Undirected,77
21068,21871,Undirected,41
21871,84879,Undirected,54
20914,21871,Undirected,40
84509A,85123A,Undirected,31
21068,85123A,Undirected,38
48187,84879,Undirected,123
21068,84879,Undirected,31
21212,22332,Undirected,37
21213,21544,Undirected,33
21544,22332,Undirected,33
21213,22333,Undirected,35
21213,22332,Undirected,44
22332,22333,Undirected,119
22331,22333,Undirected,98
22333,22334,Undirected,71
22331,22332,Undirected,76
22332,22334,Undirected,66
22331,22334,Undirected,76
20685,21930,Undirected,50
37503,85099F,Undirected,33
22055,22063,Undirected,80
82597,85123A,Undirected,34
22284,85123A,Undirected,48
21829,21830,Undirected,33
15036,22139,Undirected,32
21786,85099B,Undirected,30
21672,POST,Undirected,38
21671,POST,Undirected,37
22348,POST,Undirected,32
21121,21559,Undirected,36
21212,21559,Undirected,82
21559,POST,Undirected,143
21121,21212,Undirected,145
21121,22139,Undirected,39
21121,22352,Undirected,39
21121,POST,Undirected,79
82482,84970L,Undirected,41
21078,82482,Undirected,33
21078,21621,Undirected,30
21078,85099B,Undirected,67
20685,21672,Undirected,38
20685,21844,Undirected,40
20685,21430,Undirected,35
21212,82600,Undirected,51
21844,22348,Undirected,38
21212,21844,Undirected,63
37446,37450,Undirected,60
20725,22192,Undirected,31
20725,22193,Undirected,32
20725,47566,Undirected,133
20725,21935,Undirected,61
20725,21934,Undirected,42
22192,47566,Undirected,54
22193,47566,Undirected,51
21558,21931,Undirected,61
21558,21930,Undirected,42
21216,47566,Undirected,34
21931,47566,Undirected,91
21930,47566,Undirected,54
21931,47566B,Undirected,43
21934,21935,Undirected,116
20685,48197,Undirected,32
48188,48197,Undirected,34
47591D,48187,Undirected,37
21523,48188,Undirected,93
21754,48188,Undirected,36
48187,85150,Undirected,31
21523,85150,Undirected,34
21523,82580,Undirected,38
21181,22117,Undirected,45
22117,85150,Undirected,31
21171,82581,Undirected,30
21171,82580,Undirected,31
21612,21614,Undirected,39
21613,21614,Undirected,34
21754,21900,Undirected,57
21754,21899,Undirected,37
21754,21901,Undirected,52
21754,21902,Undirected,31
21754,85150,Undirected,62
21754,82578,Undirected,43
21754,82580,Undirected,73
21754,82552,Undirected,72
21181,82599,Undirected,80
82581,82599,Undirected,33
82578,82599,Undirected,30
82580,82599,Undirected,43
82552,82599,Undirected,38
21900,82581,Undirected,31
21900,82580,Undirected,45
21900,82552,Undirected,45
21181,21899,Undirected,36
21899,82580,Undirected,36
21899,82552,Undirected,39
21181,21901,Undirected,39
21901,82580,Undirected,31
21181,82581,Undirected,78
21181,82578,Undirected,50
21181,82580,Undirected,113
82581,85150,Undirected,65
82578,85150,Undirected,47
82552,82581,Undirected,79
82552,82578,Undirected,50
82552,82580,Undirected,81
21533,21843,Undirected,155
21843,22180,Undirected,37
72760B,82494L,Undirected,45
72760B,82482,Undirected,30
21175,82494L,Undirected,91
21908,82494L,Undirected,35
21259,82494L,Undirected,39
22171,82494L,Undirected,75
21175,82483,Undirected,80
21175,82482,Undirected,89
21908,82482,Undirected,30
21034,21908,Undirected,36
21259,82482,Undirected,48
21777,21781,Undirected,59
22171,82483,Undirected,38
22171,82482,Undirected,66
21181,21843,Undirected,68
21181,84406B,Undirected,59
20750,21559,Undirected,52
21559,22090,Undirected,64
21559,21976,Undirected,35
21244,21559,Undirected,33
21240,21559,Undirected,44
21212,21242,Undirected,56
20750,21212,Undirected,71
21212,22090,Undirected,165
21791,22090,Undirected,33
21156,84997B,Undirected,65
20750,84997B,Undirected,48
21121,84997B,Undirected,38
22090,84997B,Undirected,65
84997B,POST,Undirected,80
21242,22090,Undirected,41
21240,21242,Undirected,155
21121,21156,Undirected,35
21156,22090,Undirected,31
21156,84997C,Undirected,46
21042,21156,Undirected,46
21156,POST,Undirected,72
20750,22090,Undirected,44
20750,84997C,Undirected,34
21121,22083,Undirected,42
21121,22090,Undirected,63
21121,84997C,Undirected,41
22090,84997C,Undirected,48
21244,22090,Undirected,34
21240,22090,Undirected,50
22090,POST,Undirected,94
84997C,POST,Undirected,72
21244,POST,Undirected,46
21240,POST,Undirected,78
21086,21936,Undirected,41
21086,21242,Undirected,46
21080,21086,Undirected,335
21936,22139,Undirected,36
21238,21936,Undirected,49
21242,21936,Undirected,40
21080,21936,Undirected,80
21094,21936,Undirected,40
20676,21936,Undirected,35
21080,21242,Undirected,60
21094,21242,Undirected,47
21080,21094,Undirected,372
20676,21080,Undirected,92
22064,22067,Undirected,56
21232,22151,Undirected,37
21109,21111,Undirected,37
21108,21109,Undirected,48
21181,84029E,Undirected,53
21430,22173,Undirected,34
21166,22173,Undirected,39
21165,22173,Undirected,33
22173,85152,Undirected,34
21181,22193,Undirected,30
22111,22193,Undirected,32
21166,21430,Undirected,32
21430,22196,Undirected,30
21166,21903,Undirected,79
21166,82583,Undirected,162
21166,85150,Undirected,175
21166,82552,Undirected,69
21166,82551,Undirected,61
21166,21171,Undirected,30
21165,21903,Undirected,48
21165,82552,Undirected,45
21165,82551,Undirected,42
21903,82583,Undirected,38
21903,85150,Undirected,60
21903,85152,Undirected,90
21181,82551,Undirected,59
82551,85150,Undirected,49
22111,85150,Undirected,40
82551,85152,Undirected,73
82551,82552,Undirected,185
21889,22111,Undirected,34
22114,22138,Undirected,61
22202,22203,Undirected,31
84837,85066,Undirected,32
21755,85066,Undirected,102
21745,21755,Undirected,55
21429,85099B,Undirected,62
21912,85099B,Undirected,33
84032B,85099B,Undirected,36
16156S,85099B,Undirected,36
20728,85099C,Undirected,147
22139,85099C,Undirected,54
20992,20996,Undirected,41
20728,20992,Undirected,30
20728,21791,Undirected,33
21790,22356,Undirected,35
20728,21790,Undirected,65
22139,22356,Undirected,50
20728,21429,Undirected,45
21499,22138,Undirected,31
16156S,21499,Undirected,52
20728,84997A,Undirected,55
20677,20728,Undirected,46
20971,21034,Undirected,44
21245,84997D,Undirected,53
20674,84997D,Undirected,69
20677,84997D,Undirected,100
20674,84997A,Undirected,67
20677,84997A,Undirected,57
20674,21245,Undirected,117
20677,21245,Undirected,87
20676,21245,Undirected,93
20674,21243,Undirected,83
20674,20676,Undirected,184
20676,20677,Undirected,209
21156,22113,Undirected,33
48194,71459,Undirected,32
21621,48194,Undirected,44
22083,71459,Undirected,41
21621,71459,Undirected,49
21755,71459,Undirected,56
71459,84978,Undirected,90
21621,22083,Undirected,51
22083,84978,Undirected,30
85049D,85049E,Undirected,80
85049B,85049E,Undirected,57
85049B,85049D,Undirected,85
21621,84978,Undirected,37
21755,84978,Undirected,78
21355,21358,Undirected,33
21755,84792,Undirected,34
21754,84792,Undirected,41
22147,22149,Undirected,293
22147,84978,Undirected,34
21754,22147,Undirected,42
20967,22147,Undirected,40
22149,84978,Undirected,37
20971,22149,Undirected,152
21843,22149,Undirected,31
21755,22149,Undirected,36
21754,22149,Undirected,63
21259,22149,Undirected,45
20967,22149,Undirected,36
20969,22149,Undirected,71
21843,84978,Undirected,30
21754,84978,Undirected,77
20971,21755,Undirected,30
20971,21754,Undirected,30
21755,21843,Undirected,50
21240,21843,Undirected,32
21239,21843,Undirected,32
20754,21843,Undirected,65
21843,84997C,Undirected,38
21843,84997D,Undirected,37
21755,21877,Undirected,37
21754,21877,Undirected,50
21755,84997D,Undirected,30
21034,21899,Undirected,30
21175,21899,Undirected,35
21899,82551,Undirected,33
21755,21899,Undirected,32
21172,21900,Undirected,31
21034,21900,Undirected,31
21900,85152,Undirected,36
21175,21900,Undirected,31
21900,82551,Undirected,37
21755,21900,Undirected,48
21901,85152,Undirected,35
21175,21901,Undirected,37
21755,21901,Undirected,43
21733,47556B,Undirected,32
47568,85123A,Undirected,58
21172,85152,Undirected,83
21172,21175,Undirected,76
21172,82551,Undirected,31
21172,84991,Undirected,33
21733,85152,Undirected,71
21175,21733,Undirected,91
21733,84991,Undirected,50
22118,85123A,Undirected,35
21755,85152,Undirected,83
21175,82551,Undirected,70
21175,21756,Undirected,33
21755,82551,Undirected,41
21755,84991,Undirected,42
71477,79321,Undirected,44
20718,21218,Undirected,40
20712,21218,Undirected,51
21218,21700,Undirected,39
21733,37448,Undirected,33
20718,21213,Undirected,41
20718,21155,Undirected,34
21733,71477,Undirected,61
21485,71477,Undirected,30
22114,71477,Undirected,46
20712,21700,Undirected,41
21733,21977,Undirected,42
21733,84992,Undirected,53
21155,21977,Undirected,35
21213,84380,Undirected,53
21155,21213,Undirected,37
21155,47568,Undirected,44
22112,84836,Undirected,48
21136,22112,Undirected,33
21977,84836,Undirected,58
21136,84836,Undirected,69
84836,84991,Undirected,54
20749,21977,Undirected,31
22139,47591D,Undirected,64
21977,84879,Undirected,115
21124,21977,Undirected,55
47591D,84879,Undirected,35
21136,22294,Undirected,40
84879,84991,Undirected,113
21122,84991,Undirected,80
21124,84991,Undirected,66
21730,71477,Undirected,37
21411,21733,Undirected,41
21411,21754,Undirected,33
21411,21755,Undirected,36
21756,22189,Undirected,33
72760B,85099B,Undirected,36
85099B,85232B,Undirected,41
20717,85099B,Undirected,120
20712,20717,Undirected,52
20712,85099C,Undirected,185
20717,85099F,Undirected,106
20717,21931,Undirected,81
20717,85099C,Undirected,61
21080,22352,Undirected,66
21086,21213,Undirected,62
21213,21987,Undirected,77
21213,21988,Undirected,86
21094,21213,Undirected,79
21212,21988,Undirected,62
21080,22303,Undirected,35
21080,21988,Undirected,98
21086,21987,Undirected,97
21086,21989,Undirected,89
21086,21988,Undirected,89
21987,21988,Undirected,185
21094,21987,Undirected,91
21988,21989,Undirected,174
21094,21989,Undirected,91
21094,21988,Undirected,105
22197,22315,Undirected,32
22167,85123A,Undirected,34
21870,85123A,Undirected,124
22138,22197,Undirected,65
21218,22197,Undirected,54
21429,22197,Undirected,42
21428,22197,Undirected,30
21430,22197,Undirected,66
22173,22197,Undirected,37
21428,21429,Undirected,49
21411,21485,Undirected,32
21481,21485,Undirected,96
21843,84029E,Undirected,38
20969,22139,Undirected,36
21156,22139,Undirected,58
21156,21843,Undirected,56
21908,82552,Undirected,61
82580,82600,Undirected,98
21172,82580,Undirected,51
21174,82580,Undirected,81
21908,82580,Undirected,58
21903,82580,Undirected,34
82580,85152,Undirected,103
21175,82580,Undirected,100
21172,82581,Undirected,39
21174,82581,Undirected,50
21908,82581,Undirected,53
21175,82581,Undirected,75
84406B,85150,Undirected,30
21171,21172,Undirected,62
21174,82600,Undirected,121
21908,82600,Undirected,121
21903,82600,Undirected,56
82578,82600,Undirected,49
82600,84406B,Undirected,38
21172,84406B,Undirected,36
21174,21908,Undirected,105
21174,21903,Undirected,54
21174,82578,Undirected,47
21174,85152,Undirected,178
21903,21908,Undirected,59
21908,82578,Undirected,38
21908,84406B,Undirected,33
21175,21903,Undirected,89
82578,85152,Undirected,58
21175,82578,Undirected,57
84406B,85152,Undirected,40
21175,84406B,Undirected,54
22078,84879,Undirected,35
84879,85152,Undirected,83
21171,84879,Undirected,32
22112,85152,Undirected,86
48194,85152,Undirected,41
21172,84946,Undirected,30
48194,84946,Undirected,32
21421,21422,Undirected,41
21495,21500,Undirected,53
21495,21499,Undirected,46
21495,21498,Undirected,76
21080,21498,Undirected,63
21080,22333,Undirected,126
21080,84378,Undirected,51
21080,84375,Undirected,30
21080,22348,Undirected,56
22083,22333,Undirected,53
84375,84380,Undirected,84
21892,22139,Undirected,40
21890,22138,Undirected,54
47566B,85123A,Undirected,91
21232,21733,Undirected,96
21733,82582,Undirected,34
21733,82583,Undirected,44
21733,82600,Undirected,53
21621,21733,Undirected,54
21034,22109,Undirected,30
21034,82582,Undirected,34
21034,82583,Undirected,45
21034,21181,Undirected,82
21034,21165,Undirected,36
21232,82583,Undirected,57
21232,21908,Undirected,43
82613A,82613D,Undirected,36
82582,82583,Undirected,95
21908,82582,Undirected,93
21165,82582,Undirected,115
22117,85152,Undirected,39
21905,85152,Undirected,46
21621,85152,Undirected,48
84836,85152,Undirected,51
21908,82583,Undirected,100
82486,82583,Undirected,43
82583,84836,Undirected,44
82483,82583,Undirected,43
21165,22117,Undirected,31
21175,21905,Undirected,50
21175,21621,Undirected,44
21175,47566B,Undirected,31
21175,82486,Undirected,78
21175,84836,Undirected,52
21181,21905,Undirected,41
21905,21908,Undirected,36
21905,82600,Undirected,38
21908,82486,Undirected,30
21908,22189,Undirected,41
21165,82486,Undirected,46
21165,82483,Undirected,39
21621,82600,Undirected,31
82486,82600,Undirected,46
21621,82486,Undirected,34
82486,84837,Undirected,30
82486,84836,Undirected,47
22189,82483,Undirected,70
37447,85123A,Undirected,39
20728,21121,Undirected,33
20725,21527,Undirected,48
20725,22072,Undirected,36
20754,22348,Undirected,36
20914,47566,Undirected,91
20914,21658,Undirected,35
21080,84997B,Undirected,72
21080,47566,Undirected,109
21212,22072,Undirected,41
21212,47566,Undirected,135
22072,22348,Undirected,38
22138,47566,Undirected,89
47566,84997B,Undirected,38
20972,21481,Undirected,39
20972,48187,Undirected,36
20972,22139,Undirected,67
20972,21232,Undirected,102
71477,72741,Undirected,34
21896,85123A,Undirected,30
22139,48187,Undirected,30
21231,48187,Undirected,30
20750,85123A,Undirected,61
21231,22139,Undirected,56
37370,85123A,Undirected,61
21745,85123A,Undirected,85
21108,21110,Undirected,63
21181,21259,Undirected,33
21107,21109,Undirected,32
21107,21110,Undirected,49
21181,22178,Undirected,46
22178,22189,Undirected,55
21385,22189,Undirected,35
21385,22178,Undirected,33
22178,85099F,Undirected,31
21385,22156,Undirected,34
21485,22149,Undirected,39
21175,22149,Undirected,36
21181,22149,Undirected,44
21175,21485,Undirected,44
21870,22112,Undirected,48
21868,21870,Undirected,55
21175,21868,Undirected,32
22083,47590A,Undirected,40
22086,22090,Undirected,38
22090,47590A,Undirected,73
20972,47591D,Undirected,59
21704,22138,Undirected,41
20685,20972,Undirected,37
22079,85123A,Undirected,76
21704,21791,Undirected,54
46000M,46000S,Undirected,49
21745,82486,Undirected,31
21745,82494L,Undirected,38
22171,82486,Undirected,55
21340,82486,Undirected,35
21327,21328,Undirected,66
21826,21827,Undirected,38
21558,21731,Undirected,40
21731,22131,Undirected,33
21731,84997D,Undirected,57
20977,20978,Undirected,55
21558,82482,Undirected,32
21755,22138,Undirected,54
21385,22294,Undirected,63
22294,82482,Undirected,47
22294,82494L,Undirected,55
22294,84406B,Undirected,35
82482,84947,Undirected,45
82494L,84947,Undirected,38
21906,85123A,Undirected,33
22179,85123A,Undirected,42
20978,85123A,Undirected,33
20726,20750,Undirected,47
20914,21791,Undirected,32
20750,20914,Undirected,36
21212,21871,Undirected,37
85049D,85123A,Undirected,50
21034,85049D,Undirected,35
85049B,85123A,Undirected,36
20970,22139,Undirected,33
20971,22139,Undirected,44
20972,21034,Undirected,51
22070,85123A,Undirected,44
21314,85123A,Undirected,115
20969,85123A,Undirected,39
21314,22139,Undirected,34
20676,21156,Undirected,32
22355,79321,Undirected,45
21232,21577,Undirected,30
21231,37495,Undirected,43
21232,37495,Undirected,74
22064,22355,Undirected,44
85123A,C2,Undirected,33
21107,21112,Undirected,34
21110,21112,Undirected,40
15060B,85014B,Undirected,44
21868,21977,Undirected,37
21977,22189,Undirected,36
21977,82580,Undirected,36
21977,82583,Undirected,34
21212,21868,Undirected,39
21704,21790,Undirected,96
21212,21704,Undirected,32
21790,22083,Undirected,43
21790,21843,Undirected,35
20685,21790,Undirected,36
21523,21790,Undirected,30
21790,82580,Undirected,30
21889,84991,Undirected,35
21523,21843,Undirected,37
21843,82581,Undirected,33
21843,82580,Undirected,47
21212,21754,Undirected,83
21212,21523,Undirected,49
21212,82581,Undirected,30
21212,82580,Undirected,53
21212,82583,Undirected,34
82580,84991,Undirected,40
21754,82583,Undirected,66
21756,48187,Undirected,37
21756,82583,Undirected,31
21577,21578,Undirected,68
20719,21577,Undirected,34
21578,21731,Undirected,36
20719,21578,Undirected,52
21429,21731,Undirected,38
20719,21429,Undirected,35
20719,21481,Undirected,46
20719,21700,Undirected,31
20719,22139,Undirected,63
20719,22331,Undirected,31
20719,22333,Undirected,33
22313,22314,Undirected,34
20914,22200,Undirected,30
20914,22150,Undirected,39
21080,POST,Undirected,120
21754,22197,Undirected,55
21754,82551,Undirected,54
21754,22297,Undirected,43
20971,22197,Undirected,42
22197,82581,Undirected,34
22197,84946,Undirected,34
22197,22297,Undirected,31
20724,84879,Undirected,65
48194,85099B,Undirected,146
20727,48194,Undirected,40
20728,48194,Undirected,43
47590B,48194,Undirected,33
22089,85123A,Undirected,45
47590B,85123A,Undirected,97
20728,20979,Undirected,40
84755,85099B,Undirected,121
20727,84755,Undirected,59
22356,84755,Undirected,35
20728,84755,Undirected,60
22355,84755,Undirected,33
20724,84755,Undirected,43
20725,84755,Undirected,85
84978,85099B,Undirected,85
20727,84978,Undirected,51
22356,84978,Undirected,34
20728,84978,Undirected,46
22355,84978,Undirected,31
20724,84978,Undirected,55
20725,84978,Undirected,67
22089,85099B,Undirected,38
47590B,85099B,Undirected,68
20727,47590B,Undirected,50
20728,47590B,Undirected,58
20725,47590B,Undirected,64
20727,20981,Undirected,42
20727,20982,Undirected,66
20725,20983,Undirected,45
20727,20983,Undirected,43
20681,20725,Undirected,31
20682,20725,Undirected,65
22356,47566,Undirected,54
20725,22113,Undirected,46
20727,84032B,Undirected,31
20727,22113,Undirected,30
20727,21481,Undirected,32
20727,47566,Undirected,85
21479,84032B,Undirected,34
22111,84032B,Undirected,42
22110,22111,Undirected,69
22111,47566,Undirected,50
22352,47566,Undirected,35
15036,15044A,Undirected,38
15036,84879,Undirected,41
22219,22297,Undirected,59
22219,84406B,Undirected,33
15044A,15044B,Undirected,66
22297,84755,Undirected,30
84406B,84755,Undirected,35
21506,84879,Undirected,50
22178,22297,Undirected,51
22178,22224,Undirected,33
22178,84406B,Undirected,32
22297,84879,Undirected,98
84406B,84879,Undirected,83
84406B,85066,Undirected,34
72760B,85066,Undirected,31
21985,21986,Undirected,92
21754,21985,Undirected,32
21754,37503,Undirected,32
21714,21755,Undirected,31
21181,84050,Undirected,42
21175,84050,Undirected,30
22112,84050,Undirected,33
21755,84050,Undirected,42
21755,22112,Undirected,59
21584,21592,Undirected,42
21755,22170,Undirected,43
21523,48111,Undirected,71
21755,48188,Undirected,37
22151,84970L,Undirected,43
84836,84949,Undirected,41
21790,84836,Undirected,48
21903,82582,Undirected,41
82597,82599,Undirected,37
82597,85150,Undirected,37
20970,22147,Undirected,74
22082,85049A,Undirected,45
21486,22114,Undirected,38
22333,84997B,Undirected,30
22333,84997D,Undirected,37
20971,21232,Undirected,100
21314,82483,Undirected,40
21314,21755,Undirected,63
21314,82494L,Undirected,55
21314,82486,Undirected,43
22275,82483,Undirected,42
22276,82494L,Undirected,31
21755,82483,Undirected,89
20972,21755,Undirected,37
21114,21755,Undirected,33
21755,22297,Undirected,47
21755,22079,Undirected,42
20972,82486,Undirected,31
21136,22297,Undirected,38
21135,21136,Undirected,43
21136,82494L,Undirected,46
21385,22297,Undirected,69
22297,22335,Undirected,31
22227,22297,Undirected,35
22297,82494L,Undirected,50
22297,82486,Undirected,36
22078,22079,Undirected,74
22082,82494L,Undirected,34
22227,22335,Undirected,31
82494L,85061W,Undirected,35
22219,82494L,Undirected,41
21181,22219,Undirected,30
22090,84978,Undirected,38
82494L,84978,Undirected,65
21181,84978,Undirected,47
21181,22090,Undirected,30
21755,84029E,Undirected,45
22112,85049A,Undirected,30
22082,84978,Undirected,44
22112,82600,Undirected,46
21790,84978,Undirected,32
21754,84029E,Undirected,43
21754,22112,Undirected,69
22141,85123A,Undirected,39
21918,85123A,Undirected,37
21754,22079,Undirected,33
21485,84032B,Undirected,30
22271,84077,Undirected,38
22111,84032A,Undirected,40
21519,21870,Undirected,31
71477,82494L,Undirected,55
71477,82482,Undirected,42
20978,20982,Undirected,35
20726,20981,Undirected,34
20727,20978,Undirected,37
20726,21558,Undirected,73
21866,21867,Undirected,71
20712,21559,Undirected,59
21559,21930,Undirected,53
20712,21430,Undirected,44
20725,82580,Undirected,48
82580,85099B,Undirected,71
84279P,85123A,Undirected,31
21115,85123A,Undirected,52
21114,85123A,Undirected,72
20725,21429,Undirected,52
20725,21976,Undirected,52
20725,21430,Undirected,48
21481,POST,Undirected,67
21165,21172,Undirected,60
21165,82578,Undirected,46
21165,82581,Undirected,65
21165,82580,Undirected,83
21903,21905,Undirected,31
82578,82582,Undirected,32
82581,82582,Undirected,53
21034,82581,Undirected,36
82580,82582,Undirected,57
21034,82580,Undirected,40
21908,84879,Undirected,45
22151,82482,Undirected,41
21212,72760B,Undirected,36
22198,85123A,Undirected,35
20754,84991,Undirected,45
20751,84991,Undirected,36
21212,84949,Undirected,30
21843,22198,Undirected,36
21843,21976,Undirected,30
20749,21843,Undirected,32
22112,22138,Undirected,50
21976,22138,Undirected,38
20749,21430,Undirected,31
21210,21976,Undirected,33
20754,21210,Undirected,33
20749,21212,Undirected,49
21843,22072,Undirected,105
21034,21745,Undirected,30
20727,21238,Undirected,52
20727,21889,Undirected,32
20727,20975,Undirected,31
21232,21314,Undirected,38
20975,21889,Undirected,38
21523,84879,Undirected,62
21523,22197,Undirected,38
21488,22111,Undirected,43
21484,84879,Undirected,65
21479,84879,Undirected,31
84029G,84879,Undirected,35
84029E,84879,Undirected,50
82486,84879,Undirected,129
22227,84879,Undirected,33
22197,84879,Undirected,81
21870,84879,Undirected,36
48185,82486,Undirected,42
22113,82486,Undirected,54
21870,82486,Undirected,45
48187,82483,Undirected,55
22113,82483,Undirected,50
21870,82483,Undirected,51
22197,48187,Undirected,36
22197,48185,Undirected,33
21871,22111,Undirected,30
21870,21872,Undirected,52
20914,37448,Undirected,37
20914,22356,Undirected,60
20727,21533,Undirected,38
20727,21535,Undirected,52
21928,85099C,Undirected,301
21928,21930,Undirected,181
85099C,85123A,Undirected,161
21916,21977,Undirected,31
21977,22195,Undirected,44
21916,21918,Undirected,59
22197,84997C,Undirected,38
22197,84997B,Undirected,51
22197,84997D,Undirected,42
22083,22197,Undirected,49
22113,22178,Undirected,34
22178,82482,Undirected,118
22178,82494L,Undirected,117
21333,85123A,Undirected,44
21609,21613,Undirected,47
84947,84978,Undirected,40
22138,84978,Undirected,41
22139,84978,Undirected,40
22149,22150,Undirected,225
20970,22149,Undirected,71
22138,22149,Undirected,70
22139,22149,Undirected,88
21700,85216,Undirected,31
21700,POST,Undirected,61
20914,21874,Undirected,34
20914,21930,Undirected,55
21213,21930,Undirected,49
21232,21930,Undirected,51
21213,POST,Undirected,48
21232,POST,Undirected,77
20914,21889,Undirected,31
22215,85123A,Undirected,44
46000M,85123A,Undirected,54
22311,22312,Undirected,46
15056N,21977,Undirected,39
21755,84947,Undirected,33
21777,84879,Undirected,30
21754,21777,Undirected,40
21916,21917,Undirected,33
21916,84879,Undirected,43
21754,21916,Undirected,42
84792,84879,Undirected,62
22079,84879,Undirected,39
82583,84879,Undirected,54
22078,22081,Undirected,40
22081,22082,Undirected,80
20665,POST,Undirected,33
22178,48187,Undirected,56
22178,84792,Undirected,37
84596F,85123A,Undirected,42
84596B,85123A,Undirected,58
22171,85123A,Undirected,102
15056BL,72741,Undirected,31
22061,37449,Undirected,74
21326,22111,Undirected,30
21523,21524,Undirected,134
21519,21524,Undirected,34
21524,22348,Undirected,30
21080,79321,Undirected,30
79321,85123A,Undirected,82
22175,85123A,Undirected,34
20717,21212,Undirected,34
22170,22173,Undirected,37
85124B,85124C,Undirected,36
22173,85066,Undirected,45
22227,84836,Undirected,32
21754,22193,Undirected,34
21326,84947,Undirected,57
22112,82582,Undirected,32
20723,82582,Undirected,30
20724,82582,Undirected,33
20711,82600,Undirected,36
20724,82600,Undirected,37
21181,22055,Undirected,33
21181,47559B,Undirected,30
20711,21181,Undirected,38
21232,47559B,Undirected,104
20711,21232,Undirected,39
22061,37446,Undirected,32
22061,84991,Undirected,33
22055,85099B,Undirected,43
22055,84991,Undirected,41
20725,47559B,Undirected,57
47559B,85099B,Undirected,50
47559B,84991,Undirected,85
37503,47559B,Undirected,43
20711,21559,Undirected,39
21559,21931,Undirected,97
21559,85099F,Undirected,48
21559,85099B,Undirected,112
21559,84991,Undirected,39
20711,20723,Undirected,44
20711,20725,Undirected,114
20711,20724,Undirected,72
20711,84991,Undirected,36
21931,22112,Undirected,60
20723,21931,Undirected,130
21931,84991,Undirected,94
21931,85152,Undirected,62
22114,85014A,Undirected,32
22111,85099F,Undirected,42
22112,85099F,Undirected,47
20724,85099F,Undirected,154
84991,85099F,Undirected,88
85099F,85152,Undirected,43
20724,85152,Undirected,33
85099B,85152,Undirected,94
84991,85014B,Undirected,30
20914,21916,Undirected,30
20914,21429,Undirected,36
20914,47566B,Undirected,37
20914,21755,Undirected,33
37449,85123A,Undirected,66
21754,47566B,Undirected,33
22168,85123A,Undirected,53
21754,22168,Undirected,36
22064,22197,Undirected,47
21977,22086,Undirected,46
21533,84992,Undirected,30
22090,84992,Undirected,30
21533,21977,Undirected,36
21977,22090,Undirected,69
21212,21533,Undirected,101
21212,22073,Undirected,38
21212,37448,Undirected,30
21232,21533,Undirected,80
21533,22090,Undirected,51
21086,22090,Undirected,122
21217,22090,Undirected,43
21232,22090,Undirected,57
21288,21348,Undirected,31
22111,84946,Undirected,41
20982,22138,Undirected,33
21930,22352,Undirected,41
21980,22348,Undirected,30
21155,21156,Undirected,30
21155,47591D,Undirected,34
21155,82486,Undirected,43
21155,82482,Undirected,77
21155,82494L,Undirected,56
21154,47591D,Undirected,32
21154,21232,Undirected,58
21156,82482,Undirected,43
21156,82494L,Undirected,32
85176,85178,Undirected,40
21122,21232,Undirected,31
85049E,85049F,Undirected,56
16161P,21498,Undirected,97
16161P,21497,Undirected,46
21524,84077,Undirected,34
21181,21524,Undirected,70
21181,21498,Undirected,33
21175,21524,Undirected,54
21497,21498,Undirected,82
21930,48194,Undirected,35
22156,22297,Undirected,38
84947,85123A,Undirected,68
21904,85152,Undirected,34
20749,21559,Undirected,39
20750,21790,Undirected,32
20685,22149,Undirected,38
21523,48116,Undirected,69
20749,21790,Undirected,30
21889,22086,Undirected,50
21791,22271,Undirected,33
21791,22147,Undirected,43
21889,22147,Undirected,34
21889,22149,Undirected,35
21218,22073,Undirected,51
21218,22072,Undirected,41
21216,22073,Undirected,42
21216,22072,Undirected,41
21216,22348,Undirected,46
21843,22073,Undirected,84
21527,21529,Undirected,35
21529,21539,Undirected,32
21539,22348,Undirected,46
21529,21535,Undirected,42
21533,22348,Undirected,58
21378,21379,Undirected,32
21928,84755,Undirected,48
21498,84879,Undirected,54
22178,85099C,Undirected,43
22156,84879,Undirected,39
21524,84879,Undirected,75
22153,22155,Undirected,49
22295,84755,Undirected,32
84755,85099C,Undirected,35
21524,85099C,Undirected,47
48129,85123A,Undirected,68
71053,84970S,Undirected,33
21164,21165,Undirected,86
21164,21877,Undirected,44
22197,82583,Undirected,55
21164,82494L,Undirected,41
21164,82482,Undirected,39
21164,21843,Undirected,49
21164,82486,Undirected,31
85123A,85150,Undirected,140
82482,85150,Undirected,65
21485,85150,Undirected,40
22189,85150,Undirected,31
82494L,82600,Undirected,66
82482,82600,Undirected,78
21843,82600,Undirected,50
21165,21754,Undirected,48
17091J,85123A,Undirected,31
21875,85123A,Undirected,44
21843,82494L,Undirected,32
82494L,84949,Undirected,54
21843,82482,Undirected,56
82482,84949,Undirected,63
21843,82486,Undirected,41
82486,84949,Undirected,35
22023,82486,Undirected,52
21754,71053,Undirected,32
85034B,85034C,Undirected,32
85034A,85034C,Undirected,34
84077,85227,Undirected,30
20728,POST,Undirected,54
20725,POST,Undirected,121
21108,22138,Undirected,32
21034,21870,Undirected,32
21259,85066,Undirected,40
21390,84836,Undirected,64
72807B,72807C,Undirected,61
15056BL,22139,Undirected,34
15056N,22139,Undirected,34
15056BL,20750,Undirected,31
15056BL,47566,Undirected,30
15056N,47566,Undirected,51
20750,21731,Undirected,79
21558,POST,Undirected,44
21559,47566,Undirected,50
21559,21731,Undirected,75
21731,47566,Undirected,41
47566,POST,Undirected,45
21615,21617,Undirected,30
21616,21619,Undirected,33
20723,20971,Undirected,38
20723,20972,Undirected,36
20971,47591D,Undirected,49
21164,21908,Undirected,78
21062,21063,Undirected,36
21060,21063,Undirected,31
22355,84077,Undirected,32
21912,84077,Undirected,38
21327,21329,Undirected,63
21070,21071,Undirected,38
20676,22083,Undirected,31
22084,85123A,Undirected,83
22084,22090,Undirected,78
22090,85123A,Undirected,96
21843,21955,Undirected,34
20685,21035,Undirected,40
20685,22090,Undirected,57
20685,84050,Undirected,31
20676,22090,Undirected,68
21035,21843,Undirected,82
21035,22090,Undirected,33
21843,22090,Undirected,78
22090,84077,Undirected,37
22199,22203,Undirected,90
72741,82483,Undirected,43
21232,72760B,Undirected,32
48111,48194,Undirected,172
48194,82482,Undirected,54
48194,82483,Undirected,39
48194,82486,Undirected,58
48111,82482,Undirected,38
48111,82494L,Undirected,41
48111,82483,Undirected,34
48111,82486,Undirected,44
22296,82483,Undirected,35
22296,82486,Undirected,55
22295,82482,Undirected,54
21524,82483,Undirected,36
72760B,82486,Undirected,33
22111,22139,Undirected,62
21918,22139,Undirected,37
22066,85123A,Undirected,34
21380,85099B,Undirected,37
21504,22037,Undirected,31
20725,22037,Undirected,34
20719,22037,Undirected,30
21504,22029,Undirected,62
21506,22029,Undirected,117
20750,22029,Undirected,37
20725,22029,Undirected,58
20724,22029,Undirected,46
20723,22029,Undirected,34
22029,22355,Undirected,40
22029,22356,Undirected,30
20719,22029,Undirected,50
21506,22024,Undirected,35
21506,22028,Undirected,51
20725,21506,Undirected,38
21558,85099C,Undirected,35
21428,21931,Undirected,32
21430,85099C,Undirected,45
20725,20750,Undirected,76
20723,20750,Undirected,30
20750,22355,Undirected,38
20750,22356,Undirected,50
20750,21931,Undirected,35
20719,20750,Undirected,56
20717,20725,Undirected,82
20713,20723,Undirected,61
20717,22355,Undirected,51
20719,22355,Undirected,340
20717,22356,Undirected,52
20713,20717,Undirected,41
20713,20719,Undirected,84
20717,20719,Undirected,35
20719,21931,Undirected,139
21498,22149,Undirected,32
21033,85099B,Undirected,120
21935,85099B,Undirected,77
82486,85099B,Undirected,59
22355,84997B,Undirected,43
22355,84997D,Undirected,39
21931,84997D,Undirected,68
20914,20972,Undirected,46
20914,22355,Undirected,51
22355,82486,Undirected,30
21931,47591D,Undirected,61
21931,82486,Undirected,43
15036,21232,Undirected,35
20754,21232,Undirected,47
21232,72351B,Undirected,38
21232,21777,Undirected,31
21755,85014B,Undirected,34
21122,84997B,Undirected,38
22139,84970L,Undirected,32
21533,22352,Undirected,35
21217,22352,Undirected,39
20914,22352,Undirected,63
20914,22203,Undirected,34
21533,22139,Undirected,61
21217,22139,Undirected,45
21122,21212,Undirected,113
20914,21121,Undirected,45
22029,22149,Undirected,33
21506,21507,Undirected,64
21506,21509,Undirected,50
21508,22029,Undirected,130
21508,21509,Undirected,159
21508,22025,Undirected,39
21509,22029,Undirected,155
21509,22028,Undirected,41
21509,22025,Undirected,46
21080,22178,Undirected,34
22189,84946,Undirected,51
21731,21791,Undirected,46
20682,22138,Undirected,36
20682,20684,Undirected,36
21675,21679,Undirected,37
21259,85099B,Undirected,44
21936,85123A,Undirected,83
21174,21930,Undirected,31
20914,84375,Undirected,33
20914,21034,Undirected,76
20727,22271,Undirected,36
22138,84375,Undirected,47
22244,22245,Undirected,77
20727,21934,Undirected,67
21034,84032B,Undirected,31
20727,22332,Undirected,46
20726,47591D,Undirected,70
20726,84692,Undirected,44
20726,21155,Undirected,38
20726,21977,Undirected,55
20726,21238,Undirected,55
20726,21240,Undirected,42
20725,84692,Undirected,70
20725,21154,Undirected,66
20725,21155,Undirected,108
20725,21238,Undirected,73
47556B,47591D,Undirected,35
21080,47591D,Undirected,58
21154,47556B,Undirected,32
21154,21217,Undirected,43
21154,84991,Undirected,46
21155,84991,Undirected,39
21080,21977,Undirected,159
21080,21240,Undirected,56
20677,20914,Undirected,36
21212,21755,Undirected,48
21212,21259,Undirected,40
72741,85038,Undirected,45
21181,21217,Undirected,34
84580,84581,Undirected,46
22147,22189,Undirected,42
22149,22272,Undirected,56
22149,22274,Undirected,110
20969,22272,Undirected,32
20970,22272,Undirected,32
21055,21056,Undirected,48
21054,21055,Undirected,47
15056BL,22113,Undirected,33
22151,84970S,Undirected,55
21034,22151,Undirected,33
22274,85123A,Undirected,55
20725,22274,Undirected,39
20725,22271,Undirected,39
20725,20971,Undirected,73
20971,85099F,Undirected,31
22111,22149,Undirected,39
21485,85099C,Undirected,31
22149,85099C,Undirected,32
21217,85099C,Undirected,35
84997D,85099C,Undirected,37
84997B,85099C,Undirected,44
84970S,85099C,Undirected,35
21929,22149,Undirected,32
21929,48187,Undirected,43
21928,22149,Undirected,35
21928,82482,Undirected,58
20726,22149,Undirected,41
20726,21535,Undirected,31
20726,84997A,Undirected,51
20726,84970S,Undirected,43
20726,48187,Undirected,32
20726,82494L,Undirected,36
20727,22149,Undirected,77
20727,22274,Undirected,34
20727,22273,Undirected,43
20727,21217,Undirected,33
20727,84970S,Undirected,46
20727,48187,Undirected,49
20727,82482,Undirected,83
20727,82494L,Undirected,81
21704,22149,Undirected,30
20725,22149,Undirected,72
22149,84970S,Undirected,30
20725,22273,Undirected,54
20981,85123A,Undirected,37
20725,22084,Undirected,35
21217,84997D,Undirected,32
20725,21535,Undirected,87
20725,21533,Undirected,69
20725,84375,Undirected,30
20725,84970S,Undirected,86
20725,48129,Undirected,33
21535,48187,Undirected,47
21535,82482,Undirected,49
84375,85123A,Undirected,35
82494L,84970S,Undirected,57
79000,85123A,Undirected,34
22171,48187,Undirected,30
22171,84792,Undirected,36
82482,84792,Undirected,38
21216,82583,Undirected,34
82583,85099C,Undirected,31
21154,82583,Undirected,30
21035,82583,Undirected,39
82494L,82583,Undirected,72
82482,82583,Undirected,74
22055,82583,Undirected,35
82600,85099C,Undirected,41
22112,85150,Undirected,63
21175,85099C,Undirected,50
21535,85152,Undirected,47
21533,85152,Undirected,36
85099C,85152,Undirected,43
82494L,85152,Undirected,83
82482,85152,Undirected,87
21181,21539,Undirected,34
21181,21533,Undirected,30
21181,21216,Undirected,44
21181,84997D,Undirected,31
21181,84997C,Undirected,34
21181,47591D,Undirected,38
21035,21181,Undirected,45
21181,82482,Undirected,94
21035,21535,Undirected,65
21155,21535,Undirected,55
21535,82580,Undirected,32
21035,21531,Undirected,55
21155,21531,Undirected,32
22063,37446,Undirected,35
22059,22063,Undirected,65
21035,21527,Undirected,33
21035,21539,Undirected,45
21155,21539,Undirected,36
21232,21539,Undirected,50
21035,21533,Undirected,55
21155,21533,Undirected,48
21035,21216,Undirected,69
84997C,85099C,Undirected,36
47591D,85099C,Undirected,40
22112,85099C,Undirected,56
21035,85099C,Undirected,59
21155,85099C,Undirected,30
82580,85099C,Undirected,41
20713,21035,Undirected,41
20713,82482,Undirected,37
20713,21232,Undirected,53
22273,47591D,Undirected,30
22271,47591D,Undirected,33
21035,82482,Undirected,52
21035,22055,Undirected,36
21155,82580,Undirected,37
82494L,82580,Undirected,56
82494L,82581,Undirected,46
82482,82580,Undirected,76
82482,82578,Undirected,35
82482,82581,Undirected,62
21232,82580,Undirected,70
21232,82578,Undirected,31
21232,82581,Undirected,57
35809A,35810A,Undirected,59
20750,21843,Undirected,51
21658,21843,Undirected,31
20676,20750,Undirected,40
20750,21238,Undirected,46
22197,84978,Undirected,45
84978,85099C,Undirected,36
16161U,21495,Undirected,50
21495,21504,Undirected,49
82494L,84755,Undirected,51
21756,82494L,Undirected,48
21756,84755,Undirected,40
22178,82580,Undirected,40
21174,22178,Undirected,34
22178,84836,Undirected,74
22171,22178,Undirected,35
22178,71477,Undirected,30
82580,84836,Undirected,44
82580,84970L,Undirected,39
82581,84836,Undirected,32
21164,21174,Undirected,65
21174,84836,Undirected,37
84836,85061W,Undirected,36
22296,85061W,Undirected,31
71477,84836,Undirected,38
22296,84970L,Undirected,30
20727,21790,Undirected,48
20727,21918,Undirected,30
21175,21975,Undirected,32
21175,22147,Undirected,35
20712,21175,Undirected,30
21485,22147,Undirected,34
72351B,85123A,Undirected,51
21975,22147,Undirected,34
21975,85123A,Undirected,62
21972,21975,Undirected,43
21973,21976,Undirected,32
37449,84991,Undirected,39
22063,37449,Undirected,30
20972,84991,Undirected,81
20724,82483,Undirected,38
20724,84997C,Undirected,38
20724,84997D,Undirected,42
20724,20971,Undirected,48
22111,22147,Undirected,30
22147,84879,Undirected,66
20972,22111,Undirected,36
20972,84879,Undirected,62
20971,84879,Undirected,54
21901,82494L,Undirected,30
21034,22173,Undirected,46
21509,22037,Undirected,59
21509,22023,Undirected,76
21509,22027,Undirected,116
21509,22035,Undirected,36
21508,22023,Undirected,75
21508,22027,Undirected,111
21508,22035,Undirected,37
21507,22023,Undirected,38
21507,22027,Undirected,119
21507,22035,Undirected,39
22023,22037,Undirected,32
22027,22037,Undirected,114
22035,22037,Undirected,38
22023,22029,Undirected,76
22023,22027,Undirected,55
21506,22023,Undirected,57
22027,22029,Undirected,210
22029,22035,Undirected,53
20914,22029,Undirected,33
22027,22035,Undirected,48
21506,22027,Undirected,87
22027,22028,Undirected,81
21506,22035,Undirected,40
21908,22112,Undirected,44
20914,22112,Undirected,50
21870,85152,Undirected,54
21870,21908,Undirected,35
72802B,72802C,Undirected,80
72802B,72807B,Undirected,38
72802B,72807C,Undirected,39
21034,72802C,Undirected,30
72802C,72807B,Undirected,31
21034,21584,Undirected,30
20719,20972,Undirected,37
20725,21033,Undirected,41
21486,22111,Undirected,37
85199L,85199S,Undirected,34
21232,47580,Undirected,39
15056N,21232,Undirected,44
21535,48194,Undirected,35
48111,48197,Undirected,39
48116,85099B,Undirected,48
21843,85099B,Undirected,120
21498,85099B,Undirected,88
20719,84997B,Undirected,47
48187,84946,Undirected,44
84692,84879,Undirected,45
21559,84879,Undirected,37
21499,84879,Undirected,33
20719,84879,Undirected,37
21498,84692,Undirected,30
21559,21843,Undirected,46
21498,21843,Undirected,42
20719,21559,Undirected,63
16156S,21500,Undirected,55
20685,21498,Undirected,77
47556B,47566B,Undirected,31
22236,85123A,Undirected,47
21212,22236,Undirected,47
22236,84991,Undirected,36
21770,85123A,Undirected,63
21232,84988,Undirected,33
21232,84987,Undirected,55
84987,84988,Undirected,93
22091,22093,Undirected,36
20829,21232,Undirected,30
21232,22029,Undirected,33
21731,84077,Undirected,50
21731,22027,Undirected,39
21731,22029,Undirected,47
21212,22027,Undirected,45
21212,21498,Undirected,80
21212,22045,Undirected,34
21212,21500,Undirected,43
21889,84077,Undirected,66
22139,84077,Undirected,63
22029,84077,Undirected,38
21509,84077,Undirected,33
21544,84077,Undirected,39
22029,22139,Undirected,48
21498,22139,Undirected,48
22045,22139,Undirected,30
21498,21507,Undirected,30
21507,22045,Undirected,33
22025,22027,Undirected,65
22027,22046,Undirected,50
21498,22027,Undirected,35
22027,22045,Undirected,38
21156,22029,Undirected,43
22029,22046,Undirected,40
21498,22029,Undirected,53
21495,22029,Undirected,37
22029,22045,Undirected,124
21504,21509,Undirected,59
21509,22045,Undirected,30
21495,21544,Undirected,33
21498,22046,Undirected,33
22045,22046,Undirected,56
21498,22045,Undirected,84
21495,22045,Undirected,76
21500,22045,Undirected,41
21535,82486,Undirected,34
20725,47590A,Undirected,41
21754,47556B,Undirected,38
21314,21754,Undirected,54
15056BL,21175,Undirected,31
21181,22064,Undirected,32
15056BL,22023,Undirected,46
15056BL,21232,Undirected,37
15056BL,21165,Undirected,34
15056BL,85152,Undirected,31
22064,22066,Undirected,34
22064,85152,Undirected,31
21165,82599,Undirected,50
21174,82494L,Undirected,35
21174,82482,Undirected,36
21174,84879,Undirected,61
20718,84997C,Undirected,31
21428,82482,Undirected,32
20718,82482,Undirected,47
20718,84879,Undirected,40
21624,85123A,Undirected,74
15060B,85014A,Undirected,39
22086,82494L,Undirected,31
22086,82482,Undirected,30
21977,82482,Undirected,58
82482,84991,Undirected,49
21212,82482,Undirected,58
21035,21042,Undirected,39
21035,21238,Undirected,30
21033,21035,Undirected,33
21035,22073,Undirected,35
21041,21535,Undirected,36
51014A,51014C,Undirected,53
51014A,51014L,Undirected,58
21703,84077,Undirected,46
51014C,51014L,Undirected,35
21484,21754,Undirected,34
21755,48184,Undirected,41
21755,48187,Undirected,78
21485,21755,Undirected,65
21559,21755,Undirected,34
21156,21238,Undirected,31
21535,21985,Undirected,33
20727,21985,Undirected,31
22318,85123A,Undirected,40
21500,85123A,Undirected,57
20727,21500,Undirected,42
21156,21931,Undirected,39
21156,21535,Undirected,36
21499,85123A,Undirected,49
21755,21931,Undirected,44
20727,21755,Undirected,50
18098C,85123A,Undirected,43
20726,21218,Undirected,35
21218,21731,Undirected,35
21485,85099F,Undirected,33
20713,85123A,Undirected,72
20713,21213,Undirected,35
20713,21731,Undirected,51
20726,85099F,Undirected,145
21213,21731,Undirected,38
72760B,84880,Undirected,30
20750,21218,Undirected,43
21218,21844,Undirected,56
21216,21844,Undirected,42
22073,22138,Undirected,31
21843,22070,Undirected,33
21843,21844,Undirected,102
21731,21843,Undirected,41
21539,22139,Undirected,38
21731,22303,Undirected,32
22139,22303,Undirected,34
21844,22139,Undirected,39
21232,21755,Undirected,70
21212,21314,Undirected,45
21175,21217,Undirected,31
21035,21217,Undirected,74
21135,85123A,Undirected,48
21175,21212,Undirected,69
20971,21175,Undirected,36
20972,21175,Undirected,40
22303,85123A,Undirected,53
37450,85123A,Undirected,38
20972,21213,Undirected,57
21213,22147,Undirected,38
22147,84991,Undirected,45
22059,84991,Undirected,31
21232,22147,Undirected,47
22059,37450,Undirected,43
37503,47556B,Undirected,34
22224,84970L,Undirected,30
22224,84970S,Undirected,30
84839,85123A,Undirected,102
21524,22084,Undirected,30
22113,71477,Undirected,44
21035,48185,Undirected,37
21232,21506,Undirected,33
20725,48185,Undirected,63
21535,48185,Undirected,44
21527,48185,Undirected,43
48184,48185,Undirected,100
48111,48185,Undirected,117
21524,48185,Undirected,145
37448,48185,Undirected,38
20725,22073,Undirected,40
20725,21844,Undirected,47
20725,84050,Undirected,44
20725,21524,Undirected,64
21411,21533,Undirected,30
20750,21533,Undirected,30
20750,21535,Undirected,40
48111,48184,Undirected,83
21955,48111,Undirected,53
21094,47566B,Undirected,37
21080,47566B,Undirected,58
22090,47566B,Undirected,73
20974,22090,Undirected,38
21094,21243,Undirected,38
21094,21239,Undirected,50
21094,22090,Undirected,138
21094,21240,Undirected,38
21080,21243,Undirected,42
21080,21239,Undirected,62
21086,21243,Undirected,31
21086,21239,Undirected,48
21086,21240,Undirected,36
21238,22090,Undirected,59
20975,22090,Undirected,41
20975,84077,Undirected,33
21243,22090,Undirected,36
20677,22090,Undirected,47
21239,22090,Undirected,49
21733,21870,Undirected,48
21733,84378,Undirected,49
20750,21755,Undirected,32
21340,85123A,Undirected,62
21791,22111,Undirected,36
21733,84406B,Undirected,52
21790,22027,Undirected,39
21508,21790,Undirected,36
21507,21790,Undirected,35
21733,21790,Undirected,40
21791,22027,Undirected,34
21507,21791,Undirected,35
22037,85123A,Undirected,33
22024,22027,Undirected,61
21508,22024,Undirected,40
21508,85123A,Undirected,46
21507,22024,Undirected,36
21507,85123A,Undirected,38
22028,85123A,Undirected,41
72802C,85123A,Undirected,44
20727,22147,Undirected,51
20725,22147,Undirected,59
22149,22356,Undirected,38
21212,22149,Undirected,71
21975,22149,Undirected,35
21977,22149,Undirected,58
21976,22356,Undirected,33
20727,21976,Undirected,44
21232,22236,Undirected,44
20754,22139,Undirected,39
21658,84879,Undirected,37
22197,22219,Undirected,35
72802B,85123A,Undirected,33
21389,85123A,Undirected,40
72802A,72802B,Undirected,55
21385,21389,Undirected,39
21078,85123A,Undirected,69
21077,21078,Undirected,33
21078,21080,Undirected,187
21080,21082,Undirected,40
21080,21900,Undirected,35
21080,21901,Undirected,32
21080,84755,Undirected,50
21078,21082,Undirected,34
21078,21212,Undirected,70
21078,84991,Undirected,56
21078,84755,Undirected,40
21212,84755,Undirected,64
84755,84991,Undirected,62
21754,84992,Undirected,35
84755,84992,Undirected,35
21624,21754,Undirected,30
21754,84755,Undirected,86
21900,84755,Undirected,33
84755,84946,Undirected,83
48173C,48185,Undirected,59
48111,48173C,Undirected,68
48111,48129,Undirected,123
15056N,48111,Undirected,37
48111,85123A,Undirected,74
15056N,21524,Undirected,32
21523,48129,Undirected,71
15056BL,21034,Undirected,36
48194,85014B,Undirected,33
22059,48185,Undirected,35
37448,48194,Undirected,30
20711,21929,Undirected,166
20711,21928,Undirected,172
21314,21485,Undirected,36
20719,22064,Undirected,30
22139,85150,Undirected,30
20702,85123A,Undirected,34
21175,84946,Undirected,43
82600,84946,Undirected,32
21175,21843,Undirected,53
21588,85099B,Undirected,30
21523,85099F,Undirected,39
22094,85099B,Undirected,30
21523,85099B,Undirected,73
20717,21930,Undirected,47
21175,21930,Undirected,35
21523,21931,Undirected,49
20914,82580,Undirected,43
21843,22236,Undirected,50
21524,21843,Undirected,42
21232,22219,Undirected,37
21175,22219,Undirected,30
22219,82580,Undirected,40
21172,21232,Undirected,37
21175,22113,Undirected,30
21524,22139,Undirected,38
21164,21175,Undirected,102
22139,82580,Undirected,30
20682,20686,Undirected,41
21485,21931,Undirected,47
21733,22079,Undirected,31
21916,22139,Undirected,30
21174,22139,Undirected,31
22090,22139,Undirected,72
21539,22090,Undirected,48
21535,21790,Undirected,33
21535,22090,Undirected,42
84378,84836,Undirected,32
21790,84378,Undirected,30
22090,84378,Undirected,30
21174,84991,Undirected,33
22090,84991,Undirected,72
21212,21916,Undirected,33
21174,21212,Undirected,49
21212,85049A,Undirected,31
21212,84836,Undirected,73
20914,22090,Undirected,71
21790,22090,Undirected,46
82567,85152,Undirected,45
82567,82600,Undirected,50
20726,21975,Undirected,46
21733,47591D,Undirected,30
21355,85123A,Undirected,31
21485,84946,Undirected,57
21041,21531,Undirected,32
15056BL,48111,Undirected,35
21929,84991,Undirected,63
21928,84991,Undirected,67
21429,85099F,Undirected,31
21900,85099B,Undirected,46
21622,85099B,Undirected,38
21992,21993,Undirected,39
21533,21790,Undirected,34
21790,84970S,Undirected,36
21980,84879,Undirected,32
21533,22138,Undirected,49
22138,84970S,Undirected,39
22138,84970L,Undirected,42
22308,22309,Undirected,37
21533,84879,Undirected,56
21212,84970S,Undirected,74
21977,84970S,Undirected,47
21977,84970L,Undirected,34
21172,21977,Undirected,35
47566B,47590A,Undirected,82
21621,47590A,Undirected,51
21034,22084,Undirected,33
21034,22078,Undirected,33
21034,22149,Undirected,49
21175,22173,Undirected,31
21175,22115,Undirected,50
21908,22115,Undirected,38
20972,21621,Undirected,41
20971,21621,Undirected,39
21621,22147,Undirected,37
21621,22149,Undirected,33
21034,84406B,Undirected,37
84989A,84991,Undirected,32
21080,84029G,Undirected,31
20725,21980,Undirected,59
20719,21935,Undirected,43
20719,21976,Undirected,38
20719,21213,Undirected,40
20719,21934,Undirected,32
20726,22355,Undirected,149
21976,22355,Undirected,42
21213,22355,Undirected,61
21934,22355,Undirected,44
20726,21981,Undirected,32
20726,21976,Undirected,45
21974,22139,Undirected,38
21931,84987,Undirected,37
21931,21974,Undirected,41
22156,22296,Undirected,30
22197,82580,Undirected,56
21791,21891,Undirected,74
20674,21240,Undirected,117
21240,85099F,Undirected,35
21240,21931,Undirected,47
20676,85099F,Undirected,34
20676,21121,Undirected,37
84997D,POST,Undirected,86
84997A,POST,Undirected,43
22147,22148,Undirected,37
22146,22148,Undirected,30
22147,84077,Undirected,38
21754,84077,Undirected,35
21790,84077,Undirected,101
21791,84077,Undirected,59
22179,79321,Undirected,45
21519,85123A,Undirected,77
20717,21928,Undirected,59
21240,21241,Undirected,120
21240,21245,Undirected,107
20675,21245,Undirected,99
20674,21244,Undirected,88
21559,84992,Undirected,38
84050,84992,Undirected,51
84692,84992,Undirected,37
21217,21559,Undirected,36
84050,84378,Undirected,69
20914,84380,Undirected,58
21934,22352,Undirected,32
21385,21733,Undirected,30
20727,21733,Undirected,62
21733,84029G,Undirected,51
21934,85123A,Undirected,41
20728,21934,Undirected,33
16161P,21500,Undirected,49
16161P,85123A,Undirected,54
21380,85123A,Undirected,62
82494L,85066,Undirected,84
84029G,84030E,Undirected,51
21479,84030E,Undirected,42
20725,21539,Undirected,46
20728,85152,Undirected,39
22064,85123A,Undirected,51
21677,85123A,Undirected,31
21677,21679,Undirected,40
20727,21679,Undirected,35
21770,82551,Undirected,31
20725,82552,Undirected,37
21232,82552,Undirected,34
22178,71459,Undirected,77
84279B,84279P,Undirected,60
20728,22271,Undirected,36
20726,22271,Undirected,30
21212,21918,Undirected,35
21918,22138,Undirected,33
20725,21918,Undirected,33
21156,21977,Undirected,44
21977,22196,Undirected,44
20728,21977,Undirected,63
21874,37370,Undirected,34
20725,48116,Undirected,37
20728,21156,Undirected,61
20728,84380,Undirected,32
20727,21544,Undirected,44
84375,84992,Undirected,49
21977,84375,Undirected,56
21974,84992,Undirected,48
21755,21870,Undirected,32
21985,22079,Undirected,33
22306,22307,Undirected,34
21107,21111,Undirected,35
21106,21111,Undirected,32
85132B,85132C,Undirected,32
20972,21210,Undirected,36
21110,21111,Undirected,41
22148,22149,Undirected,40
37495,72741,Undirected,34
22296,84755,Undirected,31
22212,84792,Undirected,40
20712,21935,Undirected,41
21934,85099B,Undirected,37
22149,85099B,Undirected,94
22193,85099B,Undirected,46
21931,84946,Undirected,33
21931,22178,Undirected,43
21218,21931,Undirected,61
21931,22149,Undirected,59
21931,84755,Undirected,46
20712,22149,Undirected,33
22149,22178,Undirected,45
20914,22178,Undirected,38
22149,84755,Undirected,45
20726,84755,Undirected,44
20914,84755,Undirected,61
21175,72741,Undirected,39
21175,22111,Undirected,49
84947,84949,Undirected,71
21755,21908,Undirected,46
21755,22294,Undirected,43
21326,22178,Undirected,50
21181,22283,Undirected,30
72802A,72807C,Undirected,33
21080,22082,Undirected,37
21080,84997C,Undirected,58
21080,85049E,Undirected,31
21078,21989,Undirected,38
15056BL,84879,Undirected,67
15056BL,21172,Undirected,30
21385,21754,Undirected,30
21754,72760B,Undirected,30
21590,21754,Undirected,34
21715,21716,Undirected,136
21868,84879,Undirected,67
21704,84879,Undirected,30
21868,21896,Undirected,53
21216,85123A,Undirected,58
21911,85123A,Undirected,49
84459B,85123A,Undirected,33
21172,21911,Undirected,30
84459A,84459B,Undirected,43
21704,21892,Undirected,55
21559,21700,Undirected,33
21700,22197,Undirected,46
21559,22029,Undirected,32
21559,22197,Undirected,85
21561,22352,Undirected,104
21239,22352,Undirected,34
22197,22352,Undirected,64
22090,22352,Undirected,58
21561,POST,Undirected,33
21883,POST,Undirected,43
20724,22027,Undirected,32
22027,22197,Undirected,30
22027,POST,Undirected,74
20685,22029,Undirected,37
22029,22197,Undirected,42
22029,POST,Undirected,86
22312,22314,Undirected,49
21981,POST,Undirected,45
21239,21731,Undirected,34
21240,21731,Undirected,39
21731,22197,Undirected,83
21731,22090,Undirected,56
21731,22037,Undirected,31
20975,21731,Undirected,33
20724,21238,Undirected,50
20724,21239,Undirected,47
20724,21240,Undirected,33
20724,22303,Undirected,32
20724,21137,Undirected,30
20724,22090,Undirected,62
20682,20724,Undirected,39
20724,20975,Undirected,32
21239,22197,Undirected,46
21239,POST,Undirected,68
21137,22197,Undirected,42
22090,22197,Undirected,82
22197,POST,Undirected,51
22302,POST,Undirected,41
22303,POST,Undirected,78
22037,POST,Undirected,41
20975,POST,Undirected,30
21790,47591D,Undirected,35
21210,47591D,Undirected,40
21210,84077,Undirected,30
20972,84987,Undirected,32
84077,84991,Undirected,49
20972,84077,Undirected,51
20972,21181,Undirected,49
21175,84970S,Undirected,34
21175,21904,Undirected,34
21165,21755,Undirected,42
21123,21124,Undirected,80
21121,21123,Undirected,86
21122,21123,Undirected,93
21121,84692,Undirected,31
21121,85123A,Undirected,48
21122,84692,Undirected,32
47591D,84378,Undirected,53
47591D,84380,Undirected,39
85062,85123A,Undirected,52
21385,22295,Undirected,38
22355,POST,Undirected,84
21731,22356,Undirected,50
22356,POST,Undirected,90
21218,POST,Undirected,39
21086,21731,Undirected,38
21086,POST,Undirected,107
21094,21731,Undirected,38
20724,21094,Undirected,31
21094,POST,Undirected,101
21156,21217,Undirected,43
21843,21974,Undirected,45
22271,85099B,Undirected,41
22273,85099B,Undirected,41
22150,85099B,Undirected,35
21843,85099C,Undirected,51
21843,21931,Undirected,55
20713,21843,Undirected,35
21843,22131,Undirected,31
21843,22352,Undirected,52
21843,22055,Undirected,50
21889,85099B,Undirected,38
22196,85099C,Undirected,37
22352,85099C,Undirected,60
21559,85099C,Undirected,55
21931,22352,Undirected,81
20713,22352,Undirected,33
20713,21559,Undirected,48
21034,22144,Undirected,34
21531,22139,Undirected,44
21899,84879,Undirected,35
21902,84879,Undirected,31
21901,84879,Undirected,45
21900,84879,Undirected,52
21034,21533,Undirected,30
21034,21535,Undirected,33
21034,21329,Undirected,30
21124,21975,Undirected,52
21975,22196,Undirected,40
20727,21843,Undirected,55
21843,84380,Undirected,32
21509,21790,Undirected,33
20728,21498,Undirected,42
20725,21498,Undirected,74
21733,84050,Undirected,39
21114,84879,Undirected,42
15034,15036,Undirected,37
22170,22171,Undirected,80
21164,21733,Undirected,37
21181,21904,Undirected,35
21745,85152,Undirected,36
20685,22112,Undirected,46
21035,21930,Undirected,35
71053,84029E,Undirected,31
21731,22150,Undirected,30
20719,20914,Undirected,57
21577,POST,Undirected,58
21578,POST,Undirected,94
21843,POST,Undirected,72
21080,21539,Undirected,52
21497,22045,Undirected,54
21497,22047,Undirected,33
21497,22030,Undirected,35
21519,22026,Undirected,49
21519,22027,Undirected,59
21507,21519,Undirected,32
22026,22027,Undirected,59
22026,22030,Undirected,48
21507,22026,Undirected,31
22030,22035,Undirected,44
21034,21136,Undirected,31
20723,21929,Undirected,85
20723,20728,Undirected,152
15056N,21929,Undirected,35
20713,20727,Undirected,95
20713,48185,Undirected,35
15056N,20725,Undirected,42
20727,48185,Undirected,33
15056N,20727,Undirected,31
21080,21868,Undirected,34
22242,22243,Undirected,61
22021,85206B,Undirected,83
21770,82582,Undirected,37
21755,21770,Undirected,35
21755,85150,Undirected,63
21529,21531,Undirected,36
20914,22147,Undirected,35
21156,21790,Undirected,30
20914,22195,Undirected,35
22138,84077,Undirected,55
22138,48187,Undirected,34
20914,84077,Undirected,41
21156,21210,Undirected,36
21034,21156,Undirected,38
15056N,21165,Undirected,34
21174,82582,Undirected,78
21174,21733,Undirected,39
15056N,85152,Undirected,31
22113,85152,Undirected,30
82482,82582,Undirected,35
15056N,82600,Undirected,47
15056BL,82600,Undirected,35
15056P,82494L,Undirected,33
15056P,85123A,Undirected,40
21033,21928,Undirected,75
21033,85099C,Undirected,72
21621,21929,Undirected,44
21621,21931,Undirected,55
47566,79321,Undirected,67
22147,47566,Undirected,44
22149,84077,Undirected,58
22149,48194,Undirected,32
22149,47566,Undirected,66
47566,84077,Undirected,35
21524,47566,Undirected,49
47566,48194,Undirected,86
21528,21845,Undirected,32
22147,47591D,Undirected,34
85049B,85049F,Undirected,56
85049F,85049H,Undirected,36
22078,22080,Undirected,71
22173,22189,Undirected,79
21059,22334,Undirected,31
20726,20979,Undirected,34
20972,22274,Undirected,107
20726,20972,Undirected,49
22076,85049C,Undirected,30
22111,84378,Undirected,30
21974,85123A,Undirected,48
21974,84879,Undirected,31
21977,22089,Undirected,47
21212,22089,Undirected,42
22089,84879,Undirected,40
21843,84378,Undirected,36
20685,84378,Undirected,34
21212,84375,Undirected,69
21214,21977,Undirected,30
21977,85123A,Undirected,126
84836,84992,Undirected,38
20685,84992,Undirected,42
21212,21214,Undirected,30
21175,21790,Undirected,30
20972,22272,Undirected,50
21908,82551,Undirected,41
21908,82567,Undirected,45
21843,21908,Undirected,30
22148,85123A,Undirected,30
85123A,85175,Undirected,51
22144,85123A,Undirected,46
22147,85099B,Undirected,49
22274,85099B,Undirected,43
71459,85099B,Undirected,82
71459,84970L,Undirected,70
84970L,85099C,Undirected,30
71459,84970S,Undirected,96
20914,84970S,Undirected,45
20972,22144,Undirected,41
20971,22144,Undirected,38
20914,71459,Undirected,55
71459,85099C,Undirected,34
48185,82600,Undirected,45
22064,82600,Undirected,33
21544,21679,Undirected,39
82486,85066,Undirected,123
82486,84946,Undirected,50
84970L,85066,Undirected,38
22189,85066,Undirected,53
22189,84970L,Undirected,42
22173,84879,Undirected,57
84879,85061W,Undirected,36
22173,84836,Undirected,43
21524,22027,Undirected,37
22027,84991,Undirected,31
22027,22149,Undirected,30
84970S,84991,Undirected,57
82483,84970S,Undirected,33
21524,47591D,Undirected,31
22149,47591D,Undirected,41
21524,84991,Undirected,39
48185,84991,Undirected,47
22149,84991,Undirected,54
22149,22355,Undirected,34
22138,22236,Undirected,34
21485,84970L,Undirected,33
21218,82580,Undirected,31
48194,82580,Undirected,35
21985,84992,Undirected,67
84992,85099F,Undirected,45
22355,84992,Undirected,33
21533,85099B,Undirected,81
20724,21533,Undirected,31
20724,21535,Undirected,36
21985,85099B,Undirected,56
20718,21930,Undirected,74
22355,85099F,Undirected,105
22295,84406B,Undirected,34
22219,85099B,Undirected,47
21931,22219,Undirected,35
22219,84836,Undirected,50
84406B,85099F,Undirected,32
84406B,85099B,Undirected,38
84406B,84836,Undirected,37
71459,85099F,Undirected,38
84836,85099B,Undirected,66
21928,71459,Undirected,31
21929,71459,Undirected,34
21931,84836,Undirected,34
21790,71459,Undirected,31
72802A,72802C,Undirected,58
21983,21985,Undirected,49
21980,21983,Undirected,65
21984,21986,Undirected,48
21034,22110,Undirected,36
22139,82486,Undirected,38
22086,82486,Undirected,30
22149,22197,Undirected,42
22147,22197,Undirected,32
21843,22197,Undirected,84
20751,22197,Undirected,33
22112,22147,Undirected,31
22294,82486,Undirected,31
22294,82483,Undirected,30
21080,82486,Undirected,35
21621,84520B,Undirected,36
48194,85066,Undirected,51
22178,48194,Undirected,34
84970S,85066,Undirected,44
21561,84997B,Undirected,35
21754,22084,Undirected,40
21506,21754,Undirected,43
21754,22029,Undirected,30
21509,22030,Undirected,46
21034,84520B,Undirected,39
21865,21866,Undirected,50
21731,22086,Undirected,48
21165,84879,Undirected,48
21210,21539,Undirected,34
21535,22197,Undirected,47
20914,21430,Undirected,30
21592,22197,Undirected,35
21918,22197,Undirected,31
15056N,84879,Undirected,77
15056N,85150,Undirected,31
84849B,85123A,Undirected,36
84879,85150,Undirected,44
82583,84849B,Undirected,32
22297,82482,Undirected,51
82486,85099F,Undirected,37
21874,82483,Undirected,50
21871,82494L,Undirected,39
21871,82482,Undirected,38
22115,85123A,Undirected,42
21523,21621,Undirected,33
20914,21523,Undirected,37
21523,85152,Undirected,37
21165,48194,Undirected,31
48194,85099F,Undirected,65
21621,37503,Undirected,30
21874,85099B,Undirected,45
20914,21621,Undirected,36
21621,46000M,Undirected,35
20972,85152,Undirected,37
20972,85099F,Undirected,50
22115,85152,Undirected,55
21165,84406B,Undirected,32
21191,21192,Undirected,52
79321,84879,Undirected,46
22178,79321,Undirected,31
22185,85123A,Undirected,59
21324,85123A,Undirected,37
21181,84970S,Undirected,39
21621,84970S,Undirected,38
21158,21248,Undirected,35
21768,85123A,Undirected,32
85067,85123A,Undirected,44
21673,48187,Undirected,31
21876,85123A,Undirected,41
21874,21876,Undirected,39
21682,21683,Undirected,36
21754,84050,Undirected,33
21158,21162,Undirected,78
21163,21248,Undirected,32
21314,22111,Undirected,36
21212,84880,Undirected,31
21531,21843,Undirected,122
20718,21843,Undirected,50
21080,21975,Undirected,99
21314,84879,Undirected,101
21314,22178,Undirected,72
20718,21936,Undirected,76
21931,21936,Undirected,111
21240,21936,Undirected,34
21558,21936,Undirected,35
21174,21770,Undirected,30
21466,21472,Undirected,32
21088,21096,Undirected,62
22212,82580,Undirected,31
21619,21620,Undirected,41
21616,21620,Undirected,30
21617,21620,Undirected,33
21136,21733,Undirected,35
21755,21781,Undirected,31
21174,22189,Undirected,34
21212,21908,Undirected,40
21212,21770,Undirected,32
21770,85099B,Undirected,35
20724,21843,Undirected,48
20713,21033,Undirected,54
20712,21033,Undirected,74
20712,48185,Undirected,41
21928,48185,Undirected,55
20711,21930,Undirected,151
21931,48185,Undirected,79
21430,21930,Undirected,39
21033,85099F,Undirected,66
21430,21928,Undirected,41
21430,21929,Undirected,32
20711,21430,Undirected,45
48116,48129,Undirected,48
48116,48185,Undirected,68
84029E,84378,Undirected,36
22189,22219,Undirected,35
21136,84978,Undirected,34
37448,84991,Undirected,41
22063,37448,Undirected,32
37503,47566B,Undirected,31
47566B,84987,Undirected,39
47566B,84991,Undirected,62
82613C,82613D,Undirected,31
21232,22057,Undirected,44
22055,22057,Undirected,50
22057,22059,Undirected,60
22057,22061,Undirected,43
22057,22063,Undirected,48
22059,22064,Undirected,46
22061,22063,Undirected,63
21843,22061,Undirected,46
22199,22200,Undirected,44
22275,22277,Undirected,30
21232,84509G,Undirected,30
84992,85099C,Undirected,42
22356,85099F,Undirected,123
21843,85099F,Undirected,37
22138,85099F,Undirected,37
21843,21929,Undirected,41
21929,84992,Undirected,34
21843,22356,Undirected,35
22356,84992,Undirected,40
20751,20914,Undirected,33
20914,22199,Undirected,35
21874,21931,Undirected,31
20754,84992,Undirected,39
21715,21718,Undirected,121
21716,21718,Undirected,124
21716,21791,Undirected,34
21524,22138,Undirected,39
15056N,22197,Undirected,45
21539,85099B,Undirected,46
75049L,85099B,Undirected,33
21524,22197,Undirected,36
21033,22197,Undirected,33
22243,22244,Undirected,58
21533,84991,Undirected,44
21155,21754,Undirected,32
22151,85152,Undirected,30
21390,82494L,Undirected,54
84879,84978,Undirected,113
71053,84879,Undirected,66
22178,84978,Undirected,129
84946,84978,Undirected,70
84978,85066,Undirected,38
22178,84947,Undirected,69
22178,71053,Undirected,37
20718,21216,Undirected,37
21216,22352,Undirected,32
20718,84997B,Undirected,35
21218,22352,Undirected,43
22352,84991,Undirected,37
20727,21181,Undirected,52
20727,21175,Undirected,47
20727,21218,Undirected,32
20725,21218,Undirected,66
21181,21218,Undirected,31
21212,85152,Undirected,58
20979,84991,Undirected,30
21212,82552,Undirected,39
84970S,84992,Undirected,41
82552,84991,Undirected,34
21930,84991,Undirected,49
82551,84836,Undirected,39
82552,84836,Undirected,37
82552,85099B,Undirected,43
21930,84997B,Undirected,32
20716,20717,Undirected,55
20712,85152,Undirected,31
20726,85152,Undirected,30
21155,71053,Undirected,46
20712,21181,Undirected,43
21181,21977,Undirected,55
21155,85099F,Undirected,43
20685,85066,Undirected,41
21535,22189,Undirected,30
20685,20754,Undirected,32
21212,21537,Undirected,30
22090,22149,Undirected,46
16236,16237,Undirected,36
21174,82551,Undirected,43
22219,22227,Undirected,58
21935,22356,Undirected,39
20725,21499,Undirected,34
21500,22090,Undirected,30
20726,21500,Undirected,30
22090,22355,Undirected,47
21929,22090,Undirected,32
20719,21929,Undirected,70
21928,22090,Undirected,55
20723,21928,Undirected,62
20719,21928,Undirected,52
21931,22090,Undirected,76
20728,21561,Undirected,66
20723,22352,Undirected,35
20726,22352,Undirected,110
22090,22356,Undirected,42
20723,22090,Undirected,32
20719,22090,Undirected,42
20727,22090,Undirected,69
20726,22090,Undirected,72
20725,22090,Undirected,112
20728,22090,Undirected,61
21498,22090,Undirected,47
20719,20728,Undirected,136
16161U,20727,Undirected,34
20727,21495,Undirected,50
20726,21498,Undirected,44
20725,21495,Undirected,39
16161U,20728,Undirected,34
20728,21495,Undirected,33
21539,21754,Undirected,31
21174,21900,Undirected,36
21755,85232B,Undirected,37
21754,21870,Undirected,53
21669,21755,Undirected,32
21673,21754,Undirected,37
21174,21754,Undirected,56
21533,21868,Undirected,30
21174,82597,Undirected,30
20972,21889,Undirected,31
20972,21888,Undirected,38
21078,84520B,Undirected,118
21326,84836,Undirected,32
22156,84836,Undirected,36
22147,84836,Undirected,39
22080,22081,Undirected,53
48184,85099B,Undirected,63
48184,85099F,Undirected,37
21870,71477,Undirected,36
20972,21870,Undirected,31
21877,85099B,Undirected,35
21844,85099B,Undirected,42
21257,85099B,Undirected,42
21179,21181,Undirected,48
21179,82582,Undirected,32
21179,85150,Undirected,35
21179,21908,Undirected,39
21179,85123A,Undirected,37
82552,82582,Undirected,46
21733,48184,Undirected,31
48184,82482,Undirected,44
48184,82483,Undirected,34
48184,82494L,Undirected,47
21181,48185,Undirected,66
21175,48185,Undirected,62
21755,48185,Undirected,52
21754,48185,Undirected,50
22173,22212,Undirected,44
22212,82486,Undirected,32
21181,85066,Undirected,33
21175,85066,Undirected,41
21755,22173,Undirected,55
21754,22173,Undirected,55
21754,85066,Undirected,101
16161P,85099B,Undirected,42
21175,22355,Undirected,42
20723,21175,Undirected,37
16156S,16161P,Undirected,63
16156S,21495,Undirected,51
16161P,21495,Undirected,32
71053,85099B,Undirected,45
21931,71053,Undirected,33
17091A,17091J,Undirected,46
20682,85014A,Undirected,31
20712,22139,Undirected,58
22149,84879,Undirected,88
21506,85099B,Undirected,33
22028,84879,Undirected,33
21071,84879,Undirected,43
21069,21071,Undirected,47
22356,84378,Undirected,31
20728,84378,Undirected,35
20725,84378,Undirected,50
21181,47566,Undirected,68
21430,48194,Undirected,30
47566,48187,Undirected,88
48187,85066,Undirected,39
47566,48184,Undirected,72
20972,47566,Undirected,57
22087,47566,Undirected,73
47566,85123A,Undirected,314
22087,85123A,Undirected,92
21754,21929,Undirected,42
21754,85099C,Undirected,43
21181,21929,Undirected,49
21175,21929,Undirected,30
21232,22178,Undirected,63
21524,21877,Undirected,40
21755,84755,Undirected,64
21755,22219,Undirected,44
71459,84755,Undirected,156
22294,84755,Undirected,38
84755,84836,Undirected,72
84755,84970L,Undirected,80
84755,84949,Undirected,57
71459,82494L,Undirected,40
21506,85123A,Undirected,65
21509,82494L,Undirected,49
21509,84879,Undirected,52
21509,85123A,Undirected,47
22219,84970L,Undirected,38
84879,85199L,Undirected,39
21670,84879,Undirected,53
82494L,84970L,Undirected,37
47566,82552,Undirected,40
20971,47566,Undirected,40
20914,82552,Undirected,32
22138,22355,Undirected,48
21918,84077,Undirected,44
22090,47566,Undirected,165
21731,84997C,Undirected,50
20750,84997D,Undirected,38
21731,22243,Undirected,39
21731,22242,Undirected,33
22243,POST,Undirected,64
22242,POST,Undirected,53
21155,85099B,Undirected,91
20750,85099B,Undirected,93
20675,POST,Undirected,50
21282,21283,Undirected,32
21891,21912,Undirected,40
21888,22090,Undirected,38
22189,22352,Undirected,34
84029G,85099C,Undirected,33
21755,85099C,Undirected,40
21523,85099C,Undirected,69
17003,21034,Undirected,39
21034,21731,Undirected,30
21034,M,Undirected,38
22114,48194,Undirected,46
20972,22189,Undirected,34
21207,21989,Undirected,43
20728,48187,Undirected,44
20727,22189,Undirected,38
20718,21935,Undirected,55
21519,22037,Undirected,35
82599,85123A,Undirected,55
84946,85099C,Undirected,36
20685,20726,Undirected,47
20726,21524,Undirected,30
20685,84755,Undirected,43
22147,84992,Undirected,49
21035,22138,Undirected,35
20725,21908,Undirected,32
21232,22220,Undirected,30
22221,22236,Undirected,36
22220,22236,Undirected,36
22220,22221,Undirected,31
82494L,84378,Undirected,35
21232,22188,Undirected,31
22188,85123A,Undirected,125
22188,82494L,Undirected,37
20724,82486,Undirected,38
20724,21155,Undirected,40
20717,85123A,Undirected,53
21080,21216,Undirected,48
20724,21034,Undirected,32
21731,22149,Undirected,36
22156,22219,Undirected,34
20971,21975,Undirected,39
21975,84380,Undirected,61
84520B,84991,Undirected,63
21080,21986,Undirected,37
21094,84520B,Undirected,31
21977,84520B,Undirected,53
20971,21977,Undirected,47
22131,22197,Undirected,37
21967,21982,Undirected,65
22158,85123A,Undirected,105
22041,22197,Undirected,52
21116,85123A,Undirected,30
21890,85123A,Undirected,37
21982,85123A,Undirected,43
21890,22149,Undirected,30
21498,21980,Undirected,34
20725,21985,Undirected,37
22188,22189,Undirected,199
22138,85066,Undirected,37
22215,22236,Undirected,36
21232,85175,Undirected,35
20725,21621,Undirected,58
20725,21843,Undirected,109
20725,21755,Undirected,64
20718,82580,Undirected,35
82580,84970S,Undirected,40
22139,84970S,Undirected,37
21876,21877,Undirected,41
21733,22149,Undirected,36
21754,84520B,Undirected,32
20914,84978,Undirected,43
21080,84978,Undirected,52
20914,21078,Undirected,30
21082,84520B,Undirected,35
21080,84997D,Undirected,72
22191,85123A,Undirected,75
22191,84879,Undirected,48
21733,22296,Undirected,54
21136,22296,Undirected,31
20674,84997C,Undirected,66
20677,84997C,Undirected,91
20674,84997B,Undirected,84
20677,84997B,Undirected,100
21843,48194,Undirected,39
20685,21975,Undirected,44
22079,84378,Undirected,32
21314,22189,Undirected,36
21035,21218,Undirected,73
21977,47566B,Undirected,33
21212,47566B,Undirected,50
20727,47566B,Undirected,39
20728,47566B,Undirected,35
48194,84029E,Undirected,38
20717,20728,Undirected,67
84839,85067,Undirected,30
21754,21781,Undirected,34
82486,85067,Undirected,32
35961,84879,Undirected,45
22188,84879,Undirected,55
21539,84879,Undirected,38
82580,84879,Undirected,52
84992,84997C,Undirected,36
21156,84997D,Undirected,41
84992,84997D,Undirected,45
47568,84520B,Undirected,36
84510A,84520B,Undirected,30
84520B,84992,Undirected,41
47566B,84992,Undirected,38
21673,21977,Undirected,30
21868,84978,Undirected,39
21977,84978,Undirected,54
82482,84978,Undirected,72
82551,84879,Undirected,39
82494L,82551,Undirected,36
82482,82551,Undirected,35
21977,82552,Undirected,32
82581,84879,Undirected,31
82494L,82552,Undirected,43
82482,82552,Undirected,47
84946,85048,Undirected,31
22112,85048,Undirected,31
37370,84029G,Undirected,33
20679,37370,Undirected,39
15056BL,37370,Undirected,38
20679,84879,Undirected,42
21080,21755,Undirected,37
20682,21080,Undirected,33
22084,85099B,Undirected,52
21755,22084,Undirected,30
22191,85099B,Undirected,49
21164,85099B,Undirected,33
82599,85099B,Undirected,37
21164,22115,Undirected,34
22115,82600,Undirected,40
21164,82599,Undirected,33
21164,21755,Undirected,32
84880,85123A,Undirected,68
20726,21755,Undirected,40
20728,21755,Undirected,56
20727,21430,Undirected,37
20728,21430,Undirected,37
20726,21754,Undirected,43
20728,21754,Undirected,53
20971,22064,Undirected,31
20719,20971,Undirected,34
72807A,72807B,Undirected,45
20674,21239,Undirected,99
21239,21245,Undirected,92
82583,85099B,Undirected,59
20713,22197,Undirected,60
20713,79321,Undirected,37
20712,22029,Undirected,35
79321,82494L,Undirected,30
21870,82494L,Undirected,60
22026,82494L,Undirected,37
22029,82494L,Undirected,42
21175,22197,Undirected,53
22197,85152,Undirected,56
21870,82600,Undirected,47
22197,79321,Undirected,57
21506,22026,Undirected,53
22026,22037,Undirected,31
72802C,82494L,Undirected,35
47566,84692,Undirected,51
84836,84971S,Undirected,37
21494,84347,Undirected,35
21843,85152,Undirected,50
48129,48184,Undirected,92
22222,85123A,Undirected,31
22192,85123A,Undirected,63
21781,85123A,Undirected,53
22173,72760B,Undirected,31
21181,22192,Undirected,34
21175,22192,Undirected,32
21497,21506,Undirected,88
21497,22149,Undirected,30
21498,21506,Undirected,41
21212,85049E,Undirected,44
21213,21559,Undirected,34
21213,21843,Undirected,70
21497,22139,Undirected,32
21497,85123A,Undirected,51
22029,22138,Undirected,49
21509,22024,Undirected,38
15056BL,21509,Undirected,41
15056BL,21508,Undirected,40
21508,84879,Undirected,45
22029,84879,Undirected,59
20725,22150,Undirected,45
22139,22178,Undirected,57
21756,82482,Undirected,42
71459,82482,Undirected,39
21314,82482,Undirected,58
71459,84946,Undirected,57
21314,84946,Undirected,46
20725,71459,Undirected,73
21175,22178,Undirected,64
20725,21164,Undirected,36
15044C,15044D,Undirected,58
15044A,15044D,Undirected,66
15044A,15044C,Undirected,62
15044B,15044C,Undirected,52
21218,47566,Undirected,36
21121,21213,Undirected,48
22244,POST,Undirected,32
20724,21934,Undirected,30
20726,21936,Undirected,109
21936,85099F,Undirected,84
20713,21936,Undirected,41
20712,21936,Undirected,68
21155,21931,Undirected,43
21936,85099B,Undirected,202
21218,21936,Undirected,35
21155,21936,Undirected,44
22171,22173,Undirected,65
21035,POST,Undirected,30
21035,21559,Undirected,45
21035,22352,Undirected,50
21035,21086,Undirected,32
21035,21094,Undirected,31
21035,21080,Undirected,88
21035,21210,Undirected,32
21154,POST,Undirected,33
21498,84991,Undirected,30
21498,21977,Undirected,33
21210,21498,Undirected,45
21498,22037,Undirected,35
21121,21498,Undirected,36
21499,22045,Undirected,42
21975,POST,Undirected,34
21559,21975,Undirected,37
21975,22352,Undirected,31
21975,21988,Undirected,34
21121,21975,Undirected,57
21976,22352,Undirected,30
21080,21976,Undirected,49
84991,POST,Undirected,35
21988,84991,Undirected,40
21121,84991,Undirected,64
84992,POST,Undirected,31
22352,84992,Undirected,34
21121,84992,Undirected,54
21977,POST,Undirected,50
21988,POST,Undirected,44
21243,POST,Undirected,42
21122,POST,Undirected,49
21124,POST,Undirected,44
22045,POST,Undirected,36
20726,POST,Undirected,138
21213,21974,Undirected,50
21213,22029,Undirected,33
21977,22352,Undirected,39
21977,21988,Undirected,30
21121,21977,Undirected,68
21080,21559,Undirected,65
21086,21210,Undirected,53
21086,84997C,Undirected,39
21086,84997D,Undirected,48
21086,21244,Undirected,30
21086,21121,Undirected,74
21086,21122,Undirected,53
21086,21124,Undirected,40
20726,21086,Undirected,34
21094,21210,Undirected,63
21094,84997C,Undirected,42
21094,84997D,Undirected,53
21094,21244,Undirected,32
21094,21121,Undirected,84
21094,21122,Undirected,57
21094,21124,Undirected,42
20726,21094,Undirected,31
21080,21974,Undirected,47
21080,21244,Undirected,35
21080,21121,Undirected,101
21080,21122,Undirected,76
21210,84997B,Undirected,34
21121,21210,Undirected,51
20726,21210,Undirected,31
21122,21974,Undirected,30
21239,84997A,Undirected,57
21245,84997B,Undirected,61
21245,84997C,Undirected,51
21122,84997C,Undirected,36
21124,84997C,Undirected,35
22029,84997D,Undirected,35
21121,84997D,Undirected,38
21122,84997D,Undirected,46
21124,84997D,Undirected,37
21239,21242,Undirected,142
20726,21242,Undirected,34
20726,22029,Undirected,44
22037,22045,Undirected,44
20726,22045,Undirected,37
20725,79321,Undirected,54
20727,79321,Undirected,52
72741,84879,Undirected,56
21563,21564,Undirected,77
20972,21498,Undirected,32
21430,21731,Undirected,38
21498,22138,Undirected,32
20749,82486,Undirected,30
21212,21870,Undirected,43
21164,84991,Undirected,33
21870,84991,Undirected,44
21908,84991,Undirected,33
20725,21523,Undirected,58
21181,21877,Undirected,32
21181,21871,Undirected,34
21975,84375,Undirected,53
20682,20728,Undirected,41
20681,20728,Undirected,34
21164,21903,Undirected,32
21181,21874,Undirected,56
22320,POST,Undirected,39
20719,22027,Undirected,30
21980,POST,Undirected,31
22331,POST,Undirected,69
82483,82580,Undirected,40
21621,21626,Undirected,40
22217,85123A,Undirected,32
22087,22189,Undirected,37
21931,22189,Undirected,57
20713,22189,Undirected,30
79321,85099C,Undirected,35
22087,85099C,Undirected,38
21429,21931,Undirected,31
21931,22084,Undirected,32
21172,21931,Undirected,31
20974,85123A,Undirected,35
21733,22090,Undirected,33
22090,85099B,Undirected,130
84580,85123A,Undirected,35
21936,21977,Undirected,41
21936,22197,Undirected,50
21936,84991,Undirected,42
21212,21936,Undirected,70
20718,21975,Undirected,30
22197,84992,Undirected,59
20718,22197,Undirected,49
21213,22197,Undirected,65
48185,85150,Undirected,37
84836,85150,Undirected,35
20674,POST,Undirected,36
20677,POST,Undirected,48
20674,21242,Undirected,102
20675,21242,Undirected,133
20677,21242,Undirected,120
20676,21246,Undirected,42
21080,22315,Undirected,44
21731,DOT,Undirected,48
21931,21937,Undirected,72
21935,DOT,Undirected,42
21937,DOT,Undirected,33
21931,22188,Undirected,36
21175,84755,Undirected,44
48111,DOT,Undirected,37
21557,DOT,Undirected,41
21523,DOT,Undirected,39
22167,DOT,Undirected,37
48197,DOT,Undirected,35
82482,DOT,Undirected,75
21934,82482,Undirected,31
22352,DOT,Undirected,57
20972,21524,Undirected,31
22083,82494L,Undirected,33
20972,21754,Undirected,44
20914,48185,Undirected,55
20914,82583,Undirected,35
21933,21937,Undirected,68
21933,21936,Undirected,91
21936,21937,Undirected,194
22178,82483,Undirected,61
22084,22197,Undirected,34
22197,84988,Undirected,42
21843,84988,Undirected,34
20726,21523,Undirected,32
21156,21218,Undirected,34
21733,85150,Undirected,57
21218,21231,Undirected,35
21903,85123A,Undirected,51
21175,21231,Undirected,70
21559,21733,Undirected,42
21231,21733,Undirected,74
20725,21531,Undirected,45
84991,85099C,Undirected,66
48194,84991,Undirected,47
48194,85099C,Undirected,81
21928,48194,Undirected,47
21929,48194,Undirected,45
21843,48185,Undirected,44
21931,82580,Undirected,53
82581,85099B,Undirected,50
20711,21843,Undirected,40
20711,47566,Undirected,37
20712,47566,Undirected,43
21930,47591D,Undirected,36
82580,85099F,Undirected,32
47566B,85099F,Undirected,38
47566,85099F,Undirected,89
20713,47566,Undirected,55
21843,47566,Undirected,59
21539,47566,Undirected,53
47566,82581,Undirected,34
47566,82580,Undirected,43
47566,85232B,Undirected,31
21533,47566,Undirected,61
21535,47566,Undirected,48
47566,47591D,Undirected,41
21622,47566,Undirected,47
21121,21535,Undirected,30
21745,82482,Undirected,33
21390,82482,Undirected,45
21746,21749,Undirected,80
22197,84378,Undirected,55
21900,22197,Undirected,32
22261,22262,Undirected,61
21445,21447,Undirected,37
48185,82583,Undirected,34
21931,82583,Undirected,40
48185,85152,Undirected,42
48187,85152,Undirected,42
21931,82483,Undirected,37
48185,85099F,Undirected,40
22284,22285,Undirected,71
21523,22365,Undirected,66
22365,48138,Undirected,108
22365,48173C,Undirected,32
21955,22365,Undirected,42
22365,48184,Undirected,47
22365,22366,Undirected,63
48116,48138,Undirected,92
22366,48116,Undirected,31
21498,48138,Undirected,36
21498,48184,Undirected,33
21523,48138,Undirected,172
21523,22366,Undirected,69
48138,48173C,Undirected,110
21955,48138,Undirected,132
48138,48184,Undirected,157
22366,48138,Undirected,110
22366,48173C,Undirected,38
21955,22366,Undirected,52
22366,48184,Undirected,42
16161P,21499,Undirected,48
21621,21756,Undirected,38
21381,85123A,Undirected,43
15056BL,71053,Undirected,37
84378,84970S,Undirected,34
22090,22138,Undirected,76
22045,22138,Undirected,30
22090,84997A,Undirected,30
20725,20749,Undirected,48
20675,22090,Undirected,42
20725,84077,Undirected,63
20750,21498,Undirected,36
20725,21497,Undirected,34
20725,22045,Undirected,47
20674,20725,Undirected,43
16156S,21212,Undirected,35
16156S,84991,Undirected,41
21232,71053,Undirected,35
21078,21232,Undirected,36
20713,84991,Undirected,45
21215,84992,Undirected,33
21213,85099C,Undirected,37
21213,21215,Undirected,31
21733,71053,Undirected,37
71053,85099C,Undirected,35
21733,85099C,Undirected,60
21731,21930,Undirected,30
21930,21989,Undirected,36
20718,85099C,Undirected,103
21731,85099C,Undirected,44
84029E,85099C,Undirected,34
84378,85099C,Undirected,34
21078,85099F,Undirected,51
48173C,48188,Undirected,59
21411,85099B,Undirected,42
21363,85123A,Undirected,73
21363,82482,Undirected,39
21363,21754,Undirected,56
21363,21755,Undirected,45
21216,85099B,Undirected,85
21754,21931,Undirected,53
21754,21928,Undirected,43
21755,21928,Undirected,32
22276,82482,Undirected,30
21260,21621,Undirected,30
21718,22138,Undirected,32
21523,47566,Undirected,42
21955,47566,Undirected,35
47566,47599A,Undirected,31
22030,47566,Undirected,34
22027,47566,Undirected,34
21508,22045,Undirected,31
21931,48194,Undirected,80
47566,84406B,Undirected,43
22294,47566,Undirected,36
82600,84755,Undirected,36
47566,84755,Undirected,111
22197,84755,Undirected,34
22178,82600,Undirected,44
22178,47566,Undirected,122
22178,22197,Undirected,38
47566,82600,Undirected,56
21916,47566,Undirected,31
22197,47566,Undirected,105
21916,22197,Undirected,33
20718,21790,Undirected,37
21790,47566,Undirected,44
20718,47566,Undirected,38
21155,47566,Undirected,47
21733,47566,Undirected,71
47566,85150,Undirected,44
21175,47566,Undirected,73
21078,47566,Undirected,43
47566,84520B,Undirected,38
22115,85150,Undirected,33
21533,48138,Undirected,54
48138,82600,Undirected,61
48138,72741,Undirected,42
84997A,85099B,Undirected,55
22090,84997D,Undirected,47
20725,22189,Undirected,58
21621,22090,Undirected,72
22139,48194,Undirected,42
21411,48194,Undirected,36
48138,48194,Undirected,232
48138,48185,Undirected,157
48138,85099B,Undirected,174
21930,82482,Undirected,30
48138,82482,Undirected,74
48138,82494L,Undirected,87
48138,82486,Undirected,73
21930,48138,Undirected,43
21931,48138,Undirected,78
21232,48138,Undirected,83
20914,48138,Undirected,67
21843,48138,Undirected,62
48138,85123A,Undirected,255
48138,48187,Undirected,194
48138,84029G,Undirected,61
21175,48138,Undirected,75
21908,48138,Undirected,35
48138,82580,Undirected,47
48138,82581,Undirected,30
21175,21179,Undirected,54
21179,82580,Undirected,37
21179,82581,Undirected,34
21181,22191,Undirected,42
21985,84378,Undirected,43
21985,84050,Undirected,34
21385,84970S,Undirected,39
22357,22358,Undirected,107
22114,48138,Undirected,47
22112,48138,Undirected,67
21877,48138,Undirected,31
21497,21500,Undirected,37
21122,22090,Undirected,51
21080,21929,Undirected,52
22088,85123A,Undirected,38
37495,84991,Undirected,32
21765,85123A,Undirected,41
21658,85123A,Undirected,33
82486,84792,Undirected,30
21535,84978,Undirected,32
21154,21843,Undirected,52
47590B,47599A,Undirected,53
21094,47599A,Undirected,37
21080,47599A,Undirected,38
21086,47599A,Undirected,36
15036,47566,Undirected,53
47566,47590B,Undirected,176
21094,47566,Undirected,51
21086,47566,Undirected,48
21094,47590B,Undirected,56
21080,47590B,Undirected,68
21086,47590B,Undirected,59
48129,48138,Undirected,108
48111,48138,Undirected,125
48138,84029E,Undirected,46
48138,84520B,Undirected,35
21977,48185,Undirected,32
21080,22326,Undirected,48
21080,22328,Undirected,41
21086,22326,Undirected,33
21094,22326,Undirected,34
22326,84997C,Undirected,51
22328,84997C,Undirected,41
22326,84997D,Undirected,67
22328,84997D,Undirected,57
21212,22326,Undirected,94
21212,22328,Undirected,88
21124,21212,Undirected,97
21977,22326,Undirected,36
21977,22328,Undirected,31
21977,22027,Undirected,39
22326,22328,Undirected,357
21121,22326,Undirected,37
22029,22326,Undirected,62
22027,22326,Undirected,33
22326,85099B,Undirected,111
21731,22326,Undirected,141
22326,84997B,Undirected,61
21121,22328,Undirected,31
22029,22328,Undirected,40
22328,85099B,Undirected,97
21731,22328,Undirected,74
22328,84997B,Undirected,61
21562,84212,Undirected,32
21122,84987,Undirected,32
21121,21731,Undirected,31
22027,85099B,Undirected,31
22115,22358,Undirected,32
21314,85099B,Undirected,44
82486,82581,Undirected,34
20725,82581,Undirected,41
22242,22244,Undirected,41
22244,85123A,Undirected,32
82486,82580,Undirected,49
82486,85099C,Undirected,66
20723,82483,Undirected,30
82483,85099C,Undirected,56
20725,82483,Undirected,59
22356,47559B,Undirected,31
22356,85152,Undirected,33
22356,82600,Undirected,32
20724,82580,Undirected,41
20724,82583,Undirected,32
22357,85123A,Undirected,38
22358,85099B,Undirected,38
22358,85123A,Undirected,48
21875,22358,Undirected,47
47559B,85099C,Undirected,37
21876,85099B,Undirected,40
47559B,85123A,Undirected,86
47556B,47559B,Undirected,99
21175,47559B,Undirected,30
20725,82583,Undirected,44
82583,82599,Undirected,66
21232,22294,Undirected,39
21242,21843,Undirected,42
84755,85152,Undirected,36
21181,84755,Undirected,49
21314,84755,Undirected,31
22139,84755,Undirected,45
84077,84755,Undirected,31
71459,85152,Undirected,31
21704,84077,Undirected,33
21390,84879,Undirected,83
21380,21754,Undirected,31
21390,21754,Undirected,48
21390,21733,Undirected,42
21314,21733,Undirected,32
22231,22233,Undirected,54
20972,84992,Undirected,38
21985,84988,Undirected,32
22236,POST,Undirected,30
21084,21090,Undirected,78
21868,48138,Undirected,47
48138,48197,Undirected,35
22260,22261,Undirected,33
21212,84989A,Undirected,30
21977,22236,Undirected,39
22139,84380,Undirected,38
22365,48187,Undirected,57
22365,85123A,Undirected,47
21621,21868,Undirected,36
21080,22198,Undirected,43
37495,85123A,Undirected,39
22297,84978,Undirected,33
21870,82482,Undirected,62
21985,48194,Undirected,42
21745,48138,Undirected,31
21524,48138,Undirected,201
22083,48138,Undirected,43
21080,21174,Undirected,41
21733,22087,Undirected,34
21519,82482,Undirected,53
21519,22029,Undirected,71
21165,22178,Undirected,38
22030,22178,Undirected,31
21733,82580,Undirected,48
21524,22029,Undirected,33
22029,82482,Undirected,37
21935,85123A,Undirected,49
22109,48138,Undirected,32
48138,82582,Undirected,44
21755,22171,Undirected,49
21754,22171,Undirected,49
21523,21929,Undirected,35
22037,84879,Undirected,33
21507,84879,Undirected,39
22358,84879,Undirected,30
22366,84879,Undirected,34
48138,84879,Undirected,117
22207,48138,Undirected,35
21527,48138,Undirected,44
22358,48138,Undirected,49
22357,48138,Undirected,41
48138,82552,Undirected,36
22365,82600,Undirected,39
48138,82583,Undirected,50
21217,48138,Undirected,40
20685,22366,Undirected,81
20685,22365,Undirected,58
20685,48138,Undirected,317
21171,82494L,Undirected,30
21175,22348,Undirected,31
21354,21355,Undirected,38
22367,85123A,Undirected,81
21034,22367,Undirected,57
21621,84755,Undirected,45
21621,84946,Undirected,36
22045,85123A,Undirected,32
21210,47566,Undirected,49
21877,47566,Undirected,38
21498,47566,Undirected,31
21519,47566,Undirected,33
21928,21977,Undirected,65
21314,21977,Undirected,32
21174,21977,Undirected,33
21977,84755,Undirected,57
21929,84755,Undirected,33
21174,21928,Undirected,31
21928,82583,Undirected,32
21928,84992,Undirected,34
21928,84692,Undirected,30
21900,82583,Undirected,31
21756,82552,Undirected,33
21755,48138,Undirected,89
22366,22414,Undirected,30
22366,48111,Undirected,50
22366,85123A,Undirected,56
22365,22414,Undirected,44
22365,48111,Undirected,49
22414,48138,Undirected,38
21733,48138,Undirected,69
20728,21122,Undirected,33
20728,21980,Undirected,30
21213,22356,Undirected,52
20724,21121,Undirected,42
20724,21980,Undirected,38
20724,21213,Undirected,64
22327,22328,Undirected,115
21755,82581,Undirected,43
21755,82580,Undirected,51
21755,82578,Undirected,32
82551,82600,Undirected,64
21174,82599,Undirected,43
82551,82582,Undirected,46
85172,85175,Undirected,39
22326,85232B,Undirected,35
21929,22326,Undirected,44
22326,85099C,Undirected,38
21928,22326,Undirected,30
20712,22326,Undirected,102
20713,22326,Undirected,53
20727,21327,Undirected,36
20726,21843,Undirected,35
20726,47559B,Undirected,32
20728,21843,Undirected,44
20728,47559B,Undirected,40
20727,47559B,Undirected,36
20727,82600,Undirected,36
37503,47567B,Undirected,35
21843,47559B,Undirected,35
21843,47567B,Undirected,33
21874,82600,Undirected,37
47567B,85123A,Undirected,33
21035,47559B,Undirected,46
47559B,47580,Undirected,63
47559B,47567B,Undirected,61
47556B,47567B,Undirected,30
21519,21874,Undirected,46
21733,82552,Undirected,36
21175,21519,Undirected,47
21181,48138,Undirected,90
21506,21519,Undirected,65
21519,84406B,Undirected,33
21519,82483,Undirected,46
21519,82486,Undirected,47
21485,48138,Undirected,53
21506,48138,Undirected,37
20685,21506,Undirected,30
48138,84406B,Undirected,43
48138,82483,Undirected,50
22245,85123A,Undirected,41
21668,21755,Undirected,30
21390,21755,Undirected,47
21668,84879,Undirected,53
22026,84879,Undirected,30
72351A,85040A,Undirected,36
72351B,85040A,Undirected,38
22367,84380,Undirected,31
22149,84378,Undirected,33
22367,84378,Undirected,32
22271,22367,Undirected,30
22149,22367,Undirected,42
22111,48138,Undirected,60
21672,79321,Undirected,30
21672,84879,Undirected,60
22090,79321,Undirected,40
21533,22178,Undirected,30
21535,22178,Undirected,36
22090,84879,Undirected,79
22088,84879,Undirected,47
22090,22178,Undirected,51
21212,22178,Undirected,75
22138,22178,Undirected,43
22151,22219,Undirected,41
22151,22178,Undirected,45
22151,84879,Undirected,61
22151,82494L,Undirected,40
22294,84970S,Undirected,42
22297,84970S,Undirected,36
22219,84970S,Undirected,42
21385,22219,Undirected,33
21519,84879,Undirected,62
47566B,47590B,Undirected,90
47566B,47599A,Undirected,38
22083,47566B,Undirected,31
20974,47590B,Undirected,34
20974,47599A,Undirected,31
20974,47590A,Undirected,31
21094,47590A,Undirected,48
21080,47590A,Undirected,49
21080,47599B,Undirected,32
21086,47590A,Undirected,40
21238,47590B,Undirected,32
21212,47590B,Undirected,81
21212,47599A,Undirected,33
21212,47590A,Undirected,52
21212,47599B,Undirected,31
20975,47590B,Undirected,36
22083,47590B,Undirected,50
22090,47590B,Undirected,93
47590A,47590B,Undirected,328
47590B,47599B,Undirected,41
22090,47599A,Undirected,43
47590A,47599A,Undirected,40
47599A,47599B,Undirected,138
22090,47599B,Undirected,38
21136,84946,Undirected,36
21755,22090,Undirected,40
22087,84879,Undirected,61
48138,84836,Undirected,50
47566,47590A,Undirected,138
20972,48138,Undirected,38
20972,47590B,Undirected,36
20971,48138,Undirected,31
47566,82486,Undirected,83
21756,48138,Undirected,33
21756,47566,Undirected,39
21485,47566,Undirected,43
22112,47566,Undirected,44
47566,82494L,Undirected,103
48138,48188,Undirected,119
22365,48188,Undirected,39
47566,48138,Undirected,89
47590B,48138,Undirected,36
22365,48194,Undirected,61
16161P,47566,Undirected,34
21622,48138,Undirected,66
48138,48189,Undirected,46
22029,48138,Undirected,43
20726,22027,Undirected,36
20725,22027,Undirected,45
22027,48138,Undirected,34
20728,22131,Undirected,34
20728,84692,Undirected,42
20726,48138,Undirected,40
20728,48138,Undirected,55
20725,48138,Undirected,96
20914,22328,Undirected,91
21155,21210,Undirected,43
22131,22328,Undirected,50
21121,22138,Undirected,34
22087,84988,Undirected,31
22087,22138,Undirected,32
47591D,48138,Undirected,34
48138,85152,Undirected,70
22291,22292,Undirected,51
22291,82494L,Undirected,33
21931,84997C,Undirected,59
21355,84992,Undirected,37
21390,84970S,Undirected,35
84970L,84978,Undirected,123
84836,84978,Undirected,83
22151,84978,Undirected,44
84879,POST,Undirected,53
15056BL,22189,Undirected,30
21213,22327,Undirected,38
20677,21213,Undirected,32
21930,21977,Undirected,37
21212,22327,Undirected,36
22327,22352,Undirected,40
21930,22327,Undirected,43
21242,22197,Undirected,32
20676,22197,Undirected,61
21930,22197,Undirected,48
22189,22291,Undirected,34
22131,84050,Undirected,35
21733,22131,Undirected,30
22291,85123A,Undirected,44
22329,22353,Undirected,30
22197,84520B,Undirected,30
21078,22197,Undirected,39
22197,84380,Undirected,53
22087,48138,Undirected,30
22355,82600,Undirected,32
82567,85150,Undirected,32
82482,84378,Undirected,32
22355,82482,Undirected,50
48138,84970S,Undirected,52
22296,48138,Undirected,31
22178,22212,Undirected,32
22139,22355,Undirected,51
22139,48138,Undirected,50
48138,84946,Undirected,53
20685,22355,Undirected,31
22355,48138,Undirected,34
22178,48138,Undirected,32
21731,79321,Undirected,43
21174,71459,Undirected,30
22171,84978,Undirected,31
47566,47568,Undirected,33
47566,71053,Undirected,51
47566,84879,Undirected,213
21621,48138,Undirected,106
22227,22294,Undirected,32
21390,22227,Undirected,42
21390,22294,Undirected,101
21390,82486,Undirected,35
21174,21179,Undirected,40
21164,21179,Undirected,45
21165,21179,Undirected,41
22088,22089,Undirected,75
22089,22090,Undirected,158
22286,22287,Undirected,36
22292,22293,Undirected,51
22291,22293,Undirected,53
21259,22178,Undirected,39
82483,84978,Undirected,34
22178,85062,Undirected,70
84978,85062,Undirected,30
22021,85206A,Undirected,103
85206A,85206B,Undirected,75
22326,POST,Undirected,356
22328,POST,Undirected,224
22329,POST,Undirected,45
22326,22329,Undirected,76
22328,22329,Undirected,72
21985,84991,Undirected,33
84988,84991,Undirected,70
21985,22195,Undirected,33
22196,22219,Undirected,33
21985,22196,Undirected,39
21977,84988,Undirected,94
21975,84988,Undirected,38
16156S,20972,Undirected,35
47590A,85123A,Undirected,54
20728,22045,Undirected,44
20728,20750,Undirected,34
20728,20749,Undirected,36
20728,21936,Undirected,112
20728,21559,Undirected,95
20725,21936,Undirected,231
21936,22352,Undirected,56
20726,20749,Undirected,34
21559,21936,Undirected,56
21936,POST,Undirected,67
21977,85099C,Undirected,55
48173C,85099B,Undirected,50
21086,22332,Undirected,45
21080,22332,Undirected,55
21094,22332,Undirected,50
22333,47599B,Undirected,33
22333,47599A,Undirected,40
22045,84879,Undirected,30
21987,22333,Undirected,42
21989,22333,Undirected,45
21988,22333,Undirected,41
21987,22332,Undirected,65
21989,22332,Undirected,74
21988,22332,Undirected,72
21165,82567,Undirected,37
21908,82599,Undirected,41
82567,82583,Undirected,42
21071,85123A,Undirected,51
85049E,85099B,Undirected,30
20718,21937,Undirected,35
20718,22326,Undirected,54
20718,22328,Undirected,38
20718,22329,Undirected,36
21937,85099B,Undirected,106
22329,85099B,Undirected,41
21936,22326,Undirected,61
21936,22328,Undirected,50
21937,22326,Undirected,31
21481,22326,Undirected,44
22242,22326,Undirected,41
22243,22326,Undirected,48
22244,22326,Undirected,36
22243,22328,Undirected,30
21154,47559B,Undirected,87
20914,22329,Undirected,74
20914,22367,Undirected,49
22139,22328,Undirected,53
22139,22367,Undirected,61
21156,22328,Undirected,36
22328,22367,Undirected,57
21156,22367,Undirected,237
84380,84879,Undirected,55
48194,84378,Undirected,36
48194,84992,Undirected,37
21977,48194,Undirected,36
16161P,84879,Undirected,36
21770,84879,Undirected,38
21035,22196,Undirected,37
20723,84970S,Undirected,36
20723,84978,Undirected,38
21385,84978,Undirected,34
22327,84997D,Undirected,33
20677,21559,Undirected,34
20677,22326,Undirected,41
20677,22328,Undirected,39
20675,21559,Undirected,30
20675,21080,Undirected,50
20675,22326,Undirected,45
20675,22328,Undirected,40
21561,22326,Undirected,48
21561,22328,Undirected,52
22326,22352,Undirected,114
22328,22352,Undirected,116
21559,22326,Undirected,126
21559,22328,Undirected,112
21559,22327,Undirected,48
21080,21746,Undirected,30
21746,21747,Undirected,40
22139,22326,Undirected,67
21238,22326,Undirected,69
21238,22328,Undirected,60
21239,22326,Undirected,37
21239,22328,Undirected,39
22326,22327,Undirected,135
22285,85123A,Undirected,38
21080,22329,Undirected,37
21928,21935,Undirected,30
21155,22138,Undirected,39
22077,22138,Undirected,56
21977,22367,Undirected,46
21977,47559B,Undirected,38
21977,47567B,Undirected,40
21210,22367,Undirected,35
22367,47567B,Undirected,33
22367,47591D,Undirected,253
21843,22367,Undirected,32
22367,47591B,Undirected,38
21213,22367,Undirected,49
47559B,84987,Undirected,35
47559B,47591D,Undirected,68
21213,47559B,Undirected,33
21042,47567B,Undirected,44
47567B,47591D,Undirected,65
21156,21213,Undirected,40
21213,47591D,Undirected,51
22087,22173,Undirected,30
22173,85099C,Undirected,40
21523,22173,Undirected,37
22291,82486,Undirected,31
22087,22352,Undirected,30
21935,22087,Undirected,31
22087,82483,Undirected,33
22087,82486,Undirected,30
22087,82482,Undirected,42
22087,82494L,Undirected,41
21523,22087,Undirected,44
21935,85099C,Undirected,57
21733,21935,Undirected,32
21935,82482,Undirected,43
22366,48188,Undirected,52
22414,48194,Undirected,31
22365,48185,Undirected,63
22365,85099B,Undirected,36
22366,48194,Undirected,65
22366,48185,Undirected,48
22366,85099F,Undirected,31
21931,22366,Undirected,32
22366,85099B,Undirected,56
48184,85099C,Undirected,37
20711,48194,Undirected,50
20712,48194,Undirected,42
48173C,85099F,Undirected,30
20711,48138,Undirected,46
21928,48138,Undirected,55
48138,85099F,Undirected,85
21929,48138,Undirected,38
48138,85099C,Undirected,79
37370,82483,Undirected,40
37370,82486,Undirected,41
21870,84836,Undirected,33
15036,85123A,Undirected,57
21531,84991,Undirected,30
21932,85123A,Undirected,62
21530,21534,Undirected,30
21531,21977,Undirected,31
21754,22219,Undirected,40
15056BL,85099C,Undirected,45
15056N,22087,Undirected,50
22275,85099C,Undirected,31
22293,85123A,Undirected,31
21535,48138,Undirected,55
22173,48138,Undirected,38
21755,21871,Undirected,33
21390,22297,Undirected,76
21713,85123A,Undirected,58
21714,85123A,Undirected,52
22173,22297,Undirected,32
22297,85099B,Undirected,42
22173,22294,Undirected,32
22173,85099B,Undirected,51
22079,85099B,Undirected,33
21713,21714,Undirected,90
21714,85099B,Undirected,32
21181,22115,Undirected,37
21172,82494L,Undirected,53
82494L,85065,Undirected,36
21232,22149,Undirected,46
22328,85123A,Undirected,73
48138,71459,Undirected,61
22173,22178,Undirected,34
22178,85150,Undirected,40
21937,85123A,Undirected,63
21078,84879,Undirected,33
20725,21937,Undirected,113
21080,21937,Undirected,38
20725,21078,Undirected,45
21931,22147,Undirected,38
15056N,48138,Undirected,73
15056N,21175,Undirected,34
48138,84970L,Undirected,44
21165,48138,Undirected,40
48138,85150,Undirected,43
48138,79067,Undirected,32
21506,22045,Undirected,31
21497,22029,Undirected,45
21509,22088,Undirected,30
21058,21059,Undirected,41
15056N,85099F,Undirected,41
20713,48138,Undirected,40
20679,48138,Undirected,37
15056BL,48138,Undirected,54
48138,85014B,Undirected,30
21790,22197,Undirected,54
21034,22197,Undirected,95
20718,20750,Undirected,33
47559B,84992,Undirected,40
21080,82580,Undirected,37
21080,47559B,Undirected,33
21080,21935,Undirected,30
20914,22326,Undirected,83
22326,47566,Undirected,38
47566,84992,Undirected,74
22326,84879,Undirected,44
22131,22326,Undirected,53
22131,84378,Undirected,39
22326,85123A,Undirected,69
21156,22326,Undirected,49
22326,84378,Undirected,31
22326,84992,Undirected,32
22333,47590B,Undirected,33
22090,22333,Undirected,85
21080,22197,Undirected,121
21621,22197,Undirected,47
22189,22197,Undirected,40
21754,22356,Undirected,36
21745,21754,Undirected,72
21504,82486,Undirected,44
21504,82483,Undirected,45
22023,82483,Undirected,49
22178,82486,Undirected,69
20724,84997B,Undirected,52
22356,84997B,Undirected,34
22356,84997C,Undirected,31
22356,84997D,Undirected,37
21210,21216,Undirected,32
22328,84991,Undirected,36
21034,22328,Undirected,34
21390,22178,Undirected,35
82482,85061W,Undirected,31
21136,21754,Undirected,66
22138,48138,Undirected,45
21731,48138,Undirected,36
22030,48138,Undirected,38
21249,21251,Undirected,41
22297,35961,Undirected,36
20727,21155,Undirected,64
20727,22367,Undirected,94
21213,22149,Undirected,38
21930,22149,Undirected,30
21930,22367,Undirected,31
21754,21930,Undirected,41
21035,21931,Undirected,64
21155,22355,Undirected,34
22138,22367,Undirected,102
21931,22367,Undirected,61
22355,22367,Undirected,50
21790,22045,Undirected,33
21034,47559B,Undirected,30
22367,84997B,Undirected,47
22367,84997D,Undirected,49
20676,22367,Undirected,31
21559,22367,Undirected,43
22352,22367,Undirected,36
21561,22367,Undirected,31
22326,22367,Undirected,64
22327,22355,Undirected,33
21843,22355,Undirected,33
20725,21172,Undirected,34
20725,21668,Undirected,35
20725,22329,Undirected,62
20725,22327,Undirected,74
20725,22367,Undirected,106
20727,21987,Undirected,41
20727,22329,Undirected,43
20727,22327,Undirected,116
20727,21988,Undirected,41
22327,22329,Undirected,39
20914,22327,Undirected,34
22327,85123A,Undirected,39
21080,21207,Undirected,30
21123,21212,Undirected,32
21086,21621,Undirected,30
22087,22089,Undirected,49
22083,47566,Undirected,85
22088,47566,Undirected,66
21121,47566,Undirected,34
21121,22333,Undirected,53
21122,47566,Undirected,43
21122,22333,Undirected,33
21207,22332,Undirected,31
21086,21207,Undirected,32
22089,47566,Undirected,67
21238,47566,Undirected,33
22084,47566,Undirected,66
21086,84520B,Undirected,31
21985,22131,Undirected,37
21314,84978,Undirected,54
20712,21216,Undirected,49
22327,85099B,Undirected,50
22192,85099B,Undirected,43
20712,84997D,Undirected,41
20712,84997C,Undirected,39
20712,22328,Undirected,60
20712,21035,Undirected,51
47590B,84997D,Undirected,31
47590B,84997C,Undirected,30
20726,22328,Undirected,134
20726,22326,Undirected,197
20726,22327,Undirected,63
20726,47590B,Undirected,36
20725,22328,Undirected,158
20725,22326,Undirected,155
20728,22328,Undirected,97
20728,22326,Undirected,115
20728,22327,Undirected,56
20914,47559B,Undirected,50
20914,47590B,Undirected,39
21385,35961,Undirected,30
22297,82580,Undirected,39
48138,84978,Undirected,45
21524,22366,Undirected,58
47566B,47567B,Undirected,30
20724,22333,Undirected,32
20724,22326,Undirected,112
20724,21672,Undirected,31
22326,22356,Undirected,79
22326,22333,Undirected,35
21080,22367,Undirected,52
21080,48138,Undirected,69
21080,22147,Undirected,39
22149,48138,Undirected,33
21843,84970S,Undirected,43
21624,48138,Undirected,42
21411,48138,Undirected,43
22367,84991,Undirected,69
21212,22367,Undirected,84
20724,22367,Undirected,46
21156,22197,Undirected,44
22197,22367,Undirected,42
22197,47591D,Undirected,39
20723,22328,Undirected,41
20719,22328,Undirected,86
22328,22356,Undirected,55
20727,22328,Undirected,92
20724,22328,Undirected,75
21931,22328,Undirected,59
22328,22353,Undirected,47
22328,22355,Undirected,52
20723,22326,Undirected,52
20723,21935,Undirected,30
20719,22326,Undirected,146
20682,22326,Undirected,35
20727,22326,Undirected,108
22326,47591D,Undirected,33
21931,22326,Undirected,76
22326,22353,Undirected,52
22326,22355,Undirected,78
21559,22356,Undirected,58
20726,22329,Undirected,41
20717,20726,Undirected,48
20728,22329,Undirected,49
21559,22329,Undirected,36
22329,22352,Undirected,38
20724,22329,Undirected,30
20718,20728,Undirected,98
20728,21935,Undirected,47
21559,22355,Undirected,51
20717,21935,Undirected,35
21175,22191,Undirected,37
16156S,21497,Undirected,49
16156S,16161U,Undirected,40
20724,21154,Undirected,32
22355,47559B,Undirected,33
37450,47559B,Undirected,31
20979,21790,Undirected,33
21122,47590B,Undirected,38
21621,47590B,Undirected,80
21733,22297,Undirected,44
21535,22352,Undirected,37
21733,47559B,Undirected,31
47559B,84378,Undirected,31
20711,82482,Undirected,54
20711,22355,Undirected,66
20711,21216,Undirected,39
20725,21670,Undirected,39
20725,22087,Undirected,44
21181,82567,Undirected,37
20711,21977,Undirected,33
20711,22326,Undirected,30
20713,21977,Undirected,36
21928,47566,Undirected,68
21929,22328,Undirected,30
21930,22326,Undirected,43
21930,22328,Undirected,39
21931,22327,Undirected,36
21977,47566,Undirected,105
22131,22327,Undirected,31
22131,22329,Undirected,31
22326,85099F,Undirected,45
22328,47566,Undirected,49
22328,85099C,Undirected,40
22328,85099F,Undirected,40
47566,84988,Undirected,49
47566,85099C,Undirected,69
47566B,85099C,Undirected,30
21495,21497,Undirected,46
21497,84879,Undirected,32
21212,48138,Undirected,87
21212,84978,Undirected,60
21870,84978,Undirected,33
21314,48138,Undirected,31
48187,71459,Undirected,34
21035,21733,Undirected,34
21976,47566,Undirected,34
47566,84991,Undirected,103
47566,84987,Undirected,45
21213,47566,Undirected,64
21975,47566,Undirected,60
22367,84992,Undirected,39
21212,22329,Undirected,46
21559,21929,Undirected,47
21929,22367,Undirected,32
22356,22367,Undirected,43
22327,22356,Undirected,32
21578,22326,Undirected,67
20719,85099F,Undirected,83
21232,22326,Undirected,61
21504,21508,Undirected,51
21577,22326,Undirected,41
21181,22365,Undirected,33
21174,48138,Undirected,51
48138,84755,Undirected,62
21390,84755,Undirected,34
21080,21899,Undirected,31
22171,84406B,Undirected,40
20728,84836,Undirected,46
20725,84836,Undirected,57
20725,84970L,Undirected,45
21658,85099B,Undirected,31
20724,21755,Undirected,39
20724,48138,Undirected,42
21755,22356,Undirected,34
22356,48138,Undirected,31
21658,48138,Undirected,30
21754,48138,Undirected,103
21155,84406B,Undirected,44
21936,22356,Undirected,52
20719,21936,Undirected,43
20724,21035,Undirected,39
20724,21936,Undirected,81
21930,21936,Undirected,52
21930,22139,Undirected,38
20712,20750,Undirected,39
20712,21217,Undirected,32
21217,21936,Undirected,36
21035,21936,Undirected,33
21035,22139,Undirected,32
20914,21936,Undirected,57
22292,85123A,Undirected,37
21124,22090,Undirected,44
20725,21122,Undirected,43
47559B,48185,Undirected,32
47566B,48194,Undirected,33
21524,22365,Undirected,57
22365,48129,Undirected,37
47559B,47566B,Undirected,36
22090,85099C,Undirected,41
21754,22090,Undirected,64
21389,84879,Undirected,30
21232,84978,Undirected,34
20724,21578,Undirected,30
21210,22326,Undirected,32
22090,22326,Undirected,49
21210,47590B,Undirected,30
21210,22090,Undirected,77
20718,22090,Undirected,40
15036,22090,Undirected,33
21380,47590A,Undirected,31
21380,47590B,Undirected,46
21380,22090,Undirected,56
22149,85099F,Undirected,41
84978,85099F,Undirected,44
21929,84978,Undirected,35
20727,48138,Undirected,44
21137,48138,Undirected,30
20727,22045,Undirected,35
21975,22367,Undirected,51
21977,22348,Undirected,43
22090,84755,Undirected,52
20725,71053,Undirected,47
20725,22191,Undirected,36
47559B,84380,Undirected,30
21385,21390,Undirected,40
21733,21985,Undirected,38
20685,22328,Undirected,35
37503,48138,Undirected,30
21174,21621,Undirected,41
20713,48194,Undirected,47
21212,47559B,Undirected,60
21975,85099C,Undirected,38
20711,21080,Undirected,46
21059,21063,Undirected,43
21523,84970S,Undirected,32
48185,84755,Undirected,31
21232,22367,Undirected,48
21232,71459,Undirected,38
21232,84970S,Undirected,42
21232,84755,Undirected,62
21481,22367,Undirected,37
22230,22231,Undirected,47
21790,85152,Undirected,33
22178,85152,Undirected,58
21790,22178,Undirected,36
21754,84378,Undirected,31
21080,84836,Undirected,37
21928,22173,Undirected,38
22080,85099B,Undirected,32
72807B,85123A,Undirected,30
20711,20728,Undirected,73
20711,20727,Undirected,72
21974,84988,Undirected,99
21210,21211,Undirected,44
21210,21972,Undirected,35
21210,21973,Undirected,34
21973,21974,Undirected,30
21733,82581,Undirected,33
22138,47590B,Undirected,37
21754,47590B,Undirected,50
21755,47590B,Undirected,33
21172,22090,Undirected,41
22090,22367,Undirected,30
20682,22367,Undirected,32
21790,22367,Undirected,40
15056BL,84406B,Undirected,33
22303,84879,Undirected,36
22301,84879,Undirected,30
21326,84879,Undirected,49
37448,47559B,Undirected,38
37447,47559B,Undirected,31
37447,84991,Undirected,36
85049C,85049G,Undirected,115
21975,22328,Undirected,33
21975,22326,Undirected,38
21508,22026,Undirected,42
21509,22026,Undirected,45
21240,22328,Undirected,43
21528,21534,Undirected,69
20712,84997B,Undirected,49
47566,84997D,Undirected,36
47566,84997C,Undirected,36
21240,47566,Undirected,31
47566,82582,Undirected,30
21976,22326,Undirected,61
20749,22326,Undirected,47
21989,47566,Undirected,33
22138,22326,Undirected,59
21213,22326,Undirected,32
22138,22328,Undirected,41
21975,47590B,Undirected,41
47590B,84992,Undirected,38
47590B,84991,Undirected,43
21213,47590B,Undirected,42
20727,47590A,Undirected,38
21213,47590A,Undirected,33
21154,47566,Undirected,33
21035,47566,Undirected,40
21212,82578,Undirected,32
20972,21977,Undirected,63
20971,21181,Undirected,30
22093,22099,Undirected,37
22084,22358,Undirected,33
22242,22245,Undirected,40
22189,48138,Undirected,49
20727,84378,Undirected,37
47566,71459,Undirected,77
21135,47566,Undirected,35
47566,84946,Undirected,70
22219,47566,Undirected,32
47566,85152,Undirected,44
22063,37447,Undirected,43
22059,37447,Undirected,48
22366,48129,Undirected,47
21181,21930,Undirected,38
20727,21165,Undirected,33
10002,20725,Undirected,33
20725,21917,Undirected,33
22356,84970S,Undirected,36
21843,22326,Undirected,39
22328,84879,Undirected,49
21843,22328,Undirected,36
22073,85099B,Undirected,33
22247,22249,Undirected,34
21891,22149,Undirected,36
21975,84755,Undirected,30
20718,84755,Undirected,41
22149,84992,Undirected,34
22149,22326,Undirected,32
20718,22149,Undirected,32
20719,22149,Undirected,31
20719,21975,Undirected,32
84970L,84991,Undirected,33
21239,22356,Undirected,35
20719,21239,Undirected,30
21239,21931,Undirected,35
21240,22326,Undirected,45
21240,85099B,Undirected,57
22367,84077,Undirected,30
84077,85099B,Undirected,49
20719,22367,Undirected,44
22367,85099B,Undirected,84
21212,21506,Undirected,35
22303,22328,Undirected,60
22302,22328,Undirected,35
21755,21977,Undirected,34
21977,47590B,Undirected,32
21977,84077,Undirected,51
20711,21755,Undirected,31
47590A,85099B,Undirected,41
21242,22326,Undirected,41
21242,22328,Undirected,44
21210,22333,Undirected,39
48138,84992,Undirected,43
22082,22178,Undirected,31
21868,84755,Undirected,44
21754,22326,Undirected,33
20724,84077,Undirected,37
84520B,85099F,Undirected,31
20725,21094,Undirected,67
20711,21218,Undirected,36
20712,21094,Undirected,30
20711,20914,Undirected,36
20711,21035,Undirected,44
20711,20718,Undirected,64
22303,22326,Undirected,40
20725,47568,Undirected,30
20719,84997C,Undirected,36
20719,84997D,Undirected,36
22355,84997C,Undirected,38
21672,21931,Undirected,32
20725,21669,Undirected,36
20725,21673,Undirected,39
20725,21672,Undirected,38
47566,84970L,Undirected,47
20726,22147,Undirected,33
22090,22328,Undirected,50
20676,22328,Undirected,44
21080,82581,Undirected,30
21121,84378,Undirected,40
21559,82580,Undirected,31
20828,84879,Undirected,35
21731,21928,Undirected,41
21930,22090,Undirected,36
22090,85099F,Undirected,49
48194,85150,Undirected,34
22090,48138,Undirected,39
21034,22090,Undirected,43
21034,48138,Undirected,59
21034,21326,Undirected,45
22366,48187,Undirected,54
72741,85175,Undirected,31
79000,84879,Undirected,30
20727,84406B,Undirected,37
20725,84406B,Undirected,47
20727,21523,Undirected,34
82613B,82613D,Undirected,44
22131,22383,Undirected,53
15056N,48194,Undirected,30
21524,22383,Undirected,37
22383,48138,Undirected,65
22383,48194,Undirected,52
22173,48194,Undirected,32
22383,84050,Undirected,34
20727,22383,Undirected,576
20726,22383,Undirected,452
20726,84978,Undirected,33
20725,22383,Undirected,693
21621,22383,Undirected,39
22383,84978,Undirected,39
21974,22138,Undirected,49
85123A,M,Undirected,40
20728,22384,Undirected,566
20728,22382,Undirected,454
20728,22383,Undirected,565
20725,22384,Undirected,714
22382,22384,Undirected,494
20727,22384,Undirected,575
20914,22384,Undirected,119
22384,85099C,Undirected,164
22383,22384,Undirected,558
20725,22382,Undirected,603
20727,22382,Undirected,510
20914,22382,Undirected,123
22382,85099C,Undirected,117
22382,48111,Undirected,47
22382,22383,Undirected,617
20914,22383,Undirected,142
22383,85099C,Undirected,191
22383,48111,Undirected,32
21733,22147,Undirected,38
84997D,85099F,Undirected,51
84997C,85099F,Undirected,44
84997B,85099F,Undirected,45
47590B,84879,Undirected,38
47566B,84879,Undirected,32
21035,48138,Undirected,33
21210,48138,Undirected,30
47566B,48138,Undirected,34
20979,21080,Undirected,37
21754,85099F,Undirected,41
21754,47566,Undirected,108
20727,21094,Undirected,42
20727,21086,Undirected,35
21207,21988,Undirected,42
21988,22090,Undirected,33
21931,21989,Undirected,53
21989,22090,Undirected,40
21207,21987,Undirected,41
21987,22090,Undirected,30
21094,21207,Undirected,32
21930,47590B,Undirected,31
21931,47590B,Undirected,45
21210,85099F,Undirected,31
47590B,85099F,Undirected,38
21174,47566,Undirected,42
20725,21086,Undirected,67
21210,21621,Undirected,32
47590B,47591D,Undirected,30
22090,47591D,Undirected,32
21936,84970S,Undirected,35
21936,84755,Undirected,47
21843,85066,Undirected,42
21068,82486,Undirected,38
21791,22326,Undirected,37
22023,22026,Undirected,54
21071,22023,Undirected,41
22026,22028,Undirected,31
21212,21972,Undirected,34
21211,21212,Undirected,32
21211,21213,Undirected,51
21977,22178,Undirected,51
22178,84991,Undirected,53
22379,22382,Undirected,152
22382,85099B,Undirected,275
21155,22382,Undirected,85
22090,22382,Undirected,62
22382,85123A,Undirected,182
22045,22382,Undirected,77
22381,22382,Undirected,110
22380,22382,Undirected,138
22382,85014A,Undirected,34
22379,22383,Undirected,159
22383,85099B,Undirected,371
21155,22383,Undirected,52
22090,22383,Undirected,79
22383,85123A,Undirected,225
22045,22383,Undirected,49
22381,22383,Undirected,115
22380,22383,Undirected,94
22383,85014A,Undirected,30
20727,21891,Undirected,30
20727,22379,Undirected,117
20727,22381,Undirected,88
20727,22380,Undirected,70
20969,85099B,Undirected,33
22379,85099B,Undirected,347
21155,22379,Undirected,61
22090,22379,Undirected,58
22379,85123A,Undirected,106
22379,22381,Undirected,362
22379,22380,Undirected,224
22381,85099B,Undirected,235
22380,85099B,Undirected,114
21155,22380,Undirected,31
22090,22381,Undirected,36
22381,85123A,Undirected,87
22380,85123A,Undirected,54
22380,22381,Undirected,238
21975,22382,Undirected,60
20750,22382,Undirected,51
22326,22382,Undirected,143
22138,22382,Undirected,97
21843,22382,Undirected,44
21212,22382,Undirected,112
22382,84997B,Undirected,83
22382,84997C,Undirected,86
22382,84997D,Undirected,111
20723,22382,Undirected,137
22356,22382,Undirected,150
20724,22382,Undirected,184
21975,22383,Undirected,76
20750,22326,Undirected,94
20750,22383,Undirected,36
22326,22383,Undirected,140
22138,22383,Undirected,84
21843,22383,Undirected,53
21212,22383,Undirected,146
22383,84997B,Undirected,75
22383,84997C,Undirected,71
22383,84997D,Undirected,83
20723,22383,Undirected,154
22356,22383,Undirected,159
20724,22383,Undirected,215
22381,84879,Undirected,31
22326,22381,Undirected,39
22328,22381,Undirected,35
21931,22381,Undirected,129
22355,22381,Undirected,46
22356,22381,Undirected,68
20723,22381,Undirected,43
20728,22381,Undirected,91
20725,22381,Undirected,123
21930,22381,Undirected,79
22381,85099C,Undirected,83
21977,22381,Undirected,38
21500,22382,Undirected,40
22382,84992,Undirected,48
21975,84879,Undirected,50
21975,22379,Undirected,35
21976,22328,Undirected,32
21976,22382,Undirected,34
22131,22379,Undirected,33
22131,22382,Undirected,52
22196,22379,Undirected,34
22382,84378,Undirected,40
22207,85099B,Undirected,32
21933,85123A,Undirected,49
20723,84879,Undirected,57
22379,84879,Undirected,66
22382,84879,Undirected,109
22380,84879,Undirected,30
22111,22382,Undirected,34
22326,22379,Undirected,50
22326,22380,Undirected,31
22328,22379,Undirected,44
22328,22382,Undirected,135
22328,22380,Undirected,30
21931,22379,Undirected,182
21931,22382,Undirected,205
21931,22380,Undirected,78
22355,22379,Undirected,78
22355,22382,Undirected,160
22355,22380,Undirected,46
22356,22379,Undirected,71
22356,22380,Undirected,36
20723,22379,Undirected,61
20723,22380,Undirected,30
20728,22379,Undirected,117
20728,21933,Undirected,71
20728,22380,Undirected,67
20725,22379,Undirected,195
20725,22380,Undirected,81
21930,22379,Undirected,88
21930,22382,Undirected,113
21930,22380,Undirected,52
22379,85099C,Undirected,95
22380,85099C,Undirected,46
21977,22379,Undirected,52
21977,22382,Undirected,60
21933,22276,Undirected,30
21933,22382,Undirected,81
22276,22382,Undirected,35
22151,22189,Undirected,44
21754,22151,Undirected,34
21232,84970L,Undirected,35
16156S,21232,Undirected,38
20750,22367,Undirected,31
20914,22378,Undirected,37
21481,22383,Undirected,32
22111,22383,Undirected,39
20716,22383,Undirected,32
21213,22383,Undirected,88
22383,47591D,Undirected,88
21156,22383,Undirected,56
22383,84378,Undirected,46
22367,22383,Undirected,100
22378,22383,Undirected,37
22030,22383,Undirected,40
21733,22383,Undirected,63
22327,22383,Undirected,74
22179,22383,Undirected,38
21481,22382,Undirected,31
21213,22382,Undirected,63
22382,47591D,Undirected,68
21156,22382,Undirected,65
22367,22382,Undirected,161
22378,22382,Undirected,34
21791,22382,Undirected,50
22030,22382,Undirected,38
22382,84050,Undirected,33
21733,22382,Undirected,57
22327,22382,Undirected,73
21791,22367,Undirected,30
21432,22326,Undirected,34
84849D,85123A,Undirected,40
84849B,84849D,Undirected,47
21868,84836,Undirected,32
22138,22381,Undirected,44
22138,22379,Undirected,56
22173,DOT,Undirected,50
72801d,DOT,Undirected,34
84692,DOT,Undirected,33
20658,DOT,Undirected,52
21923,21924,Undirected,50
22358,DOT,Undirected,37
22029,22367,Undirected,66
22045,22367,Undirected,35
22379,48138,Undirected,59
20685,22379,Undirected,60
21790,22379,Undirected,41
21843,22379,Undirected,55
21533,22379,Undirected,31
21535,22379,Undirected,38
21527,22379,Undirected,33
21790,48138,Undirected,39
21975,48138,Undirected,33
21977,48138,Undirected,70
22191,48138,Undirected,38
20719,47566,Undirected,37
22355,47566,Undirected,72
22328,84692,Undirected,42
21394,21395,Undirected,56
22326,22331,Undirected,40
21680,22326,Undirected,30
22367,POST,Undirected,76
21680,POST,Undirected,39
21429,22326,Undirected,34
21700,22326,Undirected,33
21210,21232,Undirected,58
22241,85123A,Undirected,54
22379,82600,Undirected,36
22379,85152,Undirected,35
21181,22379,Undirected,52
21175,22379,Undirected,38
22178,22379,Undirected,33
22379,84755,Undirected,30
21870,84755,Undirected,32
21621,22379,Undirected,35
21034,22379,Undirected,33
22377,85099B,Undirected,90
22377,22379,Undirected,105
21559,21928,Undirected,47
21929,82600,Undirected,39
21121,21843,Undirected,34
21754,47559B,Undirected,30
20718,21121,Undirected,30
20725,21121,Undirected,49
22171,85066,Undirected,42
20726,22384,Undirected,416
22352,22384,Undirected,98
22353,22384,Undirected,73
21559,22384,Undirected,136
21535,22384,Undirected,51
22384,85152,Undirected,53
21175,22384,Undirected,53
21156,22384,Undirected,59
22384,47591D,Undirected,102
22384,37503,Undirected,35
22384,84997D,Undirected,112
22384,84997B,Undirected,92
21218,22384,Undirected,36
20676,22384,Undirected,56
22384,84029E,Undirected,38
21976,22384,Undirected,32
22384,84991,Undirected,110
21213,22384,Undirected,80
21212,22384,Undirected,129
22384,84992,Undirected,59
21975,22384,Undirected,67
20727,84596B,Undirected,31
20658,85099B,Undirected,33
20685,47590B,Undirected,36
20677,22333,Undirected,30
20914,22191,Undirected,37
21534,21845,Undirected,30
21621,82552,Undirected,37
21179,85152,Undirected,58
48138,85066,Undirected,50
22382,48138,Undirected,63
22384,48138,Undirected,68
20685,22382,Undirected,60
20685,22384,Undirected,66
22384,48184,Undirected,34
22382,48194,Undirected,43
22384,48194,Undirected,56
22382,48187,Undirected,38
22384,48187,Undirected,53
21034,85066,Undirected,31
21034,22382,Undirected,81
21034,22384,Undirected,87
85066,85152,Undirected,42
22384,85066,Undirected,30
21174,22384,Undirected,30
22384,84997C,Undirected,96
21175,22382,Undirected,37
21485,22382,Undirected,30
22384,82582,Undirected,33
22382,85152,Undirected,33
22111,22384,Undirected,36
22112,22382,Undirected,35
22112,22384,Undirected,50
20726,22382,Undirected,473
84879,85062,Undirected,38
20724,21976,Undirected,36
22352,48138,Undirected,34
21034,21121,Undirected,35
20983,21034,Undirected,38
84949,84978,Undirected,46
20685,84978,Undirected,52
21533,84978,Undirected,34
22294,84978,Undirected,36
21034,22219,Undirected,31
20717,21936,Undirected,37
21936,71459,Undirected,33
21843,21936,Undirected,38
21212,71459,Undirected,65
22139,22382,Undirected,89
22353,22382,Undirected,52
21561,22382,Undirected,79
20971,22367,Undirected,32
20971,22382,Undirected,61
21559,22382,Undirected,125
20719,22382,Undirected,133
22352,22382,Undirected,91
21508,22382,Undirected,51
21506,22382,Undirected,36
21507,22382,Undirected,37
21504,22382,Undirected,32
22029,22382,Undirected,92
22037,22382,Undirected,38
22027,22382,Undirected,50
21495,22382,Undirected,44
20727,22029,Undirected,33
16156S,22029,Undirected,31
16156S,22045,Undirected,53
20724,22381,Undirected,69
20724,22380,Undirected,41
20718,22381,Undirected,68
20717,22381,Undirected,42
22381,85099F,Undirected,103
22380,85099F,Undirected,56
21973,84987,Undirected,34
20914,21974,Undirected,31
20914,84988,Undirected,36
21559,22383,Undirected,135
21559,22379,Undirected,51
21559,22381,Undirected,38
22383,82600,Undirected,43
22381,82600,Undirected,31
22196,22383,Undirected,36
22195,22383,Undirected,32
22383,47566B,Undirected,42
21931,22383,Undirected,407
21929,22383,Undirected,135
21928,22383,Undirected,154
22355,22383,Undirected,248
21929,22382,Undirected,93
21928,22382,Undirected,100
21929,22379,Undirected,77
21928,22379,Undirected,93
21929,22380,Undirected,38
21928,22380,Undirected,35
21929,22381,Undirected,68
21928,22381,Undirected,70
15036,17003,Undirected,30
22189,22382,Undirected,36
22382,84836,Undirected,42
20728,82494L,Undirected,57
21755,22382,Undirected,43
22382,82494L,Undirected,88
21429,22382,Undirected,39
22382,82483,Undirected,62
20682,22382,Undirected,41
22189,22383,Undirected,36
20713,22383,Undirected,141
20718,22383,Undirected,100
84755,85062,Undirected,43
20713,84879,Undirected,31
20676,21210,Undirected,43
21755,85099F,Undirected,35
21755,22381,Undirected,31
21755,22384,Undirected,57
21931,22384,Undirected,248
22384,85099F,Undirected,209
22384,85099B,Undirected,366
21672,85099B,Undirected,54
21669,85099B,Undirected,55
22381,22384,Undirected,148
20685,22381,Undirected,44
20718,22384,Undirected,120
20717,22384,Undirected,74
22384,48185,Undirected,40
20724,22384,Undirected,208
20723,22384,Undirected,149
22356,22384,Undirected,190
22384,82486,Undirected,39
22384,82494L,Undirected,63
22355,22384,Undirected,166
21936,22355,Undirected,50
22377,22378,Undirected,38
22377,22384,Undirected,39
21936,22377,Undirected,30
22378,22384,Undirected,32
22384,84836,Undirected,50
21936,22384,Undirected,147
21891,22197,Undirected,37
22151,22197,Undirected,31
21733,22197,Undirected,48
22090,71459,Undirected,48
21175,22193,Undirected,32
21172,21519,Undirected,30
20676,22326,Undirected,55
22027,22383,Undirected,37
21929,22384,Undirected,131
20711,22380,Undirected,36
20711,22381,Undirected,76
20711,22379,Undirected,105
20711,20726,Undirected,68
20711,22382,Undirected,74
20711,22383,Undirected,102
20711,22384,Undirected,94
22378,22380,Undirected,30
20726,22380,Undirected,57
22380,22384,Undirected,83
22367,22380,Undirected,42
22378,22381,Undirected,45
20726,22381,Undirected,71
22367,22381,Undirected,38
22378,22379,Undirected,74
20726,22379,Undirected,76
22379,22384,Undirected,130
22367,22379,Undirected,40
22329,22379,Undirected,30
20726,22367,Undirected,79
22329,22382,Undirected,44
22328,22383,Undirected,134
22329,22383,Undirected,44
22367,22384,Undirected,89
22326,22384,Undirected,117
22328,22384,Undirected,109
22329,22384,Undirected,55
22189,47566,Undirected,69
21114,47566,Undirected,34
20724,22327,Undirected,32
20723,21213,Undirected,31
21428,85099B,Undirected,47
22171,47566,Undirected,30
20724,21524,Undirected,34
20724,84970S,Undirected,48
20724,84406B,Undirected,34
20723,21524,Undirected,30
20719,21175,Undirected,31
82486,84970S,Undirected,32
82486,84978,Undirected,35
21175,84978,Undirected,35
20972,22367,Undirected,45
22197,22381,Undirected,50
21172,22197,Undirected,61
22197,22328,Undirected,62
22197,82552,Undirected,34
21755,22197,Undirected,32
22381,47566,Undirected,32
21172,47566,Undirected,58
22212,47566,Undirected,30
21210,21218,Undirected,35
20674,21080,Undirected,38
21936,22090,Undirected,51
21239,21936,Undirected,31
22367,84997C,Undirected,44
16156S,47591D,Undirected,31
20974,22332,Undirected,31
20974,22382,Undirected,32
20982,22382,Undirected,30
22332,22382,Undirected,31
20675,22382,Undirected,41
20676,22382,Undirected,43
20674,22382,Undirected,30
21238,22382,Undirected,50
21240,22382,Undirected,42
21239,22382,Undirected,44
21242,22382,Undirected,34
21243,22382,Undirected,34
21059,21060,Undirected,39
22384,85014B,Undirected,32
20728,22367,Undirected,89
20728,85099F,Undirected,159
22327,22384,Undirected,72
22131,22384,Undirected,46
20681,22384,Undirected,31
22367,85099F,Undirected,42
20914,22381,Undirected,66
20914,22380,Undirected,47
21508,22379,Undirected,33
22379,84692,Undirected,34
20914,22379,Undirected,97
22029,22383,Undirected,51
21506,22383,Undirected,35
22383,84692,Undirected,56
22382,84692,Undirected,48
20711,22356,Undirected,61
20725,22303,Undirected,32
21929,21936,Undirected,54
20685,21936,Undirected,40
16161U,22029,Undirected,32
21508,21519,Undirected,54
21390,22219,Undirected,39
21232,21390,Undirected,34
22178,82552,Undirected,30
22178,82583,Undirected,41
21172,22178,Undirected,40
21124,22333,Undirected,31
21172,82486,Undirected,41
21172,21770,Undirected,33
21166,21770,Undirected,35
21166,21172,Undirected,76
21166,82582,Undirected,110
21166,82494L,Undirected,71
21166,82581,Undirected,79
21166,82580,Undirected,99
21166,21755,Undirected,77
21169,21733,Undirected,34
21166,21733,Undirected,77
21169,85123A,Undirected,80
21907,85123A,Undirected,101
21169,21175,Undirected,163
21175,21907,Undirected,177
21169,21908,Undirected,85
21169,82600,Undirected,100
21169,82583,Undirected,82
21169,82582,Undirected,61
21169,21907,Undirected,97
21165,21169,Undirected,113
21169,21181,Undirected,175
21169,85150,Undirected,89
21166,21169,Undirected,177
21169,85152,Undirected,133
21907,21908,Undirected,105
21166,21908,Undirected,167
21907,82600,Undirected,126
21166,82600,Undirected,209
21907,82583,Undirected,73
21907,82582,Undirected,82
21165,21907,Undirected,109
21181,21907,Undirected,127
21907,85150,Undirected,92
21166,21907,Undirected,145
21907,85152,Undirected,176
21166,82597,Undirected,32
15056N,21166,Undirected,40
15056BL,21166,Undirected,41
20728,71459,Undirected,47
22385,47566,Undirected,50
22379,22385,Undirected,117
22380,22385,Undirected,91
22381,22385,Undirected,93
22385,22386,Undirected,375
22029,22385,Undirected,36
22379,47566,Undirected,57
22386,47566,Undirected,115
22386,48184,Undirected,47
22379,22386,Undirected,230
22380,22386,Undirected,97
22381,22386,Undirected,226
22495,22496,Undirected,59
22197,48138,Undirected,51
22413,48138,Undirected,43
22411,48138,Undirected,96
22112,22413,Undirected,38
22112,22411,Undirected,50
22379,84997D,Undirected,45
22411,84997D,Undirected,46
22411,48187,Undirected,73
20713,22379,Undirected,94
20713,22411,Undirected,226
21931,22377,Undirected,34
21931,22411,Undirected,507
22377,22411,Undirected,40
22197,22379,Undirected,73
21172,22379,Undirected,33
22379,22411,Undirected,169
22379,82494L,Undirected,41
22197,22411,Undirected,133
21181,22413,Undirected,165
21181,22411,Undirected,88
21172,22413,Undirected,35
21172,22411,Undirected,37
22413,82494L,Undirected,48
22411,82494L,Undirected,51
82580,84849D,Undirected,33
21212,22381,Undirected,53
21754,22381,Undirected,36
20723,21790,Undirected,36
21260,21906,Undirected,62
21260,22494,Undirected,48
21974,22090,Undirected,34
21929,21974,Undirected,35
21498,22379,Undirected,32
21498,21936,Undirected,33
22379,82580,Undirected,30
21212,22379,Undirected,94
21936,22379,Undirected,75
20718,22379,Undirected,88
22061,37450,Undirected,31
21175,22412,Undirected,84
21175,22413,Undirected,202
21908,22412,Undirected,53
21908,22413,Undirected,103
22412,85150,Undirected,55
22412,22413,Undirected,73
22115,22413,Undirected,38
22413,85150,Undirected,104
21870,22413,Undirected,31
22348,22379,Undirected,36
22383,22386,Undirected,287
22382,22386,Undirected,206
21155,22386,Undirected,47
22386,84997B,Undirected,74
22378,22386,Undirected,63
22386,22411,Undirected,507
21217,22386,Undirected,50
20725,22386,Undirected,332
21843,22386,Undirected,74
20914,22386,Undirected,85
20726,22386,Undirected,177
21931,22386,Undirected,539
22355,22386,Undirected,150
21535,22386,Undirected,48
22386,84380,Undirected,41
22386,84378,Undirected,39
22386,84992,Undirected,54
21977,22386,Undirected,86
22383,22411,Undirected,248
22147,22383,Undirected,62
22383,47566,Undirected,125
21217,22383,Undirected,38
21535,22383,Undirected,39
22383,84992,Undirected,66
21977,22383,Undirected,91
22382,22411,Undirected,161
22147,22382,Undirected,42
22382,47566,Undirected,86
22382,84380,Undirected,31
22381,84997B,Undirected,31
22381,22411,Undirected,129
21843,22381,Undirected,36
22380,22411,Undirected,64
22379,84997B,Undirected,38
22147,22379,Undirected,31
21217,22379,Undirected,36
21155,22411,Undirected,33
22411,84997B,Undirected,38
22378,22411,Undirected,43
20725,22378,Undirected,53
21931,22378,Undirected,35
22411,47566,Undirected,102
21217,22411,Undirected,39
20725,22411,Undirected,263
21843,22411,Undirected,62
20914,22411,Undirected,83
20726,22411,Undirected,124
22355,22411,Undirected,117
21535,22411,Undirected,42
22411,84380,Undirected,37
22411,84378,Undirected,31
22411,84992,Undirected,45
21977,22411,Undirected,106
47566,84212,Undirected,30
20726,47566,Undirected,56
21035,48194,Undirected,33
22377,22381,Undirected,61
22377,22380,Undirected,33
22377,22382,Undirected,30
21429,22367,Undirected,30
21470,21472,Undirected,32
21471,21472,Undirected,36
21470,21471,Undirected,43
22241,85206A,Undirected,30
21504,21519,Undirected,40
22139,22381,Undirected,53
22139,22380,Undirected,40
22380,48111,Undirected,32
22139,22379,Undirected,64
22379,48111,Undirected,44
22037,22383,Undirected,32
22139,22383,Undirected,75
21210,22383,Undirected,38
20685,22383,Undirected,54
21210,22382,Undirected,35
20685,47566B,Undirected,31
21122,21987,Undirected,30
21034,47566,Undirected,96
21703,21790,Undirected,67
21124,47566,Undirected,30
21122,21989,Undirected,34
21703,21891,Undirected,48
21703,21892,Undirected,48
15056N,21314,Undirected,30
22497,85123A,Undirected,31
21166,22178,Undirected,54
21166,84978,Undirected,36
21166,22189,Undirected,50
84978,85152,Undirected,32
22497,22500,Undirected,32
20726,22333,Undirected,35
21519,22382,Undirected,35
21498,22383,Undirected,49
21498,22382,Undirected,69
21870,72741,Undirected,36
84380,POST,Undirected,32
21166,22348,Undirected,32
22379,DOT,Undirected,84
48138,84077,Undirected,34
48138,84991,Undirected,59
22348,48138,Undirected,31
22355,DOT,Undirected,35
20977,22326,Undirected,33
21746,POST,Undirected,40
22080,POST,Undirected,34
21843,22413,Undirected,34
20914,22413,Undirected,32
21907,22413,Undirected,142
20728,22150,Undirected,32
21181,22381,Undirected,30
21172,82483,Undirected,35
21166,82483,Undirected,53
21166,22379,Undirected,36
21175,22383,Undirected,45
20719,22383,Undirected,144
20677,22383,Undirected,39
21122,22383,Undirected,36
22114,22383,Undirected,33
21242,22383,Undirected,34
22353,22383,Undirected,60
22384,22411,Undirected,193
22384,22385,Undirected,166
22384,22386,Undirected,370
21928,22384,Undirected,134
21932,22384,Undirected,95
21172,22384,Undirected,30
22197,22384,Undirected,94
22385,22411,Undirected,275
21259,22411,Undirected,30
21929,22411,Undirected,378
21928,22411,Undirected,397
22411,85099C,Undirected,393
21932,22411,Undirected,67
21714,22411,Undirected,32
22196,22411,Undirected,53
22195,22411,Undirected,41
21931,22385,Undirected,343
21929,22385,Undirected,187
21928,22385,Undirected,189
22385,85099C,Undirected,203
22197,22385,Undirected,68
21929,22386,Undirected,372
21928,22386,Undirected,394
22386,85099C,Undirected,437
21932,22386,Undirected,40
21172,22386,Undirected,35
22197,22386,Undirected,121
22196,22386,Undirected,41
22195,22386,Undirected,37
21929,22197,Undirected,55
21928,22197,Undirected,61
21932,85099C,Undirected,33
21830,84077,Undirected,31
21829,84077,Undirected,32
21035,22379,Undirected,41
21218,22379,Undirected,39
22378,85099B,Undirected,64
22411,85099B,Undirected,688
21169,85099B,Undirected,58
22386,85099B,Undirected,914
22377,22386,Undirected,54
21035,22411,Undirected,65
21035,22386,Undirected,73
21218,22411,Undirected,47
21218,22386,Undirected,58
22297,22411,Undirected,30
22411,85123A,Undirected,156
21755,22411,Undirected,51
21169,22411,Undirected,30
22411,82580,Undirected,41
21498,22411,Undirected,31
22138,22411,Undirected,41
21212,22411,Undirected,111
21169,21928,Undirected,31
21928,82580,Undirected,30
22297,22386,Undirected,31
22386,85123A,Undirected,175
21169,21755,Undirected,36
21755,22386,Undirected,47
22386,84997D,Undirected,90
22381,84997D,Undirected,34
22380,84997D,Undirected,30
21181,22386,Undirected,88
21169,82580,Undirected,55
21169,22386,Undirected,32
21169,21212,Undirected,34
22386,82580,Undirected,48
22138,22386,Undirected,49
21212,22386,Undirected,121
21212,22380,Undirected,31
21166,48138,Undirected,61
21166,21523,Undirected,42
21166,21524,Undirected,45
21524,21790,Undirected,39
22412,82600,Undirected,72
21470,85123A,Undirected,33
21465,21470,Undirected,48
22138,84755,Undirected,33
21166,22384,Undirected,49
21733,22384,Undirected,48
22384,85123A,Undirected,222
21166,21535,Undirected,34
21166,84991,Undirected,55
21166,84992,Undirected,33
21166,21212,Undirected,68
22366,22411,Undirected,30
22366,22386,Undirected,38
22411,22417,Undirected,35
20727,22411,Undirected,165
22367,22411,Undirected,47
21155,22197,Undirected,55
22379,22417,Undirected,30
22197,22417,Undirected,44
22197,22382,Undirected,75
22197,22383,Undirected,120
22377,22383,Undirected,43
22382,22417,Undirected,91
22386,22417,Undirected,51
22383,22417,Undirected,75
20727,22417,Undirected,56
22367,22417,Undirected,82
20727,22386,Undirected,240
22367,22386,Undirected,68
20712,22090,Undirected,40
20711,22090,Undirected,35
22090,84988,Undirected,38
21790,22411,Undirected,47
21122,22411,Undirected,31
15056BL,22411,Undirected,32
22411,84077,Undirected,32
22088,22411,Undirected,30
22083,22411,Undirected,54
20712,22383,Undirected,122
21755,22383,Undirected,46
22383,48185,Undirected,36
21240,22383,Undirected,45
20675,22383,Undirected,35
22274,22383,Undirected,34
22273,22383,Undirected,41
21524,22411,Undirected,46
21533,22411,Undirected,34
21930,22411,Undirected,246
21668,47566,Undirected,30
20971,84077,Undirected,32
21071,37370,Undirected,43
20728,22413,Undirected,31
21166,22413,Undirected,179
22384,22413,Undirected,31
21755,22413,Undirected,44
21903,22413,Undirected,72
22413,82599,Undirected,46
21166,22382,Undirected,39
21790,22382,Undirected,84
22150,22382,Undirected,31
21166,82599,Undirected,65
21790,22384,Undirected,45
22150,22384,Undirected,30
20754,22384,Undirected,34
20727,22150,Undirected,34
21975,22334,Undirected,38
21755,21907,Undirected,36
21169,85099C,Undirected,31
21907,85099F,Undirected,33
21907,22112,Undirected,31
21169,22112,Undirected,39
20750,22328,Undirected,62
15056N,22090,Undirected,31
22090,22384,Undirected,65
21746,22090,Undirected,31
20749,22382,Undirected,36
20749,22384,Undirected,33
20749,22328,Undirected,41
20749,47566,Undirected,44
15056BL,22382,Undirected,41
15056N,22382,Undirected,37
22382,POST,Undirected,93
22384,POST,Undirected,45
22384,47566,Undirected,97
22352,22383,Undirected,105
22383,POST,Undirected,64
22138,22417,Undirected,60
21975,22417,Undirected,209
21213,22417,Undirected,161
20725,22417,Undirected,76
22274,22382,Undirected,34
22273,22382,Undirected,41
22149,22382,Undirected,55
22382,84077,Undirected,44
22149,22381,Undirected,40
20712,22379,Undirected,122
22379,85099F,Undirected,119
22379,84406B,Undirected,35
22377,85099F,Undirected,31
22386,84879,Undirected,78
22411,84879,Undirected,93
20712,22380,Undirected,36
20712,22381,Undirected,79
20712,22386,Undirected,311
20712,22382,Undirected,95
20712,22411,Undirected,245
21930,22386,Undirected,340
22386,85099F,Undirected,490
22382,85099F,Undirected,139
22411,85099F,Undirected,323
22386,84946,Undirected,39
22382,84406B,Undirected,60
22411,84946,Undirected,37
22411,84406B,Undirected,33
22381,48138,Undirected,40
21561,22383,Undirected,65
22149,22379,Undirected,42
22352,22379,Undirected,50
22057,37447,Undirected,56
22499,85123A,Undirected,99
22498,85123A,Undirected,40
20971,22090,Undirected,30
22090,22499,Undirected,65
22084,22499,Undirected,109
22083,22499,Undirected,35
22498,22499,Undirected,72
21754,22499,Undirected,54
22383,84836,Undirected,45
22386,48188,Undirected,31
20685,22386,Undirected,113
22386,48194,Undirected,97
22386,48111,Undirected,50
22386,48185,Undirected,89
21754,22386,Undirected,61
22386,37503,Undirected,32
22111,22386,Undirected,50
21621,22386,Undirected,61
21498,22384,Undirected,33
20972,22384,Undirected,72
21498,22367,Undirected,30
20725,20972,Undirected,92
21495,22383,Undirected,46
20972,22382,Undirected,54
20972,22383,Undirected,69
22417,84378,Undirected,47
22417,84375,Undirected,37
22417,84992,Undirected,133
21977,22417,Undirected,190
21232,22417,Undirected,43
22417,84380,Undirected,34
22326,22417,Undirected,38
21232,22383,Undirected,96
22149,22383,Undirected,67
22149,22386,Undirected,50
22149,22411,Undirected,44
22149,22384,Undirected,54
22382,22385,Undirected,217
20713,22382,Undirected,84
21232,22382,Undirected,74
22383,22385,Undirected,176
21930,22383,Undirected,173
20713,22385,Undirected,182
21930,22385,Undirected,196
22385,22417,Undirected,47
21232,22385,Undirected,40
22367,22385,Undirected,64
20713,22386,Undirected,265
21232,22386,Undirected,95
21232,22411,Undirected,73
20713,22380,Undirected,34
20713,22381,Undirected,63
20713,22384,Undirected,107
21930,22384,Undirected,167
21232,22381,Undirected,41
22384,22417,Undirected,50
21232,22384,Undirected,94
20711,22411,Undirected,230
20711,22386,Undirected,271
22114,22411,Undirected,35
22114,22386,Undirected,41
22111,22411,Undirected,52
21889,22382,Undirected,37
16161U,22382,Undirected,31
21156,22379,Undirected,36
21156,22411,Undirected,35
21156,22381,Undirected,31
21156,22386,Undirected,50
21790,22386,Undirected,43
22413,82567,Undirected,46
22413,82486,Undirected,30
21169,21232,Undirected,42
21232,22412,Undirected,31
21232,22413,Undirected,54
21169,22412,Undirected,59
21169,22413,Undirected,106
20728,21033,Undirected,31
21033,22383,Undirected,49
21500,22383,Undirected,35
21935,22383,Undirected,78
22382,84970S,Undirected,47
22029,22417,Undirected,36
21166,84406B,Undirected,50
47567B,84991,Undirected,62
21232,47567B,Undirected,53
21615,21620,Undirected,42
20728,21533,Undirected,34
20728,21238,Undirected,39
21181,22499,Undirected,32
22499,82494L,Undirected,30
82552,82567,Undirected,32
22413,82552,Undirected,43
22384,84378,Undirected,32
21485,22386,Undirected,32
84378,84987,Undirected,36
20725,84988,Undirected,32
20725,22377,Undirected,54
21136,22189,Undirected,32
21907,82599,Undirected,44
21907,82567,Undirected,42
21907,82552,Undirected,51
21907,82551,Undirected,44
82567,82582,Undirected,41
22083,22383,Undirected,37
21238,22383,Undirected,49
21239,22383,Undirected,39
22383,47590A,Undirected,38
22383,47590B,Undirected,53
22083,22384,Undirected,40
21238,22384,Undirected,53
21239,22384,Undirected,51
21240,22384,Undirected,51
20677,22384,Undirected,53
21244,22384,Undirected,34
22384,47590A,Undirected,33
22384,47590B,Undirected,51
22083,22382,Undirected,32
20677,22382,Undirected,45
22382,47590B,Undirected,41
22413,85152,Undirected,164
21770,22413,Undirected,39
22413,85123A,Undirected,113
22413,84879,Undirected,35
21733,22413,Undirected,47
21754,22413,Undirected,51
21166,84879,Undirected,74
21080,21166,Undirected,45
21166,84836,Undirected,47
21733,22171,Undirected,35
20717,22385,Undirected,33
20717,21929,Undirected,47
20718,22385,Undirected,58
20724,22385,Undirected,109
20723,22385,Undirected,77
20719,22385,Undirected,73
22356,22385,Undirected,85
22355,22385,Undirected,92
21935,22385,Undirected,31
21137,85099B,Undirected,37
21931,22041,Undirected,45
20712,22041,Undirected,35
20712,22385,Undirected,193
22385,85099B,Undirected,417
20685,21154,Undirected,31
21755,22188,Undirected,31
22188,85152,Undirected,34
21166,21877,Undirected,33
21169,22197,Undirected,40
21165,22413,Undirected,101
22117,22413,Undirected,39
21166,22197,Undirected,54
21166,22117,Undirected,34
21166,22412,Undirected,76
21165,22412,Undirected,81
21181,22412,Undirected,70
22383,82494L,Undirected,54
22411,85232B,Undirected,30
21559,22411,Undirected,62
20718,22382,Undirected,70
20718,22411,Undirected,115
22386,22413,Undirected,31
21314,47566,Undirected,42
22173,47566,Undirected,32
21212,22417,Undirected,247
22417,84991,Undirected,207
22193,22383,Undirected,32
16161U,22383,Undirected,54
22084,22383,Undirected,32
21980,22383,Undirected,35
21907,22383,Undirected,32
21621,22499,Undirected,91
22499,85099B,Undirected,50
21621,21907,Undirected,32
22083,22379,Undirected,31
21907,85099B,Undirected,44
21746,85123A,Undirected,31
21754,22188,Undirected,50
21181,22188,Undirected,34
21033,22386,Undirected,90
22356,22386,Undirected,196
21210,22386,Undirected,37
21033,22384,Undirected,30
21210,22384,Undirected,33
22417,84692,Undirected,33
21714,22178,Undirected,34
21232,22297,Undirected,38
82494L,84520B,Undirected,31
21034,21843,Undirected,39
22385,85099F,Undirected,217
20711,22385,Undirected,171
22171,85099B,Undirected,45
21899,85099B,Undirected,34
22188,85099B,Undirected,45
21900,22386,Undirected,30
21174,22386,Undirected,41
22173,22386,Undirected,38
22188,22386,Undirected,36
21174,22411,Undirected,44
22173,22411,Undirected,36
21174,21907,Undirected,138
21232,21907,Undirected,49
22178,22386,Undirected,56
22386,84997C,Undirected,70
84879,85049A,Undirected,49
21213,22090,Undirected,72
20674,22326,Undirected,32
20676,20724,Undirected,34
21731,84879,Undirected,33
20724,47566,Undirected,65
21174,22413,Undirected,102
22413,82600,Undirected,118
21164,22413,Undirected,62
22413,82581,Undirected,49
22413,82580,Undirected,54
22413,82583,Undirected,75
22413,82582,Undirected,70
21164,21166,Undirected,81
21770,21907,Undirected,36
21164,21907,Undirected,50
21907,82581,Undirected,43
21907,82580,Undirected,49
20685,21907,Undirected,30
20685,21169,Undirected,33
20685,22188,Undirected,31
21714,21754,Undirected,30
22326,22385,Undirected,53
22385,POST,Undirected,59
22326,22386,Undirected,67
22386,POST,Undirected,62
22378,POST,Undirected,39
21903,21907,Undirected,67
20971,22417,Undirected,39
22417,47566,Undirected,36
22417,47591D,Undirected,56
22417,84987,Undirected,40
22417,84988,Undirected,31
22416,22417,Undirected,52
21770,47566,Undirected,37
21059,21062,Undirected,35
21169,21754,Undirected,32
21169,82552,Undirected,30
21169,21903,Undirected,61
21164,21169,Undirected,36
21169,21874,Undirected,30
20914,21166,Undirected,63
21166,21975,Undirected,31
22412,82583,Undirected,44
20711,21166,Undirected,41
20724,21169,Undirected,31
20724,21932,Undirected,38
22355,22417,Undirected,35
22356,22417,Undirected,33
20719,22417,Undirected,31
20724,22417,Undirected,42
21931,22417,Undirected,44
21524,22382,Undirected,36
22382,84970L,Undirected,31
21232,22379,Undirected,46
20725,21907,Undirected,35
21169,21174,Undirected,66
21523,22386,Undirected,44
21524,22386,Undirected,49
22386,48138,Undirected,100
20724,22379,Undirected,107
20717,22379,Undirected,49
20724,22377,Undirected,35
21933,85099F,Undirected,31
20723,22386,Undirected,125
20724,22386,Undirected,204
20728,22386,Undirected,226
21975,22386,Undirected,52
20717,22386,Undirected,81
20718,22386,Undirected,144
21933,22386,Undirected,45
20717,22382,Undirected,50
20718,21933,Undirected,30
21166,21621,Undirected,36
20724,84692,Undirected,32
20914,22417,Undirected,51
21156,22417,Undirected,42
22417,POST,Undirected,56
22383,85099F,Undirected,184
22381,47591D,Undirected,33
22384,82580,Undirected,31
22385,47591D,Undirected,31
22386,47591D,Undirected,68
20728,22385,Undirected,136
15036,20725,Undirected,42
21977,22084,Undirected,36
21519,21754,Undirected,44
21509,21519,Undirected,54
20725,22413,Undirected,41
21166,22115,Undirected,34
21166,21904,Undirected,33
21975,22090,Undirected,44
22413,85099B,Undirected,46
21181,22147,Undirected,41
21871,22411,Undirected,31
21080,22411,Undirected,116
22411,84520B,Undirected,32
21621,22411,Undirected,73
20685,22411,Undirected,98
21034,22411,Undirected,77
21622,22499,Undirected,43
15056P,84879,Undirected,33
48111,84879,Undirected,38
22413,82551,Undirected,47
22413,82578,Undirected,36
21908,47566,Undirected,38
22271,22382,Undirected,35
22271,22383,Undirected,36
22271,22384,Undirected,41
22383,84077,Undirected,43
22384,84077,Undirected,47
20972,84755,Undirected,36
22382,84755,Undirected,53
22383,84755,Undirected,63
22384,84755,Undirected,65
20971,22383,Undirected,60
20971,22384,Undirected,57
20972,22417,Undirected,41
20972,84378,Undirected,34
21977,22384,Undirected,67
22196,22417,Undirected,33
22112,22386,Undirected,57
21080,22386,Undirected,131
21078,22386,Undirected,48
21843,22417,Undirected,42
21535,85014B,Undirected,33
20725,22333,Undirected,47
20727,22333,Undirected,43
21212,22188,Undirected,30
21172,71053,Undirected,33
22329,22386,Undirected,35
21731,22367,Undirected,38
21731,22382,Undirected,76
21731,22386,Undirected,77
22131,22386,Undirected,44
22131,22411,Undirected,38
22417,85099B,Undirected,62
21937,22385,Undirected,38
21937,22386,Undirected,70
21937,22411,Undirected,62
21929,21937,Undirected,35
21937,22383,Undirected,101
21987,POST,Undirected,52
22328,22386,Undirected,61
21731,22379,Undirected,48
21731,22381,Undirected,31
21731,22384,Undirected,42
21559,22386,Undirected,96
22353,22386,Undirected,46
20749,22386,Undirected,33
21508,82494L,Undirected,49
22029,82486,Undirected,32
21509,82486,Undirected,42
21508,82486,Undirected,42
22029,82483,Undirected,35
21509,82483,Undirected,44
21508,82483,Undirected,42
21035,22383,Undirected,44
21035,22384,Undirected,36
21731,22385,Undirected,57
21931,POST,Undirected,43
20972,22379,Undirected,30
21243,22384,Undirected,41
22273,22384,Undirected,40
22352,22386,Undirected,85
21243,22386,Undirected,30
21239,22386,Undirected,56
20972,22386,Undirected,51
20972,21731,Undirected,39
20727,21900,Undirected,37
21900,22383,Undirected,36
20727,21901,Undirected,32
21523,22383,Undirected,32
22379,48194,Undirected,32
22084,84879,Undirected,43
22188,84836,Undirected,33
21313,84978,Undirected,31
21754,22382,Undirected,54
22384,22499,Undirected,30
21754,22384,Undirected,68
22084,48138,Undirected,73
22499,48138,Undirected,72
20719,22380,Undirected,30
21239,85099F,Undirected,35
21469,21470,Undirected,30
21212,21499,Undirected,37
21080,22381,Undirected,47
21080,22379,Undirected,67
22379,47591D,Undirected,32
20685,22413,Undirected,35
21166,48194,Undirected,34
21166,82567,Undirected,42
48194,82600,Undirected,31
21216,22379,Undirected,37
21216,22411,Undirected,49
22379,84970S,Undirected,34
22411,84970S,Undirected,41
21621,22498,Undirected,35
47566,84978,Undirected,77
21078,21094,Undirected,33
20981,22326,Undirected,33
20676,20712,Undirected,45
20713,POST,Undirected,31
20750,21094,Undirected,30
21626,22499,Undirected,31
21755,22499,Undirected,41
21626,22084,Undirected,35
20728,21731,Undirected,38
21429,22384,Undirected,38
22138,22384,Undirected,63
15056N,22386,Undirected,41
21429,22386,Undirected,39
15056BL,22386,Undirected,31
22138,22385,Undirected,34
21843,22385,Undirected,33
21533,22386,Undirected,33
22386,85232B,Undirected,31
22169,85066,Undirected,54
21363,82494L,Undirected,47
21363,47566,Undirected,32
20726,22417,Undirected,46
22499,85152,Undirected,32
22383,85152,Undirected,38
21166,22383,Undirected,43
21212,22499,Undirected,38
21976,22417,Undirected,112
20728,22417,Undirected,52
21976,22383,Undirected,35
20727,22499,Undirected,31
20676,84596F,Undirected,33
20676,22383,Undirected,42
21531,48185,Undirected,33
21361,21754,Undirected,35
22191,47566,Undirected,51
21361,21363,Undirected,59
21232,84406B,Undirected,40
22385,85123A,Undirected,78
20719,22384,Undirected,118
20719,22386,Undirected,119
22189,22384,Undirected,34
22147,22384,Undirected,39
22189,22386,Undirected,45
22385,48194,Undirected,42
20914,22385,Undirected,38
22383,22413,Undirected,30
22383,48187,Undirected,35
21754,22383,Undirected,57
21473,21474,Undirected,33
21866,85099B,Undirected,32
20711,21754,Undirected,31
22328,71459,Undirected,30
21500,22386,Undirected,37
20724,22149,Undirected,41
20677,22386,Undirected,40
21240,22386,Undirected,44
20675,22386,Undirected,34
21094,22386,Undirected,46
21238,22386,Undirected,55
20676,22386,Undirected,70
21122,22386,Undirected,36
22333,22382,Undirected,39
21094,22382,Undirected,32
21122,22382,Undirected,31
22169,22171,Undirected,71
22412,85123A,Undirected,42
21210,84380,Undirected,37
21790,22355,Undirected,32
21790,22383,Undirected,53
21868,22383,Undirected,30
22499,47590B,Undirected,32
22326,22411,Undirected,57
22331,22382,Undirected,32
20726,22331,Undirected,37
21509,22382,Undirected,53
20725,22385,Undirected,190
20726,22385,Undirected,120
21937,22381,Undirected,41
21937,22382,Undirected,78
21937,22384,Undirected,107
20726,21937,Undirected,69
21937,85099C,Undirected,45
22371,22372,Undirected,77
22374,22376,Undirected,62
22372,22374,Undirected,64
22371,22374,Undirected,120
22374,22375,Undirected,64
22372,22376,Undirected,41
22371,22376,Undirected,61
22375,22376,Undirected,38
22372,22375,Undirected,38
22371,22375,Undirected,57
22386,48129,Undirected,32
22367,47566,Undirected,31
21932,47566,Undirected,43
22386,47590B,Undirected,56
21932,22382,Undirected,87
21932,85099F,Undirected,38
22417,85099F,Undirected,31
21868,22499,Undirected,30
20727,21240,Undirected,37
22499,84879,Undirected,58
22328,22385,Undirected,48
20723,22149,Undirected,31
20719,22411,Undirected,90
21754,22411,Undirected,68
21754,21907,Undirected,44
21907,84879,Undirected,44
22411,84836,Undirected,43
22189,22411,Undirected,36
22411,82600,Undirected,58
20979,22384,Undirected,35
22384,84520B,Undirected,44
21080,22384,Undirected,88
22383,84520B,Undirected,30
21080,22417,Undirected,74
21080,22383,Undirected,77
22383,84991,Undirected,111
21700,22386,Undirected,51
84596B,85099B,Undirected,42
21124,22384,Undirected,31
21122,22384,Undirected,35
22083,22386,Undirected,35
22327,22386,Undirected,36
21212,22416,Undirected,30
21210,22416,Undirected,32
21210,22417,Undirected,50
20676,22379,Undirected,37
21328,85099B,Undirected,31
21361,85123A,Undirected,59
22385,84997C,Undirected,35
22385,84997D,Undirected,44
21936,22381,Undirected,57
21936,22382,Undirected,122
21242,22384,Undirected,34
21843,22384,Undirected,56
21936,22385,Undirected,62
20676,22385,Undirected,35
21936,22386,Undirected,112
21242,22386,Undirected,30
22411,71053,Undirected,52
22411,22499,Undirected,41
20727,71053,Undirected,42
22374,85099B,Undirected,34
22328,22411,Undirected,56
20728,22411,Undirected,165
22386,48187,Undirected,55
21524,22384,Undirected,35
22417,85123A,Undirected,39
22382,84991,Undirected,80
20726,20971,Undirected,42
20727,84692,Undirected,37
20725,21889,Undirected,39
20675,22384,Undirected,48
20674,22384,Undirected,33
20674,20727,Undirected,39
21361,21755,Undirected,48
22411,85014B,Undirected,44
20679,22411,Undirected,35
22358,22411,Undirected,30
21175,22411,Undirected,49
21181,22385,Undirected,30
21977,22385,Undirected,42
22385,84997B,Undirected,40
21080,22385,Undirected,61
22411,84978,Undirected,60
21078,22411,Undirected,61
20749,22411,Undirected,33
20724,22411,Undirected,135
21935,22411,Undirected,67
21485,22411,Undirected,46
21974,22411,Undirected,44
21935,22379,Undirected,43
21429,22411,Undirected,33
22411,48184,Undirected,45
21533,22384,Undirected,37
21217,22384,Undirected,34
21500,22384,Undirected,37
21907,22412,Undirected,65
22412,85152,Undirected,80
21166,21900,Undirected,34
21166,21899,Undirected,32
21166,21901,Undirected,33
21714,84879,Undirected,38
21071,21172,Undirected,31
22382,82486,Undirected,68
20728,82486,Undirected,30
22383,82486,Undirected,31
22386,82486,Undirected,41
22411,82486,Undirected,42
21181,22382,Undirected,37
21181,22383,Undirected,50
22411,84997C,Undirected,32
22382,71459,Undirected,38
22356,22411,Undirected,105
21034,22383,Undirected,66
22383,71459,Undirected,40
21034,22386,Undirected,66
22386,71459,Undirected,43
22385,48138,Undirected,42
22411,48194,Undirected,62
21523,22411,Undirected,41
22411,71459,Undirected,54
21122,22417,Undirected,43
21121,22417,Undirected,45
20972,21975,Undirected,44
37370,82494L,Undirected,45
22379,84991,Undirected,43
22379,48185,Undirected,35
22411,84991,Undirected,80
22411,48185,Undirected,72
22411,48188,Undirected,34
22386,84991,Undirected,97
22386,82582,Undirected,39
22386,82600,Undirected,68
21166,84755,Undirected,31
21035,22385,Undirected,31
21034,47590B,Undirected,39
21136,47566,Undirected,36
21928,21933,Undirected,30
21703,21889,Undirected,54
21703,21704,Undirected,37
22087,22178,Undirected,47
22150,84991,Undirected,31
71459,84991,Undirected,46
21175,22386,Undirected,64
21166,22411,Undirected,57
21166,22386,Undirected,57
21166,85099B,Undirected,97
21080,22499,Undirected,37
21080,22382,Undirected,71
22386,84520B,Undirected,32
21901,22386,Undirected,30
21901,85099B,Undirected,39
21918,22411,Undirected,32
22386,22499,Undirected,32
21918,22382,Undirected,37
22499,47566,Undirected,71
47566,84970S,Undirected,70
20717,47566,Undirected,35
20723,47566,Undirected,61
20725,21790,Undirected,68
21212,22385,Undirected,60
20972,22411,Undirected,44
20971,22411,Undirected,31
21169,82581,Undirected,42
21169,21905,Undirected,32
22386,82583,Undirected,39
22411,85152,Undirected,41
22386,85152,Undirected,57
22411,82581,Undirected,30
22386,82581,Undirected,30
22386,82494L,Undirected,52
21124,22417,Undirected,37
22381,84991,Undirected,37
21154,22348,Undirected,43
20685,22499,Undirected,31
21974,47566,Undirected,37
47566,48185,Undirected,36
21509,22367,Undirected,30
21058,21062,Undirected,30
21429,22383,Undirected,51
21672,22411,Undirected,35
22169,22189,Undirected,36
20728,47590A,Undirected,33
21238,22379,Undirected,31
20749,85099B,Undirected,57
22386,84970L,Undirected,30
22386,84836,Undirected,39
22386,84970S,Undirected,42
21672,22386,Undirected,35
22371,22386,Undirected,41
22386,84755,Undirected,63
22384,84970L,Undirected,41
22383,84970S,Undirected,47
21933,22383,Undirected,90
21936,22383,Undirected,152
22371,22383,Undirected,48
21731,22383,Undirected,60
22384,84970S,Undirected,54
20725,22371,Undirected,40
21933,22384,Undirected,86
21731,21936,Undirected,36
21986,22384,Undirected,36
22371,22384,Undirected,37
22371,22382,Undirected,40
22371,22411,Undirected,36
22384,82581,Undirected,31
22352,22385,Undirected,58
22352,22411,Undirected,65
22193,84879,Undirected,39
21080,22055,Undirected,32
21497,22382,Undirected,34
21714,DOT,Undirected,71
22196,DOT,Undirected,68
21974,DOT,Undirected,34
22179,DOT,Undirected,36
47566,DOT,Undirected,61
20655,DOT,Undirected,37
22357,DOT,Undirected,31
21700,DOT,Undirected,85
47566,82551,Undirected,33
22061,37447,Undirected,31
22275,22382,Undirected,32
21936,22367,Undirected,33
21936,22380,Undirected,35
21936,22411,Undirected,99
21936,85099C,Undirected,71
21034,22371,Undirected,41
21931,22371,Undirected,42
21156,22385,Undirected,30
21935,22384,Undirected,44
21935,22382,Undirected,45
20682,22384,Undirected,36
21934,22384,Undirected,32
20681,22383,Undirected,30
20682,22383,Undirected,31
21934,22383,Undirected,44
20727,84836,Undirected,42
21467,21470,Undirected,34
20981,22382,Undirected,30
20727,21936,Undirected,109
21907,82486,Undirected,31
21181,22384,Undirected,44
21907,22384,Undirected,30
21034,21907,Undirected,32
21561,22384,Undirected,68
22384,47559B,Undirected,46
21154,22197,Undirected,33
22169,48187,Undirected,31
22178,22384,Undirected,51
22384,22432,Undirected,35
20712,22384,Undirected,100
20726,22432,Undirected,39
21672,21754,Undirected,33
22171,22189,Undirected,46
22371,85123A,Undirected,35
21790,85227,Undirected,31
22355,85152,Undirected,32
21903,22412,Undirected,30
21174,22412,Undirected,41
22212,22386,Undirected,35
22212,85099B,Undirected,44
22385,84991,Undirected,41
21232,22499,Undirected,31
22411,84692,Undirected,43
21466,21470,Undirected,45
21465,21466,Undirected,35
21166,21905,Undirected,36
21905,22413,Undirected,33
22432,22433,Undirected,144
22114,22384,Undirected,34
20728,21242,Undirected,34
21071,21519,Undirected,34
22384,71459,Undirected,44
20719,22379,Undirected,59
20719,22381,Undirected,37
22382,22431,Undirected,54
22382,22432,Undirected,39
22382,22433,Undirected,40
20717,22383,Undirected,68
22383,22431,Undirected,40
22383,22433,Undirected,39
22384,22431,Undirected,45
22384,22433,Undirected,40
21935,22386,Undirected,62
21561,22386,Undirected,32
22090,22386,Undirected,74
22089,22386,Undirected,32
22386,22431,Undirected,34
22386,22433,Undirected,32
21559,22385,Undirected,54
22090,22385,Undirected,37
20727,22385,Undirected,135
20717,22411,Undirected,77
22090,22411,Undirected,78
22089,22411,Undirected,44
22411,47591D,Undirected,39
22411,22431,Undirected,31
22431,85099B,Undirected,43
22432,85099B,Undirected,36
22433,85099B,Undirected,39
21429,22328,Undirected,30
21559,22431,Undirected,37
21559,22432,Undirected,33
20727,22431,Undirected,37
20727,22433,Undirected,35
22326,22431,Undirected,48
22326,22432,Undirected,47
22326,22433,Undirected,32
22328,22431,Undirected,40
22328,22432,Undirected,38
20728,22431,Undirected,36
20728,22432,Undirected,31
20728,22433,Undirected,32
20726,22431,Undirected,36
20726,22433,Undirected,31
22367,22431,Undirected,32
22431,22432,Undirected,189
22431,22433,Undirected,173
21232,21936,Undirected,34
20975,22383,Undirected,41
16161P,22383,Undirected,30
21174,22383,Undirected,33
22382,84978,Undirected,39
15056BL,22197,Undirected,30
22215,POST,Undirected,37
84795A,84795C,Undirected,32
20728,22147,Undirected,42
20728,22149,Undirected,57
21213,22386,Undirected,59
20972,22029,Undirected,36
20728,22371,Undirected,31
21877,22178,Undirected,34
22384,84978,Undirected,55
21523,22384,Undirected,30
22112,22383,Undirected,52
22412,82582,Undirected,53
21166,84970S,Undirected,41
20750,22386,Undirected,42
20728,22333,Undirected,37
20725,22432,Undirected,37
22432,POST,Undirected,50
22386,84029G,Undirected,50
22411,84029G,Undirected,54
22431,POST,Undirected,35
21731,22431,Undirected,34
20724,22378,Undirected,31
22431,85123A,Undirected,43
22432,85123A,Undirected,30
22499,84755,Undirected,30
22178,22499,Undirected,33
22386,84978,Undirected,45
22386,84987,Undirected,34
21985,22386,Undirected,32
21034,22499,Undirected,33
21033,22382,Undirected,35
21933,22411,Undirected,54
21033,22381,Undirected,30
21033,22379,Undirected,35
21033,22385,Undirected,69
21033,22411,Undirected,92
21033,21559,Undirected,31
22352,85099F,Undirected,35
22197,85066,Undirected,34
22197,71459,Undirected,36
21034,21713,Undirected,33
21559,21937,Undirected,39
15056P,82486,Undirected,34
21907,47566,Undirected,41
47566,82583,Undirected,48
21166,47566,Undirected,48
21179,21907,Undirected,41
21179,22413,Undirected,35
21179,82583,Undirected,31
21166,21179,Undirected,44
21179,82600,Undirected,52
21754,22379,Undirected,39
22609,22610,Undirected,47
22385,48185,Undirected,39
20685,22385,Undirected,45
21989,22386,Undirected,51
20711,21935,Undirected,44
20711,21989,Undirected,30
21094,22383,Undirected,32
20728,21094,Undirected,34
21989,22379,Undirected,34
21166,21843,Undirected,52
21166,21977,Undirected,55
21166,21929,Undirected,37
22411,82483,Undirected,41
21975,22411,Undirected,40
21428,22411,Undirected,40
22082,22411,Undirected,35
22367,82494L,Undirected,32
22367,82483,Undirected,32
22385,84879,Undirected,34
22386,82483,Undirected,30
21428,22386,Undirected,35
20723,84755,Undirected,43
84755,85099F,Undirected,56
21733,22386,Undirected,43
20719,22197,Undirected,68
22041,22386,Undirected,42
20750,22197,Undirected,40
20711,22041,Undirected,30
20711,22197,Undirected,51
20974,22383,Undirected,38
20728,84077,Undirected,47
15036,21790,Undirected,33
20750,22411,Undirected,33
21216,22386,Undirected,52
21558,22385,Undirected,38
21094,22411,Undirected,39
20972,22090,Undirected,34
22169,22178,Undirected,35
22170,22178,Undirected,34
22149,47590B,Undirected,30
20725,21899,Undirected,30
20728,21900,Undirected,38
20725,21900,Undirected,40
21745,84879,Undirected,47
21901,82583,Undirected,30
21907,82494L,Undirected,31
21068,82494L,Undirected,48
21071,82494L,Undirected,66
15056BL,21071,Undirected,44
21068,84406B,Undirected,40
21071,84406B,Undirected,37
21481,84030E,Undirected,58
84030E,85123A,Undirected,38
21484,84030E,Undirected,42
22197,22326,Undirected,52
22384,84879,Undirected,89
21621,22384,Undirected,43
22431,47566,Undirected,48
22139,22431,Undirected,34
20723,22139,Undirected,36
22432,47566,Undirected,37
20726,21933,Undirected,45
21937,84755,Undirected,40
22178,22382,Undirected,46
20972,22178,Undirected,30
20728,47566,Undirected,73
22431,84674,Undirected,33
21931,22431,Undirected,34
22386,85150,Undirected,31
21929,85152,Undirected,33
22411,85014A,Undirected,38
15056N,22411,Undirected,50
22197,22432,Undirected,31
15056N,21931,Undirected,37
21166,85099C,Undirected,48
21166,85099F,Undirected,53
21166,21928,Undirected,47
22192,84879,Undirected,32
21524,22413,Undirected,30
22386,47590A,Undirected,33
21504,82494L,Undirected,44
20727,82483,Undirected,50
22380,82494L,Undirected,32
20681,22386,Undirected,31
21900,22384,Undirected,30
20725,21901,Undirected,31
84978,84991,Undirected,51
21179,22412,Undirected,31
15056N,71053,Undirected,37
22433,85123A,Undirected,30
21504,85123A,Undirected,30
20725,22431,Undirected,44
20725,22433,Undirected,40
22379,71459,Undirected,30
20728,21240,Undirected,36
20723,22411,Undirected,95
20724,21937,Undirected,45
20717,21937,Undirected,36
21212,21937,Undirected,41
20914,21937,Undirected,39
22411,84987,Undirected,35
21731,22411,Undirected,57
21974,22386,Undirected,32
22386,84988,Undirected,32
22386,85014A,Undirected,30
21363,84879,Undirected,30
20975,22382,Undirected,31
22170,84879,Undirected,49
22458,22459,Undirected,92
22386,71053,Undirected,31
85049F,85049G,Undirected,76
21531,22384,Undirected,30
20712,21937,Undirected,33
20728,22197,Undirected,81
21937,22197,Undirected,32
15056N,21754,Undirected,34
20728,21937,Undirected,82
48188,84879,Undirected,35
22467,84406B,Undirected,30
22191,22467,Undirected,35
22219,22411,Undirected,48
21172,21621,Undirected,33
20728,21621,Undirected,33
22608,22609,Undirected,31
22608,22610,Undirected,30
20726,22371,Undirected,32
21700,22379,Undirected,30
22379,22467,Undirected,38
84596B,84596L,Undirected,53
84596G,84596L,Undirected,47
84596F,84596G,Undirected,80
20725,22467,Undirected,34
22383,22467,Undirected,43
21034,22467,Undirected,33
22328,22467,Undirected,69
22326,22467,Undirected,70
20914,22467,Undirected,40
22483,85123A,Undirected,34
22197,22467,Undirected,47
22467,85123A,Undirected,78
20728,22467,Undirected,30
20725,22457,Undirected,87
22348,22384,Undirected,32
22384,22457,Undirected,76
22457,85123A,Undirected,329
22189,22457,Undirected,97
22457,71053,Undirected,31
21539,22457,Undirected,33
21212,22457,Undirected,74
21535,22457,Undirected,48
21533,22457,Undirected,41
21080,22457,Undirected,61
21068,22382,Undirected,30
21932,21936,Undirected,105
22464,84970S,Undirected,55
22464,22465,Undirected,132
22464,84970L,Undirected,47
22477,22478,Undirected,67
22480,22482,Undirected,101
85099B,DOT,Undirected,125
48116,DOT,Undirected,46
21977,DOT,Undirected,34
21947,DOT,Undirected,31
22197,DOT,Undirected,92
22297,DOT,Undirected,42
21936,84879,Undirected,47
21035,21166,Undirected,35
22457,22488,Undirected,164
22456,22457,Undirected,182
22456,22488,Undirected,111
21232,22464,Undirected,33
22464,85123A,Undirected,185
22464,82494L,Undirected,49
21755,22464,Undirected,59
21754,22464,Undirected,44
22464,84978,Undirected,48
22384,22464,Undirected,31
20727,22464,Undirected,34
22383,22464,Undirected,38
22457,48138,Undirected,68
22488,48138,Undirected,33
22185,22457,Undirected,63
22457,72741,Undirected,41
22083,22457,Undirected,41
22185,22488,Undirected,85
21034,22487,Undirected,30
22384,84946,Undirected,32
21754,22467,Undirected,39
22467,84879,Undirected,37
21790,21914,Undirected,111
21889,21914,Undirected,102
21704,21914,Undirected,45
20727,21914,Undirected,39
21181,22464,Undirected,31
21733,22464,Undirected,39
22465,85123A,Undirected,102
21900,22457,Undirected,47
22197,47590B,Undirected,39
21621,22457,Undirected,51
22456,47566,Undirected,41
22457,47566,Undirected,116
21165,47566,Undirected,31
22467,47566,Undirected,66
22197,22456,Undirected,38
22197,22457,Undirected,61
22178,22456,Undirected,34
22178,22457,Undirected,113
22457,84970L,Undirected,95
22456,85152,Undirected,41
21175,22456,Undirected,32
22456,85123A,Undirected,91
22456,22467,Undirected,30
22457,85152,Undirected,64
21907,22457,Undirected,35
21165,22457,Undirected,33
21175,22457,Undirected,53
21166,22457,Undirected,56
22457,22467,Undirected,32
21172,21907,Undirected,55
21169,21172,Undirected,34
21175,22467,Undirected,30
21166,22467,Undirected,31
21731,22432,Undirected,34
21169,82599,Undirected,41
20727,82580,Undirected,33
22386,47566B,Undirected,46
21078,22383,Undirected,30
21078,22384,Undirected,35
22464,47566,Undirected,39
22219,22386,Undirected,41
22485,85123A,Undirected,47
22456,82494L,Undirected,38
21181,22456,Undirected,56
21754,22456,Undirected,37
22457,82494L,Undirected,98
21181,22457,Undirected,83
22413,22457,Undirected,35
22457,85150,Undirected,32
22457,22485,Undirected,32
21754,22457,Undirected,93
22114,22457,Undirected,33
21259,22457,Undirected,31
21754,22485,Undirected,38
21731,22466,Undirected,91
15036,22383,Undirected,36
15036,22382,Undirected,36
15036,20727,Undirected,33
22457,84879,Undirected,172
21232,22487,Undirected,33
21181,22487,Undirected,31
21755,22487,Undirected,45
22487,82486,Undirected,38
22456,22487,Undirected,30
22457,22487,Undirected,83
22487,85152,Undirected,32
22487,48187,Undirected,32
22487,48138,Undirected,30
22487,84978,Undirected,40
22487,84970L,Undirected,32
22487,84836,Undirected,37
22487,85123A,Undirected,115
21080,22487,Undirected,40
21136,22487,Undirected,30
22411,22456,Undirected,37
22456,48138,Undirected,37
22456,82486,Undirected,30
22456,84978,Undirected,40
22456,84836,Undirected,33
20914,22456,Undirected,31
21080,22456,Undirected,37
22411,22457,Undirected,51
21174,22457,Undirected,39
21714,22457,Undirected,30
21411,22457,Undirected,36
22457,48187,Undirected,59
22457,48184,Undirected,31
22457,82486,Undirected,54
22457,84978,Undirected,108
22457,84836,Undirected,118
22082,22457,Undirected,47
20914,22457,Undirected,62
21136,22457,Undirected,45
21756,22457,Undirected,37
21238,22411,Undirected,38
22460,85123A,Undirected,35
22456,84879,Undirected,65
22212,22467,Undirected,36
21731,22467,Undirected,55
21212,22467,Undirected,56
22467,POST,Undirected,95
22466,POST,Undirected,32
21731,22468,Undirected,33
22029,22468,Undirected,34
22457,71459,Undirected,57
21745,22457,Undirected,30
22457,84991,Undirected,55
21916,22457,Undirected,61
21670,22457,Undirected,41
21672,22457,Undirected,38
21669,22457,Undirected,41
21733,22457,Undirected,93
21916,22456,Undirected,58
21916,22488,Undirected,40
21754,22487,Undirected,53
22151,22487,Undirected,30
22457,22499,Undirected,43
22457,84406B,Undirected,44
20724,22467,Undirected,30
20719,22467,Undirected,38
20712,22467,Undirected,31
22386,22467,Undirected,35
22467,85099B,Undirected,81
21559,22467,Undirected,33
22138,22457,Undirected,70
21790,22457,Undirected,37
22356,22457,Undirected,32
22386,22457,Undirected,90
20728,22457,Undirected,66
22487,47566,Undirected,50
21936,84692,Undirected,32
22371,85099B,Undirected,52
22485,22487,Undirected,45
22460,84755,Undirected,39
22464,84755,Undirected,56
22487,84755,Undirected,38
22464,22487,Undirected,43
20727,22178,Undirected,59
20723,21166,Undirected,30
21166,48185,Undirected,55
21166,22464,Undirected,35
22178,22464,Undirected,62
22457,22464,Undirected,74
22297,22457,Undirected,52
22478,85123A,Undirected,35
22379,22457,Undirected,61
22090,22457,Undirected,44
22569,84879,Undirected,54
22568,84879,Undirected,65
22570,84879,Undirected,54
22568,22569,Undirected,300
22569,22570,Undirected,339
22569,22586,Undirected,30
22568,22570,Undirected,307
22570,22586,Undirected,31
21977,22570,Undirected,30
22147,22568,Undirected,113
22147,22569,Undirected,126
22147,22570,Undirected,120
22147,22586,Undirected,47
22147,22587,Undirected,37
22149,22568,Undirected,107
22149,22569,Undirected,118
22149,22570,Undirected,109
22149,22586,Undirected,38
22149,22587,Undirected,39
22150,22568,Undirected,96
22150,22569,Undirected,84
22150,22570,Undirected,88
22150,22586,Undirected,32
22150,22587,Undirected,38
20971,22568,Undirected,106
20971,22569,Undirected,85
20971,22570,Undirected,96
20971,22586,Undirected,34
20971,22587,Undirected,33
22274,22568,Undirected,66
22274,22569,Undirected,54
22274,22570,Undirected,59
22272,22568,Undirected,35
22272,22569,Undirected,34
22272,22570,Undirected,33
22273,22568,Undirected,89
22273,22569,Undirected,77
22273,22570,Undirected,77
22271,22568,Undirected,83
22271,22569,Undirected,81
22271,22570,Undirected,74
20970,22568,Undirected,94
20970,22569,Undirected,89
20970,22570,Undirected,84
20969,22568,Undirected,116
20969,22569,Undirected,98
20969,22570,Undirected,97
22586,22587,Undirected,40
21232,22457,Undirected,62
20972,22565,Undirected,57
20971,22565,Undirected,37
22147,22565,Undirected,38
20685,22568,Undirected,30
20685,22456,Undirected,35
20712,22456,Undirected,31
22386,22456,Undirected,47
21931,22456,Undirected,35
22456,85099C,Undirected,35
22456,85099B,Undirected,61
22327,22411,Undirected,31
22147,22566,Undirected,45
22566,22570,Undirected,30
22273,22566,Undirected,37
22274,22566,Undirected,31
22582,22585,Undirected,52
22583,22585,Undirected,63
22584,22585,Undirected,135
22582,22583,Undirected,65
22582,22584,Undirected,105
22583,22584,Undirected,99
22487,84879,Undirected,74
22411,22585,Undirected,46
22328,22585,Undirected,30
22384,84380,Undirected,30
21931,22569,Undirected,31
22459,85123A,Undirected,33
22082,22585,Undirected,36
22472,22474,Undirected,62
22457,22505,Undirected,34
21155,22384,Undirected,40
22464,84879,Undirected,51
22271,22566,Undirected,30
22273,22565,Undirected,35
20972,22569,Undirected,121
20972,22566,Undirected,54
20972,22570,Undirected,99
22565,22566,Undirected,61
22149,22565,Undirected,34
22149,22566,Undirected,48
21754,22505,Undirected,42
22212,22457,Undirected,47
22169,22457,Undirected,47
22457,22508,Undirected,52
21755,22508,Undirected,51
21755,22457,Undirected,103
22487,22499,Undirected,33
22326,22585,Undirected,35
22584,84879,Undirected,34
22029,22585,Undirected,31
22585,84879,Undirected,156
22457,84970S,Undirected,106
22457,82580,Undirected,49
22457,82600,Undirected,33
22456,84970S,Undirected,34
22464,85152,Undirected,30
22456,82600,Undirected,34
22139,22457,Undirected,97
22138,22507,Undirected,33
21668,22457,Undirected,42
22457,84792,Undirected,32
20725,21982,Undirected,33
20727,22219,Undirected,32
21982,21986,Undirected,49
22171,22457,Undirected,45
22171,22487,Undirected,30
22488,85123A,Undirected,102
22487,22488,Undirected,40
22488,84970L,Undirected,32
22488,84970S,Undirected,40
22487,84970S,Undirected,42
20725,22487,Undirected,36
21231,84879,Undirected,45
21086,22411,Undirected,38
22139,22411,Undirected,79
21078,21086,Undirected,40
21980,21982,Undirected,76
21981,21982,Undirected,61
21982,21983,Undirected,36
21982,21985,Undirected,78
21981,21985,Undirected,39
20727,21967,Undirected,53
21967,21986,Undirected,33
21340,47566,Undirected,34
21231,71459,Undirected,34
82486,84755,Undirected,47
21231,84755,Undirected,37
21172,85099B,Undirected,50
21623,48138,Undirected,53
22467,48138,Undirected,32
22507,48138,Undirected,40
21931,22467,Undirected,51
21931,22505,Undirected,32
21931,22507,Undirected,37
21623,85123A,Undirected,74
22505,85123A,Undirected,72
22507,85123A,Undirected,100
21621,21623,Undirected,71
21623,22505,Undirected,43
21623,22507,Undirected,68
21623,85099B,Undirected,45
22467,82486,Undirected,30
22384,82552,Undirected,30
22505,22507,Undirected,106
22505,85099B,Undirected,41
22507,82486,Undirected,33
22384,22507,Undirected,31
20725,22507,Undirected,51
22507,85099B,Undirected,78
21928,21936,Undirected,70
21928,85152,Undirected,37
21179,85099B,Undirected,30
21932,84879,Undirected,31
21166,82578,Undirected,41
22487,85099B,Undirected,35
21937,22355,Undirected,38
21937,22356,Undirected,36
20723,21936,Undirected,49
22178,22460,Undirected,78
22382,71053,Undirected,59
22382,22467,Undirected,41
22585,47566,Undirected,43
22192,22467,Undirected,31
22197,22507,Undirected,42
21080,22507,Undirected,40
21166,22507,Undirected,39
21181,22507,Undirected,36
21932,21937,Undirected,75
20723,21932,Undirected,34
22458,85123A,Undirected,33
22457,22585,Undirected,46
22585,85123A,Undirected,91
22294,22585,Undirected,32
22457,84949,Undirected,42
22294,22457,Undirected,52
21623,22499,Undirected,37
21623,84879,Undirected,32
21622,21623,Undirected,52
22631,22659,Undirected,121
20914,22659,Undirected,47
21931,22659,Undirected,58
22659,85099C,Undirected,35
22385,22659,Undirected,31
22584,84991,Undirected,35
21977,22584,Undirected,30
21080,22585,Undirected,40
22585,84991,Undirected,46
21977,22585,Undirected,49
20914,22585,Undirected,42
21754,22585,Undirected,51
21231,82580,Undirected,44
21231,82581,Undirected,38
15056N,84406B,Undirected,34
22189,22456,Undirected,41
22189,22464,Undirected,33
22185,22456,Undirected,41
22464,71053,Undirected,44
22219,22585,Undirected,31
22149,22585,Undirected,45
22147,22585,Undirected,33
21213,21967,Undirected,35
22411,84755,Undirected,56
20726,21932,Undirected,51
21928,21937,Undirected,34
22386,85014B,Undirected,37
22411,84029E,Undirected,41
21212,22584,Undirected,35
22090,22417,Undirected,31
21086,22417,Undirected,32
21094,22417,Undirected,31
22178,22585,Undirected,44
22138,22618,Undirected,47
22617,22618,Undirected,64
22138,22617,Undirected,413
22617,47566,Undirected,36
22386,22505,Undirected,41
22386,22507,Undirected,52
22411,22505,Undirected,31
22411,22507,Undirected,52
22507,22508,Undirected,57
22507,84991,Undirected,32
22138,22456,Undirected,33
21212,22456,Undirected,39
21212,22617,Undirected,62
22617,84991,Undirected,36
22417,22617,Undirected,55
22367,22617,Undirected,99
22617,47591D,Undirected,40
21212,22507,Undirected,55
21217,22507,Undirected,32
21213,22411,Undirected,34
20971,22566,Undirected,44
21071,21509,Undirected,46
21071,21508,Undirected,43
21937,47566,Undirected,35
21231,22063,Undirected,52
22508,85123A,Undirected,107
22508,48138,Undirected,33
22149,22617,Undirected,39
21080,21982,Undirected,33
21080,22617,Undirected,32
21212,21982,Undirected,37
21931,21982,Undirected,43
21982,22355,Undirected,47
21982,22383,Undirected,58
21975,22617,Undirected,32
21931,22617,Undirected,34
22355,22617,Undirected,32
22382,22617,Undirected,96
22383,22617,Undirected,56
22273,22617,Undirected,34
20685,22585,Undirected,44
21974,22423,Undirected,98
22423,22583,Undirected,33
22423,22457,Undirected,159
22423,22465,Undirected,30
22423,22464,Undirected,41
20712,21086,Undirected,35
21210,22411,Undirected,39
22138,22508,Undirected,36
22508,47566,Undirected,34
21974,85099B,Undirected,36
22411,84988,Undirected,44
22168,22487,Undirected,38
22082,47566,Undirected,39
22138,22487,Undirected,37
21121,84879,Undirected,34
21880,POST,Undirected,31
21623,21755,Undirected,38
21181,22467,Undirected,30
22468,85123A,Undirected,46
22359,22360,Undirected,45
22359,22361,Undirected,45
22359,22364,Undirected,39
22360,22361,Undirected,53
22360,22364,Undirected,77
22361,22364,Undirected,55
22382,22570,Undirected,35
22086,22382,Undirected,52
20725,22041,Undirected,33
22423,84997B,Undirected,50
22423,84991,Undirected,170
21977,22423,Undirected,210
21212,22423,Undirected,247
21210,22423,Undirected,97
21508,22423,Undirected,33
22027,22423,Undirected,60
21976,22423,Undirected,55
21975,22423,Undirected,81
22417,22423,Undirected,76
22423,84987,Undirected,84
22362,22364,Undirected,39
22360,22362,Undirected,34
22139,22384,Undirected,70
22384,22617,Undirected,44
22139,22467,Undirected,49
22139,22618,Undirected,34
22139,22617,Undirected,146
22090,22467,Undirected,30
22138,22467,Undirected,34
22467,84997B,Undirected,30
22090,22617,Undirected,35
20719,22617,Undirected,33
20726,22617,Undirected,44
22617,84997B,Undirected,39
22423,22617,Undirected,79
21889,22617,Undirected,35
21716,22423,Undirected,30
21715,22423,Undirected,30
21889,22423,Undirected,51
22423,72741,Undirected,78
21231,21843,Undirected,69
21231,22149,Undirected,33
22087,22219,Undirected,31
21621,22585,Undirected,30
15056P,22423,Undirected,37
15056N,22423,Undirected,102
22423,85014A,Undirected,67
22423,85014B,Undirected,84
22423,48138,Undirected,159
22423,84879,Undirected,319
21136,22423,Undirected,61
16156S,22423,Undirected,44
22063,22423,Undirected,40
21232,22423,Undirected,185
21257,22423,Undirected,46
21777,22423,Undirected,31
22423,85123A,Undirected,350
21658,22423,Undirected,72
22296,22423,Undirected,56
21390,22423,Undirected,35
22423,84949,Undirected,62
21754,22423,Undirected,187
21390,22296,Undirected,68
20971,22423,Undirected,67
20972,22586,Undirected,35
20972,22423,Undirected,89
20972,22505,Undirected,32
22271,22423,Undirected,31
22273,22423,Undirected,40
22423,22472,Undirected,34
21231,22386,Undirected,52
21231,22382,Undirected,47
21231,22383,Undirected,52
21231,22384,Undirected,52
21231,22423,Undirected,135
21231,22505,Undirected,33
22423,37450,Undirected,42
22423,37446,Undirected,37
21928,22423,Undirected,96
21929,22423,Undirected,99
22423,85099F,Undirected,109
20712,22423,Undirected,62
22386,22423,Undirected,135
22382,22423,Undirected,110
20726,22423,Undirected,78
22383,22423,Undirected,139
22565,22586,Undirected,44
22566,22586,Undirected,48
22384,22423,Undirected,111
22423,48129,Undirected,48
22423,48194,Undirected,118
22423,22505,Undirected,76
22361,22362,Undirected,69
22361,22363,Undirected,38
22362,22363,Undirected,30
22359,22362,Undirected,40
22359,22363,Undirected,31
22178,22411,Undirected,62
21535,22423,Undirected,108
21533,22423,Undirected,92
21843,22423,Undirected,302
21166,22423,Undirected,107
22413,22423,Undirected,58
21164,22423,Undirected,54
21169,22423,Undirected,43
21622,22423,Undirected,34
22360,22423,Undirected,50
22357,22423,Undirected,33
22358,22423,Undirected,44
21527,22423,Undirected,94
22073,22423,Undirected,46
21531,22423,Undirected,76
21539,22423,Undirected,100
21506,22423,Undirected,40
22423,47556B,Undirected,39
22423,47559B,Undirected,59
22423,79000,Undirected,55
22478,22479,Undirected,58
22477,22479,Undirected,55
21754,22507,Undirected,56
21623,21754,Undirected,46
22149,22505,Undirected,30
21981,22326,Undirected,35
21034,22488,Undirected,42
21621,22488,Undirected,31
22488,47566,Undirected,36
21982,21984,Undirected,42
21034,21982,Undirected,34
21034,22585,Undirected,49
22568,22617,Undirected,37
22570,22617,Undirected,32
22565,22587,Undirected,43
22566,22587,Undirected,47
22379,22617,Undirected,33
20914,21915,Undirected,35
21914,21915,Undirected,285
21936,47591D,Undirected,34
22449,22450,Undirected,76
22450,22451,Undirected,77
22449,22451,Undirected,66
22326,22505,Undirected,36
22423,48184,Undirected,83
22423,48173C,Undirected,47
20685,22423,Undirected,137
20685,22467,Undirected,32
21523,22423,Undirected,106
21955,22423,Undirected,72
22423,22467,Undirected,99
21498,22423,Undirected,64
22423,48116,Undirected,41
21498,22467,Undirected,30
22480,22481,Undirected,45
21977,22077,Undirected,73
21977,22457,Undirected,45
21755,22077,Undirected,67
22077,22079,Undirected,90
22077,22080,Undirected,72
22077,22082,Undirected,98
21181,22077,Undirected,49
22077,22508,Undirected,32
21974,22077,Undirected,36
21210,22077,Undirected,42
21621,22077,Undirected,42
21080,22077,Undirected,54
22077,47566,Undirected,75
22077,84970L,Undirected,36
22077,84970S,Undirected,41
22077,22457,Undirected,73
21181,22508,Undirected,30
21212,22508,Undirected,41
21624,22508,Undirected,30
20685,22457,Undirected,53
21523,22457,Undirected,35
22457,85099F,Undirected,52
21500,22423,Undirected,40
21499,22423,Undirected,42
22411,22423,Undirected,151
21212,22585,Undirected,72
21980,22423,Undirected,33
22423,22585,Undirected,111
21871,22423,Undirected,58
22079,22423,Undirected,32
22131,22423,Undirected,42
22195,22423,Undirected,50
22196,22423,Undirected,56
22488,84978,Undirected,30
22456,71459,Undirected,35
22488,71459,Undirected,39
22139,22456,Undirected,44
22456,84946,Undirected,39
20724,22457,Undirected,57
22457,84946,Undirected,107
22457,85066,Undirected,73
22138,22488,Undirected,30
22139,22488,Undirected,33
22488,85099F,Undirected,31
22384,22488,Undirected,31
21154,22384,Undirected,33
21231,47559B,Undirected,66
22568,85123A,Undirected,57
22570,85123A,Undirected,48
22568,47566,Undirected,33
22570,47566,Undirected,34
22457,22507,Undirected,51
20711,20717,Undirected,38
20711,21936,Undirected,53
21982,85099B,Undirected,44
85049G,85123A,Undirected,39
22077,84077,Undirected,43
22585,84077,Undirected,30
22077,85049B,Undirected,64
22077,85049G,Undirected,151
22077,22585,Undirected,94
21121,22197,Undirected,44
20750,21086,Undirected,31
22077,22423,Undirected,160
22077,22487,Undirected,42
22423,37503,Undirected,85
22361,22423,Undirected,39
22423,22487,Undirected,89
15056BL,22423,Undirected,83
22386,22464,Undirected,34
21213,22379,Undirected,36
22460,84946,Undirected,45
22460,84879,Undirected,39
21989,22411,Undirected,46
22464,71459,Undirected,33
22464,84946,Undirected,33
21212,22464,Undirected,34
22464,85099B,Undirected,46
20725,22464,Undirected,43
22464,22508,Undirected,30
22423,84988,Undirected,83
22222,22423,Undirected,35
22423,85049C,Undirected,33
22423,84520B,Undirected,62
22381,22423,Undirected,58
22215,22423,Undirected,49
21524,22423,Undirected,112
21034,22423,Undirected,103
22236,22423,Undirected,69
22221,22423,Undirected,30
22064,22423,Undirected,41
22084,22423,Undirected,66
22090,22423,Undirected,120
22083,22423,Undirected,84
22220,22423,Undirected,34
22077,85099B,Undirected,73
22077,48194,Undirected,31
22077,48138,Undirected,37
22077,85049F,Undirected,70
20718,21932,Undirected,31
21931,22077,Undirected,37
20972,22568,Undirected,121
21212,22487,Undirected,34
21212,22569,Undirected,37
21212,22568,Undirected,35
22138,22569,Undirected,30
22138,22568,Undirected,47
21977,22617,Undirected,35
22382,22568,Undirected,43
22617,85099B,Undirected,44
22570,85099B,Undirected,45
22568,85099B,Undirected,44
22271,22617,Undirected,33
22045,22617,Undirected,31
22138,22570,Undirected,30
22411,22467,Undirected,49
21121,22423,Undirected,43
21931,22423,Undirected,130
22423,85099B,Undirected,227
22585,85099B,Undirected,30
22423,22431,Undirected,33
22197,22431,Undirected,38
22423,22584,Undirected,54
22423,22456,Undirected,75
21731,22423,Undirected,75
22423,22432,Undirected,33
20718,22423,Undirected,57
22197,22423,Undirected,134
22328,22423,Undirected,94
22327,22423,Undirected,31
22326,22423,Undirected,96
22180,22423,Undirected,39
22197,22585,Undirected,33
22197,22466,Undirected,30
20727,22617,Undirected,55
20728,22617,Undirected,44
21156,22617,Undirected,45
20711,21700,Undirected,40
47566,71477,Undirected,33
21231,48138,Undirected,41
22460,84949,Undirected,38
21166,21519,Undirected,33
21623,47566,Undirected,30
22488,84879,Undirected,51
22423,22488,Undirected,50
22488,84836,Undirected,40
22488,84755,Undirected,35
22457,84755,Undirected,78
21034,22457,Undirected,50
22456,84755,Undirected,30
21034,22456,Undirected,33
22139,22487,Undirected,33
21906,22423,Undirected,31
21621,22423,Undirected,101
21770,22423,Undirected,44
22423,84836,Undirected,71
22423,84755,Undirected,103
20979,22423,Undirected,32
22139,22423,Undirected,161
22467,85099C,Undirected,33
21232,22505,Undirected,44
21231,22147,Undirected,39
22488,82580,Undirected,30
22570,22585,Undirected,43
22569,22585,Undirected,38
22569,85123A,Undirected,59
22487,85066,Undirected,31
21930,22423,Undirected,45
21754,22617,Undirected,34
22326,22617,Undirected,38
22328,22617,Undirected,32
22365,22423,Undirected,47
21755,22485,Undirected,35
22423,22485,Undirected,61
21755,22423,Undirected,136
21756,22423,Undirected,45
22423,84077,Undirected,60
22149,22423,Undirected,78
22379,22423,Undirected,79
22380,22423,Undirected,35
22197,22488,Undirected,31
22411,22488,Undirected,35
20725,22488,Undirected,34
20727,22296,Undirected,34
20725,22296,Undirected,38
22295,47566,Undirected,34
22382,22569,Undirected,33
20728,21901,Undirected,30
20725,22568,Undirected,45
20725,22569,Undirected,41
20725,22570,Undirected,37
22569,85099B,Undirected,54
20967,22568,Undirected,43
20967,22569,Undirected,48
20967,22570,Undirected,50
21078,22423,Undirected,55
21080,22423,Undirected,122
22059,22423,Undirected,34
21217,22423,Undirected,104
22423,84880,Undirected,33
22423,85099C,Undirected,95
21212,22413,Undirected,39
20725,22617,Undirected,64
22505,POST,Undirected,49
22077,84992,Undirected,41
22077,84988,Undirected,33
22077,84991,Undirected,63
21231,22411,Undirected,37
21231,22457,Undirected,42
21232,22488,Undirected,31
21931,22488,Undirected,39
21931,22457,Undirected,62
22386,22488,Undirected,46
22457,85099C,Undirected,48
22077,84520B,Undirected,30
22363,22364,Undirected,51
22360,22363,Undirected,42
21623,85152,Undirected,31
22151,22457,Undirected,51
22151,22423,Undirected,54
21260,22423,Undirected,33
20717,84755,Undirected,30
20728,22423,Undirected,107
22423,84997C,Undirected,52
22423,47567B,Undirected,38
22423,82551,Undirected,32
22423,82580,Undirected,62
21390,22457,Undirected,33
22138,22423,Undirected,154
21745,22423,Undirected,43
20971,22457,Undirected,33
22423,84970S,Undirected,96
22423,85049G,Undirected,45
21914,22197,Undirected,45
20723,22423,Undirected,60
22356,22423,Undirected,60
20724,22617,Undirected,35
20724,22423,Undirected,85
22197,22617,Undirected,41
21533,22197,Undirected,46
21035,22197,Undirected,56
21154,22139,Undirected,31
21124,22423,Undirected,37
20725,22423,Undirected,182
20719,22423,Undirected,71
22355,22423,Undirected,60
21035,22423,Undirected,49
21154,22423,Undirected,38
22423,84792,Undirected,43
22295,22423,Undirected,46
22423,47566,Undirected,258
22178,22423,Undirected,163
71477,84755,Undirected,43
20728,21078,Undirected,30
22061,22423,Undirected,78
22367,22423,Undirected,47
22423,47591D,Undirected,68
21156,22423,Undirected,59
21559,22617,Undirected,30
22301,22423,Undirected,38
22300,22423,Undirected,33
21559,22423,Undirected,69
22191,22423,Undirected,64
22193,22423,Undirected,61
22352,22423,Undirected,61
20713,22423,Undirected,56
22423,85232B,Undirected,37
22423,82486,Undirected,119
22423,82578,Undirected,36
21411,22423,Undirected,32
22423,48185,Undirected,75
22072,22423,Undirected,58
21216,22423,Undirected,51
21218,22423,Undirected,60
20750,22423,Undirected,65
20749,22423,Undirected,93
21781,22423,Undirected,40
21217,22457,Undirected,34
22507,84836,Undirected,32
21843,22507,Undirected,49
22508,84836,Undirected,36
22457,84971S,Undirected,30
21843,22457,Undirected,39
22423,84992,Undirected,94
22168,22423,Undirected,34
22283,22423,Undirected,36
22303,22423,Undirected,58
22114,22423,Undirected,98
22111,22423,Undirected,87
21407,22423,Undirected,33
22423,48187,Undirected,136
22423,48111,Undirected,51
22366,22423,Undirected,44
22505,48187,Undirected,31
21212,22505,Undirected,32
21535,22507,Undirected,33
21533,22507,Undirected,37
20685,22507,Undirected,42
21172,21179,Undirected,32
21172,82567,Undirected,30
21080,22467,Undirected,36
22302,22423,Undirected,34
22505,47566,Undirected,36
21314,22423,Undirected,112
20914,22423,Undirected,127
22192,22423,Undirected,56
22423,47566B,Undirected,45
22423,47590B,Undirected,56
22423,47590A,Undirected,37
21218,22383,Undirected,32
20727,22467,Undirected,33
20727,22423,Undirected,97
21733,22423,Undirected,95
22423,84692,Undirected,90
21485,22423,Undirected,76
22112,22423,Undirected,90
21484,22423,Undirected,51
22423,22499,Undirected,57
22423,22507,Undirected,92
21034,22507,Undirected,31
21213,22423,Undirected,85
20677,22423,Undirected,35
20676,22423,Undirected,50
20675,22423,Undirected,32
21936,22423,Undirected,63
21937,22423,Undirected,37
22175,22423,Undirected,32
21411,22508,Undirected,84
21034,22505,Undirected,40
22508,48194,Undirected,32
22507,48194,Undirected,30
21755,22507,Undirected,42
22139,22570,Undirected,39
22139,22569,Undirected,38
22139,22568,Undirected,35
22568,22585,Undirected,46
22139,22585,Undirected,38
22219,22296,Undirected,64
22188,22296,Undirected,30
22178,22488,Undirected,34
22055,22423,Undirected,82
22423,37449,Undirected,37
21844,22423,Undirected,48
84596B,84596J,Undirected,32
22189,22423,Undirected,81
22348,22423,Undirected,55
22147,22423,Undirected,65
21524,22077,Undirected,32
22077,22139,Undirected,62
21115,22423,Undirected,46
22423,85049E,Undirected,34
22294,22423,Undirected,52
21363,22423,Undirected,35
22453,22454,Undirected,46
22077,84879,Undirected,140
21531,22457,Undirected,35
22381,22457,Undirected,31
20727,22457,Undirected,60
21232,22467,Undirected,30
21231,22178,Undirected,36
22188,22457,Undirected,56
21559,22457,Undirected,35
22457,85099B,Undirected,118
21733,22508,Undirected,49
21232,22508,Undirected,31
21733,22411,Undirected,49
22055,22386,Undirected,41
22055,22411,Undirected,31
21166,22139,Undirected,35
22355,22457,Undirected,38
20719,22457,Undirected,32
22457,48194,Undirected,67
21524,22457,Undirected,41
21231,82583,Undirected,38
22139,47590B,Undirected,39
22617,85123A,Undirected,60
20727,22371,Undirected,39
21238,22423,Undirected,54
21242,22423,Undirected,32
22423,POST,Undirected,184
20726,22457,Undirected,34
20979,22382,Undirected,34
22382,22457,Undirected,55
21967,21985,Undirected,61
21985,22457,Undirected,39
22585,22617,Undirected,35
21843,22617,Undirected,31
20972,22617,Undirected,42
22077,22617,Undirected,32
21843,22585,Undirected,38
22150,22585,Undirected,30
20972,22585,Undirected,33
22077,22507,Undirected,46
21843,22077,Undirected,35
21982,22423,Undirected,39
22150,22423,Undirected,42
22077,22150,Undirected,44
20972,22077,Undirected,72
22074,22077,Undirected,32
22077,22078,Undirected,67
22326,22457,Undirected,35
22423,22568,Undirected,68
22423,22569,Undirected,48
22423,22570,Undirected,50
21519,22423,Undirected,41
22030,22423,Undirected,70
21172,22423,Undirected,71
22224,22464,Undirected,33
22179,22468,Undirected,77
22585,POST,Undirected,41
21914,85099B,Undirected,36
21791,21914,Undirected,82
21915,22077,Undirected,41
21231,47567B,Undirected,40
22467,82600,Undirected,31
22457,22617,Undirected,41
21754,22488,Undirected,46
22178,22487,Undirected,55
22585,84970S,Undirected,33
21915,22617,Undirected,48
21889,21915,Undirected,115
21915,22178,Undirected,32
21915,85123A,Undirected,51
21314,22457,Undirected,61
22488,85099B,Undirected,51
20712,22457,Undirected,31
22385,22457,Undirected,34
21928,22457,Undirected,40
21080,22488,Undirected,35
21901,22457,Undirected,34
21899,22457,Undirected,30
22029,22423,Undirected,63
21912,22423,Undirected,40
84945,85123A,Undirected,81
84945,84946,Undirected,90
22423,22508,Undirected,61
22295,22464,Undirected,30
22296,22464,Undirected,45
22452,22453,Undirected,46
22452,22454,Undirected,52
21915,84077,Undirected,90
20975,21915,Undirected,37
21326,22423,Undirected,30
22423,84946,Undirected,136
22444,85099B,Undirected,30
20726,21033,Undirected,32
22296,22384,Undirected,36
22296,22383,Undirected,31
20728,22296,Undirected,30
22090,22456,Undirected,32
22090,22585,Undirected,35
22457,84832,Undirected,49
21313,21314,Undirected,46
22441,22443,Undirected,49
22379,71053,Undirected,31
22367,22467,Undirected,30
22442,22443,Undirected,59
21731,22617,Undirected,43
22617,84879,Undirected,55
22443,85123A,Undirected,30
22219,22457,Undirected,32
22296,22457,Undirected,64
21673,22457,Undirected,32
20711,22457,Undirected,33
22383,22457,Undirected,67
22383,22488,Undirected,34
22423,85232D,Undirected,32
22441,22487,Undirected,32
22441,85123A,Undirected,40
21918,22457,Undirected,30
22584,85123A,Undirected,43
22171,22423,Undirected,54
21672,22423,Undirected,62
22212,22423,Undirected,40
22423,48188,Undirected,55
22188,22423,Undirected,40
22087,22411,Undirected,30
21181,22423,Undirected,114
21175,22423,Undirected,112
22569,47566,Undirected,30
22507,47566,Undirected,46
21790,22570,Undirected,33
21790,22569,Undirected,31
21790,22568,Undirected,36
21791,22617,Undirected,54
21790,22617,Undirected,67
21790,22585,Undirected,36
21928,22507,Undirected,36
22295,84970S,Undirected,36
21754,22508,Undirected,39
20718,22457,Undirected,31
20718,22507,Undirected,31
22077,22488,Undirected,36
21929,22457,Undirected,33
21931,22089,Undirected,33
22411,47566B,Undirected,30
22457,84992,Undirected,38
21916,22423,Undirected,47
22170,22457,Undirected,35
21937,22379,Undirected,48
20914,22617,Undirected,47
22138,22505,Undirected,34
22464,84836,Undirected,30
20750,22617,Undirected,44
21231,84987,Undirected,44
22090,84987,Undirected,36
22384,22585,Undirected,31
21429,22423,Undirected,37
21164,22457,Undirected,32
84879,85049G,Undirected,42
22082,85049G,Undirected,31
22383,84879,Undirected,100
22383,22585,Undirected,31
21452,22326,Undirected,33
21888,22423,Undirected,49
21790,22423,Undirected,96
21918,22423,Undirected,41
21791,22423,Undirected,62
22423,84978,Undirected,80
22333,22423,Undirected,32
21122,22423,Undirected,46
22295,22585,Undirected,32
22563,22564,Undirected,121
22562,22564,Undirected,84
22562,22563,Undirected,175
20972,22197,Undirected,40
21155,22457,Undirected,36
22077,22584,Undirected,34
22445,POST,Undirected,32
22077,22467,Undirected,37
20719,22077,Undirected,40
21700,22423,Undirected,53
20711,22423,Undirected,64
22385,22423,Undirected,65
21870,22423,Undirected,51
21874,22423,Undirected,31
85034C,85035C,Undirected,32
21071,82486,Undirected,56
22508,84879,Undirected,34
22457,82583,Undirected,31
20972,22587,Undirected,42
20972,22457,Undirected,35
22149,22457,Undirected,43
21670,22423,Undirected,67
21668,22423,Undirected,54
22423,37448,Undirected,38
22457,22555,Undirected,30
22029,22555,Undirected,30
22029,22556,Undirected,45
22555,22556,Undirected,269
22139,22505,Undirected,37
22457,84378,Undirected,39
22556,22560,Undirected,43
22551,22560,Undirected,40
21790,22560,Undirected,96
22560,85099B,Undirected,31
22551,22556,Undirected,312
21790,22556,Undirected,61
22411,22556,Undirected,38
22556,85099B,Undirected,65
21790,22551,Undirected,50
22411,22551,Undirected,36
22551,85099B,Undirected,63
22083,22551,Undirected,30
20725,22585,Undirected,31
21915,84375,Undirected,34
21212,21915,Undirected,74
21212,21914,Undirected,51
21915,84991,Undirected,36
21888,21915,Undirected,39
21703,21915,Undirected,53
21915,22328,Undirected,35
21915,22029,Undirected,44
21703,21914,Undirected,32
21914,22328,Undirected,32
21914,22029,Undirected,33
22423,22549,Undirected,41
22138,22549,Undirected,31
22549,22550,Undirected,39
22549,22556,Undirected,44
21034,22556,Undirected,48
22423,22556,Undirected,83
22138,22550,Undirected,30
22138,22556,Undirected,53
22556,22617,Undirected,44
22147,22457,Undirected,32
22364,22423,Undirected,36
20972,22556,Undirected,36
22147,22556,Undirected,34
22077,22556,Undirected,52
21915,22556,Undirected,73
21914,22556,Undirected,58
20972,21915,Undirected,48
20972,21914,Undirected,40
22077,22274,Undirected,32
21915,22150,Undirected,43
21914,22150,Undirected,30
21915,22147,Undirected,37
22423,22560,Undirected,37
21915,22423,Undirected,48
21914,22423,Undirected,52
21915,22560,Undirected,62
21914,22560,Undirected,56
22518,22522,Undirected,52
22518,22520,Undirected,67
22518,22523,Undirected,48
22518,22521,Undirected,58
22518,22524,Undirected,41
22518,22525,Undirected,37
22518,22519,Undirected,109
21704,21891,Undirected,43
21718,21878,Undirected,46
21878,22084,Undirected,36
21716,21878,Undirected,35
22520,22522,Undirected,153
22522,22523,Undirected,146
22521,22522,Undirected,129
22522,22524,Undirected,92
22522,22525,Undirected,77
22519,22522,Undirected,51
22520,22523,Undirected,134
22520,22521,Undirected,168
22520,22524,Undirected,109
22520,22525,Undirected,91
22519,22520,Undirected,62
22521,22523,Undirected,146
22523,22524,Undirected,80
22523,22525,Undirected,91
22519,22523,Undirected,59
22521,22524,Undirected,102
22521,22525,Undirected,106
22519,22521,Undirected,67
22524,22525,Undirected,138
22519,22524,Undirected,39
22519,22525,Undirected,41
22423,22460,Undirected,32
22297,22423,Undirected,43
22423,85150,Undirected,73
22423,82600,Undirected,96
22423,84406B,Undirected,62
22219,22423,Undirected,39
20828,22423,Undirected,51
21390,22295,Undirected,69
22423,84832,Undirected,30
21914,POST,Undirected,67
21915,POST,Undirected,79
22544,POST,Undirected,48
21137,22423,Undirected,45
21155,22423,Undirected,72
22444,85123A,Undirected,40
21452,22139,Undirected,31
22077,84755,Undirected,45
21912,22550,Undirected,100
21790,22550,Undirected,87
21889,22550,Undirected,50
22539,22544,Undirected,72
21790,84755,Undirected,39
22149,22560,Undirected,41
22138,22560,Undirected,31
21912,22560,Undirected,34
22550,22560,Undirected,40
21791,22560,Undirected,58
21791,22550,Undirected,67
22423,84050,Undirected,32
21497,22423,Undirected,38
22169,22423,Undirected,69
22170,22423,Undirected,58
22423,22441,Undirected,39
21915,22138,Undirected,73
21791,21915,Undirected,111
21912,21915,Undirected,44
21892,21915,Undirected,71
21121,84380,Undirected,33
21121,22556,Undirected,31
22077,22328,Undirected,30
22328,22556,Undirected,99
22467,22556,Undirected,48
20728,22077,Undirected,36
22077,22383,Undirected,47
22077,84380,Undirected,34
22077,84378,Undirected,37
21791,22077,Undirected,30
22077,22570,Undirected,51
20727,22556,Undirected,41
20727,22570,Undirected,31
20728,22556,Undirected,50
22383,22556,Undirected,58
22383,22570,Undirected,38
21981,22556,Undirected,33
21791,22556,Undirected,55
21912,22556,Undirected,31
21559,22556,Undirected,60
22585,84946,Undirected,54
22551,22555,Undirected,215
22555,22557,Undirected,173
22139,22555,Undirected,41
22553,22555,Undirected,110
22555,22585,Undirected,40
22551,22557,Undirected,218
22139,22551,Undirected,63
22551,22553,Undirected,198
22551,22585,Undirected,46
22139,22557,Undirected,72
22411,22557,Undirected,42
22553,22557,Undirected,181
22557,22585,Undirected,42
22139,22553,Undirected,48
22411,22553,Undirected,32
22553,22585,Undirected,32
22423,22444,Undirected,32
22423,22551,Undirected,80
22551,22561,Undirected,60
22556,22561,Undirected,61
22423,22555,Undirected,60
22555,22561,Undirected,39
22423,22561,Undirected,74
22405,22406,Undirected,40
22405,22410,Undirected,43
22406,22410,Undirected,32
22399,22402,Undirected,48
21484,22585,Undirected,30
22077,22326,Undirected,38
21172,22077,Undirected,33
21905,21907,Undirected,34
21786,21787,Undirected,58
21787,21788,Undirected,33
21787,21789,Undirected,35
22560,22561,Undirected,113
22561,22585,Undirected,35
22553,22561,Undirected,31
20749,22617,Undirected,39
21240,22423,Undirected,48
21239,22423,Undirected,48
22560,22563,Undirected,36
22549,22560,Undirected,36
22087,22423,Undirected,74
22423,82552,Undirected,58
22423,82583,Undirected,55
22423,71053,Undirected,65
22423,79067,Undirected,48
22089,22423,Undirected,54
22423,85152,Undirected,91
21116,22423,Undirected,49
21623,22411,Undirected,33
21623,21624,Undirected,40
21240,22411,Undirected,38
22557,85123A,Undirected,75
22553,85123A,Undirected,72
22551,85123A,Undirected,65
22556,85123A,Undirected,52
22554,85123A,Undirected,64
22555,85123A,Undirected,47
22556,22557,Undirected,165
22554,22557,Undirected,191
22553,22556,Undirected,162
22553,22554,Undirected,200
22553,84077,Undirected,35
22551,22554,Undirected,313
22551,84077,Undirected,39
22554,22556,Undirected,283
22556,84077,Undirected,39
22554,22555,Undirected,195
22554,84077,Undirected,33
22326,22553,Undirected,33
21232,22553,Undirected,40
21754,22553,Undirected,30
20727,22553,Undirected,116
20726,22553,Undirected,43
22382,22553,Undirected,62
22367,22553,Undirected,31
22327,22553,Undirected,32
22553,22617,Undirected,33
22417,22553,Undirected,31
22553,84991,Undirected,51
22326,22554,Undirected,133
21232,22554,Undirected,30
21754,22554,Undirected,30
20727,22554,Undirected,75
20726,22554,Undirected,94
22382,22554,Undirected,90
22367,22554,Undirected,53
22554,22617,Undirected,44
22417,22554,Undirected,40
22554,84991,Undirected,44
22326,22551,Undirected,101
21232,22551,Undirected,32
21754,22551,Undirected,35
20727,22551,Undirected,67
20726,22551,Undirected,77
22382,22551,Undirected,129
22367,22551,Undirected,73
22551,22617,Undirected,72
22417,22551,Undirected,73
22551,84991,Undirected,54
22423,71459,Undirected,110
21877,22423,Undirected,69
22138,22551,Undirected,67
22139,22556,Undirected,67
22367,22556,Undirected,48
22138,22557,Undirected,58
21912,22617,Undirected,32
22367,22557,Undirected,35
22077,84692,Undirected,31
21975,22077,Undirected,34
21314,22077,Undirected,35
21174,22077,Undirected,31
21918,22560,Undirected,42
22557,84991,Undirected,52
22328,22557,Undirected,31
22328,22551,Undirected,87
22328,22553,Undirected,31
22328,22554,Undirected,91
22029,22551,Undirected,67
22029,22554,Undirected,41
22551,84997B,Undirected,39
22554,84997B,Undirected,41
22557,47566,Undirected,38
22554,47566,Undirected,39
22516,22524,Undirected,30
22515,22524,Undirected,30
22514,22524,Undirected,31
22516,22517,Undirected,53
22515,22517,Undirected,53
22514,22517,Undirected,48
22515,22516,Undirected,48
22514,22516,Undirected,58
22514,22515,Undirected,81
21166,48187,Undirected,42
22149,22553,Undirected,40
22384,22553,Undirected,57
22147,22553,Undirected,37
21034,22553,Undirected,54
22384,22554,Undirected,65
22431,22554,Undirected,35
22554,22563,Undirected,32
21034,22554,Undirected,51
22149,22563,Undirected,30
22563,85123A,Undirected,30
22384,22563,Undirected,34
22382,22563,Undirected,33
20727,22563,Undirected,35
21034,22563,Undirected,35
22563,22569,Undirected,32
22383,22569,Undirected,32
22383,22568,Undirected,39
22382,22534,Undirected,31
22530,22534,Undirected,130
21790,22530,Undirected,34
21790,22534,Undirected,36
21868,22441,Undirected,35
21868,22528,Undirected,53
22534,22617,Undirected,43
21889,22548,Undirected,32
21790,22536,Undirected,44
21790,22548,Undirected,106
22530,22536,Undirected,44
22533,22536,Undirected,33
22534,22536,Undirected,59
22535,22536,Undirected,54
21791,22536,Undirected,34
22530,22533,Undirected,31
22530,22535,Undirected,36
22533,22534,Undirected,42
22534,22535,Undirected,56
21791,22534,Undirected,30
22138,22534,Undirected,36
21791,22548,Undirected,81
22551,22563,Undirected,30
21559,22551,Undirected,47
22555,47566,Undirected,32
22138,22555,Undirected,47
22555,22563,Undirected,30
22423,22557,Undirected,76
21559,22557,Undirected,33
22139,22563,Undirected,36
21907,22423,Undirected,51
21908,22423,Undirected,55
20754,22423,Undirected,41
22467,22555,Undirected,40
20914,22553,Undirected,30
20914,22555,Undirected,46
21900,22423,Undirected,36
21901,22423,Undirected,30
22423,82581,Undirected,38
21165,22423,Undirected,46
22423,72351A,Undirected,30
15036,22423,Undirected,63
20679,22423,Undirected,59
22077,22557,Undirected,40
22550,22561,Undirected,36
22544,22545,Undirected,32
22540,22544,Undirected,49
21790,22561,Undirected,103
21889,22560,Undirected,62
21704,22560,Undirected,40
21889,22561,Undirected,99
21704,21915,Undirected,60
21915,22561,Undirected,75
21914,22561,Undirected,55
21912,22561,Undirected,37
21704,22561,Undirected,37
22139,22386,Undirected,79
22139,22507,Undirected,39
21791,22561,Undirected,74
22139,22561,Undirected,73
22536,22561,Undirected,33
22371,22423,Undirected,40
21868,22423,Undirected,52
20725,22456,Undirected,47
22383,71053,Undirected,31
20712,22556,Undirected,37
22326,22556,Undirected,113
22457,22557,Undirected,34
22423,37370,Undirected,57
22384,22557,Undirected,53
20728,22557,Undirected,49
22139,22554,Undirected,73
22384,22556,Undirected,44
22556,84997C,Undirected,39
21240,22556,Undirected,37
22384,22551,Undirected,56
22551,84997C,Undirected,42
22554,84997C,Undirected,31
20728,22551,Undirected,60
20728,22554,Undirected,67
21240,22551,Undirected,34
20723,22554,Undirected,30
22411,22554,Undirected,41
22083,22585,Undirected,36
22151,22464,Undirected,31
22457,71477,Undirected,41
22090,DOT,Undirected,48
21559,DOT,Undirected,57
22381,DOT,Undirected,35
22507,DOT,Undirected,43
82580,DOT,Undirected,56
21213,22554,Undirected,32
21977,22554,Undirected,32
22138,22554,Undirected,51
22555,84991,Undirected,36
21977,22555,Undirected,38
22138,22585,Undirected,45
21936,DOT,Undirected,45
22423,DOT,Undirected,110
22528,84755,Undirected,40
22528,71459,Undirected,31
22528,85099B,Undirected,46
21755,22488,Undirected,32
20973,20974,Undirected,90
22516,22519,Undirected,46
22516,22518,Undirected,52
22516,22520,Undirected,46
22516,22521,Undirected,35
22516,22523,Undirected,38
22516,22522,Undirected,46
22517,22519,Undirected,50
22517,22518,Undirected,43
22517,22520,Undirected,37
22517,22521,Undirected,37
22517,22523,Undirected,43
22517,22522,Undirected,39
22423,22520,Undirected,30
22432,22521,Undirected,30
22432,22523,Undirected,30
22423,22525,Undirected,32
22138,22561,Undirected,60
22548,22561,Undirected,35
22549,22561,Undirected,38
21212,22561,Undirected,43
22561,84879,Undirected,48
22548,22549,Undirected,61
22549,84879,Undirected,33
21672,22077,Undirected,32
21670,22077,Undirected,32
21668,22077,Undirected,31
22077,22081,Undirected,39
22077,22271,Undirected,40
20971,22077,Undirected,52
22382,79321,Undirected,32
22398,22402,Undirected,69
22457,82582,Undirected,32
22457,84947,Undirected,35
22532,22533,Undirected,36
22532,22535,Undirected,30
22523,22526,Undirected,33
22521,22526,Undirected,31
21135,22423,Undirected,49
22398,22400,Undirected,58
22399,22400,Undirected,38
22398,22399,Undirected,53
20728,79321,Undirected,32
22077,82580,Undirected,31
21622,22611,Undirected,32
21623,22423,Undirected,41
21621,22611,Undirected,33
21888,22561,Undirected,52
22561,85099B,Undirected,40
22411,22528,Undirected,31
21754,22528,Undirected,47
22423,22528,Undirected,51
21034,22528,Undirected,34
21623,22189,Undirected,32
22294,22464,Undirected,32
22398,22403,Undirected,39
22457,35961,Undirected,36
21212,22570,Undirected,30
21034,22561,Undirected,31
21232,22561,Undirected,31
20724,22077,Undirected,36
22528,48138,Undirected,30
21914,84879,Undirected,53
22139,22508,Undirected,30
21080,22555,Undirected,35
21754,22557,Undirected,41
21080,22557,Undirected,45
22561,85123A,Undirected,55
22561,22617,Undirected,39
20972,22561,Undirected,40
22149,22561,Undirected,35
22507,84879,Undirected,45
22528,85123A,Undirected,87
22549,85123A,Undirected,31
22560,85123A,Undirected,33
21232,22528,Undirected,31
22535,22537,Undirected,42
21231,21907,Undirected,32
22115,22423,Undirected,31
22029,22617,Undirected,36
21731,22549,Undirected,32
21791,22549,Undirected,116
22326,22549,Undirected,31
20724,22556,Undirected,42
20719,22556,Undirected,38
22531,22560,Undirected,33
21790,22531,Undirected,37
22531,22556,Undirected,42
21790,22077,Undirected,59
22417,22556,Undirected,41
22556,84991,Undirected,33
21212,22556,Undirected,64
22090,22556,Undirected,35
21213,22556,Undirected,32
20977,22556,Undirected,30
21080,22556,Undirected,46
22077,22090,Undirected,45
21213,22077,Undirected,36
20727,21907,Undirected,30
22528,84879,Undirected,34
71459,84945,Undirected,41
22423,84945,Undirected,61
21034,22557,Undirected,70
21114,22457,Undirected,31
21136,22077,Undirected,41
84755,84945,Undirected,54
21080,22551,Undirected,36
21156,22556,Undirected,30
21977,22556,Undirected,46
22382,22556,Undirected,79
21212,22551,Undirected,77
21156,22551,Undirected,41
21977,22551,Undirected,42
21034,22551,Undirected,49
22423,37495,Undirected,41
21932,22383,Undirected,86
22045,22423,Undirected,33
21790,22549,Undirected,116
15036,21231,Undirected,31
22109,22423,Undirected,37
21210,21231,Undirected,36
22468,79321,Undirected,37
21452,POST,Undirected,50
21673,22423,Undirected,65
22518,22526,Undirected,31
22515,22519,Undirected,54
22515,22518,Undirected,49
22514,22519,Undirected,50
22514,22518,Undirected,59
21136,22295,Undirected,34
21166,22295,Undirected,31
22077,22568,Undirected,62
22077,22386,Undirected,41
21984,22557,Undirected,47
22411,79321,Undirected,30
22530,22537,Undirected,47
22530,22544,Undirected,33
21918,22561,Undirected,31
22457,84077,Undirected,32
22567,84879,Undirected,42
22567,85123A,Undirected,43
22423,37447,Undirected,38
22423,84380,Undirected,71
21791,22554,Undirected,40
22432,22554,Undirected,35
21086,22554,Undirected,36
21080,22554,Undirected,50
20719,22554,Undirected,78
22554,22561,Undirected,45
20981,22554,Undirected,35
22554,POST,Undirected,201
22431,22551,Undirected,35
21791,22551,Undirected,52
22432,22551,Undirected,31
20719,22551,Undirected,49
22551,POST,Undirected,163
22431,22556,Undirected,34
22432,22556,Undirected,32
22556,POST,Undirected,208
22326,22555,Undirected,65
21791,22555,Undirected,44
22555,POST,Undirected,103
20983,22561,Undirected,33
22515,22521,Undirected,49
22515,22522,Undirected,46
22515,22523,Undirected,48
22077,22555,Undirected,38
22549,22555,Undirected,31
21914,22555,Undirected,42
21915,22555,Undirected,39
21238,22556,Undirected,34
22556,22585,Undirected,46
22534,22556,Undirected,45
22554,22560,Undirected,37
22534,22560,Undirected,33
22077,22561,Undirected,30
22077,22551,Undirected,42
22077,22554,Undirected,47
22540,POST,Undirected,32
22544,22551,Undirected,31
22534,22544,Undirected,43
21238,22551,Undirected,31
22534,22551,Undirected,51
21914,22551,Undirected,61
21915,22551,Undirected,60
21238,22554,Undirected,34
21914,22554,Undirected,48
21915,22554,Undirected,58
22549,POST,Undirected,47
21914,22549,Undirected,42
21915,22549,Undirected,44
22515,22520,Undirected,48
22534,POST,Undirected,39
22531,22534,Undirected,66
21914,22534,Undirected,30
21915,22534,Undirected,32
20728,22563,Undirected,33
21166,22296,Undirected,34
22189,22507,Undirected,36
22522,22526,Undirected,35
22520,22526,Undirected,37
21213,22551,Undirected,39
20750,22551,Undirected,46
20750,22554,Undirected,52
21578,22554,Undirected,34
22554,85099B,Undirected,71
20725,22551,Undirected,86
20725,22554,Undirected,99
22379,22554,Undirected,31
20724,22551,Undirected,41
20724,22554,Undirected,53
22530,22551,Undirected,35
22530,22554,Undirected,33
21156,22554,Undirected,36
21733,22507,Undirected,37
20725,22553,Undirected,71
21930,22553,Undirected,34
21174,22423,Undirected,70
22383,79321,Undirected,35
21731,22554,Undirected,92
21731,22553,Undirected,31
22383,22554,Undirected,77
21212,22554,Undirected,75
21967,22553,Undirected,43
22383,22553,Undirected,67
21212,22553,Undirected,70
21213,22553,Undirected,66
21212,21967,Undirected,31
22514,22522,Undirected,51
22514,22520,Undirected,57
22514,22523,Undirected,43
22514,22521,Undirected,42
20725,22563,Undirected,35
22555,85099B,Undirected,50
22557,85099B,Undirected,48
22386,22556,Undirected,32
22386,22557,Undirected,34
22386,22551,Undirected,38
22384,22555,Undirected,35
22139,22385,Undirected,39
22385,22556,Undirected,45
21931,22556,Undirected,33
22555,22617,Undirected,36
20728,22555,Undirected,36
22385,22555,Undirected,32
22382,22555,Undirected,58
22383,22555,Undirected,40
22382,22557,Undirected,41
22383,22557,Undirected,53
21931,22557,Undirected,30
22083,22557,Undirected,30
22385,22551,Undirected,64
22383,22551,Undirected,82
22355,22551,Undirected,36
21931,22551,Undirected,49
21892,22560,Undirected,33
22551,22568,Undirected,32
20914,21932,Undirected,32
22077,22356,Undirected,31
20726,22077,Undirected,37
22076,22077,Undirected,52
22423,71477,Undirected,40
22367,22468,Undirected,33
21559,21915,Undirected,30
22045,22551,Undirected,37
22227,22296,Undirected,37
22295,22457,Undirected,42
22431,22523,Undirected,32
22431,22522,Undirected,30
22431,22521,Undirected,30
22431,22520,Undirected,34
20914,22556,Undirected,46
22556,84997B,Undirected,39
22077,22384,Undirected,39
21888,22550,Undirected,73
48138,79321,Undirected,30
22423,79321,Undirected,69
21888,22617,Undirected,33
22530,22531,Undirected,48
21912,22548,Undirected,30
21912,22549,Undirected,40
21888,22560,Undirected,30
21888,22548,Undirected,40
21888,22549,Undirected,41
22150,22566,Undirected,33
84836,84945,Undirected,33
22112,22457,Undirected,52
21790,84945,Undirected,34
71477,84945,Undirected,31
15058A,15058B,Undirected,35
21258,22423,Undirected,50
22367,22555,Undirected,36
20685,22554,Undirected,30
22326,22557,Undirected,31
21976,22554,Undirected,34
21731,22556,Undirected,77
21731,22555,Undirected,41
22557,POST,Undirected,41
20723,22457,Undirected,32
22457,22554,Undirected,36
22423,22554,Undirected,79
22423,22553,Undirected,49
21577,22423,Undirected,36
22398,22423,Undirected,32
22027,22554,Undirected,30
22434,22436,Undirected,39
20726,22561,Undirected,32
20726,21915,Undirected,37
22382,22561,Undirected,41
21731,22561,Undirected,32
21915,22090,Undirected,37
21915,22382,Undirected,48
21731,21915,Undirected,62
22423,72351B,Undirected,36
21231,22417,Undirected,34
22507,48187,Undirected,37
20725,22528,Undirected,32
20725,84520B,Undirected,35
22534,22537,Undirected,64
22553,84997D,Undirected,32
22554,84997D,Undirected,43
22437,22553,Undirected,36
21466,21467,Undirected,41
20972,21892,Undirected,32
22528,79029,Undirected,33
21982,84879,Undirected,35
22585,84692,Undirected,34
22561,22563,Undirected,32
22396,22398,Undirected,40
22398,POST,Undirected,31
22423,22567,Undirected,37
21212,22567,Undirected,43
21212,21787,Undirected,33
21172,22383,Undirected,31
22423,84997D,Undirected,60
21172,22382,Undirected,38
20727,22437,Undirected,47
20727,22561,Undirected,31
21213,22437,Undirected,46
21975,22553,Undirected,32
22384,84692,Undirected,30
21080,22553,Undirected,35
22436,22437,Undirected,39
21988,22437,Undirected,48
21989,22437,Undirected,52
21080,22437,Undirected,43
20914,22507,Undirected,34
21452,21731,Undirected,40
22555,22568,Undirected,31
20914,22551,Undirected,31
22273,22554,Undirected,31
20914,22554,Undirected,36
22402,22403,Undirected,32
21733,22569,Undirected,33
21733,22568,Undirected,31
21155,22567,Undirected,41
21915,22326,Undirected,41
21892,21914,Undirected,57
21889,22549,Undirected,48
21915,22139,Undirected,84
21889,22556,Undirected,39
21889,22554,Undirected,32
21980,84991,Undirected,33
21429,22553,Undirected,30
20973,22553,Undirected,31
20978,22553,Undirected,37
20974,22553,Undirected,38
21232,22556,Undirected,35
21981,22554,Undirected,54
21980,22554,Undirected,30
20973,22554,Undirected,38
20973,20975,Undirected,91
21034,21623,Undirected,31
22379,82486,Undirected,30
22138,22607,Undirected,47
22138,22605,Undirected,35
22150,22561,Undirected,31
22561,22607,Undirected,48
22561,22605,Undirected,37
21914,22617,Undirected,33
21915,84879,Undirected,58
22088,22423,Undirected,64
22423,22606,Undirected,45
22423,22607,Undirected,63
22423,22605,Undirected,79
22606,84879,Undirected,30
22607,84879,Undirected,51
22605,84879,Undirected,58
22606,22607,Undirected,132
22605,22606,Undirected,133
22605,22607,Undirected,197
22528,22607,Undirected,40
20725,22555,Undirected,47
20727,22555,Undirected,30
20726,22555,Undirected,42
20725,22556,Undirected,60
20726,22556,Undirected,53
21754,22556,Undirected,30
20975,22561,Undirected,33
20725,22561,Undirected,43
21212,22437,Undirected,41
22332,22437,Undirected,45
20682,22554,Undirected,40
20725,21967,Undirected,31
22557,22561,Undirected,39
21915,22149,Undirected,36
21166,82482,Undirected,77
22379,82482,Undirected,63
22467,82494L,Undirected,33
20973,POST,Undirected,38
22041,DOT,Undirected,73
48194,82484,Undirected,45
48187,82484,Undirected,54
22077,48187,Undirected,42
82484,82494L,Undirected,214
22077,82484,Undirected,35
21080,82484,Undirected,32
82484,82486,Undirected,178
82483,82484,Undirected,148
82482,82484,Undirected,200
82484,85123A,Undirected,251
82484,84406B,Undirected,57
22077,82494L,Undirected,65
22488,82482,Undirected,44
22077,82483,Undirected,37
22077,82482,Undirected,67
22607,85123A,Undirected,73
22606,85123A,Undirected,36
22605,85123A,Undirected,62
22467,22554,Undirected,42
20750,22467,Undirected,35
22554,84997A,Undirected,33
20750,22556,Undirected,47
22326,84997A,Undirected,32
20728,22553,Undirected,44
21559,22554,Undirected,59
22383,84997A,Undirected,51
22367,84997A,Undirected,31
22556,84997D,Undirected,39
22551,84997D,Undirected,43
21212,22557,Undirected,68
21977,22557,Undirected,81
21915,21977,Undirected,40
20712,22554,Undirected,60
22554,85099F,Undirected,31
21790,22554,Undirected,33
22554,84879,Undirected,40
20712,22551,Undirected,33
21889,22551,Undirected,35
22551,84879,Undirected,39
22149,22551,Undirected,39
22147,22551,Undirected,41
22556,84879,Undirected,56
22149,22556,Undirected,35
21790,22557,Undirected,33
21915,22557,Undirected,36
22557,84879,Undirected,48
22149,22557,Undirected,35
22147,22557,Undirected,45
21080,21915,Undirected,32
21790,21915,Undirected,124
22139,22530,Undirected,36
22139,22534,Undirected,35
22077,22411,Undirected,43
22090,84692,Undirected,33
84945,84950,Undirected,32
84945,84970S,Undirected,30
22385,22554,Undirected,55
21931,22554,Undirected,41
21925,21927,Undirected,54
21925,21926,Undirected,49
21034,22607,Undirected,40
21926,21927,Undirected,69
21927,46000S,Undirected,30
21621,22607,Undirected,30
22607,84755,Undirected,33
21715,21878,Undirected,33
22435,22436,Undirected,37
22434,22435,Undirected,33
22457,22605,Undirected,33
22139,22607,Undirected,40
22139,22605,Undirected,48
22607,47566,Undirected,50
22411,22607,Undirected,33
22605,47566,Undirected,43
22536,22537,Undirected,35
20914,22557,Undirected,42
22328,22555,Undirected,63
21169,21231,Undirected,31
47566,82484,Undirected,92
48184,82484,Undirected,33
21524,82484,Undirected,40
48138,82484,Undirected,48
21916,82484,Undirected,34
71053,82484,Undirected,35
21621,82484,Undirected,31
21623,82484,Undirected,38
22507,82484,Undirected,54
22170,82484,Undirected,54
21754,82484,Undirected,108
22507,82494L,Undirected,38
22507,82482,Undirected,54
22507,82483,Undirected,37
21624,22611,Undirected,30
20971,22561,Undirected,32
22149,22549,Undirected,32
21892,22561,Undirected,34
22561,84077,Undirected,60
22139,22549,Undirected,40
21155,22139,Undirected,33
22549,84077,Undirected,30
21915,21918,Undirected,39
22077,84978,Undirected,45
21508,82482,Undirected,45
22557,82482,Undirected,34
22557,82494L,Undirected,36
21889,22077,Undirected,35
22077,22178,Undirected,71
21868,22077,Undirected,34
22499,22607,Undirected,30
21936,22457,Undirected,32
22605,48138,Undirected,36
22607,48138,Undirected,35
22188,82482,Undirected,43
22607,71459,Undirected,41
22077,22569,Undirected,39
22075,22077,Undirected,32
20971,22557,Undirected,40
20972,22557,Undirected,31
21232,22557,Undirected,31
22297,82484,Undirected,31
22151,82484,Undirected,37
22423,82484,Undirected,132
82484,85099C,Undirected,38
22439,22440,Undirected,31
22436,22439,Undirected,41
21035,21731,Undirected,32
20728,82482,Undirected,47
22411,82482,Undirected,94
22197,22607,Undirected,34
22178,22383,Undirected,48
20723,POST,Undirected,31
22197,22555,Undirected,42
22197,22556,Undirected,77
22423,22435,Undirected,36
22077,22197,Undirected,32
21108,22423,Undirected,30
21888,22607,Undirected,30
21790,22607,Undirected,31
21936,47566,Undirected,59
79321,82484,Undirected,36
21922,22605,Undirected,32
22423,82482,Undirected,159
22352,22554,Undirected,50
22352,22556,Undirected,44
20982,22553,Undirected,39
21094,22423,Undirected,41
21086,22423,Undirected,52
22077,22553,Undirected,32
22605,84970S,Undirected,34
22605,71459,Undirected,38
22607,84978,Undirected,36
21080,22435,Undirected,35
21086,22386,Undirected,43
20754,22558,Undirected,39
21155,22558,Undirected,103
22558,84879,Undirected,70
21166,22558,Undirected,30
22197,22558,Undirected,64
21621,22558,Undirected,44
22383,22558,Undirected,52
22505,22558,Undirected,31
22558,71459,Undirected,56
21259,22423,Undirected,67
22508,82482,Undirected,44
22567,82482,Undirected,38
22487,82482,Undirected,40
22464,82482,Undirected,63
22090,82482,Undirected,44
22027,22556,Undirected,32
22398,84879,Undirected,35
21231,21908,Undirected,33
22178,22507,Undirected,36
22197,84077,Undirected,46
20914,22607,Undirected,32
21086,22382,Undirected,31
22423,84970L,Undirected,51
22558,47566,Undirected,65
82484,84879,Undirected,129
21868,22558,Undirected,31
21080,22558,Undirected,69
22082,22423,Undirected,36
22423,22558,Undirected,85
22423,82494L,Undirected,159
22191,22558,Undirected,30
22558,84991,Undirected,55
22558,82494L,Undirected,63
22558,82482,Undirected,56
22558,22607,Undirected,36
20914,22558,Undirected,107
22558,82484,Undirected,32
22411,22558,Undirected,37
21755,82484,Undirected,86
22191,82484,Undirected,36
22189,82484,Undirected,92
82484,84991,Undirected,35
22386,82482,Undirected,96
22386,82484,Undirected,38
22411,82484,Undirected,43
21931,22558,Undirected,33
21154,22558,Undirected,34
20971,22553,Undirected,30
20972,22553,Undirected,43
22548,85123A,Undirected,30
21889,22197,Undirected,37
21169,82482,Undirected,37
21977,22507,Undirected,34
21212,22555,Undirected,54
22417,22555,Undirected,35
22555,84879,Undirected,42
22386,84997A,Undirected,40
84997A,85099F,Undirected,31
21034,22435,Undirected,32
22607,85099F,Undirected,30
21989,POST,Undirected,43
21703,22560,Undirected,41
22197,22554,Undirected,53
22197,48194,Undirected,43
22384,82600,Undirected,44
22553,POST,Undirected,41
21544,22553,Undirected,30
22138,22553,Undirected,38
21977,22553,Undirected,35
22617,POST,Undirected,57
20973,22551,Undirected,35
22384,84997A,Undirected,51
21034,85049G,Undirected,32
22560,84077,Undirected,47
20973,22383,Undirected,31
22169,22507,Undirected,32
22029,22077,Undirected,33
22150,22565,Undirected,31
21231,22413,Undirected,32
22197,22553,Undirected,40
22556,22607,Undirected,32
20725,22607,Undirected,37
22383,22607,Undirected,31
21977,22607,Undirected,37
21212,22605,Undirected,34
21212,22607,Undirected,36
22417,22557,Undirected,35
21922,22423,Undirected,34
21922,47566,Undirected,36
22423,82483,Undirected,80
21481,22423,Undirected,72
22112,82484,Undirected,40
21034,82484,Undirected,41
21985,22423,Undirected,38
21932,82494L,Undirected,33
21932,82482,Undirected,34
22382,82482,Undirected,83
22383,82482,Undirected,52
21136,82482,Undirected,46
22487,82494L,Undirected,37
22138,22558,Undirected,70
22585,79321,Undirected,34
22386,22554,Undirected,45
71053,84664,Undirected,32
84406B,84664,Undirected,32
21933,82494L,Undirected,33
82494L,84664,Undirected,32
21933,82482,Undirected,36
82482,84664,Undirected,32
22558,82483,Undirected,32
21155,82483,Undirected,38
82483,84664,Undirected,31
22558,82486,Undirected,37
82486,84664,Undirected,32
20727,22558,Undirected,47
20725,22558,Undirected,107
21932,22558,Undirected,47
21155,21932,Undirected,32
21933,22558,Undirected,41
21155,21933,Undirected,30
22382,22558,Undirected,58
21155,84664,Undirected,30
22382,84664,Undirected,32
21533,22558,Undirected,41
22558,85123A,Undirected,115
22456,22558,Undirected,34
20727,21915,Undirected,50
21915,22383,Undirected,38
22386,22553,Undirected,42
22553,85099B,Undirected,48
21922,21924,Undirected,31
21922,85123A,Undirected,35
21914,85123A,Undirected,65
21980,22384,Undirected,30
21980,22557,Undirected,36
20725,22557,Undirected,55
21034,22558,Undirected,57
21524,22558,Undirected,36
22558,48187,Undirected,41
21210,22558,Undirected,56
21843,22558,Undirected,64
22558,85099B,Undirected,82
21216,22197,Undirected,42
21535,22558,Undirected,44
21212,22558,Undirected,107
21035,22558,Undirected,32
22077,85178,Undirected,30
20749,22077,Undirected,38
22197,22371,Undirected,31
21714,22423,Undirected,48
22558,22561,Undirected,37
22558,85152,Undirected,34
21175,22558,Undirected,31
22531,22535,Undirected,36
20726,22557,Undirected,33
20726,22558,Undirected,38
21790,22558,Undirected,38
22557,22558,Undirected,44
20728,22558,Undirected,30
22558,85099F,Undirected,43
21936,22558,Undirected,40
22558,84970S,Undirected,30
21498,22558,Undirected,32
22400,22402,Undirected,60
21155,48111,Undirected,32
22197,22557,Undirected,53
22139,82484,Undirected,36
71477,82484,Undirected,36
21232,22558,Undirected,41
21232,82484,Undirected,52
22384,22607,Undirected,33
82484,85152,Undirected,63
82484,82582,Undirected,30
82484,82600,Undirected,42
21181,82484,Undirected,57
21175,82484,Undirected,61
21231,22558,Undirected,34
21231,82484,Undirected,34
22384,22558,Undirected,39
20724,22558,Undirected,33
22384,82483,Undirected,33
22384,82482,Undirected,62
22384,82484,Undirected,37
20727,82484,Undirected,31
22383,82484,Undirected,33
22382,82484,Undirected,31
21922,22411,Undirected,33
22468,82482,Undirected,30
82482,84755,Undirected,53
22219,82482,Undirected,39
21731,21914,Undirected,50
21915,22027,Undirected,31
22435,22437,Undirected,46
22556,47566,Undirected,36
22487,82484,Undirected,42
21172,82482,Undirected,58
22090,22551,Undirected,31
22139,22466,Undirected,33
22169,82484,Undirected,61
21931,82484,Undirected,43
82484,85099B,Undirected,79
22607,85099B,Undirected,46
82484,85099F,Undirected,36
22171,82484,Undirected,69
22171,22507,Undirected,31
22295,82484,Undirected,30
22507,22558,Undirected,43
20682,22551,Undirected,33
22352,22551,Undirected,36
21559,82482,Undirected,45
21156,22468,Undirected,30
21931,22553,Undirected,37
22423,82582,Undirected,48
22423,84029E,Undirected,46
21485,22507,Undirected,30
21136,82484,Undirected,38
21212,22435,Undirected,35
22617,84997D,Undirected,30
22423,84029G,Undirected,44
20725,22088,Undirected,34
20725,82484,Undirected,47
21535,82484,Undirected,34
21533,82484,Undirected,31
21922,85099B,Undirected,44
21915,22367,Undirected,30
20725,21915,Undirected,63
20727,22557,Undirected,42
22469,85152,Undirected,88
22470,85152,Undirected,81
22469,22470,Undirected,651
21975,22558,Undirected,31
21975,22557,Undirected,30
21977,22558,Undirected,53
22553,22558,Undirected,33
22558,84992,Undirected,34
21731,22551,Undirected,53
82484,84970L,Undirected,33
82484,84970S,Undirected,37
22508,82484,Undirected,32
82484,84792,Undirected,32
21326,84945,Undirected,30
21239,22411,Undirected,35
22077,22469,Undirected,85
21843,22469,Undirected,38
22423,22469,Undirected,129
22469,22508,Undirected,53
22469,82580,Undirected,63
22469,82578,Undirected,31
22469,82581,Undirected,47
22469,84970L,Undirected,63
22469,71459,Undirected,41
21181,22469,Undirected,62
22114,22469,Undirected,44
22114,22470,Undirected,49
22112,22469,Undirected,62
22112,22470,Undirected,91
21175,22469,Undirected,65
22189,22469,Undirected,77
22469,48185,Undirected,36
22469,82494L,Undirected,129
21175,22470,Undirected,78
22189,22470,Undirected,106
22470,82494L,Undirected,149
22435,85123A,Undirected,36
21914,84077,Undirected,66
22551,22558,Undirected,32
22554,22558,Undirected,37
22090,22558,Undirected,50
22271,22551,Undirected,30
21231,22470,Undirected,79
21231,22469,Undirected,70
21114,22469,Undirected,30
22470,85123A,Undirected,445
22469,85123A,Undirected,393
22470,84949,Undirected,34
21754,22470,Undirected,165
22178,22470,Undirected,94
22464,22470,Undirected,63
22470,85061W,Undirected,31
22296,22470,Undirected,112
22470,85062,Undirected,35
22297,22470,Undirected,70
22469,84949,Undirected,40
22469,84945,Undirected,33
21754,22469,Undirected,140
22178,22469,Undirected,107
22464,22469,Undirected,72
22469,85061W,Undirected,39
22296,22469,Undirected,95
22297,22469,Undirected,65
22178,84945,Undirected,41
20977,22554,Undirected,34
22469,22554,Undirected,30
22469,22557,Undirected,41
22385,22553,Undirected,34
22469,22553,Undirected,36
22553,84879,Undirected,46
22150,22469,Undirected,31
20711,22469,Undirected,32
22385,82482,Undirected,41
22411,22469,Undirected,69
21929,22469,Undirected,37
22469,85099F,Undirected,60
21411,22469,Undirected,34
21745,22469,Undirected,40
22469,22488,Undirected,50
22469,82486,Undirected,91
22469,84879,Undirected,166
22469,82482,Undirected,129
22469,82484,Undirected,107
22295,22469,Undirected,71
21136,22469,Undirected,49
21755,22469,Undirected,145
22469,82483,Undirected,83
22178,82484,Undirected,70
22295,22488,Undirected,31
22470,84970S,Undirected,89
22469,84970S,Undirected,91
21523,22470,Undirected,33
21523,22469,Undirected,31
22470,48138,Undirected,68
22470,84879,Undirected,180
22470,85099B,Undirected,114
21340,22470,Undirected,31
22469,48138,Undirected,64
21670,22469,Undirected,32
21340,84879,Undirected,55
22469,85099B,Undirected,130
21340,22469,Undirected,37
22469,22607,Undirected,34
22470,82582,Undirected,34
22470,82583,Undirected,42
22470,85150,Undirected,49
22470,82600,Undirected,53
22413,22470,Undirected,37
21166,22470,Undirected,81
22470,47559B,Undirected,38
22423,22470,Undirected,138
21755,22470,Undirected,151
21756,22470,Undirected,33
22470,84970L,Undirected,66
22465,22470,Undirected,31
22470,84978,Undirected,83
22469,82582,Undirected,38
22469,82583,Undirected,43
22469,85150,Undirected,54
22469,82600,Undirected,55
22413,22469,Undirected,38
21166,22469,Undirected,66
22469,47559B,Undirected,30
21361,22469,Undirected,32
21756,22469,Undirected,35
22465,22469,Undirected,34
22469,79029,Undirected,35
22469,84978,Undirected,97
21137,47566,Undirected,31
22197,22561,Undirected,42
22531,22536,Undirected,35
22296,82484,Undirected,40
22188,82484,Undirected,52
20719,79321,Undirected,30
22139,22560,Undirected,45
22086,22411,Undirected,55
22086,22423,Undirected,100
22086,22585,Undirected,60
22355,22554,Undirected,34
22467,22558,Undirected,38
21918,22556,Undirected,34
22556,22558,Undirected,42
22139,22470,Undirected,64
22139,22469,Undirected,63
21621,22470,Undirected,56
21621,22469,Undirected,68
22470,84992,Undirected,41
22469,84992,Undirected,49
22470,84991,Undirected,54
22469,84991,Undirected,59
21181,22470,Undirected,96
22470,47591D,Undirected,39
22470,85099F,Undirected,51
22469,47591D,Undirected,34
20719,20973,Undirected,32
22558,48184,Undirected,32
21754,22558,Undirected,40
21907,22117,Undirected,30
22083,22558,Undirected,34
22083,22470,Undirected,36
22083,22469,Undirected,44
22170,22470,Undirected,40
22170,22469,Undirected,43
20971,22470,Undirected,44
22212,22470,Undirected,33
22212,22469,Undirected,37
22470,82486,Undirected,92
22169,22470,Undirected,33
22169,22469,Undirected,49
22464,82484,Undirected,42
22470,82483,Undirected,86
22470,84406B,Undirected,56
22469,84406B,Undirected,53
21314,82484,Undirected,36
21314,22470,Undirected,44
21314,22469,Undirected,54
82484,85150,Undirected,44
22470,82482,Undirected,132
22456,82482,Undirected,54
22295,22470,Undirected,73
22294,22470,Undirected,52
22294,22469,Undirected,59
21390,22470,Undirected,40
21390,22469,Undirected,45
22335,22470,Undirected,36
22335,22469,Undirected,37
22171,22470,Undirected,49
22171,22469,Undirected,46
22470,82484,Undirected,119
22456,82484,Undirected,57
22470,22558,Undirected,46
22469,22558,Undirected,48
21232,22470,Undirected,95
21232,22469,Undirected,96
22456,22470,Undirected,52
22456,22469,Undirected,47
15056N,22088,Undirected,36
21114,22423,Undirected,40
22467,22719,Undirected,33
21733,82484,Undirected,60
82484,82583,Undirected,42
82484,82580,Undirected,32
21524,22470,Undirected,35
22470,48194,Undirected,73
22469,48194,Undirected,78
21217,22558,Undirected,31
22470,22528,Undirected,32
22469,22528,Undirected,43
21868,22470,Undirected,36
21868,22469,Undirected,33
20914,22470,Undirected,59
20914,22469,Undirected,78
22197,22470,Undirected,79
22197,22469,Undirected,70
21745,22470,Undirected,45
22382,84997A,Undirected,48
22077,22382,Undirected,38
22558,84978,Undirected,37
22328,22558,Undirected,50
22219,DOT,Undirected,37
18098c,22423,Undirected,33
21155,DOT,Undirected,41
21892,22423,Undirected,32
22518,DOT,Undirected,31
84997a,DOT,Undirected,31
22383,DOT,Undirected,34
21843,DOT,Undirected,51
20724,79321,Undirected,44
22111,22569,Undirected,35
22111,22568,Undirected,39
21922,84795B,Undirected,38
22041,22411,Undirected,40
22077,22558,Undirected,56
22558,22567,Undirected,42
22469,22585,Undirected,33
22470,22585,Undirected,38
21411,22470,Undirected,36
22470,22508,Undirected,51
82484,84978,Undirected,33
22139,22558,Undirected,34
20724,22469,Undirected,64
22356,22469,Undirected,58
20726,22469,Undirected,58
22355,22469,Undirected,57
20972,22469,Undirected,39
21340,22178,Undirected,34
21843,22470,Undirected,44
22381,22470,Undirected,30
21931,22470,Undirected,70
22411,22470,Undirected,58
22383,22470,Undirected,99
22379,22470,Undirected,40
22384,22470,Undirected,88
22470,48187,Undirected,47
21034,22470,Undirected,129
22469,82552,Undirected,54
21363,22469,Undirected,45
21485,22469,Undirected,49
21790,22469,Undirected,41
22469,48187,Undirected,61
21340,22423,Undirected,45
22413,82482,Undirected,39
20974,21915,Undirected,30
22440,84077,Undirected,33
22197,82484,Undirected,46
22086,22386,Undirected,42
21623,22470,Undirected,42
22469,47566,Undirected,117
22469,22487,Undirected,56
22138,22470,Undirected,39
22138,22469,Undirected,49
22379,22469,Undirected,41
22381,22469,Undirected,31
22470,22488,Undirected,58
22470,22553,Undirected,33
22470,22557,Undirected,44
22470,22487,Undirected,51
22077,22470,Undirected,68
22470,71459,Undirected,35
21481,22554,Undirected,30
20719,21977,Undirected,33
22090,22469,Undirected,60
47503A,47504K,Undirected,33
21212,82484,Undirected,45
21034,22469,Undirected,105
22090,22470,Undirected,40
82484,84755,Undirected,47
21509,82482,Undirected,45
22470,22570,Undirected,32
21977,22470,Undirected,41
20711,22139,Undirected,35
22149,22469,Undirected,41
22149,22470,Undirected,45
22470,79321,Undirected,30
22470,84792,Undirected,32
22188,22470,Undirected,66
21207,22437,Undirected,35
22219,22469,Undirected,57
22384,22469,Undirected,99
22469,22507,Undirected,59
20749,85066,Undirected,30
20972,22551,Undirected,33
22567,82494L,Undirected,33
21527,22470,Undirected,33
21535,22470,Undirected,46
22558,84378,Undirected,31
22188,22469,Undirected,59
21672,22470,Undirected,33
22382,22470,Undirected,65
22382,22469,Undirected,71
21559,22469,Undirected,35
22030,22077,Undirected,31
21506,22077,Undirected,30
22470,22507,Undirected,57
21533,22469,Undirected,33
22470,22569,Undirected,31
22273,22470,Undirected,32
21533,22470,Undirected,41
22467,22551,Undirected,38
21915,85099B,Undirected,39
21914,22326,Undirected,30
20914,22567,Undirected,30
22467,82484,Undirected,37
22082,22469,Undirected,49
22079,22469,Undirected,32
22626,85123A,Undirected,33
21164,22469,Undirected,32
20725,22469,Undirected,119
20723,22469,Undirected,50
22469,85099C,Undirected,64
21977,22469,Undirected,48
21213,22470,Undirected,40
21213,22469,Undirected,40
20971,22556,Undirected,33
21210,22470,Undirected,30
20972,22470,Undirected,53
22470,82552,Undirected,45
21210,22469,Undirected,32
22383,22469,Undirected,104
20725,22470,Undirected,114
22356,22470,Undirected,43
20718,22470,Undirected,37
20724,22470,Undirected,61
21931,22469,Undirected,67
20718,22469,Undirected,40
20685,22470,Undirected,67
20685,22469,Undirected,56
22470,47566,Undirected,74
22469,47566B,Undirected,30
22386,22470,Undirected,72
21080,22470,Undirected,49
21136,22470,Undirected,60
22470,85064,Undirected,38
22470,85066,Undirected,70
22470,84839,Undirected,44
22386,22469,Undirected,93
21080,22469,Undirected,48
21936,22469,Undirected,33
22469,85064,Undirected,37
22469,85066,Undirected,69
22469,84839,Undirected,42
21987,22437,Undirected,43
82484,85066,Undirected,75
20685,82484,Undirected,44
82484,84836,Undirected,44
21166,82484,Undirected,53
22423,85066,Undirected,73
22558,22625,Undirected,39
22625,22627,Undirected,176
22158,22469,Undirected,66
21172,22469,Undirected,37
21907,22469,Undirected,41
22470,82581,Undirected,43
22470,82580,Undirected,56
22158,22470,Undirected,92
21172,22470,Undirected,40
21907,22470,Undirected,32
22423,22627,Undirected,99
22423,22624,Undirected,141
22384,22624,Undirected,32
20725,22624,Undirected,44
22607,22624,Undirected,31
22624,22627,Undirected,250
22627,47566,Undirected,33
22624,47566,Undirected,58
22624,84978,Undirected,31
22624,85099B,Undirected,73
22411,22624,Undirected,34
21218,22625,Undirected,33
21212,22627,Undirected,38
21212,22625,Undirected,53
21212,22624,Undirected,63
20914,22627,Undirected,30
22624,22625,Undirected,322
21754,22625,Undirected,36
20914,22625,Undirected,60
21754,22624,Undirected,50
20914,22624,Undirected,69
22624,22626,Undirected,125
22625,22626,Undirected,107
21527,22624,Undirected,31
21527,22625,Undirected,31
22626,22627,Undirected,69
22624,48187,Undirected,39
22624,48138,Undirected,41
22624,48194,Undirected,34
22625,84879,Undirected,49
22423,22625,Undirected,120
20685,22558,Undirected,53
22625,47566,Undirected,41
22624,85123A,Undirected,128
21843,22624,Undirected,41
22625,85123A,Undirected,95
21843,22625,Undirected,41
22625,85099B,Undirected,57
21977,22625,Undirected,31
21928,22469,Undirected,43
22508,82494L,Undirected,38
22470,84832,Undirected,35
21363,22470,Undirected,36
22470,84947,Undirected,35
22423,84947,Undirected,43
22411,DOT,Undirected,126
84988,DOT,Undirected,31
22111,22624,Undirected,43
22191,22624,Undirected,72
22178,22624,Undirected,44
22624,82482,Undirected,47
22624,82494L,Undirected,51
22077,22624,Undirected,59
22558,22624,Undirected,43
22624,84946,Undirected,30
21977,22624,Undirected,51
22627,85123A,Undirected,49
21977,22627,Undirected,30
22470,84836,Undirected,135
21931,84978,Undirected,31
82484,85064,Undirected,35
84839,85068,Undirected,31
85064,85068,Undirected,36
22489,22491,Undirected,155
21232,22624,Undirected,45
21232,22625,Undirected,38
22624,84991,Undirected,44
21933,47566,Undirected,31
22423,22616,Undirected,31
85064,85123A,Undirected,58
20973,85123A,Undirected,30
21914,22383,Undirected,33
22489,22560,Undirected,113
22489,22492,Undirected,78
22491,22560,Undirected,79
22491,22492,Undirected,52
22492,22560,Undirected,64
84945,85099B,Undirected,36
22470,84380,Undirected,31
20727,22470,Undirected,93
22492,22534,Undirected,50
22492,22530,Undirected,41
22418,22492,Undirected,50
22418,22534,Undirected,43
22418,22489,Undirected,38
22489,84879,Undirected,30
22382,22418,Undirected,42
22418,22614,Undirected,30
22418,22551,Undirected,60
22029,22418,Undirected,38
22551,22614,Undirected,54
22489,22551,Undirected,35
22489,22561,Undirected,111
22147,22621,Undirected,43
22150,22621,Undirected,43
22149,22621,Undirected,61
22621,47566,Undirected,32
20712,82482,Undirected,51
22367,82482,Undirected,36
37370,82482,Undirected,47
21212,22418,Undirected,36
22138,22489,Undirected,39
22138,22623,Undirected,50
22112,22585,Undirected,40
22114,22585,Undirected,30
21034,22555,Undirected,38
22551,22623,Undirected,32
21212,22489,Undirected,37
22489,22623,Undirected,36
22489,22556,Undirected,32
22556,22623,Undirected,39
22619,84879,Undirected,44
21888,22619,Undirected,34
22271,22492,Undirected,30
22492,22561,Undirected,77
22492,22544,Undirected,30
22491,22561,Undirected,82
22530,22532,Undirected,31
82482,84380,Undirected,34
22437,POST,Undirected,45
21086,22437,Undirected,36
22561,22623,Undirected,55
20676,22411,Undirected,53
22423,22621,Undirected,45
22558,22621,Undirected,35
22469,22621,Undirected,31
22489,22621,Undirected,41
22492,22621,Undirected,43
22489,22493,Undirected,51
22492,22493,Undirected,47
22419,22420,Undirected,51
22419,22421,Undirected,80
22420,22421,Undirected,52
22423,22622,Undirected,48
22561,22622,Undirected,54
22086,22561,Undirected,43
22621,85123A,Undirected,61
21790,22621,Undirected,90
22621,84879,Undirected,44
22491,22493,Undirected,34
22151,22470,Undirected,45
20723,22470,Undirected,39
22470,82551,Undirected,39
22151,22469,Undirected,53
22469,82551,Undirected,34
22556,22622,Undirected,46
22551,22622,Undirected,30
22622,22623,Undirected,142
22550,22622,Undirected,34
22550,22623,Undirected,39
22178,22625,Undirected,30
22469,22625,Undirected,53
22470,22625,Undirected,46
22470,85099C,Undirected,69
22138,22622,Undirected,37
22622,85123A,Undirected,37
20685,22624,Undirected,48
20685,22625,Undirected,32
22625,82583,Undirected,32
21231,22624,Undirected,31
22469,84836,Undirected,133
22227,22470,Undirected,32
21733,22470,Undirected,167
21385,22470,Undirected,50
21733,22469,Undirected,129
21385,22469,Undirected,50
22147,22492,Undirected,32
22149,22492,Undirected,44
21080,22613,Undirected,51
22417,22613,Undirected,43
22623,85123A,Undirected,40
22469,84946,Undirected,80
22469,84832,Undirected,34
21485,22470,Undirected,64
21889,22622,Undirected,59
21790,22622,Undirected,72
21891,22622,Undirected,30
21912,22622,Undirected,40
22489,22622,Undirected,38
22492,22622,Undirected,43
22624,84992,Undirected,34
22624,85066,Undirected,35
22423,C2,Undirected,37
22624,84380,Undirected,33
22470,22624,Undirected,83
22079,22470,Undirected,36
22624,82486,Undirected,30
22467,22624,Undirected,32
22469,22624,Undirected,79
22489,22620,Undirected,40
22620,22622,Undirected,33
22620,22623,Undirected,37
22383,22418,Undirected,35
22418,85123A,Undirected,35
21232,22419,Undirected,30
22561,22619,Undirected,41
22619,22623,Undirected,39
22617,22621,Undirected,39
22492,22556,Undirected,55
22492,22617,Undirected,40
22621,84077,Undirected,48
22418,84077,Undirected,35
22489,84077,Undirected,57
22491,84077,Undirected,37
21790,22418,Undirected,37
21790,22489,Undirected,88
21790,22491,Undirected,56
21703,22489,Undirected,33
22491,22621,Undirected,31
22561,22621,Undirected,39
21891,22621,Undirected,71
22569,22621,Undirected,30
22570,22621,Undirected,31
21891,22560,Undirected,44
21891,22492,Undirected,36
22619,22621,Undirected,67
22624,POST,Undirected,56
22624,84879,Undirected,69
21989,22613,Undirected,34
21094,22437,Undirected,39
22435,POST,Undirected,42
22613,POST,Undirected,36
22197,22551,Undirected,61
22554,22622,Undirected,30
21975,22469,Undirected,33
21212,22469,Undirected,64
22469,84378,Undirected,45
22156,22469,Undirected,50
22467,22625,Undirected,40
22617,22624,Undirected,39
22139,22624,Undirected,50
22139,22625,Undirected,37
22138,22621,Undirected,69
21985,22616,Undirected,40
21980,22616,Undirected,36
82484,84946,Undirected,60
22568,22621,Undirected,45
85068,85123A,Undirected,43
21212,22621,Undirected,30
21212,22620,Undirected,35
22620,22621,Undirected,73
22621,22623,Undirected,32
21914,22621,Undirected,40
21915,22621,Undirected,41
22138,22418,Undirected,34
21914,22418,Undirected,35
21915,22418,Undirected,34
22138,22620,Undirected,47
21914,22620,Undirected,60
21915,22620,Undirected,79
21034,22620,Undirected,33
21914,22553,Undirected,43
21915,22553,Undirected,36
21915,22623,Undirected,31
22492,22551,Undirected,58
22492,22549,Undirected,37
22492,22536,Undirected,33
22492,22620,Undirected,51
22418,22556,Undirected,30
22489,22549,Undirected,35
22549,22620,Undirected,45
22556,22620,Undirected,45
22423,22619,Undirected,43
22423,22492,Undirected,53
21790,22619,Undirected,79
21790,22492,Undirected,88
21791,22619,Undirected,59
21791,22621,Undirected,64
21791,22492,Undirected,60
21914,22619,Undirected,41
21914,22492,Undirected,48
22549,22619,Undirected,34
22549,22621,Undirected,35
22624,82484,Undirected,58
22189,22624,Undirected,31
22627,POST,Undirected,40
22625,POST,Undirected,46
21790,22555,Undirected,34
22273,22621,Undirected,43
22271,22621,Undirected,40
22138,22625,Undirected,48
21080,22625,Undirected,32
22197,22625,Undirected,44
22090,22624,Undirected,30
22138,22624,Undirected,56
21080,22624,Undirected,36
22197,22624,Undirected,65
22138,22627,Undirected,39
22197,22627,Undirected,33
22507,22624,Undirected,31
20712,21989,Undirected,32
22469,84755,Undirected,66
22614,22616,Undirected,38
22616,84879,Undirected,39
22623,84879,Undirected,33
22622,84879,Undirected,49
22423,22623,Undirected,48
21892,22623,Undirected,30
21967,22616,Undirected,32
22616,85099B,Undirected,39
22489,85123A,Undirected,40
22489,22554,Undirected,34
21915,22489,Undirected,54
21915,22624,Undirected,32
21900,22470,Undirected,34
21901,22470,Undirected,30
22470,22627,Undirected,30
22470,71053,Undirected,35
20973,22382,Undirected,32
22158,22294,Undirected,31
22158,35970,Undirected,40
35970,85123A,Undirected,37
22469,84947,Undirected,36
35970,84946,Undirected,43
22470,84946,Undirected,64
22470,35970,Undirected,37
22469,35970,Undirected,42
21982,22616,Undirected,47
22383,22616,Undirected,34
20725,22616,Undirected,38
22082,22470,Undirected,49
21892,22607,Undirected,31
21890,22621,Undirected,37
21890,22619,Undirected,38
21891,22619,Undirected,74
21892,22621,Undirected,66
21892,22619,Undirected,62
22077,22625,Undirected,40
84840,85123A,Undirected,32
22427,22469,Undirected,57
22469,72741,Undirected,37
22427,85123A,Undirected,101
22430,85123A,Undirected,42
22427,22430,Undirected,84
21754,22427,Undirected,56
21755,22427,Undirected,51
22427,22470,Undirected,55
22470,72741,Undirected,41
22645,22646,Undirected,194
22645,22650,Undirected,35
22645,22649,Undirected,46
22644,22645,Undirected,132
22646,22650,Undirected,30
22646,22649,Undirected,76
22644,22646,Undirected,165
22644,22650,Undirected,31
22644,22649,Undirected,51
21232,22649,Undirected,151
22064,22649,Undirected,42
22649,84991,Undirected,38
22625,84991,Undirected,35
22427,82486,Undirected,33
22427,82494L,Undirected,37
22427,22487,Undirected,36
22430,22624,Undirected,30
22646,85099B,Undirected,50
21791,22622,Undirected,50
21791,22623,Undirected,64
21889,22621,Undirected,50
21891,21915,Undirected,76
21888,22621,Undirected,32
22429,22430,Undirected,46
22425,22430,Undirected,31
22424,22430,Undirected,46
22426,22430,Undirected,38
22427,22429,Undirected,108
22425,22427,Undirected,59
22424,22427,Undirected,106
22426,22427,Undirected,76
22425,22429,Undirected,89
22424,22429,Undirected,107
22426,22429,Undirected,69
22424,22425,Undirected,77
22425,22426,Undirected,50
22424,22426,Undirected,55
22470,84378,Undirected,42
21174,22470,Undirected,41
21174,22469,Undirected,54
21901,22469,Undirected,34
22061,22649,Undirected,40
21231,22649,Undirected,108
20727,22469,Undirected,92
21080,21558,Undirected,34
21558,22383,Undirected,77
21900,22469,Undirected,39
21535,22469,Undirected,35
22649,37447,Undirected,36
22063,22649,Undirected,40
22649,37450,Undirected,44
22649,85123A,Undirected,51
22427,84755,Undirected,34
21733,22646,Undirected,30
22197,22649,Undirected,30
22197,22644,Undirected,33
22197,22646,Undirected,31
21232,22644,Undirected,112
21232,22646,Undirected,200
22649,37448,Undirected,71
22646,37448,Undirected,48
22646,37447,Undirected,30
22427,47566,Undirected,67
20682,22556,Undirected,34
22469,35961,Undirected,47
22556,22616,Undirected,44
21034,22616,Undirected,39
21982,22614,Undirected,39
22189,22427,Undirected,31
22427,82484,Undirected,54
22088,22382,Undirected,34
21558,22382,Undirected,81
22077,22621,Undirected,47
22428,22429,Undirected,35
22197,22616,Undirected,35
22557,22616,Undirected,32
22326,22492,Undirected,36
22492,22554,Undirected,48
22492,POST,Undirected,87
21212,22492,Undirected,50
20914,22621,Undirected,31
22622,POST,Undirected,30
22427,84836,Undirected,30
22427,82482,Undirected,40
22427,84946,Undirected,30
22178,22427,Undirected,45
22383,22646,Undirected,42
20727,22646,Undirected,39
22646,47566,Undirected,30
22424,47566,Undirected,33
21977,22429,Undirected,33
21928,22470,Undirected,35
21533,22624,Undirected,31
21212,22470,Undirected,71
22424,22627,Undirected,32
22425,22627,Undirected,34
22429,22627,Undirected,39
22424,22624,Undirected,76
22191,22625,Undirected,54
22424,22625,Undirected,42
22424,22469,Undirected,42
22077,22427,Undirected,37
22616,85123A,Undirected,32
21212,22616,Undirected,30
35970,84836,Undirected,38
22086,35970,Undirected,62
22470,84997D,Undirected,30
21754,22424,Undirected,39
22470,22505,Undirected,30
22470,22646,Undirected,43
22424,48138,Undirected,31
20914,22649,Undirected,32
22424,85123A,Undirected,61
20972,22621,Undirected,63
22627,84879,Undirected,38
22624,84378,Undirected,40
21733,22624,Undirected,40
22427,22624,Undirected,59
22617,84378,Undirected,30
22138,22427,Undirected,32
22617,22623,Undirected,44
22427,84879,Undirected,75
20724,22646,Undirected,34
21212,22646,Undirected,44
22356,22646,Undirected,35
21212,22644,Undirected,31
21231,22645,Undirected,113
21232,22645,Undirected,129
21231,22646,Undirected,132
22645,85123A,Undirected,80
21034,22625,Undirected,32
22561,22620,Undirected,41
22139,22620,Undirected,57
22493,22561,Undirected,58
22139,22427,Undirected,35
22139,22622,Undirected,51
22139,22623,Undirected,56
22274,22621,Undirected,33
21891,22620,Undirected,116
22087,22469,Undirected,34
22090,22427,Undirected,33
21080,22492,Undirected,42
21891,22489,Undirected,40
22492,84077,Undirected,66
20728,22469,Undirected,93
21889,22469,Undirected,31
20725,22424,Undirected,31
22424,85099B,Undirected,49
21975,22551,Undirected,37
21558,22554,Undirected,30
20727,22619,Undirected,30
21918,22489,Undirected,51
22149,22489,Undirected,34
22619,22620,Undirected,84
22149,22619,Undirected,32
22619,85099B,Undirected,38
21790,22620,Undirected,103
22560,22620,Undirected,37
22620,85099B,Undirected,38
21034,22624,Undirected,34
22469,22627,Undirected,30
22427,84978,Undirected,38
22423,22626,Undirected,45
22426,22624,Undirected,32
21558,22411,Undirected,45
22423,22430,Undirected,38
22423,22426,Undirected,36
22423,22424,Undirected,74
22423,22429,Undirected,73
22634,22635,Undirected,204
22138,22634,Undirected,56
22138,22635,Undirected,58
20971,22492,Undirected,30
22138,22492,Undirected,48
20972,22492,Undirected,47
20914,22646,Undirected,44
20914,22645,Undirected,31
22646,37450,Undirected,33
22063,22646,Undirected,30
21174,82484,Undirected,34
22637,22646,Undirected,43
22328,22636,Undirected,32
22556,22636,Undirected,56
22555,22636,Undirected,33
22551,22636,Undirected,35
22355,22470,Undirected,41
22382,22634,Undirected,47
22382,22635,Undirected,42
22493,22560,Undirected,55
21558,22326,Undirected,55
21558,22327,Undirected,48
21558,22379,Undirected,33
21558,22386,Undirected,57
22423,22427,Undirected,92
22367,22418,Undirected,31
22418,22617,Undirected,37
22623,22635,Undirected,31
22635,22636,Undirected,77
22634,22636,Undirected,77
22617,22634,Undirected,59
22617,22635,Undirected,51
22427,85099B,Undirected,36
21889,22619,Undirected,47
21889,22620,Undirected,62
21889,22623,Undirected,53
21890,22620,Undirected,62
21791,22620,Undirected,81
21790,22624,Undirected,35
21034,22429,Undirected,32
22425,22624,Undirected,53
22429,22624,Undirected,80
21892,22620,Undirected,125
22423,22635,Undirected,68
22429,22625,Undirected,50
22469,71477,Undirected,36
22470,71477,Undirected,40
21259,22469,Undirected,47
22139,22646,Undirected,38
22646,85123A,Undirected,92
22646,84991,Undirected,54
21034,22646,Undirected,30
22646,72741,Undirected,31
22469,22646,Undirected,41
21166,22646,Undirected,31
21175,22646,Undirected,36
22646,85152,Undirected,33
22644,85123A,Undirected,60
22644,84991,Undirected,34
21231,22644,Undirected,93
20914,22644,Undirected,30
22470,22644,Undirected,36
22469,22644,Undirected,32
21212,22424,Undirected,32
21212,22429,Undirected,30
21731,22492,Undirected,38
21558,22384,Undirected,83
22425,22625,Undirected,30
22427,22625,Undirected,36
22429,84879,Undirected,33
22429,85123A,Undirected,54
22617,22622,Undirected,35
22549,22623,Undirected,31
22383,22501,Undirected,31
20725,22501,Undirected,34
20725,22637,Undirected,40
20728,22470,Undirected,87
21843,22501,Undirected,34
21843,22637,Undirected,33
21844,22637,Undirected,33
22469,22501,Undirected,33
22470,22501,Undirected,32
22219,22470,Undirected,45
22501,84879,Undirected,30
22384,22502,Undirected,33
21977,22502,Undirected,37
22502,47566,Undirected,50
22502,82482,Undirected,47
22386,22502,Undirected,66
22385,22502,Undirected,36
21931,22502,Undirected,69
22551,22634,Undirected,46
22617,22636,Undirected,36
22469,22645,Undirected,36
20725,22646,Undirected,52
20728,22646,Undirected,31
22384,22646,Undirected,48
22646,82494L,Undirected,31
22646,82482,Undirected,34
20725,22645,Undirected,31
22384,22645,Undirected,31
22139,22634,Undirected,42
22139,22635,Undirected,45
22139,22636,Undirected,44
22501,22502,Undirected,183
22502,22607,Undirected,36
22139,22502,Undirected,57
22424,22501,Undirected,35
22139,22501,Undirected,39
20728,22624,Undirected,30
22622,22636,Undirected,41
22424,84879,Undirected,41
22138,22636,Undirected,31
22138,22502,Undirected,39
22382,22623,Undirected,30
22619,22622,Undirected,37
22554,22636,Undirected,31
22620,84879,Undirected,48
22620,85123A,Undirected,40
22382,22619,Undirected,35
22619,85123A,Undirected,46
21558,22328,Undirected,47
22139,22621,Undirected,50
20725,22621,Undirected,41
20728,22621,Undirected,35
22469,84380,Undirected,35
22150,22470,Undirected,30
21931,22501,Undirected,60
21931,22424,Undirected,37
22385,22470,Undirected,30
22386,22501,Undirected,51
22386,22424,Undirected,32
22501,85099B,Undirected,69
22501,85123A,Undirected,62
22427,22501,Undirected,34
22424,22470,Undirected,31
21918,22551,Undirected,30
22621,85099B,Undirected,43
22382,22621,Undirected,40
22383,22621,Undirected,36
22029,22492,Undirected,36
22055,22644,Undirected,31
22064,22644,Undirected,39
22138,22646,Undirected,35
20914,22502,Undirected,34
22624,84836,Undirected,30
21166,22502,Undirected,32
21326,22469,Undirected,30
22139,22492,Undirected,65
22492,22555,Undirected,31
22560,22623,Undirected,36
22560,22622,Undirected,38
22492,22531,Undirected,38
22147,22178,Undirected,30
22090,22502,Undirected,39
22625,82482,Undirected,43
22379,22501,Undirected,35
21790,22623,Undirected,91
21912,22623,Undirected,40
21918,22491,Undirected,31
21790,22625,Undirected,33
21888,22620,Undirected,42
21891,22549,Undirected,39
21912,22619,Undirected,30
21912,22620,Undirected,36
21915,22619,Undirected,40
22138,22619,Undirected,59
22620,POST,Undirected,59
21981,22551,Undirected,32
21704,22492,Undirected,30
22470,22645,Undirected,48
22418,POST,Undirected,34
22059,22646,Undirected,58
22059,22649,Undirected,73
20712,22469,Undirected,32
20972,22418,Undirected,30
22045,22418,Undirected,30
20972,22620,Undirected,36
22139,22619,Undirected,57
21891,21914,Undirected,53
22625,82484,Undirected,40
22502,85123A,Undirected,55
22386,22625,Undirected,34
22386,22624,Undirected,32
22470,22502,Undirected,34
21080,DOT,Undirected,41
82599,DOT,Undirected,33
22645,37448,Undirected,31
20727,22621,Undirected,35
22637,85123A,Undirected,54
22469,DOT,Undirected,30
20719,22469,Undirected,37
22719,DOT,Undirected,55
22418,22423,Undirected,34
22423,22501,Undirected,86
22501,47566,Undirected,55
22501,DOT,Undirected,78
21156,DOT,Undirected,33
22645,84991,Undirected,44
21232,22501,Undirected,30
21790,22493,Undirected,35
22617,22619,Undirected,41
20725,22619,Undirected,30
22634,84997C,Undirected,30
22634,84997B,Undirected,32
22634,84997D,Undirected,30
22649,47559B,Undirected,31
21985,22469,Undirected,36
21527,22649,Undirected,31
20713,22469,Undirected,32
21930,22469,Undirected,39
22470,84755,Undirected,50
22470,35961,Undirected,49
22383,22502,Undirected,44
22382,22502,Undirected,34
20726,22502,Undirected,36
20728,22502,Undirected,35
20725,22502,Undirected,53
16161P,20725,Undirected,34
21172,22088,Undirected,33
22139,22637,Undirected,36
22424,84836,Undirected,31
21930,22470,Undirected,39
22634,POST,Undirected,56
22635,POST,Undirected,39
22147,22469,Undirected,49
22147,22470,Undirected,51
22704,22705,Undirected,64
21497,22704,Undirected,31
22469,71053,Undirected,35
20973,21034,Undirected,39
22197,22619,Undirected,37
21891,22561,Undirected,56
21791,22489,Undirected,49
22551,22635,Undirected,38
21080,22424,Undirected,30
22646,47591D,Undirected,47
22139,22489,Undirected,40
22027,22712,Undirected,80
22712,22714,Undirected,53
22028,22712,Undirected,43
22027,22714,Undirected,54
22028,22714,Undirected,32
20750,22555,Undirected,38
22411,22501,Undirected,61
22411,22502,Undirected,67
21212,22637,Undirected,31
21733,22645,Undirected,31
21936,22501,Undirected,42
21936,22502,Undirected,30
22469,22502,Undirected,46
21915,22622,Undirected,44
21889,22489,Undirected,57
22139,22418,Undirected,33
16161P,22704,Undirected,32
22708,22712,Undirected,38
22710,22713,Undirected,42
22711,22716,Undirected,38
22712,22716,Undirected,36
22713,22716,Undirected,30
22714,22716,Undirected,46
22716,22717,Undirected,31
22716,22718,Undirected,32
22717,22718,Undirected,58
21212,22501,Undirected,33
21977,22501,Undirected,31
21801,21803,Undirected,31
21080,22501,Undirected,43
22367,22634,Undirected,34
21791,22636,Undirected,30
21791,22491,Undirected,30
21791,22635,Undirected,30
22045,22711,Undirected,31
21915,22491,Undirected,31
22197,22645,Undirected,35
22551,22616,Undirected,37
22556,84375,Undirected,32
22197,22418,Undirected,33
22636,POST,Undirected,62
20725,21914,Undirected,41
21889,22491,Undirected,40
21704,22620,Undirected,50
22055,22645,Undirected,35
22197,22501,Undirected,36
22090,22501,Undirected,34
22502,DOT,Undirected,98
22379,22502,Undirected,38
22423,22502,Undirected,68
22423,84347,Undirected,45
20712,22502,Undirected,60
20712,DOT,Undirected,112
21080,22502,Undirected,40
22386,DOT,Undirected,129
84970s,DOT,Undirected,45
21033,DOT,Undirected,73
20713,DOT,Undirected,51
20711,22501,Undirected,46
20711,DOT,Undirected,115
20718,DOT,Undirected,39
21232,22637,Undirected,32
22637,85099B,Undirected,43
21558,22423,Undirected,38
22423,22645,Undirected,34
22423,22646,Undirected,58
22645,47591D,Undirected,31
21034,22645,Undirected,31
22620,84077,Undirected,47
22617,22620,Undirected,32
22271,22470,Undirected,31
22423,22636,Undirected,61
22423,22620,Undirected,36
22055,22646,Undirected,40
22423,22634,Undirected,55
22382,22616,Undirected,33
22502,85152,Undirected,36
22501,82482,Undirected,42
22704,POST,Undirected,37
20726,22197,Undirected,71
21915,22197,Undirected,45
21498,22704,Undirected,55
22555,22616,Undirected,48
21985,22614,Undirected,30
21981,22614,Undirected,48
22423,22637,Undirected,34
22423,22649,Undirected,62
22646,POST,Undirected,31
22423,22644,Undirected,40
22055,22649,Undirected,49
22625,82494L,Undirected,35
22077,22112,Undirected,41
21888,22623,Undirected,41
21888,22622,Undirected,42
22502,85099B,Undirected,81
21700,22411,Undirected,48
20711,22502,Undirected,44
21033,22502,Undirected,35
22064,22645,Undirected,38
22059,22645,Undirected,34
22059,22644,Undirected,31
21915,22492,Undirected,67
22064,22646,Undirected,45
21790,22470,Undirected,34
21668,22470,Undirected,31
21669,22469,Undirected,34
21668,22469,Undirected,30
22424,82484,Undirected,36
21755,22624,Undirected,36
22029,22716,Undirected,62
22029,22713,Undirected,31
22556,22716,Undirected,40
20727,22502,Undirected,35
22352,22502,Undirected,37
21559,22502,Undirected,36
21731,22502,Undirected,33
20972,22646,Undirected,38
21508,22714,Undirected,33
20712,22501,Undirected,49
21703,22492,Undirected,32
16161P,22423,Undirected,53
21671,22423,Undirected,61
21669,22423,Undirected,58
22029,22712,Undirected,103
22037,22712,Undirected,50
22037,22714,Undirected,35
15056N,21172,Undirected,31
22055,22501,Undirected,30
85123a,DOT,Undirected,35
15056n,DOT,Undirected,64
21989,DOT,Undirected,41
22156,22158,Undirected,49
22326,22636,Undirected,31
20725,22492,Undirected,37
22382,22492,Undirected,42
22197,22502,Undirected,58
21703,22620,Undirected,33
21733,22625,Undirected,30
21967,22614,Undirected,35
22531,22537,Undirected,37
21535,22637,Undirected,33
15056BL,21519,Undirected,31
22423,84375,Undirected,37
22027,22716,Undirected,41
21889,22492,Undirected,48
22028,22423,Undirected,36
21071,71053,Undirected,40
21498,22711,Undirected,30
21212,22502,Undirected,38
20726,22470,Undirected,53
21507,22716,Undirected,34
20728,21915,Undirected,31
21914,22489,Undirected,30
22037,22423,Undirected,42
20726,22621,Undirected,30
22470,84029E,Undirected,42
20971,22621,Undirected,38
22423,72760B,Undirected,64
22030,22715,Undirected,40
22637,POST,Undirected,31
21533,22637,Undirected,32
72760B,82484,Undirected,31
21733,22158,Undirected,47
22158,84970S,Undirected,35
21506,22716,Undirected,32
22086,22625,Undirected,35
22086,22624,Undirected,52
22086,22557,Undirected,48
22616,22713,Undirected,45
22328,22492,Undirected,30
20971,22551,Undirected,33
21034,22158,Undirected,42
22411,22424,Undirected,37
22086,22384,Undirected,35
22086,22584,Undirected,31
21985,22470,Undirected,35
21915,22086,Undirected,52
22086,22556,Undirected,35
22086,22555,Undirected,37
22086,22551,Undirected,47
22457,22624,Undirected,46
22457,22469,Undirected,183
22457,22470,Undirected,184
22086,22554,Undirected,40
22086,22553,Undirected,40
22173,22457,Undirected,53
22470,72760B,Undirected,35
22457,72760B,Undirected,34
22457,22502,Undirected,41
21671,22457,Undirected,34
22502,48185,Undirected,33
21843,22502,Undirected,41
21535,22625,Undirected,34
21929,22501,Undirected,31
21086,DOT,Undirected,39
20711,47566b,Undirected,33
21174,DOT,Undirected,44
21928,DOT,Undirected,69
47566b,DOT,Undirected,60
20676,DOT,Undirected,38
82583,DOT,Undirected,40
84510a,DOT,Undirected,35
21035,DOT,Undirected,88
21035,22502,Undirected,34
22037,22716,Undirected,59
22029,22714,Undirected,49
21929,22470,Undirected,31
22173,82484,Undirected,55
22173,22423,Undirected,70
22423,84378,Undirected,70
22457,82484,Undirected,93
22457,22558,Undirected,42
22111,22457,Undirected,40
22111,82484,Undirected,36
21385,22457,Undirected,38
22456,22502,Undirected,30
22457,22501,Undirected,33
22716,POST,Undirected,39
21524,22692,Undirected,70
21524,22691,Undirected,35
21524,22690,Undirected,42
22691,22692,Undirected,31
22692,48111,Undirected,31
22690,22692,Undirected,67
21523,22692,Undirected,67
22692,48138,Undirected,47
22692,48185,Undirected,30
22692,48188,Undirected,36
22692,48187,Undirected,96
22366,22692,Undirected,32
20685,22692,Undirected,66
22687,22689,Undirected,32
22690,48173C,Undirected,31
22691,48138,Undirected,31
22691,48187,Undirected,33
20685,22691,Undirected,34
21523,22690,Undirected,52
22690,48138,Undirected,67
22690,48185,Undirected,35
22690,48188,Undirected,36
22690,48187,Undirected,78
20685,22690,Undirected,82
21955,22690,Undirected,30
22086,22469,Undirected,74
22156,22470,Undirected,49
84375,POST,Undirected,35
22660,84879,Undirected,32
22423,22690,Undirected,44
22690,85099B,Undirected,39
22427,22457,Undirected,47
22173,22469,Undirected,65
22690,85123A,Undirected,47
22173,22470,Undirected,71
21507,22714,Undirected,40
21509,22714,Undirected,49
21509,22716,Undirected,30
22045,22704,Undirected,39
20682,22629,Undirected,33
22383,22629,Undirected,114
22382,22629,Undirected,194
20727,22629,Undirected,83
20727,22628,Undirected,32
21936,22629,Undirected,43
22384,22629,Undirected,82
20728,22629,Undirected,92
22558,22629,Undirected,37
22469,22629,Undirected,32
22628,22629,Undirected,31
22327,22629,Undirected,35
22326,22629,Undirected,142
22502,22629,Undirected,46
21212,22629,Undirected,65
22326,22628,Undirected,36
22691,48194,Undirected,36
21928,22502,Undirected,44
21929,22502,Undirected,40
20914,22630,Undirected,60
22630,22631,Undirected,149
22630,22635,Undirected,58
22139,22630,Undirected,70
22383,22630,Undirected,98
21936,22630,Undirected,40
20724,22630,Undirected,63
20725,22630,Undirected,121
22630,84991,Undirected,31
22630,85123A,Undirected,73
22631,22636,Undirected,33
22383,22631,Undirected,48
20724,22631,Undirected,33
20725,22631,Undirected,56
15056BL,21504,Undirected,37
22660,82494L,Undirected,30
21071,21504,Undirected,39
21068,71053,Undirected,37
21504,82482,Undirected,45
20914,22629,Undirected,63
20725,22659,Undirected,68
22382,22659,Undirected,68
20727,22659,Undirected,41
22328,22659,Undirected,65
22659,85123A,Undirected,69
22630,22659,Undirected,181
22384,22659,Undirected,39
22629,22659,Undirected,202
21754,22630,Undirected,32
21931,22630,Undirected,78
21931,22629,Undirected,81
20725,22629,Undirected,143
22382,22630,Undirected,134
22380,22630,Undirected,31
22380,22629,Undirected,30
20727,22630,Undirected,64
22328,22630,Undirected,87
22328,22629,Undirected,119
22629,84997D,Undirected,32
22131,22630,Undirected,37
22131,22629,Undirected,30
21238,22629,Undirected,32
22629,85123A,Undirected,70
22384,22630,Undirected,71
22629,22630,Undirected,467
22690,48194,Undirected,59
22690,48184,Undirected,50
22690,48129,Undirected,33
20726,22630,Undirected,105
20726,22629,Undirected,124
20728,22630,Undirected,71
22502,22630,Undirected,46
22501,22630,Undirected,31
22384,22631,Undirected,40
22551,22631,Undirected,59
22554,22631,Undirected,43
22328,22631,Undirected,60
22326,22631,Undirected,68
21507,22712,Undirected,32
22027,22629,Undirected,32
22027,22630,Undirected,35
21508,22712,Undirected,31
21509,22712,Undirected,39
22630,22712,Undirected,40
21790,22629,Undirected,46
21790,22630,Undirected,42
21791,22629,Undirected,36
21791,22630,Undirected,37
22629,22635,Undirected,56
22629,22634,Undirected,61
22630,22634,Undirected,44
22090,22630,Undirected,30
22556,22630,Undirected,58
22556,22659,Undirected,43
22555,22630,Undirected,49
22555,22659,Undirected,41
21889,22630,Undirected,32
21558,22630,Undirected,51
21558,22659,Undirected,30
21559,22630,Undirected,65
21559,22659,Undirected,60
22367,22630,Undirected,60
22328,22628,Undirected,34
22326,22630,Undirected,110
22326,22659,Undirected,45
22411,22630,Undirected,69
22630,85099B,Undirected,85
22383,22659,Undirected,62
22411,22659,Undirected,61
22659,85099B,Undirected,73
22355,22659,Undirected,31
22158,84836,Undirected,41
22158,22457,Undirected,33
21232,22629,Undirected,31
22090,22629,Undirected,50
22423,22630,Undirected,110
22423,22659,Undirected,84
21977,22630,Undirected,41
21212,22630,Undirected,55
21977,22659,Undirected,38
21212,22659,Undirected,41
22628,POST,Undirected,38
22630,POST,Undirected,108
21034,22630,Undirected,47
21034,22629,Undirected,41
22381,22630,Undirected,30
22379,22630,Undirected,44
22379,22629,Undirected,43
20914,22628,Undirected,38
22629,22631,Undirected,179
20726,22631,Undirected,51
20728,22631,Undirected,45
22382,22631,Undirected,69
22631,85099B,Undirected,39
21929,22630,Undirected,49
22630,85099F,Undirected,31
21928,22630,Undirected,49
21558,22629,Undirected,57
21929,22629,Undirected,46
22629,85099F,Undirected,32
21928,22629,Undirected,50
22629,85099B,Undirected,112
20718,22629,Undirected,32
22692,85123A,Undirected,65
20725,22692,Undirected,30
22692,85099B,Undirected,38
22502,22659,Undirected,36
22139,22659,Undirected,46
22139,22629,Undirected,58
22620,22629,Undirected,31
22620,22630,Undirected,30
21034,22659,Undirected,48
21559,22629,Undirected,72
21559,22631,Undirected,46
22630,82494L,Undirected,34
22630,82482,Undirected,58
22629,82494L,Undirected,30
22629,82482,Undirected,54
22659,82482,Undirected,48
20726,22659,Undirected,51
22492,22629,Undirected,58
22492,22630,Undirected,58
22558,22659,Undirected,37
22558,22630,Undirected,31
22356,22629,Undirected,45
22356,22630,Undirected,38
22352,22659,Undirected,42
22352,22629,Undirected,83
22352,22630,Undirected,67
22352,22631,Undirected,43
20724,22659,Undirected,31
20724,22629,Undirected,72
22355,22629,Undirected,58
22355,22630,Undirected,45
21928,22659,Undirected,32
21936,22659,Undirected,37
21930,22629,Undirected,37
22385,22629,Undirected,85
22411,22629,Undirected,68
21930,22630,Undirected,37
22385,22630,Undirected,69
20728,22659,Undirected,30
21156,22629,Undirected,46
22138,22629,Undirected,53
20713,22629,Undirected,41
22629,85099C,Undirected,48
22386,22629,Undirected,66
22617,22629,Undirected,56
20713,22659,Undirected,31
22386,22659,Undirected,62
22423,22692,Undirected,58
21561,22629,Undirected,35
21561,22630,Undirected,34
22629,POST,Undirected,169
22631,POST,Undirected,86
22555,22629,Undirected,59
22555,22631,Undirected,37
22556,22629,Undirected,73
22556,22631,Undirected,63
22554,22629,Undirected,86
22659,POST,Undirected,48
22197,22659,Undirected,98
21080,22659,Undirected,38
21929,DOT,Undirected,53
22659,84879,Undirected,46
21485,22457,Undirected,44
22502,85099C,Undirected,34
22456,22668,Undirected,30
20713,22630,Undirected,35
22668,85123A,Undirected,44
22469,22668,Undirected,37
22616,22659,Undirected,120
21843,22659,Undirected,33
22630,85099C,Undirected,41
22386,22630,Undirected,65
21843,22629,Undirected,41
20725,22628,Undirected,44
22112,22646,Undirected,33
22489,22629,Undirected,37
20685,22629,Undirected,46
20685,22630,Undirected,30
22659,22713,Undirected,52
22197,22668,Undirected,36
22411,22668,Undirected,38
22666,22667,Undirected,201
22666,82580,Undirected,33
22666,82483,Undirected,45
20754,22667,Undirected,33
22667,82483,Undirected,34
22457,84029E,Undirected,30
22197,22630,Undirected,84
22423,22629,Undirected,122
22197,22629,Undirected,78
22551,22666,Undirected,32
22151,22158,Undirected,38
22151,22666,Undirected,32
22090,22666,Undirected,32
22665,22666,Undirected,140
22665,22667,Undirected,101
22665,85123A,Undirected,50
22469,22665,Undirected,38
22470,22665,Undirected,38
22383,22665,Undirected,40
20725,22665,Undirected,43
20728,22665,Undirected,35
21166,22666,Undirected,43
21232,22666,Undirected,53
21231,22666,Undirected,34
21733,22666,Undirected,42
22666,85123A,Undirected,120
22469,22666,Undirected,89
22470,22666,Undirected,74
22383,22666,Undirected,69
20727,22666,Undirected,53
20725,22666,Undirected,87
20728,22666,Undirected,55
21232,22667,Undirected,51
21231,22667,Undirected,37
21733,22667,Undirected,30
22667,85123A,Undirected,88
22469,22667,Undirected,53
22470,22667,Undirected,54
22383,22667,Undirected,35
20727,22667,Undirected,50
20725,22667,Undirected,67
20728,22667,Undirected,35
22666,82484,Undirected,42
22667,82484,Undirected,35
21533,22667,Undirected,42
21531,22667,Undirected,34
20914,22665,Undirected,32
20914,22666,Undirected,92
20914,22667,Undirected,81
22154,22158,Undirected,44
22153,22158,Undirected,37
22153,22154,Undirected,54
22423,22668,Undirected,50
21080,22630,Undirected,38
22630,84992,Undirected,32
20719,22629,Undirected,70
22551,22629,Undirected,142
21731,22629,Undirected,72
21731,22631,Undirected,31
22090,22669,Undirected,31
22668,82580,Undirected,30
22668,85099B,Undirected,54
22668,22669,Undirected,116
22668,47590B,Undirected,46
22045,22708,Undirected,44
22120,22423,Undirected,33
22627,22666,Undirected,32
22382,22665,Undirected,35
22665,85099B,Undirected,42
22386,22665,Undirected,34
22382,22667,Undirected,34
22384,22667,Undirected,47
22667,85099B,Undirected,64
22386,22667,Undirected,47
22382,22666,Undirected,53
22384,22666,Undirected,67
21034,22666,Undirected,51
22666,85099B,Undirected,82
22386,22666,Undirected,40
22173,22666,Undirected,30
22045,22629,Undirected,51
22045,22630,Undirected,31
20750,22629,Undirected,46
20750,22630,Undirected,32
22502,22666,Undirected,35
22625,22666,Undirected,52
22625,22667,Undirected,32
22138,22666,Undirected,63
21430,22383,Undirected,36
21430,22384,Undirected,32
21430,22386,Undirected,84
21430,82484,Undirected,31
21430,22457,Undirected,35
22692,48184,Undirected,49
20728,82484,Undirected,30
21559,22666,Undirected,30
22121,22470,Undirected,44
22668,84879,Undirected,33
21754,22667,Undirected,36
21217,22667,Undirected,37
21843,22667,Undirected,62
21218,22667,Undirected,39
21977,22667,Undirected,33
21430,22469,Undirected,35
21430,22470,Undirected,37
22666,82600,Undirected,34
22624,22666,Undirected,73
22666,85099C,Undirected,40
22666,82486,Undirected,42
22666,85099F,Undirected,37
20726,22666,Undirected,49
22666,84879,Undirected,72
22457,22667,Undirected,33
22090,22667,Undirected,32
22027,22715,Undirected,31
20685,22666,Undirected,31
22666,48194,Undirected,34
22197,22666,Undirected,85
22197,22665,Undirected,31
22086,22470,Undirected,69
22086,22563,Undirected,31
22666,84978,Undirected,33
22173,22507,Undirected,33
22429,22666,Undirected,32
21790,22666,Undirected,38
22090,22668,Undirected,43
21080,22667,Undirected,56
21080,22666,Undirected,35
21931,22667,Undirected,33
21212,22667,Undirected,80
22423,22669,Undirected,30
22469,22669,Undirected,31
21430,22423,Undirected,55
22692,48194,Undirected,53
22457,22666,Undirected,66
22417,22629,Undirected,46
22417,22630,Undirected,35
20724,22667,Undirected,36
21210,22667,Undirected,41
21535,22667,Undirected,43
22348,22667,Undirected,38
22667,84991,Undirected,44
22197,22631,Undirected,35
21731,22659,Undirected,57
20711,22659,Undirected,33
22616,22629,Undirected,37
20711,22629,Undirected,38
22423,22667,Undirected,66
22423,22666,Undirected,161
21216,22666,Undirected,30
22666,84836,Undirected,38
22666,84991,Undirected,67
21527,22667,Undirected,32
21754,22666,Undirected,68
21535,22666,Undirected,33
22348,22666,Undirected,31
22666,47591D,Undirected,38
21754,22158,Undirected,34
21755,22158,Undirected,30
21931,22668,Undirected,41
22386,22668,Undirected,44
22457,82482,Undirected,107
22423,22665,Undirected,53
21430,22667,Undirected,31
22551,22659,Undirected,49
22551,22630,Undirected,94
22178,22666,Undirected,44
22666,71459,Undirected,31
22507,22666,Undirected,44
21621,22666,Undirected,30
22423,84030E,Undirected,40
21035,22630,Undirected,32
22630,84879,Undirected,50
22595,22596,Undirected,36
22600,22602,Undirected,115
22602,22603,Undirected,85
22595,22602,Undirected,74
22593,22602,Undirected,38
22600,22603,Undirected,111
22595,22600,Undirected,48
22593,22600,Undirected,40
22595,22603,Undirected,32
22593,22603,Undirected,31
22593,22595,Undirected,154
22130,22595,Undirected,48
22588,22595,Undirected,33
22130,22593,Undirected,39
22588,22589,Undirected,58
22573,22581,Undirected,35
22573,22579,Undirected,44
22573,22578,Undirected,68
22573,22577,Undirected,65
22573,22601,Undirected,40
22573,22600,Undirected,37
22573,22595,Undirected,45
22573,22594,Undirected,45
22573,22593,Undirected,47
22573,22576,Undirected,81
22573,22574,Undirected,131
22579,22581,Undirected,74
22578,22581,Undirected,89
22577,22581,Undirected,82
22581,22603,Undirected,37
22581,22602,Undirected,34
22581,22601,Undirected,40
22581,22600,Undirected,39
22581,22595,Undirected,37
22581,22594,Undirected,35
22581,22593,Undirected,37
22574,22581,Undirected,34
22578,22579,Undirected,224
22577,22579,Undirected,193
22579,22602,Undirected,37
22579,22601,Undirected,41
22579,22600,Undirected,39
22579,22595,Undirected,54
22579,22594,Undirected,46
22579,22593,Undirected,39
22574,22579,Undirected,45
22577,22578,Undirected,307
22578,22603,Undirected,42
22578,22602,Undirected,54
22578,22601,Undirected,52
22578,22600,Undirected,57
22578,22595,Undirected,80
22578,22594,Undirected,57
22578,22593,Undirected,59
22576,22578,Undirected,45
22574,22578,Undirected,64
22577,22603,Undirected,44
22577,22602,Undirected,71
22577,22601,Undirected,55
22577,22600,Undirected,65
22577,22595,Undirected,108
22577,22594,Undirected,58
22577,22593,Undirected,62
21818,22577,Undirected,30
22576,22577,Undirected,44
22574,22577,Undirected,77
22601,22603,Undirected,88
22594,22603,Undirected,32
22601,22602,Undirected,66
22594,22602,Undirected,36
22574,22602,Undirected,35
22600,22601,Undirected,88
22595,22601,Undirected,42
22594,22601,Undirected,41
22593,22601,Undirected,35
22576,22601,Undirected,36
22574,22601,Undirected,39
22594,22600,Undirected,33
22574,22600,Undirected,38
22594,22595,Undirected,148
22576,22595,Undirected,34
22574,22595,Undirected,63
22593,22594,Undirected,140
22130,22594,Undirected,38
22576,22594,Undirected,31
22574,22594,Undirected,53
22576,22593,Undirected,31
22574,22593,Undirected,47
22574,22576,Undirected,76
22557,22630,Undirected,32
22616,22630,Undirected,30
22561,22629,Undirected,33
22595,84836,Undirected,54
22507,22667,Undirected,35
22639,22642,Undirected,46
22554,22630,Undirected,62
22602,85123A,Undirected,54
22575,85123A,Undirected,41
22469,22602,Undirected,36
22158,22595,Undirected,39
22667,85099F,Undirected,30
22411,22667,Undirected,36
22470,22600,Undirected,34
22086,22505,Undirected,34
22090,22662,Undirected,30
22086,22617,Undirected,39
22617,22662,Undirected,30
22617,22630,Undirected,44
22384,22661,Undirected,61
22384,22662,Undirected,203
22384,22663,Undirected,61
21932,22662,Undirected,33
22086,22667,Undirected,34
22086,22489,Undirected,32
22086,22560,Undirected,38
22086,22630,Undirected,33
22086,22629,Undirected,31
21218,22630,Undirected,34
21218,22629,Undirected,35
21936,22662,Undirected,45
22661,22662,Undirected,100
22661,22663,Undirected,78
22630,22661,Undirected,64
22629,22661,Undirected,51
22630,22667,Undirected,32
22629,22667,Undirected,38
22662,22663,Undirected,112
22326,22662,Undirected,41
22328,22662,Undirected,32
22630,22662,Undirected,112
22629,22662,Undirected,106
22554,22662,Undirected,37
22551,22662,Undirected,46
22138,22662,Undirected,31
22630,22663,Undirected,68
22629,22663,Undirected,51
22551,22663,Undirected,31
22560,22629,Undirected,31
22138,22630,Undirected,42
22156,22457,Undirected,33
22575,84879,Undirected,30
22367,22629,Undirected,84
21156,22630,Undirected,30
20719,22630,Undirected,57
20723,22630,Undirected,40
20723,22629,Undirected,44
20711,22630,Undirected,34
21731,22630,Undirected,56
22029,22630,Undirected,48
22029,22629,Undirected,74
22037,22629,Undirected,38
22588,85123A,Undirected,68
21733,22588,Undirected,31
22470,22588,Undirected,58
22469,22588,Undirected,50
21154,22667,Undirected,33
21156,22667,Undirected,30
21754,22665,Undirected,30
22654,85123A,Undirected,44
21430,22501,Undirected,31
22411,22666,Undirected,51
22652,22666,Undirected,64
22666,48138,Undirected,30
21931,22666,Undirected,38
22149,22666,Undirected,43
22147,22666,Undirected,33
22557,22652,Undirected,59
22423,22652,Undirected,72
22621,22652,Undirected,32
22555,22652,Undirected,39
22551,22652,Undirected,33
22554,22652,Undirected,39
21931,22652,Undirected,32
22149,22652,Undirected,44
21754,22652,Undirected,38
22469,22580,Undirected,30
22469,85049E,Undirected,30
22666,48187,Undirected,38
21524,22666,Undirected,32
22659,22666,Undirected,30
21928,22661,Undirected,40
21930,22661,Undirected,33
22385,22661,Undirected,53
22411,22661,Undirected,47
22386,22661,Undirected,64
20724,22661,Undirected,184
21929,22661,Undirected,36
21928,22663,Undirected,110
21930,22663,Undirected,94
22385,22663,Undirected,146
22411,22663,Undirected,128
22386,22663,Undirected,152
20711,22663,Undirected,76
20724,22663,Undirected,59
21929,22663,Undirected,104
22667,85066,Undirected,31
22470,22602,Undirected,40
22158,22602,Undirected,34
22629,48187,Undirected,31
22630,22666,Undirected,50
22629,22666,Undirected,56
22424,22666,Undirected,37
22139,22662,Undirected,39
22382,22663,Undirected,74
22382,22661,Undirected,84
22382,22662,Undirected,312
20726,22663,Undirected,47
20726,22661,Undirected,53
20726,22662,Undirected,198
20725,22663,Undirected,97
20725,22661,Undirected,83
20725,22662,Undirected,271
20723,22663,Undirected,50
20723,22661,Undirected,135
20723,22662,Undirected,60
22663,85099F,Undirected,99
22661,85099F,Undirected,55
22662,85099F,Undirected,67
21928,22662,Undirected,74
22386,22662,Undirected,98
21930,22662,Undirected,63
21929,22662,Undirected,52
22663,85099C,Undirected,89
20727,22663,Undirected,77
22355,22663,Undirected,57
22383,22663,Undirected,77
22356,22663,Undirected,42
20719,22663,Undirected,45
22661,85099C,Undirected,41
22662,85099C,Undirected,49
20727,22661,Undirected,81
20727,22662,Undirected,226
22355,22661,Undirected,168
22383,22661,Undirected,83
22356,22661,Undirected,140
20719,22661,Undirected,140
21232,22661,Undirected,34
22355,22662,Undirected,71
22383,22662,Undirected,261
20724,22662,Undirected,77
22356,22662,Undirected,57
20719,22662,Undirected,56
22470,22662,Undirected,35
22469,22662,Undirected,39
22659,22662,Undirected,36
21218,22502,Undirected,30
22469,84029E,Undirected,30
21217,DOT,Undirected,34
22457,DOT,Undirected,36
22659,DOT,Undirected,65
48194,DOT,Undirected,38
22669,85123A,Undirected,46
22457,22668,Undirected,42
22457,82483,Undirected,40
82600,DOT,Undirected,45
22423,22631,Undirected,40
22150,22652,Undirected,35
20713,22663,Undirected,77
22668,DOT,Undirected,57
22595,82482,Undirected,32
22457,22595,Undirected,60
22595,85123A,Undirected,83
22595,82494L,Undirected,32
22595,84879,Undirected,59
20728,22662,Undirected,225
22380,22663,Undirected,32
22379,22663,Undirected,46
20728,22663,Undirected,67
22367,22662,Undirected,45
21559,22662,Undirected,31
22662,84991,Undirected,33
21212,22662,Undirected,44
20718,22662,Undirected,30
22380,22662,Undirected,43
22381,22662,Undirected,36
22379,22662,Undirected,47
22631,22662,Undirected,30
22652,POST,Undirected,32
22661,POST,Undirected,51
22663,22664,Undirected,35
22653,22654,Undirected,51
22652,22654,Undirected,100
22652,22653,Undirected,56
22630,22652,Undirected,33
22629,22652,Undirected,33
22380,22664,Undirected,79
22470,22596,Undirected,44
22469,22596,Undirected,36
21430,22411,Undirected,64
21430,22379,Undirected,30
21430,22666,Undirected,48
20728,22661,Undirected,65
22379,22661,Undirected,31
22411,22662,Undirected,72
22662,22664,Undirected,38
22662,22666,Undirected,37
22379,22664,Undirected,54
21498,22630,Undirected,30
21498,22629,Undirected,36
22629,84879,Undirected,50
22418,22629,Undirected,43
22197,22667,Undirected,67
20685,22667,Undirected,30
22961,22963,Undirected,65
22961,85123A,Undirected,68
21915,22630,Undirected,44
22661,85099B,Undirected,93
22662,85099B,Undirected,129
22663,85099B,Undirected,176
20724,22666,Undirected,35
21915,22629,Undirected,47
22596,84879,Undirected,36
22596,85123A,Undirected,37
22585,22654,Undirected,30
22470,22575,Undirected,31
22119,22470,Undirected,32
22158,22575,Undirected,71
22121,22158,Undirected,32
22469,22595,Undirected,72
22470,22595,Undirected,60
22597,22599,Undirected,49
21430,22507,Undirected,35
22197,22662,Undirected,38
22577,22580,Undirected,30
21801,21802,Undirected,31
22577,84836,Undirected,42
22571,22572,Undirected,106
22571,22574,Undirected,51
22571,22577,Undirected,58
22571,22595,Undirected,48
22572,22574,Undirected,31
22572,22577,Undirected,39
22470,35400,Undirected,37
22652,85099B,Undirected,56
22197,22652,Undirected,34
22666,84946,Undirected,35
22158,22577,Undirected,36
22158,22596,Undirected,31
22158,84347,Undirected,30
22577,22596,Undirected,30
21733,22577,Undirected,39
22597,22598,Undirected,36
22598,22599,Undirected,36
21733,22595,Undirected,38
22662,84879,Undirected,42
21558,22662,Undirected,31
22423,22663,Undirected,40
22423,22661,Undirected,37
22423,22662,Undirected,59
22571,22601,Undirected,32
22577,35970,Undirected,50
22469,22577,Undirected,59
22577,85099B,Undirected,38
21824,22577,Undirected,33
22572,22578,Undirected,33
22571,22578,Undirected,50
22578,22596,Undirected,32
22578,35970,Undirected,56
22469,22578,Undirected,54
22578,85099B,Undirected,39
21824,22578,Undirected,30
22571,22579,Undirected,35
22579,35970,Undirected,32
22469,22579,Undirected,46
22572,22573,Undirected,35
22571,22573,Undirected,42
22573,35970,Undirected,33
22574,35970,Undirected,34
22571,22576,Undirected,34
22571,22593,Undirected,42
22571,22594,Undirected,41
22571,22600,Undirected,31
22596,35970,Undirected,32
22593,35970,Undirected,38
22594,35970,Undirected,37
22595,35970,Undirected,43
20711,22662,Undirected,35
22664,85099B,Undirected,43
22595,85099B,Undirected,33
22077,22595,Undirected,33
22577,85123A,Undirected,73
22077,22666,Undirected,50
21977,22666,Undirected,66
22077,22652,Undirected,49
21790,22652,Undirected,40
21977,22652,Undirected,43
22111,22158,Undirected,31
22604,22639,Undirected,60
22604,22642,Undirected,33
22652,85123A,Undirected,69
22652,84879,Undirected,39
22086,22603,Undirected,38
22086,22602,Undirected,40
22086,22600,Undirected,46
22086,22594,Undirected,38
22086,22595,Undirected,51
22086,22593,Undirected,42
22086,22577,Undirected,83
22086,22578,Undirected,80
22086,22581,Undirected,34
22086,22592,Undirected,35
22423,22654,Undirected,56
22654,22666,Undirected,45
22666,85152,Undirected,33
22652,22665,Undirected,41
21931,22662,Undirected,95
22158,82484,Undirected,36
22624,22667,Undirected,41
22173,22624,Undirected,30
20914,22652,Undirected,38
21481,22629,Undirected,33
21731,22661,Undirected,30
22077,22629,Undirected,36
22602,84836,Undirected,38
21914,22630,Undirected,38
22086,22619,Undirected,35
22666,84987,Undirected,42
21210,22666,Undirected,40
21974,22666,Undirected,30
21212,22652,Undirected,51
21212,22665,Undirected,31
21212,22666,Undirected,88
21977,22665,Undirected,35
22652,84991,Undirected,44
22197,22654,Undirected,31
22652,22667,Undirected,30
22114,22667,Undirected,33
22112,22667,Undirected,34
22585,22652,Undirected,37
22086,22652,Undirected,40
22112,22652,Undirected,32
22086,22654,Undirected,35
22086,22666,Undirected,53
22114,22666,Undirected,49
22112,22666,Undirected,54
22086,22621,Undirected,35
22086,22620,Undirected,41
21843,22666,Undirected,38
21217,22666,Undirected,34
22617,22666,Undirected,46
21755,22666,Undirected,45
22666,82482,Undirected,57
21034,22588,Undirected,31
21080,22629,Undirected,40
22692,84879,Undirected,44
22423,22694,Undirected,43
22694,82494L,Undirected,42
22588,84836,Undirected,31
22588,84879,Undirected,39
22457,22588,Undirected,45
21931,22663,Undirected,154
22666,85066,Undirected,41
22077,22654,Undirected,34
22651,85178,Undirected,31
22029,22708,Undirected,32
22469,22694,Undirected,154
22470,22694,Undirected,245
21733,22694,Undirected,67
21080,22662,Undirected,34
20726,22652,Undirected,34
22384,22652,Undirected,31
20725,22652,Undirected,41
20972,22652,Undirected,40
21889,22629,Undirected,37
22630,DOT,Undirected,59
22456,DOT,Undirected,49
22139,22666,Undirected,43
22381,22664,Undirected,43
21430,22502,Undirected,38
22635,22662,Undirected,30
22456,22666,Undirected,31
22694,84879,Undirected,67
21755,22694,Undirected,39
21754,22694,Undirected,44
22296,22694,Undirected,36
22694,85123A,Undirected,124
21790,22662,Undirected,34
22630,47566,Undirected,45
22667,47566,Undirected,37
22666,47566,Undirected,61
22662,84997D,Undirected,32
21035,22629,Undirected,38
22629,DOT,Undirected,52
22138,22578,Undirected,32
22577,84946,Undirected,33
22469,22696,Undirected,52
22470,22696,Undirected,54
22666,82494L,Undirected,49
22121,22694,Undirected,37
22694,84970S,Undirected,32
22662,85123A,Undirected,63
22111,22470,Undirected,72
22111,22469,Undirected,41
22111,22666,Undirected,43
22568,22652,Undirected,30
22138,22654,Undirected,30
21098,22197,Undirected,30
22694,85099B,Undirected,36
21034,21098,Undirected,36
22694,22696,Undirected,55
22158,22694,Undirected,63
21034,22694,Undirected,53
22578,84836,Undirected,31
22470,22577,Undirected,55
22578,85123A,Undirected,50
22470,22578,Undirected,44
22571,85123A,Undirected,38
22556,22652,Undirected,46
22470,22695,Undirected,37
22469,22695,Undirected,48
22082,22694,Undirected,33
22596,22694,Undirected,34
22385,22662,Undirected,85
21931,22661,Undirected,70
22661,85123A,Undirected,49
22595,84946,Undirected,30
21430,22630,Undirected,33
21033,22663,Undirected,31
22197,22661,Undirected,35
22197,22663,Undirected,34
22189,22588,Undirected,44
22158,85048,Undirected,34
22694,84836,Undirected,50
20914,22662,Undirected,45
22386,22652,Undirected,31
22595,84832,Undirected,30
22158,84949,Undirected,33
22663,85123A,Undirected,33
22659,47566,Undirected,42
21035,22659,Undirected,34
22755,22758,Undirected,50
22752,22758,Undirected,42
22752,22755,Undirected,52
22753,22755,Undirected,92
22754,22755,Undirected,118
22753,22754,Undirected,103
22759,85123A,Undirected,68
22759,84879,Undirected,40
22158,84879,Undirected,58
22578,82494L,Undirected,31
22574,85123A,Undirected,33
22086,22574,Undirected,48
22573,85123A,Undirected,31
22086,22573,Undirected,55
22579,85123A,Undirected,30
22086,22579,Undirected,53
22086,22576,Undirected,35
22086,22580,Undirected,43
20725,22759,Undirected,39
22086,22596,Undirected,31
22630,22752,Undirected,38
22752,22757,Undirected,36
22752,22754,Undirected,50
22752,22753,Undirected,37
22756,22757,Undirected,59
22757,22758,Undirected,67
22754,22757,Undirected,52
22753,22757,Undirected,44
22755,22757,Undirected,49
22756,22758,Undirected,63
22754,22756,Undirected,38
22753,22756,Undirected,40
22755,22756,Undirected,40
22754,22758,Undirected,51
22753,22758,Undirected,39
22158,22592,Undirected,32
22662,POST,Undirected,34
22694,82482,Undirected,36
21485,22652,Undirected,30
22367,22666,Undirected,31
21080,21430,Undirected,33
22139,22595,Undirected,39
22155,22158,Undirected,33
22086,22759,Undirected,35
22743,22744,Undirected,60
22742,22743,Undirected,35
20971,22666,Undirected,35
22352,22662,Undirected,32
21232,22699,Undirected,38
22698,22699,Undirected,485
22697,22699,Undirected,611
22197,22699,Undirected,63
22697,22698,Undirected,520
22197,22698,Undirected,47
22197,22697,Undirected,53
21034,79321,Undirected,32
22699,82484,Undirected,35
22470,22699,Undirected,34
22625,22699,Undirected,35
22627,22699,Undirected,39
21755,22699,Undirected,34
22423,22699,Undirected,466
22699,82486,Undirected,40
22383,22752,Undirected,34
22752,85123A,Undirected,51
22139,22759,Undirected,44
22139,22752,Undirected,39
22578,84879,Undirected,56
22579,84879,Undirected,36
22652,82600,Undirected,30
22457,22652,Undirected,33
22086,22158,Undirected,80
22695,22696,Undirected,63
20725,22694,Undirected,34
20727,22694,Undirected,33
20685,22752,Undirected,32
22752,POST,Undirected,37
22111,22667,Undirected,33
35970,84879,Undirected,43
22696,85123A,Undirected,35
22585,22752,Undirected,39
21931,22697,Undirected,35
21931,22699,Undirected,45
22585,22759,Undirected,42
21034,22759,Undirected,30
21175,22652,Undirected,33
21181,22652,Undirected,39
21181,22667,Undirected,31
22086,22367,Undirected,35
22411,22752,Undirected,37
21931,22752,Undirected,35
22680,22681,Undirected,89
22677,22680,Undirected,103
22678,22680,Undirected,94
22679,22680,Undirected,97
22680,22682,Undirected,88
22680,22683,Undirected,87
22680,22684,Undirected,78
22680,22685,Undirected,82
22680,22686,Undirected,58
22676,22680,Undirected,105
22677,22681,Undirected,93
22678,22681,Undirected,81
22679,22681,Undirected,86
22681,22682,Undirected,75
22681,22683,Undirected,75
22681,22684,Undirected,70
22681,22685,Undirected,79
22681,22686,Undirected,58
22676,22681,Undirected,87
22670,85123A,Undirected,33
22672,85123A,Undirected,40
22677,22678,Undirected,106
22677,22679,Undirected,102
22677,22682,Undirected,89
22677,22683,Undirected,85
22677,22684,Undirected,74
22677,22685,Undirected,90
22677,22686,Undirected,61
22676,22677,Undirected,120
22678,22679,Undirected,89
22678,22682,Undirected,89
22678,22683,Undirected,86
22678,22684,Undirected,75
22678,22685,Undirected,86
22678,22686,Undirected,59
22676,22678,Undirected,105
22679,22682,Undirected,87
22679,22683,Undirected,88
22679,22684,Undirected,79
22679,22685,Undirected,88
22679,22686,Undirected,58
22676,22679,Undirected,100
22682,22683,Undirected,84
22682,22684,Undirected,77
22682,22685,Undirected,79
22682,22686,Undirected,51
22676,22682,Undirected,90
22683,22684,Undirected,76
22683,22685,Undirected,80
22683,22686,Undirected,49
22676,22683,Undirected,87
22684,22685,Undirected,71
22684,22686,Undirected,50
22676,22684,Undirected,80
22685,22686,Undirected,52
22676,22685,Undirected,92
22676,22686,Undirected,63
22670,22671,Undirected,42
22670,22672,Undirected,76
22670,22674,Undirected,60
22670,22675,Undirected,44
22671,22672,Undirected,63
22671,22673,Undirected,33
22671,22674,Undirected,48
22671,22675,Undirected,54
22672,22673,Undirected,46
22672,22674,Undirected,97
22672,22675,Undirected,95
22673,22674,Undirected,41
22673,22675,Undirected,54
22674,22675,Undirected,71
22423,22670,Undirected,30
22423,22672,Undirected,39
21181,22625,Undirected,40
21914,22629,Undirected,37
22158,22578,Undirected,32
21181,22694,Undirected,39
21181,22672,Undirected,35
21181,22670,Undirected,33
22629,22752,Undirected,35
21175,22666,Undirected,44
22423,22595,Undirected,49
21430,22629,Undirected,31
22086,82484,Undirected,35
22699,84879,Undirected,107
22698,84879,Undirected,76
22697,84879,Undirected,95
22423,22698,Undirected,338
22423,22697,Undirected,417
22077,22699,Undirected,30
22077,22697,Undirected,31
22699,DOT,Undirected,38
22629,22699,Undirected,60
22630,22699,Undirected,44
22457,22577,Undirected,31
22630,22697,Undirected,37
22470,22579,Undirected,31
21080,22851,Undirected,71
21212,22851,Undirected,47
22139,22697,Undirected,38
21212,22697,Undirected,46
22383,22699,Undirected,41
22383,22698,Undirected,33
22383,22697,Undirected,40
21754,22699,Undirected,42
21754,22697,Undirected,38
22659,22699,Undirected,31
22411,22699,Undirected,46
22411,22698,Undirected,33
22411,22697,Undirected,39
22386,22699,Undirected,43
22386,22697,Undirected,32
20725,22699,Undirected,54
20725,22698,Undirected,38
20725,22697,Undirected,39
22851,85123A,Undirected,51
21078,22851,Undirected,44
22580,POST,Undirected,30
84347,84879,Undirected,30
22571,84879,Undirected,38
22666,82583,Undirected,35
22699,85123A,Undirected,101
21212,22759,Undirected,44
22457,22596,Undirected,34
22699,48138,Undirected,34
21843,22699,Undirected,43
22697,48138,Undirected,35
21843,22697,Undirected,41
22139,22699,Undirected,44
22699,85066,Undirected,33
21212,22699,Undirected,58
22072,22699,Undirected,33
20914,22699,Undirected,34
21181,22666,Undirected,51
22086,22383,Undirected,43
22851,47591D,Undirected,34
22423,22759,Undirected,37
21166,22699,Undirected,34
21166,22697,Undirected,32
22659,22752,Undirected,32
21181,22659,Undirected,30
22629,22697,Undirected,45
22629,22698,Undirected,33
22694,84946,Undirected,35
22694,22695,Undirected,41
22694,35400,Undirected,35
21232,22851,Undirected,52
15056BL,22697,Undirected,36
15056BL,22698,Undirected,31
15056BL,22699,Undirected,38
15056N,22697,Undirected,39
15056N,22698,Undirected,34
15056N,22699,Undirected,37
21314,22697,Undirected,46
21314,22698,Undirected,36
21314,22699,Undirected,55
21181,22502,Undirected,38
22697,85123A,Undirected,84
21181,22699,Undirected,36
21181,22697,Undirected,31
22595,22694,Undirected,39
22577,22694,Undirected,35
22602,22694,Undirected,31
22600,22694,Undirected,35
22178,22694,Undirected,36
22470,22697,Undirected,33
22697,84946,Undirected,36
22178,22697,Undirected,52
20914,22851,Undirected,33
22423,22752,Undirected,65
22674,82580,Undirected,31
22672,82580,Undirected,32
22674,82581,Undirected,30
21871,22699,Undirected,33
22111,22697,Undirected,30
22383,22664,Undirected,30
22578,22694,Undirected,35
22111,22694,Undirected,45
21484,22457,Undirected,31
22423,22851,Undirected,41
22666,22699,Undirected,71
22666,22698,Undirected,40
22666,22697,Undirected,48
21790,22699,Undirected,38
22111,22699,Undirected,30
22697,82484,Undirected,30
22698,85123A,Undirected,69
22469,22697,Undirected,31
20975,22759,Undirected,32
22624,22699,Undirected,54
22624,22698,Undirected,36
21843,22698,Undirected,34
22697,82486,Undirected,35
22178,22698,Undirected,40
22178,22699,Undirected,56
21733,22699,Undirected,34
22851,84987,Undirected,34
21481,21914,Undirected,31
22501,22699,Undirected,34
21485,22624,Undirected,40
22699,84970S,Undirected,30
21485,22158,Undirected,37
20712,22661,Undirected,40
20712,22663,Undirected,82
84347,85099B,Undirected,37
21181,22158,Undirected,32
22694,35970,Undirected,34
21790,22697,Undirected,31
22197,22851,Undirected,31
22752,85099B,Undirected,32
21485,22666,Undirected,36
21754,22759,Undirected,35
22624,22697,Undirected,45
21974,22698,Undirected,31
21974,22699,Undirected,32
22652,22697,Undirected,30
22652,22698,Undirected,30
22652,22699,Undirected,33
22112,22694,Undirected,50
22271,22749,Undirected,93
22271,22750,Undirected,76
22271,22751,Undirected,54
22273,22749,Undirected,104
22273,22750,Undirected,89
22273,22751,Undirected,64
22274,22749,Undirected,75
22274,22750,Undirected,74
22274,22751,Undirected,62
16161P,22986,Undirected,34
22568,22749,Undirected,90
22568,22750,Undirected,83
22568,22751,Undirected,58
22570,22749,Undirected,71
22570,22750,Undirected,69
22570,22751,Undirected,53
22569,22749,Undirected,76
22569,22750,Undirected,74
22569,22751,Undirected,53
22749,22750,Undirected,268
22749,22751,Undirected,188
22749,85123A,Undirected,50
22750,22751,Undirected,188
22750,85123A,Undirected,37
20972,22749,Undirected,125
22147,22749,Undirected,89
22086,22749,Undirected,45
22423,22749,Undirected,47
20972,22751,Undirected,76
22147,22751,Undirected,55
21034,22752,Undirected,30
22625,22697,Undirected,33
22851,84991,Undirected,67
21977,22851,Undirected,31
21034,22750,Undirected,32
21034,22940,Undirected,45
22750,22940,Undirected,101
22457,22697,Undirected,34
22666,84378,Undirected,63
22139,22578,Undirected,30
22139,22577,Undirected,32
22111,22652,Undirected,33
22698,84991,Undirected,34
21977,22698,Undirected,36
22697,84991,Undirected,40
21977,22697,Undirected,47
22699,84991,Undirected,50
21977,22699,Undirected,56
22699,85099B,Undirected,66
22759,85099B,Undirected,46
20712,22662,Undirected,41
20713,22662,Undirected,42
21535,22697,Undirected,30
21535,22699,Undirected,37
22699,84378,Undirected,31
20971,22940,Undirected,62
20971,22750,Undirected,91
22271,22940,Undirected,46
22274,22940,Undirected,40
20972,22940,Undirected,64
20972,22750,Undirected,105
20725,22750,Undirected,37
20725,22749,Undirected,43
20969,22750,Undirected,61
20970,22750,Undirected,58
20969,22751,Undirected,44
20970,22751,Undirected,39
20969,22749,Undirected,67
20970,22749,Undirected,70
20972,22666,Undirected,45
20727,22749,Undirected,33
20728,22749,Undirected,31
22383,22749,Undirected,41
21485,22865,Undirected,78
21485,22866,Undirected,90
22386,22865,Undirected,35
22386,22866,Undirected,30
22411,22865,Undirected,42
22411,22866,Undirected,31
22865,85123A,Undirected,90
22866,85123A,Undirected,95
21754,22865,Undirected,36
21754,22866,Undirected,40
22111,22865,Undirected,137
22111,22866,Undirected,185
22865,22866,Undirected,355
22602,84879,Undirected,32
22666,22866,Undirected,32
22666,22865,Undirected,41
22666,22867,Undirected,42
22553,22866,Undirected,32
22553,22865,Undirected,32
22553,22867,Undirected,32
22551,22865,Undirected,30
22551,22867,Undirected,34
21791,22865,Undirected,31
22866,22867,Undirected,297
22382,22866,Undirected,30
22149,22866,Undirected,33
22865,22867,Undirected,343
22570,22865,Undirected,37
22569,22865,Undirected,32
22568,22865,Undirected,37
22382,22865,Undirected,35
22149,22865,Undirected,40
22570,22867,Undirected,33
22569,22867,Undirected,30
22568,22867,Undirected,33
22382,22867,Undirected,36
22698,85099B,Undirected,39
22697,85099B,Undirected,48
22113,22470,Undirected,65
22470,22867,Undirected,52
22470,84029G,Undirected,37
22834,22867,Undirected,113
22867,84879,Undirected,64
22114,22867,Undirected,97
22867,84029E,Undirected,53
22867,84029G,Undirected,37
22867,85099B,Undirected,51
21928,22867,Undirected,31
21931,22867,Undirected,40
22411,22867,Undirected,36
22114,22834,Undirected,32
22834,85099B,Undirected,34
21931,22834,Undirected,35
21754,22835,Undirected,33
22111,22835,Undirected,172
21485,22835,Undirected,134
22114,22835,Undirected,258
22114,22866,Undirected,106
22113,22835,Undirected,114
22113,82484,Undirected,33
22077,22113,Undirected,42
22113,22866,Undirected,64
21175,22835,Undirected,43
21181,22835,Undirected,77
21733,22835,Undirected,44
22835,22866,Undirected,91
21181,22866,Undirected,45
21733,22866,Undirected,43
22834,22865,Undirected,121
22865,22940,Undirected,43
22749,22865,Undirected,45
22751,22865,Undirected,31
22752,22865,Undirected,32
22750,22865,Undirected,42
22867,22940,Undirected,36
22752,22867,Undirected,33
22834,22866,Undirected,120
22866,22940,Undirected,36
22749,22866,Undirected,37
22750,22866,Undirected,33
22752,22834,Undirected,30
22652,22749,Undirected,31
22654,22749,Undirected,33
22749,22940,Undirected,106
22751,22940,Undirected,87
21166,DOT,Undirected,30
22697,DOT,Undirected,33
85099C,DOT,Undirected,61
21930,DOT,Undirected,37
22940,85123A,Undirected,33
22147,22940,Undirected,48
22273,22940,Undirected,60
20971,22749,Undirected,93
20971,22751,Undirected,52
21034,22749,Undirected,30
22697,82482,Undirected,61
22698,82482,Undirected,46
22699,82482,Undirected,67
22699,82600,Undirected,30
21877,22697,Undirected,30
21877,22699,Undirected,39
21531,22699,Undirected,31
20712,22659,Undirected,35
20712,22630,Undirected,51
22470,22835,Undirected,45
21484,22835,Undirected,47
22112,22835,Undirected,374
22835,85123A,Undirected,93
22835,85150,Undirected,37
22835,85152,Undirected,33
22835,48138,Undirected,30
22694,22835,Undirected,34
22086,22752,Undirected,36
22086,22940,Undirected,73
22139,22749,Undirected,36
21790,22749,Undirected,38
22569,22940,Undirected,41
22570,22940,Undirected,45
20969,22940,Undirected,36
22865,85048,Undirected,31
22867,85048,Undirected,34
21485,22867,Undirected,70
22111,22867,Undirected,106
22138,22865,Undirected,32
22652,84378,Undirected,32
21212,22865,Undirected,30
21212,22867,Undirected,31
22150,22940,Undirected,39
22150,22750,Undirected,61
22150,22751,Undirected,44
22150,22749,Undirected,71
22149,22940,Undirected,41
22149,22750,Undirected,71
22149,22751,Undirected,52
22149,22749,Undirected,83
22147,22750,Undirected,75
22750,85099B,Undirected,33
22749,85099B,Undirected,37
22114,22694,Undirected,31
20970,22940,Undirected,45
22077,22759,Undirected,34
22457,22694,Undirected,48
22457,22759,Undirected,35
22470,22759,Undirected,32
20712,22629,Undirected,52
22470,22855,Undirected,46
22112,22749,Undirected,32
22158,22867,Undirected,31
21232,22866,Undirected,35
21754,22867,Undirected,31
22667,22865,Undirected,39
21232,22865,Undirected,33
21484,22865,Undirected,56
21484,22866,Undirected,50
21484,22867,Undirected,69
22835,22865,Undirected,95
22835,22867,Undirected,78
22112,22865,Undirected,135
22112,22866,Undirected,135
22112,22867,Undirected,98
22383,22866,Undirected,34
22383,22865,Undirected,45
22866,85099C,Undirected,31
22865,85099C,Undirected,32
21931,22866,Undirected,39
21931,22865,Undirected,49
22759,22866,Undirected,32
22759,22865,Undirected,38
22150,22865,Undirected,30
22735,22737,Undirected,55
22735,22738,Undirected,47
22735,22736,Undirected,49
22735,22739,Undirected,63
22737,22738,Undirected,78
22736,22737,Undirected,71
22737,22739,Undirected,131
22736,22738,Undirected,101
22738,22739,Undirected,93
22423,22739,Undirected,30
22736,22739,Undirected,79
22816,22818,Undirected,94
22382,22749,Undirected,39
22382,22750,Undirected,33
22731,22732,Undirected,58
22732,22739,Undirected,35
22423,22867,Undirected,54
21034,22867,Undirected,62
21481,22867,Undirected,63
22699,22867,Undirected,33
22697,22867,Undirected,33
22855,85123A,Undirected,63
22139,22867,Undirected,42
22139,22865,Undirected,49
22158,22909,Undirected,40
22909,85099B,Undirected,52
22585,22865,Undirected,32
20971,22865,Undirected,35
20972,22865,Undirected,54
22585,22867,Undirected,37
20972,22867,Undirected,31
20971,22866,Undirected,33
20972,22866,Undirected,38
22734,84879,Undirected,44
22855,84879,Undirected,47
22694,22855,Undirected,30
22694,22867,Undirected,37
22734,22737,Undirected,55
22734,85049E,Undirected,46
22077,22734,Undirected,73
22734,85049A,Undirected,79
22734,85123A,Undirected,30
22077,22737,Undirected,36
22737,85049A,Undirected,32
22737,85123A,Undirected,42
22178,22867,Undirected,33
21733,22867,Undirected,44
22867,85123A,Undirected,83
22812,22813,Undirected,58
22114,22909,Undirected,46
22113,22867,Undirected,47
22867,22909,Undirected,53
22866,22909,Undirected,56
22866,84029G,Undirected,42
22112,22909,Undirected,53
21098,22909,Undirected,55
22659,84029G,Undirected,33
22738,22909,Undirected,84
22909,35970,Undirected,46
22111,22909,Undirected,49
22835,22909,Undirected,36
21485,22909,Undirected,33
22835,84029G,Undirected,78
22584,22813,Undirected,37
22077,22909,Undirected,44
22909,85048,Undirected,30
22470,22866,Undirected,51
22470,22865,Undirected,49
22470,22909,Undirected,45
21889,22865,Undirected,34
21889,22909,Undirected,31
22734,22866,Undirected,31
22812,22865,Undirected,30
22734,22865,Undirected,33
22865,22909,Undirected,60
22865,85049A,Undirected,35
22734,22812,Undirected,43
22812,22909,Undirected,47
22734,22909,Undirected,137
22733,22734,Undirected,48
22732,22734,Undirected,49
22731,22734,Undirected,40
22733,22909,Undirected,45
22732,22909,Undirected,42
22731,22909,Undirected,36
22909,85049A,Undirected,44
22732,22733,Undirected,64
22731,22733,Undirected,45
22272,22749,Undirected,30
22037,22983,Undirected,49
22457,22855,Undirected,41
21754,22855,Undirected,30
21931,22113,Undirected,34
22113,22666,Undirected,31
22698,82494L,Undirected,33
22699,82494L,Undirected,42
22697,82494L,Undirected,43
22835,84029E,Undirected,88
22835,82494L,Undirected,41
22113,84030E,Undirected,59
22112,84030E,Undirected,74
22835,84030E,Undirected,48
21034,22835,Undirected,47
22734,22910,Undirected,149
22086,22734,Undirected,111
22752,22910,Undirected,31
22733,22910,Undirected,62
22086,22733,Undirected,41
22571,22910,Undirected,37
22086,22571,Undirected,46
22946,22947,Undirected,39
22086,22572,Undirected,39
22086,22910,Undirected,489
22910,22946,Undirected,40
22423,22812,Undirected,32
22910,35970,Undirected,57
22910,22959,Undirected,69
22699,22910,Undirected,36
22697,22910,Undirected,34
21484,22834,Undirected,31
21181,22910,Undirected,40
22835,48194,Undirected,34
22112,22834,Undirected,40
22112,22697,Undirected,36
22112,22699,Undirected,36
22114,22697,Undirected,37
22114,22699,Undirected,41
22114,22698,Undirected,33
22699,22835,Undirected,32
22423,22835,Undirected,69
22699,22866,Undirected,30
22423,22866,Undirected,50
22423,22834,Undirected,31
20725,22952,Undirected,30
21975,22952,Undirected,37
22952,84992,Undirected,48
21213,22952,Undirected,54
22417,22952,Undirected,42
21212,22952,Undirected,108
22952,84991,Undirected,76
22952,35970,Undirected,39
22952,85123A,Undirected,63
22470,22952,Undirected,35
20914,22952,Undirected,33
22867,22910,Undirected,76
21790,22867,Undirected,37
21098,22910,Undirected,57
22732,22910,Undirected,62
22909,22910,Undirected,214
22910,85049E,Undirected,48
22470,22910,Undirected,47
21790,22910,Undirected,77
22158,22910,Undirected,47
22574,22909,Undirected,33
22595,22909,Undirected,31
21790,22909,Undirected,46
22812,22952,Undirected,54
22812,22950,Undirected,30
22812,22910,Undirected,62
22950,22952,Undirected,152
22909,22952,Undirected,270
22910,22952,Undirected,240
22909,22950,Undirected,123
22910,22950,Undirected,113
22952,85099B,Undirected,46
21210,22952,Undirected,43
21080,22952,Undirected,30
22470,22739,Undirected,31
22082,22739,Undirected,39
22739,85123A,Undirected,43
22470,22737,Undirected,35
22866,84029E,Undirected,62
22866,82494L,Undirected,33
22866,82482,Undirected,35
22983,22985,Undirected,40
22734,22952,Undirected,144
22734,22738,Undirected,70
22738,22952,Undirected,78
22694,22952,Undirected,34
22158,22952,Undirected,33
22952,85049E,Undirected,33
22738,22910,Undirected,107
22694,22910,Undirected,40
21481,22866,Undirected,67
20727,22865,Undirected,37
20727,22867,Undirected,31
21181,22909,Undirected,31
21181,22952,Undirected,39
22077,22952,Undirected,50
22139,22909,Undirected,45
22139,22952,Undirected,38
22734,22950,Undirected,61
21080,22909,Undirected,41
21977,22909,Undirected,38
21212,22909,Undirected,46
21210,22909,Undirected,31
21977,22950,Undirected,34
21977,22952,Undirected,81
21974,22952,Undirected,30
22423,22734,Undirected,42
22697,84978,Undirected,34
22699,84978,Undirected,37
22734,22739,Undirected,60
22738,22950,Undirected,33
22732,22738,Undirected,33
21098,22734,Undirected,35
21790,22734,Undirected,33
22734,22945,Undirected,34
22732,22950,Undirected,30
22809,22810,Undirected,133
22113,22411,Undirected,35
22423,22910,Undirected,79
22816,22910,Undirected,47
22086,22816,Undirected,31
22086,22812,Undirected,58
22077,22910,Undirected,46
22910,85049A,Undirected,60
21791,22910,Undirected,46
22138,22910,Undirected,38
22617,22910,Undirected,35
22630,22910,Undirected,40
22629,22910,Undirected,35
20725,22910,Undirected,32
20728,22910,Undirected,33
22816,22959,Undirected,30
22734,22959,Undirected,52
22738,22959,Undirected,43
22952,22959,Undirected,43
22910,22945,Undirected,53
22945,22952,Undirected,35
22731,22910,Undirected,50
22732,22952,Undirected,44
22731,22952,Undirected,36
22951,84991,Undirected,97
22951,84992,Undirected,69
21977,22951,Undirected,111
21976,22951,Undirected,48
22568,22940,Undirected,52
22816,22909,Undirected,44
22909,84946,Undirected,34
22652,22904,Undirected,32
22910,84946,Undirected,53
22652,22910,Undirected,36
22951,22952,Undirected,53
22585,22812,Undirected,40
22585,22952,Undirected,36
22585,22910,Undirected,56
22809,22952,Undirected,42
22809,22910,Undirected,47
22810,22910,Undirected,34
22909,22959,Undirected,57
22910,84879,Undirected,86
20727,22910,Undirected,36
22910,85099B,Undirected,73
22909,84879,Undirected,54
22382,22909,Undirected,31
22749,84077,Undirected,34
22734,POST,Undirected,31
22585,22813,Undirected,52
22907,85099B,Undirected,32
22666,22835,Undirected,44
22457,22835,Undirected,32
22086,22457,Undirected,43
22139,22835,Undirected,33
20725,22835,Undirected,31
22086,22835,Undirected,72
22086,22818,Undirected,32
21931,22910,Undirected,35
22083,22910,Undirected,96
21915,22910,Undirected,43
21914,22910,Undirected,45
22835,22910,Undirected,46
22112,22910,Undirected,61
22835,85099B,Undirected,55
22138,22909,Undirected,31
21843,22952,Undirected,31
22952,84879,Undirected,38
22809,22909,Undirected,36
21481,22865,Undirected,84
22818,22959,Undirected,45
22734,22818,Undirected,33
22818,22909,Undirected,52
22818,22910,Undirected,43
22866,22952,Undirected,59
22866,22910,Undirected,74
22734,22736,Undirected,44
22736,22952,Undirected,40
22736,22909,Undirected,46
22736,22910,Undirected,60
22737,22909,Undirected,48
22737,22952,Undirected,52
22909,85123A,Undirected,53
22739,22909,Undirected,56
22739,22952,Undirected,74
22077,22739,Undirected,32
22086,22834,Undirected,35
22086,22865,Undirected,118
22865,22952,Undirected,72
20713,22865,Undirected,34
22086,22601,Undirected,35
22575,22952,Undirected,30
22734,22940,Undirected,41
22086,22952,Undirected,165
22086,22750,Undirected,40
22940,22952,Undirected,44
22411,22952,Undirected,37
21034,22910,Undirected,66
22580,22910,Undirected,31
22575,22910,Undirected,33
22579,22910,Undirected,37
22577,22910,Undirected,45
22578,22910,Undirected,55
22573,22910,Undirected,30
21034,22577,Undirected,35
21034,22578,Undirected,36
21034,22952,Undirected,41
22577,22952,Undirected,34
22578,22952,Undirected,38
22865,22910,Undirected,82
22584,22812,Undirected,34
22139,22866,Undirected,41
22111,22834,Undirected,57
22577,22909,Undirected,46
22571,22909,Undirected,35
21098,22952,Undirected,46
21733,22910,Undirected,49
21733,22952,Undirected,37
21733,22909,Undirected,36
21591,22910,Undirected,34
21591,22952,Undirected,30
22561,22910,Undirected,37
22560,22910,Undirected,34
22489,22910,Undirected,36
22910,85048,Undirected,36
22734,35970,Undirected,33
22578,22734,Undirected,32
22952,85049A,Undirected,46
22579,22909,Undirected,32
22578,22909,Undirected,39
22139,22910,Undirected,44
21914,22909,Undirected,35
22630,22952,Undirected,34
22619,22910,Undirected,30
22735,22910,Undirected,31
22739,22910,Undirected,80
22197,22910,Undirected,84
22551,22910,Undirected,31
22197,22734,Undirected,31
22197,22952,Undirected,43
22197,22909,Undirected,53
22551,22909,Undirected,30
20728,22865,Undirected,32
20726,22865,Undirected,30
20725,22865,Undirected,49
22384,22865,Undirected,30
22733,22952,Undirected,46
22737,22910,Undirected,71
22197,22866,Undirected,49
22086,22739,Undirected,51
22086,22737,Undirected,60
22086,22731,Undirected,30
22086,22732,Undirected,36
22086,22568,Undirected,30
22904,85123A,Undirected,47
21481,22835,Undirected,49
22666,84380,Undirected,58
22666,22907,Undirected,82
22907,84380,Undirected,43
22904,84879,Undirected,41
22835,82482,Undirected,34
21166,22835,Undirected,33
22113,22585,Undirected,31
22086,22909,Undirected,172
22114,22952,Undirected,34
22417,22951,Undirected,92
22629,22951,Undirected,30
22595,84978,Undirected,30
22139,22750,Undirected,37
22147,22910,Undirected,31
22150,22910,Undirected,32
22750,22910,Undirected,31
22423,22952,Undirected,73
22086,22738,Undirected,64
20972,22952,Undirected,37
22952,84347,Undirected,32
22328,22908,Undirected,31
22112,22952,Undirected,41
22835,22952,Undirected,41
21181,DOT,Undirected,40
22113,22423,Undirected,59
22113,22910,Undirected,51
22111,22910,Undirected,71
22910,84029E,Undirected,45
21485,22910,Undirected,49
22111,22952,Undirected,43
22469,22952,Undirected,30
21034,22909,Undirected,40
22909,22945,Undirected,44
22909,84347,Undirected,48
22469,22909,Undirected,35
22910,84347,Undirected,47
22469,22910,Undirected,43
21977,22910,Undirected,42
22113,22469,Undirected,47
22423,22865,Undirected,49
22867,84030E,Undirected,35
22866,84030E,Undirected,36
22866,84879,Undirected,45
22865,84030E,Undirected,34
22865,84879,Undirected,53
21080,22908,Undirected,70
22303,22908,Undirected,41
22908,POST,Undirected,55
22907,22909,Undirected,45
22867,22952,Undirected,56
22904,22905,Undirected,32
22909,22940,Undirected,39
22907,84879,Undirected,47
22662,22951,Undirected,34
22630,22951,Undirected,37
22423,22951,Undirected,40
21212,22951,Undirected,111
22423,22986,Undirected,30
20725,22867,Undirected,38
22423,22907,Undirected,84
20914,22907,Undirected,39
21212,22907,Undirected,61
21731,22910,Undirected,32
22804,85123A,Undirected,276
22556,22867,Undirected,30
20726,22867,Undirected,31
22938,84991,Undirected,30
22469,22804,Undirected,69
22694,22804,Undirected,36
21733,22804,Undirected,179
22423,22804,Undirected,34
22113,22386,Undirected,32
22189,22804,Undirected,34
21232,22804,Undirected,40
21231,22804,Undirected,30
22086,22959,Undirected,48
22197,22907,Undirected,31
22624,22907,Undirected,39
22082,22734,Undirected,31
22086,22950,Undirected,61
22086,22694,Undirected,58
21790,22952,Undirected,50
22113,22457,Undirected,34
22086,22945,Undirected,40
22470,22804,Undirected,75
21175,22804,Undirected,43
22086,22867,Undirected,96
22469,22867,Undirected,36
22949,22951,Undirected,38
21977,22907,Undirected,41
22907,22908,Undirected,69
21034,22834,Undirected,32
22197,22865,Undirected,43
21034,22865,Undirected,61
21034,22866,Undirected,64
22577,84879,Undirected,51
22147,22865,Undirected,33
22147,22867,Undirected,32
22187,22952,Undirected,30
21791,22952,Undirected,35
22727,22952,Undirected,34
22726,22952,Undirected,41
22727,22910,Undirected,66
22726,22910,Undirected,69
22727,22865,Undirected,72
22726,22865,Undirected,65
22727,22866,Undirected,46
22726,22866,Undirected,49
22727,22729,Undirected,266
22726,22727,Undirected,544
22726,22729,Undirected,241
22666,22909,Undirected,33
22666,22952,Undirected,36
22457,22910,Undirected,34
22386,22910,Undirected,31
20972,22910,Undirected,37
22568,22910,Undirected,36
22749,22910,Undirected,40
22698,22726,Undirected,52
22698,22727,Undirected,61
22698,22729,Undirected,32
22423,22726,Undirected,107
22423,22727,Undirected,136
22423,22729,Undirected,64
22423,22909,Undirected,58
22697,22726,Undirected,60
22697,22727,Undirected,69
22697,22729,Undirected,33
22726,22909,Undirected,46
21754,22726,Undirected,43
22699,22726,Undirected,76
22727,22909,Undirected,38
21754,22727,Undirected,49
22699,22727,Undirected,85
22699,22729,Undirected,40
21754,22910,Undirected,33
21791,22909,Undirected,31
21790,22865,Undirected,45
22114,22865,Undirected,113
22865,84032A,Undirected,31
22469,22865,Undirected,40
22726,22730,Undirected,284
22727,22730,Undirected,326
22624,22730,Undirected,53
22625,22730,Undirected,41
22730,22865,Undirected,33
22730,22867,Undirected,37
22699,22730,Undirected,54
22697,22730,Undirected,46
22467,22730,Undirected,46
22666,22726,Undirected,40
22624,22726,Undirected,65
22625,22726,Undirected,59
21181,22726,Undirected,41
22726,22867,Undirected,64
22467,22726,Undirected,70
22411,22726,Undirected,49
22666,22727,Undirected,48
22624,22727,Undirected,73
22625,22727,Undirected,64
21181,22727,Undirected,52
22727,22867,Undirected,59
22467,22727,Undirected,77
22411,22727,Undirected,50
21181,22804,Undirected,42
21181,22865,Undirected,41
21181,22867,Undirected,30
22469,22835,Undirected,41
22699,84946,Undirected,32
22728,22729,Undirected,172
22729,22730,Undirected,151
22725,22729,Undirected,120
22727,22728,Undirected,363
22726,22728,Undirected,312
22728,22730,Undirected,220
22725,22728,Undirected,157
22725,22727,Undirected,230
22725,22726,Undirected,200
22725,22730,Undirected,148
22630,22727,Undirected,49
22630,22728,Undirected,37
22630,22726,Undirected,53
22585,22727,Undirected,36
22077,22727,Undirected,36
22727,82600,Undirected,33
22585,22726,Undirected,33
22730,22910,Undirected,33
22728,22910,Undirected,43
22730,84879,Undirected,55
22728,84879,Undirected,52
22726,84879,Undirected,105
21314,22730,Undirected,31
21314,22726,Undirected,46
22423,22730,Undirected,74
22423,22728,Undirected,92
22698,22907,Undirected,33
22698,22730,Undirected,36
22699,22907,Undirected,44
22699,22728,Undirected,41
22697,22907,Undirected,41
22697,22728,Undirected,32
22907,84378,Undirected,36
22728,84380,Undirected,30
22726,84380,Undirected,30
22197,22867,Undirected,41
22745,22748,Undirected,305
22193,22624,Undirected,54
22192,22624,Undirected,53
22624,22910,Undirected,35
22624,22909,Undirected,34
22193,22625,Undirected,61
22192,22625,Undirected,44
22382,22726,Undirected,53
22629,22726,Undirected,64
20914,22726,Undirected,66
22469,22726,Undirected,31
22659,22726,Undirected,46
22804,84836,Undirected,38
22748,22940,Undirected,37
22745,22940,Undirected,31
22746,22749,Undirected,30
22748,22749,Undirected,49
22745,22749,Undirected,42
22748,22750,Undirected,44
22745,22750,Undirected,40
22746,22748,Undirected,253
22746,22747,Undirected,170
22745,22746,Undirected,242
22748,22866,Undirected,33
22666,22748,Undirected,34
22747,22748,Undirected,173
22745,22866,Undirected,34
22894,22895,Undirected,44
22745,22747,Undirected,166
21212,22900,Undirected,31
21175,22726,Undirected,35
21175,22727,Undirected,41
21481,22726,Undirected,38
21481,22727,Undirected,37
21481,22910,Undirected,36
21977,22727,Undirected,35
22371,22727,Undirected,32
22727,47566,Undirected,84
22662,22727,Undirected,30
22662,47566,Undirected,50
22728,22865,Undirected,44
21212,22728,Undirected,39
22728,85099B,Undirected,60
22112,22727,Undirected,40
22727,84991,Undirected,37
21212,22727,Undirected,64
22727,85099B,Undirected,92
21928,22727,Undirected,30
22113,22865,Undirected,67
22865,84032B,Undirected,32
22865,85099B,Undirected,76
21928,22865,Undirected,32
22423,22904,Undirected,34
22114,22730,Undirected,34
22730,22866,Undirected,30
22114,22727,Undirected,40
22729,22867,Undirected,32
22114,22726,Undirected,43
22728,47566,Undirected,54
22726,47566,Undirected,75
22804,47566,Undirected,39
22622,22748,Undirected,30
22745,22910,Undirected,48
22748,22910,Undirected,52
22746,22910,Undirected,39
22627,22727,Undirected,43
22627,22726,Undirected,39
22197,22727,Undirected,63
22197,22726,Undirected,57
22659,22727,Undirected,48
22551,22748,Undirected,37
22551,22746,Undirected,32
22551,22745,Undirected,31
22551,22727,Undirected,49
22551,22726,Undirected,43
22748,22752,Undirected,35
22727,22748,Undirected,34
22745,22752,Undirected,31
22727,22752,Undirected,33
22726,22752,Undirected,39
22661,22899,Undirected,31
22898,22899,Undirected,43
22748,22865,Undirected,41
22745,22865,Undirected,41
22746,22865,Undirected,35
21155,22896,Undirected,54
22556,22728,Undirected,45
22557,22728,Undirected,31
22554,22728,Undirected,36
22555,22728,Undirected,40
22551,22728,Undirected,32
22556,22726,Undirected,40
22554,22726,Undirected,37
22555,22726,Undirected,36
22556,22727,Undirected,45
22554,22727,Undirected,40
22555,22727,Undirected,41
22554,22748,Undirected,31
22554,22745,Undirected,30
22855,84836,Undirected,36
22630,22900,Undirected,40
20914,22910,Undirected,44
22197,22900,Undirected,50
22659,22900,Undirected,125
22900,47566,Undirected,30
21212,22910,Undirected,52
22910,47566,Undirected,47
21790,22748,Undirected,41
22900,22902,Undirected,46
22894,22908,Undirected,36
22423,22908,Undirected,37
22423,22898,Undirected,33
21213,22951,Undirected,64
22834,22910,Undirected,32
21484,22910,Undirected,36
22113,22834,Undirected,41
21485,22834,Undirected,37
21212,22908,Undirected,42
22423,22745,Undirected,35
22423,22748,Undirected,37
22139,22745,Undirected,42
22139,22748,Undirected,44
22910,85123A,Undirected,94
15056N,22726,Undirected,30
22139,22726,Undirected,35
22423,22895,Undirected,31
22894,22897,Undirected,35
22898,22939,Undirected,37
22178,22726,Undirected,38
22627,22730,Undirected,34
22897,22939,Undirected,33
22895,22897,Undirected,54
22895,22908,Undirected,48
22303,22895,Undirected,48
22897,22908,Undirected,35
22630,22899,Undirected,54
22549,22748,Undirected,30
21212,22730,Undirected,30
21212,22726,Undirected,52
20914,22730,Undirected,30
20914,22728,Undirected,33
20914,22727,Undirected,69
22666,22728,Undirected,35
22666,22910,Undirected,37
22616,22900,Undirected,90
22616,22902,Undirected,31
22900,85099B,Undirected,44
20914,22909,Undirected,37
22197,22728,Undirected,40
22197,22835,Undirected,36
22112,22804,Undirected,31
21485,22804,Undirected,30
22727,85123A,Undirected,84
22728,85123A,Undirected,49
22730,85123A,Undirected,57
22699,84755,Undirected,30
22192,22727,Undirected,94
22191,22727,Undirected,95
22111,22727,Undirected,46
21485,22727,Undirected,33
22624,22728,Undirected,39
22627,22728,Undirected,30
22192,22728,Undirected,61
22191,22728,Undirected,54
22192,22730,Undirected,60
22191,22730,Undirected,70
22192,22627,Undirected,33
22086,22727,Undirected,77
22086,22728,Undirected,52
22086,22726,Undirected,80
21733,22727,Undirected,30
22113,22694,Undirected,31
22835,84946,Undirected,38
22698,47566,Undirected,59
22697,47566,Undirected,77
22469,22855,Undirected,46
22629,22727,Undirected,73
21877,22727,Undirected,34
22629,22730,Undirected,33
22851,47566,Undirected,37
22951,POST,Undirected,31
21889,22910,Undirected,35
22896,22897,Undirected,40
22895,22896,Undirected,35
22086,22866,Undirected,91
22114,22910,Undirected,49
22865,84029E,Undirected,63
21733,22865,Undirected,37
22851,22907,Undirected,62
22086,22809,Undirected,40
22086,22810,Undirected,32
22629,47566,Undirected,41
22191,22666,Undirected,31
22910,22940,Undirected,61
22467,22729,Undirected,43
22866,85099B,Undirected,67
22694,22866,Undirected,42
22694,22865,Undirected,47
22748,22867,Undirected,31
22728,22867,Undirected,34
21915,22726,Undirected,42
21915,22727,Undirected,46
22139,22727,Undirected,55
20725,22726,Undirected,53
20725,22727,Undirected,67
20725,22730,Undirected,36
22191,22725,Undirected,32
22192,22726,Undirected,81
22191,22726,Undirected,75
22726,85123A,Undirected,70
22423,22900,Undirected,43
22834,85123A,Undirected,45
22804,82486,Undirected,38
22804,82483,Undirected,34
22855,47566,Undirected,31
21166,22804,Undirected,34
22804,85152,Undirected,35
22112,22577,Undirected,31
22082,22910,Undirected,38
22082,22737,Undirected,32
20972,22748,Undirected,32
20972,22745,Undirected,35
22895,22900,Undirected,37
22629,22899,Undirected,55
20725,22748,Undirected,33
22748,85123A,Undirected,41
22383,22745,Undirected,31
22382,22745,Undirected,32
20725,22745,Undirected,31
22411,22909,Undirected,35
22411,22910,Undirected,39
21975,22951,Undirected,79
22745,85123A,Undirected,42
22746,85123A,Undirected,30
21080,22907,Undirected,71
22867,84946,Undirected,35
22910,79321,Undirected,35
22727,79321,Undirected,44
22726,79321,Undirected,46
21485,22952,Undirected,33
22383,22867,Undirected,39
22383,22726,Undirected,38
20727,22726,Undirected,31
22726,85099B,Undirected,79
22730,85099B,Undirected,51
22668,47590A,Undirected,30
22907,47566,Undirected,53
21034,22907,Undirected,34
22894,POST,Undirected,35
22895,POST,Undirected,55
22898,POST,Undirected,42
22367,22898,Undirected,86
22467,22629,Undirected,54
21931,22727,Undirected,30
21931,22726,Undirected,37
21914,22727,Undirected,40
21914,22726,Undirected,42
21790,22727,Undirected,41
21790,22726,Undirected,35
21791,22727,Undirected,33
22727,84380,Undirected,40
22193,22728,Undirected,55
22625,22728,Undirected,44
22193,22730,Undirected,57
22086,22730,Undirected,43
22193,22727,Undirected,95
22193,22726,Undirected,76
22629,22725,Undirected,36
22086,47566,Undirected,53
21481,22834,Undirected,44
22620,22748,Undirected,31
21485,22694,Undirected,34
22191,22729,Undirected,38
22192,22729,Undirected,40
22907,84991,Undirected,47
22411,22900,Undirected,38
20685,22727,Undirected,31
20725,22866,Undirected,39
20727,22866,Undirected,32
21156,22898,Undirected,58
22898,47591D,Undirected,49
22908,85123A,Undirected,36
22026,22983,Undirected,44
22740,85099B,Undirected,31
22382,22899,Undirected,50
22662,22899,Undirected,50
21790,22866,Undirected,33
22851,22908,Undirected,33
22193,82484,Undirected,38
22578,22866,Undirected,36
22577,22866,Undirected,34
21754,22804,Undirected,35
21755,22804,Undirected,42
22457,22804,Undirected,42
21156,22899,Undirected,41
20725,22898,Undirected,31
22384,22727,Undirected,31
22727,82482,Undirected,41
22727,82494L,Undirected,34
22138,22699,Undirected,32
22726,82494L,Undirected,34
22726,82482,Undirected,37
22726,82484,Undirected,32
22727,82484,Undirected,39
22138,22727,Undirected,35
22149,22745,Undirected,35
22149,22748,Undirected,39
22147,22748,Undirected,33
22138,22745,Undirected,32
22138,22748,Undirected,30
22804,84879,Undirected,39
21034,22804,Undirected,32
21034,22727,Undirected,51
22086,22748,Undirected,47
22086,22746,Undirected,34
22086,22745,Undirected,42
22804,82482,Undirected,48
22077,22907,Undirected,50
22854,85123A,Undirected,47
22898,85099B,Undirected,39
22470,22726,Undirected,31
22470,22727,Undirected,31
22729,85123A,Undirected,34
22457,22699,Undirected,39
22727,84879,Undirected,110
21314,22727,Undirected,48
22865,84029G,Undirected,45
22740,22741,Undirected,34
22745,84879,Undirected,33
20725,22729,Undirected,31
21166,22727,Undirected,37
20724,22727,Undirected,31
22086,22736,Undirected,38
22382,22728,Undirected,39
21790,22750,Undirected,30
21034,22726,Undirected,43
22423,22983,Undirected,31
22983,22984,Undirected,35
22467,22728,Undirected,46
22746,POST,Undirected,31
22467,22630,Undirected,32
22859,22860,Undirected,39
22896,85123A,Undirected,30
22629,22900,Undirected,38
22382,22900,Undirected,36
20725,22900,Undirected,31
21034,22900,Undirected,38
21931,22900,Undirected,33
22383,22750,Undirected,36
21519,22983,Undirected,41
22030,22983,Undirected,57
22028,22983,Undirected,36
22983,84879,Undirected,42
22865,82482,Undirected,34
22712,22983,Undirected,30
22502,22699,Undirected,32
22669,47566,Undirected,53
22668,47566,Undirected,73
22699,47566,Undirected,76
21506,22983,Undirected,72
22716,22983,Undirected,45
22112,22726,Undirected,38
21485,22726,Undirected,32
22629,22729,Undirected,37
22629,22728,Undirected,50
22367,22899,Undirected,118
22899,47591D,Undirected,42
22113,22837,Undirected,49
21479,22553,Undirected,37
22633,22834,Undirected,74
22633,22867,Undirected,181
22633,22835,Undirected,70
22112,22633,Undirected,104
22114,22633,Undirected,76
22633,84029G,Undirected,84
22745,POST,Undirected,41
22748,POST,Undirected,42
22728,POST,Undirected,74
22423,22632,Undirected,42
22632,84879,Undirected,36
22114,22837,Undirected,30
22086,22837,Undirected,34
22752,22837,Undirected,36
22652,22907,Undirected,31
22113,22633,Undirected,56
22632,22866,Undirected,228
22713,22900,Undirected,39
22027,22983,Undirected,54
22714,22983,Undirected,39
22633,22952,Undirected,43
22632,22952,Undirected,37
22633,22909,Undirected,41
22632,22909,Undirected,33
22633,22910,Undirected,56
22632,22910,Undirected,50
22632,22835,Undirected,72
22632,22867,Undirected,184
22632,22633,Undirected,234
22423,22837,Undirected,34
22837,84029G,Undirected,30
22112,22837,Undirected,51
22835,22837,Undirected,34
22633,22728,Undirected,30
22178,22727,Undirected,46
22633,22727,Undirected,40
21181,22633,Undirected,39
22633,22865,Undirected,240
21733,22633,Undirected,32
22469,22633,Undirected,32
22470,22633,Undirected,46
22633,85123A,Undirected,90
21479,22633,Undirected,53
21485,22633,Undirected,51
21484,22633,Undirected,33
20727,22633,Undirected,34
22633,22666,Undirected,31
22382,22633,Undirected,31
21479,22632,Undirected,59
21485,22632,Undirected,68
20727,22632,Undirected,30
22632,22834,Undirected,77
21479,22835,Undirected,63
21479,22834,Undirected,34
21790,22745,Undirected,32
22632,22748,Undirected,30
20728,22633,Undirected,30
22086,22633,Undirected,70
22086,22632,Undirected,74
22633,84879,Undirected,35
21479,22867,Undirected,47
22804,82494L,Undirected,56
22386,22900,Undirected,37
20713,22726,Undirected,32
22726,85152,Undirected,33
22725,85099B,Undirected,32
22727,85152,Undirected,33
22907,85123A,Undirected,61
21212,22632,Undirected,30
22112,22632,Undirected,87
22114,22632,Undirected,71
22632,22865,Undirected,242
22383,22632,Undirected,34
20725,22632,Undirected,44
21931,22632,Undirected,40
22632,85099B,Undirected,72
22386,22632,Undirected,33
22837,22867,Undirected,42
22632,22837,Undirected,33
22632,22727,Undirected,36
22632,22726,Undirected,34
22632,22667,Undirected,31
21733,22632,Undirected,37
22029,22983,Undirected,56
22900,DOT,Undirected,31
22139,22900,Undirected,30
21731,22748,Undirected,33
21034,22746,Undirected,38
21034,22745,Undirected,35
21481,22837,Undirected,47
22632,84029G,Undirected,43
22633,84029E,Undirected,65
22632,84029E,Undirected,72
21481,22633,Undirected,37
20725,22633,Undirected,33
22113,22632,Undirected,55
21481,22632,Undirected,52
22632,85123A,Undirected,72
22819,22983,Undirected,32
22111,22632,Undirected,87
22633,22866,Undirected,210
22633,22900,Undirected,30
22139,22633,Undirected,31
21034,22748,Undirected,43
21034,22632,Undirected,55
21754,22632,Undirected,31
22728,82482,Undirected,31
22193,22729,Undirected,37
22457,22727,Undirected,34
22900,85123A,Undirected,45
22796,85123A,Undirected,65
22169,22768,Undirected,49
22169,22767,Undirected,30
22170,22766,Undirected,30
22170,22768,Undirected,38
22766,22768,Undirected,77
22766,22767,Undirected,86
22767,22768,Undirected,111
22423,22767,Undirected,33
22423,22768,Undirected,37
21479,22470,Undirected,38
20972,22633,Undirected,32
22633,22694,Undirected,30
22383,22633,Undirected,35
22633,22726,Undirected,37
22554,22633,Undirected,30
22553,22633,Undirected,38
22383,22727,Undirected,44
20727,22727,Undirected,41
22382,22727,Undirected,60
21535,22727,Undirected,30
22382,22729,Undirected,34
22766,82482,Undirected,92
22796,82482,Undirected,37
22767,82482,Undirected,33
22632,82482,Undirected,30
22766,22796,Undirected,41
22470,22766,Undirected,50
22666,22766,Undirected,36
22767,22796,Undirected,43
22470,22632,Undirected,42
22907,POST,Undirected,32
21731,22745,Undirected,33
22835,84879,Undirected,53
22837,85123A,Undirected,39
21175,22766,Undirected,32
22766,85123A,Undirected,108
22469,22766,Undirected,51
22766,82494L,Undirected,93
21034,22766,Undirected,38
22411,22633,Undirected,31
22633,85099B,Undirected,51
21479,22865,Undirected,69
21479,22423,Undirected,36
22423,22938,Undirected,36
21212,22898,Undirected,33
22111,22726,Undirected,41
22189,22766,Undirected,36
22766,82483,Undirected,45
22865,82494L,Undirected,32
22659,22902,Undirected,39
22768,84879,Undirected,30
22766,84879,Undirected,48
22767,84879,Undirected,30
22296,22766,Undirected,30
22796,82494L,Undirected,36
22768,22796,Undirected,33
22768,82494L,Undirected,36
22767,82494L,Undirected,32
22768,82482,Undirected,30
22768,85123A,Undirected,51
22766,84946,Undirected,30
21733,22766,Undirected,30
22767,85123A,Undirected,63
22652,47566,Undirected,41
22633,48138,Undirected,31
22633,84946,Undirected,30
22632,22694,Undirected,43
22730,47566,Undirected,35
22139,22632,Undirected,32
22326,22895,Undirected,34
22328,22895,Undirected,31
21485,22837,Undirected,48
21484,22837,Undirected,41
22729,84879,Undirected,51
22748,84879,Undirected,35
21479,22383,Undirected,37
22633,22837,Undirected,32
22837,22866,Undirected,40
22766,82486,Undirected,40
21755,22766,Undirected,31
22077,22766,Undirected,32
22328,22727,Undirected,36
21731,22727,Undirected,38
21731,22728,Undirected,38
21731,22726,Undirected,31
20728,22727,Undirected,37
20728,22726,Undirected,31
20726,22727,Undirected,39
20726,22726,Undirected,34
22383,22728,Undirected,33
22326,22727,Undirected,44
22727,POST,Undirected,64
22326,22728,Undirected,39
20725,22728,Undirected,41
22326,22726,Undirected,36
22726,POST,Undirected,51
22625,22847,Undirected,43
22624,22847,Undirected,73
22627,22847,Undirected,42
22847,22849,Undirected,57
22424,22847,Undirected,31
21479,22384,Undirected,36
22837,22865,Undirected,43
22111,22837,Undirected,77
22666,22840,Undirected,34
22840,22841,Undirected,116
22838,22841,Undirected,35
22838,22840,Undirected,67
21034,22633,Undirected,66
22726,22847,Undirected,38
22846,22847,Undirected,114
22841,85123A,Undirected,30
22840,85123A,Undirected,35
22838,22839,Undirected,58
22846,22849,Undirected,46
22197,22633,Undirected,46
22727,22840,Undirected,33
22838,22842,Undirected,49
22834,22837,Undirected,63
22846,22848,Undirected,43
22625,22846,Undirected,50
22624,22846,Undirected,42
22847,22848,Undirected,38
22848,22849,Undirected,37
21078,22907,Undirected,43
22842,22843,Undirected,71
22840,22842,Undirected,107
22841,22842,Undirected,48
22840,22843,Undirected,45
22841,22843,Undirected,74
22839,22840,Undirected,35
22839,22841,Undirected,39
22727,22847,Undirected,34
22729,47566,Undirected,31
22892,85123A,Undirected,34
22852,22853,Undirected,56
22149,22633,Undirected,30
21479,22910,Undirected,41
21479,22837,Undirected,53
22457,22766,Undirected,61
22457,22768,Undirected,31
22766,82484,Undirected,40
22768,82484,Undirected,32
22845,22853,Undirected,52
22467,22781,Undirected,56
22771,22775,Undirected,67
22772,22775,Undirected,78
22773,22775,Undirected,48
22775,22805,Undirected,54
21668,22775,Undirected,41
22774,22775,Undirected,62
22771,22772,Undirected,105
22771,22773,Undirected,77
22771,22805,Undirected,66
21668,22771,Undirected,72
22771,22774,Undirected,59
22772,22773,Undirected,69
22772,22805,Undirected,65
21668,22772,Undirected,46
22772,22774,Undirected,63
22773,22805,Undirected,55
21668,22773,Undirected,37
22773,22774,Undirected,44
21668,22805,Undirected,34
22774,22805,Undirected,42
21668,22774,Undirected,36
22423,22796,Undirected,35
22666,22846,Undirected,30
22666,22795,Undirected,36
22423,22838,Undirected,32
22423,22842,Undirected,33
22423,22847,Undirected,44
21733,22795,Undirected,33
22844,22853,Undirected,46
22845,22852,Undirected,41
22844,22852,Undirected,58
22844,22845,Undirected,149
21672,22772,Undirected,49
21672,22771,Undirected,70
21672,22805,Undirected,34
21672,22775,Undirected,44
21672,22774,Undirected,32
21672,22773,Undirected,34
22457,22776,Undirected,51
22470,22776,Undirected,46
22469,22776,Undirected,39
22776,47566,Undirected,43
22423,22840,Undirected,45
22423,22890,Undirected,35
22423,22776,Undirected,95
22423,22795,Undirected,48
22112,22776,Undirected,33
22112,22795,Undirected,30
22795,22835,Undirected,30
22197,22776,Undirected,32
21843,22776,Undirected,39
22776,22795,Undirected,33
22840,22846,Undirected,40
22469,22795,Undirected,38
22423,22725,Undirected,38
22865,84946,Undirected,31
22423,22771,Undirected,30
22771,85123A,Undirected,49
22771,84879,Undirected,39
22789,85123A,Undirected,53
22776,85123A,Undirected,92
22794,85123A,Undirected,31
22776,84879,Undirected,46
22776,72760B,Undirected,38
22892,POST,Undirected,33
22776,22799,Undirected,31
22776,22854,Undirected,33
22840,22847,Undirected,41
22841,22847,Undirected,31
22847,85123A,Undirected,50
22624,22840,Undirected,35
22625,22840,Undirected,35
22795,85123A,Undirected,58
22423,22844,Undirected,37
22423,22845,Undirected,40
22111,22633,Undirected,78
22844,85123A,Undirected,33
22837,84029E,Undirected,41
22423,22766,Undirected,56
22795,82494L,Undirected,37
22795,82482,Undirected,32
22178,22766,Undirected,31
22776,82482,Undirected,36
22776,82494L,Undirected,36
22776,85099B,Undirected,41
22776,84991,Undirected,33
22699,22776,Undirected,32
22768,85066,Undirected,31
22171,22766,Undirected,30
22766,47566,Undirected,36
21754,22766,Undirected,44
21671,22772,Undirected,40
21671,22774,Undirected,33
22727,22892,Undirected,31
22941,22942,Undirected,106
22942,22943,Undirected,44
22941,22943,Undirected,60
22086,22942,Undirected,34
22086,22941,Undirected,61
22910,22942,Undirected,31
22910,22941,Undirected,63
22423,22941,Undirected,33
22577,22865,Undirected,37
22558,22652,Undirected,36
22558,22907,Undirected,32
21212,22776,Undirected,40
22910,22943,Undirected,44
22666,22776,Undirected,36
22766,85066,Undirected,34
22423,22784,Undirected,43
22178,22784,Undirected,34
22941,22952,Undirected,38
22909,22941,Undirected,36
22943,22952,Undirected,31
21673,22771,Undirected,65
22798,85123A,Undirected,35
22801,85123A,Undirected,38
22423,22798,Undirected,39
22798,22801,Undirected,81
22423,22801,Undirected,35
22633,82494L,Undirected,33
22779,22780,Undirected,82
22178,22907,Undirected,30
22150,22867,Undirected,33
21479,22866,Undirected,48
22464,22784,Undirected,32
22798,22800,Undirected,85
22798,84946,Undirected,40
22792,84946,Undirected,37
22784,82482,Undirected,41
22784,85123A,Undirected,77
22844,85099B,Undirected,43
21671,22775,Undirected,38
21671,22771,Undirected,58
21669,22774,Undirected,30
21669,22773,Undirected,36
21669,22775,Undirected,45
21669,22772,Undirected,52
21669,22771,Undirected,70
22178,22798,Undirected,35
22798,82494L,Undirected,31
22798,82482,Undirected,34
21314,22798,Undirected,36
22847,POST,Undirected,30
22178,22791,Undirected,47
22801,84946,Undirected,34
22423,22800,Undirected,30
22800,22801,Undirected,64
22086,22943,Undirected,37
22791,84879,Undirected,41
22798,84879,Undirected,31
22791,22801,Undirected,31
21673,22775,Undirected,39
21673,22772,Undirected,47
22784,82484,Undirected,30
21673,22773,Undirected,33
22791,84947,Undirected,47
22173,22795,Undirected,30
22727,22844,Undirected,30
22845,85099B,Undirected,30
22776,84755,Undirected,30
22423,22846,Undirected,45
22578,22865,Undirected,34
22795,82483,Undirected,30
22795,82484,Undirected,44
22470,22795,Undirected,48
21754,22795,Undirected,32
22844,47566,Undirected,31
21078,22908,Undirected,41
22784,84879,Undirected,35
22791,85123A,Undirected,36
22791,84946,Undirected,79
22784,71053,Undirected,40
21326,22791,Undirected,32
22423,22956,Undirected,30
22955,22956,Undirected,60
22910,22966,Undirected,31
21506,22819,Undirected,31
22822,85123A,Undirected,34
22141,22142,Undirected,132
22144,22734,Undirected,39
22144,22910,Undirected,73
22144,22952,Undirected,39
20971,22141,Undirected,30
20972,22141,Undirected,34
22141,22865,Undirected,30
22141,22940,Undirected,65
22141,22568,Undirected,34
20969,22144,Undirected,32
22144,22865,Undirected,44
22144,22940,Undirected,76
22144,22568,Undirected,40
22142,22910,Undirected,46
22141,22910,Undirected,51
22142,22865,Undirected,32
22144,22633,Undirected,32
22141,22150,Undirected,32
22142,22940,Undirected,58
22141,22952,Undirected,37
22144,22909,Undirected,37
22141,22909,Undirected,34
22142,22909,Undirected,34
22141,22750,Undirected,33
22141,22749,Undirected,34
22144,22751,Undirected,31
22144,22750,Undirected,39
22142,22750,Undirected,33
22144,22749,Undirected,41
22142,22749,Undirected,34
22386,47566b,Undirected,42
22913,22914,Undirected,47
22912,22914,Undirected,41
22912,22913,Undirected,37
22969,85123A,Undirected,64
22086,22969,Undirected,32
22457,22969,Undirected,37
22966,85123A,Undirected,39
22966,85099B,Undirected,35
22969,47566,Undirected,47
22966,22969,Undirected,39
22969,84879,Undirected,51
22966,47566,Undirected,34
22086,22966,Undirected,44
22964,22966,Undirected,59
22964,84380,Undirected,69
22964,84378,Undirected,57
22969,85099B,Undirected,36
22917,22921,Undirected,105
22917,22920,Undirected,123
22916,22917,Undirected,125
22917,22918,Undirected,120
22920,22921,Undirected,103
22916,22921,Undirected,106
22918,22921,Undirected,106
22916,22920,Undirected,120
22918,22920,Undirected,121
22916,22918,Undirected,120
22926,22927,Undirected,46
22925,22926,Undirected,44
22925,22928,Undirected,31
22925,22927,Undirected,55
22139,22969,Undirected,34
20914,22966,Undirected,33
22966,84378,Undirected,91
22965,22966,Undirected,52
22966,84380,Undirected,83
21212,22966,Undirected,61
22666,22966,Undirected,61
22966,84991,Undirected,43
22965,84378,Undirected,63
22965,84380,Undirected,51
22666,22965,Undirected,40
22965,84991,Undirected,34
22964,84375,Undirected,39
22699,22969,Undirected,36
22926,85123A,Undirected,30
22966,84375,Undirected,64
21977,22966,Undirected,37
22423,22966,Undirected,51
22139,22966,Undirected,30
22907,22966,Undirected,43
22197,22966,Undirected,47
22917,22919,Undirected,121
22919,22921,Undirected,105
22919,22920,Undirected,121
22918,22919,Undirected,118
22916,22919,Undirected,117
22969,72741,Undirected,35
22964,POST,Undirected,35
21790,22966,Undirected,30
21915,22966,Undirected,31
22659,22988,Undirected,44
22988,84879,Undirected,30
22469,22969,Undirected,32
22616,22988,Undirected,32
21232,22969,Undirected,32
22972,22974,Undirected,67
22972,22975,Undirected,40
22975,22976,Undirected,32
22975,22977,Undirected,50
22969,82482,Undirected,31
22178,22969,Undirected,36
22969,84946,Undirected,30
22697,22969,Undirected,32
22423,22969,Undirected,68
22556,22966,Undirected,31
22386,22961,Undirected,52
22909,22961,Undirected,31
22697,22961,Undirected,43
22666,22961,Undirected,108
22952,22961,Undirected,33
20914,22961,Undirected,54
22699,22961,Undirected,53
22667,22961,Undirected,36
22629,22964,Undirected,32
22726,22988,Undirected,33
22727,22988,Undirected,30
22976,22988,Undirected,30
21212,22964,Undirected,30
22966,POST,Undirected,34
22858,22859,Undirected,39
22178,22961,Undirected,40
22470,22961,Undirected,36
21212,22961,Undirected,79
22961,22969,Undirected,74
22961,47566,Undirected,63
22139,22961,Undirected,42
21790,22961,Undirected,35
20972,22961,Undirected,32
22961,84378,Undirected,48
22961,22966,Undirected,59
22961,84879,Undirected,65
22652,22961,Undirected,35
22962,22963,Undirected,119
22629,22972,Undirected,36
22630,22974,Undirected,30
21754,22960,Undirected,31
22726,22960,Undirected,42
22726,22961,Undirected,49
22727,22960,Undirected,38
22727,22961,Undirected,38
22960,84879,Undirected,67
22630,22960,Undirected,31
22749,22960,Undirected,30
22960,22961,Undirected,237
22139,22960,Undirected,35
22960,84991,Undirected,58
22960,22966,Undirected,65
22960,22969,Undirected,91
22423,22988,Undirected,35
22423,22960,Undirected,119
22960,84378,Undirected,53
22960,84380,Undirected,58
22960,85099B,Undirected,68
22909,22960,Undirected,32
22423,22961,Undirected,118
21210,22961,Undirected,42
22699,22960,Undirected,72
22697,22960,Undirected,57
21210,22960,Undirected,34
22910,22961,Undirected,37
22086,22961,Undirected,36
22558,22961,Undirected,52
22961,22962,Undirected,66
22961,22965,Undirected,36
22961,84991,Undirected,55
22625,22961,Undirected,48
22624,22961,Undirected,50
22961,48187,Undirected,31
22776,22961,Undirected,38
22149,22961,Undirected,30
21977,22961,Undirected,66
22841,22960,Undirected,30
22840,22960,Undirected,37
22910,22960,Undirected,38
22411,22961,Undirected,43
22423,22962,Undirected,34
22960,22962,Undirected,49
20972,22960,Undirected,40
21212,22960,Undirected,70
22960,48187,Undirected,45
22960,22963,Undirected,53
22960,22965,Undirected,47
22666,22960,Undirected,124
22149,22960,Undirected,39
22178,22960,Undirected,42
20728,22960,Undirected,47
22383,22960,Undirected,36
22621,22961,Undirected,30
22383,22961,Undirected,36
22138,22961,Undirected,44
22621,22960,Undirected,32
22558,22960,Undirected,47
20914,22960,Undirected,58
22138,22960,Undirected,66
22384,22961,Undirected,36
21889,22960,Undirected,31
22960,POST,Undirected,40
22961,POST,Undirected,61
22469,22960,Undirected,31
22960,85123A,Undirected,72
22469,22961,Undirected,57
22652,22960,Undirected,39
22086,22960,Undirected,33
22427,22960,Undirected,32
22666,22969,Undirected,53
22197,22960,Undirected,47
22960,47566,Undirected,70
22846,22961,Undirected,30
22960,84375,Undirected,35
22627,22960,Undirected,33
22625,22960,Undirected,50
22846,22960,Undirected,31
22847,22960,Undirected,32
22328,22960,Undirected,30
22197,22961,Undirected,59
21080,22961,Undirected,38
22961,85099B,Undirected,75
22077,22960,Undirected,46
22077,22961,Undirected,50
22457,22961,Undirected,51
21670,22771,Undirected,63
21670,22775,Undirected,41
21670,22772,Undirected,44
21670,22774,Undirected,33
21931,22961,Undirected,37
22961,84380,Undirected,52
22962,POST,Undirected,33
21790,22960,Undirected,34
20725,22960,Undirected,59
22384,22960,Undirected,40
20712,22961,Undirected,32
22554,22961,Undirected,36
22624,22960,Undirected,63
21915,22960,Undirected,30
22961,84077,Undirected,35
22556,22961,Undirected,33
22930,22931,Undirected,40
22930,22937,Undirected,41
20725,22961,Undirected,55
22907,22969,Undirected,30
22907,22960,Undirected,64
22907,22961,Undirected,64
22698,22960,Undirected,42
22698,22961,Undirected,31
22961,85066,Undirected,33
22617,22960,Undirected,32
22961,84978,Undirected,36
22961,82482,Undirected,36
22960,82482,Undirected,41
22960,82494L,Undirected,32
22722,22723,Undirected,72
22720,22723,Undirected,54
22720,22722,Undirected,222
22720,85099C,Undirected,33
22411,22720,Undirected,53
22411,22722,Undirected,34
22722,22961,Undirected,90
22722,22960,Undirected,115
22720,22961,Undirected,132
22720,22960,Undirected,169
22722,22727,Undirected,38
22722,22726,Undirected,33
22722,22962,Undirected,31
22720,22962,Undirected,35
22720,85123A,Undirected,118
22722,85123A,Undirected,55
22720,22721,Undirected,51
22666,22721,Undirected,30
22665,22721,Undirected,33
22721,22722,Undirected,32
22721,22723,Undirected,45
22666,22720,Undirected,169
21754,22720,Undirected,45
22467,22720,Undirected,32
22666,22722,Undirected,98
22666,22723,Undirected,32
21754,22722,Undirected,34
22722,84380,Undirected,32
22722,84378,Undirected,45
22722,84991,Undirected,30
22423,22720,Undirected,150
22720,82482,Undirected,56
22630,22720,Undirected,32
22629,22720,Undirected,41
22720,22728,Undirected,49
22699,22720,Undirected,74
22722,22969,Undirected,59
22423,22722,Undirected,72
22197,22722,Undirected,31
21181,22722,Undirected,39
22469,22722,Undirected,32
22722,85099B,Undirected,47
21212,22722,Undirected,42
22077,22722,Undirected,34
22457,22720,Undirected,68
22457,22722,Undirected,36
22558,22720,Undirected,49
22627,22720,Undirected,47
22900,22970,Undirected,60
22720,22840,Undirected,41
21212,22720,Undirected,72
21210,22720,Undirected,40
21080,22720,Undirected,35
22722,22966,Undirected,42
22624,22722,Undirected,41
22625,22722,Undirected,31
22970,22971,Undirected,97
22720,82483,Undirected,35
22382,22720,Undirected,39
21034,22720,Undirected,38
22971,22988,Undirected,63
22720,22966,Undirected,60
22720,22965,Undirected,34
22178,22722,Undirected,35
22469,22720,Undirected,55
22178,22720,Undirected,57
22086,22720,Undirected,41
22970,22988,Undirected,43
21485,22720,Undirected,43
22720,22726,Undirected,72
22720,22727,Undirected,65
20914,22720,Undirected,77
22427,22720,Undirected,41
22720,22844,Undirected,36
22326,22720,Undirected,30
22720,82486,Undirected,30
22720,84978,Undirected,37
21217,22720,Undirected,33
22625,22720,Undirected,68
22624,22720,Undirected,104
22720,84879,Undirected,98
22720,22776,Undirected,41
22173,22720,Undirected,32
22722,22907,Undirected,55
22720,22907,Undirected,89
20914,22722,Undirected,52
21977,22960,Undirected,46
22193,22960,Undirected,31
22720,22969,Undirected,79
22692,22720,Undirected,44
21977,22720,Undirected,48
22193,22720,Undirected,39
22720,22847,Undirected,42
21790,22720,Undirected,33
21977,22722,Undirected,37
21216,22720,Undirected,33
22558,22722,Undirected,31
22077,22720,Undirected,57
22720,82484,Undirected,42
22720,84380,Undirected,53
20724,22720,Undirected,35
22720,POST,Undirected,49
22112,22720,Undirected,34
21232,22720,Undirected,47
22697,22720,Undirected,54
21533,22720,Undirected,33
21535,22720,Undirected,31
21843,22720,Undirected,40
22667,22720,Undirected,55
21931,22720,Undirected,36
22713,22970,Undirected,35
22616,22970,Undirected,53
22616,22971,Undirected,32
21524,22720,Undirected,30
22470,22720,Undirected,43
22900,22971,Undirected,36
21733,22720,Undirected,30
22720,85066,Undirected,45
22197,22720,Undirected,60
22720,85099B,Undirected,89
21430,22720,Undirected,42
22720,84991,Undirected,42
22385,DOT,Undirected,55
21877,22720,Undirected,37
22720,84375,Undirected,32
22720,82494L,Undirected,56
22720,47566,Undirected,110
22720,22846,Undirected,37
22191,22720,Undirected,42
22720,84378,Undirected,46
20725,22720,Undirected,70
20725,22722,Undirected,30
22722,84879,Undirected,53
22720,48187,Undirected,47
22424,22720,Undirected,42
22720,22730,Undirected,43
22720,22841,Undirected,34
22386,22720,Undirected,46
22138,22966,Undirected,31
22699,22722,Undirected,41
22858,22860,Undirected,42
22138,22720,Undirected,65
22138,22722,Undirected,34
22722,22846,Undirected,31
22192,22720,Undirected,31
22720,48194,Undirected,31
22697,22722,Undirected,33
22722,47566,Undirected,56
21175,22720,Undirected,34
21181,22720,Undirected,43
22383,22720,Undirected,46
22457,22960,Undirected,50
21975,22961,Undirected,32
22659,22970,Undirected,61
22692,47566,Undirected,31
21498,23230,Undirected,36
20728,22720,Undirected,40
22659,22971,Undirected,34
47566b,85099B,Undirected,41
22957,22967,Undirected,58
22720,22957,Undirected,31
22720,84988,Undirected,30
23232,23233,Undirected,57
23231,23232,Undirected,45
23231,23233,Undirected,37
22423,23231,Undirected,37
22858,22957,Undirected,30
22859,22957,Undirected,33
22139,22720,Undirected,47
22844,DOT,Undirected,32
23230,23231,Undirected,35
23230,23232,Undirected,33
20712,22668,Undirected,34
22138,22969,Undirected,37
21498,23231,Undirected,41
20713,22720,Undirected,31
16161P,23231,Undirected,41
20727,22720,Undirected,38
22384,22720,Undirected,42
22776,22960,Undirected,35
22986,23231,Undirected,39
22045,23230,Undirected,39
22191,22960,Undirected,33
23231,POST,Undirected,30
20712,47566b,Undirected,38
22907,22989,Undirected,53
22722,22989,Undirected,40
22720,22989,Undirected,66
22698,22720,Undirected,40
22666,22989,Undirected,43
22989,22990,Undirected,39
22960,22989,Undirected,49
22961,22989,Undirected,32
22423,22989,Undirected,44
22993,85099B,Undirected,66
22961,22993,Undirected,96
22960,22993,Undirected,121
22722,22993,Undirected,79
22720,22993,Undirected,110
22969,22993,Undirected,43
20914,22993,Undirected,69
23000,23006,Undirected,35
22998,23006,Undirected,47
23000,23004,Undirected,32
22998,23004,Undirected,42
23000,23002,Undirected,34
22994,23002,Undirected,32
22998,23002,Undirected,54
22994,23000,Undirected,39
22998,23000,Undirected,75
22994,22998,Undirected,69
22197,22993,Undirected,87
22993,22998,Undirected,30
22197,22998,Undirected,38
22197,22996,Undirected,35
22998,22999,Undirected,84
22995,22999,Undirected,38
22996,22999,Undirected,55
22995,22998,Undirected,62
22996,22998,Undirected,113
22995,22996,Undirected,50
22993,85123A,Undirected,75
22139,22993,Undirected,33
22993,84380,Undirected,64
22965,22993,Undirected,34
22993,84378,Undirected,53
22557,22993,Undirected,33
22551,22993,Undirected,32
22978,22980,Undirected,42
22722,22978,Undirected,42
22978,22993,Undirected,41
22722,22980,Undirected,35
22980,22989,Undirected,32
22980,22993,Undirected,47
22989,22993,Undirected,46
21977,22993,Undirected,57
22993,84991,Undirected,55
22997,23000,Undirected,35
23000,23005,Undirected,34
22996,23000,Undirected,63
22997,22998,Undirected,76
22998,23005,Undirected,61
22997,23005,Undirected,38
22996,22997,Undirected,55
22996,23005,Undirected,43
22996,23006,Undirected,40
22996,23002,Undirected,42
22995,23002,Undirected,37
22994,22995,Undirected,42
22995,23005,Undirected,31
22994,23005,Undirected,32
22726,22993,Undirected,44
22995,22997,Undirected,39
22999,23006,Undirected,33
22727,22998,Undirected,38
22998,84879,Undirected,38
22720,22978,Undirected,37
22423,22980,Undirected,30
22423,22993,Undirected,83
22697,22993,Undirected,31
22699,22993,Undirected,40
22907,22993,Undirected,52
22960,22978,Undirected,43
22666,22978,Undirected,37
22960,22980,Undirected,37
22961,22980,Undirected,33
22720,22980,Undirected,33
22966,22993,Undirected,67
22666,22993,Undirected,87
20972,22993,Undirected,31
22951,22993,Undirected,30
21212,22993,Undirected,81
22386,22993,Undirected,33
22411,22993,Undirected,45
21931,22993,Undirected,43
22383,22993,Undirected,54
20726,22993,Undirected,39
20725,22993,Undirected,59
22382,22993,Undirected,41
22662,22993,Undirected,31
20728,22993,Undirected,48
22384,22993,Undirected,41
22629,22993,Undirected,43
22659,22993,Undirected,39
21034,22993,Undirected,32
22993,47566,Undirected,76
22730,22993,Undirected,42
22084,22993,Undirected,33
22326,22993,Undirected,33
22991,22992,Undirected,80
22994,22997,Undirected,42
22999,23000,Undirected,57
22994,22999,Undirected,32
22998,47566,Undirected,33
22993,84978,Undirected,33
22652,22993,Undirected,32
22993,84992,Undirected,31
22138,22993,Undirected,38
22383,22998,Undirected,34
20725,22998,Undirected,36
22382,22998,Undirected,33
22090,22993,Undirected,33
22998,85123A,Undirected,44
22998,85099B,Undirected,31
22667,22993,Undirected,33
20727,22993,Undirected,42
22995,23000,Undirected,30
22999,23004,Undirected,33
22994,22996,Undirected,57
22630,22993,Undirected,36
21931,47566b,Undirected,38
22993,84879,Undirected,42
22727,22993,Undirected,50
22728,22993,Undirected,31
22624,22993,Undirected,42
22993,84375,Undirected,36
22616,22993,Undirected,32
22197,22992,Undirected,31
22993,71459,Undirected,35
22457,22993,Undirected,35
22558,22993,Undirected,49
22704,23232,Undirected,33
22328,22993,Undirected,32
22077,22993,Undirected,54
22178,22993,Undirected,31
21754,22993,Undirected,31
22960,22979,Undirected,40
22961,22979,Undirected,36
22720,22979,Undirected,32
22722,22979,Undirected,32
22907,22979,Undirected,31
22423,22979,Undirected,42
23177,23193,Undirected,35
23177,23194,Undirected,49
23176,23177,Undirected,61
23193,23194,Undirected,42
23176,23194,Undirected,44
22978,22982,Undirected,36
22979,22993,Undirected,64
22670,23182,Undirected,33
23126,23127,Undirected,91
22417,22993,Undirected,31
23127,23128,Undirected,47
23126,23128,Undirected,59
22979,22982,Undirected,35
22979,22980,Undirected,85
22978,22979,Undirected,41
23049,23053,Undirected,44
23049,23054,Undirected,46
23049,23050,Undirected,65
23049,23052,Undirected,87
23049,23051,Undirected,59
23053,23054,Undirected,51
23050,23053,Undirected,66
23052,23053,Undirected,79
23051,23053,Undirected,45
23050,23054,Undirected,59
23052,23054,Undirected,69
23051,23054,Undirected,39
23050,23052,Undirected,93
23050,23051,Undirected,68
23051,23052,Undirected,63
22411,47566b,Undirected,41
22982,22993,Undirected,34
22979,22989,Undirected,32
22429,22979,Undirected,31
22750,23126,Undirected,32
22659,22996,Undirected,31
22749,23126,Undirected,39
23007,23010,Undirected,44
23007,23008,Undirected,69
23008,23010,Undirected,36
22423,23052,Undirected,33
23052,47566,Undirected,30
22659,22998,Undirected,41
20971,23126,Undirected,36
23076,23078,Undirected,42
23077,23078,Undirected,46
23154,23156,Undirected,62
23154,23159,Undirected,65
23158,23159,Undirected,34
23156,23159,Undirected,58
23159,POST,Undirected,31
23156,23158,Undirected,35
23076,23077,Undirected,50
22568,23126,Undirected,31
23254,84997D,Undirected,47
23256,84997D,Undirected,72
23256,84997C,Undirected,30
23254,23256,Undirected,156
23255,23256,Undirected,71
23254,23255,Undirected,72
22630,23256,Undirected,31
22630,23254,Undirected,32
23201,23205,Undirected,97
23205,23207,Undirected,73
20728,23205,Undirected,51
21931,23205,Undirected,33
20725,23205,Undirected,48
23199,23205,Undirected,56
23205,23206,Undirected,63
23204,23205,Undirected,112
23201,23207,Undirected,166
20728,23201,Undirected,90
21931,23201,Undirected,143
23201,85099C,Undirected,99
20725,23201,Undirected,102
23199,23201,Undirected,220
23201,23206,Undirected,115
23201,23204,Undirected,68
20728,23207,Undirected,154
21931,23207,Undirected,59
23207,85099C,Undirected,42
20725,23207,Undirected,160
23199,23207,Undirected,91
23206,23207,Undirected,206
23204,23207,Undirected,63
20728,23199,Undirected,102
20728,23206,Undirected,193
20728,23204,Undirected,59
21931,23199,Undirected,181
21931,23206,Undirected,91
21931,23204,Undirected,60
23199,85099C,Undirected,121
23206,85099C,Undirected,51
23204,85099C,Undirected,34
20725,23199,Undirected,124
20725,23206,Undirected,265
20725,23204,Undirected,78
23199,23206,Undirected,203
23199,23204,Undirected,114
23204,23206,Undirected,129
23206,84755,Undirected,31
23207,23256,Undirected,37
23207,23254,Undirected,32
21212,23204,Undirected,32
21212,23207,Undirected,34
21212,23201,Undirected,38
23205,23208,Undirected,69
23204,23208,Undirected,86
23207,23208,Undirected,161
23201,23208,Undirected,90
22139,23206,Undirected,31
22383,23206,Undirected,247
22727,23208,Undirected,43
22727,23206,Undirected,44
22178,23206,Undirected,32
23208,84879,Undirected,52
23206,84879,Undirected,65
23206,23208,Undirected,219
22726,23208,Undirected,31
22726,23206,Undirected,32
21929,23201,Undirected,101
21928,23201,Undirected,91
23201,85099B,Undirected,218
23201,85099F,Undirected,110
22993,23207,Undirected,44
22993,23206,Undirected,42
22457,23206,Undirected,37
22666,23206,Undirected,37
22382,23201,Undirected,77
22383,23201,Undirected,98
23201,85123A,Undirected,55
21931,23208,Undirected,64
21929,23199,Undirected,108
21929,23207,Undirected,34
21929,23208,Undirected,47
21929,23206,Undirected,49
23199,85099F,Undirected,104
23207,85099F,Undirected,44
23208,85099F,Undirected,47
23206,85099F,Undirected,61
23208,85099C,Undirected,50
23199,85099B,Undirected,293
23207,85099B,Undirected,92
23208,85099B,Undirected,109
23206,85099B,Undirected,149
22382,23199,Undirected,88
23199,23208,Undirected,126
22383,23199,Undirected,111
23199,85123A,Undirected,48
22382,23207,Undirected,152
22382,23208,Undirected,141
22382,23206,Undirected,204
22383,23207,Undirected,155
23207,85123A,Undirected,43
22383,23208,Undirected,160
20725,23208,Undirected,173
23208,85123A,Undirected,53
23206,85123A,Undirected,64
22630,23207,Undirected,33
22629,23207,Undirected,43
20727,23207,Undirected,145
22356,23207,Undirected,34
22661,23207,Undirected,33
22662,23207,Undirected,100
20724,23207,Undirected,51
21936,23207,Undirected,37
20719,23207,Undirected,34
20726,23207,Undirected,119
22384,23207,Undirected,141
20723,23207,Undirected,38
22355,23207,Undirected,36
20727,23205,Undirected,51
22356,23205,Undirected,67
22382,23205,Undirected,49
22661,23205,Undirected,57
22662,23205,Undirected,31
20724,23205,Undirected,100
20719,23205,Undirected,62
20726,23205,Undirected,36
22384,23205,Undirected,44
20723,23205,Undirected,66
22383,23205,Undirected,50
22355,23205,Undirected,92
20727,23256,Undirected,39
20727,23204,Undirected,62
20727,23206,Undirected,202
22356,23204,Undirected,92
22356,23206,Undirected,50
22382,23256,Undirected,50
23206,23256,Undirected,40
20725,23256,Undirected,38
22384,23256,Undirected,31
20728,23256,Undirected,33
22367,23206,Undirected,33
22382,23254,Undirected,41
22382,23204,Undirected,59
23206,23254,Undirected,37
20725,23254,Undirected,30
22661,23204,Undirected,73
22661,23206,Undirected,47
22662,23204,Undirected,34
22662,23206,Undirected,127
20724,23204,Undirected,147
20719,23204,Undirected,112
20726,23204,Undirected,59
22384,23204,Undirected,57
20723,23204,Undirected,105
22383,23204,Undirected,74
22355,23204,Undirected,124
21977,23206,Undirected,35
23206,84991,Undirected,35
20724,23206,Undirected,87
21936,23206,Undirected,74
20718,23206,Undirected,30
20719,23206,Undirected,59
20726,23206,Undirected,206
22384,23206,Undirected,192
20723,23206,Undirected,63
22355,23206,Undirected,83
23204,47566,Undirected,39
23207,47566,Undirected,59
22727,23207,Undirected,33
23201,47566,Undirected,62
22727,23201,Undirected,39
23208,47566,Undirected,54
23206,47566,Undirected,88
22662,23208,Undirected,74
22150,23126,Undirected,30
22384,23201,Undirected,83
21936,23201,Undirected,34
21928,23206,Undirected,58
21928,23207,Undirected,44
21937,23206,Undirected,32
21932,23206,Undirected,41
22728,23206,Undirected,31
23205,85099B,Undirected,63
22386,23205,Undirected,35
20727,23201,Undirected,81
22662,23201,Undirected,53
22411,23201,Undirected,124
22386,23201,Undirected,151
21930,23201,Undirected,72
22411,23207,Undirected,53
22386,23207,Undirected,70
21930,23207,Undirected,33
21936,23208,Undirected,33
22384,23208,Undirected,127
20727,23208,Undirected,154
20728,23208,Undirected,127
22411,23208,Undirected,62
22386,23208,Undirected,63
21930,23208,Undirected,44
21928,23208,Undirected,44
21936,23199,Undirected,57
22384,23199,Undirected,104
20727,23199,Undirected,103
22662,23199,Undirected,48
22411,23199,Undirected,155
22386,23199,Undirected,195
21930,23199,Undirected,93
21928,23199,Undirected,98
23199,47566,Undirected,47
22411,23206,Undirected,75
22386,23206,Undirected,98
21930,23206,Undirected,57
23256,85099B,Undirected,32
22629,23201,Undirected,35
22993,23201,Undirected,41
22629,23254,Undirected,41
22629,23256,Undirected,49
20914,23206,Undirected,43
22090,23206,Undirected,32
22663,23199,Undirected,63
20712,23199,Undirected,115
22356,23199,Undirected,42
20723,23199,Undirected,38
20724,23199,Undirected,65
22663,23201,Undirected,62
23204,85099F,Undirected,31
20712,23208,Undirected,35
20712,23207,Undirected,35
20712,23201,Undirected,66
20712,23204,Undirected,35
22386,23204,Undirected,60
22356,23208,Undirected,41
22661,23208,Undirected,34
20723,23208,Undirected,45
20724,23208,Undirected,60
22356,23201,Undirected,38
20723,23201,Undirected,42
20724,23201,Undirected,60
22423,23207,Undirected,38
22998,23208,Undirected,33
22993,23208,Undirected,33
20712,23206,Undirected,64
20719,23208,Undirected,42
21559,23206,Undirected,42
22355,23208,Undirected,46
22993,23199,Undirected,33
20726,23208,Undirected,116
20726,23201,Undirected,56
20726,23199,Undirected,79
21212,23206,Undirected,46
22326,23206,Undirected,49
22326,23204,Undirected,30
23206,POST,Undirected,64
23204,POST,Undirected,56
23201,84879,Undirected,40
20719,23201,Undirected,43
23199,POST,Undirected,48
22998,23206,Undirected,33
20914,23207,Undirected,31
22630,23206,Undirected,40
22629,23206,Undirected,58
22659,23206,Undirected,46
22328,23206,Undirected,51
22326,23208,Undirected,34
22328,23208,Undirected,38
22326,23207,Undirected,34
22328,23207,Undirected,30
22385,23201,Undirected,87
22385,23206,Undirected,55
22385,23199,Undirected,109
21932,23208,Undirected,32
21933,23206,Undirected,39
23204,85099B,Undirected,87
22411,23204,Undirected,30
22328,23199,Undirected,33
22326,23199,Undirected,35
21212,23199,Undirected,30
22326,23256,Undirected,42
21080,23199,Undirected,31
22355,23201,Undirected,54
22355,23199,Undirected,60
20719,23199,Undirected,47
22663,23206,Undirected,32
22423,23201,Undirected,44
21975,23206,Undirected,31
23199,84879,Undirected,36
23207,84879,Undirected,35
20718,23199,Undirected,44
22423,23199,Undirected,34
22423,23206,Undirected,45
22423,23256,Undirected,30
23256,POST,Undirected,55
23255,84997D,Undirected,34
22379,23206,Undirected,37
20711,23199,Undirected,62
23068,85123A,Undirected,35
22501,23199,Undirected,32
22379,23201,Undirected,37
22197,23201,Undirected,46
23133,85123A,Undirected,38
21213,23206,Undirected,30
23065,23066,Undirected,32
23146,85123A,Undirected,34
23147,85123A,Undirected,38
23147,84879,Undirected,35
23146,23147,Undirected,74
23146,23148,Undirected,40
23147,23148,Undirected,53
22352,23206,Undirected,34
22556,23206,Undirected,36
22381,23201,Undirected,30
22178,23144,Undirected,31
23145,84970L,Undirected,36
23144,84970L,Undirected,34
23144,84970S,Undirected,52
23144,23145,Undirected,63
20711,23201,Undirected,47
22629,23199,Undirected,35
22379,23199,Undirected,55
22381,23199,Undirected,35
22630,23199,Undirected,32
23199,DOT,Undirected,44
21731,23199,Undirected,33
22197,23199,Undirected,39
22197,23207,Undirected,33
23144,85123A,Undirected,30
23199,23284,Undirected,31
23206,84997D,Undirected,30
22326,23254,Undirected,32
23254,POST,Undirected,51
23284,48185,Undirected,34
23132,85123A,Undirected,30
23201,23284,Undirected,34
22898,23206,Undirected,39
22554,23206,Undirected,42
23147,47566,Undirected,31
23284,47566,Undirected,49
23160,23161,Undirected,35
23284,84879,Undirected,43
20725,23284,Undirected,30
23284,48187,Undirected,52
22727,23284,Undirected,32
21524,23284,Undirected,37
23152,85123A,Undirected,30
20685,23284,Undirected,58
23284,85123A,Undirected,48
22197,23284,Undirected,39
22197,23206,Undirected,35
21523,23283,Undirected,30
23283,48184,Undirected,36
23283,48187,Undirected,32
23283,23284,Undirected,66
23283,48138,Undirected,33
22328,23204,Undirected,30
23284,85099B,Undirected,59
21523,23284,Undirected,48
23284,48194,Undirected,50
23298,47566,Undirected,290
23298,23299,Undirected,30
22993,23298,Undirected,64
21977,23298,Undirected,34
23298,84991,Undirected,39
23162,23163,Undirected,31
22423,23163,Undirected,41
22423,23162,Undirected,35
21621,23298,Undirected,62
22423,23208,Undirected,30
22720,23298,Undirected,71
22423,23284,Undirected,60
23284,48188,Undirected,37
22139,23298,Undirected,35
20725,23298,Undirected,92
22384,23298,Undirected,65
20727,23298,Undirected,58
23206,23298,Undirected,81
20728,23298,Undirected,62
23298,82486,Undirected,33
23298,82482,Undirected,53
23204,23298,Undirected,38
20724,23298,Undirected,45
22629,23298,Undirected,31
23298,85123A,Undirected,100
23284,23298,Undirected,47
23199,23298,Undirected,62
23298,85099C,Undirected,38
23298,47566B,Undirected,56
21929,23298,Undirected,33
22411,23298,Undirected,49
23208,23298,Undirected,49
23207,23298,Undirected,57
23298,85099B,Undirected,98
22692,23284,Undirected,31
22690,23284,Undirected,49
21754,23298,Undirected,45
23298,84755,Undirected,54
21034,23298,Undirected,36
22178,23298,Undirected,53
23298,84978,Undirected,46
23298,84946,Undirected,34
23298,84879,Undirected,118
22668,23298,Undirected,35
22457,23298,Undirected,61
22699,23163,Undirected,33
23256,23298,Undirected,30
23254,23298,Undirected,31
22699,23298,Undirected,32
22423,23298,Undirected,85
23298,47590A,Undirected,51
20914,23298,Undirected,45
22558,23298,Undirected,37
22727,23298,Undirected,47
22662,23298,Undirected,37
23201,23298,Undirected,62
20718,23298,Undirected,30
23284,48184,Undirected,39
21172,23298,Undirected,40
22699,23209,Undirected,38
22697,23209,Undirected,30
22178,23209,Undirected,41
22383,23209,Undirected,223
20728,23209,Undirected,187
22662,23209,Undirected,118
21933,23209,Undirected,39
20727,23209,Undirected,221
21932,23209,Undirected,50
22197,23209,Undirected,64
20724,23209,Undirected,78
22356,23209,Undirected,47
22423,23209,Undirected,62
22384,23209,Undirected,202
23199,23200,Undirected,216
23203,23209,Undirected,316
23199,23209,Undirected,133
23200,23209,Undirected,105
23201,23209,Undirected,120
23207,23209,Undirected,174
23204,23209,Undirected,77
23205,23209,Undirected,61
23209,23256,Undirected,40
23209,23254,Undirected,33
21790,23209,Undirected,32
21559,23209,Undirected,37
23199,23203,Undirected,230
23200,23203,Undirected,186
23201,23203,Undirected,230
23203,23207,Undirected,113
23203,23204,Undirected,80
23203,23205,Undirected,55
22197,23203,Undirected,73
23200,23201,Undirected,113
23200,23207,Undirected,45
23200,23204,Undirected,53
23199,23202,Undirected,205
23200,23202,Undirected,170
23200,23208,Undirected,75
23200,23206,Undirected,100
23202,23284,Undirected,36
23202,23208,Undirected,147
23202,23206,Undirected,109
23202,85123A,Undirected,41
23202,84879,Undirected,41
22423,23202,Undirected,44
21080,23298,Undirected,40
22907,23298,Undirected,32
22993,23209,Undirected,65
23209,23298,Undirected,111
20726,23298,Undirected,37
22189,23298,Undirected,31
20726,23209,Undirected,159
23209,47566,Undirected,82
21929,23203,Undirected,120
21929,23202,Undirected,107
23203,85099C,Undirected,126
23202,85099C,Undirected,110
23201,23202,Undirected,195
21931,23203,Undirected,162
21931,23202,Undirected,133
22386,23203,Undirected,193
22386,23202,Undirected,143
23202,23203,Undirected,322
23203,85099B,Undirected,358
21977,23203,Undirected,38
23203,23284,Undirected,55
23202,85099B,Undirected,257
21977,23202,Undirected,30
23202,23283,Undirected,31
23284,48138,Undirected,93
23298,47590B,Undirected,50
22411,23203,Undirected,179
22411,23202,Undirected,143
20725,23209,Undirected,285
20725,23202,Undirected,110
20725,23203,Undirected,172
23209,85099B,Undirected,166
23202,23209,Undirected,169
20723,23209,Undirected,55
23208,23209,Undirected,230
20723,23202,Undirected,37
20723,23203,Undirected,51
23203,23208,Undirected,142
21755,23298,Undirected,35
23298,48187,Undirected,32
23209,23284,Undirected,36
20685,23283,Undirected,40
22659,23209,Undirected,38
22998,23209,Undirected,30
22666,23209,Undirected,40
22384,23200,Undirected,58
22384,23202,Undirected,94
22384,23203,Undirected,119
22629,23209,Undirected,52
20718,23209,Undirected,32
22411,23209,Undirected,84
20726,23200,Undirected,54
20726,23202,Undirected,52
20726,23203,Undirected,89
20728,23200,Undirected,61
20728,23202,Undirected,82
20728,23203,Undirected,110
22383,23298,Undirected,66
22383,23200,Undirected,60
22383,23202,Undirected,87
22383,23203,Undirected,127
23200,23298,Undirected,34
23202,23298,Undirected,72
23203,23298,Undirected,126
22629,23203,Undirected,41
22993,23202,Undirected,33
22993,23203,Undirected,40
23200,85099B,Undirected,143
22411,23200,Undirected,78
20718,23202,Undirected,36
20718,23203,Undirected,39
21034,23203,Undirected,32
20727,23202,Undirected,98
20727,23203,Undirected,134
23203,84997D,Undirected,30
23203,85123A,Undirected,73
23203,84755,Undirected,42
22386,23298,Undirected,49
22090,23298,Undirected,62
21212,23298,Undirected,55
23202,23207,Undirected,86
22386,23200,Undirected,96
20712,23200,Undirected,55
22382,23200,Undirected,41
20712,23203,Undirected,90
22381,23203,Undirected,43
22382,23203,Undirected,109
23203,23206,Undirected,151
22356,23203,Undirected,62
22355,23203,Undirected,81
21975,23203,Undirected,32
21212,23203,Undirected,49
23203,84991,Undirected,32
22382,23298,Undirected,51
22379,23203,Undirected,67
22379,23202,Undirected,53
22381,23202,Undirected,34
23206,23209,Undirected,250
22083,23298,Undirected,37
20727,23200,Undirected,68
23209,84991,Undirected,35
21212,23209,Undirected,46
20712,23209,Undirected,42
23209,85099F,Undirected,55
21212,23202,Undirected,36
22197,23298,Undirected,39
22666,23298,Undirected,47
23298,85099F,Undirected,41
22197,23202,Undirected,40
22662,23202,Undirected,60
22662,23200,Undirected,31
20712,23202,Undirected,56
23202,85099F,Undirected,113
23200,85099F,Undirected,71
20685,23298,Undirected,30
23203,48187,Undirected,32
23202,23204,Undirected,60
23202,23205,Undirected,42
22355,23202,Undirected,48
20914,23209,Undirected,63
22138,23298,Undirected,34
20914,23203,Undirected,40
23283,48194,Undirected,42
22666,23203,Undirected,35
23202,47566,Undirected,53
23203,47566,Undirected,89
22178,23203,Undirected,33
21932,23203,Undirected,38
22328,23209,Undirected,42
22382,23209,Undirected,194
21936,23209,Undirected,58
22728,23209,Undirected,46
22727,23209,Undirected,61
21936,23298,Undirected,31
22728,23298,Undirected,38
22385,23207,Undirected,32
21928,23209,Undirected,52
22386,23209,Undirected,101
22385,23209,Undirected,44
22630,23203,Undirected,38
22630,23209,Undirected,46
21936,23202,Undirected,34
21936,23203,Undirected,39
22385,23202,Undirected,92
22382,23202,Undirected,73
22326,23203,Undirected,35
22385,23203,Undirected,100
23209,85099C,Undirected,55
21931,23209,Undirected,75
22326,23209,Undirected,50
21929,23209,Undirected,64
23203,85099F,Undirected,116
23209,85123A,Undirected,78
21175,23209,Undirected,32
23209,84879,Undirected,83
22669,23298,Undirected,33
23191,23192,Undirected,39
23190,23192,Undirected,43
22662,23203,Undirected,71
23209,POST,Undirected,42
23203,POST,Undirected,50
23298,POST,Undirected,44
22661,23209,Undirected,32
22355,23209,Undirected,61
20719,23209,Undirected,45
22149,23209,Undirected,30
23209,23231,Undirected,36
23173,23209,Undirected,32
23171,23209,Undirected,31
23170,23209,Undirected,39
22379,23209,Undirected,49
23174,23175,Undirected,166
23173,23175,Undirected,161
23172,23175,Undirected,82
23171,23175,Undirected,89
23170,23175,Undirected,106
23173,23174,Undirected,158
23172,23174,Undirected,88
23171,23174,Undirected,103
23170,23174,Undirected,113
23172,23173,Undirected,85
23171,23173,Undirected,97
23170,23173,Undirected,124
23171,23172,Undirected,159
23170,23172,Undirected,154
23170,23171,Undirected,179
22961,23298,Undirected,56
23170,23298,Undirected,30
22698,23175,Undirected,73
22697,23175,Undirected,85
22699,23175,Undirected,105
22698,23174,Undirected,79
22697,23174,Undirected,91
22699,23174,Undirected,112
22698,23173,Undirected,101
22697,23173,Undirected,118
22699,23173,Undirected,151
22423,23171,Undirected,88
23170,23203,Undirected,34
21731,23206,Undirected,32
22698,23172,Undirected,92
22698,23171,Undirected,90
22698,23170,Undirected,86
22697,23172,Undirected,85
22699,23172,Undirected,94
22423,23172,Undirected,76
22697,23171,Undirected,103
22699,23171,Undirected,108
22697,23170,Undirected,93
22699,23170,Undirected,137
22423,23170,Undirected,112
22699,23203,Undirected,36
22423,23203,Undirected,71
23203,84879,Undirected,76
22077,23298,Undirected,39
22423,23173,Undirected,146
22727,23084,Undirected,53
23084,23201,Undirected,38
22423,23175,Undirected,108
22423,23174,Undirected,113
22847,23209,Undirected,32
23108,47566,Undirected,41
23108,23298,Undirected,45
23080,23081,Undirected,51
23084,23108,Undirected,50
23084,23298,Undirected,32
22728,23084,Undirected,43
22423,23110,Undirected,34
22847,23203,Undirected,34
22699,23162,Undirected,30
23100,23102,Undirected,35
23084,23209,Undirected,43
21977,23209,Undirected,31
23084,23203,Undirected,57
23082,23084,Undirected,32
20725,23084,Undirected,30
20712,23084,Undirected,33
22197,23084,Undirected,58
21931,23084,Undirected,36
23084,85099B,Undirected,52
22138,23084,Undirected,32
23084,23256,Undirected,30
22551,23084,Undirected,33
22326,23084,Undirected,45
23209,84997D,Undirected,30
20972,23209,Undirected,31
22961,23203,Undirected,41
22727,23203,Undirected,66
22728,23203,Undirected,39
22961,23209,Undirected,43
22423,23112,Undirected,32
21731,23084,Undirected,97
22382,23084,Undirected,42
20726,23084,Undirected,39
22630,23084,Undirected,39
22457,23209,Undirected,34
22457,23203,Undirected,30
23209,82482,Undirected,39
23203,82482,Undirected,37
23108,23203,Undirected,32
20719,23203,Undirected,53
23192,23201,Undirected,30
21928,23203,Undirected,126
21314,23298,Undirected,31
22554,23084,Undirected,36
23084,POST,Undirected,108
22629,23084,Undirected,45
23084,84879,Undirected,41
22139,23084,Undirected,39
23173,23298,Undirected,40
23298,82484,Undirected,43
23173,85123A,Undirected,31
23110,23118,Undirected,52
20725,23200,Undirected,69
23084,23202,Undirected,41
23084,23199,Undirected,45
22960,23209,Undirected,37
22960,23203,Undirected,34
23165,23203,Undirected,33
23165,23166,Undirected,83
23165,23167,Undirected,60
23166,23167,Undirected,73
22960,23298,Undirected,46
23084,23206,Undirected,42
21481,23084,Undirected,30
22423,23084,Undirected,51
23173,84879,Undirected,34
21928,23200,Undirected,52
21931,23200,Undirected,72
23200,85099C,Undirected,65
21930,23202,Undirected,72
21930,23209,Undirected,51
23163,23170,Undirected,35
21930,23200,Undirected,57
23175,23298,Undirected,32
23174,23298,Undirected,31
23110,23112,Undirected,52
23110,23111,Undirected,34
23112,23118,Undirected,45
23111,23118,Undirected,53
23101,23102,Undirected,45
23100,23101,Undirected,51
23103,85123A,Undirected,35
23300,23301,Undirected,304
22457,23301,Undirected,31
23301,84879,Undirected,49
23300,84879,Undirected,39
23301,23302,Undirected,77
23300,23302,Undirected,69
22423,23108,Undirected,38
23209,84755,Undirected,30
23108,POST,Undirected,38
23082,23083,Undirected,55
21930,23203,Undirected,91
23202,23301,Undirected,53
23202,23300,Undirected,40
23203,23301,Undirected,73
23203,23300,Undirected,56
23209,23301,Undirected,60
23209,23300,Undirected,51
23284,23301,Undirected,82
23284,23300,Undirected,51
20724,23202,Undirected,59
22961,23118,Undirected,30
22139,23203,Undirected,47
23163,23173,Undirected,42
23163,23174,Undirected,40
23163,23175,Undirected,40
23162,23173,Undirected,32
22139,23209,Undirected,37
23175,47566,Undirected,33
23173,47566,Undirected,41
22470,23298,Undirected,51
22469,23298,Undirected,65
22470,23300,Undirected,32
23301,85123A,Undirected,74
22138,23301,Undirected,32
22411,23301,Undirected,46
23301,85099B,Undirected,73
22469,23301,Undirected,46
23300,85123A,Undirected,69
23300,85099B,Undirected,49
22469,23300,Undirected,38
22470,23209,Undirected,38
20725,23301,Undirected,49
20725,23300,Undirected,45
22383,23301,Undirected,49
22383,23300,Undirected,40
23208,23301,Undirected,44
23208,23300,Undirected,35
22470,23301,Undirected,38
22386,23301,Undirected,42
22382,23301,Undirected,42
23207,23301,Undirected,41
23206,23301,Undirected,46
23301,82482,Undirected,37
23199,23301,Undirected,52
23298,23301,Undirected,69
20914,23301,Undirected,39
22382,23300,Undirected,37
23207,23300,Undirected,33
23206,23300,Undirected,37
23300,82482,Undirected,30
23199,23300,Undirected,40
23298,23300,Undirected,53
20914,23300,Undirected,32
21175,23301,Undirected,37
21034,23084,Undirected,39
21754,23301,Undirected,30
22666,23300,Undirected,31
22666,23301,Undirected,39
22197,23300,Undirected,50
22197,23301,Undirected,62
21914,23084,Undirected,39
23082,84879,Undirected,31
21034,23300,Undirected,34
22661,23203,Undirected,45
23129,23130,Undirected,50
22384,23300,Undirected,43
20728,23300,Undirected,46
22384,23301,Undirected,52
20728,23301,Undirected,55
22730,23209,Undirected,31
22661,23202,Undirected,33
20724,23200,Undirected,34
21931,23301,Undirected,37
22385,23200,Undirected,60
23200,23300,Undirected,31
23200,23301,Undirected,34
23084,85123A,Undirected,33
23084,23301,Undirected,31
22998,23301,Undirected,33
20711,23202,Undirected,30
20711,23203,Undirected,36
21928,23202,Undirected,92
21929,23200,Undirected,51
22663,23200,Undirected,41
22663,23202,Undirected,66
22663,23203,Undirected,82
22470,23203,Undirected,33
22469,23203,Undirected,42
22469,23209,Undirected,51
22112,23203,Undirected,36
22910,23203,Undirected,44
21034,23301,Undirected,38
20724,23203,Undirected,88
22663,23209,Undirected,35
23300,47566,Undirected,55
22993,23300,Undirected,35
22624,23298,Undirected,30
22469,23206,Undirected,32
22993,23301,Undirected,46
22139,23301,Undirected,31
23301,47566,Undirected,51
22423,23301,Undirected,41
23201,23301,Undirected,33
20727,23301,Undirected,48
22624,23209,Undirected,32
20727,23300,Undirected,34
22356,23202,Undirected,31
22909,23301,Undirected,30
23210,23213,Undirected,34
23210,23212,Undirected,32
23212,23213,Undirected,53
23263,84879,Undirected,35
23263,23270,Undirected,32
23298,23307,Undirected,52
22423,23307,Undirected,39
23307,23309,Undirected,64
23203,82494L,Undirected,38
23263,85123A,Undirected,32
23301,82494L,Undirected,33
23300,82494L,Undirected,30
23209,82494L,Undirected,31
23298,23306,Undirected,31
23306,23307,Undirected,70
23307,84991,Undirected,67
23307,47566,Undirected,33
22993,23307,Undirected,44
23309,84991,Undirected,31
23240,47566,Undirected,46
23240,23298,Undirected,60
21975,23308,Undirected,37
23307,23308,Undirected,80
23307,84992,Undirected,40
23206,23307,Undirected,35
23308,23309,Undirected,43
22659,23238,Undirected,40
23209,23308,Undirected,32
22907,23307,Undirected,38
23209,23307,Undirected,49
23307,POST,Undirected,31
23172,23245,Undirected,48
23171,23245,Undirected,55
23170,23245,Undirected,70
23175,23245,Undirected,54
23174,23245,Undirected,61
23173,23245,Undirected,82
23241,23242,Undirected,73
22112,23209,Undirected,32
23263,23275,Undirected,41
23084,23245,Undirected,34
23238,23240,Undirected,47
23237,23239,Undirected,34
23237,23240,Undirected,50
23236,23241,Undirected,30
23236,23245,Undirected,67
23236,23240,Undirected,88
23236,23243,Undirected,30
23209,23236,Undirected,50
23241,23245,Undirected,31
23240,23241,Undirected,36
23239,23240,Undirected,32
23240,23245,Undirected,92
23243,23245,Undirected,82
22077,23245,Undirected,33
22993,23245,Undirected,35
23209,23245,Undirected,68
23240,23243,Undirected,42
23209,23240,Undirected,53
22993,23243,Undirected,48
22720,23307,Undirected,60
23235,23237,Undirected,30
22417,23308,Undirected,31
22417,23307,Undirected,39
23243,23307,Undirected,33
23245,47566,Undirected,61
22423,23245,Undirected,174
21212,23309,Undirected,33
22383,23321,Undirected,40
22383,23245,Undirected,31
23208,23245,Undirected,31
23206,23321,Undirected,31
23206,23245,Undirected,35
23245,85099B,Undirected,37
23307,85099B,Undirected,39
23243,85099B,Undirected,30
23203,23321,Undirected,38
23203,23245,Undirected,61
23203,23307,Undirected,48
23203,23236,Undirected,39
23203,23243,Undirected,33
22720,23203,Undirected,44
22386,23321,Undirected,30
22469,23321,Undirected,127
22720,23321,Undirected,34
22961,23245,Undirected,55
22961,23307,Undirected,43
22666,23245,Undirected,35
22666,23243,Undirected,49
23245,23307,Undirected,62
22720,23245,Undirected,126
21977,23307,Undirected,70
23236,23307,Undirected,33
22720,23236,Undirected,42
22720,23243,Undirected,154
22699,23245,Undirected,88
22423,23243,Undirected,47
22423,23240,Undirected,39
22624,23245,Undirected,46
23245,23306,Undirected,34
21977,23308,Undirected,41
21212,23308,Undirected,45
21034,23321,Undirected,47
23321,47566,Undirected,35
22470,23321,Undirected,90
22766,23321,Undirected,30
23300,23321,Undirected,36
23321,82483,Undirected,33
22720,23301,Undirected,42
23245,85123A,Undirected,49
23243,47566,Undirected,36
23245,82484,Undirected,32
22720,23209,Undirected,52
22960,23245,Undirected,35
22698,23245,Undirected,63
22697,23245,Undirected,77
23240,84879,Undirected,49
22727,23240,Undirected,41
22624,23243,Undirected,41
22625,23245,Undirected,31
22720,23240,Undirected,61
22961,23240,Undirected,34
23240,23307,Undirected,47
23203,23240,Undirected,63
21212,23307,Undirected,81
21975,23307,Undirected,36
22720,23202,Undirected,38
23265,23266,Undirected,97
23263,23266,Undirected,94
23264,23266,Undirected,82
23263,23265,Undirected,89
23264,23265,Undirected,79
23263,23264,Undirected,67
22470,23322,Undirected,126
23321,23322,Undirected,189
23322,85123A,Undirected,103
22457,23322,Undirected,38
23322,82483,Undirected,33
23321,85123A,Undirected,100
22457,23321,Undirected,39
22197,23321,Undirected,35
23118,23245,Undirected,37
22197,23245,Undirected,33
23321,82482,Undirected,47
23301,23322,Undirected,50
23210,23211,Undirected,46
21034,23322,Undirected,34
23322,82494L,Undirected,33
23321,82494L,Undirected,51
23322,82482,Undirected,36
20914,23321,Undirected,37
23202,23240,Undirected,33
23240,POST,Undirected,55
23245,POST,Undirected,51
23108,23245,Undirected,30
23202,23245,Undirected,38
23203,23241,Undirected,30
22727,23245,Undirected,32
22847,23245,Undirected,30
22197,23343,Undirected,31
23203,23343,Undirected,90
23209,23343,Undirected,37
23202,23308,Undirected,38
23308,84991,Undirected,38
23243,23298,Undirected,48
23285,23286,Undirected,72
22907,23245,Undirected,30
23245,23298,Undirected,59
23240,85099B,Undirected,37
22960,23243,Undirected,33
21733,23322,Undirected,50
21733,23321,Undirected,55
23236,23298,Undirected,31
23287,23288,Undirected,57
23286,23287,Undirected,73
23285,23287,Undirected,51
23286,23288,Undirected,62
23285,23288,Undirected,53
23249,23251,Undirected,37
23250,23251,Undirected,45
23249,23250,Undirected,44
20914,23245,Undirected,31
23307,85123A,Undirected,31
22659,23005,Undirected,38
22720,23306,Undirected,30
23249,23252,Undirected,30
23251,23252,Undirected,38
23250,23252,Undirected,36
23203,23322,Undirected,30
23209,23322,Undirected,35
23300,23322,Undirected,36
23012,23014,Undirected,93
21790,23229,Undirected,39
23028,23032,Undirected,56
23031,23032,Undirected,61
23029,23032,Undirected,57
23032,23035,Undirected,34
23028,23031,Undirected,47
23028,23029,Undirected,45
23029,23031,Undirected,62
23031,23035,Undirected,30
23034,23035,Undirected,36
23012,23013,Undirected,96
23013,23014,Undirected,81
22804,23321,Undirected,30
23298,23321,Undirected,48
20713,23202,Undirected,58
22384,23321,Undirected,47
20725,23321,Undirected,41
23209,23321,Undirected,42
20727,23321,Undirected,52
23202,23307,Undirected,32
21212,23245,Undirected,35
22726,23203,Undirected,57
22726,23245,Undirected,43
22726,23209,Undirected,55
23245,23301,Undirected,32
22384,23322,Undirected,35
20725,23322,Undirected,30
20727,23322,Undirected,34
22910,23344,Undirected,65
23321,82484,Undirected,31
23263,23321,Undirected,33
20728,23321,Undirected,39
23202,23344,Undirected,74
21931,23344,Undirected,67
23200,23344,Undirected,61
21930,23344,Undirected,53
22384,23344,Undirected,41
20725,23344,Undirected,58
23206,23344,Undirected,44
20727,23344,Undirected,55
22383,23344,Undirected,37
20728,23344,Undirected,47
22469,23322,Undirected,78
23322,84879,Undirected,43
22382,23245,Undirected,30
23307,84879,Undirected,32
20713,23206,Undirected,50
20713,23203,Undirected,71
22722,23243,Undirected,43
23289,23291,Undirected,78
23291,23292,Undirected,67
23290,23291,Undirected,64
23289,23292,Undirected,62
23289,23290,Undirected,76
23290,23292,Undirected,85
23245,84879,Undirected,60
20725,23245,Undirected,37
20727,23245,Undirected,31
23207,23245,Undirected,32
22726,23298,Undirected,40
22726,23084,Undirected,55
23290,POST,Undirected,40
23292,POST,Undirected,34
22720,23300,Undirected,31
22726,23240,Undirected,44
23298,23322,Undirected,37
23322,47566,Undirected,34
23321,84879,Undirected,48
23301,23321,Undirected,44
22865,23301,Undirected,40
22951,23307,Undirected,30
22726,23301,Undirected,31
20713,23201,Undirected,71
21888,23229,Undirected,31
20713,23199,Undirected,77
22629,23290,Undirected,35
23256,23290,Undirected,34
22629,23292,Undirected,31
22086,23263,Undirected,45
22086,22993,Undirected,35
22086,23203,Undirected,66
22086,23209,Undirected,45
22086,23307,Undirected,30
22086,23129,Undirected,31
22086,23266,Undirected,33
22086,23264,Undirected,31
23198,23245,Undirected,38
23198,23243,Undirected,42
23198,23307,Undirected,30
22386,23344,Undirected,68
22386,23343,Undirected,48
23343,23344,Undirected,167
23203,23344,Undirected,130
23199,23344,Undirected,71
23202,23343,Undirected,50
23200,23343,Undirected,42
23199,23343,Undirected,41
23321,23323,Undirected,64
23322,23323,Undirected,72
20713,23209,Undirected,39
20713,23200,Undirected,54
23196,23197,Undirected,33
22193,23342,Undirected,44
22192,23342,Undirected,46
22192,23341,Undirected,34
22191,23342,Undirected,46
23341,23342,Undirected,37
23198,23209,Undirected,35
23197,23198,Undirected,41
23196,23198,Undirected,41
22720,23198,Undirected,51
22423,23198,Undirected,31
22577,23263,Undirected,35
23315,23316,Undirected,33
23323,85123A,Undirected,38
22961,23198,Undirected,33
22666,23198,Undirected,46
21175,23321,Undirected,30
22726,23342,Undirected,33
23240,23344,Undirected,33
22086,23298,Undirected,42
22086,23234,Undirected,49
22910,23234,Undirected,55
22952,23234,Undirected,48
23247,23344,Undirected,53
22411,23343,Undirected,45
23343,85099B,Undirected,81
22086,23320,Undirected,72
22086,23344,Undirected,125
22086,23300,Undirected,52
22086,23301,Undirected,55
22910,23320,Undirected,39
22910,23301,Undirected,36
22909,23320,Undirected,35
22909,23344,Undirected,39
23320,23344,Undirected,47
23301,23344,Undirected,34
22578,23266,Undirected,34
22952,23247,Undirected,32
22910,23247,Undirected,38
22086,23247,Undirected,73
20726,23344,Undirected,32
20725,23343,Undirected,32
22662,23344,Undirected,30
23209,23344,Undirected,61
22382,23344,Undirected,44
20728,23343,Undirected,30
23084,23344,Undirected,38
23344,85099B,Undirected,121
21931,23343,Undirected,45
22385,23344,Undirected,42
20713,23344,Undirected,30
23322,85099B,Undirected,30
22993,23198,Undirected,40
22112,23301,Undirected,38
22112,23300,Undirected,31
23318,23320,Undirected,46
23318,23319,Undirected,119
23319,23320,Undirected,73
22694,23322,Undirected,39
22694,23321,Undirected,34
22561,23188,Undirected,33
22112,23284,Undirected,38
22694,23323,Undirected,46
22470,23323,Undirected,40
22469,23323,Undirected,35
23294,23296,Undirected,123
23293,23296,Undirected,156
23295,23296,Undirected,138
23296,23297,Undirected,49
23293,23294,Undirected,146
23294,23295,Undirected,139
23294,23297,Undirected,39
23293,23295,Undirected,182
23293,23297,Undirected,65
23295,23297,Undirected,51
23201,23344,Undirected,87
23273,23274,Undirected,30
22910,23313,Undirected,73
22086,23313,Undirected,71
23313,47566,Undirected,38
22720,22910,Undirected,32
21977,23295,Undirected,35
21977,23293,Undirected,33
21977,23296,Undirected,31
23295,23307,Undirected,43
23293,23307,Undirected,60
23296,23307,Undirected,43
23294,23307,Undirected,31
23295,POST,Undirected,30
22411,23344,Undirected,58
22910,23318,Undirected,92
22910,23319,Undirected,69
22910,23311,Undirected,58
22910,23293,Undirected,35
23236,23293,Undirected,32
22086,23245,Undirected,39
23245,23294,Undirected,36
23245,23293,Undirected,50
23245,23295,Undirected,44
23245,23296,Undirected,36
22086,23318,Undirected,72
23311,23318,Undirected,52
22086,23319,Undirected,113
23311,23319,Undirected,47
23293,23298,Undirected,31
22086,23311,Undirected,57
22086,23293,Undirected,40
22086,23295,Undirected,32
23247,23320,Undirected,30
23240,23293,Undirected,34
23209,23293,Undirected,42
22141,23313,Undirected,31
23312,23313,Undirected,48
22910,23312,Undirected,52
23234,23313,Undirected,33
22952,23313,Undirected,42
22950,23234,Undirected,31
22961,23294,Undirected,32
22961,23295,Undirected,42
22961,23293,Undirected,48
22961,23296,Undirected,34
22720,23296,Undirected,31
22720,23294,Undirected,31
22423,23295,Undirected,32
22423,23293,Undirected,42
22197,23344,Undirected,37
22112,23344,Undirected,30
22356,23344,Undirected,38
23344,85099F,Undirected,39
21928,23344,Undirected,30
23203,23293,Undirected,42
23203,23296,Undirected,32
22197,23293,Undirected,40
22960,23296,Undirected,31
22960,23293,Undirected,39
22993,23296,Undirected,37
22993,23294,Undirected,30
22993,23293,Undirected,46
21212,23293,Undirected,36
23311,23312,Undirected,60
21929,23344,Undirected,35
20712,23344,Undirected,34
23344,85099C,Undirected,52
22720,23293,Undirected,39
22720,23295,Undirected,40
22666,23293,Undirected,31
22666,23295,Undirected,30
22086,23084,Undirected,58
23207,23344,Undirected,39
22952,23344,Undirected,40
23319,23344,Undirected,46
22086,23201,Undirected,40
23247,23319,Undirected,47
22952,23293,Undirected,36
22952,23319,Undirected,43
22952,23318,Undirected,57
22950,23318,Undirected,41
22111,23301,Undirected,36
23311,23313,Undirected,71
23313,23318,Undirected,36
22909,23343,Undirected,39
22952,23343,Undirected,36
22952,23307,Undirected,31
23345,23346,Undirected,54
21212,23295,Undirected,31
16169E,22959,Undirected,31
22086,23100,Undirected,30
22111,23300,Undirected,31
23313,23344,Undirected,35
22086,23206,Undirected,30
22086,23202,Undirected,32
22629,23346,Undirected,40
22909,23318,Undirected,75
22909,23314,Undirected,30
23314,23318,Undirected,30
22086,23312,Undirected,52
22086,23240,Undirected,32
23201,23343,Undirected,52
22355,23344,Undirected,40
20724,23344,Undirected,49
23204,23344,Undirected,35
20724,23343,Undirected,32
21930,23343,Undirected,33
23234,23319,Undirected,33
23234,23344,Undirected,32
23234,23247,Undirected,68
22952,23311,Undirected,39
22909,23311,Undirected,47
23298,23313,Undirected,43
23349,23353,Undirected,73
23349,23350,Undirected,73
23350,23353,Undirected,55
23374,23438,Undirected,46
23352,23354,Undirected,52
23351,23354,Undirected,85
23350,23354,Undirected,41
23319,23354,Undirected,58
22086,23354,Undirected,68
23351,23352,Undirected,86
23350,23352,Undirected,49
23319,23352,Undirected,31
22086,23352,Undirected,41
23350,23351,Undirected,65
23319,23351,Undirected,50
22086,23351,Undirected,74
23319,23350,Undirected,34
22086,23350,Undirected,43
22086,23265,Undirected,35
20719,23344,Undirected,33
23329,23332,Undirected,69
22470,23332,Undirected,36
23321,23332,Undirected,65
23322,23332,Undirected,81
23323,23332,Undirected,35
23332,85123A,Undirected,47
22470,23329,Undirected,37
23321,23329,Undirected,39
23322,23329,Undirected,40
22469,23329,Undirected,30
23329,85123A,Undirected,33
23321,23333,Undirected,48
23322,23333,Undirected,44
23329,23333,Undirected,43
23333,23334,Undirected,33
23332,23333,Undirected,74
22734,23234,Undirected,31
23330,23332,Undirected,35
22952,23340,Undirected,32
22950,23340,Undirected,33
23329,23330,Undirected,56
23330,23333,Undirected,64
22086,23349,Undirected,39
23349,23351,Undirected,85
23349,23352,Undirected,50
22910,23343,Undirected,50
22578,23263,Undirected,36
22578,23313,Undirected,30
22734,23349,Undirected,31
22734,23318,Undirected,41
23318,23349,Undirected,51
23318,23353,Undirected,43
23319,23353,Undirected,39
23319,23349,Undirected,37
23353,23354,Undirected,70
23349,23354,Undirected,38
23351,23353,Undirected,45
23234,23311,Undirected,33
22909,23234,Undirected,47
23311,23353,Undirected,40
22909,23313,Undirected,38
22909,23353,Undirected,40
20727,23343,Undirected,32
22086,23343,Undirected,62
22910,23349,Undirected,48
22910,23351,Undirected,38
23344,23354,Undirected,32
23312,23318,Undirected,36
23312,23353,Undirected,30
22910,23328,Undirected,31
22734,23313,Undirected,32
22734,23319,Undirected,35
23344,23351,Undirected,42
23234,23343,Undirected,30
23247,23343,Undirected,30
23234,23318,Undirected,38
22114,23356,Undirected,80
22835,23356,Undirected,67
22112,23355,Undirected,183
23301,23355,Undirected,81
22720,23355,Undirected,30
23355,84029G,Undirected,63
22114,23355,Undirected,171
23355,84030E,Undirected,30
22113,23355,Undirected,62
22423,23355,Undirected,39
23355,82482,Undirected,30
20725,23355,Undirected,30
23313,23343,Undirected,36
23311,23343,Undirected,36
23311,23349,Undirected,37
22086,23353,Undirected,47
22734,23353,Undirected,36
22835,23355,Undirected,141
22111,23356,Undirected,93
22111,23355,Undirected,132
22113,23356,Undirected,52
21481,23355,Undirected,34
22112,23356,Undirected,79
21485,23356,Undirected,68
21485,23355,Undirected,79
21479,23356,Undirected,42
21479,23355,Undirected,54
23355,23356,Undirected,143
23355,82494L,Undirected,39
23300,23355,Undirected,50
23313,23355,Undirected,33
23355,47566,Undirected,31
23298,23355,Undirected,36
22952,23353,Undirected,31
22909,23355,Undirected,32
23202,23355,Undirected,37
23301,23439,Undirected,35
23300,23439,Undirected,34
22865,23300,Undirected,36
23373,23436,Undirected,43
22867,23439,Undirected,84
22865,23439,Undirected,118
23344,23355,Undirected,47
22865,23084,Undirected,32
22086,23083,Undirected,30
23356,85123A,Undirected,33
22086,23340,Undirected,33
22910,23084,Undirected,49
22632,23355,Undirected,51
22865,23355,Undirected,83
22633,23355,Undirected,77
21034,23355,Undirected,34
23354,23437,Undirected,36
23375,23437,Undirected,49
22086,23439,Undirected,50
22086,23355,Undirected,76
22086,23356,Undirected,55
22086,23378,Undirected,36
22867,23355,Undirected,50
22867,23356,Undirected,36
23355,23439,Undirected,66
21485,23439,Undirected,31
23356,23439,Undirected,41
22112,23439,Undirected,49
22632,23439,Undirected,73
22866,23439,Undirected,109
23355,84946,Undirected,31
22866,23355,Undirected,62
23320,23355,Undirected,32
22865,23356,Undirected,41
22866,23356,Undirected,37
22633,23300,Undirected,32
22633,23301,Undirected,36
22866,23301,Undirected,31
23355,85099B,Undirected,56
23356,85099B,Undirected,31
22910,23353,Undirected,44
22952,23349,Undirected,35
22909,23349,Undirected,45
22197,23355,Undirected,42
23203,23355,Undirected,57
23356,84029E,Undirected,41
23355,84029E,Undirected,59
23355,23357,Undirected,37
22112,23357,Undirected,33
23321,23355,Undirected,31
22633,23203,Undirected,34
23209,23355,Undirected,32
21181,23355,Undirected,39
21175,23355,Undirected,31
23395,23396,Undirected,67
23394,23396,Undirected,36
23393,23396,Undirected,53
23394,23395,Undirected,47
23393,23395,Undirected,47
23393,23394,Undirected,34
23393,46000S,Undirected,32
22111,23439,Undirected,50
22633,23439,Undirected,98
23393,23399,Undirected,31
23355,84879,Undirected,42
23355,85123A,Undirected,47
22114,23357,Undirected,30
22734,23351,Undirected,31
22952,23351,Undirected,30
22909,23376,Undirected,30
22909,23319,Undirected,53
23344,23356,Undirected,33
23312,23343,Undirected,33
22469,23355,Undirected,31
22086,23437,Undirected,33
23351,23437,Undirected,30
21166,23426,Undirected,31
21175,23426,Undirected,36
23393,23397,Undirected,37
21181,23426,Undirected,30
21484,23355,Undirected,34
22086,23321,Undirected,30
23355,48138,Undirected,40
22666,23355,Undirected,33
22865,23344,Undirected,32
23397,23427,Undirected,33
22577,23265,Undirected,30
22578,23265,Undirected,36
23318,23343,Undirected,33
22866,23344,Undirected,30
23434,23435,Undirected,34
23389,23390,Undirected,72
22114,23300,Undirected,33
23388,23390,Undirected,43
23388,23389,Undirected,58
22909,23247,Undirected,34
22114,23301,Undirected,32
22835,23301,Undirected,30
22910,23439,Undirected,34
22910,23356,Undirected,34
23319,23355,Undirected,43
23319,23439,Undirected,32
22910,23354,Undirected,30
22382,23389,Undirected,34
22086,23434,Undirected,31
22086,23328,Undirected,36
22835,23439,Undirected,34
23439,85099B,Undirected,31
22910,23355,Undirected,46
22114,23439,Undirected,41
23388,POST,Undirected,35
23389,POST,Undirected,31
23503,23504,Undirected,74
23355,23504,Undirected,31
23355,23503,Undirected,68
23367,23368,Undirected,68
23371,23372,Undirected,40
23240,23493,Undirected,35
23100,35970,Undirected,31
22633,23503,Undirected,31
22112,23503,Undirected,32
23493,23494,Undirected,41
23506,23508,Undirected,38
22086,23493,Undirected,37
22578,23311,Undirected,30
23344,23493,Undirected,30
23284,23355,Undirected,73
23284,23503,Undirected,33
23534,23535,Undirected,47
23535,23541,Undirected,32
23534,23541,Undirected,48
23526,23534,Undirected,30
23526,23535,Undirected,52
23534,23536,Undirected,32
21731,23480,Undirected,34
21889,23571,Undirected,31
23569,23571,Undirected,36
23569,23570,Undirected,36
23570,23571,Undirected,62
23480,POST,Undirected,44
23203,23582,Undirected,69
22384,23583,Undirected,37
23202,23582,Undirected,34
23209,23583,Undirected,53
23582,23583,Undirected,59
23203,23583,Undirected,40
22382,23583,Undirected,45
20726,23583,Undirected,33
23581,85099C,Undirected,33
23208,23583,Undirected,36
20728,23583,Undirected,39
20727,23583,Undirected,52
23206,23583,Undirected,37
22383,23583,Undirected,44
23344,23583,Undirected,46
22411,23581,Undirected,46
23581,23582,Undirected,96
23199,23581,Undirected,32
23344,23581,Undirected,67
23343,23581,Undirected,48
23344,23582,Undirected,69
23343,23582,Undirected,42
23201,23581,Undirected,33
23581,23583,Undirected,95
23581,85099B,Undirected,73
22086,23581,Undirected,30
23582,85099B,Undirected,57
23202,23581,Undirected,36
23203,23581,Undirected,69
20725,23581,Undirected,30
22086,23582,Undirected,35
23355,23581,Undirected,33
21930,23581,Undirected,31
22386,23581,Undirected,35
21931,23581,Undirected,42
23583,85099B,Undirected,38
23084,23480,Undirected,72
20725,23583,Undirected,50
22941,23084,Undirected,32
23084,23583,Undirected,34
23084,23581,Undirected,30
23084,23497,Undirected,42
23084,23570,Undirected,38
23084,23569,Undirected,45
23084,23571,Undirected,32
23084,23355,Undirected,33
20725,23681,Undirected,32
23583,23681,Undirected,45
23209,23681,Undirected,42
23582,23681,Undirected,36
23497,23552,Undirected,32
23497,23498,Undirected,36
23498,23552,Undirected,44
