order_id,session_id,user_id,order_date,product_key,channel_id,device_id,geo_id,quantity,unit_price,item_revenue
O000001,S0000017,U000008,2020-12-09,6,6,2,3,1,49.99,49.99
O000001,S0000017,U000008,2020-12-09,3,6,2,3,1,24.29,24.29
O000002,S0000036,U000016,2020-12-13,37,3,2,1,1,24.99,24.99
O000003,S0000073,U000029,2020-12-09,10,6,2,2,1,14.99,14.99
O000003,S0000073,U000029,2020-12-09,23,6,2,2,1,19.99,19.99
O000004,S0000087,U000035,2021-01-01,32,1,1,2,1,19.99,19.99
O000004,S0000087,U000035,2021-01-01,6,1,1,2,1,49.99,49.99
O000005,S0000104,U000042,2020-11-09,25,7,1,8,1,6.99,6.99
O000005,S0000104,U000042,2020-11-09,22,7,1,8,1,9.99,9.99
O000006,S0000105,U000042,2020-11-15,27,2,1,8,1,8.99,8.99
O000007,S0000107,U000043,2020-12-10,20,6,1,1,1,12.99,12.99
O000008,S0000113,U000048,2021-01-22,8,1,1,3,2,22.99,45.98
O000008,S0000113,U000048,2021-01-22,35,1,1,3,2,19.99,39.98
O000009,S0000114,U000048,2021-01-23,13,2,1,3,1,74.99,74.99
O000010,S0000121,U000052,2020-12-10,38,1,2,1,1,16.99,16.99
O000011,S0000128,U000055,2020-11-29,5,5,1,1,1,49.49,49.49
O000011,S0000128,U000055,2020-11-29,3,5,1,1,1,21.59,21.59
O000012,S0000138,U000061,2020-11-18,13,2,1,4,1,74.99,74.99
O000013,S0000206,U000089,2020-12-31,15,1,2,5,1,24.99,24.99
O000014,S0000223,U000097,2021-01-14,17,7,2,2,1,17.99,17.99
O000014,S0000223,U000097,2021-01-14,37,7,2,2,1,24.99,24.99
O000015,S0000232,U000100,2021-01-26,20,1,1,1,1,12.99,12.99
O000016,S0000239,U000102,2021-01-22,32,2,2,10,1,19.99,19.99
O000016,S0000239,U000102,2021-01-22,25,2,2,10,1,6.99,6.99
O000017,S0000260,U000111,2021-01-05,9,4,2,1,2,23.99,47.98
O000018,S0000265,U000114,2020-12-26,12,7,1,1,1,59.99,59.99
O000019,S0000267,U000115,2020-12-01,10,2,2,10,1,13.49,13.49
O000020,S0000326,U000140,2020-11-27,33,1,1,1,1,38.24,38.24
O000021,S0000329,U000141,2020-12-17,40,1,1,5,1,26.09,26.09
O000022,S0000337,U000144,2020-12-28,42,3,2,1,2,12.99,25.98
O000022,S0000337,U000144,2020-12-28,37,3,2,1,1,24.99,24.99
O000022,S0000337,U000144,2020-12-28,36,3,2,1,1,20.99,20.99
O000022,S0000337,U000144,2020-12-28,9,3,2,1,1,23.99,23.99
O000023,S0000399,U000169,2020-12-02,20,3,2,10,1,10.39,10.39
O000023,S0000399,U000169,2020-12-02,37,3,2,10,2,22.49,44.98
O000023,S0000399,U000169,2020-12-02,9,3,2,10,1,21.59,21.59
O000024,S0000407,U000172,2020-11-16,42,1,2,1,1,12.99,12.99
O000025,S0000429,U000183,2020-11-30,28,3,2,4,1,8.49,8.49
O000025,S0000429,U000183,2020-11-30,18,3,2,4,1,17.09,17.09
O000026,S0000438,U000187,2020-12-08,15,6,1,5,1,24.99,24.99
O000027,S0000462,U000194,2020-12-08,34,1,1,1,1,21.99,21.99
O000027,S0000462,U000194,2020-12-08,23,1,1,1,1,19.99,19.99
O000028,S0000479,U000201,2020-12-04,1,1,2,1,2,24.99,49.98
O000029,S0000494,U000208,2020-12-03,24,1,2,1,1,11.99,11.99
O000029,S0000494,U000208,2020-12-03,25,1,2,1,1,5.94,5.94
O000030,S0000523,U000218,2020-12-02,20,6,1,1,2,11.04,22.08
O000030,S0000523,U000218,2020-12-02,35,6,1,1,1,16.99,16.99
O000031,S0000571,U000237,2020-12-29,15,4,1,7,2,24.99,49.98
O000032,S0000573,U000238,2020-11-04,20,4,1,1,1,12.99,12.99
O000032,S0000573,U000238,2020-11-04,13,4,1,1,1,74.99,74.99
O000033,S0000591,U000245,2020-11-19,17,6,2,1,1,17.99,17.99
O000034,S0000594,U000246,2021-01-18,31,6,2,10,1,29.99,29.99
O000034,S0000594,U000246,2021-01-18,42,6,2,10,1,12.99,12.99
O000035,S0000605,U000252,2021-01-20,29,5,1,1,1,10.99,10.99
O000036,S0000627,U000261,2021-01-19,16,5,2,6,1,32.99,32.99
O000037,S0000649,U000271,2020-12-22,26,6,1,1,1,7.19,7.19
O000038,S0000659,U000277,2020-11-28,20,1,1,9,1,11.69,11.69
O000039,S0000714,U000304,2021-01-04,15,2,1,1,1,24.99,24.99
O000039,S0000714,U000304,2021-01-04,40,2,1,1,1,28.99,28.99
O000040,S0000718,U000306,2020-12-25,31,2,1,4,2,29.99,59.98
O000040,S0000718,U000306,2020-12-25,10,2,1,4,1,13.49,13.49
O000041,S0000726,U000310,2020-11-29,3,6,1,3,1,21.59,21.59
O000042,S0000733,U000313,2021-01-08,32,1,1,5,1,19.99,19.99
O000042,S0000733,U000313,2021-01-08,10,1,1,5,1,14.99,14.99
O000043,S0000762,U000324,2020-12-20,34,3,1,6,1,21.99,21.99
O000044,S0000763,U000324,2020-12-22,4,3,1,6,1,25.99,25.99
O000045,S0000770,U000326,2020-11-28,25,2,2,10,1,5.94,5.94
O000045,S0000770,U000326,2020-11-28,30,2,2,10,1,21.24,21.24
O000046,S0000826,U000352,2020-11-18,27,2,1,1,1,8.99,8.99
O000047,S0000828,U000353,2021-01-18,17,1,1,1,1,17.99,17.99
O000047,S0000828,U000353,2021-01-18,12,1,1,1,1,59.99,59.99
O000047,S0000828,U000353,2021-01-18,14,1,1,1,1,16.99,16.99
O000048,S0000865,U000369,2021-01-02,42,7,1,10,1,12.99,12.99
O000049,S0000887,U000377,2020-12-15,27,1,1,1,1,8.99,8.99
O000049,S0000887,U000377,2020-12-15,10,1,1,1,1,14.99,14.99
O000050,S0000890,U000378,2020-11-06,29,3,2,3,1,10.99,10.99
O000051,S0000910,U000386,2020-11-29,42,5,1,5,1,10.39,10.39
O000051,S0000910,U000386,2020-11-29,9,5,1,5,1,19.19,19.19
O000051,S0000910,U000386,2020-11-29,40,5,1,5,1,26.09,26.09
O000052,S0000945,U000399,2020-12-02,37,1,1,3,2,21.24,42.48
O000053,S0000964,U000409,2020-12-19,33,1,2,6,1,44.99,44.99
O000053,S0000964,U000409,2020-12-19,3,1,2,6,1,26.99,26.99
O000054,S0000970,U000412,2020-12-07,23,7,1,1,1,19.99,19.99
O000054,S0000970,U000412,2020-12-07,25,7,1,1,1,6.99,6.99
O000055,S0000979,U000415,2020-12-05,41,4,2,1,2,15.99,31.98
O000055,S0000979,U000415,2020-12-05,37,4,2,1,1,24.99,24.99
O000056,S0000999,U000423,2020-12-28,9,1,2,1,1,23.99,23.99
O000057,S0001012,U000428,2021-01-10,9,2,2,1,1,23.99,23.99
O000057,S0001012,U000428,2021-01-10,10,2,2,1,1,14.99,14.99
O000058,S0001042,U000436,2021-01-01,17,1,2,3,1,17.99,17.99
O000059,S0001047,U000438,2020-12-17,2,2,1,1,1,27.99,27.99
O000060,S0001051,U000440,2020-11-23,27,2,1,7,1,8.99,8.99
O000061,S0001052,U000440,2020-12-02,18,2,2,7,1,15.19,15.19
O000061,S0001052,U000440,2020-12-02,5,2,2,7,1,46.74,46.74
O000062,S0001088,U000452,2021-01-31,27,2,2,2,1,8.99,8.99
O000063,S0001097,U000457,2020-11-24,11,1,2,1,1,17.09,17.09
O000063,S0001097,U000457,2020-11-24,4,1,2,1,1,23.39,23.39
O000064,S0001110,U000462,2020-12-06,12,2,2,8,1,59.99,59.99
O000064,S0001110,U000462,2020-12-06,34,2,2,8,1,21.99,21.99
O000064,S0001110,U000462,2020-12-06,7,2,2,8,2,79.99,159.98
O000065,S0001139,U000477,2020-12-13,5,2,2,1,1,54.99,54.99
O000066,S0001149,U000482,2020-11-30,36,1,1,3,1,17.84,17.84
O000066,S0001149,U000482,2020-11-30,32,1,1,3,1,16.99,16.99
O000066,S0001149,U000482,2020-11-30,9,1,1,3,1,20.39,20.39
O000067,S0001150,U000482,2020-12-10,31,2,2,3,1,29.99,29.99
O000068,S0001155,U000485,2021-01-19,14,1,1,1,1,16.99,16.99
O000068,S0001155,U000485,2021-01-19,15,1,1,1,1,24.99,24.99
O000069,S0001166,U000490,2020-11-03,2,1,1,7,1,27.99,27.99
O000070,S0001197,U000503,2021-01-26,5,2,2,1,1,54.99,54.99
O000070,S0001197,U000503,2021-01-26,38,2,2,1,1,16.99,16.99
O000071,S0001200,U000504,2020-11-17,13,2,2,1,1,74.99,74.99
O000071,S0001200,U000504,2020-11-17,34,2,2,1,1,21.99,21.99
O000072,S0001208,U000507,2020-12-14,42,2,1,1,1,12.99,12.99
O000072,S0001208,U000507,2020-12-14,1,2,1,1,1,24.99,24.99
O000073,S0001216,U000510,2020-12-22,12,3,3,1,1,59.99,59.99
O000074,S0001226,U000515,2020-11-23,42,3,1,7,1,12.99,12.99
O000074,S0001226,U000515,2020-11-23,25,3,1,7,1,6.99,6.99
O000075,S0001237,U000519,2020-12-02,9,1,2,5,1,19.19,19.19
O000075,S0001237,U000519,2020-12-02,26,1,2,5,1,6.79,6.79
O000076,S0001242,U000521,2021-01-17,11,4,2,5,1,18.99,18.99
O000076,S0001242,U000521,2021-01-17,26,4,2,5,1,7.99,7.99
O000076,S0001242,U000521,2021-01-17,35,4,2,5,1,19.99,19.99
O000077,S0001262,U000530,2020-12-03,28,2,2,2,2,8.49,16.98
O000077,S0001262,U000530,2020-12-03,15,2,2,2,1,21.24,21.24
O000078,S0001278,U000536,2020-12-12,5,4,2,2,1,49.49,49.49
O000078,S0001278,U000536,2020-12-12,21,4,2,2,1,19.79,19.79
O000078,S0001278,U000536,2020-12-12,4,4,2,2,1,23.39,23.39
O000079,S0001318,U000556,2020-12-04,20,2,2,1,1,12.99,12.99
O000080,S0001340,U000566,2020-11-28,19,6,1,10,1,23.99,23.99
O000081,S0001342,U000566,2020-12-10,16,1,1,10,1,32.99,32.99
O000082,S0001347,U000568,2020-12-26,26,1,2,4,1,7.99,7.99
O000083,S0001367,U000576,2020-11-30,17,1,1,9,1,15.29,15.29
O000084,S0001375,U000580,2020-11-08,7,3,3,1,2,79.99,159.98
O000084,S0001375,U000580,2020-11-08,1,3,3,1,2,24.99,49.98
O000084,S0001375,U000580,2020-11-08,12,3,3,1,1,59.99,59.99
O000085,S0001381,U000583,2020-11-26,42,1,2,1,1,11.69,11.69
O000085,S0001381,U000583,2020-11-26,20,1,2,1,1,10.39,10.39
O000086,S0001406,U000592,2020-12-30,5,3,3,5,1,54.99,54.99
O000086,S0001406,U000592,2020-12-30,42,3,3,5,1,12.99,12.99
O000087,S0001415,U000596,2020-11-19,12,4,3,1,2,59.99,119.98
O000087,S0001415,U000596,2020-11-19,2,4,3,1,1,27.99,27.99
O000088,S0001428,U000603,2020-11-02,28,2,1,1,1,9.99,9.99
O000089,S0001431,U000604,2020-12-21,39,3,2,3,1,11.99,11.99
O000090,S0001452,U000614,2020-11-21,20,6,2,5,1,12.99,12.99
O000091,S0001457,U000617,2020-12-21,28,4,1,1,1,9.99,9.99
O000092,S0001478,U000626,2020-11-13,15,6,1,1,1,24.99,24.99
O000092,S0001478,U000626,2020-11-13,14,6,1,1,1,16.99,16.99
O000093,S0001491,U000633,2021-01-25,15,2,1,1,1,24.99,24.99
O000093,S0001491,U000633,2021-01-25,30,2,1,1,1,24.99,24.99
O000094,S0001504,U000642,2020-12-01,6,1,2,1,1,44.99,44.99
O000095,S0001513,U000649,2020-12-29,10,6,2,1,1,14.99,14.99
O000095,S0001513,U000649,2020-12-29,20,6,2,1,1,12.99,12.99
O000095,S0001513,U000649,2020-12-29,14,6,2,1,1,16.99,16.99
O000095,S0001513,U000649,2020-12-29,27,6,2,1,1,8.99,8.99
O000096,S0001524,U000655,2020-12-10,14,1,2,2,1,16.99,16.99
O000096,S0001524,U000655,2020-12-10,16,1,2,2,1,32.99,32.99
O000096,S0001524,U000655,2020-12-10,27,1,2,2,1,8.99,8.99
O000097,S0001545,U000665,2020-12-04,14,2,2,1,1,16.99,16.99
O000098,S0001555,U000669,2021-01-01,39,2,1,2,1,11.99,11.99
O000098,S0001555,U000669,2021-01-01,16,2,1,2,1,32.99,32.99
O000098,S0001555,U000669,2021-01-01,6,2,1,2,1,49.99,49.99
O000099,S0001567,U000675,2020-11-21,11,2,2,1,1,18.99,18.99
O000100,S0001585,U000685,2020-12-28,26,1,2,1,1,7.99,7.99
O000100,S0001585,U000685,2020-12-28,17,1,2,1,1,17.99,17.99
O000101,S0001607,U000695,2021-01-24,9,2,1,1,1,23.99,23.99
O000101,S0001607,U000695,2021-01-24,29,2,1,1,1,10.99,10.99
O000102,S0001635,U000710,2020-11-27,22,2,1,1,1,7.99,7.99
O000103,S0001651,U000716,2020-11-06,13,1,2,7,1,74.99,74.99
O000104,S0001688,U000730,2020-12-28,1,1,2,1,1,24.99,24.99
O000104,S0001688,U000730,2020-12-28,6,1,2,1,1,49.99,49.99
O000104,S0001688,U000730,2020-12-28,15,1,2,1,1,24.99,24.99
O000105,S0001729,U000747,2020-12-21,35,2,2,3,1,19.99,19.99
O000105,S0001729,U000747,2020-12-21,5,2,2,3,1,49.49,49.49
O000106,S0001752,U000755,2020-11-27,17,1,1,1,1,16.19,16.19
O000106,S0001752,U000755,2020-11-27,25,1,1,1,1,6.29,6.29
O000107,S0001790,U000770,2020-11-23,19,3,2,10,1,29.99,29.99
O000108,S0001796,U000772,2021-01-26,39,5,1,3,1,11.99,11.99
O000109,S0001810,U000778,2020-11-30,2,1,2,6,1,25.19,25.19
O000110,S0001820,U000784,2020-11-30,25,2,2,3,1,5.59,5.59
O000110,S0001820,U000784,2020-11-30,6,2,2,3,1,42.49,42.49
O000110,S0001820,U000784,2020-11-30,14,2,2,3,1,14.44,14.44
O000111,S0001823,U000785,2020-12-21,12,4,1,8,2,59.99,119.98
O000111,S0001823,U000785,2020-12-21,14,4,1,8,1,16.99,16.99
O000112,S0001855,U000800,2020-11-23,14,2,2,1,1,16.99,16.99
O000112,S0001855,U000800,2020-11-23,19,2,2,1,1,29.99,29.99
O000113,S0001867,U000805,2021-01-07,14,3,2,5,1,16.99,16.99
O000114,S0001868,U000805,2021-01-08,41,3,2,5,1,15.99,15.99
O000115,S0001896,U000819,2020-12-08,19,1,1,1,1,26.99,26.99
O000116,S0001925,U000833,2020-12-07,12,1,1,5,1,59.99,59.99
O000116,S0001925,U000833,2020-12-07,40,1,1,5,1,28.99,28.99
O000116,S0001925,U000833,2020-12-07,29,1,1,5,1,10.99,10.99
O000116,S0001925,U000833,2020-12-07,35,1,1,5,1,19.99,19.99
O000117,S0001949,U000842,2021-01-23,20,1,2,1,1,12.99,12.99
O000118,S0001957,U000845,2020-11-29,28,3,1,1,1,8.49,8.49
O000119,S0001974,U000853,2021-01-28,36,7,1,1,1,20.99,20.99
O000119,S0001974,U000853,2021-01-28,9,7,1,1,1,23.99,23.99
O000120,S0001990,U000860,2021-01-18,8,4,2,1,1,22.99,22.99
O000121,S0002006,U000865,2020-12-24,14,2,1,1,2,15.29,30.58
O000121,S0002006,U000865,2020-12-24,20,2,1,1,1,12.99,12.99
O000122,S0002019,U000871,2020-12-20,41,1,2,1,1,15.99,15.99
O000122,S0002019,U000871,2020-12-20,42,1,2,1,1,12.99,12.99
O000122,S0002019,U000871,2020-12-20,23,1,2,1,1,19.99,19.99
O000123,S0002022,U000872,2020-12-04,23,2,2,1,1,19.99,19.99
O000123,S0002022,U000872,2020-12-04,42,2,2,1,2,12.99,25.98
O000124,S0002051,U000885,2020-11-28,28,3,2,1,1,8.99,8.99
O000125,S0002081,U000899,2020-11-25,31,2,2,1,1,26.99,26.99
O000126,S0002093,U000903,2020-12-28,30,3,1,1,1,24.99,24.99
O000127,S0002101,U000907,2020-12-20,20,2,2,8,1,12.99,12.99
O000128,S0002110,U000912,2021-01-05,25,2,1,1,1,6.99,6.99
O000129,S0002112,U000913,2020-12-12,16,6,1,1,1,29.69,29.69
O000130,S0002125,U000918,2020-12-08,1,4,1,8,1,24.99,24.99
O000130,S0002125,U000918,2020-12-08,37,4,1,8,1,24.99,24.99
O000131,S0002131,U000921,2020-12-10,24,1,2,1,1,13.49,13.49
O000131,S0002131,U000921,2020-12-10,16,1,2,1,1,29.69,29.69
O000132,S0002143,U000926,2020-11-18,15,5,2,1,1,24.99,24.99
O000133,S0002160,U000936,2020-12-23,8,1,3,1,1,22.99,22.99
O000133,S0002160,U000936,2020-12-23,29,1,3,1,1,10.99,10.99
O000134,S0002163,U000937,2020-12-25,16,1,2,1,1,29.69,29.69
O000135,S0002171,U000940,2020-12-26,39,1,3,5,1,11.99,11.99
O000136,S0002207,U000957,2020-11-25,15,1,1,1,1,22.49,22.49
O000136,S0002207,U000957,2020-11-25,35,1,1,1,1,17.99,17.99
O000137,S0002219,U000962,2020-12-27,19,3,3,1,2,29.99,59.98
O000138,S0002233,U000968,2021-01-04,41,2,3,1,1,15.99,15.99
O000139,S0002239,U000971,2020-12-18,6,4,2,1,1,44.99,44.99
O000139,S0002239,U000971,2020-12-18,7,4,2,1,2,79.99,159.98
O000139,S0002239,U000971,2020-12-18,40,4,2,1,1,28.99,28.99
O000140,S0002243,U000971,2020-12-29,21,7,2,1,2,21.99,43.98
O000141,S0002254,U000975,2020-12-16,7,1,1,1,1,79.99,79.99
O000141,S0002254,U000975,2020-12-16,5,1,1,1,1,54.99,54.99
O000142,S0002302,U000995,2020-12-08,30,6,1,3,1,22.49,22.49
O000142,S0002302,U000995,2020-12-08,37,6,1,3,1,24.99,24.99
O000142,S0002302,U000995,2020-12-08,41,6,1,3,1,15.99,15.99
O000143,S0002340,U001014,2020-11-13,5,3,1,10,1,54.99,54.99
O000144,S0002385,U001035,2020-11-13,5,2,2,1,1,54.99,54.99
O000145,S0002402,U001043,2020-11-27,31,2,1,1,1,23.99,23.99
O000145,S0002402,U001043,2020-11-27,18,2,1,1,1,16.14,16.14
O000146,S0002420,U001050,2020-12-13,42,2,2,3,1,12.99,12.99
O000146,S0002420,U001050,2020-12-13,11,2,2,3,1,17.09,17.09
O000147,S0002487,U001078,2020-11-10,13,2,2,1,1,74.99,74.99
O000148,S0002519,U001092,2021-01-06,40,1,2,1,1,28.99,28.99
O000148,S0002519,U001092,2021-01-06,3,1,2,1,1,26.99,26.99
O000149,S0002550,U001109,2020-11-29,37,2,2,2,1,19.99,19.99
O000150,S0002551,U001110,2020-12-01,31,4,2,10,1,23.99,23.99
O000151,S0002571,U001119,2020-11-19,32,4,2,1,1,19.99,19.99
O000151,S0002571,U001119,2020-11-19,17,4,2,1,1,17.99,17.99
O000152,S0002579,U001122,2021-01-06,5,1,1,1,1,54.99,54.99
O000153,S0002596,U001130,2020-12-11,36,3,2,1,1,18.89,18.89
O000154,S0002606,U001135,2020-12-21,19,1,2,5,1,29.99,29.99
O000154,S0002606,U001135,2020-12-21,6,1,2,5,1,49.99,49.99
O000155,S0002648,U001151,2020-11-28,39,5,1,1,1,9.59,9.59
O000155,S0002648,U001151,2020-11-28,32,5,1,1,1,15.99,15.99
O000155,S0002648,U001151,2020-11-28,15,5,1,1,1,19.99,19.99
O000155,S0002648,U001151,2020-11-28,37,5,1,1,1,22.49,22.49
O000156,S0002686,U001166,2020-12-10,3,3,1,1,1,26.99,26.99
O000157,S0002688,U001168,2020-12-11,21,2,1,1,1,21.99,21.99
O000158,S0002690,U001169,2020-12-25,37,3,2,4,1,24.99,24.99
O000159,S0002711,U001177,2020-12-15,28,5,2,2,1,9.99,9.99
O000160,S0002714,U001178,2020-12-19,3,3,1,10,1,26.99,26.99
O000160,S0002714,U001178,2020-12-19,28,3,1,10,1,9.99,9.99
O000161,S0002720,U001179,2020-12-14,37,2,2,4,1,24.99,24.99
O000161,S0002720,U001179,2020-12-14,18,2,2,4,2,17.09,34.18
O000162,S0002723,U001180,2020-12-05,42,5,1,1,1,12.99,12.99
O000162,S0002723,U001180,2020-12-05,5,5,1,1,1,54.99,54.99
O000163,S0002775,U001202,2020-11-11,21,2,2,5,2,21.99,43.98
O000163,S0002775,U001202,2020-11-11,15,2,2,5,1,24.99,24.99
O000163,S0002775,U001202,2020-11-11,37,2,2,5,1,24.99,24.99
O000164,S0002779,U001204,2020-11-28,34,2,2,10,2,19.79,39.58
O000164,S0002779,U001204,2020-11-28,42,2,2,10,2,11.69,23.38
O000165,S0002797,U001212,2020-11-24,36,3,1,1,1,17.84,17.84
O000165,S0002797,U001212,2020-11-24,32,3,1,1,1,16.99,16.99
O000165,S0002797,U001212,2020-11-24,35,3,1,1,1,16.99,16.99
O000166,S0002817,U001220,2021-01-14,37,7,1,1,1,24.99,24.99
O000167,S0002847,U001231,2021-01-07,1,1,2,1,2,24.99,49.98
O000168,S0002848,U001231,2021-01-08,12,2,3,1,1,59.99,59.99
O000168,S0002848,U001231,2021-01-08,36,2,3,1,1,20.99,20.99
O000169,S0002873,U001241,2021-01-15,3,2,2,1,1,26.99,26.99
O000170,S0002888,U001252,2020-11-30,1,1,2,1,2,21.24,42.48
O000170,S0002888,U001252,2020-11-30,7,1,2,1,1,67.99,67.99
O000171,S0002900,U001256,2020-11-11,4,1,1,4,1,25.99,25.99
O000171,S0002900,U001256,2020-11-11,16,1,1,4,1,32.99,32.99
O000172,S0002916,U001262,2020-11-23,28,3,1,10,1,9.99,9.99
O000173,S0002926,U001268,2020-12-08,30,1,1,8,1,22.49,22.49
O000174,S0002934,U001270,2020-12-03,2,2,1,1,2,25.19,50.38
O000175,S0002940,U001273,2021-01-19,1,4,2,1,1,24.99,24.99
O000176,S0002950,U001276,2020-12-02,23,1,2,6,1,16.99,16.99
O000176,S0002950,U001276,2020-12-02,10,1,2,6,2,11.99,23.98
O000177,S0002959,U001281,2020-12-04,23,2,1,3,2,19.99,39.98
O000177,S0002959,U001281,2020-12-04,16,2,1,3,1,32.99,32.99
O000178,S0003007,U001300,2020-11-29,4,1,2,10,1,22.09,22.09
O000178,S0003007,U001300,2020-11-29,30,1,2,10,1,19.99,19.99
O000178,S0003007,U001300,2020-11-29,42,1,2,10,1,11.04,11.04
O000179,S0003008,U001300,2020-12-01,4,6,2,10,1,23.39,23.39
O000180,S0003039,U001312,2020-12-22,6,5,2,1,1,44.99,44.99
O000180,S0003039,U001312,2020-12-22,1,5,2,1,2,24.99,49.98
O000180,S0003039,U001312,2020-12-22,14,5,2,1,1,16.99,16.99
O000181,S0003061,U001321,2020-12-03,14,7,2,1,1,15.29,15.29
O000182,S0003078,U001329,2021-01-25,1,1,2,1,1,24.99,24.99
O000183,S0003083,U001330,2020-12-29,29,3,2,5,1,10.99,10.99
O000183,S0003083,U001330,2020-12-29,5,3,2,5,1,54.99,54.99
O000184,S0003086,U001332,2021-01-13,10,3,2,1,1,14.99,14.99
O000185,S0003088,U001332,2021-01-16,17,3,2,1,1,17.99,17.99
O000185,S0003088,U001332,2021-01-16,20,3,2,1,1,12.99,12.99
O000186,S0003092,U001334,2020-11-28,26,3,1,1,1,6.39,6.39
O000186,S0003092,U001334,2020-11-28,17,3,1,1,1,14.39,14.39
O000186,S0003092,U001334,2020-11-28,15,3,1,1,1,21.24,21.24
O000186,S0003092,U001334,2020-11-28,24,3,1,1,2,12.74,25.48
O000187,S0003108,U001342,2020-11-21,25,2,2,1,1,6.99,6.99
O000188,S0003116,U001345,2020-12-24,34,1,2,1,1,19.79,19.79
O000188,S0003116,U001345,2020-12-24,12,1,2,1,1,59.99,59.99
O000189,S0003167,U001366,2020-12-20,24,2,2,1,1,14.99,14.99
O000190,S0003176,U001369,2020-11-20,19,2,1,4,1,29.99,29.99
O000191,S0003195,U001377,2020-12-11,15,2,1,4,1,22.49,22.49
O000191,S0003195,U001377,2020-12-11,2,2,1,4,2,27.99,55.98
O000192,S0003199,U001379,2020-11-29,17,3,1,1,1,15.29,15.29
O000193,S0003213,U001387,2020-12-19,14,1,1,1,1,15.29,15.29
O000193,S0003213,U001387,2020-12-19,32,1,1,1,1,19.99,19.99
O000194,S0003217,U001388,2020-11-24,1,3,1,1,1,21.24,21.24
O000194,S0003217,U001388,2020-11-24,7,3,1,1,1,63.99,63.99
O000195,S0003263,U001408,2021-01-02,4,4,2,1,1,25.99,25.99
O000195,S0003263,U001408,2021-01-02,19,4,2,1,1,29.99,29.99
O000195,S0003263,U001408,2021-01-02,41,4,2,1,1,15.99,15.99
O000195,S0003263,U001408,2021-01-02,25,4,2,1,1,6.99,6.99
O000196,S0003267,U001409,2020-12-26,31,7,1,1,1,29.99,29.99
O000197,S0003300,U001427,2020-12-18,39,3,1,1,1,11.99,11.99
O000198,S0003304,U001428,2020-11-25,15,4,1,1,1,22.49,22.49
O000198,S0003304,U001428,2020-11-25,28,4,1,1,1,8.49,8.49
O000199,S0003320,U001437,2021-01-10,13,3,1,1,1,74.99,74.99
O000200,S0003330,U001441,2020-11-11,32,2,2,2,1,19.99,19.99
O000200,S0003330,U001441,2020-11-11,6,2,2,2,1,49.99,49.99
O000201,S0003352,U001450,2020-12-28,6,1,1,10,1,49.99,49.99
O000201,S0003352,U001450,2020-12-28,25,1,1,10,1,6.99,6.99
O000202,S0003369,U001457,2020-12-30,13,6,2,1,1,74.99,74.99
O000203,S0003386,U001464,2020-12-25,29,3,2,1,1,9.89,9.89
O000204,S0003396,U001468,2020-12-20,11,3,2,1,2,18.99,37.98
O000205,S0003457,U001496,2020-12-22,6,1,1,4,1,44.99,44.99
O000206,S0003474,U001502,2020-12-19,9,1,1,1,1,23.99,23.99
O000207,S0003506,U001515,2021-01-16,36,2,2,8,1,20.99,20.99
O000208,S0003528,U001524,2021-01-02,9,7,3,2,1,23.99,23.99
O000208,S0003528,U001524,2021-01-02,26,7,3,2,2,7.99,15.98
O000209,S0003533,U001526,2020-11-28,36,1,2,1,1,17.84,17.84
O000210,S0003550,U001532,2021-01-30,33,2,1,1,1,44.99,44.99
O000210,S0003550,U001532,2021-01-30,3,2,1,1,2,26.99,53.98
O000211,S0003561,U001535,2020-12-30,5,4,1,1,1,54.99,54.99
O000212,S0003576,U001542,2020-11-20,30,4,1,1,1,24.99,24.99
O000213,S0003606,U001555,2021-01-29,13,4,2,7,1,74.99,74.99
O000214,S0003612,U001557,2020-12-07,19,2,2,1,1,29.99,29.99
O000215,S0003615,U001558,2021-01-18,24,3,1,5,1,14.99,14.99
O000215,S0003615,U001558,2021-01-18,37,3,1,5,1,24.99,24.99
O000215,S0003615,U001558,2021-01-18,19,3,1,5,1,29.99,29.99
O000215,S0003615,U001558,2021-01-18,26,3,1,5,2,7.99,15.98
O000216,S0003622,U001561,2020-12-29,29,1,2,1,2,10.99,21.98
O000217,S0003648,U001572,2020-11-14,7,1,2,1,1,79.99,79.99
O000217,S0003648,U001572,2020-11-14,9,1,2,1,1,23.99,23.99
O000217,S0003648,U001572,2020-11-14,18,1,2,1,2,18.99,37.98
O000218,S0003688,U001590,2020-11-29,34,2,1,10,1,18.69,18.69
O000219,S0003690,U001591,2020-11-01,16,2,1,1,1,32.99,32.99
O000219,S0003690,U001591,2020-11-01,20,2,1,1,2,12.99,25.98
O000220,S0003705,U001598,2020-12-16,29,1,2,8,1,9.89,9.89
O000221,S0003721,U001605,2020-12-14,37,3,2,1,1,24.99,24.99
O000222,S0003736,U001613,2021-01-01,25,4,1,10,1,6.99,6.99
O000223,S0003748,U001617,2020-12-15,17,2,2,4,1,17.99,17.99
O000223,S0003748,U001617,2020-12-15,28,2,2,4,1,9.99,9.99
O000223,S0003748,U001617,2020-12-15,9,2,2,4,1,23.99,23.99
O000224,S0003749,U001617,2020-12-16,15,3,2,4,1,24.99,24.99
O000225,S0003786,U001633,2020-12-22,40,5,1,10,1,28.99,28.99
O000225,S0003786,U001633,2020-12-22,5,5,1,10,1,49.49,49.49
O000226,S0003797,U001639,2020-12-21,21,4,1,2,1,21.99,21.99
O000226,S0003797,U001639,2020-12-21,29,4,1,2,1,10.99,10.99
O000227,S0003814,U001645,2020-11-12,40,3,2,1,1,28.99,28.99
O000228,S0003829,U001651,2020-12-17,36,1,2,1,1,20.99,20.99
O000228,S0003829,U001651,2020-12-17,33,1,2,1,1,44.99,44.99
O000228,S0003829,U001651,2020-12-17,24,1,2,1,1,14.99,14.99
O000229,S0003833,U001654,2020-12-20,33,2,1,2,1,44.99,44.99
O000230,S0003851,U001660,2021-01-23,1,2,2,1,1,24.99,24.99
O000230,S0003851,U001660,2021-01-23,28,2,2,1,1,9.99,9.99
O000230,S0003851,U001660,2021-01-23,17,2,2,1,1,17.99,17.99
O000231,S0003864,U001664,2020-11-26,15,1,2,1,2,22.49,44.98
O000231,S0003864,U001664,2020-11-26,17,1,2,1,1,15.29,15.29
O000232,S0003868,U001666,2020-11-22,34,2,2,1,1,21.99,21.99
O000232,S0003868,U001666,2020-11-22,28,2,2,1,1,9.99,9.99
O000233,S0003870,U001666,2020-11-27,6,6,2,1,1,44.99,44.99
O000234,S0003877,U001670,2020-11-10,12,2,2,6,2,59.99,119.98
O000234,S0003877,U001670,2020-11-10,21,2,2,6,1,21.99,21.99
O000235,S0003909,U001683,2020-11-27,41,1,3,5,1,14.39,14.39
O000235,S0003909,U001683,2020-11-27,6,1,3,5,1,42.49,42.49
O000236,S0003952,U001699,2020-12-08,34,3,2,10,1,21.99,21.99
O000237,S0003953,U001700,2020-11-26,16,1,2,2,1,29.69,29.69
O000238,S0003974,U001709,2021-01-19,18,5,1,1,1,18.99,18.99
O000238,S0003974,U001709,2021-01-19,38,5,1,1,2,16.99,33.98
O000239,S0003989,U001713,2020-11-18,19,2,1,3,1,29.99,29.99
O000239,S0003989,U001713,2020-11-18,21,2,1,3,1,21.99,21.99
O000240,S0004002,U001718,2020-11-26,35,4,2,10,2,15.99,31.98
O000241,S0004009,U001720,2020-11-26,17,1,2,1,1,15.29,15.29
O000241,S0004009,U001720,2020-11-26,35,1,2,1,1,16.99,16.99
O000241,S0004009,U001720,2020-11-26,4,1,2,1,1,22.09,22.09
O000242,S0004016,U001722,2020-12-14,21,2,1,1,1,21.99,21.99
O000243,S0004038,U001730,2020-12-05,39,6,2,1,1,11.99,11.99
O000243,S0004038,U001730,2020-12-05,15,6,2,1,1,24.99,24.99
O000244,S0004043,U001734,2021-01-08,38,7,1,1,1,16.99,16.99
O000245,S0004068,U001745,2020-12-04,35,2,3,1,1,19.99,19.99
O000246,S0004070,U001746,2020-12-02,24,4,3,1,2,12.74,25.48
O000247,S0004076,U001747,2021-01-30,17,1,1,6,1,17.99,17.99
O000247,S0004076,U001747,2021-01-30,14,1,1,6,1,16.99,16.99
O000247,S0004076,U001747,2021-01-30,18,1,1,6,1,18.99,18.99
O000248,S0004082,U001748,2020-12-14,6,3,2,4,1,49.99,49.99
O000248,S0004082,U001748,2020-12-14,3,3,2,4,1,26.99,26.99
O000249,S0004089,U001751,2021-01-18,19,4,2,1,1,29.99,29.99
O000250,S0004092,U001753,2020-11-24,12,2,2,5,1,47.99,47.99
O000250,S0004092,U001753,2020-11-24,37,2,2,5,1,21.24,21.24
O000251,S0004103,U001756,2020-12-04,24,1,1,1,1,14.99,14.99
O000251,S0004103,U001756,2020-12-04,30,1,1,1,1,24.99,24.99
O000252,S0004116,U001762,2020-12-20,29,2,2,2,1,10.99,10.99
O000253,S0004118,U001764,2020-11-17,16,7,2,1,1,32.99,32.99
O000254,S0004147,U001775,2020-11-20,36,2,1,1,1,20.99,20.99
O000254,S0004147,U001775,2020-11-20,19,2,1,1,1,29.99,29.99
O000255,S0004169,U001785,2020-12-19,9,1,1,1,1,21.59,21.59
O000256,S0004178,U001789,2020-12-17,16,1,1,4,1,29.69,29.69
O000257,S0004213,U001801,2020-12-12,20,3,2,5,2,12.99,25.98
O000258,S0004220,U001803,2020-12-17,15,5,2,1,1,24.99,24.99
O000259,S0004221,U001804,2020-12-16,17,3,1,1,1,16.19,16.19
O000259,S0004221,U001804,2020-12-16,16,3,1,1,2,32.99,65.98
O000260,S0004222,U001804,2020-12-30,37,3,1,1,1,24.99,24.99
O000260,S0004222,U001804,2020-12-30,25,3,1,1,1,6.99,6.99
O000261,S0004227,U001807,2020-12-19,8,3,2,1,1,20.69,20.69
O000262,S0004234,U001811,2021-01-14,34,3,2,10,1,21.99,21.99
O000262,S0004234,U001811,2021-01-14,8,3,2,10,1,22.99,22.99
O000263,S0004249,U001816,2020-12-23,16,7,2,4,1,32.99,32.99
O000264,S0004261,U001820,2020-12-12,18,6,2,6,1,18.99,18.99
O000265,S0004265,U001821,2020-11-30,6,1,1,1,1,44.99,44.99
O000265,S0004265,U001821,2020-11-30,14,1,1,1,1,13.59,13.59
O000265,S0004265,U001821,2020-11-30,37,1,1,1,1,19.99,19.99
O000265,S0004265,U001821,2020-11-30,8,1,1,1,1,19.54,19.54
O000266,S0004267,U001823,2020-11-12,13,1,2,2,1,74.99,74.99
O000266,S0004267,U001823,2020-11-12,35,1,2,2,2,19.99,39.98
O000267,S0004273,U001825,2020-11-13,36,1,2,9,1,20.99,20.99
O000268,S0004284,U001829,2020-11-12,36,6,2,1,1,20.99,20.99
O000269,S0004285,U001829,2020-11-13,39,3,2,1,1,11.99,11.99
O000269,S0004285,U001829,2020-11-13,11,3,2,1,1,18.99,18.99
O000270,S0004328,U001849,2020-11-17,36,1,2,2,1,20.99,20.99
O000271,S0004329,U001850,2020-12-08,13,1,1,1,1,74.99,74.99
O000272,S0004344,U001854,2020-12-19,15,3,1,1,1,24.99,24.99
O000272,S0004344,U001854,2020-12-19,42,3,1,1,1,11.69,11.69
O000273,S0004350,U001858,2020-11-28,33,4,1,10,1,38.24,38.24
O000274,S0004357,U001860,2020-12-10,32,1,1,8,1,17.99,17.99
O000274,S0004357,U001860,2020-12-10,15,1,1,8,1,24.99,24.99
O000275,S0004368,U001866,2021-01-04,12,7,2,1,1,59.99,59.99
O000275,S0004368,U001866,2021-01-04,20,7,2,1,1,12.99,12.99
O000275,S0004368,U001866,2021-01-04,3,7,2,1,1,26.99,26.99
O000276,S0004392,U001877,2021-01-31,39,2,1,6,1,11.99,11.99
O000276,S0004392,U001877,2021-01-31,20,2,1,6,1,12.99,12.99
O000276,S0004392,U001877,2021-01-31,5,2,1,6,1,54.99,54.99
O000277,S0004397,U001879,2020-11-16,12,6,2,1,1,59.99,59.99
O000277,S0004397,U001879,2020-11-16,26,6,2,1,1,7.99,7.99
O000278,S0004417,U001888,2020-12-11,3,3,2,1,2,26.99,53.98
O000278,S0004417,U001888,2020-12-11,5,3,2,1,2,49.49,98.98
O000279,S0004429,U001894,2020-11-23,40,4,1,1,1,28.99,28.99
O000280,S0004440,U001896,2020-12-17,15,1,2,1,1,24.99,24.99
O000280,S0004440,U001896,2020-12-17,29,1,2,1,1,10.99,10.99
O000281,S0004445,U001897,2020-12-11,34,1,1,1,1,19.79,19.79
O000282,S0004454,U001902,2021-01-22,19,2,1,2,1,29.99,29.99
O000283,S0004473,U001910,2021-01-22,16,1,1,8,1,32.99,32.99
O000284,S0004474,U001910,2021-01-24,32,5,1,8,1,19.99,19.99
O000285,S0004476,U001910,2021-01-27,34,2,1,8,2,21.99,43.98
O000286,S0004489,U001914,2020-12-03,13,3,1,1,1,63.74,63.74
O000287,S0004501,U001917,2020-11-27,15,1,2,1,1,21.24,21.24
O000287,S0004501,U001917,2020-11-27,21,1,2,1,1,17.59,17.59
O000287,S0004501,U001917,2020-11-27,23,1,2,1,1,16.99,16.99
O000288,S0004502,U001917,2020-11-28,19,2,2,1,1,25.49,25.49
O000288,S0004502,U001917,2020-11-28,42,2,2,1,1,11.69,11.69
O000289,S0004517,U001924,2020-11-24,13,1,1,5,2,63.74,127.48
O000289,S0004517,U001924,2020-11-24,32,1,1,5,1,16.99,16.99
O000290,S0004588,U001952,2020-12-21,38,3,1,1,1,16.99,16.99
O000290,S0004588,U001952,2020-12-21,1,3,1,1,1,22.49,22.49
O000290,S0004588,U001952,2020-12-21,16,3,1,1,2,29.69,59.38
O000291,S0004589,U001952,2020-12-23,42,3,1,1,1,11.69,11.69
O000292,S0004615,U001963,2020-12-24,8,6,2,1,1,22.99,22.99
O000293,S0004642,U001974,2021-01-02,22,2,2,3,1,9.99,9.99
O000294,S0004649,U001977,2020-12-15,25,1,2,3,1,6.99,6.99
O000295,S0004652,U001979,2021-01-11,9,1,2,1,1,23.99,23.99
O000295,S0004652,U001979,2021-01-11,35,1,2,1,1,19.99,19.99
O000296,S0004656,U001981,2020-12-23,2,7,1,6,1,27.99,27.99
O000297,S0004768,U002029,2020-12-21,35,2,1,1,1,19.99,19.99
O000298,S0004795,U002040,2020-12-14,25,2,2,2,1,6.99,6.99
O000298,S0004795,U002040,2020-12-14,11,2,2,2,1,18.99,18.99
O000299,S0004807,U002045,2020-12-14,41,2,2,1,1,15.99,15.99
O000299,S0004807,U002045,2020-12-14,8,2,2,1,1,22.99,22.99
O000300,S0004821,U002051,2020-12-07,16,4,2,5,1,32.99,32.99
O000300,S0004821,U002051,2020-12-07,12,4,2,5,1,59.99,59.99
O000301,S0004827,U002053,2021-01-19,4,1,2,1,1,25.99,25.99
O000301,S0004827,U002053,2021-01-19,28,1,2,1,1,9.99,9.99
O000302,S0004863,U002068,2020-12-20,25,2,1,5,1,6.99,6.99
O000303,S0004879,U002076,2020-11-27,36,1,1,6,1,16.79,16.79
O000304,S0004888,U002079,2020-11-15,34,2,1,6,1,21.99,21.99
O000305,S0004922,U002091,2020-11-24,34,1,2,4,1,17.59,17.59
O000305,S0004922,U002091,2020-11-24,36,1,2,4,1,17.84,17.84
O000306,S0004959,U002111,2020-12-05,32,2,2,1,1,19.99,19.99
O000307,S0004968,U002115,2020-11-27,39,2,2,1,1,10.19,10.19
O000308,S0004984,U002122,2020-12-20,25,2,2,10,1,6.99,6.99
O000308,S0004984,U002122,2020-12-20,36,2,2,10,1,20.99,20.99
O000309,S0004993,U002125,2020-12-01,16,3,2,1,1,29.69,29.69
O000310,S0004996,U002126,2021-01-22,31,2,1,2,2,29.99,59.98
O000311,S0005057,U002156,2020-12-18,30,1,2,1,2,24.99,49.98
O000312,S0005058,U002157,2020-11-29,36,1,2,3,1,16.79,16.79
O000312,S0005058,U002157,2020-11-29,12,1,2,3,1,47.99,47.99
O000312,S0005058,U002157,2020-11-29,3,1,2,3,2,22.94,45.88
O000313,S0005085,U002170,2020-12-06,24,2,2,2,1,14.99,14.99
O000314,S0005138,U002191,2020-12-23,6,1,1,1,1,49.99,49.99
O000314,S0005138,U002191,2020-12-23,17,1,1,1,2,17.99,35.98
O000314,S0005138,U002191,2020-12-23,41,1,1,1,1,15.99,15.99
O000315,S0005139,U002192,2020-11-26,1,4,2,1,1,19.99,19.99
O000316,S0005145,U002194,2020-12-18,25,2,1,1,1,6.99,6.99
O000316,S0005145,U002194,2020-12-18,14,2,1,1,1,16.99,16.99
O000317,S0005168,U002207,2020-12-19,5,1,1,1,1,54.99,54.99
O000317,S0005168,U002207,2020-12-19,34,1,1,1,1,21.99,21.99
O000318,S0005172,U002209,2020-12-05,28,6,1,1,1,9.99,9.99
O000319,S0005232,U002231,2021-01-19,38,1,2,1,1,16.99,16.99
O000319,S0005232,U002231,2021-01-19,31,1,2,1,1,29.99,29.99
O000320,S0005268,U002248,2020-11-23,38,1,1,1,1,16.99,16.99
O000321,S0005284,U002254,2020-11-19,30,2,2,3,1,24.99,24.99
O000322,S0005290,U002257,2021-01-31,5,6,2,1,1,54.99,54.99
O000322,S0005290,U002257,2021-01-31,1,6,2,1,1,24.99,24.99
O000323,S0005301,U002263,2020-12-21,14,3,2,1,1,16.99,16.99
O000323,S0005301,U002263,2020-12-21,30,3,2,1,1,24.99,24.99
O000324,S0005312,U002269,2020-12-19,7,5,1,2,1,79.99,79.99
O000325,S0005318,U002271,2020-12-01,31,1,2,1,1,26.99,26.99
O000325,S0005318,U002271,2020-12-01,11,1,2,1,1,17.09,17.09
O000326,S0005326,U002273,2020-11-20,42,1,2,1,2,12.99,25.98
O000326,S0005326,U002273,2020-11-20,20,1,2,1,1,12.99,12.99
O000327,S0005328,U002274,2020-11-14,12,1,2,10,1,59.99,59.99
O000328,S0005333,U002276,2020-11-30,25,6,1,1,1,5.94,5.94
O000328,S0005333,U002276,2020-11-30,17,6,1,1,1,16.19,16.19
O000328,S0005333,U002276,2020-11-30,29,6,1,1,1,9.89,9.89
O000329,S0005354,U002285,2021-01-22,11,3,1,1,1,18.99,18.99
O000330,S0005367,U002291,2020-11-02,18,1,1,1,2,18.99,37.98
O000330,S0005367,U002291,2020-11-02,29,1,1,1,1,10.99,10.99
O000331,S0005395,U002304,2020-11-15,22,4,1,1,2,9.99,19.98
O000332,S0005396,U002304,2020-11-18,13,1,1,1,1,74.99,74.99
O000333,S0005417,U002311,2020-12-03,25,6,2,6,1,6.29,6.29
O000333,S0005417,U002311,2020-12-03,12,6,2,6,1,53.99,53.99
O000334,S0005433,U002317,2021-01-31,1,7,2,1,1,24.99,24.99
O000335,S0005467,U002331,2020-12-19,3,1,2,3,1,26.99,26.99
O000335,S0005467,U002331,2020-12-19,9,1,2,3,2,23.99,47.98
O000335,S0005467,U002331,2020-12-19,11,1,2,3,1,18.99,18.99
O000336,S0005473,U002333,2020-12-04,25,2,2,1,1,6.99,6.99
O000337,S0005474,U002333,2020-12-06,12,3,2,1,1,59.99,59.99
O000337,S0005474,U002333,2020-12-06,32,3,2,1,1,19.99,19.99
O000338,S0005476,U002334,2020-11-26,23,2,2,1,2,17.99,35.98
O000339,S0005487,U002338,2020-12-30,35,3,2,3,1,19.99,19.99
O000339,S0005487,U002338,2020-12-30,23,3,2,3,1,19.99,19.99
O000339,S0005487,U002338,2020-12-30,17,3,2,3,1,17.99,17.99
O000340,S0005504,U002344,2021-01-24,26,1,2,1,1,7.99,7.99
O000340,S0005504,U002344,2021-01-24,39,1,2,1,1,11.99,11.99
O000341,S0005515,U002350,2020-11-26,36,1,2,1,1,17.84,17.84
O000341,S0005515,U002350,2020-11-26,35,1,2,1,1,16.99,16.99
O000342,S0005523,U002353,2020-12-14,25,1,1,1,1,6.99,6.99
O000342,S0005523,U002353,2020-12-14,38,1,1,1,1,16.99,16.99
O000343,S0005525,U002354,2020-12-03,15,1,2,8,2,22.49,44.98
O000343,S0005525,U002354,2020-12-03,17,1,2,8,1,14.39,14.39
O000344,S0005543,U002361,2020-12-28,16,7,1,1,1,32.99,32.99
O000344,S0005543,U002361,2020-12-28,19,7,1,1,1,29.99,29.99
O000345,S0005545,U002362,2020-11-14,16,1,2,1,1,32.99,32.99
O000345,S0005545,U002362,2020-11-14,42,1,2,1,1,12.99,12.99
O000346,S0005554,U002366,2020-12-02,15,2,2,10,2,19.99,39.98
O000347,S0005583,U002376,2020-12-09,40,2,2,1,1,28.99,28.99
O000348,S0005600,U002382,2020-11-29,2,2,3,8,1,25.19,25.19
O000348,S0005600,U002382,2020-11-29,6,2,3,8,1,44.99,44.99
O000348,S0005600,U002382,2020-11-29,31,2,3,8,1,26.99,26.99
O000349,S0005606,U002385,2020-12-01,27,1,1,4,1,8.09,8.09
O000349,S0005606,U002385,2020-12-01,19,1,1,4,1,23.99,23.99
O000349,S0005606,U002385,2020-12-01,29,1,1,4,1,9.34,9.34
O000350,S0005607,U002385,2020-12-02,21,2,1,4,2,18.69,37.38
O000350,S0005607,U002385,2020-12-02,9,2,1,4,1,21.59,21.59
O000351,S0005627,U002394,2021-01-10,2,3,2,10,1,27.99,27.99
O000352,S0005641,U002400,2020-12-29,34,1,2,1,1,21.99,21.99
O000353,S0005666,U002410,2021-01-28,32,4,1,10,1,19.99,19.99
O000353,S0005666,U002410,2021-01-28,41,4,1,10,1,15.99,15.99
O000353,S0005666,U002410,2021-01-28,9,4,1,10,1,23.99,23.99
O000354,S0005669,U002412,2020-12-19,14,2,1,1,1,16.99,16.99
O000354,S0005669,U002412,2020-12-19,41,2,1,1,1,15.99,15.99
O000355,S0005678,U002415,2020-11-13,10,7,2,2,1,14.99,14.99
O000355,S0005678,U002415,2020-11-13,26,7,2,2,1,7.99,7.99
O000356,S0005688,U002418,2021-01-03,18,3,2,1,1,18.99,18.99
O000356,S0005688,U002418,2021-01-03,4,3,2,1,1,25.99,25.99
O000357,S0005701,U002424,2020-12-25,28,4,1,1,1,9.99,9.99
O000358,S0005706,U002426,2020-12-04,5,2,1,7,1,54.99,54.99
O000358,S0005706,U002426,2020-12-04,9,2,1,7,1,23.99,23.99
O000358,S0005706,U002426,2020-12-04,36,2,1,7,1,20.99,20.99
O000358,S0005706,U002426,2020-12-04,34,2,1,7,1,21.99,21.99
O000359,S0005714,U002429,2020-12-12,1,3,2,3,1,24.99,24.99
O000360,S0005724,U002433,2020-12-13,14,2,1,1,1,16.99,16.99
O000361,S0005726,U002434,2021-01-05,11,3,2,5,1,18.99,18.99
O000361,S0005726,U002434,2021-01-05,36,3,2,5,1,20.99,20.99
O000361,S0005726,U002434,2021-01-05,17,3,2,5,1,17.99,17.99
O000362,S0005728,U002435,2021-01-05,21,3,1,1,1,21.99,21.99
O000362,S0005728,U002435,2021-01-05,6,3,1,1,1,49.99,49.99
O000363,S0005760,U002450,2020-12-13,33,5,2,4,1,44.99,44.99
O000364,S0005798,U002466,2020-12-24,39,1,1,10,1,11.99,11.99
O000364,S0005798,U002466,2020-12-24,41,1,1,10,1,14.39,14.39
O000365,S0005804,U002468,2020-12-02,29,1,1,1,1,9.34,9.34
O000366,S0005808,U002470,2020-12-09,5,3,2,1,1,54.99,54.99
O000367,S0005837,U002484,2020-12-01,40,6,2,5,1,24.64,24.64
O000367,S0005837,U002484,2020-12-01,5,6,2,5,1,46.74,46.74
O000367,S0005837,U002484,2020-12-01,35,6,2,5,1,16.99,16.99
O000368,S0005860,U002494,2021-01-26,41,7,1,1,1,15.99,15.99
O000369,S0005861,U002495,2020-12-04,37,1,1,1,1,24.99,24.99
O000370,S0005869,U002497,2021-01-25,8,1,2,10,1,22.99,22.99
O000371,S0005879,U002501,2020-11-28,15,6,1,2,1,21.24,21.24
O000371,S0005879,U002501,2020-11-28,11,6,1,2,2,16.14,32.28
O000371,S0005879,U002501,2020-11-28,36,6,1,2,1,17.84,17.84
O000372,S0005896,U002509,2020-11-30,15,1,2,3,1,21.24,21.24
O000373,S0005905,U002514,2020-12-13,41,4,2,10,1,14.39,14.39
O000374,S0005916,U002520,2020-12-17,22,3,3,1,1,9.99,9.99
O000375,S0005920,U002524,2020-11-27,12,3,1,1,1,53.99,53.99
O000376,S0005923,U002525,2020-12-10,6,1,1,2,1,49.99,49.99
O000376,S0005923,U002525,2020-12-10,1,1,1,2,1,24.99,24.99
O000377,S0005924,U002525,2020-12-11,9,3,2,2,1,23.99,23.99
O000378,S0005928,U002526,2020-11-27,23,4,2,6,1,16.99,16.99
O000378,S0005928,U002526,2020-11-27,36,4,2,6,2,18.89,37.78
O000379,S0005947,U002533,2020-12-27,9,1,1,1,1,23.99,23.99
O000379,S0005947,U002533,2020-12-27,2,1,1,1,1,27.99,27.99
O000379,S0005947,U002533,2020-12-27,40,1,1,1,1,28.99,28.99
O000379,S0005947,U002533,2020-12-27,37,1,1,1,1,24.99,24.99
O000380,S0005963,U002539,2021-01-06,2,1,1,1,1,27.99,27.99
O000381,S0005979,U002547,2020-12-05,11,1,1,2,1,18.99,18.99
O000381,S0005979,U002547,2020-12-05,16,1,1,2,1,32.99,32.99
O000382,S0005995,U002553,2020-12-03,8,1,1,1,1,19.54,19.54
O000382,S0005995,U002553,2020-12-03,25,1,1,1,1,6.29,6.29
O000383,S0006009,U002560,2020-12-10,30,4,2,4,1,24.99,24.99
O000383,S0006009,U002560,2020-12-10,27,4,2,4,1,8.09,8.09
O000383,S0006009,U002560,2020-12-10,3,4,2,4,1,26.99,26.99
O000384,S0006022,U002567,2020-12-20,15,3,2,3,1,24.99,24.99
O000385,S0006045,U002575,2020-12-14,6,3,2,1,1,49.99,49.99
O000386,S0006054,U002580,2020-11-22,34,1,3,1,1,21.99,21.99
O000386,S0006054,U002580,2020-11-22,39,1,3,1,1,11.99,11.99
O000386,S0006054,U002580,2020-11-22,5,1,3,1,2,54.99,109.98
O000387,S0006075,U002590,2020-12-03,15,2,1,3,1,22.49,22.49
O000388,S0006079,U002591,2020-12-15,26,3,1,1,1,7.19,7.19
O000389,S0006100,U002601,2020-12-11,38,1,2,1,1,16.99,16.99
O000389,S0006100,U002601,2020-12-11,12,1,2,1,1,59.99,59.99
O000390,S0006112,U002607,2020-12-19,16,1,1,1,1,29.69,29.69
O000391,S0006121,U002610,2020-12-23,36,1,1,1,1,20.99,20.99
O000392,S0006164,U002628,2020-12-15,34,1,2,2,1,21.99,21.99
O000393,S0006174,U002631,2021-01-23,41,3,2,1,1,15.99,15.99
O000393,S0006174,U002631,2021-01-23,7,3,2,1,1,79.99,79.99
O000394,S0006185,U002635,2021-01-08,17,1,1,4,1,17.99,17.99
O000395,S0006198,U002643,2021-01-31,27,1,1,1,1,8.99,8.99
O000395,S0006198,U002643,2021-01-31,4,1,1,1,2,25.99,51.98
O000395,S0006198,U002643,2021-01-31,15,1,1,1,1,24.99,24.99
O000395,S0006198,U002643,2021-01-31,36,1,1,1,1,20.99,20.99
O000396,S0006202,U002644,2020-12-20,12,3,3,1,2,59.99,119.98
O000397,S0006209,U002646,2020-11-26,41,1,2,2,1,12.79,12.79
O000398,S0006248,U002664,2020-12-24,17,1,1,2,1,16.19,16.19
O000398,S0006248,U002664,2020-12-24,1,1,1,2,1,24.99,24.99
O000398,S0006248,U002664,2020-12-24,22,1,1,2,1,9.99,9.99
O000399,S0006252,U002666,2020-12-19,40,7,3,1,1,28.99,28.99
O000399,S0006252,U002666,2020-12-19,17,7,3,1,1,17.99,17.99
O000400,S0006269,U002673,2020-11-14,42,2,1,1,1,12.99,12.99
O000400,S0006269,U002673,2020-11-14,10,2,1,1,1,14.99,14.99
O000400,S0006269,U002673,2020-11-14,11,2,1,1,1,18.99,18.99
O000401,S0006310,U002690,2020-12-23,5,2,2,1,1,54.99,54.99
O000401,S0006310,U002690,2020-12-23,42,2,2,1,1,12.99,12.99
O000402,S0006313,U002691,2020-12-02,4,2,2,1,1,22.09,22.09
O000403,S0006319,U002694,2020-12-25,27,5,1,7,1,8.99,8.99
O000403,S0006319,U002694,2020-12-25,7,5,1,7,1,79.99,79.99
O000403,S0006319,U002694,2020-12-25,18,5,1,7,1,18.99,18.99
O000404,S0006326,U002697,2020-11-25,35,1,3,1,1,17.99,17.99
O000405,S0006351,U002707,2020-11-22,34,1,2,1,1,21.99,21.99
O000405,S0006351,U002707,2020-11-22,36,1,2,1,2,20.99,41.98
O000406,S0006361,U002710,2021-01-03,39,6,1,1,1,11.99,11.99
O000406,S0006361,U002710,2021-01-03,4,6,1,1,2,25.99,51.98
O000406,S0006361,U002710,2021-01-03,15,6,1,1,1,24.99,24.99
O000407,S0006378,U002719,2021-01-12,24,2,2,1,1,14.99,14.99
O000407,S0006378,U002719,2021-01-12,2,2,2,1,1,27.99,27.99
O000408,S0006381,U002721,2020-12-01,15,2,2,3,1,22.49,22.49
O000409,S0006384,U002721,2020-12-12,4,3,2,3,1,25.99,25.99
O000409,S0006384,U002721,2020-12-12,15,3,2,3,1,24.99,24.99
O000410,S0006393,U002726,2021-01-29,14,1,1,5,1,16.99,16.99
O000410,S0006393,U002726,2021-01-29,5,1,1,5,1,54.99,54.99
O000411,S0006400,U002728,2021-01-18,8,6,2,1,1,22.99,22.99
O000411,S0006400,U002728,2021-01-18,4,6,2,1,2,25.99,51.98
O000412,S0006403,U002729,2020-12-20,24,3,2,1,2,14.99,29.98
O000412,S0006403,U002729,2020-12-20,3,3,2,1,1,26.99,26.99
O000413,S0006416,U002732,2021-01-16,16,2,2,7,1,32.99,32.99
O000414,S0006431,U002739,2021-01-28,17,2,2,1,1,17.99,17.99
O000414,S0006431,U002739,2021-01-28,35,2,2,1,1,19.99,19.99
O000415,S0006433,U002740,2020-11-30,27,2,2,1,1,8.09,8.09
O000416,S0006435,U002741,2020-12-27,41,2,2,1,1,15.99,15.99
O000416,S0006435,U002741,2020-12-27,13,2,2,1,1,74.99,74.99
O000417,S0006443,U002744,2021-01-09,15,3,1,1,1,24.99,24.99
O000417,S0006443,U002744,2021-01-09,4,3,1,1,1,25.99,25.99
O000418,S0006445,U002745,2020-11-27,17,1,2,1,1,15.29,15.29
O000418,S0006445,U002745,2020-11-27,9,1,2,1,1,21.59,21.59
O000419,S0006497,U002767,2020-12-08,11,3,1,5,1,18.99,18.99
O000419,S0006497,U002767,2020-12-08,14,3,1,5,1,16.99,16.99
O000420,S0006520,U002779,2020-12-21,39,1,2,1,1,11.99,11.99
O000420,S0006520,U002779,2020-12-21,35,1,2,1,1,19.99,19.99
O000421,S0006521,U002780,2021-01-31,8,6,2,4,1,22.99,22.99
O000422,S0006522,U002780,2021-01-31,41,7,2,4,1,15.99,15.99
O000422,S0006522,U002780,2021-01-31,19,7,2,4,2,29.99,59.98
O000423,S0006528,U002783,2020-12-15,29,1,2,1,1,10.99,10.99
O000424,S0006537,U002788,2020-11-11,18,2,2,1,1,18.99,18.99
O000425,S0006546,U002792,2020-12-19,14,2,2,1,1,16.99,16.99
O000426,S0006558,U002796,2020-12-12,14,6,1,3,2,16.99,33.98
O000426,S0006558,U002796,2020-12-12,20,6,1,3,1,12.99,12.99
O000426,S0006558,U002796,2020-12-12,42,6,1,3,1,12.99,12.99
O000427,S0006560,U002796,2020-12-21,29,7,1,3,1,10.99,10.99
O000427,S0006560,U002796,2020-12-21,6,7,1,3,1,49.99,49.99
O000428,S0006601,U002815,2021-01-23,39,2,2,1,2,11.99,23.98
O000428,S0006601,U002815,2021-01-23,10,2,2,1,1,14.99,14.99
O000428,S0006601,U002815,2021-01-23,30,2,2,1,1,24.99,24.99
O000429,S0006647,U002834,2020-11-29,5,4,2,5,1,46.74,46.74
O000430,S0006664,U002843,2020-11-20,39,4,1,5,1,11.99,11.99
O000431,S0006667,U002843,2020-11-29,10,1,1,5,1,11.99,11.99
O000432,S0006676,U002847,2021-01-11,32,2,2,1,1,19.99,19.99
O000433,S0006710,U002860,2020-12-08,16,2,1,1,1,32.99,32.99
O000434,S0006713,U002861,2021-01-24,16,1,1,6,2,32.99,65.98
O000435,S0006735,U002869,2020-12-05,25,3,1,5,1,6.99,6.99
O000435,S0006735,U002869,2020-12-05,16,3,1,5,1,32.99,32.99
O000435,S0006735,U002869,2020-12-05,17,3,1,5,1,17.99,17.99
O000435,S0006735,U002869,2020-12-05,12,3,1,5,1,59.99,59.99
O000436,S0006741,U002871,2020-12-21,3,1,2,2,2,26.99,53.98
O000437,S0006746,U002874,2020-12-19,25,3,1,1,1,6.99,6.99
O000437,S0006746,U002874,2020-12-19,2,3,1,1,1,25.19,25.19
O000437,S0006746,U002874,2020-12-19,4,3,1,1,1,23.39,23.39
O000438,S0006749,U002875,2020-12-25,21,2,1,4,2,21.99,43.98
O000438,S0006749,U002875,2020-12-25,42,2,1,4,1,12.99,12.99
O000439,S0006751,U002876,2020-12-25,22,2,2,1,1,9.99,9.99
O000439,S0006751,U002876,2020-12-25,15,2,2,1,1,22.49,22.49
O000440,S0006758,U002879,2020-11-23,35,2,1,4,2,19.99,39.98
O000441,S0006765,U002882,2021-01-22,16,3,1,1,1,32.99,32.99
O000442,S0006778,U002887,2021-01-24,27,7,2,1,1,8.99,8.99
O000443,S0006800,U002896,2020-11-29,6,2,2,1,1,44.99,44.99
O000443,S0006800,U002896,2020-11-29,1,2,2,1,1,21.24,21.24
O000444,S0006809,U002901,2020-11-20,9,2,2,7,1,23.99,23.99
O000445,S0006824,U002906,2020-12-14,27,6,1,1,1,8.99,8.99
O000446,S0006837,U002912,2020-12-09,11,1,2,1,1,18.99,18.99
O000447,S0006864,U002921,2020-11-17,39,7,1,1,1,11.99,11.99
O000447,S0006864,U002921,2020-11-17,3,7,1,1,1,26.99,26.99
O000448,S0006869,U002924,2020-12-16,29,2,1,4,2,10.99,21.98
O000449,S0006872,U002925,2021-01-07,5,4,2,6,1,54.99,54.99
O000450,S0006889,U002933,2020-11-12,8,3,2,4,1,22.99,22.99
O000450,S0006889,U002933,2020-11-12,25,3,2,4,1,6.99,6.99
O000451,S0006905,U002940,2020-12-23,20,5,1,1,1,11.69,11.69
O000451,S0006905,U002940,2020-12-23,28,5,1,1,1,9.99,9.99
O000452,S0006940,U002958,2020-11-12,1,1,2,1,2,24.99,49.98
O000453,S0006947,U002960,2020-12-28,17,3,1,1,1,17.99,17.99
O000454,S0006959,U002967,2020-11-02,15,4,1,1,1,24.99,24.99
O000455,S0006991,U002979,2020-11-17,17,3,1,1,1,17.99,17.99
O000455,S0006991,U002979,2020-11-17,12,3,1,1,1,59.99,59.99
O000456,S0007016,U002990,2020-12-05,22,6,1,1,2,9.99,19.98
O000457,S0007020,U002992,2020-12-18,37,1,1,1,1,24.99,24.99
O000458,S0007026,U002993,2021-01-16,10,7,2,3,2,14.99,29.98
O000458,S0007026,U002993,2021-01-16,15,7,2,3,2,24.99,49.98
O000459,S0007044,U003002,2021-01-17,9,3,1,3,2,23.99,47.98
O000459,S0007044,U003002,2021-01-17,22,3,1,3,1,9.99,9.99
O000459,S0007044,U003002,2021-01-17,33,3,1,3,1,44.99,44.99
O000460,S0007051,U003005,2020-12-06,41,3,1,1,1,14.39,14.39
O000461,S0007052,U003006,2020-11-27,35,3,1,1,1,17.99,17.99
O000461,S0007052,U003006,2020-11-27,31,3,1,1,1,25.49,25.49
O000461,S0007052,U003006,2020-11-27,16,3,1,1,1,28.04,28.04
O000462,S0007055,U003007,2020-11-19,34,5,1,8,1,21.99,21.99
O000463,S0007070,U003013,2020-11-21,17,1,2,7,2,17.99,35.98
O000464,S0007071,U003013,2020-11-22,41,2,2,7,1,15.99,15.99
O000465,S0007096,U003026,2021-01-19,7,3,2,1,1,79.99,79.99
O000466,S0007162,U003055,2020-12-01,24,4,2,1,1,11.99,11.99
O000466,S0007162,U003055,2020-12-01,30,4,2,1,1,21.24,21.24
O000467,S0007176,U003062,2021-01-29,2,2,2,1,2,27.99,55.98
O000468,S0007204,U003074,2020-12-07,14,1,2,10,2,16.99,33.98
O000469,S0007228,U003087,2020-12-05,12,2,1,1,1,59.99,59.99
O000469,S0007228,U003087,2020-12-05,13,2,1,1,2,74.99,149.98
O000469,S0007228,U003087,2020-12-05,17,2,1,1,1,17.99,17.99
O000470,S0007244,U003093,2020-12-04,37,4,2,1,1,24.99,24.99
O000470,S0007244,U003093,2020-12-04,8,4,2,1,1,22.99,22.99
O000470,S0007244,U003093,2020-12-04,19,4,2,1,1,29.99,29.99
O000471,S0007250,U003096,2020-12-08,42,2,1,6,1,12.99,12.99
O000472,S0007270,U003105,2021-01-19,7,7,1,1,1,79.99,79.99
O000473,S0007283,U003110,2020-12-26,31,1,2,1,1,29.99,29.99
O000474,S0007327,U003125,2020-12-17,15,3,1,4,1,24.99,24.99
O000474,S0007327,U003125,2020-12-17,29,3,1,4,1,9.89,9.89
O000475,S0007334,U003129,2020-12-08,33,1,1,2,2,44.99,89.98
O000475,S0007334,U003129,2020-12-08,31,1,1,2,1,29.99,29.99
O000475,S0007334,U003129,2020-12-08,11,1,1,2,1,18.99,18.99
O000476,S0007365,U003141,2020-12-16,33,6,1,5,1,44.99,44.99
O000476,S0007365,U003141,2020-12-16,24,6,1,5,1,14.99,14.99
O000477,S0007377,U003146,2020-11-09,18,6,2,8,1,18.99,18.99
O000478,S0007378,U003146,2020-11-12,25,6,2,8,2,6.99,13.98
O000478,S0007378,U003146,2020-11-12,10,6,2,8,2,14.99,29.98
O000479,S0007393,U003152,2021-01-05,37,3,1,1,1,24.99,24.99
O000479,S0007393,U003152,2021-01-05,15,3,1,1,1,24.99,24.99
O000479,S0007393,U003152,2021-01-05,40,3,1,1,1,28.99,28.99
O000480,S0007409,U003156,2020-12-03,15,1,1,1,2,22.49,44.98
O000481,S0007425,U003161,2020-12-10,16,7,2,3,1,29.69,29.69
O000481,S0007425,U003161,2020-12-10,30,7,2,3,1,24.99,24.99
O000482,S0007442,U003168,2021-01-13,20,4,1,1,1,12.99,12.99
O000483,S0007443,U003169,2021-01-22,11,3,1,1,2,18.99,37.98
O000483,S0007443,U003169,2021-01-22,26,3,1,1,1,7.99,7.99
O000484,S0007446,U003170,2020-11-26,1,7,1,6,1,21.24,21.24
O000485,S0007454,U003175,2020-11-29,38,3,1,1,1,15.29,15.29
O000486,S0007462,U003179,2020-12-11,24,4,2,1,1,14.99,14.99
O000486,S0007462,U003179,2020-12-11,16,4,2,1,1,32.99,32.99
O000487,S0007474,U003185,2020-11-27,14,5,1,4,1,15.29,15.29
O000488,S0007502,U003197,2021-01-21,10,3,2,3,1,14.99,14.99
O000488,S0007502,U003197,2021-01-21,12,3,2,3,1,59.99,59.99
O000489,S0007526,U003207,2020-12-01,18,1,1,4,1,17.09,17.09
O000489,S0007526,U003207,2020-12-01,38,1,1,4,2,15.29,30.58
O000490,S0007549,U003219,2020-12-10,2,2,1,6,1,27.99,27.99
O000491,S0007557,U003221,2020-12-07,3,1,1,1,1,26.99,26.99
O000492,S0007585,U003232,2021-01-19,11,5,1,1,1,18.99,18.99
O000492,S0007585,U003232,2021-01-19,1,5,1,1,1,24.99,24.99
O000492,S0007585,U003232,2021-01-19,27,5,1,1,1,8.99,8.99
O000492,S0007585,U003232,2021-01-19,3,5,1,1,2,26.99,53.98
O000493,S0007609,U003242,2021-01-03,22,4,1,1,1,9.99,9.99
O000494,S0007612,U003242,2021-01-07,27,2,1,1,1,8.99,8.99
O000494,S0007612,U003242,2021-01-07,11,2,1,1,1,18.99,18.99
O000494,S0007612,U003242,2021-01-07,19,2,1,1,1,29.99,29.99
O000495,S0007650,U003259,2020-12-20,7,3,1,1,1,79.99,79.99
O000495,S0007650,U003259,2020-12-20,28,3,1,1,1,9.99,9.99
O000495,S0007650,U003259,2020-12-20,11,3,1,1,1,18.99,18.99
O000496,S0007657,U003261,2020-12-19,34,4,1,10,1,19.79,19.79
O000496,S0007657,U003261,2020-12-19,15,4,1,10,2,24.99,49.98
O000496,S0007657,U003261,2020-12-19,12,4,1,10,2,59.99,119.98
O000497,S0007658,U003261,2020-12-21,19,2,1,10,1,29.99,29.99
O000498,S0007668,U003265,2020-12-17,26,3,1,4,1,7.99,7.99
O000498,S0007668,U003265,2020-12-17,35,3,1,4,2,19.99,39.98
O000498,S0007668,U003265,2020-12-17,40,3,1,4,1,28.99,28.99
O000499,S0007669,U003265,2020-12-19,21,6,1,4,1,21.99,21.99
O000500,S0007683,U003270,2021-01-28,22,1,2,4,1,9.99,9.99
O000500,S0007683,U003270,2021-01-28,42,1,2,4,1,12.99,12.99
O000500,S0007683,U003270,2021-01-28,32,1,2,4,1,19.99,19.99
O000501,S0007710,U003282,2020-12-14,10,6,3,1,1,13.49,13.49
O000502,S0007713,U003283,2020-12-08,5,3,1,7,1,54.99,54.99
O000503,S0007716,U003285,2020-12-09,19,4,2,1,1,29.99,29.99
O000504,S0007720,U003286,2021-01-10,28,1,1,3,1,9.99,9.99
O000505,S0007726,U003289,2021-01-19,27,2,2,1,1,8.99,8.99
O000506,S0007734,U003291,2021-01-21,17,7,2,5,1,17.99,17.99
O000506,S0007734,U003291,2021-01-21,14,7,2,5,1,16.99,16.99
O000507,S0007745,U003297,2020-12-11,19,6,2,3,1,29.99,29.99
O000507,S0007745,U003297,2020-12-11,42,6,2,3,1,11.69,11.69
O000508,S0007777,U003311,2020-12-02,23,1,2,5,1,17.99,17.99
O000509,S0007811,U003328,2020-12-09,12,3,2,1,1,59.99,59.99
O000509,S0007811,U003328,2020-12-09,19,3,2,1,1,26.99,26.99
O000510,S0007824,U003333,2021-01-16,10,2,1,8,1,14.99,14.99
O000511,S0007825,U003333,2021-01-17,4,6,1,8,1,25.99,25.99
O000511,S0007825,U003333,2021-01-17,23,6,1,8,1,19.99,19.99
O000512,S0007848,U003341,2020-12-30,15,1,1,5,1,24.99,24.99
O000512,S0007848,U003341,2020-12-30,31,1,1,5,2,29.99,59.98
O000513,S0007921,U003374,2020-12-13,32,3,2,1,1,19.99,19.99
O000514,S0007927,U003378,2020-11-19,16,2,2,1,1,32.99,32.99
O000514,S0007927,U003378,2020-11-19,12,2,2,1,1,59.99,59.99
O000515,S0007932,U003381,2020-12-13,5,5,2,4,1,54.99,54.99
O000516,S0007942,U003387,2020-11-11,11,6,1,4,2,18.99,37.98
O000516,S0007942,U003387,2020-11-11,30,6,1,4,1,24.99,24.99
O000517,S0007951,U003389,2020-11-17,37,4,3,8,1,24.99,24.99
O000518,S0007952,U003389,2020-11-20,40,1,2,8,1,28.99,28.99
O000519,S0007953,U003390,2020-12-11,6,3,1,10,2,49.99,99.98
O000520,S0007974,U003399,2020-12-19,28,3,2,1,1,9.99,9.99
O000520,S0007974,U003399,2020-12-19,11,3,2,1,1,17.09,17.09
O000521,S0007977,U003399,2020-12-24,5,3,1,1,1,54.99,54.99
O000521,S0007977,U003399,2020-12-24,33,3,1,1,1,44.99,44.99
O000522,S0007979,U003400,2020-11-17,26,2,1,3,1,7.99,7.99
O000523,S0007981,U003401,2020-11-24,34,4,1,5,1,18.69,18.69
O000523,S0007981,U003401,2020-11-24,3,4,1,5,1,21.59,21.59
O000524,S0008004,U003410,2020-12-12,5,1,2,2,1,54.99,54.99
O000525,S0008014,U003413,2020-12-07,1,3,2,7,1,24.99,24.99
O000525,S0008014,U003413,2020-12-07,42,3,2,7,1,11.69,11.69
O000526,S0008031,U003419,2020-12-03,38,1,2,1,1,14.44,14.44
O000526,S0008031,U003419,2020-12-03,42,1,2,1,1,11.69,11.69
O000527,S0008060,U003431,2020-12-24,10,1,1,10,1,13.49,13.49
O000528,S0008062,U003432,2020-12-24,5,2,1,1,1,54.99,54.99
O000529,S0008145,U003463,2020-12-20,10,1,3,1,1,14.99,14.99
O000529,S0008145,U003463,2020-12-20,16,1,3,1,1,32.99,32.99
O000530,S0008148,U003465,2020-12-05,10,3,1,4,1,14.99,14.99
O000531,S0008155,U003467,2020-12-15,20,2,1,6,2,11.69,23.38
O000531,S0008155,U003467,2020-12-15,40,2,1,6,1,26.09,26.09
O000531,S0008155,U003467,2020-12-15,31,2,1,6,1,29.99,29.99
O000532,S0008164,U003471,2020-11-21,5,1,2,2,2,54.99,109.98
O000533,S0008179,U003476,2020-12-30,9,3,1,2,1,23.99,23.99
O000533,S0008179,U003476,2020-12-30,27,3,1,2,1,8.99,8.99
O000534,S0008188,U003482,2020-12-19,9,1,1,1,1,21.59,21.59
O000535,S0008215,U003493,2021-01-05,4,1,2,1,1,25.99,25.99
O000536,S0008229,U003498,2020-12-13,18,1,1,3,1,18.99,18.99
O000537,S0008242,U003502,2020-12-24,1,3,2,3,1,22.49,22.49
O000538,S0008288,U003523,2020-12-29,37,2,2,1,1,24.99,24.99
O000538,S0008288,U003523,2020-12-29,16,2,2,1,1,32.99,32.99
O000539,S0008291,U003523,2021-01-02,11,2,2,1,1,18.99,18.99
O000539,S0008291,U003523,2021-01-02,19,2,2,1,2,29.99,59.98
O000540,S0008297,U003525,2020-12-15,21,1,1,5,1,21.99,21.99
O000541,S0008322,U003537,2020-12-15,37,3,2,10,1,24.99,24.99
O000542,S0008333,U003541,2020-12-05,17,3,2,10,1,17.99,17.99
O000543,S0008334,U003542,2020-12-16,38,2,1,1,1,15.29,15.29
O000544,S0008340,U003544,2020-12-03,10,3,2,7,1,12.74,12.74
O000544,S0008340,U003544,2020-12-03,13,3,2,7,1,63.74,63.74
O000545,S0008341,U003545,2020-11-29,41,2,2,1,2,14.39,28.78
O000545,S0008341,U003545,2020-11-29,3,2,2,1,1,21.59,21.59
O000546,S0008361,U003555,2021-01-27,40,2,2,2,1,28.99,28.99
O000547,S0008379,U003562,2021-01-24,32,1,2,6,2,19.99,39.98
O000548,S0008382,U003563,2020-11-28,37,2,2,10,1,21.24,21.24
O000548,S0008382,U003563,2020-11-28,7,2,2,10,1,71.99,71.99
O000549,S0008438,U003585,2021-01-07,25,2,2,1,1,6.99,6.99
O000549,S0008438,U003585,2021-01-07,17,2,2,1,1,17.99,17.99
O000550,S0008444,U003587,2020-12-08,27,4,2,1,1,8.99,8.99
O000551,S0008465,U003598,2021-01-16,33,6,2,1,1,44.99,44.99
O000552,S0008474,U003602,2020-11-08,16,7,1,1,1,32.99,32.99
O000553,S0008482,U003605,2020-12-09,38,4,2,1,1,16.99,16.99
O000553,S0008482,U003605,2020-12-09,25,4,2,1,1,6.99,6.99
O000553,S0008482,U003605,2020-12-09,4,4,2,1,2,25.99,51.98
O000554,S0008500,U003612,2020-12-26,39,6,2,1,1,11.99,11.99
O000554,S0008500,U003612,2020-12-26,6,6,2,1,1,49.99,49.99
O000554,S0008500,U003612,2020-12-26,8,6,2,1,2,22.99,45.98
O000555,S0008509,U003616,2020-11-24,16,2,1,4,1,28.04,28.04
O000556,S0008517,U003620,2021-01-23,36,6,1,1,1,20.99,20.99
O000556,S0008517,U003620,2021-01-23,19,6,1,1,1,29.99,29.99
O000557,S0008542,U003633,2020-11-30,28,4,2,1,1,8.49,8.49
O000557,S0008542,U003633,2020-11-30,26,4,2,1,1,6.39,6.39
O000558,S0008604,U003653,2021-01-15,1,2,2,4,1,24.99,24.99
O000559,S0008613,U003657,2021-01-02,22,1,1,1,2,9.99,19.98
O000559,S0008613,U003657,2021-01-02,31,1,1,1,1,29.99,29.99
O000560,S0008621,U003660,2020-12-24,12,3,1,1,1,59.99,59.99
O000560,S0008621,U003660,2020-12-24,34,3,1,1,1,19.79,19.79
O000561,S0008633,U003665,2021-01-21,20,4,2,9,1,12.99,12.99
O000561,S0008633,U003665,2021-01-21,22,4,2,9,1,9.99,9.99
O000562,S0008660,U003676,2020-11-26,18,1,2,1,1,16.14,16.14
O000562,S0008660,U003676,2020-11-26,24,1,2,1,1,13.49,13.49
O000562,S0008660,U003676,2020-11-26,41,1,2,1,1,12.79,12.79
O000563,S0008673,U003682,2020-11-11,28,6,1,2,1,9.99,9.99
O000564,S0008674,U003683,2020-12-31,4,2,1,1,2,25.99,51.98
O000565,S0008695,U003690,2020-12-09,33,4,2,1,1,40.49,40.49
O000565,S0008695,U003690,2020-12-09,7,4,2,1,2,71.99,143.98
O000566,S0008721,U003703,2021-01-09,12,2,1,1,1,59.99,59.99
O000567,S0008743,U003713,2020-12-04,29,2,2,4,1,10.99,10.99
O000567,S0008743,U003713,2020-12-04,37,2,2,4,1,24.99,24.99
O000568,S0008769,U003723,2020-12-15,5,2,3,4,1,54.99,54.99
O000568,S0008769,U003723,2020-12-15,16,2,3,4,1,32.99,32.99
O000569,S0008784,U003730,2020-12-02,26,4,2,10,1,6.39,6.39
O000569,S0008784,U003730,2020-12-02,16,4,2,10,1,28.04,28.04
O000570,S0008799,U003735,2020-11-12,18,1,1,1,1,18.99,18.99
O000571,S0008824,U003744,2020-12-30,34,6,1,1,1,21.99,21.99
O000571,S0008824,U003744,2020-12-30,21,6,1,1,1,21.99,21.99
O000572,S0008837,U003751,2020-12-24,38,7,2,1,1,15.29,15.29
O000573,S0008857,U003759,2020-12-16,21,1,3,1,2,21.99,43.98
O000574,S0008866,U003763,2020-11-11,15,1,1,6,1,24.99,24.99
O000575,S0008870,U003765,2020-12-31,9,2,2,3,1,23.99,23.99
O000576,S0008900,U003781,2020-12-04,13,3,1,1,1,74.99,74.99
O000577,S0008905,U003784,2020-12-19,34,1,2,4,1,21.99,21.99
O000578,S0008906,U003785,2020-12-24,20,1,3,1,1,12.99,12.99
O000579,S0008909,U003787,2021-01-07,23,7,2,1,1,19.99,19.99
O000580,S0008927,U003795,2020-11-21,9,3,1,2,1,23.99,23.99
O000581,S0008940,U003801,2020-11-29,13,3,1,1,1,63.74,63.74
O000581,S0008940,U003801,2020-11-29,4,3,1,1,1,22.09,22.09
O000582,S0009010,U003833,2020-11-16,42,5,2,5,2,12.99,25.98
O000583,S0009025,U003839,2020-12-30,24,2,1,10,1,14.99,14.99
O000583,S0009025,U003839,2020-12-30,35,2,1,10,1,19.99,19.99
O000584,S0009036,U003842,2021-01-29,8,2,2,2,1,22.99,22.99
O000585,S0009059,U003852,2020-12-02,35,1,2,1,1,15.99,15.99
O000586,S0009076,U003860,2020-11-28,32,4,2,1,1,15.99,15.99
O000587,S0009092,U003867,2020-12-11,17,1,2,1,1,17.99,17.99
O000587,S0009092,U003867,2020-12-11,37,1,2,1,1,24.99,24.99
O000588,S0009138,U003887,2020-11-25,40,3,2,1,2,26.09,52.18
O000589,S0009150,U003893,2020-11-07,17,3,2,8,1,17.99,17.99
O000589,S0009150,U003893,2020-11-07,15,3,2,8,1,24.99,24.99
O000590,S0009152,U003894,2020-11-17,6,3,2,1,1,49.99,49.99
O000590,S0009152,U003894,2020-11-17,15,3,2,1,2,24.99,49.98
O000591,S0009155,U003894,2020-11-25,28,1,3,1,1,8.99,8.99
O000592,S0009174,U003902,2020-11-20,12,1,1,1,1,59.99,59.99
O000592,S0009174,U003902,2020-11-20,31,1,1,1,1,29.99,29.99
O000593,S0009182,U003905,2020-12-01,2,2,2,2,1,25.19,25.19
O000594,S0009198,U003911,2021-01-05,1,2,2,4,1,24.99,24.99
O000594,S0009198,U003911,2021-01-05,15,2,2,4,1,24.99,24.99
O000594,S0009198,U003911,2021-01-05,22,2,2,4,1,9.99,9.99
O000595,S0009201,U003912,2021-01-30,9,2,2,2,1,23.99,23.99
O000595,S0009201,U003912,2021-01-30,21,2,2,2,1,21.99,21.99
O000596,S0009232,U003923,2020-12-21,1,6,2,1,2,24.99,49.98
O000596,S0009232,U003923,2020-12-21,14,6,2,1,1,15.29,15.29
O000597,S0009237,U003926,2020-12-15,3,1,2,3,1,24.29,24.29
O000598,S0009253,U003932,2020-12-11,17,2,2,2,1,17.99,17.99
O000598,S0009253,U003932,2020-12-11,1,2,2,2,1,24.99,24.99
O000599,S0009269,U003938,2020-11-25,23,1,1,1,2,16.99,33.98
O000600,S0009280,U003942,2020-12-16,4,7,1,7,1,23.39,23.39
O000601,S0009292,U003946,2020-11-30,22,1,1,2,1,7.99,7.99
O000602,S0009305,U003953,2020-12-04,17,4,2,3,2,17.99,35.98
O000603,S0009313,U003957,2020-12-06,4,3,2,1,2,25.99,51.98
O000603,S0009313,U003957,2020-12-06,19,3,2,1,1,26.99,26.99
O000604,S0009321,U003960,2020-11-16,26,1,2,1,1,7.99,7.99
O000605,S0009327,U003963,2020-12-23,5,6,3,1,2,49.49,98.98
O000606,S0009350,U003971,2020-11-28,30,5,1,1,1,22.49,22.49
O000607,S0009374,U003982,2021-01-08,14,2,2,1,2,16.99,33.98
O000608,S0009378,U003985,2020-12-01,38,3,2,1,2,13.59,27.18
O000609,S0009401,U003996,2020-12-31,14,1,1,1,1,16.99,16.99
O000609,S0009401,U003996,2020-12-31,16,1,1,1,2,32.99,65.98
O000609,S0009401,U003996,2020-12-31,26,1,1,1,1,7.99,7.99
O000610,S0009407,U003998,2021-01-29,33,3,2,4,1,44.99,44.99
O000611,S0009422,U004004,2020-12-30,7,3,2,4,1,79.99,79.99
O000611,S0009422,U004004,2020-12-30,19,3,2,4,2,29.99,59.98
O000612,S0009440,U004009,2020-12-28,25,1,2,2,1,6.99,6.99
O000612,S0009440,U004009,2020-12-28,5,1,2,2,1,54.99,54.99
O000613,S0009442,U004009,2021-01-01,26,3,2,2,1,7.99,7.99
O000613,S0009442,U004009,2021-01-01,19,3,2,2,1,29.99,29.99
O000614,S0009449,U004012,2020-12-23,18,1,2,4,2,18.99,37.98
O000614,S0009449,U004012,2020-12-23,34,1,2,4,1,21.99,21.99
O000614,S0009449,U004012,2020-12-23,25,1,2,4,1,6.99,6.99
O000615,S0009469,U004021,2021-01-05,16,2,2,3,1,32.99,32.99
O000615,S0009469,U004021,2021-01-05,12,2,2,3,1,59.99,59.99
O000615,S0009469,U004021,2021-01-05,32,2,2,3,1,19.99,19.99
O000616,S0009473,U004023,2020-12-09,36,7,1,1,1,18.89,18.89
O000617,S0009476,U004025,2020-12-18,28,2,1,2,1,9.99,9.99
O000618,S0009481,U004029,2020-11-23,12,4,2,2,1,59.99,59.99
O000619,S0009484,U004029,2020-11-27,35,6,2,2,1,16.99,16.99
O000619,S0009484,U004029,2020-11-27,25,6,2,2,2,6.29,12.58
O000620,S0009486,U004029,2020-12-07,1,6,2,2,1,24.99,24.99
O000621,S0009510,U004037,2020-11-27,9,2,1,1,2,19.19,38.38
O000621,S0009510,U004037,2020-11-27,42,2,1,1,1,10.39,10.39
O000622,S0009522,U004043,2021-01-07,12,3,1,1,1,59.99,59.99
O000622,S0009522,U004043,2021-01-07,22,3,1,1,1,9.99,9.99
O000623,S0009528,U004045,2020-12-04,7,1,1,5,2,79.99,159.98
O000623,S0009528,U004045,2020-12-04,33,1,1,5,1,44.99,44.99
O000623,S0009528,U004045,2020-12-04,10,1,1,5,1,14.99,14.99
O000624,S0009537,U004048,2020-12-11,22,1,2,1,1,8.99,8.99
O000625,S0009554,U004053,2020-12-16,11,1,2,1,1,18.99,18.99
O000626,S0009560,U004056,2020-12-27,29,6,3,1,1,10.99,10.99
O000626,S0009560,U004056,2020-12-27,36,6,3,1,1,20.99,20.99
O000626,S0009560,U004056,2020-12-27,38,6,3,1,1,16.99,16.99
O000627,S0009567,U004059,2021-01-21,21,2,2,1,1,21.99,21.99
O000627,S0009567,U004059,2021-01-21,16,2,2,1,1,32.99,32.99
O000628,S0009589,U004067,2020-12-08,15,2,1,5,1,24.99,24.99
O000628,S0009589,U004067,2020-12-08,5,2,1,5,1,54.99,54.99
O000629,S0009612,U004080,2020-12-10,17,3,2,7,1,17.99,17.99
O000629,S0009612,U004080,2020-12-10,19,3,2,7,1,29.99,29.99
O000629,S0009612,U004080,2020-12-10,27,3,2,7,1,8.99,8.99
O000630,S0009654,U004097,2021-01-05,10,3,1,1,1,14.99,14.99
O000630,S0009654,U004097,2021-01-05,9,3,1,1,1,23.99,23.99
O000630,S0009654,U004097,2021-01-05,20,3,1,1,2,12.99,25.98
O000631,S0009664,U004102,2020-12-01,32,2,1,3,1,17.99,17.99
O000631,S0009664,U004102,2020-12-01,8,2,1,3,1,19.54,19.54
O000631,S0009664,U004102,2020-12-01,33,2,1,3,2,40.49,80.98
O000632,S0009665,U004102,2020-12-14,34,2,1,3,1,21.99,21.99
O000632,S0009665,U004102,2020-12-14,41,2,1,3,1,15.99,15.99
O000633,S0009676,U004108,2020-12-03,14,1,1,4,2,14.44,28.88
O000634,S0009677,U004108,2020-12-06,6,3,1,4,1,49.99,49.99
O000634,S0009677,U004108,2020-12-06,5,3,1,4,2,54.99,109.98
O000634,S0009677,U004108,2020-12-06,34,3,1,4,1,19.79,19.79
O000635,S0009702,U004118,2020-11-15,37,7,2,1,1,24.99,24.99
O000636,S0009703,U004118,2020-11-23,19,2,2,1,1,29.99,29.99
O000636,S0009703,U004118,2020-11-23,28,2,2,1,2,9.99,19.98
O000637,S0009711,U004122,2020-11-15,8,3,2,1,1,22.99,22.99
O000638,S0009714,U004123,2020-12-20,6,3,2,2,1,44.99,44.99
O000639,S0009735,U004133,2020-11-27,21,1,2,3,1,18.69,18.69
O000640,S0009748,U004140,2020-11-05,24,1,2,1,1,14.99,14.99
O000641,S0009756,U004143,2020-12-02,36,3,2,8,1,17.84,17.84
O000642,S0009775,U004151,2020-11-26,15,1,1,2,1,22.49,22.49
O000642,S0009775,U004151,2020-11-26,16,1,1,2,1,29.69,29.69
O000643,S0009804,U004166,2021-01-01,36,1,1,2,1,20.99,20.99
O000644,S0009829,U004178,2020-12-29,9,1,1,1,1,23.99,23.99
O000644,S0009829,U004178,2020-12-29,34,1,1,1,1,21.99,21.99
O000645,S0009840,U004183,2020-11-21,6,2,2,1,1,49.99,49.99
O000646,S0009850,U004189,2020-12-13,8,5,2,1,1,22.99,22.99
O000647,S0009904,U004213,2020-12-16,13,1,1,1,1,74.99,74.99
O000648,S0009931,U004227,2020-11-28,37,1,2,3,1,22.49,22.49
O000649,S0009933,U004228,2020-12-18,14,2,2,7,1,15.29,15.29
O000649,S0009933,U004228,2020-12-18,8,2,2,7,1,22.99,22.99
O000650,S0009935,U004229,2020-12-10,24,2,1,1,2,14.99,29.98
O000651,S0009948,U004234,2021-01-30,12,1,1,10,1,59.99,59.99
O000652,S0009957,U004237,2021-01-13,11,4,2,6,1,18.99,18.99
O000653,S0009973,U004244,2020-12-09,42,6,2,1,1,12.99,12.99
O000653,S0009973,U004244,2020-12-09,16,6,2,1,1,32.99,32.99
O000653,S0009973,U004244,2020-12-09,32,6,2,1,1,19.99,19.99
O000654,S0009982,U004248,2020-12-17,34,3,2,3,1,21.99,21.99
O000655,S0010015,U004262,2021-01-09,3,1,1,1,1,26.99,26.99
O000656,S0010032,U004269,2020-12-21,10,2,1,1,2,13.49,26.98
O000657,S0010064,U004283,2020-12-13,41,3,1,8,1,14.39,14.39
O000658,S0010067,U004284,2021-01-01,3,2,1,2,1,26.99,26.99
O000658,S0010067,U004284,2021-01-01,36,2,1,2,1,20.99,20.99
O000658,S0010067,U004284,2021-01-01,11,2,1,2,2,18.99,37.98
O000659,S0010069,U004285,2020-12-24,14,4,2,1,1,16.99,16.99
O000659,S0010069,U004285,2020-12-24,22,4,2,1,1,9.99,9.99
O000660,S0010086,U004293,2020-12-22,30,1,2,1,1,24.99,24.99
O000661,S0010103,U004299,2021-01-14,32,4,2,4,2,19.99,39.98
O000661,S0010103,U004299,2021-01-14,17,4,2,4,1,17.99,17.99
O000661,S0010103,U004299,2021-01-14,19,4,2,4,1,29.99,29.99
O000661,S0010103,U004299,2021-01-14,10,4,2,4,1,14.99,14.99
O000662,S0010123,U004308,2021-01-20,21,2,1,1,2,21.99,43.98
O000662,S0010123,U004308,2021-01-20,37,2,1,1,1,24.99,24.99
O000662,S0010123,U004308,2021-01-20,12,2,1,1,2,59.99,119.98
O000663,S0010135,U004313,2020-12-17,1,1,2,3,1,24.99,24.99
O000663,S0010135,U004313,2020-12-17,25,1,2,3,1,6.99,6.99
O000664,S0010144,U004317,2020-12-04,33,3,1,2,2,44.99,89.98
O000664,S0010144,U004317,2020-12-04,13,3,1,2,1,74.99,74.99
O000664,S0010144,U004317,2020-12-04,39,3,1,2,1,11.99,11.99
O000665,S0010157,U004323,2020-11-28,20,2,1,1,1,11.69,11.69
O000665,S0010157,U004323,2020-11-28,1,2,1,1,1,21.24,21.24
O000666,S0010175,U004329,2021-01-09,17,1,1,1,1,17.99,17.99
O000667,S0010188,U004333,2020-12-03,4,3,2,4,1,23.39,23.39
O000668,S0010190,U004334,2020-12-14,17,3,3,3,1,17.99,17.99
O000668,S0010190,U004334,2020-12-14,40,3,3,3,1,28.99,28.99
O000669,S0010211,U004344,2020-12-11,35,3,2,5,1,17.99,17.99
O000669,S0010211,U004344,2020-12-11,5,3,2,5,1,54.99,54.99
O000670,S0010227,U004351,2020-12-03,41,2,1,1,1,14.39,14.39
O000670,S0010227,U004351,2020-12-03,33,2,1,1,1,35.99,35.99
O000670,S0010227,U004351,2020-12-03,13,2,1,1,1,63.74,63.74
O000671,S0010253,U004362,2020-12-03,8,1,2,1,1,19.54,19.54
O000671,S0010253,U004362,2020-12-03,13,1,2,1,1,63.74,63.74
O000672,S0010256,U004363,2020-11-29,15,3,1,1,1,19.99,19.99
O000672,S0010256,U004363,2020-11-29,37,3,1,1,1,21.24,21.24
O000673,S0010258,U004363,2020-12-03,41,1,1,1,1,14.39,14.39
O000673,S0010258,U004363,2020-12-03,28,1,1,1,1,8.99,8.99
O000674,S0010268,U004368,2020-12-12,18,2,2,1,2,18.99,37.98
O000675,S0010302,U004382,2020-11-29,18,4,2,1,1,16.14,16.14
O000675,S0010302,U004382,2020-11-29,17,4,2,1,1,16.19,16.19
O000676,S0010314,U004387,2021-01-31,18,1,1,1,1,18.99,18.99
O000676,S0010314,U004387,2021-01-31,41,1,1,1,1,15.99,15.99
O000676,S0010314,U004387,2021-01-31,30,1,1,1,1,24.99,24.99
O000677,S0010331,U004396,2020-11-14,19,1,1,10,1,29.99,29.99
O000677,S0010331,U004396,2020-11-14,33,1,1,10,1,44.99,44.99
O000678,S0010369,U004413,2021-01-31,42,3,1,1,1,12.99,12.99
O000678,S0010369,U004413,2021-01-31,19,3,1,1,1,29.99,29.99
O000679,S0010407,U004429,2020-12-16,1,3,1,1,1,22.49,22.49
O000680,S0010419,U004433,2020-11-30,24,1,1,1,2,12.74,25.48
O000681,S0010427,U004436,2020-11-28,17,1,2,3,2,16.19,32.38
O000682,S0010440,U004442,2020-12-12,19,2,2,2,1,29.99,29.99
O000682,S0010440,U004442,2020-12-12,6,2,2,2,1,49.99,49.99
O000683,S0010445,U004444,2020-11-23,5,2,2,10,1,54.99,54.99
O000684,S0010461,U004449,2020-11-24,20,3,2,3,2,11.04,22.08
O000684,S0010461,U004449,2020-11-24,23,3,2,3,2,17.99,35.98
O000685,S0010470,U004454,2020-12-01,25,1,1,3,2,5.94,11.88
O000686,S0010476,U004457,2020-12-19,20,1,3,1,1,12.99,12.99
O000687,S0010504,U004468,2020-12-22,16,4,2,1,1,32.99,32.99
O000687,S0010504,U004468,2020-12-22,23,4,2,1,1,19.99,19.99
O000688,S0010509,U004470,2020-11-29,33,1,1,1,1,35.99,35.99
O000688,S0010509,U004470,2020-11-29,4,1,1,1,1,22.09,22.09
O000689,S0010520,U004474,2020-11-22,40,2,2,1,2,28.99,57.98
O000690,S0010527,U004476,2020-11-28,42,3,1,1,1,11.04,11.04
O000691,S0010533,U004478,2020-12-01,2,3,1,1,2,22.39,44.78
O000692,S0010535,U004479,2020-12-03,14,2,1,10,1,15.29,15.29
O000692,S0010535,U004479,2020-12-03,42,2,1,10,1,11.04,11.04
O000692,S0010535,U004479,2020-12-03,32,2,1,10,1,17.99,17.99
O000693,S0010538,U004480,2020-12-28,15,3,1,2,1,24.99,24.99
O000694,S0010564,U004489,2020-12-28,11,2,1,10,1,18.99,18.99
O000695,S0010581,U004495,2021-01-10,5,1,2,1,1,54.99,54.99
O000696,S0010621,U004514,2020-12-12,41,4,3,5,1,15.99,15.99
O000696,S0010621,U004514,2020-12-12,16,4,3,5,1,32.99,32.99
O000697,S0010638,U004521,2021-01-19,14,2,2,1,1,16.99,16.99
O000698,S0010645,U004524,2020-12-06,19,1,1,10,1,26.99,26.99
O000699,S0010674,U004536,2020-12-10,19,1,1,1,1,29.99,29.99
O000700,S0010690,U004541,2020-11-19,4,2,2,1,1,25.99,25.99
O000701,S0010735,U004561,2020-12-01,34,2,2,10,1,19.79,19.79
O000702,S0010746,U004565,2021-01-15,40,2,2,1,1,28.99,28.99
O000703,S0010753,U004570,2020-11-25,41,2,1,10,1,12.79,12.79
O000704,S0010759,U004572,2020-12-06,15,2,2,5,1,24.99,24.99
O000704,S0010759,U004572,2020-12-06,27,2,2,5,2,8.99,17.98
O000705,S0010763,U004574,2020-11-27,7,1,1,3,1,67.99,67.99
O000705,S0010763,U004574,2020-11-27,1,1,1,3,1,21.24,21.24
O000706,S0010806,U004591,2020-12-12,21,3,1,1,1,21.99,21.99
O000707,S0010807,U004592,2020-12-16,17,6,1,4,1,17.99,17.99
O000707,S0010807,U004592,2020-12-16,9,6,1,4,2,23.99,47.98
O000708,S0010821,U004600,2020-11-14,1,3,2,1,1,24.99,24.99
O000708,S0010821,U004600,2020-11-14,36,3,2,1,1,20.99,20.99
O000709,S0010827,U004601,2021-01-20,12,1,2,1,2,59.99,119.98
O000710,S0010841,U004608,2020-12-19,18,6,1,4,1,18.99,18.99
O000711,S0010873,U004624,2020-12-07,9,7,2,2,1,23.99,23.99
O000712,S0010883,U004629,2020-11-29,17,1,1,1,1,14.39,14.39
O000712,S0010883,U004629,2020-11-29,2,1,1,1,2,23.79,47.58
O000712,S0010883,U004629,2020-11-29,30,1,1,1,1,22.49,22.49
O000713,S0010919,U004647,2020-12-06,2,4,2,1,1,27.99,27.99
O000714,S0010932,U004651,2020-12-05,4,7,2,1,1,25.99,25.99
O000715,S0010938,U004654,2020-11-05,9,4,1,1,1,23.99,23.99
O000715,S0010938,U004654,2020-11-05,2,4,1,1,2,27.99,55.98
O000716,S0010939,U004654,2020-11-07,10,2,1,1,1,14.99,14.99
O000717,S0010977,U004672,2020-12-12,9,2,1,6,1,23.99,23.99
O000718,S0011003,U004680,2020-12-12,21,1,3,1,1,19.79,19.79
O000718,S0011003,U004680,2020-12-12,30,1,3,1,1,24.99,24.99
O000719,S0011008,U004682,2020-11-26,38,3,1,3,1,15.29,15.29
O000719,S0011008,U004682,2020-11-26,8,3,1,3,1,20.69,20.69
O000719,S0011008,U004682,2020-11-26,9,3,1,3,1,19.19,19.19
O000720,S0011033,U004693,2020-12-02,20,3,1,1,1,11.69,11.69
O000720,S0011033,U004693,2020-12-02,36,3,1,1,1,17.84,17.84
O000721,S0011056,U004702,2020-12-18,15,1,1,2,1,24.99,24.99
O000721,S0011056,U004702,2020-12-18,4,1,1,2,1,25.99,25.99
O000722,S0011078,U004710,2021-01-20,17,3,2,7,1,17.99,17.99
O000723,S0011122,U004731,2021-01-19,24,3,2,1,1,14.99,14.99
O000724,S0011130,U004735,2020-12-22,8,4,2,1,1,22.99,22.99
O000724,S0011130,U004735,2020-12-22,10,4,2,1,1,14.99,14.99
O000725,S0011140,U004741,2021-01-04,10,2,1,1,2,14.99,29.98
O000726,S0011162,U004751,2021-01-08,41,2,1,1,1,15.99,15.99
O000727,S0011171,U004754,2020-12-22,7,6,1,5,1,79.99,79.99
O000727,S0011171,U004754,2020-12-22,14,6,1,5,1,16.99,16.99
O000728,S0011178,U004758,2020-11-27,15,3,3,10,1,19.99,19.99
O000729,S0011192,U004762,2020-12-12,25,2,1,4,1,6.99,6.99
O000730,S0011239,U004781,2020-12-07,2,7,1,8,1,27.99,27.99
O000731,S0011275,U004795,2020-12-22,19,2,2,1,2,29.99,59.98
O000731,S0011275,U004795,2020-12-22,2,2,2,1,1,25.19,25.19
O000731,S0011275,U004795,2020-12-22,36,2,2,1,1,20.99,20.99
O000732,S0011280,U004797,2021-01-19,10,6,2,2,1,14.99,14.99
O000733,S0011282,U004798,2020-11-16,28,1,2,1,1,9.99,9.99
O000733,S0011282,U004798,2020-11-16,34,1,2,1,1,21.99,21.99
O000734,S0011289,U004803,2020-11-04,4,6,1,2,1,25.99,25.99
O000734,S0011289,U004803,2020-11-04,25,6,1,2,1,6.99,6.99
O000735,S0011315,U004813,2020-12-04,30,7,1,1,1,24.99,24.99
O000736,S0011318,U004814,2020-12-31,27,1,2,1,2,8.99,17.98
O000736,S0011318,U004814,2020-12-31,14,1,2,1,1,16.99,16.99
O000736,S0011318,U004814,2020-12-31,15,1,2,1,1,24.99,24.99
O000736,S0011318,U004814,2020-12-31,21,1,2,1,1,21.99,21.99
O000737,S0011341,U004822,2020-12-10,28,1,2,2,1,8.99,8.99
O000738,S0011361,U004828,2020-12-28,17,4,2,3,1,17.99,17.99
O000739,S0011371,U004831,2020-11-29,33,7,2,1,2,35.99,71.98
O000740,S0011395,U004840,2020-12-23,17,2,3,1,1,17.99,17.99
O000740,S0011395,U004840,2020-12-23,7,2,3,1,1,79.99,79.99
O000741,S0011435,U004857,2020-11-30,13,1,2,1,1,67.49,67.49
O000742,S0011436,U004858,2021-01-09,27,1,1,1,1,8.99,8.99
O000742,S0011436,U004858,2021-01-09,12,1,1,1,1,59.99,59.99
O000743,S0011454,U004865,2020-11-29,3,1,2,1,1,24.29,24.29
O000744,S0011459,U004867,2020-12-03,29,1,1,1,1,9.89,9.89
O000744,S0011459,U004867,2020-12-03,42,1,1,1,1,11.69,11.69
O000745,S0011477,U004874,2020-11-24,25,4,2,2,1,6.29,6.29
O000745,S0011477,U004874,2020-11-24,1,4,2,2,1,19.99,19.99
O000746,S0011514,U004888,2021-01-31,9,5,2,1,1,23.99,23.99
O000746,S0011514,U004888,2021-01-31,5,5,2,1,1,54.99,54.99
O000746,S0011514,U004888,2021-01-31,4,5,2,1,1,25.99,25.99
O000747,S0011529,U004893,2020-11-22,6,1,3,2,1,49.99,49.99
O000747,S0011529,U004893,2020-11-22,24,1,3,2,1,14.99,14.99
O000748,S0011542,U004898,2020-12-28,10,1,1,2,1,14.99,14.99
O000749,S0011572,U004908,2020-12-23,2,2,1,1,1,25.19,25.19
O000750,S0011600,U004921,2020-11-28,5,1,2,8,1,46.74,46.74
O000751,S0011601,U004921,2020-12-04,25,5,2,8,1,6.99,6.99
O000752,S0011618,U004928,2020-11-08,7,2,2,1,1,79.99,79.99
O000753,S0011628,U004932,2020-12-20,34,3,1,1,1,21.99,21.99
O000754,S0011650,U004941,2020-12-21,28,4,2,1,1,9.99,9.99
O000755,S0011651,U004942,2020-12-02,5,6,2,1,1,49.49,49.49
O000756,S0011659,U004944,2020-12-29,24,1,2,1,1,14.99,14.99
O000756,S0011659,U004944,2020-12-29,10,1,2,1,1,14.99,14.99
O000757,S0011676,U004950,2021-01-31,38,5,1,1,1,16.99,16.99
O000758,S0011683,U004953,2020-11-27,25,3,2,2,1,6.29,6.29
O000759,S0011685,U004954,2021-01-08,13,3,2,1,1,74.99,74.99
O000759,S0011685,U004954,2021-01-08,8,3,2,1,1,22.99,22.99
O000760,S0011703,U004961,2020-11-26,16,3,2,2,1,26.39,26.39
O000760,S0011703,U004961,2020-11-26,30,3,2,2,1,22.49,22.49
O000761,S0011716,U004966,2021-01-21,32,7,1,4,2,19.99,39.98
O000761,S0011716,U004966,2021-01-21,42,7,1,4,2,12.99,25.98
O000762,S0011718,U004967,2020-11-26,35,2,2,1,1,16.99,16.99
O000762,S0011718,U004967,2020-11-26,1,2,2,1,2,21.24,42.48
O000762,S0011718,U004967,2020-11-26,30,2,2,1,1,19.99,19.99
O000763,S0011745,U004978,2021-01-31,31,4,2,7,1,29.99,29.99
O000763,S0011745,U004978,2021-01-31,3,4,2,7,1,26.99,26.99
O000764,S0011778,U004991,2020-12-05,38,1,2,3,2,16.99,33.98
O000764,S0011778,U004991,2020-12-05,6,1,2,3,1,49.99,49.99
O000765,S0011813,U005005,2020-11-22,15,4,2,2,2,24.99,49.98
O000766,S0011825,U005009,2020-12-02,16,1,2,10,2,29.69,59.38
O000767,S0011850,U005018,2021-01-05,1,2,1,2,2,24.99,49.98
O000767,S0011850,U005018,2021-01-05,6,2,1,2,2,49.99,99.98
O000768,S0011858,U005022,2020-12-01,37,6,2,3,1,21.24,21.24
O000768,S0011858,U005022,2020-12-01,41,6,2,3,1,14.39,14.39
O000769,S0011887,U005034,2020-12-26,4,2,1,1,1,25.99,25.99
O000769,S0011887,U005034,2020-12-26,40,2,1,1,1,28.99,28.99
O000770,S0011896,U005038,2020-12-02,22,6,1,5,2,8.99,17.98
O000770,S0011896,U005038,2020-12-02,7,6,1,5,1,63.99,63.99
O000771,S0011908,U005042,2021-01-09,37,1,2,1,1,24.99,24.99
O000772,S0011912,U005045,2021-01-24,20,4,2,1,1,12.99,12.99
O000773,S0011935,U005056,2020-11-28,13,2,1,1,1,63.74,63.74
O000773,S0011935,U005056,2020-11-28,34,2,1,1,1,17.59,17.59
O000774,S0011977,U005073,2020-12-07,22,3,2,1,1,9.99,9.99
O000775,S0012016,U005092,2020-12-11,17,6,1,1,1,17.99,17.99
O000776,S0012108,U005134,2020-11-27,41,3,3,1,1,13.59,13.59
O000776,S0012108,U005134,2020-11-27,19,3,3,1,1,25.49,25.49
O000777,S0012124,U005140,2020-12-17,3,1,2,6,1,26.99,26.99
O000778,S0012145,U005150,2021-01-14,3,1,1,1,1,26.99,26.99
O000778,S0012145,U005150,2021-01-14,30,1,1,1,1,24.99,24.99
O000779,S0012181,U005166,2021-01-26,9,2,1,1,1,23.99,23.99
O000780,S0012203,U005176,2020-12-04,6,6,3,5,1,49.99,49.99
O000780,S0012203,U005176,2020-12-04,40,6,3,5,2,28.99,57.98
O000781,S0012207,U005178,2021-01-08,41,6,1,6,1,15.99,15.99
O000781,S0012207,U005178,2021-01-08,20,6,1,6,1,12.99,12.99
O000782,S0012213,U005180,2020-12-20,41,2,1,1,1,15.99,15.99
O000783,S0012236,U005188,2020-12-15,2,3,2,3,2,27.99,55.98
O000783,S0012236,U005188,2020-12-15,13,3,2,3,1,74.99,74.99
O000784,S0012265,U005200,2020-12-12,41,5,2,1,1,15.99,15.99
O000785,S0012286,U005209,2020-12-11,33,3,2,3,2,44.99,89.98
O000786,S0012287,U005209,2020-12-17,42,3,1,3,1,12.99,12.99
O000786,S0012287,U005209,2020-12-17,9,3,1,3,1,23.99,23.99
O000786,S0012287,U005209,2020-12-17,35,3,1,3,1,17.99,17.99
O000787,S0012288,U005209,2020-12-19,1,1,1,3,1,24.99,24.99
O000787,S0012288,U005209,2020-12-19,18,1,1,3,1,18.99,18.99
O000788,S0012324,U005225,2020-11-24,6,3,2,3,1,39.99,39.99
O000789,S0012329,U005226,2020-12-14,13,2,2,1,1,67.49,67.49
O000789,S0012329,U005226,2020-12-14,15,2,2,1,1,24.99,24.99
O000790,S0012336,U005228,2020-12-08,34,1,1,1,1,21.99,21.99
O000790,S0012336,U005228,2020-12-08,9,1,1,1,1,21.59,21.59
O000790,S0012336,U005228,2020-12-08,2,1,1,1,1,25.19,25.19
O000791,S0012349,U005233,2020-11-28,2,6,2,1,1,25.19,25.19
O000791,S0012349,U005233,2020-11-28,29,6,2,1,2,8.79,17.58
O000792,S0012361,U005238,2021-01-31,14,6,1,1,2,16.99,33.98
O000792,S0012361,U005238,2021-01-31,20,6,1,1,1,12.99,12.99
O000792,S0012361,U005238,2021-01-31,30,6,1,1,2,24.99,49.98
O000793,S0012371,U005243,2020-12-09,8,2,2,1,1,22.99,22.99
O000794,S0012375,U005245,2020-12-21,12,1,2,3,1,59.99,59.99
O000795,S0012395,U005254,2020-11-06,16,4,1,5,2,32.99,65.98
O000796,S0012412,U005260,2021-01-12,37,2,1,1,1,24.99,24.99
O000797,S0012431,U005272,2020-11-19,31,3,2,5,1,29.99,29.99
O000797,S0012431,U005272,2020-11-19,24,3,2,5,1,14.99,14.99
O000798,S0012437,U005276,2021-01-08,32,4,2,1,2,19.99,39.98
O000799,S0012445,U005280,2020-12-26,36,1,1,1,1,18.89,18.89
O000799,S0012445,U005280,2020-12-26,22,1,1,1,1,9.99,9.99
O000800,S0012458,U005283,2020-12-14,31,2,2,1,1,29.99,29.99
O000801,S0012484,U005297,2020-12-08,22,1,1,3,1,9.99,9.99
O000802,S0012486,U005297,2020-12-15,23,1,1,3,1,19.99,19.99
O000803,S0012504,U005304,2021-01-05,41,2,1,1,1,15.99,15.99
O000803,S0012504,U005304,2021-01-05,14,2,1,1,1,16.99,16.99
O000804,S0012548,U005320,2021-01-05,12,2,1,4,1,59.99,59.99
O000804,S0012548,U005320,2021-01-05,10,2,1,4,1,14.99,14.99
O000805,S0012558,U005323,2020-12-06,34,1,1,1,2,21.99,43.98
O000806,S0012570,U005330,2020-12-09,12,1,2,4,1,53.99,53.99
O000807,S0012591,U005339,2021-01-07,15,3,2,2,1,24.99,24.99
O000807,S0012591,U005339,2021-01-07,1,3,2,2,1,24.99,24.99
O000808,S0012600,U005343,2020-11-04,32,2,1,1,2,19.99,39.98
O000809,S0012610,U005347,2021-01-27,16,3,1,4,1,32.99,32.99
O000810,S0012616,U005349,2020-12-12,1,7,2,9,1,24.99,24.99
O000810,S0012616,U005349,2020-12-12,17,7,2,9,1,17.99,17.99
O000811,S0012617,U005349,2020-12-13,20,4,2,9,1,12.99,12.99
O000812,S0012655,U005367,2020-12-26,26,4,1,1,1,7.99,7.99
O000813,S0012666,U005373,2020-11-25,20,1,2,1,1,10.39,10.39
O000813,S0012666,U005373,2020-11-25,30,1,2,1,1,22.49,22.49
O000814,S0012668,U005373,2020-11-29,33,1,2,1,1,40.49,40.49
O000815,S0012690,U005381,2020-12-28,17,2,1,1,1,17.99,17.99
O000815,S0012690,U005381,2020-12-28,25,2,1,1,1,6.99,6.99
O000816,S0012691,U005381,2020-12-29,14,2,1,1,1,16.99,16.99
O000817,S0012693,U005382,2020-11-24,1,2,1,2,1,21.24,21.24
O000818,S0012707,U005387,2021-01-11,42,3,2,3,2,12.99,25.98
O000818,S0012707,U005387,2021-01-11,18,3,2,3,1,18.99,18.99
O000819,S0012718,U005391,2020-12-01,17,3,1,6,1,16.19,16.19
O000820,S0012719,U005391,2020-12-03,29,6,1,6,1,9.89,9.89
O000821,S0012741,U005399,2020-12-20,14,2,1,2,1,16.99,16.99
O000822,S0012743,U005400,2021-01-27,31,3,2,4,2,29.99,59.98
O000822,S0012743,U005400,2021-01-27,13,3,2,4,1,74.99,74.99
O000823,S0012744,U005400,2021-01-31,7,1,1,4,2,79.99,159.98
O000824,S0012768,U005411,2020-12-01,18,3,1,3,1,15.19,15.19
O000825,S0012785,U005419,2021-01-28,3,6,1,10,1,26.99,26.99
O000826,S0012798,U005424,2020-12-13,23,6,2,5,1,19.99,19.99
O000826,S0012798,U005424,2020-12-13,3,6,2,5,1,26.99,26.99
O000827,S0012799,U005424,2020-12-15,7,3,2,5,1,71.99,71.99
O000828,S0012801,U005425,2020-12-18,10,3,2,2,1,13.49,13.49
O000828,S0012801,U005425,2020-12-18,8,3,2,2,1,20.69,20.69
O000828,S0012801,U005425,2020-12-18,42,3,2,2,1,12.99,12.99
O000829,S0012806,U005426,2020-12-23,10,1,1,4,1,14.99,14.99
O000830,S0012816,U005431,2020-11-26,36,4,1,10,1,16.79,16.79
O000831,S0012849,U005443,2021-01-11,30,6,2,4,1,24.99,24.99
O000831,S0012849,U005443,2021-01-11,35,6,2,4,1,19.99,19.99
O000832,S0012855,U005446,2020-12-28,17,3,2,1,1,17.99,17.99
O000832,S0012855,U005446,2020-12-28,26,3,2,1,1,7.99,7.99
O000833,S0012857,U005447,2020-12-15,1,1,1,1,1,24.99,24.99
O000833,S0012857,U005447,2020-12-15,17,1,1,1,1,17.99,17.99
O000834,S0012880,U005459,2020-11-16,3,3,1,4,1,26.99,26.99
O000835,S0012918,U005473,2021-01-13,35,4,2,10,2,19.99,39.98
O000836,S0012925,U005476,2021-01-21,23,7,1,1,1,19.99,19.99
O000837,S0012954,U005487,2020-12-17,3,2,2,6,1,26.99,26.99
O000838,S0012965,U005491,2020-11-21,16,1,1,2,1,32.99,32.99
O000838,S0012965,U005491,2020-11-21,29,1,1,2,1,10.99,10.99
O000839,S0012968,U005492,2020-12-19,42,1,2,5,1,12.99,12.99
O000840,S0012969,U005492,2020-12-22,16,6,2,5,1,32.99,32.99
O000841,S0012980,U005496,2020-12-14,42,1,1,5,1,12.99,12.99
O000842,S0012990,U005500,2020-12-18,37,1,2,2,1,22.49,22.49
O000843,S0012995,U005501,2020-12-17,19,2,2,10,1,29.99,29.99
O000844,S0013019,U005511,2020-12-14,33,6,3,2,1,44.99,44.99
O000844,S0013019,U005511,2020-12-14,10,6,3,2,1,14.99,14.99
O000845,S0013036,U005519,2020-12-01,4,1,2,1,1,23.39,23.39
O000845,S0013036,U005519,2020-12-01,35,1,2,1,2,16.99,33.98
O000846,S0013081,U005537,2020-12-05,33,2,1,1,1,44.99,44.99
O000846,S0013081,U005537,2020-12-05,3,2,1,1,1,26.99,26.99
O000847,S0013110,U005552,2020-11-28,37,1,2,4,1,19.99,19.99
O000848,S0013118,U005554,2020-11-25,41,2,1,1,1,12.79,12.79
O000848,S0013118,U005554,2020-11-25,17,2,1,1,1,16.19,16.19
O000848,S0013118,U005554,2020-11-25,30,2,1,1,1,21.24,21.24
O000849,S0013119,U005554,2020-11-28,6,6,1,1,1,42.49,42.49
O000850,S0013129,U005559,2020-11-22,26,2,2,1,1,7.99,7.99
O000851,S0013132,U005561,2020-11-17,37,2,2,1,1,24.99,24.99
O000851,S0013132,U005561,2020-11-17,11,2,2,1,2,18.99,37.98
O000851,S0013132,U005561,2020-11-17,32,2,2,1,1,19.99,19.99
O000852,S0013185,U005583,2020-12-23,12,1,2,2,2,59.99,119.98
O000852,S0013185,U005583,2020-12-23,26,1,2,2,1,7.99,7.99
O000853,S0013188,U005584,2020-12-19,41,1,1,5,1,15.99,15.99
O000853,S0013188,U005584,2020-12-19,22,1,1,5,1,9.99,9.99
O000854,S0013205,U005592,2020-12-03,7,6,2,8,1,63.99,63.99
O000855,S0013216,U005595,2020-11-24,24,1,1,6,1,12.74,12.74
O000855,S0013216,U005595,2020-11-24,15,1,1,6,1,21.24,21.24
O000855,S0013216,U005595,2020-11-24,38,1,1,6,1,14.44,14.44
O000856,S0013253,U005612,2020-12-05,19,1,2,7,1,29.99,29.99
O000856,S0013253,U005612,2020-12-05,8,1,2,7,1,22.99,22.99
O000857,S0013254,U005612,2020-12-08,6,4,2,7,1,49.99,49.99
O000857,S0013254,U005612,2020-12-08,9,4,2,7,1,23.99,23.99
O000857,S0013254,U005612,2020-12-08,27,4,2,7,1,8.99,8.99
O000858,S0013274,U005620,2020-12-14,17,5,1,1,1,17.99,17.99
O000858,S0013274,U005620,2020-12-14,1,5,1,1,1,24.99,24.99
O000859,S0013287,U005626,2020-12-13,24,3,2,10,1,14.99,14.99
O000859,S0013287,U005626,2020-12-13,33,3,2,10,1,44.99,44.99
O000860,S0013294,U005631,2020-11-17,36,4,2,1,1,20.99,20.99
O000861,S0013301,U005633,2020-12-07,11,1,2,7,1,18.99,18.99
O000861,S0013301,U005633,2020-12-07,18,1,2,7,2,18.99,37.98
O000861,S0013301,U005633,2020-12-07,40,1,2,7,1,26.09,26.09
O000862,S0013320,U005642,2020-12-20,9,1,2,4,1,21.59,21.59
O000863,S0013328,U005645,2020-12-04,29,1,2,8,1,10.99,10.99
O000864,S0013342,U005650,2020-12-28,28,3,1,1,1,9.99,9.99
O000864,S0013342,U005650,2020-12-28,6,3,1,1,1,49.99,49.99
O000865,S0013350,U005654,2020-11-26,3,1,1,1,1,22.94,22.94
O000865,S0013350,U005654,2020-11-26,40,1,1,1,1,23.19,23.19
O000866,S0013355,U005656,2020-12-03,19,1,1,1,1,23.99,23.99
O000867,S0013366,U005662,2020-11-25,33,2,2,6,1,38.24,38.24
O000868,S0013384,U005670,2020-12-01,13,3,1,1,1,63.74,63.74
O000869,S0013385,U005671,2020-11-21,2,4,1,3,1,27.99,27.99
O000869,S0013385,U005671,2020-11-21,35,4,1,3,1,19.99,19.99
O000870,S0013386,U005671,2020-11-25,13,3,1,3,1,67.49,67.49
O000871,S0013404,U005681,2020-12-14,32,3,2,1,1,19.99,19.99
O000872,S0013483,U005711,2021-01-05,1,1,1,1,1,24.99,24.99
O000873,S0013487,U005711,2021-01-09,26,1,1,1,1,7.99,7.99
O000874,S0013496,U005716,2020-12-15,8,5,1,8,1,22.99,22.99
O000875,S0013500,U005718,2020-11-26,37,3,1,1,1,19.99,19.99
O000876,S0013516,U005727,2021-01-23,8,1,2,2,1,22.99,22.99
O000877,S0013528,U005732,2020-12-08,36,1,2,1,1,20.99,20.99
O000878,S0013547,U005743,2020-11-23,5,1,2,1,1,54.99,54.99
O000878,S0013547,U005743,2020-11-23,38,1,2,1,2,16.99,33.98
O000879,S0013578,U005755,2020-12-29,19,2,2,1,1,29.99,29.99
O000879,S0013578,U005755,2020-12-29,21,2,2,1,1,21.99,21.99
O000880,S0013584,U005758,2020-12-29,30,3,2,1,1,24.99,24.99
O000881,S0013590,U005760,2020-11-13,16,2,2,2,1,32.99,32.99
O000882,S0013594,U005761,2020-11-19,38,4,1,1,1,16.99,16.99
O000883,S0013621,U005771,2020-12-17,34,4,2,1,1,21.99,21.99
O000884,S0013649,U005782,2020-11-24,42,2,2,2,1,10.39,10.39
O000884,S0013649,U005782,2020-11-24,25,2,2,2,1,5.94,5.94
O000885,S0013650,U005782,2020-11-26,32,4,2,2,1,17.99,17.99
O000886,S0013653,U005783,2020-11-07,1,2,1,10,1,24.99,24.99
O000886,S0013653,U005783,2020-11-07,9,2,1,10,1,23.99,23.99
O000886,S0013653,U005783,2020-11-07,33,2,1,10,1,44.99,44.99
O000887,S0013654,U005783,2020-11-09,22,2,1,10,1,9.99,9.99
O000887,S0013654,U005783,2020-11-09,18,2,1,10,1,18.99,18.99
O000888,S0013661,U005785,2020-11-29,9,6,1,6,1,19.19,19.19
O000888,S0013661,U005785,2020-11-29,29,6,1,6,1,8.79,8.79
O000889,S0013681,U005794,2020-12-24,12,2,1,1,1,59.99,59.99
O000889,S0013681,U005794,2020-12-24,36,2,1,1,1,20.99,20.99
O000890,S0013697,U005803,2021-01-18,34,3,1,1,1,21.99,21.99
O000891,S0013742,U005823,2021-01-17,21,7,2,2,1,21.99,21.99
O000891,S0013742,U005823,2021-01-17,39,7,2,2,1,11.99,11.99
O000892,S0013748,U005826,2020-12-07,22,2,2,10,1,8.99,8.99
O000893,S0013775,U005837,2020-12-17,30,4,1,10,2,24.99,49.98
O000893,S0013775,U005837,2020-12-17,13,4,1,10,1,74.99,74.99
O000894,S0013781,U005839,2020-11-13,1,5,2,3,2,24.99,49.98
O000894,S0013781,U005839,2020-11-13,12,5,2,3,2,59.99,119.98
O000895,S0013803,U005849,2020-11-06,22,1,1,1,1,9.99,9.99
O000895,S0013803,U005849,2020-11-06,34,1,1,1,1,21.99,21.99
O000896,S0013804,U005849,2020-11-16,1,1,1,1,1,24.99,24.99
O000897,S0013819,U005857,2021-01-07,16,1,2,10,1,32.99,32.99
O000897,S0013819,U005857,2021-01-07,26,1,2,10,1,7.99,7.99
O000898,S0013857,U005876,2020-11-06,30,3,1,3,1,24.99,24.99
O000899,S0013864,U005880,2020-12-08,4,1,1,1,1,25.99,25.99
O000899,S0013864,U005880,2020-12-08,30,1,1,1,1,24.99,24.99
O000900,S0013949,U005918,2020-11-27,8,6,1,2,1,18.39,18.39
O000901,S0013951,U005919,2020-12-05,8,4,3,5,1,22.99,22.99
O000901,S0013951,U005919,2020-12-05,14,4,3,5,1,16.99,16.99
O000902,S0013983,U005932,2020-12-05,17,1,1,1,1,17.99,17.99
O000903,S0013992,U005935,2020-12-12,36,2,2,1,1,20.99,20.99
O000904,S0014012,U005944,2021-01-26,28,1,2,5,1,9.99,9.99
O000904,S0014012,U005944,2021-01-26,1,1,2,5,1,24.99,24.99
O000905,S0014041,U005957,2021-01-07,42,3,2,1,2,12.99,25.98
O000905,S0014041,U005957,2021-01-07,10,3,2,1,2,14.99,29.98
O000906,S0014043,U005957,2021-01-09,35,2,2,1,1,19.99,19.99
O000907,S0014172,U006011,2020-11-28,12,3,3,1,1,50.99,50.99
O000908,S0014222,U006035,2020-12-24,41,2,2,1,1,15.99,15.99
O000909,S0014257,U006049,2021-01-14,32,4,1,1,2,19.99,39.98
O000909,S0014257,U006049,2021-01-14,11,4,1,1,1,18.99,18.99
O000910,S0014270,U006054,2020-12-20,24,2,2,1,1,13.49,13.49
O000911,S0014300,U006067,2020-11-24,28,3,2,1,1,8.99,8.99
O000911,S0014300,U006067,2020-11-24,42,3,2,1,1,11.04,11.04
O000912,S0014301,U006067,2020-11-30,32,6,2,1,1,17.99,17.99
O000913,S0014316,U006073,2020-12-11,32,1,2,3,1,19.99,19.99
O000914,S0014333,U006081,2020-11-30,24,6,2,8,1,12.74,12.74
O000914,S0014333,U006081,2020-11-30,2,6,2,8,2,25.19,50.38
O000914,S0014333,U006081,2020-11-30,12,6,2,8,1,50.99,50.99
O000915,S0014344,U006085,2021-01-05,34,2,2,8,1,21.99,21.99
O000916,S0014345,U006085,2021-01-06,30,2,2,8,2,24.99,49.98
O000917,S0014384,U006105,2020-12-20,6,2,1,3,1,44.99,44.99
O000917,S0014384,U006105,2020-12-20,1,2,1,3,1,22.49,22.49
O000918,S0014402,U006116,2020-11-27,17,3,2,1,1,16.19,16.19
O000919,S0014438,U006133,2020-12-17,20,1,1,9,2,12.99,25.98
O000919,S0014438,U006133,2020-12-17,15,1,1,9,1,24.99,24.99
O000919,S0014438,U006133,2020-12-17,38,1,1,9,1,16.99,16.99
O000920,S0014468,U006146,2020-11-27,1,6,2,1,1,21.24,21.24
O000921,S0014477,U006149,2020-12-07,17,1,2,2,1,17.99,17.99
O000922,S0014478,U006149,2020-12-19,10,2,2,2,1,13.49,13.49
O000922,S0014478,U006149,2020-12-19,23,2,2,2,1,17.99,17.99
O000922,S0014478,U006149,2020-12-19,1,2,2,2,1,24.99,24.99
O000923,S0014489,U006153,2021-01-03,29,2,1,8,2,10.99,21.98
O000924,S0014512,U006162,2020-12-26,15,6,2,1,1,24.99,24.99
O000925,S0014516,U006164,2020-12-06,28,2,2,1,1,8.99,8.99
O000925,S0014516,U006164,2020-12-06,17,2,2,1,1,17.99,17.99
O000926,S0014565,U006185,2020-11-29,38,3,1,8,1,15.29,15.29
O000926,S0014565,U006185,2020-11-29,9,3,1,8,1,21.59,21.59
O000927,S0014567,U006186,2021-01-25,21,3,1,1,1,21.99,21.99
O000927,S0014567,U006186,2021-01-25,9,3,1,1,2,23.99,47.98
O000928,S0014569,U006187,2020-12-11,37,2,1,10,2,24.99,49.98
O000929,S0014588,U006194,2020-12-12,17,1,2,1,1,17.99,17.99
O000929,S0014588,U006194,2020-12-12,15,1,2,1,1,24.99,24.99
O000930,S0014589,U006195,2020-11-23,5,6,2,4,1,54.99,54.99
O000931,S0014595,U006198,2021-01-14,35,6,2,10,1,19.99,19.99
O000932,S0014602,U006202,2020-11-04,2,3,2,6,2,27.99,55.98
O000933,S0014605,U006203,2020-12-04,21,1,1,1,1,21.99,21.99
O000934,S0014609,U006206,2020-12-07,36,3,2,1,1,20.99,20.99
O000935,S0014611,U006206,2020-12-18,31,3,2,1,1,26.99,26.99
O000935,S0014611,U006206,2020-12-18,34,3,2,1,1,21.99,21.99
O000936,S0014612,U006206,2020-12-19,23,1,2,1,1,19.99,19.99
O000937,S0014640,U006222,2020-11-05,36,1,2,1,1,20.99,20.99
O000937,S0014640,U006222,2020-11-05,3,1,2,1,2,26.99,53.98
O000938,S0014641,U006222,2020-11-11,41,1,2,1,1,15.99,15.99
O000939,S0014650,U006227,2020-11-28,14,2,1,6,1,15.29,15.29
O000939,S0014650,U006227,2020-11-28,28,2,1,6,1,8.99,8.99
O000939,S0014650,U006227,2020-11-28,27,2,1,6,1,8.09,8.09
O000939,S0014650,U006227,2020-11-28,15,2,1,6,1,22.49,22.49
O000940,S0014656,U006229,2020-12-20,17,4,2,1,2,17.99,35.98
O000940,S0014656,U006229,2020-12-20,35,4,2,1,1,17.99,17.99
O000940,S0014656,U006229,2020-12-20,23,4,2,1,1,17.99,17.99
O000941,S0014659,U006231,2020-11-24,16,2,1,1,1,26.39,26.39
O000942,S0014674,U006238,2021-01-04,2,2,2,1,2,27.99,55.98
O000942,S0014674,U006238,2021-01-04,16,2,2,1,1,32.99,32.99
O000943,S0014687,U006246,2020-11-03,9,2,2,4,1,23.99,23.99
O000943,S0014687,U006246,2020-11-03,1,2,2,4,1,24.99,24.99
O000944,S0014701,U006253,2021-01-24,31,5,1,3,1,29.99,29.99
O000945,S0014710,U006258,2020-12-22,9,2,2,3,1,23.99,23.99
O000946,S0014713,U006259,2020-11-28,8,1,2,2,1,19.54,19.54
O000946,S0014713,U006259,2020-11-28,27,1,2,2,2,8.09,16.18
O000947,S0014732,U006266,2020-11-08,24,4,2,2,1,14.99,14.99
O000947,S0014732,U006266,2020-11-08,3,4,2,2,1,26.99,26.99
O000948,S0014735,U006266,2020-11-19,42,2,2,2,1,12.99,12.99
O000948,S0014735,U006266,2020-11-19,17,2,2,2,1,17.99,17.99
O000949,S0014743,U006269,2020-11-18,9,1,2,10,1,23.99,23.99
O000950,S0014795,U006292,2021-01-11,3,2,1,8,1,26.99,26.99
O000951,S0014805,U006296,2020-12-27,19,2,2,1,1,29.99,29.99
O000952,S0014811,U006299,2020-11-13,27,4,2,3,1,8.99,8.99
O000952,S0014811,U006299,2020-11-13,38,4,2,3,1,16.99,16.99
O000953,S0014832,U006310,2020-12-18,26,2,1,1,1,7.99,7.99
O000953,S0014832,U006310,2020-12-18,12,2,1,1,1,59.99,59.99
O000954,S0014834,U006311,2020-12-08,35,2,1,1,1,19.99,19.99
O000954,S0014834,U006311,2020-12-08,14,2,1,1,1,16.99,16.99
O000955,S0014837,U006312,2020-12-28,3,5,1,1,2,26.99,53.98
O000955,S0014837,U006312,2020-12-28,13,5,1,1,1,74.99,74.99
O000956,S0014847,U006316,2020-11-29,8,4,2,1,1,18.39,18.39
O000956,S0014847,U006316,2020-11-29,5,4,2,1,1,43.99,43.99
O000957,S0014851,U006316,2020-12-10,9,1,2,1,2,23.99,47.98
O000958,S0014862,U006322,2020-12-23,30,6,3,1,1,24.99,24.99
O000958,S0014862,U006322,2020-12-23,37,6,3,1,1,24.99,24.99
O000959,S0014874,U006330,2020-12-18,25,1,1,1,1,6.99,6.99
O000959,S0014874,U006330,2020-12-18,26,1,1,1,1,7.99,7.99
O000960,S0014880,U006333,2020-12-16,12,2,1,1,1,53.99,53.99
O000960,S0014880,U006333,2020-12-16,39,2,1,1,1,11.99,11.99
O000961,S0014894,U006342,2020-12-19,33,1,1,5,1,44.99,44.99
O000962,S0014899,U006344,2020-12-26,38,6,1,5,2,15.29,30.58
O000962,S0014899,U006344,2020-12-26,40,6,1,5,1,26.09,26.09
O000963,S0014970,U006382,2021-01-15,40,2,1,1,1,28.99,28.99
O000963,S0014970,U006382,2021-01-15,35,2,1,1,1,19.99,19.99
O000964,S0015016,U006399,2020-12-23,35,3,2,8,2,19.99,39.98
O000964,S0015016,U006399,2020-12-23,41,3,2,8,2,15.99,31.98
O000965,S0015017,U006399,2020-12-24,35,3,2,8,1,17.99,17.99
O000965,S0015017,U006399,2020-12-24,8,3,2,8,1,22.99,22.99
O000966,S0015039,U006406,2021-01-26,38,4,1,4,1,16.99,16.99
O000966,S0015039,U006406,2021-01-26,31,4,1,4,1,29.99,29.99
O000967,S0015041,U006406,2021-01-28,15,2,2,4,1,24.99,24.99
O000967,S0015041,U006406,2021-01-28,31,2,2,4,1,29.99,29.99
O000968,S0015051,U006410,2020-12-13,17,2,1,1,1,17.99,17.99
O000968,S0015051,U006410,2020-12-13,37,2,1,1,1,24.99,24.99
O000969,S0015085,U006426,2021-01-01,20,3,2,1,1,12.99,12.99
O000969,S0015085,U006426,2021-01-01,27,3,2,1,1,8.99,8.99
O000970,S0015087,U006427,2021-01-28,1,2,1,6,2,24.99,49.98
O000970,S0015087,U006427,2021-01-28,41,2,1,6,1,15.99,15.99
O000971,S0015092,U006430,2020-12-20,17,6,2,1,1,16.19,16.19
O000971,S0015092,U006430,2020-12-20,26,6,2,1,1,7.99,7.99
O000972,S0015109,U006437,2021-01-23,37,1,2,1,1,24.99,24.99
O000973,S0015112,U006438,2020-12-13,39,1,1,1,1,11.99,11.99
O000973,S0015112,U006438,2020-12-13,22,1,1,1,1,8.99,8.99
O000973,S0015112,U006438,2020-12-13,10,1,1,1,1,14.99,14.99
O000973,S0015112,U006438,2020-12-13,34,1,1,1,1,21.99,21.99
O000974,S0015118,U006441,2020-12-07,5,4,1,1,1,54.99,54.99
O000974,S0015118,U006441,2020-12-07,26,4,1,1,2,7.99,15.98
O000974,S0015118,U006441,2020-12-07,8,4,1,1,1,22.99,22.99
O000975,S0015128,U006445,2020-11-14,17,3,3,2,1,17.99,17.99
O000975,S0015128,U006445,2020-11-14,37,3,3,2,2,24.99,49.98
O000976,S0015132,U006446,2020-12-20,13,4,2,8,2,74.99,149.98
O000977,S0015165,U006459,2020-12-13,15,4,2,1,1,24.99,24.99
O000978,S0015175,U006462,2020-12-25,17,2,2,9,1,17.99,17.99
O000979,S0015185,U006467,2020-12-09,3,6,2,3,1,26.99,26.99
O000980,S0015194,U006471,2020-11-03,21,2,2,1,1,21.99,21.99
O000980,S0015194,U006471,2020-11-03,40,2,2,1,1,28.99,28.99
O000981,S0015204,U006476,2020-11-16,29,2,2,10,1,10.99,10.99
O000982,S0015213,U006480,2020-11-30,2,2,1,1,1,23.79,23.79
O000982,S0015213,U006480,2020-11-30,37,2,1,1,1,22.49,22.49
O000983,S0015218,U006483,2021-01-27,37,1,2,1,1,24.99,24.99
O000984,S0015222,U006484,2020-11-22,15,3,1,2,1,24.99,24.99
O000984,S0015222,U006484,2020-11-22,31,3,1,2,1,29.99,29.99
O000984,S0015222,U006484,2020-11-22,25,3,1,2,2,6.99,13.98
O000985,S0015227,U006486,2020-12-19,5,4,1,1,1,54.99,54.99
O000986,S0015268,U006505,2020-12-04,17,2,1,1,1,17.99,17.99
O000986,S0015268,U006505,2020-12-04,28,2,1,1,1,9.99,9.99
O000987,S0015300,U006516,2020-12-06,15,3,1,1,1,24.99,24.99
O000988,S0015308,U006520,2021-01-23,19,3,1,10,1,29.99,29.99
O000989,S0015312,U006522,2021-01-20,26,2,2,4,1,7.99,7.99
O000989,S0015312,U006522,2021-01-20,38,2,2,4,1,16.99,16.99
O000990,S0015355,U006538,2021-01-03,29,5,1,5,1,10.99,10.99
O000990,S0015355,U006538,2021-01-03,32,5,1,5,1,19.99,19.99
O000990,S0015355,U006538,2021-01-03,25,5,1,5,1,6.99,6.99
O000991,S0015359,U006540,2020-11-30,7,1,2,1,1,67.99,67.99
O000992,S0015375,U006546,2020-12-13,7,1,1,10,1,79.99,79.99
O000993,S0015385,U006551,2020-11-09,31,1,1,5,1,29.99,29.99
O000994,S0015388,U006552,2021-01-03,20,5,2,6,1,12.99,12.99
O000995,S0015405,U006562,2020-12-09,18,1,2,1,1,18.99,18.99
O000995,S0015405,U006562,2020-12-09,12,1,2,1,1,59.99,59.99
O000996,S0015419,U006568,2020-12-10,17,4,2,1,1,17.99,17.99
O000996,S0015419,U006568,2020-12-10,7,4,2,1,1,79.99,79.99
O000996,S0015419,U006568,2020-12-10,29,4,2,1,1,10.99,10.99
O000997,S0015444,U006578,2020-11-09,27,4,2,1,1,8.99,8.99
O000998,S0015453,U006582,2021-01-21,29,3,2,6,1,10.99,10.99
O000998,S0015453,U006582,2021-01-21,24,3,2,6,1,14.99,14.99
O000999,S0015479,U006593,2020-11-29,26,5,1,7,2,7.19,14.38
O000999,S0015479,U006593,2020-11-29,36,5,1,7,1,18.89,18.89
O001000,S0015493,U006598,2020-12-16,29,6,2,1,1,9.89,9.89
O001000,S0015493,U006598,2020-12-16,15,6,2,1,1,24.99,24.99
O001000,S0015493,U006598,2020-12-16,16,6,2,1,1,32.99,32.99
O001001,S0015497,U006600,2020-11-04,22,3,1,10,1,9.99,9.99
O001002,S0015498,U006601,2020-12-18,24,5,1,1,1,14.99,14.99
O001002,S0015498,U006601,2020-12-18,13,5,1,1,1,67.49,67.49
O001003,S0015527,U006615,2020-12-07,13,1,1,2,1,74.99,74.99
O001003,S0015527,U006615,2020-12-07,29,1,1,2,1,9.89,9.89
O001004,S0015561,U006629,2020-11-13,14,3,1,1,1,16.99,16.99
O001005,S0015589,U006640,2020-11-26,33,1,3,1,1,40.49,40.49
O001005,S0015589,U006640,2020-11-26,1,1,3,1,1,22.49,22.49
O001006,S0015600,U006644,2020-12-05,24,1,1,4,1,14.99,14.99
O001006,S0015600,U006644,2020-12-05,15,1,1,4,2,24.99,49.98
O001006,S0015600,U006644,2020-12-05,8,1,1,4,1,22.99,22.99
O001007,S0015646,U006665,2020-12-18,10,3,2,2,1,14.99,14.99
O001008,S0015679,U006679,2020-11-16,14,1,1,1,1,16.99,16.99
O001009,S0015726,U006695,2020-12-09,9,1,1,5,1,23.99,23.99
O001009,S0015726,U006695,2020-12-09,4,1,1,5,1,23.39,23.39
O001009,S0015726,U006695,2020-12-09,1,1,1,5,1,24.99,24.99
O001010,S0015764,U006712,2020-12-23,20,4,2,1,1,12.99,12.99
O001010,S0015764,U006712,2020-12-23,11,4,2,1,2,18.99,37.98
O001011,S0015801,U006731,2021-01-02,34,2,2,1,1,21.99,21.99
O001011,S0015801,U006731,2021-01-02,6,2,2,1,1,49.99,49.99
O001011,S0015801,U006731,2021-01-02,16,2,2,1,2,32.99,65.98
O001012,S0015815,U006737,2020-11-25,3,3,2,1,1,22.94,22.94
O001013,S0015836,U006745,2020-12-06,38,2,2,6,1,16.99,16.99
O001013,S0015836,U006745,2020-12-06,15,2,2,6,1,24.99,24.99
O001013,S0015836,U006745,2020-12-06,12,2,2,6,1,59.99,59.99
O001014,S0015850,U006750,2020-12-06,35,2,1,1,1,19.99,19.99
O001014,S0015850,U006750,2020-12-06,36,2,1,1,1,20.99,20.99
O001015,S0015884,U006766,2020-12-10,3,1,2,1,1,26.99,26.99
O001016,S0015910,U006776,2020-12-16,19,6,2,10,2,26.99,53.98
O001016,S0015910,U006776,2020-12-16,1,6,2,10,1,24.99,24.99
O001017,S0015921,U006780,2020-12-05,22,3,2,1,2,9.99,19.98
O001018,S0015922,U006780,2020-12-08,8,2,1,1,1,20.69,20.69
O001018,S0015922,U006780,2020-12-08,5,2,1,1,1,54.99,54.99
O001018,S0015922,U006780,2020-12-08,24,2,1,1,2,13.49,26.98
O001019,S0015931,U006786,2020-12-19,21,3,1,2,1,21.99,21.99
O001020,S0015967,U006801,2020-12-10,4,3,2,1,1,25.99,25.99
O001020,S0015967,U006801,2020-12-10,33,3,2,1,1,44.99,44.99
O001021,S0015973,U006803,2020-11-15,15,2,1,8,1,24.99,24.99
O001022,S0016002,U006816,2020-11-23,5,1,2,8,1,54.99,54.99
O001023,S0016005,U006817,2020-11-22,35,3,2,9,1,19.99,19.99
O001024,S0016007,U006818,2020-12-17,25,1,2,6,1,6.99,6.99
O001025,S0016011,U006821,2020-11-26,42,2,3,1,1,11.04,11.04
O001025,S0016011,U006821,2020-11-26,19,2,3,1,1,23.99,23.99
O001026,S0016045,U006834,2020-11-24,18,1,1,1,2,17.09,34.18
O001026,S0016045,U006834,2020-11-24,27,1,1,1,1,7.19,7.19
O001027,S0016054,U006838,2020-11-29,29,1,2,1,1,8.79,8.79
O001028,S0016087,U006848,2020-12-29,16,4,1,3,1,32.99,32.99
O001028,S0016087,U006848,2020-12-29,36,4,1,3,1,20.99,20.99
O001029,S0016097,U006853,2021-01-24,12,1,1,4,1,59.99,59.99
O001030,S0016110,U006857,2020-12-07,37,5,1,9,1,24.99,24.99
O001030,S0016110,U006857,2020-12-07,9,5,1,9,1,23.99,23.99
O001030,S0016110,U006857,2020-12-07,30,5,1,9,1,24.99,24.99
O001031,S0016120,U006862,2020-12-28,19,1,2,1,1,29.99,29.99
O001031,S0016120,U006862,2020-12-28,18,1,2,1,1,18.99,18.99
O001032,S0016125,U006865,2020-12-15,8,3,2,6,1,22.99,22.99
O001033,S0016172,U006888,2020-12-04,14,4,1,6,1,16.99,16.99
O001034,S0016175,U006890,2020-12-17,5,1,2,4,1,54.99,54.99
O001034,S0016175,U006890,2020-12-17,4,1,2,4,2,25.99,51.98
O001035,S0016250,U006920,2021-01-19,16,2,2,5,1,32.99,32.99
O001035,S0016250,U006920,2021-01-19,21,2,2,5,1,21.99,21.99
O001036,S0016251,U006920,2021-01-20,5,3,2,5,1,54.99,54.99
O001037,S0016263,U006924,2020-11-07,27,1,2,1,1,8.99,8.99
O001037,S0016263,U006924,2020-11-07,33,1,2,1,1,44.99,44.99
O001038,S0016275,U006930,2020-11-13,9,1,1,1,1,23.99,23.99
O001039,S0016293,U006939,2020-12-28,11,3,2,1,1,18.99,18.99
O001040,S0016324,U006952,2020-11-15,21,2,2,1,1,21.99,21.99
O001041,S0016326,U006953,2020-11-30,37,2,1,2,1,22.49,22.49
O001042,S0016366,U006970,2021-01-10,9,1,1,1,1,23.99,23.99
O001042,S0016366,U006970,2021-01-10,16,1,1,1,1,32.99,32.99
O001043,S0016370,U006972,2020-11-30,21,6,1,1,1,17.59,17.59
O001043,S0016370,U006972,2020-11-30,34,6,1,1,2,18.69,37.38
O001044,S0016400,U006986,2020-12-18,36,6,1,2,1,20.99,20.99
O001044,S0016400,U006986,2020-12-18,9,6,1,2,2,23.99,47.98
O001045,S0016401,U006987,2021-01-22,2,3,2,3,1,27.99,27.99
O001045,S0016401,U006987,2021-01-22,10,3,2,3,1,14.99,14.99
O001046,S0016407,U006989,2020-12-08,17,7,2,1,1,17.99,17.99
O001047,S0016420,U006994,2021-01-01,15,3,2,10,1,24.99,24.99
O001047,S0016420,U006994,2021-01-01,5,3,2,10,2,54.99,109.98
O001048,S0016442,U007005,2021-01-25,19,3,1,5,1,29.99,29.99
O001048,S0016442,U007005,2021-01-25,12,3,1,5,1,59.99,59.99
O001049,S0016450,U007008,2020-12-05,4,1,1,3,1,25.99,25.99
O001049,S0016450,U007008,2020-12-05,26,1,1,3,1,7.99,7.99
O001050,S0016458,U007011,2020-12-21,15,2,2,1,1,24.99,24.99
O001050,S0016458,U007011,2020-12-21,32,2,2,1,1,19.99,19.99
O001051,S0016461,U007012,2020-12-23,10,2,1,2,1,14.99,14.99
O001051,S0016461,U007012,2020-12-23,26,2,1,2,1,7.19,7.19
O001052,S0016495,U007031,2020-12-26,32,1,2,6,1,19.99,19.99
O001053,S0016499,U007033,2020-12-04,35,2,1,1,1,19.99,19.99
O001054,S0016541,U007048,2020-12-17,14,6,1,5,1,16.99,16.99
O001054,S0016541,U007048,2020-12-17,38,6,1,5,2,16.99,33.98
O001055,S0016550,U007051,2020-12-08,14,3,1,1,1,16.99,16.99
O001055,S0016550,U007051,2020-12-08,23,3,1,1,2,19.99,39.98
O001056,S0016553,U007052,2020-11-22,5,1,1,1,1,54.99,54.99
O001057,S0016580,U007063,2020-11-12,9,6,1,1,1,23.99,23.99
O001057,S0016580,U007063,2020-11-12,4,6,1,1,1,25.99,25.99
O001058,S0016604,U007074,2020-12-06,5,7,2,6,1,49.49,49.49
O001059,S0016637,U007088,2020-11-10,18,3,2,1,1,18.99,18.99
O001059,S0016637,U007088,2020-11-10,13,3,2,1,1,74.99,74.99
O001060,S0016640,U007089,2020-12-06,17,1,1,9,1,17.99,17.99
O001060,S0016640,U007089,2020-12-06,3,1,1,9,1,26.99,26.99
O001061,S0016646,U007092,2020-11-25,24,3,2,1,1,12.74,12.74
O001061,S0016646,U007092,2020-11-25,17,3,2,1,1,14.39,14.39
O001062,S0016655,U007095,2020-12-20,19,1,1,1,1,29.99,29.99
O001062,S0016655,U007095,2020-12-20,13,1,1,1,1,67.49,67.49
O001063,S0016657,U007096,2020-11-28,30,2,1,4,1,21.24,21.24
O001064,S0016659,U007097,2020-12-09,42,1,2,1,1,12.99,12.99
O001064,S0016659,U007097,2020-12-09,10,1,2,1,1,14.99,14.99
O001065,S0016700,U007118,2020-11-22,39,1,1,1,1,11.99,11.99
O001066,S0016735,U007136,2021-01-07,38,3,2,3,1,16.99,16.99
O001066,S0016735,U007136,2021-01-07,20,3,2,3,1,12.99,12.99
O001067,S0016740,U007139,2020-12-06,23,2,2,6,1,19.99,19.99
O001067,S0016740,U007139,2020-12-06,12,2,2,6,1,53.99,53.99
O001067,S0016740,U007139,2020-12-06,19,2,2,6,2,29.99,59.98
O001068,S0016745,U007141,2020-11-30,27,3,1,1,1,7.64,7.64
O001069,S0016753,U007145,2021-01-17,22,5,2,1,1,9.99,9.99
O001069,S0016753,U007145,2021-01-17,8,5,2,1,1,22.99,22.99
O001069,S0016753,U007145,2021-01-17,2,5,2,1,2,27.99,55.98
O001069,S0016753,U007145,2021-01-17,37,5,2,1,1,24.99,24.99
O001070,S0016763,U007149,2020-12-27,35,2,1,5,1,19.99,19.99
O001070,S0016763,U007149,2020-12-27,6,2,1,5,1,49.99,49.99
O001071,S0016775,U007154,2020-11-08,2,1,1,1,1,27.99,27.99
O001072,S0016781,U007156,2020-12-12,19,2,2,7,2,29.99,59.98
O001073,S0016785,U007157,2021-01-26,35,4,2,3,1,19.99,19.99
O001073,S0016785,U007157,2021-01-26,5,4,2,3,1,54.99,54.99
O001074,S0016794,U007161,2020-11-28,36,2,1,2,1,17.84,17.84
O001074,S0016794,U007161,2020-11-28,20,2,1,2,1,11.04,11.04
O001074,S0016794,U007161,2020-11-28,25,2,1,2,2,5.94,11.88
O001074,S0016794,U007161,2020-11-28,21,2,1,2,1,18.69,18.69
O001075,S0016800,U007163,2020-11-26,22,1,1,1,1,8.49,8.49
O001075,S0016800,U007163,2020-11-26,21,1,1,1,1,18.69,18.69
O001076,S0016806,U007165,2020-12-09,28,6,1,6,1,9.99,9.99
O001076,S0016806,U007165,2020-12-09,24,6,1,6,1,14.99,14.99
O001077,S0016830,U007175,2020-12-29,5,1,2,1,1,54.99,54.99
O001077,S0016830,U007175,2020-12-29,1,1,2,1,1,24.99,24.99
O001078,S0016831,U007175,2020-12-30,27,1,1,1,1,8.99,8.99
O001078,S0016831,U007175,2020-12-30,23,1,1,1,1,19.99,19.99
O001079,S0016854,U007186,2020-11-21,38,3,1,10,1,16.99,16.99
O001080,S0016860,U007188,2020-12-14,34,2,2,6,1,21.99,21.99
O001081,S0016861,U007188,2020-12-16,5,6,2,6,1,49.49,49.49
O001082,S0016874,U007196,2020-12-11,16,3,1,6,1,32.99,32.99
O001082,S0016874,U007196,2020-12-11,25,3,1,6,1,6.99,6.99
O001082,S0016874,U007196,2020-12-11,1,3,1,6,2,24.99,49.98
O001082,S0016874,U007196,2020-12-11,21,3,1,6,1,19.79,19.79
O001083,S0016907,U007210,2020-11-21,30,3,2,1,1,24.99,24.99
O001083,S0016907,U007210,2020-11-21,28,3,2,1,1,9.99,9.99
O001084,S0016951,U007227,2021-01-01,3,2,1,2,1,26.99,26.99
O001084,S0016951,U007227,2021-01-01,36,2,1,2,2,20.99,41.98
O001085,S0016964,U007233,2020-11-10,16,3,1,1,1,32.99,32.99
O001086,S0016980,U007239,2020-12-21,3,7,2,1,1,24.29,24.29
O001087,S0017008,U007248,2020-11-30,41,2,1,1,1,14.39,14.39
O001088,S0017048,U007262,2020-12-13,29,2,2,1,2,9.89,19.78
O001088,S0017048,U007262,2020-12-13,10,2,2,1,1,14.99,14.99
O001088,S0017048,U007262,2020-12-13,9,2,2,1,1,23.99,23.99
O001089,S0017049,U007262,2020-12-15,24,1,2,1,1,14.99,14.99
O001090,S0017054,U007264,2020-12-04,6,3,1,1,2,49.99,99.98
O001091,S0017064,U007268,2020-11-26,42,5,1,8,1,11.69,11.69
O001091,S0017064,U007268,2020-11-26,31,5,1,8,1,23.99,23.99
O001091,S0017064,U007268,2020-11-26,5,5,1,8,1,49.49,49.49
O001091,S0017064,U007268,2020-11-26,14,5,1,8,1,13.59,13.59
O001092,S0017070,U007271,2021-01-06,10,6,3,1,1,14.99,14.99
O001092,S0017070,U007271,2021-01-06,6,6,3,1,1,49.99,49.99
O001092,S0017070,U007271,2021-01-06,41,6,3,1,1,15.99,15.99
O001092,S0017070,U007271,2021-01-06,31,6,3,1,1,29.99,29.99
O001093,S0017112,U007290,2020-12-20,30,3,2,1,1,22.49,22.49
O001093,S0017112,U007290,2020-12-20,25,3,2,1,1,6.99,6.99
O001093,S0017112,U007290,2020-12-20,17,3,2,1,1,16.19,16.19
O001094,S0017120,U007295,2020-12-27,42,3,2,1,2,12.99,25.98
O001095,S0017141,U007303,2021-01-05,41,7,1,1,1,15.99,15.99
O001095,S0017141,U007303,2021-01-05,34,7,1,1,1,21.99,21.99
O001096,S0017148,U007306,2020-12-31,32,6,2,2,1,19.99,19.99
O001097,S0017162,U007314,2020-11-20,6,2,1,1,1,49.99,49.99
O001097,S0017162,U007314,2020-11-20,10,2,1,1,1,14.99,14.99
O001097,S0017162,U007314,2020-11-20,1,2,1,1,1,24.99,24.99
O001098,S0017168,U007317,2020-12-12,8,6,1,2,1,22.99,22.99
O001098,S0017168,U007317,2020-12-12,31,6,1,2,1,26.99,26.99
O001099,S0017177,U007319,2020-11-30,1,2,2,2,1,19.99,19.99
O001099,S0017177,U007319,2020-11-30,18,2,2,2,1,17.09,17.09
O001099,S0017177,U007319,2020-11-30,19,2,2,2,1,25.49,25.49
O001099,S0017177,U007319,2020-11-30,12,2,2,2,1,50.99,50.99
O001100,S0017213,U007339,2020-12-04,39,3,3,1,1,11.99,11.99
O001101,S0017248,U007351,2020-12-15,20,7,2,10,2,11.69,23.38
O001102,S0017254,U007355,2020-11-19,9,1,1,5,1,23.99,23.99
O001102,S0017254,U007355,2020-11-19,12,1,1,5,2,59.99,119.98
O001103,S0017270,U007362,2021-01-29,4,2,2,1,1,25.99,25.99
O001104,S0017286,U007371,2020-12-14,27,1,1,10,1,8.99,8.99
O001105,S0017324,U007390,2020-12-29,26,1,2,1,1,7.99,7.99
O001106,S0017325,U007390,2021-01-01,30,2,2,1,1,24.99,24.99
O001106,S0017325,U007390,2021-01-01,15,2,2,1,2,24.99,49.98
O001107,S0017327,U007392,2020-11-27,41,1,2,1,1,14.39,14.39
O001108,S0017349,U007400,2021-01-26,12,2,2,2,1,59.99,59.99
O001108,S0017349,U007400,2021-01-26,4,2,2,2,1,25.99,25.99
O001109,S0017378,U007411,2020-12-17,39,7,2,2,1,10.79,10.79
O001109,S0017378,U007411,2020-12-17,13,7,2,2,1,74.99,74.99
O001110,S0017406,U007422,2020-12-21,39,2,1,3,1,10.79,10.79
O001111,S0017409,U007423,2021-01-29,17,3,2,2,1,17.99,17.99
O001111,S0017409,U007423,2021-01-29,4,3,2,2,1,25.99,25.99
O001112,S0017415,U007425,2020-11-29,27,2,2,10,1,8.09,8.09
O001112,S0017415,U007425,2020-11-29,17,2,2,10,1,14.39,14.39
O001113,S0017418,U007427,2020-11-23,37,1,1,1,1,24.99,24.99
O001114,S0017425,U007430,2020-11-22,2,1,2,1,1,27.99,27.99
O001115,S0017428,U007431,2020-11-23,16,3,2,1,1,32.99,32.99
O001116,S0017432,U007433,2020-11-20,18,5,1,1,1,18.99,18.99
O001117,S0017448,U007439,2020-12-23,10,2,2,4,1,14.99,14.99
O001118,S0017480,U007453,2021-01-04,11,3,2,1,1,18.99,18.99
O001119,S0017485,U007454,2020-12-19,18,1,1,2,2,18.99,37.98
O001119,S0017485,U007454,2020-12-19,24,1,1,2,1,14.99,14.99
O001119,S0017485,U007454,2020-12-19,42,1,1,2,1,12.99,12.99
O001119,S0017485,U007454,2020-12-19,36,1,1,2,1,20.99,20.99
O001120,S0017530,U007474,2020-11-30,15,7,1,4,1,22.49,22.49
O001121,S0017553,U007485,2021-01-28,42,1,1,6,1,12.99,12.99
O001121,S0017553,U007485,2021-01-28,16,1,1,6,1,32.99,32.99
O001122,S0017626,U007517,2020-11-19,22,4,2,1,1,9.99,9.99
O001123,S0017631,U007520,2020-11-14,25,7,2,10,1,6.99,6.99
O001124,S0017676,U007543,2020-11-27,3,3,3,1,1,21.59,21.59
O001124,S0017676,U007543,2020-11-27,40,3,3,1,1,26.09,26.09
O001125,S0017678,U007544,2020-12-24,13,2,1,1,1,74.99,74.99
O001125,S0017678,U007544,2020-12-24,4,2,1,1,1,25.99,25.99
O001126,S0017679,U007544,2020-12-29,13,1,1,1,1,74.99,74.99
O001126,S0017679,U007544,2020-12-29,4,1,1,1,1,25.99,25.99
O001126,S0017679,U007544,2020-12-29,12,1,1,1,1,59.99,59.99
O001126,S0017679,U007544,2020-12-29,15,1,1,1,1,24.99,24.99
O001127,S0017681,U007546,2020-11-26,11,6,3,1,1,17.09,17.09
O001127,S0017681,U007546,2020-11-26,6,6,3,1,2,42.49,84.98
O001128,S0017683,U007548,2020-12-06,16,1,1,1,1,29.69,29.69
O001129,S0017691,U007550,2020-12-02,18,1,2,1,1,15.19,15.19
O001129,S0017691,U007550,2020-12-02,5,1,2,1,1,43.99,43.99
O001130,S0017756,U007577,2020-12-27,15,6,3,1,1,24.99,24.99
O001131,S0017770,U007583,2020-12-25,17,6,2,1,2,17.99,35.98
O001132,S0017787,U007590,2020-11-17,30,4,2,1,1,24.99,24.99
O001132,S0017787,U007590,2020-11-17,4,4,2,1,1,25.99,25.99
O001132,S0017787,U007590,2020-11-17,13,4,2,1,1,74.99,74.99
O001132,S0017787,U007590,2020-11-17,18,4,2,1,2,18.99,37.98
O001133,S0017903,U007637,2020-12-26,11,6,2,3,1,18.99,18.99
O001134,S0017920,U007642,2020-12-01,1,3,1,5,1,21.24,21.24
O001135,S0017947,U007652,2020-12-06,18,3,1,4,1,18.99,18.99
O001136,S0017961,U007656,2021-01-30,25,4,1,3,1,6.99,6.99
O001137,S0017965,U007657,2021-01-31,40,2,3,1,1,28.99,28.99
O001137,S0017965,U007657,2021-01-31,33,2,3,1,1,44.99,44.99
O001138,S0017971,U007660,2021-01-07,4,3,2,3,2,25.99,51.98
O001138,S0017971,U007660,2021-01-07,35,3,2,3,1,19.99,19.99
O001138,S0017971,U007660,2021-01-07,8,3,2,3,1,22.99,22.99
O001139,S0017985,U007665,2021-01-03,10,4,2,1,1,14.99,14.99
O001140,S0018015,U007678,2021-01-01,28,1,2,5,1,9.99,9.99
O001141,S0018021,U007681,2020-11-28,2,2,1,1,1,23.79,23.79
O001142,S0018041,U007687,2020-12-24,24,1,2,1,1,13.49,13.49
O001142,S0018041,U007687,2020-12-24,29,1,2,1,1,9.89,9.89
O001143,S0018074,U007702,2020-11-03,6,3,2,1,2,49.99,99.98
O001143,S0018074,U007702,2020-11-03,19,3,2,1,1,29.99,29.99
O001144,S0018086,U007707,2021-01-26,29,1,1,1,1,10.99,10.99
O001144,S0018086,U007707,2021-01-26,42,1,1,1,1,12.99,12.99
O001145,S0018090,U007709,2020-12-13,15,2,2,2,1,24.99,24.99
O001145,S0018090,U007709,2020-12-13,24,2,2,2,1,14.99,14.99
O001146,S0018096,U007712,2020-11-29,6,6,1,1,1,42.49,42.49
O001147,S0018117,U007721,2021-01-04,3,1,2,1,1,26.99,26.99
O001148,S0018137,U007732,2020-12-25,8,3,1,1,1,22.99,22.99
O001148,S0018137,U007732,2020-12-25,14,3,1,1,1,15.29,15.29
O001149,S0018145,U007736,2020-12-28,27,4,2,1,1,8.99,8.99
O001150,S0018150,U007739,2020-12-01,18,7,3,3,1,16.14,16.14
O001151,S0018153,U007740,2020-12-03,35,2,1,1,1,17.99,17.99
O001151,S0018153,U007740,2020-12-03,40,2,1,1,1,24.64,24.64
O001152,S0018158,U007742,2020-12-12,12,2,2,3,1,59.99,59.99
O001153,S0018189,U007758,2020-12-09,39,6,1,1,1,10.79,10.79
O001153,S0018189,U007758,2020-12-09,14,6,1,1,1,16.99,16.99
O001154,S0018211,U007766,2020-11-25,15,2,1,10,1,21.24,21.24
O001154,S0018211,U007766,2020-11-25,5,2,1,10,1,49.49,49.49
O001155,S0018220,U007769,2020-12-09,4,7,2,3,1,25.99,25.99
O001156,S0018221,U007770,2020-12-16,14,3,1,1,2,16.99,33.98
O001157,S0018230,U007774,2021-01-15,16,1,1,1,1,32.99,32.99
O001157,S0018230,U007774,2021-01-15,41,1,1,1,1,15.99,15.99
O001157,S0018230,U007774,2021-01-15,36,1,1,1,1,20.99,20.99
O001158,S0018264,U007788,2020-11-13,10,7,2,1,1,14.99,14.99
O001159,S0018288,U007796,2020-11-20,5,2,1,1,2,54.99,109.98
O001160,S0018290,U007797,2021-01-03,38,7,2,1,1,16.99,16.99
O001161,S0018292,U007798,2020-11-25,9,2,1,1,1,21.59,21.59
O001161,S0018292,U007798,2020-11-25,15,2,1,1,2,21.24,42.48
O001162,S0018296,U007799,2020-12-15,17,3,1,7,1,17.99,17.99
O001162,S0018296,U007799,2020-12-15,5,3,1,7,1,54.99,54.99
O001163,S0018313,U007806,2020-11-12,33,1,1,5,1,44.99,44.99
O001163,S0018313,U007806,2020-11-12,19,1,1,5,1,29.99,29.99
O001163,S0018313,U007806,2020-11-12,31,1,1,5,1,29.99,29.99
O001164,S0018332,U007811,2020-11-27,2,1,2,2,1,23.79,23.79
O001164,S0018332,U007811,2020-11-27,15,1,2,2,2,19.99,39.98
O001165,S0018338,U007814,2020-11-22,27,1,2,1,1,8.99,8.99
O001166,S0018344,U007818,2021-01-06,34,1,2,3,2,21.99,43.98
O001167,S0018351,U007822,2020-11-23,6,2,2,3,1,49.99,49.99
O001168,S0018362,U007827,2021-01-09,32,2,1,1,1,19.99,19.99
O001169,S0018371,U007831,2020-12-02,12,2,2,1,1,53.99,53.99
O001169,S0018371,U007831,2020-12-02,16,2,2,1,2,28.04,56.08
O001169,S0018371,U007831,2020-12-02,11,2,2,1,1,16.14,16.14
O001170,S0018385,U007836,2020-12-05,20,2,1,10,1,12.99,12.99
O001170,S0018385,U007836,2020-12-05,1,2,1,10,1,24.99,24.99
O001171,S0018390,U007838,2021-01-03,18,1,1,2,1,18.99,18.99
O001172,S0018400,U007842,2020-12-05,36,3,1,1,1,20.99,20.99
O001172,S0018400,U007842,2020-12-05,37,3,1,1,1,24.99,24.99
O001172,S0018400,U007842,2020-12-05,4,3,1,1,1,25.99,25.99
O001172,S0018400,U007842,2020-12-05,11,3,1,1,1,18.99,18.99
O001173,S0018423,U007852,2020-11-27,1,4,1,1,2,21.24,42.48
O001173,S0018423,U007852,2020-11-27,14,4,1,1,1,14.44,14.44
O001174,S0018425,U007853,2020-11-16,20,4,2,1,1,12.99,12.99
O001174,S0018425,U007853,2020-11-16,40,4,2,1,1,28.99,28.99
O001174,S0018425,U007853,2020-11-16,4,4,2,1,2,25.99,51.98
O001175,S0018445,U007861,2020-12-25,7,4,1,1,1,79.99,79.99
O001175,S0018445,U007861,2020-12-25,15,4,1,1,1,24.99,24.99
O001176,S0018450,U007864,2020-12-06,18,2,1,6,1,18.99,18.99
O001176,S0018450,U007864,2020-12-06,6,2,1,6,1,49.99,49.99
O001177,S0018462,U007868,2020-12-02,1,3,1,1,1,21.24,21.24
O001178,S0018465,U007869,2021-01-05,5,3,2,3,1,54.99,54.99
O001179,S0018477,U007873,2020-12-13,35,1,2,1,2,19.99,39.98
O001180,S0018479,U007873,2020-12-17,5,1,2,1,1,54.99,54.99
O001180,S0018479,U007873,2020-12-17,4,1,2,1,1,25.99,25.99
O001181,S0018497,U007881,2021-01-13,23,3,1,1,1,19.99,19.99
O001181,S0018497,U007881,2021-01-13,36,3,1,1,1,20.99,20.99
O001182,S0018518,U007890,2021-01-04,35,2,2,1,1,19.99,19.99
O001182,S0018518,U007890,2021-01-04,20,2,2,1,1,12.99,12.99
O001182,S0018518,U007890,2021-01-04,10,2,2,1,1,14.99,14.99
O001183,S0018539,U007899,2021-01-07,12,3,3,9,1,59.99,59.99
O001184,S0018543,U007901,2020-12-05,34,2,2,2,1,21.99,21.99
O001185,S0018616,U007936,2020-12-13,25,1,2,1,1,6.99,6.99
O001185,S0018616,U007936,2020-12-13,4,1,2,1,1,23.39,23.39
O001185,S0018616,U007936,2020-12-13,26,1,2,1,1,7.99,7.99
O001186,S0018626,U007939,2020-12-14,32,1,1,6,1,19.99,19.99
O001186,S0018626,U007939,2020-12-14,15,1,1,6,1,24.99,24.99
O001186,S0018626,U007939,2020-12-14,14,1,1,6,1,16.99,16.99
O001187,S0018634,U007942,2021-01-22,25,3,2,7,1,6.99,6.99
O001187,S0018634,U007942,2021-01-22,37,3,2,7,1,24.99,24.99
O001187,S0018634,U007942,2021-01-22,19,3,2,7,1,29.99,29.99
O001188,S0018663,U007954,2020-12-11,5,2,1,4,2,54.99,109.98
O001189,S0018712,U007972,2020-11-25,40,7,3,1,1,24.64,24.64
O001189,S0018712,U007972,2020-11-25,36,7,3,1,1,17.84,17.84
O001190,S0018715,U007972,2020-12-01,40,2,1,1,1,24.64,24.64
O001191,S0018741,U007984,2020-11-13,42,1,2,1,1,12.99,12.99
O001191,S0018741,U007984,2020-11-13,1,1,2,1,1,24.99,24.99
O001192,S0018745,U007987,2020-11-22,12,6,1,7,2,59.99,119.98
O001192,S0018745,U007987,2020-11-22,24,6,1,7,1,14.99,14.99
O001193,S0018761,U007993,2021-01-27,26,3,1,1,1,7.99,7.99
O001194,S0018766,U007995,2020-12-18,1,1,2,1,1,24.99,24.99
O001194,S0018766,U007995,2020-12-18,23,1,2,1,2,19.99,39.98
O001195,S0018780,U008001,2020-11-26,31,6,2,1,1,25.49,25.49
O001196,S0018833,U008021,2021-01-31,12,1,1,1,1,59.99,59.99
O001196,S0018833,U008021,2021-01-31,36,1,1,1,1,20.99,20.99
O001197,S0018854,U008032,2020-12-08,1,6,2,2,1,22.49,22.49
O001198,S0018861,U008035,2021-01-31,17,2,2,1,1,17.99,17.99
O001199,S0018862,U008036,2020-12-20,24,3,1,3,1,13.49,13.49
O001199,S0018862,U008036,2020-12-20,14,3,1,3,1,16.99,16.99
O001199,S0018862,U008036,2020-12-20,1,3,1,3,2,22.49,44.98
O001200,S0018872,U008040,2021-01-06,17,2,2,1,1,17.99,17.99
O001201,S0018875,U008041,2020-12-21,21,2,1,1,2,21.99,43.98
O001201,S0018875,U008041,2020-12-21,3,2,1,1,1,26.99,26.99
O001202,S0018890,U008048,2020-11-27,41,2,1,1,1,12.79,12.79
O001203,S0018962,U008078,2021-01-14,32,1,2,1,1,19.99,19.99
O001204,S0018981,U008087,2020-11-27,37,3,2,1,1,19.99,19.99
O001204,S0018981,U008087,2020-11-27,30,3,2,1,1,21.24,21.24
O001205,S0019006,U008098,2020-12-03,17,1,2,1,1,14.39,14.39
O001206,S0019057,U008121,2020-12-29,22,2,1,10,1,9.99,9.99
O001206,S0019057,U008121,2020-12-29,1,2,1,10,2,24.99,49.98
O001207,S0019061,U008123,2020-12-30,35,1,1,4,1,19.99,19.99
O001207,S0019061,U008123,2020-12-30,17,1,1,4,2,17.99,35.98
O001208,S0019072,U008127,2021-01-05,3,2,1,3,1,26.99,26.99
O001209,S0019085,U008133,2020-12-23,3,1,1,5,1,24.29,24.29
O001209,S0019085,U008133,2020-12-23,39,1,1,5,1,11.99,11.99
O001209,S0019085,U008133,2020-12-23,20,1,1,5,1,11.69,11.69
O001210,S0019109,U008140,2021-01-16,27,6,1,1,1,8.99,8.99
O001210,S0019109,U008140,2021-01-16,1,6,1,1,2,24.99,49.98
O001211,S0019116,U008143,2020-11-22,9,3,2,4,2,23.99,47.98
O001211,S0019116,U008143,2020-11-22,36,3,2,4,1,20.99,20.99
O001212,S0019130,U008148,2020-12-22,33,1,2,5,1,44.99,44.99
O001213,S0019177,U008166,2020-12-03,12,3,2,7,1,50.99,50.99
O001213,S0019177,U008166,2020-12-03,30,3,2,7,2,21.24,42.48
O001213,S0019177,U008166,2020-12-03,29,3,2,7,1,9.34,9.34
O001214,S0019180,U008166,2020-12-14,4,4,2,7,1,25.99,25.99
O001214,S0019180,U008166,2020-12-14,33,4,2,7,1,44.99,44.99
O001214,S0019180,U008166,2020-12-14,40,4,2,7,1,28.99,28.99
O001215,S0019195,U008172,2020-11-28,2,3,2,2,2,23.79,47.58
O001216,S0019197,U008172,2020-12-12,8,2,2,2,1,20.69,20.69
O001217,S0019198,U008172,2020-12-21,37,1,2,2,2,24.99,49.98
O001218,S0019224,U008184,2021-01-08,27,1,2,1,1,8.99,8.99
O001219,S0019231,U008188,2020-11-18,2,4,2,3,1,27.99,27.99
O001219,S0019231,U008188,2020-11-18,41,4,2,3,1,15.99,15.99
O001220,S0019240,U008192,2020-12-01,22,4,1,3,1,7.99,7.99
O001221,S0019247,U008194,2020-12-13,10,1,2,1,2,13.49,26.98
O001221,S0019247,U008194,2020-12-13,17,1,2,1,1,17.99,17.99
O001222,S0019260,U008198,2020-12-16,34,1,1,3,1,21.99,21.99
O001222,S0019260,U008198,2020-12-16,10,1,1,3,2,14.99,29.98
O001223,S0019263,U008199,2020-12-10,4,2,2,10,1,25.99,25.99
O001223,S0019263,U008199,2020-12-10,14,2,2,10,1,16.99,16.99
O001223,S0019263,U008199,2020-12-10,24,2,2,10,1,13.49,13.49
O001224,S0019267,U008200,2020-12-22,12,6,1,1,1,59.99,59.99
O001225,S0019269,U008201,2020-11-25,34,1,1,1,1,18.69,18.69
O001225,S0019269,U008201,2020-11-25,14,1,1,1,1,13.59,13.59
O001226,S0019344,U008229,2020-11-27,2,1,2,1,1,22.39,22.39
O001227,S0019362,U008239,2021-01-04,12,1,2,7,1,59.99,59.99
O001228,S0019475,U008286,2020-12-20,12,6,2,8,1,59.99,59.99
O001228,S0019475,U008286,2020-12-20,5,6,2,8,2,54.99,109.98
O001228,S0019475,U008286,2020-12-20,1,6,2,8,1,24.99,24.99
O001229,S0019480,U008287,2020-12-18,40,2,1,1,1,28.99,28.99
O001229,S0019480,U008287,2020-12-18,26,2,1,1,1,7.19,7.19
O001230,S0019501,U008297,2020-11-26,40,2,2,1,1,26.09,26.09
O001231,S0019504,U008299,2020-12-16,20,3,3,1,1,12.99,12.99
O001231,S0019504,U008299,2020-12-16,24,3,3,1,1,14.99,14.99
O001232,S0019518,U008303,2020-11-15,7,2,2,10,1,79.99,79.99
O001233,S0019582,U008328,2020-11-24,26,6,2,2,2,6.39,12.78
O001233,S0019582,U008328,2020-11-24,25,6,2,2,1,5.59,5.59
O001234,S0019606,U008340,2020-12-09,1,1,1,1,1,24.99,24.99
O001234,S0019606,U008340,2020-12-09,17,1,1,1,2,17.99,35.98
O001234,S0019606,U008340,2020-12-09,5,1,1,1,1,49.49,49.49
O001234,S0019606,U008340,2020-12-09,36,1,1,1,1,20.99,20.99
O001235,S0019613,U008342,2020-12-21,21,2,2,4,1,21.99,21.99
O001235,S0019613,U008342,2020-12-21,24,2,2,4,1,14.99,14.99
O001236,S0019633,U008349,2020-12-02,15,1,2,10,1,21.24,21.24
O001237,S0019669,U008360,2020-12-10,19,3,3,1,1,29.99,29.99
O001237,S0019669,U008360,2020-12-10,34,3,3,1,1,21.99,21.99
O001238,S0019685,U008366,2020-12-07,1,1,2,5,1,24.99,24.99
O001238,S0019685,U008366,2020-12-07,12,1,2,5,2,59.99,119.98
O001239,S0019713,U008380,2021-01-15,34,1,2,8,1,21.99,21.99
O001240,S0019732,U008387,2020-12-06,11,1,1,1,1,17.09,17.09
O001241,S0019752,U008395,2021-01-15,6,1,2,1,1,49.99,49.99
O001241,S0019752,U008395,2021-01-15,13,1,2,1,1,74.99,74.99
O001242,S0019756,U008396,2020-11-30,5,3,2,5,2,49.49,98.98
O001242,S0019756,U008396,2020-11-30,42,3,2,5,1,11.69,11.69
O001242,S0019756,U008396,2020-11-30,27,3,2,5,1,8.09,8.09
O001243,S0019798,U008412,2021-01-02,3,3,2,1,1,26.99,26.99
O001244,S0019802,U008414,2020-11-17,39,2,1,1,1,11.99,11.99
O001245,S0019829,U008424,2020-12-30,6,1,1,1,1,49.99,49.99
O001246,S0019837,U008428,2020-12-01,30,2,1,1,1,21.24,21.24
O001246,S0019837,U008428,2020-12-01,2,2,1,1,1,23.79,23.79
O001246,S0019837,U008428,2020-12-01,14,2,1,1,1,13.59,13.59
O001247,S0019861,U008437,2020-11-29,11,1,2,1,1,17.09,17.09
O001247,S0019861,U008437,2020-11-29,40,1,2,1,1,26.09,26.09
O001248,S0019894,U008450,2020-11-19,36,1,1,3,1,20.99,20.99
O001249,S0019898,U008451,2020-12-14,34,4,2,1,1,21.99,21.99
O001250,S0019902,U008453,2020-11-18,5,3,1,1,1,54.99,54.99
O001251,S0019903,U008453,2020-11-19,23,3,2,1,1,19.99,19.99
O001251,S0019903,U008453,2020-11-19,17,3,2,1,1,17.99,17.99
O001252,S0019918,U008460,2020-11-14,40,2,2,4,1,28.99,28.99
O001253,S0019953,U008476,2020-11-27,25,1,2,1,1,5.59,5.59
O001254,S0019975,U008483,2020-12-05,15,3,1,8,1,24.99,24.99
O001254,S0019975,U008483,2020-12-05,32,3,1,8,1,19.99,19.99
O001255,S0020038,U008513,2020-12-09,41,1,1,1,1,15.99,15.99
O001255,S0020038,U008513,2020-12-09,14,1,1,1,1,16.99,16.99
O001256,S0020046,U008516,2020-12-03,8,1,1,1,2,20.69,41.38
O001257,S0020055,U008519,2020-12-19,26,3,2,10,1,7.19,7.19
O001258,S0020063,U008522,2020-12-25,29,1,2,1,1,10.99,10.99
O001258,S0020063,U008522,2020-12-25,10,1,2,1,2,14.99,29.98
O001258,S0020063,U008522,2020-12-25,15,1,2,1,1,24.99,24.99
O001259,S0020109,U008541,2021-01-27,14,2,2,5,1,16.99,16.99
O001260,S0020116,U008546,2020-11-23,20,2,3,10,2,12.99,25.98
O001260,S0020116,U008546,2020-11-23,8,2,3,10,1,22.99,22.99
O001261,S0020123,U008549,2021-01-29,10,3,2,4,1,14.99,14.99
O001261,S0020123,U008549,2021-01-29,29,3,2,4,1,10.99,10.99
O001262,S0020159,U008561,2020-12-10,8,6,1,10,1,22.99,22.99
O001263,S0020175,U008567,2021-01-11,2,2,1,4,1,27.99,27.99
O001264,S0020193,U008577,2020-12-06,20,4,1,6,1,12.99,12.99
O001265,S0020211,U008584,2020-11-23,6,2,2,1,2,49.99,99.98
O001265,S0020211,U008584,2020-11-23,34,2,2,1,1,21.99,21.99
O001265,S0020211,U008584,2020-11-23,11,2,2,1,1,18.99,18.99
O001266,S0020212,U008585,2020-12-27,23,3,2,10,1,19.99,19.99
O001266,S0020212,U008585,2020-12-27,37,3,2,10,1,24.99,24.99
O001267,S0020225,U008591,2020-12-22,40,3,2,1,1,28.99,28.99
O001267,S0020225,U008591,2020-12-22,29,3,2,1,1,10.99,10.99
O001268,S0020232,U008595,2020-12-15,5,2,2,1,1,54.99,54.99
O001268,S0020232,U008595,2020-12-15,14,2,2,1,1,16.99,16.99
O001269,S0020264,U008610,2020-12-24,8,6,2,1,1,22.99,22.99
O001269,S0020264,U008610,2020-12-24,28,6,2,1,2,9.99,19.98
O001270,S0020286,U008619,2020-12-13,40,1,3,1,2,28.99,57.98
O001271,S0020291,U008621,2020-11-28,34,2,2,1,2,18.69,37.38
O001271,S0020291,U008621,2020-11-28,40,2,2,1,1,24.64,24.64
O001272,S0020320,U008634,2020-12-06,4,3,2,1,1,25.99,25.99
O001272,S0020320,U008634,2020-12-06,42,3,2,1,1,12.99,12.99
O001273,S0020321,U008634,2020-12-07,37,2,2,1,1,24.99,24.99
O001274,S0020329,U008638,2020-11-27,15,6,2,10,2,21.24,42.48
O001274,S0020329,U008638,2020-11-27,13,6,2,10,1,63.74,63.74
O001275,S0020349,U008645,2020-11-16,24,4,2,8,2,14.99,29.98
O001275,S0020349,U008645,2020-11-16,16,4,2,8,1,32.99,32.99
O001276,S0020357,U008649,2020-12-18,5,2,2,1,1,54.99,54.99
O001277,S0020375,U008656,2020-11-28,16,1,2,1,1,28.04,28.04
O001278,S0020376,U008657,2020-11-25,16,2,3,1,1,26.39,26.39
O001279,S0020387,U008663,2021-01-27,5,1,1,1,1,54.99,54.99
O001279,S0020387,U008663,2021-01-27,31,1,1,1,2,29.99,59.98
O001280,S0020389,U008664,2020-12-31,30,3,2,5,1,24.99,24.99
O001281,S0020407,U008671,2020-11-14,25,7,2,1,1,6.99,6.99
O001282,S0020408,U008672,2020-12-19,37,1,2,4,1,24.99,24.99
O001282,S0020408,U008672,2020-12-19,9,1,2,4,1,23.99,23.99
O001282,S0020408,U008672,2020-12-19,8,1,2,4,1,22.99,22.99
O001283,S0020442,U008685,2020-11-04,29,6,2,8,1,10.99,10.99
O001283,S0020442,U008685,2020-11-04,23,6,2,8,2,19.99,39.98
O001284,S0020454,U008690,2020-12-21,27,4,1,3,1,8.99,8.99
O001284,S0020454,U008690,2020-12-21,1,4,1,3,1,24.99,24.99
O001285,S0020479,U008700,2020-12-08,38,3,2,1,1,16.99,16.99
O001285,S0020479,U008700,2020-12-08,41,3,2,1,1,15.99,15.99
O001285,S0020479,U008700,2020-12-08,1,3,2,1,1,24.99,24.99
O001286,S0020510,U008717,2020-11-06,41,2,1,1,1,15.99,15.99
O001286,S0020510,U008717,2020-11-06,17,2,1,1,1,17.99,17.99
O001287,S0020516,U008720,2020-12-23,40,5,1,1,1,28.99,28.99
O001287,S0020516,U008720,2020-12-23,30,5,1,1,1,24.99,24.99
O001287,S0020516,U008720,2020-12-23,13,5,1,1,1,74.99,74.99
O001288,S0020562,U008741,2021-01-21,1,1,2,1,1,24.99,24.99
O001288,S0020562,U008741,2021-01-21,34,1,2,1,1,21.99,21.99
O001289,S0020597,U008752,2021-01-09,11,1,2,10,1,18.99,18.99
O001289,S0020597,U008752,2021-01-09,22,1,2,10,1,9.99,9.99
O001290,S0020618,U008761,2020-11-24,25,1,2,1,1,5.94,5.94
O001291,S0020619,U008761,2020-11-25,7,1,2,1,1,71.99,71.99
O001292,S0020621,U008762,2020-12-20,2,2,1,4,1,27.99,27.99
O001293,S0020634,U008769,2021-01-08,1,6,1,3,1,24.99,24.99
O001293,S0020634,U008769,2021-01-08,22,6,1,3,1,9.99,9.99
O001294,S0020639,U008773,2021-01-16,15,7,1,1,1,24.99,24.99
O001294,S0020639,U008773,2021-01-16,6,7,1,1,2,49.99,99.98
O001295,S0020678,U008789,2020-11-19,11,1,1,1,1,18.99,18.99
O001296,S0020718,U008806,2021-01-03,5,2,1,2,1,54.99,54.99
O001297,S0020751,U008820,2021-01-27,1,2,1,1,1,24.99,24.99
O001297,S0020751,U008820,2021-01-27,9,2,1,1,1,23.99,23.99
O001298,S0020767,U008824,2020-12-03,42,3,1,1,1,11.04,11.04
O001298,S0020767,U008824,2020-12-03,36,3,1,1,1,17.84,17.84
O001299,S0020779,U008830,2020-12-01,8,4,2,10,1,19.54,19.54
O001299,S0020779,U008830,2020-12-01,25,4,2,10,1,6.29,6.29
O001300,S0020791,U008835,2020-12-25,35,4,2,1,2,17.99,35.98
O001301,S0020799,U008840,2020-11-19,1,3,1,1,1,24.99,24.99
O001302,S0020810,U008844,2020-12-22,33,2,2,4,2,44.99,89.98
O001303,S0020812,U008844,2020-12-28,36,7,2,4,1,20.99,20.99
O001303,S0020812,U008844,2020-12-28,11,7,2,4,1,18.99,18.99
O001303,S0020812,U008844,2020-12-28,26,7,2,4,1,7.99,7.99
O001304,S0020829,U008852,2020-11-09,23,7,1,1,1,19.99,19.99
O001304,S0020829,U008852,2020-11-09,1,7,1,1,1,24.99,24.99
O001305,S0020836,U008854,2020-12-19,26,3,2,4,1,7.99,7.99
O001306,S0020848,U008860,2020-12-10,12,6,2,10,1,59.99,59.99
O001306,S0020848,U008860,2020-12-10,16,6,2,10,1,32.99,32.99
O001307,S0020852,U008862,2020-12-09,5,6,2,10,1,49.49,49.49
O001307,S0020852,U008862,2020-12-09,17,6,2,10,1,17.99,17.99
O001308,S0020857,U008863,2020-12-27,6,2,1,5,1,49.99,49.99
O001308,S0020857,U008863,2020-12-27,25,2,1,5,1,6.99,6.99
O001308,S0020857,U008863,2020-12-27,41,2,1,5,1,15.99,15.99
O001309,S0020873,U008870,2020-12-25,23,1,2,1,1,17.99,17.99
O001309,S0020873,U008870,2020-12-25,4,1,2,1,1,25.99,25.99
O001309,S0020873,U008870,2020-12-25,39,1,2,1,1,11.99,11.99
O001310,S0020875,U008870,2020-12-28,36,1,2,1,1,20.99,20.99
O001311,S0020880,U008872,2020-12-15,1,1,1,3,1,24.99,24.99
O001311,S0020880,U008872,2020-12-15,17,1,1,3,1,16.19,16.19
O001311,S0020880,U008872,2020-12-15,16,1,1,3,2,29.69,59.38
O001312,S0020903,U008884,2020-12-24,11,1,1,1,1,18.99,18.99
O001313,S0020943,U008902,2020-11-22,16,6,2,1,1,32.99,32.99
O001313,S0020943,U008902,2020-11-22,28,6,2,1,1,9.99,9.99
O001314,S0020966,U008912,2020-12-14,27,2,1,5,1,8.09,8.09
O001314,S0020966,U008912,2020-12-14,16,2,1,5,2,32.99,65.98
O001315,S0020972,U008915,2021-01-18,13,5,2,1,1,74.99,74.99
O001316,S0020988,U008921,2020-11-24,11,2,3,6,1,17.09,17.09
O001317,S0020997,U008925,2020-11-02,18,1,1,1,1,18.99,18.99
O001317,S0020997,U008925,2020-11-02,16,1,1,1,1,32.99,32.99
O001317,S0020997,U008925,2020-11-02,15,1,1,1,1,24.99,24.99
O001318,S0021026,U008939,2020-11-28,27,2,1,1,1,7.64,7.64
O001318,S0021026,U008939,2020-11-28,1,2,1,1,1,22.49,22.49
O001319,S0021040,U008945,2021-01-13,9,4,1,10,1,23.99,23.99
O001319,S0021040,U008945,2021-01-13,17,4,1,10,1,17.99,17.99
O001319,S0021040,U008945,2021-01-13,16,4,1,10,1,32.99,32.99
O001320,S0021066,U008958,2020-11-14,24,5,3,1,1,14.99,14.99
O001321,S0021084,U008969,2020-11-27,34,3,2,1,1,18.69,18.69
O001321,S0021084,U008969,2020-11-27,23,3,2,1,1,16.99,16.99
O001322,S0021130,U008990,2020-11-28,41,5,2,1,1,13.59,13.59
O001322,S0021130,U008990,2020-11-28,8,5,2,1,1,20.69,20.69
O001323,S0021132,U008991,2021-01-11,42,6,1,1,2,12.99,25.98
O001324,S0021138,U008992,2021-01-03,41,1,3,6,1,15.99,15.99
O001325,S0021143,U008995,2021-01-19,15,2,2,1,1,24.99,24.99
O001326,S0021148,U008997,2020-11-26,42,5,2,1,1,11.04,11.04
O001326,S0021148,U008997,2020-11-26,24,5,2,1,1,12.74,12.74
O001327,S0021156,U009001,2020-12-13,36,6,2,1,1,20.99,20.99
O001328,S0021192,U009018,2020-12-30,1,5,2,1,1,24.99,24.99
O001328,S0021192,U009018,2020-12-30,2,5,2,1,1,27.99,27.99
O001329,S0021195,U009019,2021-01-16,29,4,2,1,1,10.99,10.99
O001330,S0021251,U009043,2020-12-07,27,3,3,6,1,8.09,8.09
O001330,S0021251,U009043,2020-12-07,31,3,3,6,2,29.99,59.98
O001331,S0021291,U009061,2020-11-27,10,1,2,1,1,12.74,12.74
O001331,S0021291,U009061,2020-11-27,19,1,2,1,1,25.49,25.49
O001332,S0021309,U009069,2020-11-05,15,5,1,1,1,24.99,24.99
O001333,S0021355,U009084,2020-11-25,29,4,1,1,1,8.79,8.79
O001334,S0021369,U009091,2020-11-19,1,1,1,4,1,24.99,24.99
O001334,S0021369,U009091,2020-11-19,17,1,1,4,1,17.99,17.99
O001334,S0021369,U009091,2020-11-19,5,1,1,4,1,54.99,54.99
O001335,S0021386,U009097,2020-11-28,40,4,1,1,2,26.09,52.18
O001336,S0021390,U009098,2020-12-01,15,1,2,4,1,21.24,21.24
O001336,S0021390,U009098,2020-12-01,17,1,2,4,1,16.19,16.19
O001336,S0021390,U009098,2020-12-01,32,1,2,4,1,17.99,17.99
O001336,S0021390,U009098,2020-12-01,29,1,2,4,1,9.89,9.89
O001337,S0021391,U009098,2020-12-02,16,2,2,4,2,28.04,56.08
O001337,S0021391,U009098,2020-12-02,29,2,2,4,1,9.89,9.89
O001338,S0021424,U009114,2021-01-23,41,1,2,1,1,15.99,15.99
O001339,S0021457,U009130,2021-01-06,42,2,2,1,1,12.99,12.99
O001340,S0021480,U009140,2020-12-03,36,1,2,2,1,16.79,16.79
O001341,S0021485,U009142,2021-01-07,34,3,2,5,1,21.99,21.99
O001341,S0021485,U009142,2021-01-07,33,3,2,5,1,44.99,44.99
O001342,S0021513,U009154,2020-12-03,11,1,1,10,1,17.09,17.09
O001343,S0021514,U009154,2020-12-04,27,4,1,10,1,8.99,8.99
O001343,S0021514,U009154,2020-12-04,35,4,1,10,1,19.99,19.99
O001344,S0021540,U009166,2020-12-08,17,1,2,1,2,17.99,35.98
O001345,S0021542,U009167,2020-11-25,24,6,1,1,1,12.74,12.74
O001346,S0021546,U009169,2020-12-07,11,1,2,1,1,18.99,18.99
O001347,S0021549,U009169,2020-12-13,34,1,2,1,1,21.99,21.99
O001347,S0021549,U009169,2020-12-13,21,1,2,1,1,19.79,19.79
O001348,S0021558,U009172,2020-12-01,21,5,1,1,1,18.69,18.69
O001349,S0021566,U009175,2020-12-02,14,1,3,3,1,14.44,14.44
O001349,S0021566,U009175,2020-12-02,16,1,3,3,1,29.69,29.69
O001350,S0021597,U009190,2020-12-29,8,3,2,6,1,22.99,22.99
O001350,S0021597,U009190,2020-12-29,11,3,2,6,1,18.99,18.99
O001351,S0021608,U009194,2020-11-27,14,3,3,1,2,13.59,27.18
O001351,S0021608,U009194,2020-11-27,15,3,3,1,1,21.24,21.24
O001352,S0021616,U009198,2020-11-06,14,3,1,7,1,16.99,16.99
O001353,S0021633,U009204,2020-12-23,36,3,1,10,2,20.99,41.98
O001353,S0021633,U009204,2020-12-23,7,3,1,10,1,79.99,79.99
O001354,S0021640,U009207,2020-12-05,36,2,2,4,1,20.99,20.99
O001354,S0021640,U009207,2020-12-05,18,2,2,4,1,18.99,18.99
O001355,S0021643,U009209,2020-11-23,29,2,1,1,1,10.99,10.99
O001355,S0021643,U009209,2020-11-23,41,2,1,1,1,15.99,15.99
O001356,S0021648,U009212,2020-12-06,31,1,2,3,1,29.99,29.99
O001357,S0021653,U009214,2020-11-12,15,2,1,1,1,24.99,24.99
O001357,S0021653,U009214,2020-11-12,25,2,1,1,1,6.99,6.99
O001358,S0021747,U009250,2021-01-16,24,1,1,8,1,14.99,14.99
O001359,S0021749,U009252,2021-01-26,11,2,1,8,1,18.99,18.99
O001360,S0021762,U009258,2020-11-28,15,2,2,1,2,22.49,44.98
O001360,S0021762,U009258,2020-11-28,37,2,2,1,1,22.49,22.49
O001360,S0021762,U009258,2020-11-28,3,2,2,1,1,22.94,22.94
O001361,S0021763,U009258,2020-11-29,27,2,1,1,1,7.64,7.64
O001361,S0021763,U009258,2020-11-29,15,2,1,1,1,21.24,21.24
O001361,S0021763,U009258,2020-11-29,17,2,1,1,2,14.39,28.78
O001361,S0021763,U009258,2020-11-29,10,2,1,1,1,12.74,12.74
O001362,S0021772,U009261,2020-12-26,29,3,2,1,2,9.89,19.78
O001362,S0021772,U009261,2020-12-26,5,3,2,1,1,49.49,49.49
O001363,S0021823,U009282,2020-11-25,34,3,2,1,1,18.69,18.69
O001363,S0021823,U009282,2020-11-25,2,3,2,1,1,23.79,23.79
O001364,S0021829,U009284,2021-01-25,10,3,2,1,1,14.99,14.99
O001365,S0021839,U009286,2020-12-24,23,6,1,1,1,19.99,19.99
O001365,S0021839,U009286,2020-12-24,17,6,1,1,1,17.99,17.99
O001365,S0021839,U009286,2020-12-24,4,6,1,1,1,25.99,25.99
O001366,S0021858,U009295,2020-12-28,21,2,2,5,1,21.99,21.99
O001366,S0021858,U009295,2020-12-28,37,2,2,5,1,24.99,24.99
O001366,S0021858,U009295,2020-12-28,40,2,2,5,1,28.99,28.99
O001367,S0021867,U009301,2020-11-09,16,5,1,1,1,32.99,32.99
O001368,S0021875,U009303,2021-01-08,23,3,2,7,2,19.99,39.98
O001369,S0021953,U009339,2020-11-27,18,4,2,2,1,16.14,16.14
O001370,S0021970,U009347,2020-12-15,18,2,3,1,1,18.99,18.99
O001371,S0021973,U009348,2020-12-24,35,1,1,1,1,19.99,19.99
O001372,S0022001,U009358,2020-12-30,35,7,2,1,1,19.99,19.99
O001372,S0022001,U009358,2020-12-30,5,7,2,1,1,54.99,54.99
O001373,S0022047,U009377,2020-12-02,17,1,3,1,1,14.39,14.39
O001374,S0022088,U009396,2020-12-20,22,4,2,2,1,9.99,9.99
O001375,S0022091,U009397,2020-12-07,3,2,3,1,2,24.29,48.58
O001376,S0022095,U009400,2020-11-21,31,2,2,1,1,29.99,29.99
O001376,S0022095,U009400,2020-11-21,14,2,2,1,1,16.99,16.99
O001377,S0022109,U009406,2020-12-10,13,5,2,1,1,74.99,74.99
O001378,S0022118,U009410,2021-01-07,16,3,1,10,1,32.99,32.99
O001378,S0022118,U009410,2021-01-07,39,3,1,10,1,11.99,11.99
O001379,S0022197,U009445,2020-12-11,25,4,1,4,1,6.99,6.99
O001380,S0022230,U009459,2020-12-15,10,1,1,1,1,14.99,14.99
O001381,S0022261,U009470,2020-12-13,18,6,2,3,1,18.99,18.99
O001381,S0022261,U009470,2020-12-13,14,6,2,3,1,15.29,15.29
O001382,S0022291,U009484,2020-12-08,21,3,1,1,1,19.79,19.79
O001382,S0022291,U009484,2020-12-08,24,3,1,1,1,14.99,14.99
O001382,S0022291,U009484,2020-12-08,8,3,1,1,1,22.99,22.99
O001383,S0022318,U009495,2020-12-15,38,2,2,3,1,16.99,16.99
O001384,S0022331,U009499,2020-11-10,39,1,1,4,1,11.99,11.99
O001384,S0022331,U009499,2020-11-10,42,1,1,4,1,12.99,12.99
O001385,S0022349,U009510,2020-11-24,33,3,1,8,2,40.49,80.98
O001385,S0022349,U009510,2020-11-24,6,3,1,8,1,44.99,44.99
O001386,S0022369,U009522,2020-11-01,41,2,2,1,1,15.99,15.99
O001387,S0022373,U009523,2020-11-18,4,1,1,1,1,25.99,25.99
O001387,S0022373,U009523,2020-11-18,17,1,1,1,1,17.99,17.99
O001388,S0022376,U009524,2020-11-26,15,1,1,1,1,22.49,22.49
O001388,S0022376,U009524,2020-11-26,41,1,1,1,1,12.79,12.79
O001389,S0022447,U009552,2021-01-30,24,2,1,1,1,14.99,14.99
O001389,S0022447,U009552,2021-01-30,14,2,1,1,2,16.99,33.98
O001390,S0022459,U009558,2020-12-03,22,6,2,10,1,8.49,8.49
O001391,S0022466,U009562,2020-11-30,19,1,1,1,1,25.49,25.49
O001391,S0022466,U009562,2020-11-30,10,1,1,1,1,11.99,11.99
O001391,S0022466,U009562,2020-11-30,18,1,1,1,2,16.14,32.28
O001392,S0022469,U009563,2020-12-11,5,6,2,2,1,54.99,54.99
O001393,S0022473,U009564,2021-01-04,15,2,2,2,2,24.99,49.98
O001394,S0022485,U009568,2020-12-08,7,2,2,1,1,79.99,79.99
O001395,S0022513,U009579,2020-11-20,5,2,2,4,1,54.99,54.99
O001395,S0022513,U009579,2020-11-20,1,2,2,4,1,24.99,24.99
O001396,S0022547,U009592,2021-01-06,12,3,1,1,1,59.99,59.99
O001397,S0022559,U009599,2020-11-08,36,1,1,1,2,20.99,41.98
O001398,S0022575,U009606,2020-12-10,38,2,2,4,1,16.99,16.99
O001399,S0022578,U009608,2021-01-21,31,1,2,1,1,29.99,29.99
O001400,S0022592,U009614,2020-12-11,5,6,2,10,1,54.99,54.99
O001401,S0022596,U009615,2020-12-11,29,6,2,1,1,10.99,10.99
O001401,S0022596,U009615,2020-12-11,3,6,2,1,1,26.99,26.99
O001401,S0022596,U009615,2020-12-11,15,6,2,1,1,22.49,22.49
O001402,S0022626,U009628,2020-12-06,6,1,1,8,1,49.99,49.99
O001403,S0022632,U009630,2020-12-02,17,2,1,1,2,15.29,30.58
O001404,S0022703,U009659,2020-12-03,12,1,2,10,1,53.99,53.99
O001404,S0022703,U009659,2020-12-03,39,1,2,10,1,10.19,10.19
O001405,S0022715,U009664,2020-12-01,18,2,2,10,1,16.14,16.14
O001405,S0022715,U009664,2020-12-01,9,2,2,10,1,21.59,21.59
O001406,S0022732,U009670,2020-11-28,15,3,1,8,1,19.99,19.99
O001406,S0022732,U009670,2020-11-28,29,3,1,8,1,9.34,9.34
O001407,S0022743,U009672,2020-12-18,37,7,2,2,1,24.99,24.99
O001408,S0022758,U009677,2020-12-04,18,1,2,1,1,18.99,18.99
O001409,S0022763,U009681,2020-12-23,32,2,2,1,1,17.99,17.99
O001410,S0022780,U009686,2020-12-07,27,6,1,1,1,8.99,8.99
O001411,S0022783,U009688,2021-01-01,5,1,2,4,2,54.99,109.98
O001411,S0022783,U009688,2021-01-01,12,1,2,4,1,59.99,59.99
O001412,S0022816,U009702,2020-11-30,15,1,2,1,1,19.99,19.99
O001413,S0022827,U009707,2020-11-30,28,2,2,7,1,8.49,8.49
O001413,S0022827,U009707,2020-11-30,17,2,2,7,1,15.29,15.29
O001414,S0022856,U009719,2020-11-29,42,1,1,1,1,11.69,11.69
O001415,S0022865,U009722,2020-12-31,36,6,3,7,1,20.99,20.99
O001415,S0022865,U009722,2020-12-31,5,6,3,7,2,54.99,109.98
O001416,S0022902,U009737,2020-12-10,16,1,2,7,2,32.99,65.98
O001417,S0022928,U009747,2021-01-31,17,4,1,5,1,17.99,17.99
O001418,S0022933,U009750,2020-11-23,8,1,1,1,1,22.99,22.99
O001419,S0022948,U009758,2020-11-28,28,3,1,1,1,7.99,7.99
O001420,S0022990,U009778,2021-01-03,3,4,1,6,1,26.99,26.99
O001420,S0022990,U009778,2021-01-03,29,4,1,6,1,10.99,10.99
O001421,S0022996,U009781,2021-01-04,21,5,1,3,1,21.99,21.99
O001422,S0023013,U009787,2020-12-20,2,2,1,1,1,27.99,27.99
O001423,S0023022,U009790,2020-12-09,5,2,1,1,1,54.99,54.99
O001423,S0023022,U009790,2020-12-09,20,2,1,1,1,12.99,12.99
O001423,S0023022,U009790,2020-12-09,36,2,1,1,2,20.99,41.98
O001424,S0023028,U009793,2021-01-28,9,6,2,2,1,23.99,23.99
O001425,S0023051,U009802,2020-12-07,19,1,1,10,1,29.99,29.99
O001426,S0023064,U009808,2020-11-24,27,6,2,1,1,8.09,8.09
O001426,S0023064,U009808,2020-11-24,19,6,2,1,2,25.49,50.98
O001427,S0023067,U009808,2020-11-30,10,4,2,1,2,12.74,25.48
O001428,S0023070,U009810,2020-11-28,13,1,1,1,1,67.49,67.49
O001428,S0023070,U009810,2020-11-28,25,1,1,1,1,6.29,6.29
O001429,S0023108,U009827,2020-12-31,6,4,1,1,1,49.99,49.99
O001430,S0023118,U009831,2020-11-15,16,2,1,10,1,32.99,32.99
O001430,S0023118,U009831,2020-11-15,11,2,1,10,1,18.99,18.99
O001431,S0023126,U009834,2020-11-30,15,1,1,5,1,21.24,21.24
O001431,S0023126,U009834,2020-11-30,11,1,1,5,1,15.19,15.19
O001431,S0023126,U009834,2020-11-30,9,1,1,5,1,20.39,20.39
O001432,S0023136,U009839,2021-01-02,15,1,2,1,1,24.99,24.99
O001432,S0023136,U009839,2021-01-02,19,1,2,1,1,29.99,29.99
O001433,S0023181,U009861,2020-12-03,2,2,2,1,1,25.19,25.19
O001433,S0023181,U009861,2020-12-03,14,2,2,1,1,13.59,13.59
O001434,S0023193,U009865,2020-12-09,5,4,2,7,1,54.99,54.99
O001435,S0023200,U009868,2020-12-15,1,1,1,10,1,24.99,24.99
O001436,S0023212,U009874,2021-01-22,15,2,2,1,1,24.99,24.99
O001436,S0023212,U009874,2021-01-22,5,2,2,1,1,54.99,54.99
O001436,S0023212,U009874,2021-01-22,20,2,2,1,1,12.99,12.99
O001437,S0023218,U009879,2020-11-29,9,1,1,2,2,21.59,43.18
O001438,S0023225,U009884,2020-12-04,12,1,1,1,1,59.99,59.99
O001439,S0023237,U009888,2021-01-21,31,2,2,2,1,29.99,29.99
O001440,S0023262,U009900,2020-12-17,28,1,1,5,1,9.99,9.99
O001440,S0023262,U009900,2020-12-17,38,1,1,5,1,15.29,15.29
O001441,S0023264,U009900,2020-12-20,41,1,1,5,1,15.99,15.99
O001441,S0023264,U009900,2020-12-20,16,1,1,5,1,32.99,32.99
O001442,S0023266,U009900,2020-12-23,16,1,2,5,1,32.99,32.99
O001443,S0023277,U009905,2020-11-26,12,2,1,1,1,47.99,47.99
O001444,S0023295,U009915,2020-11-28,15,1,2,8,1,22.49,22.49
O001444,S0023295,U009915,2020-11-28,16,1,2,8,2,28.04,56.08
O001445,S0023349,U009938,2020-11-16,36,1,1,8,2,20.99,41.98
O001446,S0023359,U009943,2020-12-22,5,4,1,10,1,49.49,49.49
O001446,S0023359,U009943,2020-12-22,40,4,1,10,1,28.99,28.99
O001447,S0023423,U009974,2020-12-08,40,4,1,4,1,28.99,28.99
O001448,S0023449,U009983,2020-11-27,3,3,3,1,1,24.29,24.29
O001448,S0023449,U009983,2020-11-27,34,3,3,1,1,17.59,17.59
O001449,S0023453,U009985,2020-12-16,18,1,1,2,1,18.99,18.99
O001450,S0023503,U010005,2021-01-05,23,3,2,1,1,19.99,19.99
O001450,S0023503,U010005,2021-01-05,4,3,2,1,1,25.99,25.99
O001451,S0023511,U010006,2020-12-10,32,1,1,10,1,19.99,19.99
O001452,S0023539,U010018,2021-01-17,8,6,1,6,1,22.99,22.99
O001453,S0023550,U010023,2020-12-01,24,3,1,1,1,12.74,12.74
O001453,S0023550,U010023,2020-12-01,35,3,1,1,1,15.99,15.99
O001453,S0023550,U010023,2020-12-01,19,3,1,1,1,26.99,26.99
O001454,S0023556,U010026,2020-12-30,6,4,2,6,1,49.99,49.99
O001455,S0023571,U010031,2020-12-21,29,1,2,1,1,9.89,9.89
O001455,S0023571,U010031,2020-12-21,6,1,2,1,1,49.99,49.99
O001456,S0023597,U010039,2020-12-11,13,3,2,1,1,67.49,67.49
O001457,S0023624,U010051,2020-12-19,32,1,1,1,1,19.99,19.99
O001458,S0023631,U010054,2020-12-22,12,1,1,5,2,53.99,107.98
O001458,S0023631,U010054,2020-12-22,3,1,1,5,1,26.99,26.99
O001458,S0023631,U010054,2020-12-22,41,1,1,5,1,15.99,15.99
O001458,S0023631,U010054,2020-12-22,27,1,1,5,1,8.99,8.99
O001459,S0023655,U010065,2021-01-03,13,1,2,10,1,74.99,74.99
O001459,S0023655,U010065,2021-01-03,42,1,2,10,1,12.99,12.99
O001459,S0023655,U010065,2021-01-03,21,1,2,10,1,21.99,21.99
O001460,S0023676,U010075,2021-01-08,32,3,2,1,1,19.99,19.99
O001461,S0023685,U010078,2020-12-18,30,1,2,4,1,22.49,22.49
O001461,S0023685,U010078,2020-12-18,40,1,2,4,1,28.99,28.99
O001462,S0023693,U010082,2020-11-22,2,2,2,5,1,27.99,27.99
O001462,S0023693,U010082,2020-11-22,11,2,2,5,1,18.99,18.99
O001462,S0023693,U010082,2020-11-22,16,2,2,5,1,32.99,32.99
O001463,S0023705,U010086,2021-01-30,38,2,2,1,1,16.99,16.99
O001464,S0023732,U010097,2020-11-26,1,2,1,1,1,19.99,19.99
O001465,S0023756,U010106,2021-01-20,36,3,1,1,2,20.99,41.98
O001466,S0023771,U010113,2020-11-28,20,2,1,1,2,10.39,20.78
O001466,S0023771,U010113,2020-11-28,32,2,1,1,1,16.99,16.99
O001467,S0023813,U010129,2021-01-11,19,4,1,3,1,29.99,29.99
O001467,S0023813,U010129,2021-01-11,15,4,1,3,1,24.99,24.99
O001468,S0023829,U010138,2021-01-23,15,3,1,1,2,24.99,49.98
O001469,S0023831,U010139,2020-11-25,29,1,1,3,2,9.89,19.78
O001470,S0023841,U010142,2020-11-29,32,6,2,3,1,15.99,15.99
O001470,S0023841,U010142,2020-11-29,36,6,2,3,1,16.79,16.79
O001471,S0023855,U010149,2020-12-01,30,4,2,1,1,21.24,21.24
O001472,S0023872,U010157,2020-11-24,9,2,2,1,1,20.39,20.39
O001473,S0023875,U010158,2020-12-05,27,2,2,4,1,8.99,8.99
O001474,S0023892,U010165,2020-12-25,5,3,2,10,1,54.99,54.99
O001475,S0023914,U010172,2020-11-29,17,1,2,1,1,16.19,16.19
O001475,S0023914,U010172,2020-11-29,28,1,2,1,1,8.99,8.99
O001476,S0023918,U010174,2020-11-05,2,6,2,1,1,27.99,27.99
O001477,S0023928,U010178,2020-11-03,7,7,1,1,1,79.99,79.99
O001478,S0023929,U010179,2020-12-16,37,6,2,8,1,22.49,22.49
O001478,S0023929,U010179,2020-12-16,17,6,2,8,1,16.19,16.19
O001478,S0023929,U010179,2020-12-16,16,6,2,8,1,32.99,32.99
O001478,S0023929,U010179,2020-12-16,13,6,2,8,1,74.99,74.99
O001479,S0023960,U010194,2020-12-01,38,4,2,3,1,14.44,14.44
O001480,S0023988,U010203,2020-12-11,18,2,2,1,1,18.99,18.99
O001481,S0023995,U010206,2020-12-18,19,6,2,1,2,29.99,59.98
O001481,S0023995,U010206,2020-12-18,17,6,2,1,1,17.99,17.99
O001482,S0024010,U010212,2020-11-04,25,3,1,1,1,6.99,6.99
O001482,S0024010,U010212,2020-11-04,13,3,1,1,1,74.99,74.99
O001482,S0024010,U010212,2020-11-04,17,3,1,1,1,17.99,17.99
O001483,S0024020,U010216,2020-12-14,5,1,2,1,1,54.99,54.99
O001483,S0024020,U010216,2020-12-14,28,1,2,1,2,9.99,19.98
O001483,S0024020,U010216,2020-12-14,29,1,2,1,2,10.99,21.98
O001483,S0024020,U010216,2020-12-14,34,1,2,1,1,19.79,19.79
O001484,S0024057,U010234,2020-11-28,11,2,2,1,2,17.09,34.18
O001485,S0024063,U010238,2020-11-30,40,1,1,10,2,24.64,49.28
O001486,S0024066,U010239,2021-01-13,36,1,1,3,1,20.99,20.99
O001487,S0024079,U010244,2020-12-06,39,1,1,5,1,11.99,11.99
O001487,S0024079,U010244,2020-12-06,25,1,1,5,1,6.99,6.99
O001487,S0024079,U010244,2020-12-06,16,1,1,5,1,32.99,32.99
O001488,S0024096,U010251,2020-12-20,32,3,1,5,1,19.99,19.99
O001488,S0024096,U010251,2020-12-20,10,3,1,5,1,14.99,14.99
O001489,S0024115,U010260,2020-12-30,3,3,2,8,1,26.99,26.99
O001490,S0024143,U010274,2020-12-23,1,2,1,1,1,24.99,24.99
O001490,S0024143,U010274,2020-12-23,2,2,1,1,1,27.99,27.99
O001491,S0024154,U010277,2020-12-29,9,1,2,1,1,23.99,23.99
O001492,S0024173,U010285,2020-11-18,10,6,2,1,1,14.99,14.99
O001492,S0024173,U010285,2020-11-18,4,6,2,1,1,25.99,25.99
O001493,S0024188,U010292,2020-12-31,19,6,1,1,1,29.99,29.99
O001493,S0024188,U010292,2020-12-31,24,6,1,1,2,14.99,29.98
O001494,S0024223,U010307,2020-12-06,36,3,2,1,1,20.99,20.99
O001495,S0024267,U010324,2020-11-18,35,2,2,1,1,19.99,19.99
O001496,S0024272,U010326,2020-12-14,32,4,2,7,1,17.99,17.99
O001496,S0024272,U010326,2020-12-14,34,4,2,7,1,19.79,19.79
O001497,S0024275,U010327,2020-12-23,10,1,1,1,2,14.99,29.98
O001498,S0024287,U010334,2020-12-21,30,1,1,1,1,24.99,24.99
O001499,S0024291,U010337,2020-11-28,6,2,2,1,1,42.49,42.49
O001500,S0024351,U010368,2021-01-03,19,2,2,4,1,29.99,29.99
O001501,S0024352,U010368,2021-01-05,17,2,2,4,1,17.99,17.99
O001501,S0024352,U010368,2021-01-05,18,2,2,4,1,18.99,18.99
O001501,S0024352,U010368,2021-01-05,5,2,2,4,2,54.99,109.98
O001502,S0024357,U010371,2020-12-22,26,2,2,4,1,7.99,7.99
O001502,S0024357,U010371,2020-12-22,17,2,2,4,1,17.99,17.99
O001503,S0024358,U010371,2020-12-23,29,1,2,4,1,10.99,10.99
O001503,S0024358,U010371,2020-12-23,34,1,2,4,2,21.99,43.98
O001504,S0024367,U010375,2020-12-17,33,2,1,8,1,44.99,44.99
O001504,S0024367,U010375,2020-12-17,9,2,1,8,1,23.99,23.99
O001505,S0024380,U010380,2020-12-08,3,6,1,1,1,24.29,24.29
O001506,S0024382,U010381,2020-12-01,1,4,1,9,1,22.49,22.49
O001506,S0024382,U010381,2020-12-01,9,4,1,9,1,20.39,20.39
O001507,S0024392,U010385,2020-11-02,7,1,1,3,1,79.99,79.99
O001507,S0024392,U010385,2020-11-02,2,1,1,3,1,27.99,27.99
O001508,S0024427,U010401,2020-12-08,21,3,2,1,1,21.99,21.99
O001509,S0024428,U010402,2021-01-04,10,4,3,3,1,14.99,14.99
O001509,S0024428,U010402,2021-01-04,9,4,3,3,1,23.99,23.99
O001510,S0024458,U010417,2020-12-24,41,7,2,1,1,15.99,15.99
O001510,S0024458,U010417,2020-12-24,12,7,2,1,1,53.99,53.99
O001510,S0024458,U010417,2020-12-24,26,7,2,1,1,7.19,7.19
O001510,S0024458,U010417,2020-12-24,21,7,2,1,1,21.99,21.99
O001511,S0024464,U010419,2021-01-29,12,7,1,2,1,59.99,59.99
O001511,S0024464,U010419,2021-01-29,6,7,1,2,1,49.99,49.99
O001512,S0024480,U010424,2021-01-20,39,1,1,4,1,11.99,11.99
O001513,S0024487,U010428,2021-01-18,34,3,2,1,2,21.99,43.98
O001513,S0024487,U010428,2021-01-18,14,3,2,1,1,16.99,16.99
O001513,S0024487,U010428,2021-01-18,5,3,2,1,2,54.99,109.98
O001514,S0024501,U010434,2020-11-10,42,2,1,1,1,12.99,12.99
O001515,S0024503,U010434,2020-11-18,6,3,1,1,1,49.99,49.99
O001516,S0024516,U010439,2020-11-07,1,3,1,3,1,24.99,24.99
O001517,S0024530,U010446,2020-12-04,42,7,1,3,1,12.99,12.99
O001518,S0024531,U010446,2020-12-25,29,3,2,3,1,10.99,10.99
O001518,S0024531,U010446,2020-12-25,17,3,2,3,1,17.99,17.99
O001519,S0024538,U010449,2020-12-09,9,2,1,1,1,23.99,23.99
O001520,S0024541,U010450,2020-12-18,11,2,2,1,1,18.99,18.99
O001521,S0024550,U010453,2021-01-02,14,1,2,1,1,16.99,16.99
O001521,S0024550,U010453,2021-01-02,22,1,2,1,2,9.99,19.98
O001522,S0024579,U010467,2020-11-24,18,5,2,7,1,17.09,17.09
O001523,S0024587,U010470,2020-11-27,12,2,2,1,1,53.99,53.99
O001524,S0024601,U010474,2021-01-19,9,2,2,1,1,23.99,23.99
O001524,S0024601,U010474,2021-01-19,5,2,2,1,1,54.99,54.99
O001525,S0024603,U010475,2021-01-16,26,2,2,4,1,7.99,7.99
O001525,S0024603,U010475,2021-01-16,27,2,2,4,2,8.99,17.98
O001526,S0024634,U010489,2020-12-14,37,3,2,1,1,24.99,24.99
O001526,S0024634,U010489,2020-12-14,11,3,2,1,2,18.99,37.98
O001527,S0024637,U010490,2020-12-27,25,4,2,8,1,6.99,6.99
O001528,S0024640,U010491,2021-01-18,24,3,1,1,1,14.99,14.99
O001528,S0024640,U010491,2021-01-18,27,3,1,1,1,8.99,8.99
O001529,S0024661,U010499,2020-12-27,30,7,1,1,1,24.99,24.99
O001530,S0024664,U010500,2020-12-30,5,1,1,4,1,54.99,54.99
O001531,S0024696,U010512,2020-12-02,28,7,1,2,1,8.99,8.99
O001531,S0024696,U010512,2020-12-02,37,7,1,2,1,21.24,21.24
O001531,S0024696,U010512,2020-12-02,2,7,1,2,1,23.79,23.79
O001532,S0024703,U010516,2020-12-05,32,3,1,10,1,19.99,19.99
O001532,S0024703,U010516,2020-12-05,42,3,1,10,1,12.99,12.99
O001532,S0024703,U010516,2020-12-05,2,3,1,10,2,27.99,55.98
O001533,S0024729,U010528,2021-01-24,19,6,1,1,1,29.99,29.99
O001533,S0024729,U010528,2021-01-24,14,6,1,1,1,16.99,16.99
O001534,S0024769,U010546,2020-12-07,41,1,1,1,1,14.39,14.39
O001534,S0024769,U010546,2020-12-07,7,1,1,1,1,79.99,79.99
O001535,S0024773,U010548,2020-11-09,8,2,2,1,1,22.99,22.99
O001536,S0024779,U010549,2020-11-25,13,2,1,1,1,63.74,63.74
O001537,S0024827,U010572,2020-11-30,16,1,1,10,1,26.39,26.39
O001538,S0024838,U010576,2020-12-07,5,1,3,3,1,54.99,54.99
O001539,S0024848,U010581,2020-11-14,11,6,2,1,1,18.99,18.99
O001540,S0024892,U010601,2020-12-18,18,4,1,5,1,18.99,18.99
O001541,S0024898,U010603,2020-12-09,9,7,2,6,1,23.99,23.99
O001541,S0024898,U010603,2020-12-09,18,7,2,6,1,18.99,18.99
O001542,S0024906,U010607,2020-12-11,23,1,2,1,1,17.99,17.99
O001542,S0024906,U010607,2020-12-11,37,1,2,1,1,24.99,24.99
O001543,S0024914,U010610,2020-11-21,2,2,1,8,1,27.99,27.99
O001543,S0024914,U010610,2020-11-21,37,2,1,8,1,24.99,24.99
O001544,S0024924,U010613,2021-01-04,17,2,2,1,1,17.99,17.99
O001544,S0024924,U010613,2021-01-04,40,2,2,1,1,28.99,28.99
O001545,S0024939,U010619,2020-12-24,36,4,2,8,1,20.99,20.99
O001546,S0024956,U010625,2021-01-15,26,3,1,4,1,7.99,7.99
O001547,S0024969,U010630,2020-11-28,20,6,3,3,1,10.39,10.39
O001548,S0024971,U010632,2020-12-31,21,4,2,10,1,21.99,21.99
O001548,S0024971,U010632,2020-12-31,8,4,2,10,1,22.99,22.99
O001549,S0024972,U010632,2021-01-01,35,4,2,10,1,19.99,19.99
O001550,S0024975,U010634,2021-01-01,31,2,1,1,1,29.99,29.99
O001551,S0025009,U010651,2021-01-17,31,6,2,1,2,29.99,59.98
O001552,S0025013,U010653,2020-11-29,3,4,2,1,1,24.29,24.29
O001553,S0025027,U010660,2020-11-03,29,2,2,1,1,10.99,10.99
O001553,S0025027,U010660,2020-11-03,27,2,2,1,1,8.99,8.99
O001554,S0025033,U010661,2020-12-28,12,2,1,2,1,59.99,59.99
O001555,S0025049,U010667,2020-12-17,31,6,2,1,1,29.99,29.99
O001556,S0025058,U010671,2020-12-09,27,2,1,1,1,8.99,8.99
O001556,S0025058,U010671,2020-12-09,17,2,1,1,1,17.99,17.99
O001557,S0025061,U010672,2020-12-19,35,7,2,6,1,19.99,19.99
O001558,S0025064,U010674,2020-12-07,28,4,1,1,2,9.99,19.98
O001559,S0025113,U010691,2020-12-15,25,3,2,4,1,6.99,6.99
O001560,S0025119,U010695,2021-01-13,37,6,1,1,1,24.99,24.99
O001561,S0025154,U010710,2020-11-27,28,2,2,1,1,7.99,7.99
O001561,S0025154,U010710,2020-11-27,4,2,2,1,1,23.39,23.39
O001562,S0025176,U010721,2020-11-27,14,3,2,5,1,14.44,14.44
O001562,S0025176,U010721,2020-11-27,25,3,2,5,1,5.59,5.59
O001563,S0025188,U010726,2020-12-07,3,6,1,4,1,26.99,26.99
O001563,S0025188,U010726,2020-12-07,38,6,1,4,1,15.29,15.29
O001563,S0025188,U010726,2020-12-07,19,6,1,4,1,29.99,29.99
O001564,S0025241,U010747,2020-12-30,29,2,1,5,1,10.99,10.99
O001565,S0025286,U010767,2020-12-18,34,2,1,1,2,21.99,43.98
O001566,S0025297,U010772,2020-11-11,25,2,2,7,1,6.99,6.99
O001566,S0025297,U010772,2020-11-11,33,2,2,7,1,44.99,44.99
O001567,S0025322,U010781,2020-12-16,25,1,1,1,1,6.29,6.29
O001568,S0025323,U010782,2020-12-18,11,2,1,1,1,18.99,18.99
O001569,S0025334,U010786,2020-12-06,17,3,2,1,2,17.99,35.98
O001569,S0025334,U010786,2020-12-06,13,3,2,1,1,74.99,74.99
O001570,S0025337,U010787,2020-11-19,20,1,1,1,1,12.99,12.99
O001570,S0025337,U010787,2020-11-19,16,1,1,1,1,32.99,32.99
O001571,S0025347,U010791,2020-12-21,28,7,1,5,1,9.99,9.99
O001571,S0025347,U010791,2020-12-21,17,7,1,5,1,17.99,17.99
O001571,S0025347,U010791,2020-12-21,22,7,1,5,1,9.99,9.99
O001572,S0025361,U010797,2020-11-30,39,1,2,1,1,9.59,9.59
O001572,S0025361,U010797,2020-11-30,3,1,2,1,1,21.59,21.59
O001573,S0025371,U010801,2020-12-08,5,6,2,4,1,54.99,54.99
O001573,S0025371,U010801,2020-12-08,41,6,2,4,1,15.99,15.99
O001574,S0025380,U010803,2020-11-08,34,3,2,1,1,21.99,21.99
O001574,S0025380,U010803,2020-11-08,25,3,2,1,1,6.99,6.99
O001575,S0025393,U010810,2021-01-05,15,4,1,1,1,24.99,24.99
O001575,S0025393,U010810,2021-01-05,23,4,1,1,1,19.99,19.99
O001575,S0025393,U010810,2021-01-05,14,4,1,1,1,16.99,16.99
O001576,S0025451,U010836,2020-12-12,31,1,2,3,1,29.99,29.99
O001577,S0025470,U010842,2020-11-29,6,4,3,1,1,42.49,42.49
O001577,S0025470,U010842,2020-11-29,29,4,3,1,1,9.34,9.34
O001578,S0025475,U010845,2020-12-02,24,1,1,9,1,13.49,13.49
O001578,S0025475,U010845,2020-12-02,10,1,1,9,1,12.74,12.74
O001579,S0025486,U010849,2020-12-05,31,6,1,1,1,29.99,29.99
O001579,S0025486,U010849,2020-12-05,23,6,1,1,1,19.99,19.99
O001579,S0025486,U010849,2020-12-05,9,6,1,1,1,23.99,23.99
O001580,S0025520,U010865,2021-01-21,37,6,1,1,1,24.99,24.99
O001580,S0025520,U010865,2021-01-21,39,6,1,1,1,11.99,11.99
O001581,S0025531,U010868,2021-01-01,2,5,1,1,2,27.99,55.98
O001581,S0025531,U010868,2021-01-01,21,5,1,1,1,21.99,21.99
O001582,S0025547,U010874,2020-12-27,7,6,1,4,1,79.99,79.99
O001582,S0025547,U010874,2020-12-27,5,6,1,4,1,54.99,54.99
O001583,S0025560,U010881,2020-11-26,17,5,1,3,1,14.39,14.39
O001583,S0025560,U010881,2020-11-26,27,5,1,3,1,7.64,7.64
O001583,S0025560,U010881,2020-11-26,26,5,1,3,1,6.79,6.79
O001584,S0025564,U010882,2020-12-24,15,1,1,1,2,22.49,44.98
O001584,S0025564,U010882,2020-12-24,35,1,1,1,1,19.99,19.99
O001585,S0025602,U010898,2020-11-26,37,3,2,1,1,22.49,22.49
O001585,S0025602,U010898,2020-11-26,40,3,2,1,1,26.09,26.09
O001585,S0025602,U010898,2020-11-26,38,3,2,1,1,14.44,14.44
O001586,S0025633,U010910,2020-12-15,1,6,2,2,2,24.99,49.98
O001587,S0025647,U010914,2020-12-20,4,1,2,1,1,25.99,25.99
O001588,S0025648,U010914,2020-12-24,3,4,2,1,2,26.99,53.98
O001589,S0025663,U010919,2020-12-08,6,2,2,1,1,44.99,44.99
O001589,S0025663,U010919,2020-12-08,40,2,2,1,1,28.99,28.99
O001589,S0025663,U010919,2020-12-08,5,2,2,1,1,49.49,49.49
O001590,S0025665,U010920,2020-12-28,38,5,2,4,1,16.99,16.99
O001591,S0025671,U010923,2020-11-19,19,2,2,1,1,29.99,29.99
O001591,S0025671,U010923,2020-11-19,11,2,2,1,1,18.99,18.99
O001592,S0025711,U010942,2020-12-27,6,2,2,4,1,49.99,49.99
O001593,S0025719,U010947,2020-11-28,26,1,1,1,1,6.39,6.39
O001593,S0025719,U010947,2020-11-28,20,1,1,1,1,11.04,11.04
O001593,S0025719,U010947,2020-11-28,10,1,1,1,1,12.74,12.74
O001594,S0025744,U010960,2021-01-07,16,6,2,1,1,32.99,32.99
O001595,S0025762,U010967,2020-12-07,2,3,2,1,1,27.99,27.99
O001595,S0025762,U010967,2020-12-07,17,3,2,1,1,17.99,17.99
O001595,S0025762,U010967,2020-12-07,25,3,2,1,1,6.99,6.99
O001596,S0025770,U010971,2020-11-26,37,3,2,2,1,19.99,19.99
O001596,S0025770,U010971,2020-11-26,36,3,2,2,1,17.84,17.84
O001597,S0025773,U010972,2020-12-08,37,2,1,9,1,24.99,24.99
O001598,S0025785,U010978,2020-11-23,35,3,1,10,1,19.99,19.99
O001598,S0025785,U010978,2020-11-23,19,3,1,10,1,29.99,29.99
O001599,S0025792,U010982,2020-12-21,28,6,3,1,1,9.99,9.99
O001600,S0025805,U010987,2020-12-15,36,2,1,1,1,18.89,18.89
O001601,S0025809,U010988,2021-01-11,41,2,2,5,1,15.99,15.99
O001602,S0025820,U010992,2020-11-24,40,3,1,1,1,26.09,26.09
O001603,S0025848,U011004,2020-11-18,16,2,2,3,1,32.99,32.99
O001604,S0025868,U011013,2021-01-24,1,3,2,7,1,24.99,24.99
O001604,S0025868,U011013,2021-01-24,26,3,2,7,1,7.99,7.99
O001605,S0025889,U011027,2020-12-12,10,1,2,1,1,13.49,13.49
O001605,S0025889,U011027,2020-12-12,22,1,2,1,1,9.99,9.99
O001606,S0025920,U011039,2020-11-19,39,2,1,1,1,11.99,11.99
O001606,S0025920,U011039,2020-11-19,36,2,1,1,1,20.99,20.99
O001607,S0025942,U011048,2020-12-10,25,6,1,1,1,6.29,6.29
O001607,S0025942,U011048,2020-12-10,34,6,1,1,2,21.99,43.98
O001608,S0025979,U011064,2021-01-17,32,2,1,1,1,19.99,19.99
O001609,S0025989,U011068,2020-11-22,5,3,1,10,1,54.99,54.99
O001610,S0026000,U011072,2020-11-22,8,2,1,1,1,22.99,22.99
O001610,S0026000,U011072,2020-11-22,19,2,1,1,1,29.99,29.99
O001611,S0026015,U011075,2021-01-31,29,5,1,1,1,10.99,10.99
O001611,S0026015,U011075,2021-01-31,14,5,1,1,2,16.99,33.98
O001612,S0026026,U011080,2020-12-28,31,1,1,1,1,29.99,29.99
O001613,S0026030,U011081,2020-11-24,8,1,1,3,1,18.39,18.39
O001614,S0026033,U011082,2020-12-20,8,7,2,3,1,22.99,22.99
O001614,S0026033,U011082,2020-12-20,27,7,2,3,2,8.99,17.98
O001615,S0026034,U011082,2020-12-21,24,6,2,3,1,14.99,14.99
O001615,S0026034,U011082,2020-12-21,34,6,2,3,1,21.99,21.99
O001616,S0026041,U011087,2020-12-08,36,3,3,1,2,20.99,41.98
O001617,S0026052,U011094,2020-11-22,40,6,1,3,1,28.99,28.99
O001618,S0026071,U011102,2020-12-16,15,3,1,1,1,22.49,22.49
O001618,S0026071,U011102,2020-12-16,20,3,1,1,1,12.99,12.99
O001619,S0026101,U011113,2020-12-20,36,3,1,2,1,20.99,20.99
O001619,S0026101,U011113,2020-12-20,26,3,1,2,2,7.99,15.98
O001620,S0026105,U011114,2020-12-20,22,2,1,5,1,8.99,8.99
O001620,S0026105,U011114,2020-12-20,17,2,1,5,1,17.99,17.99
O001621,S0026128,U011123,2021-01-24,24,3,2,1,1,14.99,14.99
O001622,S0026140,U011128,2020-12-04,18,2,1,1,1,18.99,18.99
O001622,S0026140,U011128,2020-12-04,42,2,1,1,1,12.99,12.99
O001623,S0026149,U011131,2020-12-13,23,4,2,7,1,19.99,19.99
O001624,S0026153,U011132,2020-12-08,25,3,3,4,2,6.29,12.58
O001625,S0026176,U011138,2020-12-25,13,2,3,6,1,74.99,74.99
O001625,S0026176,U011138,2020-12-25,1,2,3,6,1,24.99,24.99
O001625,S0026176,U011138,2020-12-25,5,2,3,6,1,49.49,49.49
O001626,S0026245,U011167,2020-12-28,17,3,1,8,1,17.99,17.99
O001626,S0026245,U011167,2020-12-28,2,3,1,8,1,27.99,27.99
O001627,S0026256,U011172,2020-12-13,39,1,1,1,1,11.99,11.99
O001627,S0026256,U011172,2020-12-13,27,1,1,1,2,8.99,17.98
O001627,S0026256,U011172,2020-12-13,6,1,1,1,1,44.99,44.99
O001628,S0026292,U011186,2020-12-24,18,1,2,1,1,18.99,18.99
O001628,S0026292,U011186,2020-12-24,36,1,2,1,1,20.99,20.99
O001628,S0026292,U011186,2020-12-24,40,1,2,1,1,28.99,28.99
O001629,S0026315,U011197,2020-12-06,32,2,1,1,1,19.99,19.99
O001629,S0026315,U011197,2020-12-06,4,2,1,1,1,25.99,25.99
O001630,S0026325,U011202,2020-11-18,28,1,2,9,1,9.99,9.99
O001630,S0026325,U011202,2020-11-18,12,1,2,9,1,59.99,59.99
O001630,S0026325,U011202,2020-11-18,25,1,2,9,1,6.99,6.99
O001630,S0026325,U011202,2020-11-18,38,1,2,9,1,16.99,16.99
O001631,S0026328,U011204,2020-12-23,34,2,2,5,1,21.99,21.99
O001631,S0026328,U011204,2020-12-23,31,2,2,5,1,29.99,29.99
O001632,S0026338,U011207,2020-12-14,40,1,2,1,1,28.99,28.99
O001632,S0026338,U011207,2020-12-14,18,1,2,1,1,18.99,18.99
O001633,S0026343,U011209,2021-01-22,23,6,1,1,1,19.99,19.99
O001633,S0026343,U011209,2021-01-22,14,6,1,1,1,16.99,16.99
O001634,S0026378,U011227,2020-11-29,13,3,1,5,1,67.49,67.49
O001634,S0026378,U011227,2020-11-29,16,3,1,5,1,28.04,28.04
O001635,S0026389,U011231,2020-11-29,24,1,2,10,1,12.74,12.74
O001635,S0026389,U011231,2020-11-29,2,1,2,10,1,22.39,22.39
O001636,S0026416,U011242,2020-11-19,13,3,1,1,1,74.99,74.99
O001637,S0026426,U011247,2020-12-10,36,3,2,1,1,20.99,20.99
O001637,S0026426,U011247,2020-12-10,20,3,2,1,2,11.69,23.38
O001638,S0026450,U011262,2020-12-04,28,4,2,6,1,9.99,9.99
O001638,S0026450,U011262,2020-12-04,1,4,2,6,1,24.99,24.99
O001638,S0026450,U011262,2020-12-04,13,4,2,6,1,74.99,74.99
O001638,S0026450,U011262,2020-12-04,40,4,2,6,1,28.99,28.99
O001639,S0026454,U011264,2020-11-19,30,2,2,5,1,24.99,24.99
O001639,S0026454,U011264,2020-11-19,27,2,2,5,1,8.99,8.99
O001640,S0026455,U011265,2020-12-19,40,2,2,4,1,28.99,28.99
O001640,S0026455,U011265,2020-12-19,25,2,2,4,1,6.99,6.99
O001640,S0026455,U011265,2020-12-19,15,2,2,4,1,24.99,24.99
O001641,S0026476,U011273,2021-01-13,33,1,1,1,2,44.99,89.98
O001642,S0026481,U011275,2020-12-06,31,3,2,1,1,26.99,26.99
O001643,S0026505,U011284,2020-12-18,1,3,2,1,1,22.49,22.49
O001644,S0026515,U011291,2020-12-05,41,1,1,9,2,15.99,31.98
O001645,S0026517,U011291,2020-12-09,26,1,1,9,1,7.19,7.19
O001645,S0026517,U011291,2020-12-09,23,1,1,9,1,17.99,17.99
O001646,S0026531,U011297,2020-12-28,39,2,1,4,1,11.99,11.99
O001647,S0026540,U011301,2020-12-16,11,3,1,3,1,18.99,18.99
O001648,S0026542,U011302,2020-12-12,35,1,3,1,1,19.99,19.99
O001648,S0026542,U011302,2020-12-12,3,1,3,1,2,26.99,53.98
O001649,S0026545,U011305,2021-01-01,5,2,2,1,1,54.99,54.99
O001650,S0026546,U011306,2020-12-19,16,2,2,1,1,32.99,32.99
O001651,S0026549,U011307,2021-01-08,18,1,1,1,1,18.99,18.99
O001652,S0026554,U011308,2020-12-03,33,3,2,1,1,35.99,35.99
O001653,S0026562,U011311,2020-12-18,4,2,2,1,1,25.99,25.99
O001654,S0026596,U011324,2021-01-09,18,2,2,4,1,18.99,18.99
O001655,S0026605,U011329,2020-12-16,35,2,2,5,1,19.99,19.99
O001656,S0026645,U011348,2020-12-01,15,3,1,1,1,22.49,22.49
O001657,S0026665,U011353,2020-12-13,8,2,1,1,2,20.69,41.38
O001657,S0026665,U011353,2020-12-13,42,2,1,1,1,11.69,11.69
O001658,S0026671,U011356,2020-11-27,9,3,1,7,1,21.59,21.59
O001658,S0026671,U011356,2020-11-27,1,3,1,7,1,21.24,21.24
O001658,S0026671,U011356,2020-11-27,3,3,1,7,1,22.94,22.94
O001659,S0026686,U011364,2020-12-03,36,1,2,4,2,18.89,37.78
O001659,S0026686,U011364,2020-12-03,27,1,2,4,1,7.19,7.19
O001659,S0026686,U011364,2020-12-03,15,1,2,4,1,21.24,21.24
O001660,S0026695,U011367,2020-12-15,17,4,1,7,1,17.99,17.99
O001661,S0026706,U011373,2021-01-24,32,1,1,2,1,19.99,19.99
O001662,S0026713,U011376,2020-12-14,22,2,1,1,1,9.99,9.99
O001663,S0026759,U011393,2021-01-12,1,2,2,1,1,24.99,24.99
O001663,S0026759,U011393,2021-01-12,8,2,2,1,1,22.99,22.99
O001664,S0026770,U011399,2020-12-27,41,3,2,7,2,15.99,31.98
O001665,S0026811,U011415,2020-11-15,1,6,1,6,1,24.99,24.99
O001666,S0026814,U011415,2020-11-23,1,1,1,6,1,24.99,24.99
O001667,S0026833,U011423,2020-11-08,42,1,2,4,1,12.99,12.99
O001667,S0026833,U011423,2020-11-08,16,1,2,4,1,32.99,32.99
O001668,S0026852,U011432,2020-12-16,7,2,2,7,1,79.99,79.99
O001669,S0026872,U011443,2021-01-25,41,2,2,1,1,15.99,15.99
O001669,S0026872,U011443,2021-01-25,11,2,2,1,1,18.99,18.99
O001669,S0026872,U011443,2021-01-25,6,2,2,1,2,49.99,99.98
O001670,S0026873,U011443,2021-01-28,28,3,2,1,1,9.99,9.99
O001671,S0026878,U011445,2020-12-02,12,1,2,4,1,50.99,50.99
O001672,S0026901,U011455,2020-12-31,16,1,1,1,1,32.99,32.99
O001672,S0026901,U011455,2020-12-31,12,1,1,1,2,59.99,119.98
O001673,S0026934,U011470,2020-12-07,22,6,2,1,1,9.99,9.99
O001673,S0026934,U011470,2020-12-07,12,6,2,1,1,59.99,59.99
O001673,S0026934,U011470,2020-12-07,41,6,2,1,1,15.99,15.99
O001674,S0026941,U011473,2020-12-18,12,2,3,8,1,59.99,59.99
O001675,S0026942,U011474,2020-12-28,9,2,1,2,1,23.99,23.99
O001676,S0026961,U011482,2020-12-11,19,2,2,9,1,29.99,29.99
O001676,S0026961,U011482,2020-12-11,5,2,2,9,1,54.99,54.99
O001677,S0026964,U011483,2020-11-23,15,3,2,8,2,24.99,49.98
O001678,S0026973,U011486,2020-12-16,36,2,3,1,1,18.89,18.89
O001679,S0027001,U011501,2020-11-19,40,6,2,1,1,28.99,28.99
O001679,S0027001,U011501,2020-11-19,26,6,2,1,1,7.99,7.99
O001679,S0027001,U011501,2020-11-19,22,6,2,1,1,9.99,9.99
O001680,S0027008,U011504,2020-12-17,17,1,1,1,1,17.99,17.99
O001681,S0027013,U011505,2020-12-13,25,6,2,1,1,6.99,6.99
O001682,S0027038,U011516,2020-12-02,12,1,2,8,1,47.99,47.99
O001683,S0027040,U011516,2020-12-14,27,3,1,8,1,8.99,8.99
O001683,S0027040,U011516,2020-12-14,30,3,1,8,1,24.99,24.99
O001684,S0027046,U011518,2020-11-27,27,1,1,1,1,7.64,7.64
O001685,S0027058,U011522,2020-12-01,17,2,1,1,1,15.29,15.29
O001685,S0027058,U011522,2020-12-01,5,2,1,1,2,46.74,93.48
O001686,S0027067,U011526,2020-12-13,11,2,2,4,1,18.99,18.99
O001687,S0027089,U011533,2020-12-29,21,1,1,1,1,21.99,21.99
O001687,S0027089,U011533,2020-12-29,5,1,1,1,2,54.99,109.98
O001688,S0027098,U011537,2020-12-01,1,3,1,1,1,19.99,19.99
O001689,S0027103,U011540,2020-11-22,31,1,1,1,1,29.99,29.99
O001690,S0027110,U011545,2021-01-10,29,4,1,1,1,10.99,10.99
O001691,S0027116,U011547,2020-12-01,27,7,2,1,1,7.19,7.19
O001692,S0027138,U011560,2020-12-08,26,3,2,1,1,7.99,7.99
O001693,S0027149,U011564,2020-11-23,28,1,1,1,1,9.99,9.99
O001693,S0027149,U011564,2020-11-23,18,1,1,1,1,18.99,18.99
O001694,S0027172,U011576,2020-11-16,16,2,1,2,1,32.99,32.99
O001694,S0027172,U011576,2020-11-16,26,2,1,2,1,7.99,7.99
O001695,S0027205,U011586,2020-12-19,34,5,2,8,1,21.99,21.99
O001696,S0027214,U011590,2020-11-22,10,1,2,1,2,14.99,29.98
O001697,S0027217,U011592,2021-01-26,22,3,1,1,1,9.99,9.99
O001698,S0027220,U011593,2021-01-15,2,3,3,4,2,27.99,55.98
O001699,S0027234,U011597,2020-12-06,18,1,2,1,1,18.99,18.99
O001699,S0027234,U011597,2020-12-06,12,1,2,1,2,59.99,119.98
O001700,S0027247,U011603,2020-11-14,21,3,1,8,1,21.99,21.99
O001701,S0027250,U011604,2020-12-18,34,1,2,5,1,21.99,21.99
O001702,S0027262,U011610,2021-01-30,37,2,2,1,1,24.99,24.99
O001702,S0027262,U011610,2021-01-30,36,2,2,1,1,20.99,20.99
O001703,S0027319,U011633,2021-01-21,19,1,1,10,1,29.99,29.99
O001704,S0027320,U011633,2021-01-22,36,1,1,10,1,20.99,20.99
O001704,S0027320,U011633,2021-01-22,32,1,1,10,1,19.99,19.99
O001705,S0027340,U011640,2021-01-05,40,3,1,1,1,28.99,28.99
O001706,S0027358,U011644,2021-01-23,18,6,1,8,2,18.99,37.98
O001707,S0027416,U011669,2020-11-28,19,2,2,4,1,25.49,25.49
O001707,S0027416,U011669,2020-11-28,42,2,2,4,2,11.69,23.38
O001708,S0027457,U011684,2020-12-05,5,7,2,1,1,54.99,54.99
O001709,S0027487,U011694,2020-12-19,3,3,2,1,1,26.99,26.99
O001710,S0027508,U011704,2020-11-11,5,7,2,3,1,54.99,54.99
O001710,S0027508,U011704,2020-11-11,9,7,2,3,1,23.99,23.99
O001711,S0027590,U011742,2020-12-09,36,4,1,1,1,20.99,20.99
O001712,S0027607,U011748,2020-12-18,21,1,2,1,1,21.99,21.99
O001713,S0027640,U011763,2020-12-02,1,7,1,1,1,19.99,19.99
O001713,S0027640,U011763,2020-12-02,41,7,1,1,1,12.79,12.79
O001714,S0027649,U011766,2020-12-17,22,2,2,3,1,9.99,9.99
O001714,S0027649,U011766,2020-12-17,29,2,2,3,2,10.99,21.98
O001714,S0027649,U011766,2020-12-17,17,2,2,3,1,17.99,17.99
O001715,S0027698,U011788,2020-12-08,2,3,1,2,1,27.99,27.99
O001716,S0027720,U011796,2021-01-07,27,3,1,1,1,8.99,8.99
O001716,S0027720,U011796,2021-01-07,5,3,1,1,1,54.99,54.99
O001716,S0027720,U011796,2021-01-07,36,3,1,1,1,20.99,20.99
O001717,S0027732,U011801,2020-12-18,5,3,2,1,1,54.99,54.99
O001718,S0027746,U011807,2020-12-20,15,5,1,1,1,24.99,24.99
O001719,S0027754,U011810,2020-11-28,32,4,1,4,1,17.99,17.99
O001719,S0027754,U011810,2020-11-28,38,4,1,4,2,13.59,27.18
O001720,S0027793,U011826,2020-12-14,37,2,2,2,1,22.49,22.49
O001720,S0027793,U011826,2020-12-14,15,2,2,2,1,24.99,24.99
O001721,S0027799,U011829,2020-11-20,31,6,2,1,1,29.99,29.99
O001722,S0027808,U011833,2021-01-04,5,2,2,1,1,54.99,54.99
O001722,S0027808,U011833,2021-01-04,12,2,2,1,1,59.99,59.99
O001723,S0027816,U011836,2020-12-05,39,1,1,1,1,11.99,11.99
O001723,S0027816,U011836,2020-12-05,35,1,1,1,2,19.99,39.98
O001723,S0027816,U011836,2020-12-05,40,1,1,1,1,28.99,28.99
O001724,S0027850,U011850,2020-12-16,28,1,2,1,1,9.99,9.99
O001725,S0027857,U011854,2020-11-16,10,2,1,3,1,14.99,14.99
O001725,S0027857,U011854,2020-11-16,30,2,1,3,1,24.99,24.99
O001725,S0027857,U011854,2020-11-16,14,2,1,3,1,16.99,16.99
O001726,S0027871,U011860,2020-12-02,37,6,1,3,1,22.49,22.49
O001727,S0027872,U011860,2020-12-04,30,6,1,3,1,24.99,24.99
O001727,S0027872,U011860,2020-12-04,29,6,1,3,2,10.99,21.98
O001727,S0027872,U011860,2020-12-04,16,6,1,3,1,32.99,32.99
O001728,S0027881,U011864,2020-12-09,16,3,1,1,1,32.99,32.99
O001728,S0027881,U011864,2020-12-09,27,3,1,1,1,8.09,8.09
O001729,S0027902,U011870,2020-11-30,28,1,1,10,1,8.99,8.99
O001729,S0027902,U011870,2020-11-30,17,1,1,10,1,15.29,15.29
O001730,S0027907,U011872,2020-12-01,5,6,1,1,1,43.99,43.99
O001730,S0027907,U011872,2020-12-01,3,6,1,1,1,24.29,24.29
O001731,S0027935,U011884,2020-12-07,15,6,2,7,2,22.49,44.98
O001732,S0027945,U011889,2020-12-02,4,3,2,1,1,23.39,23.39
O001732,S0027945,U011889,2020-12-02,1,3,2,1,1,21.24,21.24
O001732,S0027945,U011889,2020-12-02,41,3,2,1,1,13.59,13.59
O001733,S0027957,U011895,2021-01-11,21,1,1,5,1,21.99,21.99
O001733,S0027957,U011895,2021-01-11,20,1,1,5,1,12.99,12.99
O001734,S0027981,U011902,2020-11-04,27,3,2,1,1,8.99,8.99
O001734,S0027981,U011902,2020-11-04,17,3,2,1,1,17.99,17.99
O001735,S0027997,U011906,2020-12-07,30,2,1,3,1,24.99,24.99
O001735,S0027997,U011906,2020-12-07,20,2,1,3,1,12.99,12.99
O001736,S0028015,U011915,2021-01-29,12,4,2,1,1,59.99,59.99
O001737,S0028034,U011922,2021-01-04,2,2,2,1,1,27.99,27.99
O001738,S0028043,U011925,2020-11-12,23,4,1,7,1,19.99,19.99
O001739,S0028064,U011935,2020-12-12,39,2,2,1,1,11.99,11.99
O001739,S0028064,U011935,2020-12-12,36,2,2,1,1,20.99,20.99
O001740,S0028089,U011943,2020-12-19,37,1,2,1,1,24.99,24.99
O001741,S0028091,U011944,2020-11-21,26,6,3,1,1,7.99,7.99
O001741,S0028091,U011944,2020-11-21,25,6,3,1,1,6.99,6.99
O001742,S0028103,U011950,2020-12-17,11,3,1,1,2,18.99,37.98
O001743,S0028118,U011957,2020-12-16,18,6,1,1,1,17.09,17.09
O001743,S0028118,U011957,2020-12-16,10,6,1,1,1,14.99,14.99
O001744,S0028141,U011963,2020-12-05,15,2,2,1,1,24.99,24.99
O001744,S0028141,U011963,2020-12-05,42,2,2,1,1,12.99,12.99
O001745,S0028143,U011965,2020-12-21,41,6,2,1,1,15.99,15.99
O001745,S0028143,U011965,2020-12-21,32,6,2,1,1,19.99,19.99
O001746,S0028146,U011965,2020-12-26,35,4,2,1,1,19.99,19.99
O001747,S0028147,U011966,2020-11-26,6,1,1,3,2,42.49,84.98
O001747,S0028147,U011966,2020-11-26,3,1,1,3,1,22.94,22.94
O001748,S0028149,U011966,2020-11-29,36,6,1,3,1,17.84,17.84
O001749,S0028195,U011985,2021-01-17,36,3,2,2,1,20.99,20.99
O001750,S0028196,U011986,2020-11-05,36,2,1,1,1,20.99,20.99
O001750,S0028196,U011986,2020-11-05,41,2,1,1,1,15.99,15.99
O001750,S0028196,U011986,2020-11-05,21,2,1,1,1,21.99,21.99
O001751,S0028232,U012002,2020-12-21,3,7,3,1,1,26.99,26.99
O001751,S0028232,U012002,2020-12-21,14,7,3,1,1,16.99,16.99
O001751,S0028232,U012002,2020-12-21,32,7,3,1,1,19.99,19.99
O001751,S0028232,U012002,2020-12-21,40,7,3,1,1,26.09,26.09
O001752,S0028250,U012011,2020-11-21,5,1,2,1,1,54.99,54.99
O001753,S0028258,U012014,2020-11-28,20,3,2,1,1,11.04,11.04
O001754,S0028260,U012015,2020-12-19,25,1,3,3,1,6.99,6.99
O001755,S0028271,U012020,2020-12-14,38,2,2,1,1,15.29,15.29
O001755,S0028271,U012020,2020-12-14,17,2,2,1,1,16.19,16.19
O001756,S0028276,U012021,2021-01-04,22,3,1,1,1,9.99,9.99
O001756,S0028276,U012021,2021-01-04,35,3,1,1,1,19.99,19.99
O001756,S0028276,U012021,2021-01-04,17,3,1,1,1,17.99,17.99
O001757,S0028298,U012031,2020-11-24,4,2,1,1,2,20.79,41.58
O001758,S0028305,U012033,2020-12-26,32,3,2,1,1,19.99,19.99
O001759,S0028317,U012038,2020-11-28,22,6,2,6,1,8.99,8.99
O001760,S0028319,U012039,2021-01-15,1,2,1,2,1,24.99,24.99
O001761,S0028333,U012043,2021-01-04,3,1,1,2,1,26.99,26.99
O001761,S0028333,U012043,2021-01-04,39,1,1,2,1,11.99,11.99
O001762,S0028416,U012082,2020-11-27,2,2,2,5,1,23.79,23.79
O001763,S0028436,U012089,2020-12-21,7,6,2,1,1,71.99,71.99
O001763,S0028436,U012089,2020-12-21,10,6,2,1,1,14.99,14.99
O001764,S0028438,U012089,2020-12-24,15,6,1,1,1,24.99,24.99
O001765,S0028449,U012093,2020-11-12,23,3,2,1,2,19.99,39.98
O001766,S0028456,U012096,2020-11-27,20,6,2,1,1,10.39,10.39
O001766,S0028456,U012096,2020-11-27,38,6,2,1,1,14.44,14.44
O001767,S0028457,U012096,2020-12-01,15,4,2,1,2,21.24,42.48
O001767,S0028457,U012096,2020-12-01,37,4,2,1,1,22.49,22.49
O001767,S0028457,U012096,2020-12-01,16,4,2,1,2,29.69,59.38
O001768,S0028458,U012096,2020-12-05,16,1,2,1,1,32.99,32.99
O001769,S0028467,U012101,2020-12-29,11,2,2,10,1,18.99,18.99
O001770,S0028515,U012120,2020-11-29,41,1,2,1,1,13.59,13.59
O001770,S0028515,U012120,2020-11-29,31,1,2,1,1,26.99,26.99
O001771,S0028516,U012120,2020-11-30,12,3,2,1,1,53.99,53.99
O001772,S0028527,U012124,2021-01-08,42,1,1,10,1,12.99,12.99
O001773,S0028533,U012126,2021-01-11,26,1,1,5,1,7.99,7.99
O001773,S0028533,U012126,2021-01-11,41,1,1,5,2,15.99,31.98
O001774,S0028541,U012130,2020-12-12,41,2,1,1,1,15.99,15.99
O001775,S0028567,U012143,2020-11-18,30,3,2,1,1,24.99,24.99
O001776,S0028575,U012145,2020-12-30,17,3,2,1,2,17.99,35.98
O001776,S0028575,U012145,2020-12-30,7,3,2,1,1,79.99,79.99
O001777,S0028588,U012149,2021-01-15,20,3,1,4,1,12.99,12.99
O001778,S0028613,U012161,2020-12-01,33,4,2,1,1,38.24,38.24
O001779,S0028636,U012173,2020-12-21,12,2,2,8,1,59.99,59.99
O001780,S0028677,U012190,2020-12-10,33,1,1,4,1,40.49,40.49
O001780,S0028677,U012190,2020-12-10,6,1,1,4,1,49.99,49.99
O001781,S0028722,U012211,2020-12-06,17,2,2,1,1,16.19,16.19
O001781,S0028722,U012211,2020-12-06,22,2,2,1,1,9.99,9.99
O001782,S0028728,U012214,2020-12-07,18,4,2,1,2,18.99,37.98
O001783,S0028736,U012217,2020-12-04,20,1,2,1,1,12.99,12.99
O001784,S0028749,U012221,2021-01-03,17,3,2,1,1,17.99,17.99
O001784,S0028749,U012221,2021-01-03,15,3,2,1,1,24.99,24.99
O001784,S0028749,U012221,2021-01-03,25,3,2,1,1,6.99,6.99
O001785,S0028758,U012225,2020-12-12,31,4,2,1,1,29.99,29.99
O001786,S0028764,U012227,2020-11-28,23,2,2,7,1,16.99,16.99
O001787,S0028772,U012229,2020-12-05,37,1,2,1,1,24.99,24.99
O001788,S0028796,U012241,2021-01-09,2,2,1,2,1,27.99,27.99
O001788,S0028796,U012241,2021-01-09,17,2,1,2,1,17.99,17.99
O001789,S0028814,U012250,2020-11-24,9,1,2,5,1,21.59,21.59
O001789,S0028814,U012250,2020-11-24,36,1,2,5,1,18.89,18.89
O001790,S0028830,U012258,2020-11-21,23,1,2,3,1,19.99,19.99
O001791,S0028834,U012259,2020-12-01,35,3,1,2,1,16.99,16.99
O001792,S0028849,U012265,2021-01-26,17,4,2,1,1,17.99,17.99
O001792,S0028849,U012265,2021-01-26,10,4,2,1,1,14.99,14.99
O001793,S0028881,U012277,2021-01-01,4,3,2,4,1,25.99,25.99
O001794,S0028884,U012280,2021-01-17,31,2,2,3,1,29.99,29.99
O001794,S0028884,U012280,2021-01-17,2,2,2,3,1,27.99,27.99
O001795,S0028887,U012282,2020-11-18,10,3,2,4,1,14.99,14.99
O001796,S0028896,U012284,2020-12-11,31,2,2,1,1,29.99,29.99
O001796,S0028896,U012284,2020-12-11,42,2,2,1,1,12.99,12.99
O001797,S0028916,U012295,2020-11-11,41,4,1,4,1,15.99,15.99
O001798,S0028923,U012297,2020-11-21,33,4,2,1,1,44.99,44.99
O001799,S0028933,U012301,2021-01-25,23,3,1,1,1,19.99,19.99
O001799,S0028933,U012301,2021-01-25,14,3,1,1,2,16.99,33.98
O001799,S0028933,U012301,2021-01-25,5,3,1,1,2,54.99,109.98
O001799,S0028933,U012301,2021-01-25,30,3,1,1,1,24.99,24.99
O001800,S0028948,U012308,2020-11-23,28,1,3,8,1,9.99,9.99
O001801,S0028951,U012309,2020-12-26,10,2,2,1,1,13.49,13.49
O001802,S0028978,U012321,2020-12-03,36,3,1,1,1,16.79,16.79
O001802,S0028978,U012321,2020-12-03,42,3,1,1,1,11.69,11.69
O001803,S0028980,U012323,2020-11-29,34,6,2,1,1,18.69,18.69
O001803,S0028980,U012323,2020-11-29,30,6,2,1,1,22.49,22.49
O001804,S0028996,U012330,2021-01-07,15,1,2,1,1,24.99,24.99
O001805,S0029012,U012339,2021-01-04,1,1,2,10,1,24.99,24.99
O001805,S0029012,U012339,2021-01-04,9,1,2,10,1,23.99,23.99
O001806,S0029050,U012354,2020-12-26,36,1,2,8,1,18.89,18.89
O001807,S0029083,U012368,2020-12-31,29,2,2,1,1,10.99,10.99
O001808,S0029105,U012376,2020-11-28,13,3,1,1,2,59.99,119.98
O001809,S0029140,U012395,2020-11-06,19,1,1,9,2,29.99,59.98
O001809,S0029140,U012395,2020-11-06,22,1,1,9,1,9.99,9.99
O001810,S0029165,U012407,2020-11-22,25,3,2,1,1,6.99,6.99
O001811,S0029179,U012412,2020-12-09,22,3,2,1,1,9.99,9.99
O001811,S0029179,U012412,2020-12-09,32,3,2,1,2,19.99,39.98
O001812,S0029182,U012413,2020-12-30,8,5,2,1,1,22.99,22.99
O001812,S0029182,U012413,2020-12-30,16,5,2,1,1,32.99,32.99
O001813,S0029198,U012421,2021-01-27,33,3,1,1,1,44.99,44.99
O001814,S0029209,U012426,2020-11-29,41,3,1,1,1,12.79,12.79
O001815,S0029219,U012430,2020-11-09,10,1,3,5,2,14.99,29.98
O001815,S0029219,U012430,2020-11-09,27,1,3,5,2,8.99,17.98
O001816,S0029225,U012432,2020-12-18,15,3,2,5,1,22.49,22.49
O001817,S0029245,U012441,2021-01-10,2,2,1,1,1,27.99,27.99
O001818,S0029250,U012443,2020-12-15,6,1,2,1,1,49.99,49.99
O001819,S0029274,U012454,2020-12-11,9,2,2,8,1,23.99,23.99
O001820,S0029306,U012467,2020-12-18,1,6,1,1,1,24.99,24.99
O001821,S0029345,U012480,2020-12-06,23,4,1,1,1,17.99,17.99
O001821,S0029345,U012480,2020-12-06,10,4,1,1,1,14.99,14.99
O001822,S0029359,U012485,2020-11-28,12,2,1,1,1,53.99,53.99
O001823,S0029365,U012489,2020-12-26,6,2,2,7,1,49.99,49.99
O001823,S0029365,U012489,2020-12-26,33,2,2,7,1,44.99,44.99
O001823,S0029365,U012489,2020-12-26,12,2,2,7,2,53.99,107.98
O001823,S0029365,U012489,2020-12-26,5,2,2,7,1,54.99,54.99
O001824,S0029380,U012496,2021-01-03,35,5,2,1,1,19.99,19.99
O001825,S0029399,U012504,2020-12-27,37,4,2,1,1,24.99,24.99
O001826,S0029415,U012513,2020-12-19,14,2,1,1,1,16.99,16.99
O001827,S0029457,U012535,2020-11-24,25,2,2,10,2,6.29,12.58
O001828,S0029472,U012541,2021-01-02,29,3,1,4,1,10.99,10.99
O001828,S0029472,U012541,2021-01-02,16,3,1,4,2,32.99,65.98
O001829,S0029479,U012544,2020-11-09,17,4,2,2,1,17.99,17.99
O001830,S0029514,U012561,2020-12-24,28,4,2,1,1,9.99,9.99
O001831,S0029520,U012563,2020-11-16,42,2,2,2,1,12.99,12.99
O001831,S0029520,U012563,2020-11-16,28,2,2,2,1,9.99,9.99
O001832,S0029524,U012565,2020-11-29,1,2,2,1,2,21.24,42.48
O001833,S0029556,U012582,2020-11-29,7,6,1,2,1,63.99,63.99
O001833,S0029556,U012582,2020-11-29,11,6,1,2,2,17.09,34.18
O001833,S0029556,U012582,2020-11-29,25,6,1,2,1,6.29,6.29
O001834,S0029558,U012582,2020-12-12,29,1,1,2,1,10.99,10.99
O001835,S0029565,U012584,2020-11-26,2,3,1,1,1,23.79,23.79
O001835,S0029565,U012584,2020-11-26,20,3,1,1,1,11.04,11.04
O001836,S0029576,U012589,2020-12-30,25,1,2,2,1,6.99,6.99
O001836,S0029576,U012589,2020-12-30,18,1,2,2,1,18.99,18.99
O001836,S0029576,U012589,2020-12-30,40,1,2,2,1,28.99,28.99
O001836,S0029576,U012589,2020-12-30,22,1,2,2,1,9.99,9.99
O001837,S0029582,U012592,2020-12-03,24,1,2,1,1,12.74,12.74
O001838,S0029585,U012592,2020-12-16,25,1,2,1,2,6.99,13.98
O001839,S0029588,U012594,2020-12-08,25,2,1,1,1,6.99,6.99
O001840,S0029599,U012599,2020-12-05,9,7,1,2,1,23.99,23.99
O001841,S0029646,U012620,2020-11-27,25,3,1,6,1,5.94,5.94
O001842,S0029661,U012626,2020-12-04,34,2,1,1,1,21.99,21.99
O001843,S0029674,U012636,2020-11-27,35,4,1,3,1,15.99,15.99
O001843,S0029674,U012636,2020-11-27,16,4,1,3,1,26.39,26.39
O001844,S0029677,U012638,2020-12-13,10,6,1,3,1,14.99,14.99
O001845,S0029685,U012642,2020-12-08,15,2,1,7,1,24.99,24.99
O001846,S0029686,U012642,2020-12-09,5,2,2,7,1,54.99,54.99
O001846,S0029686,U012642,2020-12-09,17,2,2,7,1,17.99,17.99
O001847,S0029709,U012650,2020-11-29,41,3,1,4,1,13.59,13.59
O001848,S0029752,U012669,2020-11-15,11,1,1,1,1,18.99,18.99
O001849,S0029754,U012669,2020-11-24,3,2,1,1,1,21.59,21.59
O001849,S0029754,U012669,2020-11-24,38,2,1,1,1,14.44,14.44
O001849,S0029754,U012669,2020-11-24,36,2,1,1,1,18.89,18.89
O001850,S0029768,U012673,2020-12-08,38,4,1,4,1,16.99,16.99
O001851,S0029769,U012674,2020-12-10,16,2,2,8,1,32.99,32.99
O001852,S0029770,U012674,2020-12-11,12,1,2,8,2,59.99,119.98
O001852,S0029770,U012674,2020-12-11,19,1,2,8,1,29.99,29.99
O001853,S0029814,U012691,2020-11-20,39,3,2,5,1,11.99,11.99
O001853,S0029814,U012691,2020-11-20,2,3,2,5,2,27.99,55.98
O001854,S0029815,U012692,2020-12-13,29,3,3,1,1,9.89,9.89
O001855,S0029833,U012699,2021-01-29,5,7,1,1,1,54.99,54.99
O001856,S0029864,U012715,2020-12-06,25,2,3,1,2,6.99,13.98
O001857,S0029866,U012716,2020-11-28,25,1,2,1,1,5.94,5.94
O001857,S0029866,U012716,2020-11-28,18,1,2,1,2,17.09,34.18
O001858,S0029872,U012717,2021-01-25,4,2,2,1,2,25.99,51.98
O001858,S0029872,U012717,2021-01-25,9,2,2,1,1,23.99,23.99
O001859,S0029896,U012725,2020-12-16,12,5,2,1,1,59.99,59.99
O001859,S0029896,U012725,2020-12-16,8,5,2,1,1,22.99,22.99
O001860,S0029954,U012746,2020-12-02,16,2,2,4,2,28.04,56.08
O001861,S0030011,U012774,2020-11-10,6,2,2,1,1,49.99,49.99
O001862,S0030034,U012785,2020-11-26,38,3,1,1,1,14.44,14.44
O001863,S0030047,U012789,2020-11-24,5,1,1,5,1,49.49,49.49
O001864,S0030079,U012803,2020-12-20,30,4,2,1,1,24.99,24.99
O001864,S0030079,U012803,2020-12-20,1,4,2,1,1,24.99,24.99
O001865,S0030086,U012808,2021-01-05,41,2,1,3,2,15.99,31.98
O001865,S0030086,U012808,2021-01-05,1,2,1,3,1,24.99,24.99
O001866,S0030110,U012819,2021-01-27,41,4,2,1,1,15.99,15.99
O001867,S0030143,U012835,2020-12-27,42,2,2,1,1,12.99,12.99
O001868,S0030165,U012843,2020-11-24,26,4,1,1,1,6.79,6.79
O001868,S0030165,U012843,2020-11-24,8,4,1,1,1,19.54,19.54
O001869,S0030185,U012853,2020-12-15,5,1,1,1,1,49.49,49.49
O001870,S0030241,U012880,2021-01-15,16,2,3,5,1,32.99,32.99
O001871,S0030277,U012897,2020-12-17,26,5,1,2,1,7.99,7.99
O001872,S0030303,U012910,2020-12-31,3,1,1,1,1,26.99,26.99
O001872,S0030303,U012910,2020-12-31,22,1,1,1,1,9.99,9.99
O001873,S0030364,U012940,2020-11-17,24,3,1,1,1,14.99,14.99
O001873,S0030364,U012940,2020-11-17,41,3,1,1,1,15.99,15.99
O001873,S0030364,U012940,2020-11-17,9,3,1,1,1,23.99,23.99
O001874,S0030385,U012949,2020-12-05,17,3,2,1,1,17.99,17.99
O001875,S0030425,U012965,2020-12-22,31,3,2,7,2,29.99,59.98
O001876,S0030430,U012966,2020-12-31,5,1,2,4,1,54.99,54.99
O001877,S0030431,U012967,2020-12-13,13,2,2,1,1,74.99,74.99
O001877,S0030431,U012967,2020-12-13,25,2,2,1,1,6.99,6.99
O001878,S0030446,U012973,2020-12-26,1,1,2,4,1,24.99,24.99
O001878,S0030446,U012973,2020-12-26,37,1,2,4,1,24.99,24.99
O001879,S0030486,U012989,2020-12-13,40,2,2,5,1,26.09,26.09
O001880,S0030507,U012999,2020-12-07,25,2,2,1,1,6.99,6.99
O001881,S0030526,U013004,2021-01-29,15,1,2,2,1,24.99,24.99
O001881,S0030526,U013004,2021-01-29,11,1,2,2,1,18.99,18.99
O001882,S0030535,U013008,2020-11-23,12,3,2,1,1,59.99,59.99
O001883,S0030580,U013030,2020-12-01,42,2,1,1,1,11.69,11.69
O001884,S0030603,U013041,2020-12-21,23,4,1,1,1,19.99,19.99
O001885,S0030629,U013052,2020-11-06,17,4,2,5,1,17.99,17.99
O001886,S0030636,U013055,2021-01-16,17,1,1,3,1,17.99,17.99
O001886,S0030636,U013055,2021-01-16,11,1,1,3,1,18.99,18.99
O001887,S0030644,U013059,2020-12-17,12,1,1,1,1,59.99,59.99
O001887,S0030644,U013059,2020-12-17,14,1,1,1,1,16.99,16.99
O001888,S0030650,U013063,2020-11-07,5,7,1,1,2,54.99,109.98
O001889,S0030707,U013085,2020-12-04,10,3,2,1,1,14.99,14.99
O001889,S0030707,U013085,2020-12-04,19,3,2,1,1,29.99,29.99
O001890,S0030744,U013104,2020-12-25,29,2,1,1,1,10.99,10.99
O001890,S0030744,U013104,2020-12-25,39,2,1,1,1,11.99,11.99
O001891,S0030751,U013107,2020-12-04,41,7,2,1,1,15.99,15.99
O001891,S0030751,U013107,2020-12-04,17,7,2,1,1,17.99,17.99
O001892,S0030753,U013107,2020-12-12,30,4,2,1,1,24.99,24.99
O001892,S0030753,U013107,2020-12-12,2,4,2,1,2,27.99,55.98
O001893,S0030794,U013123,2020-11-11,22,1,2,1,1,9.99,9.99
O001894,S0030818,U013133,2020-12-26,24,1,2,10,1,13.49,13.49
O001894,S0030818,U013133,2020-12-26,35,1,2,10,1,19.99,19.99
O001895,S0030850,U013143,2021-01-31,20,2,1,1,2,12.99,25.98
O001895,S0030850,U013143,2021-01-31,16,2,1,1,1,32.99,32.99
O001896,S0030870,U013153,2021-01-09,36,5,2,7,1,20.99,20.99
O001897,S0030885,U013158,2020-12-31,29,3,1,2,1,10.99,10.99
O001897,S0030885,U013158,2020-12-31,26,3,1,2,1,7.99,7.99
O001898,S0030927,U013176,2020-12-18,31,6,2,1,2,29.99,59.98
O001898,S0030927,U013176,2020-12-18,24,6,2,1,1,14.99,14.99
O001899,S0030943,U013184,2020-12-10,19,1,1,1,1,29.99,29.99
O001900,S0030947,U013185,2020-12-22,5,1,1,1,1,54.99,54.99
O001900,S0030947,U013185,2020-12-22,12,1,1,1,1,59.99,59.99
O001901,S0030987,U013204,2020-12-13,31,5,2,1,1,29.99,29.99
O001902,S0031018,U013216,2021-01-31,34,1,2,1,2,21.99,43.98
O001903,S0031022,U013217,2020-12-12,33,4,1,1,1,40.49,40.49
O001904,S0031047,U013228,2020-12-15,39,1,2,2,1,11.99,11.99
O001904,S0031047,U013228,2020-12-15,25,1,2,2,1,6.29,6.29
O001904,S0031047,U013228,2020-12-15,16,1,2,2,1,32.99,32.99
O001905,S0031059,U013234,2020-12-21,8,2,1,1,2,22.99,45.98
O001906,S0031062,U013234,2020-12-30,8,4,1,1,1,22.99,22.99
O001907,S0031085,U013244,2020-11-01,10,2,1,6,1,14.99,14.99
O001907,S0031085,U013244,2020-11-01,32,2,1,6,1,19.99,19.99
O001908,S0031110,U013256,2021-01-18,26,5,1,9,2,7.99,15.98
O001908,S0031110,U013256,2021-01-18,1,5,1,9,1,24.99,24.99
O001909,S0031122,U013261,2021-01-05,15,6,2,8,1,24.99,24.99
O001910,S0031201,U013294,2020-11-23,7,5,2,1,1,79.99,79.99
O001910,S0031201,U013294,2020-11-23,1,5,2,1,1,24.99,24.99
O001911,S0031210,U013299,2020-12-03,42,3,1,1,1,11.04,11.04
O001912,S0031213,U013300,2020-11-27,35,1,1,10,1,16.99,16.99
O001913,S0031265,U013320,2020-12-23,37,1,1,1,1,24.99,24.99
O001914,S0031285,U013330,2021-01-06,19,4,2,10,1,29.99,29.99
O001914,S0031285,U013330,2021-01-06,8,4,2,10,1,22.99,22.99
O001915,S0031293,U013334,2020-11-04,19,4,1,2,1,29.99,29.99
O001916,S0031312,U013341,2020-12-29,5,2,2,7,1,54.99,54.99
O001917,S0031331,U013349,2020-11-30,5,1,1,10,1,46.74,46.74
O001918,S0031337,U013352,2020-12-05,5,5,1,1,1,54.99,54.99
O001919,S0031359,U013361,2020-12-15,26,1,2,1,1,7.19,7.19
O001919,S0031359,U013361,2020-12-15,15,1,2,1,1,24.99,24.99
O001920,S0031363,U013363,2021-01-29,25,2,1,1,1,6.99,6.99
O001921,S0031364,U013363,2021-01-30,39,1,1,1,1,11.99,11.99
O001922,S0031365,U013363,2021-01-31,23,1,1,1,1,19.99,19.99
O001922,S0031365,U013363,2021-01-31,41,1,1,1,1,15.99,15.99
O001923,S0031366,U013363,2021-01-31,31,2,1,1,1,29.99,29.99
O001923,S0031366,U013363,2021-01-31,10,2,1,1,1,14.99,14.99
O001924,S0031423,U013388,2020-11-28,42,1,1,1,1,11.69,11.69
O001924,S0031423,U013388,2020-11-28,12,1,1,1,1,47.99,47.99
O001925,S0031453,U013403,2020-12-22,10,6,2,3,1,14.99,14.99
O001926,S0031526,U013431,2020-12-21,25,2,1,1,1,6.99,6.99
O001927,S0031527,U013432,2020-11-29,5,1,1,1,1,49.49,49.49
O001928,S0031528,U013432,2020-12-01,40,4,1,1,1,23.19,23.19
O001929,S0031534,U013437,2020-11-05,31,7,2,1,1,29.99,29.99
O001930,S0031536,U013437,2020-11-17,6,1,2,1,1,49.99,49.99
O001930,S0031536,U013437,2020-11-17,4,1,2,1,1,25.99,25.99
O001931,S0031557,U013446,2021-01-02,27,5,2,5,1,8.99,8.99
O001932,S0031560,U013447,2020-12-04,33,2,2,6,1,44.99,44.99
O001933,S0031570,U013452,2020-12-18,34,4,2,1,1,21.99,21.99
O001933,S0031570,U013452,2020-12-18,17,4,2,1,1,17.99,17.99
O001934,S0031571,U013453,2020-12-09,1,1,1,1,1,24.99,24.99
O001935,S0031576,U013456,2020-12-23,10,7,3,1,1,14.99,14.99
O001936,S0031582,U013459,2020-11-25,19,2,1,1,1,25.49,25.49
O001936,S0031582,U013459,2020-11-25,35,2,1,1,1,16.99,16.99
O001937,S0031627,U013477,2020-12-02,27,3,1,1,1,7.19,7.19
O001937,S0031627,U013477,2020-12-02,33,3,1,1,1,40.49,40.49
O001937,S0031627,U013477,2020-12-02,22,3,1,1,1,8.49,8.49
O001938,S0031631,U013480,2020-12-21,27,3,1,1,1,8.99,8.99
O001938,S0031631,U013480,2020-12-21,38,3,1,1,1,16.99,16.99
O001939,S0031653,U013491,2020-12-19,35,1,2,2,1,19.99,19.99
O001940,S0031669,U013497,2020-12-10,35,2,2,1,1,19.99,19.99
O001940,S0031669,U013497,2020-12-10,18,2,2,1,1,18.99,18.99
O001940,S0031669,U013497,2020-12-10,16,2,2,1,1,32.99,32.99
O001941,S0031673,U013498,2021-01-03,27,2,2,4,1,8.99,8.99
O001941,S0031673,U013498,2021-01-03,1,2,2,4,1,24.99,24.99
O001942,S0031683,U013502,2020-11-10,4,1,1,1,1,25.99,25.99
O001942,S0031683,U013502,2020-11-10,32,1,1,1,1,19.99,19.99
O001942,S0031683,U013502,2020-11-10,6,1,1,1,1,49.99,49.99
O001943,S0031686,U013502,2020-11-29,35,2,1,1,1,17.99,17.99
O001943,S0031686,U013502,2020-11-29,13,2,1,1,1,67.49,67.49
O001943,S0031686,U013502,2020-11-29,23,2,1,1,1,16.99,16.99
O001944,S0031687,U013503,2020-11-23,25,2,1,1,1,6.99,6.99
O001944,S0031687,U013503,2020-11-23,11,2,1,1,1,18.99,18.99
O001945,S0031698,U013509,2020-11-20,41,2,2,1,1,15.99,15.99
O001945,S0031698,U013509,2020-11-20,9,2,2,1,1,23.99,23.99
O001946,S0031707,U013511,2020-11-04,20,1,2,1,1,12.99,12.99
O001947,S0031733,U013523,2020-11-24,9,6,1,1,1,19.19,19.19
O001948,S0031763,U013535,2020-12-15,10,1,1,5,1,14.99,14.99
O001949,S0031765,U013536,2020-12-25,8,3,3,2,1,20.69,20.69
O001950,S0031776,U013540,2021-01-24,24,3,2,2,1,14.99,14.99
O001950,S0031776,U013540,2021-01-24,36,3,2,2,1,20.99,20.99
O001950,S0031776,U013540,2021-01-24,15,3,2,2,1,24.99,24.99
O001950,S0031776,U013540,2021-01-24,25,3,2,2,1,6.99,6.99
O001951,S0031787,U013543,2020-12-17,33,5,1,1,1,44.99,44.99
O001952,S0031788,U013543,2020-12-20,15,3,1,1,1,22.49,22.49
O001952,S0031788,U013543,2020-12-20,34,3,1,1,2,21.99,43.98
O001952,S0031788,U013543,2020-12-20,27,3,1,1,1,8.99,8.99
O001953,S0031796,U013545,2020-11-29,2,1,2,1,2,23.79,47.58
O001954,S0031799,U013547,2021-01-23,11,1,1,10,1,18.99,18.99
O001955,S0031802,U013549,2020-12-27,29,4,1,1,1,10.99,10.99
O001956,S0031824,U013558,2020-12-12,33,2,2,1,1,44.99,44.99
O001956,S0031824,U013558,2020-12-12,4,2,2,1,1,25.99,25.99
O001957,S0031826,U013559,2020-12-24,36,3,1,1,1,20.99,20.99
O001957,S0031826,U013559,2020-12-24,25,3,1,1,2,6.99,13.98
O001958,S0031842,U013564,2020-12-13,19,3,2,1,1,29.99,29.99
O001958,S0031842,U013564,2020-12-13,6,3,2,1,1,44.99,44.99
O001959,S0031864,U013569,2020-12-27,35,3,2,1,1,19.99,19.99
O001960,S0031886,U013581,2021-01-19,28,7,2,5,1,9.99,9.99
O001961,S0031889,U013582,2020-12-11,1,3,1,1,1,24.99,24.99
O001962,S0031891,U013584,2020-12-04,11,1,1,1,1,18.99,18.99
O001963,S0031892,U013584,2020-12-09,36,1,2,1,1,20.99,20.99
O001963,S0031892,U013584,2020-12-09,42,1,2,1,1,12.99,12.99
O001964,S0031894,U013584,2020-12-12,5,1,1,1,1,54.99,54.99
O001965,S0031907,U013589,2020-11-10,19,5,2,1,1,29.99,29.99
O001965,S0031907,U013589,2020-11-10,37,5,2,1,1,24.99,24.99
O001966,S0031911,U013589,2020-11-22,26,1,2,1,1,7.99,7.99
O001966,S0031911,U013589,2020-11-22,37,1,2,1,1,24.99,24.99
O001966,S0031911,U013589,2020-11-22,41,1,2,1,1,15.99,15.99
O001967,S0031922,U013594,2021-01-02,35,3,2,1,2,19.99,39.98
O001967,S0031922,U013594,2021-01-02,39,3,2,1,1,11.99,11.99
O001967,S0031922,U013594,2021-01-02,1,3,2,1,2,24.99,49.98
O001968,S0031948,U013606,2020-11-29,30,1,2,1,1,21.24,21.24
O001969,S0031966,U013612,2020-12-19,31,4,1,10,1,29.99,29.99
O001969,S0031966,U013612,2020-12-19,39,4,1,10,1,11.99,11.99
O001970,S0031970,U013614,2020-12-13,4,2,2,6,1,25.99,25.99
O001971,S0031977,U013618,2020-11-26,12,4,1,1,1,50.99,50.99
O001972,S0031980,U013619,2020-12-22,1,1,1,6,1,24.99,24.99
O001973,S0032004,U013630,2020-12-17,24,1,2,7,2,14.99,29.98
O001974,S0032021,U013635,2020-11-25,16,3,2,3,1,26.39,26.39
O001974,S0032021,U013635,2020-11-25,36,3,2,3,1,17.84,17.84
O001975,S0032051,U013646,2020-12-15,7,1,3,1,1,79.99,79.99
O001975,S0032051,U013646,2020-12-15,10,1,3,1,1,13.49,13.49
O001975,S0032051,U013646,2020-12-15,41,1,3,1,1,15.99,15.99
O001975,S0032051,U013646,2020-12-15,6,1,3,1,1,49.99,49.99
O001976,S0032063,U013651,2020-12-22,20,6,2,10,1,12.99,12.99
O001976,S0032063,U013651,2020-12-22,17,6,2,10,1,17.99,17.99
O001977,S0032077,U013659,2020-12-14,36,1,2,4,1,20.99,20.99
O001978,S0032082,U013660,2020-12-12,32,3,2,1,1,19.99,19.99
O001979,S0032098,U013666,2020-12-18,31,1,2,1,2,29.99,59.98
O001980,S0032109,U013671,2020-12-20,32,3,1,1,1,19.99,19.99
O001981,S0032125,U013677,2020-12-06,38,4,2,1,1,16.99,16.99
O001982,S0032132,U013679,2020-12-03,38,2,2,9,1,14.44,14.44
O001983,S0032134,U013681,2020-12-22,36,3,2,3,1,20.99,20.99
O001984,S0032142,U013683,2020-12-04,2,3,2,6,1,27.99,27.99
O001985,S0032148,U013685,2020-11-27,38,1,1,10,1,14.44,14.44
O001985,S0032148,U013685,2020-11-27,17,1,1,10,1,15.29,15.29
O001986,S0032158,U013689,2020-12-05,8,3,2,9,1,22.99,22.99
O001987,S0032182,U013697,2021-01-19,3,2,3,1,1,26.99,26.99
O001987,S0032182,U013697,2021-01-19,4,2,3,1,1,25.99,25.99
O001988,S0032185,U013698,2020-11-29,34,1,1,5,1,18.69,18.69
O001988,S0032185,U013698,2020-11-29,31,1,1,5,1,26.99,26.99
O001988,S0032185,U013698,2020-11-29,20,1,1,5,1,11.69,11.69
O001989,S0032188,U013700,2020-12-15,22,3,1,1,1,8.99,8.99
O001989,S0032188,U013700,2020-12-15,8,3,1,1,1,22.99,22.99
O001990,S0032189,U013701,2020-11-05,15,1,2,7,2,24.99,49.98
O001991,S0032195,U013702,2020-12-14,41,3,2,1,1,15.99,15.99
O001991,S0032195,U013702,2020-12-14,2,3,2,1,1,27.99,27.99
O001991,S0032195,U013702,2020-12-14,40,3,2,1,1,26.09,26.09
O001991,S0032195,U013702,2020-12-14,12,3,2,1,1,53.99,53.99
O001992,S0032199,U013703,2020-12-09,30,2,2,6,1,24.99,24.99
O001992,S0032199,U013703,2020-12-09,10,2,2,6,1,14.99,14.99
O001993,S0032205,U013706,2021-01-04,5,1,2,1,1,54.99,54.99
O001993,S0032205,U013706,2021-01-04,24,1,2,1,1,14.99,14.99
O001994,S0032233,U013717,2020-12-23,12,3,2,1,1,53.99,53.99
O001994,S0032233,U013717,2020-12-23,32,3,2,1,1,19.99,19.99
O001995,S0032246,U013724,2020-12-28,23,3,2,2,2,19.99,39.98
O001995,S0032246,U013724,2020-12-28,25,3,2,2,1,6.99,6.99
O001995,S0032246,U013724,2020-12-28,28,3,2,2,1,9.99,9.99
O001995,S0032246,U013724,2020-12-28,14,3,2,2,1,16.99,16.99
O001996,S0032274,U013740,2020-11-22,33,1,2,3,1,44.99,44.99
O001997,S0032306,U013753,2021-01-20,38,6,2,7,2,16.99,33.98
O001997,S0032306,U013753,2021-01-20,42,6,2,7,1,12.99,12.99
O001998,S0032309,U013755,2020-12-02,20,1,2,1,1,11.69,11.69
O001998,S0032309,U013755,2020-12-02,38,1,2,1,1,15.29,15.29
O001999,S0032310,U013756,2021-01-03,38,1,1,7,2,16.99,33.98
O002000,S0032327,U013765,2021-01-13,1,1,2,7,1,24.99,24.99
O002001,S0032333,U013767,2020-12-29,25,1,2,1,1,6.99,6.99
O002002,S0032348,U013771,2020-12-10,2,1,2,2,1,27.99,27.99
O002002,S0032348,U013771,2020-12-10,9,1,2,2,2,21.59,43.18
O002002,S0032348,U013771,2020-12-10,26,1,2,2,1,7.19,7.19
O002003,S0032350,U013772,2020-12-28,5,1,1,4,1,54.99,54.99
O002003,S0032350,U013772,2020-12-28,10,1,1,4,2,14.99,29.98
O002003,S0032350,U013772,2020-12-28,37,1,1,4,1,24.99,24.99
O002004,S0032359,U013778,2021-01-20,21,4,2,4,1,21.99,21.99
O002004,S0032359,U013778,2021-01-20,27,4,2,4,1,8.99,8.99
O002004,S0032359,U013778,2021-01-20,34,4,2,4,1,21.99,21.99
O002005,S0032371,U013783,2020-12-01,17,1,1,3,1,14.39,14.39
O002006,S0032382,U013787,2020-12-08,17,2,2,1,1,17.99,17.99
O002007,S0032388,U013789,2020-11-07,18,2,1,5,1,18.99,18.99
O002008,S0032392,U013790,2020-11-21,1,1,2,1,1,24.99,24.99
O002008,S0032392,U013790,2020-11-21,15,1,2,1,1,24.99,24.99
O002009,S0032440,U013811,2020-12-31,11,4,2,3,1,18.99,18.99
O002009,S0032440,U013811,2020-12-31,14,4,2,3,1,16.99,16.99
O002009,S0032440,U013811,2020-12-31,19,4,2,3,1,29.99,29.99
O002010,S0032461,U013819,2020-12-14,26,6,2,2,1,7.99,7.99
O002011,S0032464,U013820,2020-12-20,30,2,3,1,1,24.99,24.99
O002012,S0032469,U013822,2020-11-30,33,2,2,6,1,38.24,38.24
O002012,S0032469,U013822,2020-11-30,3,2,2,6,1,22.94,22.94
O002013,S0032501,U013835,2020-11-27,8,3,2,1,1,19.54,19.54
O002013,S0032501,U013835,2020-11-27,35,3,2,1,1,17.99,17.99
O002014,S0032565,U013862,2020-12-19,15,2,1,10,1,24.99,24.99
O002015,S0032567,U013863,2020-11-12,3,6,1,1,1,26.99,26.99
O002016,S0032597,U013874,2020-12-19,18,4,3,1,1,17.09,17.09
O002017,S0032629,U013889,2020-11-24,17,2,1,1,2,15.29,30.58
O002017,S0032629,U013889,2020-11-24,15,2,1,1,1,19.99,19.99
O002018,S0032640,U013893,2020-12-17,34,6,1,10,1,21.99,21.99
O002019,S0032648,U013896,2020-12-20,8,2,2,1,1,22.99,22.99
O002020,S0032662,U013901,2020-12-21,24,3,2,5,1,13.49,13.49
O002020,S0032662,U013901,2020-12-21,26,3,2,5,1,7.99,7.99
O002021,S0032673,U013906,2020-12-20,40,1,2,1,1,26.09,26.09
O002022,S0032681,U013909,2020-11-26,14,2,2,6,2,14.44,28.88
O002022,S0032681,U013909,2020-11-26,4,2,2,6,1,20.79,20.79
O002023,S0032704,U013920,2020-12-11,16,3,2,6,1,32.99,32.99
O002024,S0032721,U013924,2020-11-27,18,1,2,4,1,15.19,15.19
O002025,S0032724,U013926,2020-12-25,12,1,2,1,1,53.99,53.99
O002025,S0032724,U013926,2020-12-25,32,1,2,1,1,19.99,19.99
O002026,S0032746,U013936,2020-12-09,16,4,1,8,2,32.99,65.98
O002027,S0032762,U013943,2020-12-13,22,2,2,4,1,9.99,9.99
O002028,S0032766,U013946,2020-11-22,16,3,2,1,1,32.99,32.99
O002029,S0032769,U013948,2021-01-28,25,4,2,1,1,6.99,6.99
O002030,S0032778,U013953,2020-12-27,21,1,2,1,2,21.99,43.98
O002030,S0032778,U013953,2020-12-27,5,1,2,1,1,54.99,54.99
O002030,S0032778,U013953,2020-12-27,17,1,2,1,1,17.99,17.99
O002031,S0032796,U013963,2020-12-07,34,2,2,1,1,21.99,21.99
O002031,S0032796,U013963,2020-12-07,15,2,2,1,1,24.99,24.99
O002031,S0032796,U013963,2020-12-07,1,2,2,1,1,24.99,24.99
O002032,S0032799,U013964,2020-12-16,6,7,2,1,1,49.99,49.99
O002033,S0032810,U013970,2021-01-15,37,1,2,1,1,24.99,24.99
O002033,S0032810,U013970,2021-01-15,42,1,2,1,1,12.99,12.99
O002034,S0032816,U013972,2020-12-10,37,2,2,2,1,24.99,24.99
O002034,S0032816,U013972,2020-12-10,20,2,2,2,1,12.99,12.99
O002035,S0032819,U013973,2020-12-12,34,2,1,5,1,21.99,21.99
O002036,S0032836,U013979,2020-11-15,27,3,2,4,1,8.99,8.99
O002037,S0032850,U013987,2020-11-27,16,1,2,6,1,28.04,28.04
O002037,S0032850,U013987,2020-11-27,10,1,2,6,1,12.74,12.74
O002038,S0032852,U013988,2020-12-01,1,6,1,1,1,22.49,22.49
O002038,S0032852,U013988,2020-12-01,34,6,1,1,1,17.59,17.59
O002039,S0032856,U013990,2020-12-13,8,1,2,2,1,22.99,22.99
O002040,S0032857,U013990,2020-12-14,11,2,2,2,2,18.99,37.98
O002041,S0032908,U014012,2020-11-22,24,5,2,1,1,14.99,14.99
O002042,S0032912,U014014,2020-12-27,42,1,1,1,1,12.99,12.99
O002043,S0032944,U014026,2020-12-12,13,1,2,2,2,67.49,134.98
O002043,S0032944,U014026,2020-12-12,25,1,2,2,1,6.29,6.29
O002043,S0032944,U014026,2020-12-12,14,1,2,2,1,16.99,16.99
O002044,S0032958,U014033,2020-11-25,5,1,2,1,1,49.49,49.49
O002045,S0032977,U014040,2020-12-07,3,1,2,1,1,26.99,26.99
O002045,S0032977,U014040,2020-12-07,9,1,2,1,1,23.99,23.99
O002046,S0032984,U014045,2020-11-04,39,2,2,8,1,11.99,11.99
O002046,S0032984,U014045,2020-11-04,10,2,2,8,1,14.99,14.99
O002047,S0032997,U014050,2020-12-04,10,2,1,5,1,14.99,14.99
O002048,S0033032,U014063,2020-12-06,20,1,1,4,1,12.99,12.99
O002048,S0033032,U014063,2020-12-06,27,1,1,4,1,8.99,8.99
O002049,S0033045,U014070,2020-11-23,22,2,2,1,1,9.99,9.99
O002050,S0033071,U014082,2021-01-07,41,1,2,2,1,15.99,15.99
O002050,S0033071,U014082,2021-01-07,5,1,2,2,2,54.99,109.98
O002051,S0033073,U014082,2021-01-10,16,2,2,2,1,32.99,32.99
O002052,S0033097,U014091,2020-11-16,17,5,3,1,1,17.99,17.99
O002053,S0033114,U014098,2021-01-28,4,4,2,1,2,25.99,51.98
O002053,S0033114,U014098,2021-01-28,5,4,2,1,1,54.99,54.99
O002054,S0033138,U014110,2020-12-24,17,1,2,1,1,16.19,16.19
O002055,S0033149,U014114,2020-12-23,22,1,1,1,2,9.99,19.98
O002055,S0033149,U014114,2020-12-23,14,1,1,1,1,16.99,16.99
O002056,S0033152,U014115,2020-11-27,10,5,1,1,1,11.99,11.99
O002056,S0033152,U014115,2020-11-27,5,5,1,1,2,49.49,98.98
O002057,S0033164,U014120,2020-12-04,18,6,1,5,1,18.99,18.99
O002058,S0033172,U014125,2020-12-03,1,2,1,3,2,19.99,39.98
O002059,S0033179,U014129,2020-11-29,18,2,1,1,1,17.09,17.09
O002060,S0033202,U014139,2020-11-27,17,1,2,5,2,16.19,32.38
O002060,S0033202,U014139,2020-11-27,30,1,2,5,1,22.49,22.49
O002061,S0033222,U014146,2020-11-26,42,1,1,1,1,11.04,11.04
O002061,S0033222,U014146,2020-11-26,11,1,1,1,1,17.09,17.09
O002061,S0033222,U014146,2020-11-26,18,1,1,1,1,15.19,15.19
O002062,S0033274,U014166,2020-12-04,38,6,1,1,1,16.99,16.99
O002063,S0033326,U014189,2020-12-26,14,3,2,1,1,16.99,16.99
O002064,S0033335,U014193,2020-11-25,17,3,2,1,1,14.39,14.39
O002064,S0033335,U014193,2020-11-25,42,3,2,1,1,10.39,10.39
O002065,S0033344,U014198,2020-12-07,35,1,1,4,1,19.99,19.99
O002065,S0033344,U014198,2020-12-07,10,1,1,4,1,13.49,13.49
O002065,S0033344,U014198,2020-12-07,1,1,1,4,1,24.99,24.99
O002066,S0033347,U014199,2021-01-14,20,4,2,1,2,12.99,25.98
O002067,S0033376,U014214,2021-01-24,12,1,2,6,1,59.99,59.99
O002068,S0033388,U014219,2021-01-17,1,7,3,5,2,24.99,49.98
O002069,S0033391,U014220,2020-12-04,1,1,3,2,1,24.99,24.99
O002070,S0033392,U014220,2020-12-09,30,6,3,2,1,22.49,22.49
O002071,S0033411,U014227,2020-11-22,34,1,1,3,1,21.99,21.99
O002071,S0033411,U014227,2020-11-22,40,1,1,3,1,28.99,28.99
O002072,S0033413,U014228,2021-01-14,3,1,1,1,1,26.99,26.99
O002073,S0033419,U014230,2021-01-31,8,1,2,1,1,22.99,22.99
O002074,S0033423,U014232,2020-11-14,13,6,1,1,1,74.99,74.99
O002074,S0033423,U014232,2020-11-14,29,6,1,1,1,10.99,10.99
O002074,S0033423,U014232,2020-11-14,16,6,1,1,1,32.99,32.99
O002075,S0033424,U014232,2020-11-17,12,6,1,1,1,59.99,59.99
O002076,S0033481,U014255,2021-01-23,20,1,2,4,1,12.99,12.99
O002077,S0033494,U014261,2020-11-12,6,6,2,2,1,49.99,49.99
O002077,S0033494,U014261,2020-11-12,35,6,2,2,1,19.99,19.99
O002078,S0033497,U014262,2021-01-02,15,3,2,1,1,24.99,24.99
O002078,S0033497,U014262,2021-01-02,29,3,2,1,1,10.99,10.99
O002079,S0033508,U014266,2020-12-03,28,3,1,7,1,8.49,8.49
O002079,S0033508,U014266,2020-12-03,37,3,1,7,1,19.99,19.99
O002080,S0033544,U014283,2020-11-24,28,4,1,1,1,8.99,8.99
O002081,S0033548,U014284,2020-12-13,27,2,1,1,1,8.09,8.09
O002081,S0033548,U014284,2020-12-13,20,2,1,1,1,11.69,11.69
O002082,S0033551,U014284,2020-12-17,10,1,1,1,1,14.99,14.99
O002083,S0033558,U014288,2020-12-26,36,3,3,1,1,20.99,20.99
O002084,S0033569,U014292,2020-11-19,22,2,1,9,1,9.99,9.99
O002085,S0033590,U014299,2020-12-31,8,1,2,1,1,22.99,22.99
O002086,S0033611,U014311,2020-12-09,3,2,2,8,2,26.99,53.98
O002087,S0033615,U014313,2021-01-28,20,3,2,10,1,12.99,12.99
O002087,S0033615,U014313,2021-01-28,40,3,2,10,1,28.99,28.99
O002088,S0033623,U014318,2020-12-12,21,4,2,2,1,21.99,21.99
O002088,S0033623,U014318,2020-12-12,9,4,2,2,1,23.99,23.99
O002089,S0033628,U014320,2021-01-09,5,1,1,9,2,54.99,109.98
O002089,S0033628,U014320,2021-01-09,25,1,1,9,2,6.99,13.98
O002089,S0033628,U014320,2021-01-09,19,1,1,9,2,29.99,59.98
O002090,S0033631,U014321,2021-01-31,19,4,1,1,1,29.99,29.99
O002091,S0033635,U014323,2020-12-20,5,5,1,1,1,49.49,49.49
O002091,S0033635,U014323,2020-12-20,15,5,1,1,2,24.99,49.98
O002091,S0033635,U014323,2020-12-20,13,5,1,1,1,67.49,67.49
O002092,S0033652,U014332,2020-12-15,1,3,1,3,1,24.99,24.99
O002092,S0033652,U014332,2020-12-15,15,3,1,3,2,24.99,49.98
O002093,S0033679,U014346,2021-01-29,10,2,2,10,1,14.99,14.99
O002093,S0033679,U014346,2021-01-29,32,2,2,10,1,19.99,19.99
O002094,S0033701,U014355,2020-12-01,30,3,1,1,1,21.24,21.24
O002095,S0033728,U014365,2021-01-09,42,1,1,10,1,12.99,12.99
O002095,S0033728,U014365,2021-01-09,29,1,1,10,2,10.99,21.98
O002095,S0033728,U014365,2021-01-09,15,1,1,10,2,24.99,49.98
O002095,S0033728,U014365,2021-01-09,32,1,1,10,1,19.99,19.99
O002096,S0033737,U014369,2020-12-02,1,1,1,1,1,22.49,22.49
O002097,S0033745,U014372,2021-01-01,12,2,1,1,1,59.99,59.99
O002097,S0033745,U014372,2021-01-01,4,2,1,1,1,25.99,25.99
O002098,S0033748,U014373,2020-12-01,38,2,1,1,1,14.44,14.44
O002098,S0033748,U014373,2020-12-01,21,2,1,1,1,18.69,18.69
O002098,S0033748,U014373,2020-12-01,1,2,1,1,1,22.49,22.49
O002099,S0033764,U014380,2020-12-20,3,2,2,8,1,24.29,24.29
O002099,S0033764,U014380,2020-12-20,40,2,2,8,2,28.99,57.98
O002099,S0033764,U014380,2020-12-20,33,2,2,8,1,44.99,44.99
O002100,S0033811,U014401,2020-11-27,6,1,1,3,1,42.49,42.49
O002100,S0033811,U014401,2020-11-27,28,1,1,3,1,8.99,8.99
O002101,S0033820,U014406,2021-01-01,13,1,2,5,1,74.99,74.99
O002102,S0033835,U014414,2020-12-02,16,1,1,1,1,26.39,26.39
O002102,S0033835,U014414,2020-12-02,6,1,1,1,1,42.49,42.49
O002103,S0033869,U014427,2020-11-18,36,7,1,8,1,20.99,20.99
O002103,S0033869,U014427,2020-11-18,29,7,1,8,1,10.99,10.99
O002103,S0033869,U014427,2020-11-18,38,7,1,8,1,16.99,16.99
O002104,S0033914,U014446,2020-12-25,16,7,2,3,2,32.99,65.98
O002105,S0033927,U014449,2020-11-19,5,2,2,1,1,54.99,54.99
O002105,S0033927,U014449,2020-11-19,23,2,2,1,2,19.99,39.98
O002105,S0033927,U014449,2020-11-19,1,2,2,1,1,24.99,24.99
O002106,S0033937,U014456,2020-12-10,5,2,2,1,1,54.99,54.99
O002107,S0033953,U014463,2020-12-21,15,1,2,1,1,24.99,24.99
O002108,S0033962,U014467,2020-12-09,2,4,2,2,1,27.99,27.99
O002108,S0033962,U014467,2020-12-09,16,4,2,2,1,32.99,32.99
O002109,S0033969,U014469,2020-11-26,4,2,2,2,2,22.09,44.18
O002109,S0033969,U014469,2020-11-26,22,2,2,2,2,8.99,17.98
O002110,S0033974,U014471,2021-01-04,21,2,1,1,1,21.99,21.99
O002111,S0033980,U014473,2021-01-03,20,2,2,2,1,12.99,12.99
O002111,S0033980,U014473,2021-01-03,2,2,2,2,2,27.99,55.98
O002112,S0033984,U014476,2020-11-24,42,2,2,10,1,11.69,11.69
O002112,S0033984,U014476,2020-11-24,25,2,2,10,1,5.94,5.94
O002113,S0034004,U014485,2020-12-26,24,3,1,1,1,14.99,14.99
O002114,S0034005,U014485,2020-12-27,3,3,1,1,1,26.99,26.99
O002115,S0034010,U014487,2020-12-20,16,3,2,3,1,32.99,32.99
O002116,S0034031,U014496,2020-11-19,38,1,2,1,2,16.99,33.98
O002116,S0034031,U014496,2020-11-19,37,1,2,1,2,24.99,49.98
O002117,S0034040,U014498,2020-12-20,37,1,1,1,1,24.99,24.99
O002118,S0034081,U014515,2020-12-21,17,1,2,1,1,17.99,17.99
O002118,S0034081,U014515,2020-12-21,28,1,2,1,1,9.99,9.99
O002119,S0034110,U014525,2020-12-27,10,6,1,6,1,14.99,14.99
O002120,S0034143,U014543,2021-01-31,29,3,2,10,1,10.99,10.99
O002120,S0034143,U014543,2021-01-31,35,3,2,10,1,19.99,19.99
O002120,S0034143,U014543,2021-01-31,20,3,2,10,1,12.99,12.99
O002120,S0034143,U014543,2021-01-31,9,3,2,10,2,23.99,47.98
O002121,S0034179,U014558,2020-12-13,25,2,1,1,1,6.99,6.99
O002121,S0034179,U014558,2020-12-13,31,2,1,1,1,29.99,29.99
O002122,S0034188,U014561,2020-12-15,17,1,2,1,1,17.99,17.99
O002123,S0034191,U014563,2020-12-27,21,1,2,10,1,21.99,21.99
O002123,S0034191,U014563,2020-12-27,8,1,2,10,1,22.99,22.99
O002123,S0034191,U014563,2020-12-27,19,1,2,10,1,29.99,29.99
O002123,S0034191,U014563,2020-12-27,27,1,2,10,1,8.99,8.99
O002124,S0034196,U014565,2020-12-02,22,5,1,1,1,8.99,8.99
O002124,S0034196,U014565,2020-12-02,2,5,1,1,1,22.39,22.39
O002125,S0034209,U014571,2020-12-10,41,6,2,1,1,15.99,15.99
O002125,S0034209,U014571,2020-12-10,34,6,2,1,2,21.99,43.98
O002126,S0034218,U014576,2020-12-01,8,1,1,8,2,20.69,41.38
O002126,S0034218,U014576,2020-12-01,39,1,1,8,1,10.19,10.19
O002127,S0034222,U014577,2020-12-12,35,2,2,1,1,19.99,19.99
O002127,S0034222,U014577,2020-12-12,21,2,2,1,1,21.99,21.99
O002128,S0034235,U014581,2020-11-25,6,7,2,1,1,44.99,44.99
O002129,S0034271,U014596,2020-12-06,39,7,2,1,1,11.99,11.99
O002129,S0034271,U014596,2020-12-06,29,7,2,1,1,10.99,10.99
O002129,S0034271,U014596,2020-12-06,1,7,2,1,1,22.49,22.49
O002129,S0034271,U014596,2020-12-06,26,7,2,1,1,7.99,7.99
O002130,S0034273,U014596,2020-12-09,17,2,2,1,1,16.19,16.19
O002131,S0034299,U014605,2020-12-25,25,1,1,1,1,6.99,6.99
O002131,S0034299,U014605,2020-12-25,16,1,1,1,1,32.99,32.99
O002132,S0034316,U014613,2020-11-21,37,3,1,1,1,24.99,24.99
O002132,S0034316,U014613,2020-11-21,28,3,1,1,1,9.99,9.99
O002132,S0034316,U014613,2020-11-21,42,3,1,1,1,12.99,12.99
O002133,S0034317,U014614,2021-01-24,32,2,2,1,2,19.99,39.98
O002133,S0034317,U014614,2021-01-24,5,2,2,1,1,54.99,54.99
O002134,S0034319,U014614,2021-01-29,29,3,1,1,1,10.99,10.99
O002134,S0034319,U014614,2021-01-29,5,3,1,1,2,54.99,109.98
O002135,S0034345,U014628,2020-12-11,24,3,2,5,1,13.49,13.49
O002136,S0034360,U014633,2020-11-24,2,1,2,4,1,22.39,22.39
O002137,S0034370,U014637,2020-12-02,14,3,2,1,1,14.44,14.44
O002138,S0034378,U014639,2020-12-08,19,1,2,1,1,26.99,26.99
O002138,S0034378,U014639,2020-12-08,25,1,2,1,2,6.99,13.98
O002139,S0034398,U014647,2020-12-06,25,3,1,1,1,6.29,6.29
O002140,S0034434,U014661,2020-12-24,11,2,1,10,1,18.99,18.99
O002141,S0034448,U014669,2020-12-09,8,2,1,3,1,22.99,22.99
O002142,S0034482,U014686,2020-11-02,35,4,2,3,1,19.99,19.99
O002142,S0034482,U014686,2020-11-02,27,4,2,3,1,8.99,8.99
O002143,S0034497,U014692,2020-12-26,20,1,2,1,1,12.99,12.99
O002144,S0034512,U014700,2021-01-14,1,2,2,6,1,24.99,24.99
O002144,S0034512,U014700,2021-01-14,5,2,2,6,1,54.99,54.99
O002145,S0034543,U014715,2020-12-12,21,6,1,5,1,21.99,21.99
O002146,S0034597,U014740,2020-12-07,20,2,2,5,1,12.99,12.99
O002146,S0034597,U014740,2020-12-07,26,2,2,5,1,7.99,7.99
O002146,S0034597,U014740,2020-12-07,27,2,2,5,1,8.99,8.99
O002146,S0034597,U014740,2020-12-07,25,2,2,5,1,6.99,6.99
O002147,S0034604,U014741,2021-01-30,24,1,1,1,1,14.99,14.99
O002148,S0034620,U014748,2020-12-01,15,5,1,1,1,22.49,22.49
O002149,S0034664,U014766,2020-12-04,42,3,2,6,1,12.99,12.99
O002149,S0034664,U014766,2020-12-04,35,3,2,6,1,19.99,19.99
O002150,S0034670,U014767,2020-12-16,34,2,2,1,1,21.99,21.99
O002150,S0034670,U014767,2020-12-16,16,2,2,1,1,32.99,32.99
O002151,S0034676,U014769,2020-12-02,38,1,1,1,1,15.29,15.29
O002152,S0034689,U014774,2021-01-30,41,1,1,4,1,15.99,15.99
O002153,S0034728,U014793,2020-12-03,25,1,2,1,2,5.94,11.88
O002153,S0034728,U014793,2020-12-03,11,1,2,1,1,16.14,16.14
O002154,S0034732,U014795,2021-01-25,4,3,1,1,1,25.99,25.99
O002154,S0034732,U014795,2021-01-25,36,3,1,1,1,20.99,20.99
O002155,S0034741,U014798,2020-12-18,11,4,2,1,1,17.09,17.09
O002156,S0034753,U014802,2020-12-23,2,2,1,3,1,27.99,27.99
O002156,S0034753,U014802,2020-12-23,41,2,1,3,2,15.99,31.98
O002157,S0034790,U014818,2020-12-16,17,1,1,1,2,17.99,35.98
O002157,S0034790,U014818,2020-12-16,20,1,1,1,2,12.99,25.98
O002158,S0034800,U014825,2021-01-12,14,3,1,3,2,16.99,33.98
O002159,S0034807,U014827,2020-11-25,23,2,2,3,2,16.99,33.98
O002160,S0034810,U014829,2021-01-05,37,1,2,3,1,24.99,24.99
O002160,S0034810,U014829,2021-01-05,3,1,2,3,1,26.99,26.99
O002160,S0034810,U014829,2021-01-05,39,1,2,3,1,11.99,11.99
O002161,S0034834,U014837,2020-11-30,39,2,2,1,1,10.19,10.19
O002161,S0034834,U014837,2020-11-30,4,2,2,1,1,20.79,20.79
O002161,S0034834,U014837,2020-11-30,40,2,2,1,1,24.64,24.64
O002162,S0034841,U014842,2020-12-13,38,1,3,1,1,16.99,16.99
O002163,S0034864,U014852,2020-11-05,37,1,1,6,1,24.99,24.99
O002163,S0034864,U014852,2020-11-05,32,1,1,6,2,19.99,39.98
O002164,S0034901,U014863,2020-12-15,17,4,1,1,2,16.19,32.38
O002165,S0034904,U014865,2020-12-11,33,2,2,3,2,40.49,80.98
O002166,S0034919,U014872,2021-01-02,10,1,2,3,1,14.99,14.99
O002167,S0034925,U014874,2020-12-11,18,2,2,1,1,18.99,18.99
O002168,S0034930,U014877,2021-01-09,28,1,1,1,1,9.99,9.99
O002169,S0034945,U014883,2020-12-29,26,1,2,1,1,7.99,7.99
O002170,S0034962,U014890,2020-12-03,37,2,2,1,1,22.49,22.49
O002170,S0034962,U014890,2020-12-03,5,2,2,1,1,43.99,43.99
O002170,S0034962,U014890,2020-12-03,16,2,2,1,1,28.04,28.04
O002170,S0034962,U014890,2020-12-03,12,2,2,1,1,50.99,50.99
O002171,S0034964,U014890,2020-12-09,13,2,2,1,1,74.99,74.99
O002172,S0034967,U014892,2021-01-26,28,5,2,1,1,9.99,9.99
O002172,S0034967,U014892,2021-01-26,15,5,2,1,1,24.99,24.99
O002172,S0034967,U014892,2021-01-26,25,5,2,1,1,6.99,6.99
O002173,S0034977,U014896,2021-01-17,12,1,1,1,1,59.99,59.99
O002173,S0034977,U014896,2021-01-17,13,1,1,1,1,74.99,74.99
O002173,S0034977,U014896,2021-01-17,6,1,1,1,1,49.99,49.99
O002174,S0034980,U014897,2021-01-04,31,4,1,3,1,29.99,29.99
O002175,S0034995,U014903,2020-12-13,4,4,1,1,1,25.99,25.99
O002176,S0035018,U014913,2020-11-16,17,1,2,1,2,17.99,35.98
O002176,S0035018,U014913,2020-11-16,33,1,2,1,1,44.99,44.99
O002177,S0035033,U014920,2020-12-13,32,2,1,4,1,19.99,19.99
O002178,S0035057,U014928,2021-01-07,30,4,2,5,1,24.99,24.99
O002178,S0035057,U014928,2021-01-07,16,4,2,5,1,32.99,32.99
O002179,S0035071,U014935,2020-12-24,40,2,1,10,1,28.99,28.99
O002179,S0035071,U014935,2020-12-24,39,2,1,10,1,10.79,10.79
O002180,S0035150,U014968,2020-12-27,16,3,1,10,1,32.99,32.99
O002180,S0035150,U014968,2020-12-27,17,3,1,10,1,17.99,17.99
O002180,S0035150,U014968,2020-12-27,19,3,1,10,1,29.99,29.99
O002181,S0035152,U014968,2020-12-29,12,1,1,10,1,59.99,59.99
O002181,S0035152,U014968,2020-12-29,35,1,1,10,1,19.99,19.99
O002182,S0035168,U014972,2020-12-25,27,3,2,2,1,8.99,8.99
O002183,S0035185,U014978,2020-12-22,41,4,2,1,1,15.99,15.99
O002183,S0035185,U014978,2020-12-22,14,4,2,1,1,15.29,15.29
O002184,S0035188,U014979,2020-12-16,8,6,2,1,1,20.69,20.69
O002184,S0035188,U014979,2020-12-16,41,6,2,1,1,14.39,14.39
O002184,S0035188,U014979,2020-12-16,40,6,2,1,1,28.99,28.99
O002184,S0035188,U014979,2020-12-16,16,6,2,1,1,32.99,32.99
O002185,S0035204,U014987,2020-12-08,30,3,2,3,1,24.99,24.99
O002185,S0035204,U014987,2020-12-08,23,3,2,3,1,19.99,19.99
O002186,S0035223,U014994,2020-11-28,3,2,2,2,1,22.94,22.94
O002187,S0035228,U014996,2020-12-13,15,3,2,1,1,24.99,24.99
O002188,S0035229,U014996,2020-12-16,4,2,2,1,1,25.99,25.99
O002189,S0035285,U015020,2020-11-27,35,3,1,1,1,15.99,15.99
O002189,S0035285,U015020,2020-11-27,25,3,1,1,2,6.29,12.58
O002190,S0035292,U015023,2020-12-08,37,4,2,1,1,24.99,24.99
O002191,S0035319,U015035,2020-12-05,25,1,2,2,1,6.99,6.99
O002192,S0035336,U015041,2020-12-06,36,3,2,3,1,20.99,20.99
O002193,S0035344,U015045,2021-01-27,31,3,2,10,1,29.99,29.99
O002193,S0035344,U015045,2021-01-27,26,3,2,10,1,7.99,7.99
O002194,S0035357,U015050,2020-12-05,3,6,1,2,1,26.99,26.99
O002195,S0035370,U015054,2021-01-06,5,3,1,3,1,54.99,54.99
O002196,S0035389,U015062,2020-12-04,23,4,1,1,1,19.99,19.99
O002197,S0035395,U015064,2020-12-30,26,3,2,1,2,7.99,15.98
O002198,S0035400,U015066,2020-12-25,37,4,3,1,1,24.99,24.99
O002199,S0035456,U015091,2020-12-28,11,1,2,2,1,18.99,18.99
O002199,S0035456,U015091,2020-12-28,30,1,2,2,1,24.99,24.99
O002199,S0035456,U015091,2020-12-28,12,1,2,2,1,59.99,59.99
O002199,S0035456,U015091,2020-12-28,25,1,2,2,1,6.99,6.99
O002200,S0035469,U015097,2020-12-09,12,1,1,7,1,59.99,59.99
O002200,S0035469,U015097,2020-12-09,35,1,1,7,1,19.99,19.99
O002201,S0035545,U015126,2020-12-17,34,3,2,1,1,21.99,21.99
O002202,S0035563,U015133,2020-12-12,38,1,1,1,1,16.99,16.99
O002202,S0035563,U015133,2020-12-12,42,1,1,1,1,12.99,12.99
O002203,S0035564,U015133,2020-12-13,1,3,2,1,1,24.99,24.99
O002204,S0035575,U015136,2020-12-05,8,2,2,2,1,22.99,22.99
O002204,S0035575,U015136,2020-12-05,17,2,2,2,1,17.99,17.99
O002205,S0035597,U015146,2020-12-24,19,1,2,1,2,29.99,59.98
O002205,S0035597,U015146,2020-12-24,1,1,2,1,1,24.99,24.99
O002205,S0035597,U015146,2020-12-24,20,1,2,1,1,12.99,12.99
O002206,S0035604,U015148,2020-11-13,37,1,2,1,1,24.99,24.99
O002206,S0035604,U015148,2020-11-13,14,1,2,1,2,16.99,33.98
O002206,S0035604,U015148,2020-11-13,7,1,2,1,1,79.99,79.99
O002206,S0035604,U015148,2020-11-13,1,1,2,1,1,24.99,24.99
O002207,S0035610,U015152,2020-12-03,31,6,1,3,1,26.99,26.99
O002207,S0035610,U015152,2020-12-03,16,6,1,3,2,28.04,56.08
O002207,S0035610,U015152,2020-12-03,20,6,1,3,1,11.69,11.69
O002207,S0035610,U015152,2020-12-03,4,6,1,3,1,22.09,22.09
O002208,S0035632,U015163,2020-11-11,22,1,1,1,1,9.99,9.99
O002208,S0035632,U015163,2020-11-11,18,1,1,1,1,18.99,18.99
O002209,S0035671,U015178,2021-01-31,24,3,2,3,1,14.99,14.99
O002210,S0035673,U015179,2020-12-02,20,2,2,1,1,11.04,11.04
O002211,S0035679,U015182,2020-12-23,10,3,2,1,1,14.99,14.99
O002212,S0035681,U015183,2021-01-21,29,1,2,2,1,10.99,10.99
O002213,S0035694,U015189,2021-01-02,18,1,1,1,1,18.99,18.99
O002214,S0035705,U015192,2021-01-20,13,1,1,2,1,74.99,74.99
O002215,S0035708,U015194,2021-01-04,32,2,1,5,1,19.99,19.99
O002215,S0035708,U015194,2021-01-04,8,2,1,5,1,22.99,22.99
O002216,S0035712,U015197,2021-01-13,31,3,2,3,1,29.99,29.99
O002216,S0035712,U015197,2021-01-13,24,3,2,3,2,14.99,29.98
O002216,S0035712,U015197,2021-01-13,42,3,2,3,1,12.99,12.99
O002217,S0035719,U015201,2021-01-03,1,2,1,1,1,24.99,24.99
O002218,S0035727,U015206,2020-12-21,5,3,2,3,1,54.99,54.99
O002219,S0035742,U015213,2020-11-30,15,6,1,1,1,21.24,21.24
O002220,S0035774,U015227,2020-12-07,2,2,2,1,2,27.99,55.98
O002221,S0035799,U015236,2020-12-20,17,3,1,7,2,17.99,35.98
O002221,S0035799,U015236,2020-12-20,20,3,1,7,1,11.69,11.69
O002222,S0035800,U015236,2020-12-22,12,3,1,7,1,59.99,59.99
O002223,S0035802,U015237,2020-12-21,34,1,1,2,1,21.99,21.99
O002223,S0035802,U015237,2020-12-21,9,1,1,2,1,23.99,23.99
O002224,S0035807,U015238,2020-11-28,19,2,2,1,1,23.99,23.99
O002224,S0035807,U015238,2020-11-28,41,2,2,1,1,13.59,13.59
O002225,S0035834,U015251,2020-12-01,37,2,2,1,1,22.49,22.49
O002226,S0035841,U015254,2020-12-16,29,2,1,1,1,10.99,10.99
O002226,S0035841,U015254,2020-12-16,20,2,1,1,1,11.69,11.69
O002227,S0035852,U015258,2020-11-10,24,1,3,1,1,14.99,14.99
O002228,S0035887,U015273,2020-11-05,10,5,2,3,1,14.99,14.99
O002229,S0035910,U015281,2020-12-02,23,6,1,1,1,17.99,17.99
O002229,S0035910,U015281,2020-12-02,9,6,1,1,2,21.59,43.18
O002230,S0035933,U015291,2021-01-01,21,1,1,1,1,21.99,21.99
O002230,S0035933,U015291,2021-01-01,2,1,1,1,1,27.99,27.99
O002231,S0035936,U015292,2020-12-21,25,4,2,2,1,6.99,6.99
O002231,S0035936,U015292,2020-12-21,27,4,2,2,1,8.99,8.99
O002232,S0035964,U015302,2020-12-28,1,3,1,1,1,24.99,24.99
O002233,S0035978,U015308,2020-11-29,20,2,1,6,1,11.69,11.69
O002233,S0035978,U015308,2020-11-29,6,2,1,6,1,39.99,39.99
O002234,S0036006,U015319,2021-01-29,12,2,2,4,1,59.99,59.99
O002235,S0036033,U015332,2020-12-09,36,7,2,10,1,20.99,20.99
O002235,S0036033,U015332,2020-12-09,24,7,2,10,1,14.99,14.99
O002235,S0036033,U015332,2020-12-09,17,7,2,10,1,17.99,17.99
O002236,S0036063,U015343,2020-11-12,27,1,1,1,1,8.99,8.99
O002236,S0036063,U015343,2020-11-12,42,1,1,1,1,12.99,12.99
O002237,S0036088,U015352,2020-11-27,19,2,1,1,1,26.99,26.99
O002237,S0036088,U015352,2020-11-27,15,2,1,1,1,21.24,21.24
O002237,S0036088,U015352,2020-11-27,12,2,1,1,1,53.99,53.99
O002238,S0036094,U015355,2021-01-14,22,6,2,1,1,9.99,9.99
O002238,S0036094,U015355,2021-01-14,1,6,2,1,1,24.99,24.99
O002239,S0036137,U015374,2020-12-12,16,2,1,2,1,32.99,32.99
O002239,S0036137,U015374,2020-12-12,25,2,1,2,1,6.99,6.99
O002240,S0036138,U015374,2020-12-16,4,6,2,2,1,25.99,25.99
O002240,S0036138,U015374,2020-12-16,2,6,2,2,1,27.99,27.99
O002241,S0036159,U015382,2020-12-10,42,3,1,1,1,12.99,12.99
O002241,S0036159,U015382,2020-12-10,5,3,1,1,1,54.99,54.99
O002242,S0036166,U015386,2020-12-25,3,1,1,1,1,26.99,26.99
O002243,S0036173,U015389,2020-12-04,19,1,2,1,1,29.99,29.99
O002243,S0036173,U015389,2020-12-04,36,1,2,1,1,20.99,20.99
O002244,S0036177,U015392,2021-01-23,18,6,2,1,2,18.99,37.98
O002245,S0036178,U015392,2021-01-24,25,1,1,1,1,6.99,6.99
O002245,S0036178,U015392,2021-01-24,37,1,1,1,1,24.99,24.99
O002246,S0036217,U015406,2020-12-27,17,2,1,1,2,17.99,35.98
O002246,S0036217,U015406,2020-12-27,34,2,1,1,1,21.99,21.99
O002246,S0036217,U015406,2020-12-27,15,2,1,1,1,24.99,24.99
O002247,S0036234,U015416,2021-01-15,2,6,1,1,1,27.99,27.99
O002248,S0036267,U015429,2020-11-30,6,1,2,1,1,39.99,39.99
O002248,S0036267,U015429,2020-11-30,40,1,2,1,1,23.19,23.19
O002249,S0036273,U015430,2020-11-27,42,3,2,3,1,11.04,11.04
O002250,S0036282,U015433,2020-11-22,9,3,1,4,1,23.99,23.99
O002251,S0036322,U015451,2021-01-09,41,1,1,1,1,15.99,15.99
O002251,S0036322,U015451,2021-01-09,32,1,1,1,1,19.99,19.99
O002252,S0036325,U015452,2021-01-14,17,1,2,1,1,17.99,17.99
O002253,S0036341,U015461,2021-01-04,6,1,1,10,2,49.99,99.98
O002253,S0036341,U015461,2021-01-04,2,1,1,10,1,27.99,27.99
O002254,S0036363,U015471,2020-12-07,39,1,1,5,1,11.99,11.99
O002254,S0036363,U015471,2020-12-07,11,1,1,5,1,18.99,18.99
O002254,S0036363,U015471,2020-12-07,15,1,1,5,1,24.99,24.99
O002255,S0036367,U015473,2020-12-22,26,1,1,1,1,7.99,7.99
O002255,S0036367,U015473,2020-12-22,32,1,1,1,1,19.99,19.99
O002256,S0036369,U015474,2020-11-23,28,3,2,1,1,9.99,9.99
O002257,S0036377,U015477,2021-01-03,7,2,1,1,1,79.99,79.99
O002258,S0036391,U015484,2020-12-01,18,1,2,1,1,15.19,15.19
O002259,S0036417,U015491,2020-12-11,5,1,2,7,1,54.99,54.99
O002259,S0036417,U015491,2020-12-11,15,1,2,7,1,22.49,22.49
O002260,S0036452,U015505,2021-01-03,36,2,2,2,1,20.99,20.99
O002260,S0036452,U015505,2021-01-03,40,2,2,2,1,28.99,28.99
O002261,S0036456,U015507,2020-12-19,20,6,1,1,1,12.99,12.99
O002262,S0036478,U015513,2020-12-05,21,4,2,5,1,21.99,21.99
O002262,S0036478,U015513,2020-12-05,24,4,2,5,1,14.99,14.99
O002263,S0036482,U015515,2021-01-03,32,7,1,1,1,19.99,19.99
O002263,S0036482,U015515,2021-01-03,15,7,1,1,1,24.99,24.99
O002264,S0036507,U015526,2020-12-29,24,3,1,2,1,14.99,14.99
O002265,S0036510,U015528,2020-11-19,19,5,2,3,1,29.99,29.99
O002265,S0036510,U015528,2020-11-19,27,5,2,3,1,8.99,8.99
O002266,S0036516,U015529,2020-12-26,4,1,1,2,1,25.99,25.99
O002267,S0036561,U015545,2020-11-30,5,3,2,1,1,46.74,46.74
O002267,S0036561,U015545,2020-11-30,33,3,2,1,1,40.49,40.49
O002268,S0036583,U015553,2020-12-02,33,2,2,8,1,40.49,40.49
O002268,S0036583,U015553,2020-12-02,37,2,2,8,1,19.99,19.99
O002269,S0036600,U015562,2020-11-23,36,2,1,3,1,20.99,20.99
O002270,S0036639,U015580,2020-12-21,1,3,1,3,2,24.99,49.98
O002270,S0036639,U015580,2020-12-21,3,3,1,3,1,26.99,26.99
O002270,S0036639,U015580,2020-12-21,21,3,1,3,1,19.79,19.79
O002271,S0036661,U015590,2020-12-26,32,1,2,1,1,17.99,17.99
O002271,S0036661,U015590,2020-12-26,12,1,2,1,1,59.99,59.99
O002272,S0036666,U015591,2020-12-27,30,6,1,1,1,24.99,24.99
O002273,S0036673,U015593,2020-12-23,28,1,1,5,1,9.99,9.99
O002273,S0036673,U015593,2020-12-23,17,1,1,5,1,17.99,17.99
O002274,S0036676,U015595,2020-12-18,32,1,2,1,1,19.99,19.99
O002275,S0036677,U015595,2020-12-19,9,1,2,1,1,21.59,21.59
O002276,S0036681,U015596,2020-12-13,34,2,2,10,1,21.99,21.99
O002276,S0036681,U015596,2020-12-13,12,2,2,10,1,59.99,59.99
O002277,S0036702,U015603,2020-11-19,35,5,2,1,1,19.99,19.99
O002278,S0036742,U015622,2020-12-24,34,2,2,1,1,19.79,19.79
O002278,S0036742,U015622,2020-12-24,9,2,2,1,1,23.99,23.99
O002278,S0036742,U015622,2020-12-24,31,2,2,1,2,29.99,59.98
O002279,S0036747,U015624,2020-12-05,36,3,1,5,1,20.99,20.99
O002280,S0036762,U015631,2020-12-14,15,2,2,10,1,22.49,22.49
O002281,S0036777,U015638,2020-12-11,7,6,2,1,1,79.99,79.99
O002281,S0036777,U015638,2020-12-11,38,6,2,1,1,16.99,16.99
O002281,S0036777,U015638,2020-12-11,16,6,2,1,1,29.69,29.69
O002282,S0036785,U015641,2020-11-14,27,3,1,1,1,8.99,8.99
O002283,S0036808,U015651,2021-01-20,3,3,2,5,1,26.99,26.99
O002283,S0036808,U015651,2021-01-20,16,3,2,5,1,32.99,32.99
O002283,S0036808,U015651,2021-01-20,7,3,2,5,1,79.99,79.99
O002284,S0036818,U015656,2020-11-15,15,2,1,1,1,24.99,24.99
O002285,S0036820,U015658,2020-12-07,10,2,2,1,2,14.99,29.98
O002285,S0036820,U015658,2020-12-07,11,2,2,1,1,18.99,18.99
O002286,S0036826,U015660,2020-12-21,17,2,1,1,1,17.99,17.99
O002286,S0036826,U015660,2020-12-21,13,2,1,1,1,74.99,74.99
O002287,S0036841,U015666,2021-01-28,23,1,1,5,1,19.99,19.99
O002288,S0036863,U015677,2020-11-23,8,2,3,5,1,22.99,22.99
O002288,S0036863,U015677,2020-11-23,34,2,3,5,1,21.99,21.99
O002289,S0036870,U015679,2020-11-21,27,3,2,1,1,8.99,8.99
O002290,S0036883,U015684,2021-01-06,4,6,1,4,1,25.99,25.99
O002291,S0036887,U015687,2020-12-25,10,4,2,2,1,14.99,14.99
O002291,S0036887,U015687,2020-12-25,24,4,2,2,1,14.99,14.99
O002292,S0036910,U015698,2020-12-18,15,2,1,8,2,24.99,49.98
O002292,S0036910,U015698,2020-12-18,33,2,1,8,1,44.99,44.99
O002292,S0036910,U015698,2020-12-18,12,2,1,8,1,59.99,59.99
O002293,S0036930,U015707,2020-12-25,20,7,2,1,1,11.69,11.69
O002294,S0036944,U015710,2021-01-31,11,1,2,2,1,18.99,18.99
O002295,S0036947,U015711,2020-12-21,35,1,2,1,1,19.99,19.99
O002295,S0036947,U015711,2020-12-21,9,1,2,1,1,21.59,21.59
O002296,S0036950,U015713,2020-11-29,25,3,1,1,1,5.94,5.94
O002297,S0036964,U015720,2020-11-07,39,1,1,1,1,11.99,11.99
O002297,S0036964,U015720,2020-11-07,18,1,1,1,1,18.99,18.99
O002297,S0036964,U015720,2020-11-07,5,1,1,1,1,54.99,54.99
O002298,S0036966,U015721,2021-01-17,15,3,1,1,1,24.99,24.99
O002298,S0036966,U015721,2021-01-17,32,3,1,1,1,19.99,19.99
O002299,S0036968,U015722,2020-12-02,42,2,1,2,1,11.04,11.04
O002299,S0036968,U015722,2020-12-02,39,2,1,2,1,9.59,9.59
O002300,S0036993,U015735,2020-11-30,14,2,1,2,2,14.44,28.88
O002300,S0036993,U015735,2020-11-30,6,2,1,2,1,39.99,39.99
O002301,S0036998,U015736,2020-12-19,6,4,1,4,1,44.99,44.99
O002301,S0036998,U015736,2020-12-19,40,4,1,4,1,28.99,28.99
O002302,S0037001,U015737,2020-12-16,21,2,1,1,2,21.99,43.98
O002302,S0037001,U015737,2020-12-16,31,2,1,1,1,29.99,29.99
O002303,S0037015,U015744,2020-12-13,1,2,1,7,1,22.49,22.49
O002304,S0037022,U015746,2020-12-31,15,4,2,1,1,24.99,24.99
O002304,S0037022,U015746,2020-12-31,27,4,2,1,1,8.99,8.99
O002305,S0037038,U015753,2020-11-30,25,2,2,1,1,5.94,5.94
O002306,S0037056,U015760,2020-12-18,13,3,1,1,1,74.99,74.99
O002306,S0037056,U015760,2020-12-18,19,3,1,1,1,29.99,29.99
O002306,S0037056,U015760,2020-12-18,37,3,1,1,1,24.99,24.99
O002307,S0037108,U015778,2020-12-05,34,6,2,2,2,21.99,43.98
O002307,S0037108,U015778,2020-12-05,42,6,2,2,1,12.99,12.99
O002308,S0037119,U015782,2020-11-17,32,1,2,9,1,19.99,19.99
O002308,S0037119,U015782,2020-11-17,41,1,2,9,1,15.99,15.99
O002309,S0037125,U015783,2020-12-02,24,2,3,2,1,11.99,11.99
O002309,S0037125,U015783,2020-12-02,39,2,3,2,1,9.59,9.59
O002309,S0037125,U015783,2020-12-02,14,2,3,2,1,14.44,14.44
O002310,S0037157,U015796,2021-01-03,11,2,1,1,1,18.99,18.99
O002310,S0037157,U015796,2021-01-03,4,2,1,1,1,25.99,25.99
O002311,S0037160,U015797,2020-11-10,42,1,1,1,1,12.99,12.99
O002312,S0037165,U015798,2020-11-12,36,1,1,10,1,20.99,20.99
O002312,S0037165,U015798,2020-11-12,33,1,1,10,2,44.99,89.98
O002313,S0037175,U015800,2021-01-01,34,1,1,1,1,21.99,21.99
O002314,S0037186,U015804,2020-12-31,17,4,1,1,1,17.99,17.99
O002314,S0037186,U015804,2020-12-31,41,4,1,1,1,15.99,15.99
O002314,S0037186,U015804,2020-12-31,18,4,1,1,1,18.99,18.99
O002315,S0037192,U015806,2021-01-16,34,2,1,1,1,21.99,21.99
O002315,S0037192,U015806,2021-01-16,23,2,1,1,1,19.99,19.99
O002316,S0037216,U015814,2020-12-24,9,2,2,7,1,21.59,21.59
O002317,S0037238,U015822,2020-12-17,39,2,1,4,1,11.99,11.99
O002318,S0037240,U015824,2020-11-29,37,3,2,1,2,22.49,44.98
O002318,S0037240,U015824,2020-11-29,26,3,2,1,1,7.19,7.19
O002319,S0037262,U015834,2020-12-06,37,6,2,5,1,24.99,24.99
O002320,S0037290,U015846,2020-12-16,1,3,1,2,1,24.99,24.99
O002320,S0037290,U015846,2020-12-16,15,3,1,2,2,24.99,49.98
O002321,S0037292,U015847,2020-11-26,23,1,1,1,1,15.99,15.99
O002322,S0037305,U015851,2020-11-20,38,3,2,5,1,16.99,16.99
O002322,S0037305,U015851,2020-11-20,33,3,2,5,1,44.99,44.99
O002323,S0037328,U015862,2020-12-28,30,3,2,1,1,24.99,24.99
O002323,S0037328,U015862,2020-12-28,8,3,2,1,1,22.99,22.99
O002324,S0037336,U015866,2020-11-15,40,2,2,9,1,28.99,28.99
O002325,S0037367,U015877,2020-12-06,17,3,2,3,1,17.99,17.99
O002326,S0037368,U015877,2020-12-11,21,6,2,3,1,21.99,21.99
O002326,S0037368,U015877,2020-12-11,17,6,2,3,1,16.19,16.19
O002327,S0037434,U015901,2020-12-10,3,1,1,1,1,26.99,26.99
O002328,S0037446,U015904,2020-12-20,23,3,2,1,1,19.99,19.99
O002328,S0037446,U015904,2020-12-20,27,3,2,1,2,8.99,17.98
O002329,S0037454,U015906,2020-12-12,36,2,2,1,1,18.89,18.89
O002330,S0037466,U015910,2020-11-30,5,1,2,10,1,49.49,49.49
O002330,S0037466,U015910,2020-11-30,34,1,2,10,1,19.79,19.79
O002330,S0037466,U015910,2020-11-30,9,1,2,10,1,21.59,21.59
O002331,S0037479,U015916,2020-12-14,30,3,3,2,2,24.99,49.98
O002331,S0037479,U015916,2020-12-14,36,3,3,2,1,18.89,18.89
O002332,S0037484,U015918,2020-11-19,6,1,2,8,1,49.99,49.99
O002332,S0037484,U015918,2020-11-19,13,1,2,8,1,74.99,74.99
O002333,S0037516,U015931,2020-11-26,6,1,3,2,1,39.99,39.99
O002333,S0037516,U015931,2020-11-26,15,1,3,2,1,22.49,22.49
O002334,S0037517,U015932,2020-12-01,24,1,2,8,1,12.74,12.74
O002334,S0037517,U015932,2020-12-01,18,1,2,8,1,16.14,16.14
O002335,S0037539,U015941,2021-01-31,15,1,2,1,1,24.99,24.99
O002336,S0037556,U015950,2020-11-28,14,7,2,8,1,13.59,13.59
O002337,S0037579,U015962,2020-12-11,41,4,1,1,2,15.99,31.98
O002338,S0037600,U015971,2020-12-19,19,1,2,1,1,29.99,29.99
O002339,S0037634,U015985,2020-12-15,2,6,2,8,2,27.99,55.98
O002340,S0037658,U015993,2020-12-10,35,1,2,5,1,19.99,19.99
O002340,S0037658,U015993,2020-12-10,30,1,2,5,1,24.99,24.99
O002341,S0037671,U015999,2020-12-21,15,1,1,2,1,24.99,24.99
O002341,S0037671,U015999,2020-12-21,13,1,1,2,1,74.99,74.99
O002342,S0037677,U016001,2020-11-29,1,2,2,1,1,22.49,22.49
O002343,S0037691,U016006,2020-11-26,10,1,2,2,1,12.74,12.74
O002343,S0037691,U016006,2020-11-26,1,1,2,2,1,21.24,21.24
O002344,S0037713,U016017,2020-12-19,20,3,3,1,1,12.99,12.99
O002345,S0037722,U016020,2020-11-18,4,6,1,2,1,25.99,25.99
O002346,S0037761,U016032,2020-12-31,19,2,1,5,1,29.99,29.99
O002346,S0037761,U016032,2020-12-31,37,2,1,5,2,24.99,49.98
O002347,S0037782,U016040,2020-11-23,28,3,2,4,1,9.99,9.99
O002347,S0037782,U016040,2020-11-23,36,3,2,4,1,20.99,20.99
O002347,S0037782,U016040,2020-11-23,12,3,2,4,1,59.99,59.99
O002348,S0037802,U016050,2020-11-23,5,2,1,1,1,54.99,54.99
O002348,S0037802,U016050,2020-11-23,34,2,1,1,1,21.99,21.99
O002349,S0037838,U016066,2020-11-17,6,4,2,4,1,49.99,49.99
O002350,S0037875,U016080,2020-11-11,2,6,1,1,1,27.99,27.99
O002351,S0037907,U016095,2020-12-27,23,1,2,8,1,19.99,19.99
O002352,S0037908,U016096,2020-12-11,35,3,1,1,1,19.99,19.99
O002353,S0037976,U016129,2020-12-13,9,6,2,8,1,23.99,23.99
O002353,S0037976,U016129,2020-12-13,22,6,2,8,1,9.99,9.99
O002353,S0037976,U016129,2020-12-13,17,6,2,8,1,17.99,17.99
O002354,S0037996,U016138,2020-12-17,36,3,2,1,1,20.99,20.99
O002355,S0038038,U016152,2021-01-01,35,2,1,1,1,19.99,19.99
O002355,S0038038,U016152,2021-01-01,27,2,1,1,1,8.99,8.99
O002356,S0038043,U016154,2020-11-27,33,1,1,1,1,35.99,35.99
O002357,S0038056,U016159,2020-12-20,17,7,1,6,1,17.99,17.99
O002358,S0038078,U016168,2020-11-20,2,7,2,1,1,27.99,27.99
O002358,S0038078,U016168,2020-11-20,29,7,2,1,1,10.99,10.99
O002359,S0038080,U016169,2020-12-10,17,1,2,1,1,17.99,17.99
O002359,S0038080,U016169,2020-12-10,4,1,2,1,1,25.99,25.99
O002360,S0038083,U016170,2020-12-29,6,1,3,7,1,49.99,49.99
O002360,S0038083,U016170,2020-12-29,7,1,3,7,1,79.99,79.99
O002361,S0038102,U016177,2020-11-21,39,1,2,4,1,11.99,11.99
O002362,S0038151,U016196,2021-01-08,20,1,2,1,1,12.99,12.99
O002362,S0038151,U016196,2021-01-08,27,1,2,1,1,8.99,8.99
O002363,S0038152,U016197,2020-12-31,19,4,2,1,1,29.99,29.99
O002363,S0038152,U016197,2020-12-31,25,4,2,1,1,6.99,6.99
O002363,S0038152,U016197,2020-12-31,41,4,2,1,1,15.99,15.99
O002363,S0038152,U016197,2020-12-31,30,4,2,1,1,24.99,24.99
O002364,S0038158,U016198,2020-12-09,19,4,1,1,1,29.99,29.99
O002365,S0038169,U016204,2020-11-28,30,4,1,1,1,21.24,21.24
O002366,S0038170,U016204,2020-12-02,37,4,1,1,1,22.49,22.49
O002367,S0038193,U016213,2021-01-02,36,2,2,7,1,20.99,20.99
O002367,S0038193,U016213,2021-01-02,4,2,2,7,1,25.99,25.99
O002368,S0038210,U016222,2020-12-26,41,2,3,6,1,14.39,14.39
O002369,S0038251,U016239,2020-12-26,16,1,2,1,1,32.99,32.99
O002369,S0038251,U016239,2020-12-26,34,1,2,1,2,21.99,43.98
O002370,S0038254,U016241,2021-01-10,32,1,2,1,2,19.99,39.98
O002370,S0038254,U016241,2021-01-10,29,1,2,1,1,10.99,10.99
O002371,S0038264,U016245,2020-12-16,41,1,2,4,1,15.99,15.99
O002372,S0038266,U016247,2020-12-07,2,2,1,2,1,27.99,27.99
O002372,S0038266,U016247,2020-12-07,14,2,1,2,2,16.99,33.98
O002373,S0038289,U016257,2020-12-03,37,3,1,1,1,22.49,22.49
O002373,S0038289,U016257,2020-12-03,29,3,1,1,1,9.34,9.34
O002374,S0038311,U016265,2020-11-27,33,7,3,7,1,40.49,40.49
O002375,S0038314,U016266,2020-12-21,11,1,2,1,1,18.99,18.99
O002376,S0038319,U016268,2020-11-26,5,2,1,9,1,46.74,46.74
O002377,S0038322,U016270,2020-12-27,15,4,2,1,1,24.99,24.99
O002377,S0038322,U016270,2020-12-27,8,4,2,1,1,22.99,22.99
O002377,S0038322,U016270,2020-12-27,42,4,2,1,1,12.99,12.99
O002377,S0038322,U016270,2020-12-27,11,4,2,1,1,18.99,18.99
O002378,S0038327,U016273,2020-12-28,23,6,1,3,1,19.99,19.99
O002379,S0038335,U016277,2020-11-29,7,2,2,1,1,67.99,67.99
O002380,S0038340,U016279,2021-01-08,14,1,2,1,1,16.99,16.99
O002381,S0038383,U016295,2020-12-10,29,2,2,7,2,9.89,19.78
O002381,S0038383,U016295,2020-12-10,40,2,2,7,1,26.09,26.09
O002382,S0038394,U016299,2020-11-17,11,3,2,5,2,18.99,37.98
O002382,S0038394,U016299,2020-11-17,6,3,2,5,1,49.99,49.99
O002383,S0038396,U016300,2020-12-04,7,1,2,7,1,79.99,79.99
O002384,S0038398,U016300,2020-12-08,12,2,2,7,1,59.99,59.99
O002384,S0038398,U016300,2020-12-08,30,2,2,7,1,24.99,24.99
O002384,S0038398,U016300,2020-12-08,25,2,2,7,1,6.99,6.99
O002385,S0038409,U016304,2020-12-27,16,7,1,10,1,32.99,32.99
O002386,S0038411,U016305,2020-11-20,24,3,2,5,1,14.99,14.99
O002386,S0038411,U016305,2020-11-20,7,3,2,5,1,79.99,79.99
O002387,S0038421,U016307,2020-12-15,4,1,1,1,2,25.99,51.98
O002388,S0038426,U016309,2020-12-13,7,5,2,6,1,79.99,79.99
O002389,S0038478,U016332,2020-12-20,3,2,2,1,2,26.99,53.98
O002389,S0038478,U016332,2020-12-20,14,2,2,1,2,15.29,30.58
O002389,S0038478,U016332,2020-12-20,19,2,2,1,1,29.99,29.99
O002389,S0038478,U016332,2020-12-20,9,2,2,1,1,23.99,23.99
O002390,S0038490,U016336,2021-01-02,2,1,2,1,2,27.99,55.98
O002391,S0038493,U016337,2020-12-02,8,2,1,1,1,19.54,19.54
O002392,S0038511,U016345,2020-11-25,5,3,1,3,1,46.74,46.74
O002392,S0038511,U016345,2020-11-25,1,3,1,3,1,22.49,22.49
O002393,S0038561,U016366,2020-12-06,34,3,1,1,1,21.99,21.99
O002393,S0038561,U016366,2020-12-06,5,3,1,1,2,54.99,109.98
O002394,S0038579,U016375,2021-01-06,17,2,1,7,1,17.99,17.99
O002395,S0038598,U016383,2020-12-15,2,1,2,4,1,27.99,27.99
O002396,S0038609,U016387,2020-12-11,18,7,1,2,1,18.99,18.99
O002396,S0038609,U016387,2020-12-11,12,7,1,2,1,59.99,59.99
O002396,S0038609,U016387,2020-12-11,15,7,1,2,1,24.99,24.99
O002397,S0038623,U016394,2020-11-18,25,2,2,8,1,6.99,6.99
O002397,S0038623,U016394,2020-11-18,6,2,2,8,2,49.99,99.98
O002398,S0038662,U016409,2020-12-18,11,4,1,1,1,17.09,17.09
O002399,S0038686,U016421,2020-12-08,15,4,2,2,1,24.99,24.99
O002400,S0038695,U016425,2020-12-10,24,3,2,1,1,13.49,13.49
O002400,S0038695,U016425,2020-12-10,8,3,2,1,1,22.99,22.99
O002401,S0038709,U016429,2020-12-14,18,3,1,3,1,18.99,18.99
O002401,S0038709,U016429,2020-12-14,32,3,1,3,1,19.99,19.99
O002401,S0038709,U016429,2020-12-14,26,3,1,3,1,7.99,7.99
O002402,S0038721,U016436,2020-12-14,17,2,1,9,1,17.99,17.99
O002402,S0038721,U016436,2020-12-14,15,2,1,9,1,24.99,24.99
O002403,S0038736,U016442,2020-12-24,11,1,2,1,1,18.99,18.99
O002404,S0038738,U016442,2020-12-26,17,1,2,1,1,17.99,17.99
O002405,S0038746,U016445,2020-12-07,30,1,2,5,1,24.99,24.99
O002406,S0038750,U016448,2020-12-02,34,1,3,1,1,18.69,18.69
O002407,S0038776,U016459,2020-11-23,29,6,2,2,1,10.99,10.99
O002408,S0038796,U016468,2020-12-27,36,3,2,1,1,20.99,20.99
O002408,S0038796,U016468,2020-12-27,28,3,2,1,2,9.99,19.98
O002409,S0038806,U016472,2020-12-06,1,1,1,1,1,24.99,24.99
O002410,S0038809,U016473,2020-12-03,12,1,1,1,2,47.99,95.98
O002410,S0038809,U016473,2020-12-03,37,1,1,1,1,19.99,19.99
O002411,S0038812,U016474,2020-12-20,34,1,2,9,1,21.99,21.99
O002412,S0038835,U016484,2020-12-07,3,1,2,9,1,26.99,26.99
O002413,S0038840,U016487,2020-12-04,10,6,2,2,1,14.99,14.99
O002414,S0038868,U016498,2020-12-26,29,2,2,1,1,10.99,10.99
O002414,S0038868,U016498,2020-12-26,40,2,2,1,1,28.99,28.99
O002415,S0038875,U016502,2021-01-03,29,4,2,10,1,10.99,10.99
O002415,S0038875,U016502,2021-01-03,3,4,2,10,1,26.99,26.99
O002415,S0038875,U016502,2021-01-03,17,4,2,10,1,17.99,17.99
O002416,S0038900,U016514,2020-12-04,28,1,2,1,1,9.99,9.99
O002417,S0038912,U016519,2020-11-01,23,1,2,3,1,19.99,19.99
O002417,S0038912,U016519,2020-11-01,16,1,2,3,1,32.99,32.99
O002417,S0038912,U016519,2020-11-01,17,1,2,3,1,17.99,17.99
O002418,S0038920,U016522,2020-11-22,1,2,2,10,1,24.99,24.99
O002419,S0038926,U016524,2020-12-30,41,2,1,1,1,15.99,15.99
O002420,S0038940,U016532,2021-01-28,15,4,2,1,1,24.99,24.99
O002421,S0038956,U016541,2021-01-17,25,2,2,3,1,6.99,6.99
O002421,S0038956,U016541,2021-01-17,31,2,2,3,1,29.99,29.99
O002422,S0038962,U016544,2020-12-14,9,1,2,2,1,23.99,23.99
O002423,S0038978,U016549,2020-12-25,8,7,2,1,1,22.99,22.99
O002423,S0038978,U016549,2020-12-25,14,7,2,1,1,15.29,15.29
O002423,S0038978,U016549,2020-12-25,36,7,2,1,1,20.99,20.99
O002424,S0038989,U016553,2020-11-21,41,1,1,1,2,15.99,31.98
O002425,S0039008,U016560,2020-12-22,20,1,2,5,1,12.99,12.99
O002425,S0039008,U016560,2020-12-22,32,1,2,5,1,19.99,19.99
O002426,S0039044,U016573,2020-11-08,36,2,1,1,1,20.99,20.99
O002426,S0039044,U016573,2020-11-08,10,2,1,1,2,14.99,29.98
O002426,S0039044,U016573,2020-11-08,30,2,1,1,1,24.99,24.99
O002427,S0039050,U016576,2020-12-20,6,2,2,8,1,49.99,49.99
O002428,S0039073,U016585,2021-01-09,2,3,1,1,1,27.99,27.99
O002429,S0039097,U016593,2020-11-14,15,1,1,1,1,24.99,24.99
O002430,S0039109,U016599,2020-12-09,5,2,1,1,1,54.99,54.99
O002430,S0039109,U016599,2020-12-09,12,2,1,1,1,59.99,59.99
O002430,S0039109,U016599,2020-12-09,1,2,1,1,1,24.99,24.99
O002430,S0039109,U016599,2020-12-09,31,2,1,1,1,26.99,26.99
O002431,S0039125,U016607,2020-11-30,1,2,1,1,2,21.24,42.48
O002432,S0039136,U016610,2020-11-25,8,1,1,1,1,20.69,20.69
O002432,S0039136,U016610,2020-11-25,40,1,1,1,1,24.64,24.64
O002432,S0039136,U016610,2020-11-25,10,1,1,1,1,11.99,11.99
O002433,S0039175,U016627,2020-12-01,25,2,1,10,1,5.94,5.94
O002433,S0039175,U016627,2020-12-01,30,2,1,10,1,22.49,22.49
O002434,S0039180,U016629,2020-12-28,21,2,1,10,1,21.99,21.99
O002434,S0039180,U016629,2020-12-28,36,2,1,10,2,20.99,41.98
O002434,S0039180,U016629,2020-12-28,26,2,1,10,1,7.99,7.99
O002435,S0039209,U016641,2021-01-11,3,3,2,8,1,26.99,26.99
O002435,S0039209,U016641,2021-01-11,37,3,2,8,1,24.99,24.99
O002436,S0039227,U016648,2021-01-15,35,7,1,2,1,19.99,19.99
O002437,S0039247,U016658,2021-01-06,21,5,2,10,1,21.99,21.99
O002438,S0039251,U016659,2021-01-28,1,6,1,1,1,24.99,24.99
O002438,S0039251,U016659,2021-01-28,16,6,1,1,1,32.99,32.99
O002439,S0039307,U016683,2021-01-12,12,2,2,1,1,59.99,59.99
O002439,S0039307,U016683,2021-01-12,16,2,2,1,1,32.99,32.99
O002439,S0039307,U016683,2021-01-12,27,2,2,1,1,8.99,8.99
O002439,S0039307,U016683,2021-01-12,34,2,2,1,1,21.99,21.99
O002440,S0039352,U016705,2020-11-13,4,2,2,1,1,25.99,25.99
O002441,S0039370,U016712,2020-12-22,8,2,1,1,2,22.99,45.98
O002442,S0039380,U016716,2020-11-21,29,1,1,1,1,10.99,10.99
O002443,S0039382,U016717,2020-12-11,21,1,3,2,1,21.99,21.99
O002444,S0039397,U016725,2020-12-13,15,3,2,10,1,24.99,24.99
O002444,S0039397,U016725,2020-12-13,1,3,2,10,1,22.49,22.49
O002444,S0039397,U016725,2020-12-13,8,3,2,10,2,20.69,41.38
O002445,S0039404,U016728,2020-11-11,26,4,2,5,1,7.99,7.99
O002445,S0039404,U016728,2020-11-11,9,4,2,5,1,23.99,23.99
O002445,S0039404,U016728,2020-11-11,19,4,2,5,1,29.99,29.99
O002446,S0039419,U016732,2020-12-14,30,6,2,1,1,24.99,24.99
O002447,S0039422,U016732,2020-12-18,26,1,2,1,1,7.99,7.99
O002447,S0039422,U016732,2020-12-18,36,1,2,1,1,20.99,20.99
O002448,S0039435,U016736,2020-11-12,29,7,1,1,1,10.99,10.99
O002449,S0039447,U016741,2020-12-04,23,1,2,1,1,19.99,19.99
O002450,S0039494,U016757,2020-11-30,30,1,1,1,1,22.49,22.49
O002451,S0039512,U016763,2021-01-10,27,2,2,1,1,8.99,8.99
O002452,S0039514,U016765,2020-11-26,42,1,1,10,1,11.04,11.04
O002453,S0039517,U016766,2020-12-25,16,2,3,3,1,32.99,32.99
O002453,S0039517,U016766,2020-12-25,6,2,3,3,1,44.99,44.99
O002454,S0039518,U016766,2020-12-26,38,7,3,3,2,16.99,33.98
O002455,S0039559,U016784,2020-11-18,20,7,2,4,2,12.99,25.98
O002456,S0039566,U016786,2020-11-27,40,1,2,2,1,23.19,23.19
O002457,S0039574,U016790,2021-01-07,5,7,2,3,1,54.99,54.99
O002458,S0039575,U016791,2020-11-30,15,1,1,5,1,19.99,19.99
O002458,S0039575,U016791,2020-11-30,6,1,1,5,1,42.49,42.49
O002459,S0039582,U016794,2020-11-25,5,2,2,2,1,46.74,46.74
O002459,S0039582,U016794,2020-11-25,12,2,2,2,1,53.99,53.99
O002460,S0039608,U016805,2020-12-10,25,2,2,1,1,6.99,6.99
O002460,S0039608,U016805,2020-12-10,42,2,2,1,1,11.69,11.69
O002461,S0039614,U016808,2020-12-08,23,1,1,1,1,17.99,17.99
O002462,S0039618,U016810,2020-12-19,39,6,2,1,1,11.99,11.99
O002463,S0039651,U016824,2020-11-14,40,7,2,1,1,28.99,28.99
O002464,S0039690,U016844,2020-12-27,41,1,2,5,1,15.99,15.99
O002465,S0039763,U016875,2020-11-27,3,2,2,1,1,22.94,22.94
O002465,S0039763,U016875,2020-11-27,15,2,2,1,1,21.24,21.24
O002466,S0039793,U016888,2020-12-18,40,1,2,1,1,28.99,28.99
O002466,S0039793,U016888,2020-12-18,11,1,2,1,1,18.99,18.99
O002466,S0039793,U016888,2020-12-18,14,1,2,1,1,16.99,16.99
O002466,S0039793,U016888,2020-12-18,26,1,2,1,1,7.99,7.99
O002467,S0039798,U016890,2020-12-10,21,4,2,1,1,21.99,21.99
O002467,S0039798,U016890,2020-12-10,34,4,2,1,2,21.99,43.98
O002468,S0039823,U016901,2020-12-04,18,1,2,1,1,18.99,18.99
O002469,S0039841,U016909,2020-11-29,41,2,2,8,1,13.59,13.59
O002470,S0039844,U016909,2020-12-06,21,6,2,8,1,19.79,19.79
O002471,S0039849,U016913,2020-11-28,26,2,2,1,1,6.79,6.79
O002472,S0039851,U016913,2020-12-06,5,6,2,1,1,54.99,54.99
O002472,S0039851,U016913,2020-12-06,34,6,2,1,2,21.99,43.98
O002473,S0039858,U016916,2020-12-22,17,6,1,1,1,17.99,17.99
O002474,S0039859,U016916,2020-12-23,29,6,2,1,1,10.99,10.99
O002474,S0039859,U016916,2020-12-23,14,6,2,1,1,16.99,16.99
O002475,S0039863,U016918,2020-11-28,10,4,1,1,1,11.99,11.99
O002476,S0039911,U016936,2020-11-21,41,1,1,5,2,15.99,31.98
O002477,S0039944,U016946,2021-01-11,31,6,2,7,1,29.99,29.99
O002477,S0039944,U016946,2021-01-11,2,6,2,7,1,27.99,27.99
O002477,S0039944,U016946,2021-01-11,19,6,2,7,1,29.99,29.99
O002478,S0039946,U016946,2021-01-13,10,3,2,7,1,14.99,14.99
O002478,S0039946,U016946,2021-01-13,35,3,2,7,1,19.99,19.99
O002478,S0039946,U016946,2021-01-13,15,3,2,7,1,24.99,24.99
O002479,S0039961,U016952,2020-12-31,42,4,2,1,1,12.99,12.99
O002479,S0039961,U016952,2020-12-31,32,4,2,1,2,19.99,39.98
O002479,S0039961,U016952,2020-12-31,41,4,2,1,1,15.99,15.99
O002480,S0039996,U016969,2020-12-12,11,6,1,3,1,18.99,18.99
O002480,S0039996,U016969,2020-12-12,31,6,1,3,1,29.99,29.99
O002480,S0039996,U016969,2020-12-12,8,6,1,3,1,22.99,22.99
O002481,S0040006,U016974,2020-12-14,19,3,2,1,1,29.99,29.99
O002482,S0040011,U016976,2020-12-26,15,1,1,1,1,24.99,24.99
O002482,S0040011,U016976,2020-12-26,20,1,1,1,1,11.69,11.69
O002483,S0040065,U017003,2020-12-25,31,1,2,1,1,29.99,29.99
O002484,S0040074,U017007,2021-01-11,7,2,1,6,1,79.99,79.99
O002485,S0040096,U017017,2020-11-30,19,1,2,10,1,23.99,23.99
O002485,S0040096,U017017,2020-11-30,36,1,2,10,1,17.84,17.84
O002485,S0040096,U017017,2020-11-30,1,1,2,10,1,21.24,21.24
O002485,S0040096,U017017,2020-11-30,14,1,2,10,1,14.44,14.44
O002486,S0040117,U017026,2020-12-22,35,3,2,3,1,19.99,19.99
O002487,S0040119,U017027,2020-12-14,19,4,2,2,1,26.99,26.99
O002488,S0040127,U017030,2020-11-20,5,3,1,1,1,54.99,54.99
O002489,S0040148,U017039,2020-11-12,7,2,1,1,1,79.99,79.99
O002489,S0040148,U017039,2020-11-12,2,2,1,1,1,27.99,27.99
O002490,S0040158,U017042,2021-01-24,1,3,2,5,1,24.99,24.99
O002490,S0040158,U017042,2021-01-24,31,3,2,5,1,29.99,29.99
O002491,S0040173,U017050,2020-12-24,1,6,1,2,1,24.99,24.99
O002491,S0040173,U017050,2020-12-24,6,6,1,2,1,49.99,49.99
O002491,S0040173,U017050,2020-12-24,41,6,1,2,1,15.99,15.99
O002492,S0040175,U017052,2020-12-06,36,2,1,4,1,20.99,20.99
O002492,S0040175,U017052,2020-12-06,4,2,1,4,1,25.99,25.99
O002493,S0040192,U017061,2020-11-24,1,4,2,3,2,21.24,42.48
O002494,S0040201,U017066,2021-01-25,21,6,1,10,1,21.99,21.99
O002495,S0040205,U017067,2020-12-11,18,3,1,1,1,18.99,18.99
O002496,S0040209,U017068,2020-12-09,4,5,2,5,1,25.99,25.99
O002496,S0040209,U017068,2020-12-09,6,5,2,5,1,49.99,49.99
O002497,S0040239,U017082,2020-12-14,40,1,1,1,1,26.09,26.09
O002498,S0040264,U017095,2020-12-13,25,1,1,7,1,6.99,6.99
O002498,S0040264,U017095,2020-12-13,38,1,1,7,1,15.29,15.29
O002498,S0040264,U017095,2020-12-13,28,1,1,7,1,9.99,9.99
O002498,S0040264,U017095,2020-12-13,12,1,1,7,1,59.99,59.99
O002499,S0040265,U017095,2020-12-19,21,1,2,7,1,21.99,21.99
O002500,S0040271,U017097,2020-11-24,18,7,2,5,1,16.14,16.14
O002501,S0040279,U017101,2020-12-01,31,3,2,7,1,23.99,23.99
O002502,S0040283,U017103,2021-01-22,5,3,2,8,2,54.99,109.98
O002502,S0040283,U017103,2021-01-22,22,3,2,8,1,9.99,9.99
O002503,S0040286,U017105,2020-12-21,12,4,1,3,1,59.99,59.99
O002504,S0040289,U017106,2020-11-13,28,3,1,1,1,9.99,9.99
O002505,S0040329,U017128,2020-11-15,36,4,1,1,2,20.99,41.98
O002505,S0040329,U017128,2020-11-15,6,4,1,1,1,49.99,49.99
O002506,S0040338,U017131,2021-01-05,25,4,3,1,1,6.99,6.99
O002507,S0040344,U017134,2020-12-03,25,1,3,10,1,5.94,5.94
O002507,S0040344,U017134,2020-12-03,40,1,3,10,2,26.09,52.18
O002508,S0040361,U017139,2020-12-27,18,5,1,3,1,18.99,18.99
O002508,S0040361,U017139,2020-12-27,5,5,1,3,1,54.99,54.99
O002509,S0040407,U017161,2020-11-20,27,3,2,1,1,8.99,8.99
O002510,S0040410,U017162,2021-01-03,25,1,2,5,2,6.99,13.98
O002510,S0040410,U017162,2021-01-03,5,1,2,5,1,54.99,54.99
O002510,S0040410,U017162,2021-01-03,35,1,2,5,1,19.99,19.99
O002511,S0040411,U017163,2020-11-30,37,3,1,1,1,21.24,21.24
O002511,S0040411,U017163,2020-11-30,33,3,1,1,1,38.24,38.24
O002512,S0040425,U017168,2021-01-31,12,3,1,1,1,59.99,59.99
O002512,S0040425,U017168,2021-01-31,25,3,1,1,1,6.99,6.99
O002513,S0040478,U017189,2021-01-03,8,1,2,1,1,22.99,22.99
O002513,S0040478,U017189,2021-01-03,7,1,2,1,1,79.99,79.99
O002513,S0040478,U017189,2021-01-03,18,1,2,1,1,18.99,18.99
O002514,S0040487,U017192,2020-11-23,2,2,1,10,1,27.99,27.99
O002515,S0040554,U017220,2020-12-02,19,1,2,3,1,23.99,23.99
O002516,S0040565,U017224,2020-11-24,21,7,1,10,1,17.59,17.59
O002517,S0040566,U017225,2020-11-24,1,1,1,3,1,22.49,22.49
O002517,S0040566,U017225,2020-11-24,40,1,1,3,2,26.09,52.18
O002518,S0040578,U017230,2021-01-06,7,5,2,1,1,79.99,79.99
O002518,S0040578,U017230,2021-01-06,42,5,2,1,1,12.99,12.99
O002519,S0040579,U017230,2021-01-09,39,3,2,1,1,11.99,11.99
O002519,S0040579,U017230,2021-01-09,41,3,2,1,1,15.99,15.99
O002520,S0040598,U017238,2020-11-15,29,1,2,1,1,10.99,10.99
O002520,S0040598,U017238,2020-11-15,40,1,2,1,1,28.99,28.99
O002520,S0040598,U017238,2020-11-15,16,1,2,1,1,32.99,32.99
O002520,S0040598,U017238,2020-11-15,41,1,2,1,2,15.99,31.98
O002521,S0040603,U017240,2021-01-30,3,1,1,1,1,26.99,26.99
O002521,S0040603,U017240,2021-01-30,34,1,1,1,1,21.99,21.99
O002521,S0040603,U017240,2021-01-30,25,1,1,1,2,6.99,13.98
O002522,S0040631,U017255,2020-11-27,15,1,1,1,1,22.49,22.49
O002522,S0040631,U017255,2020-11-27,42,1,1,1,2,11.04,22.08
O002523,S0040661,U017268,2020-12-13,6,2,1,1,1,44.99,44.99
O002523,S0040661,U017268,2020-12-13,35,2,1,1,1,19.99,19.99
O002524,S0040686,U017277,2020-11-28,41,1,2,1,1,13.59,13.59
O002525,S0040722,U017293,2020-12-13,10,1,3,1,1,14.99,14.99
O002525,S0040722,U017293,2020-12-13,23,1,3,1,1,19.99,19.99
O002526,S0040723,U017294,2020-12-13,22,2,1,1,1,9.99,9.99
O002527,S0040739,U017302,2020-11-25,15,2,2,1,1,22.49,22.49
O002528,S0040751,U017309,2020-12-06,19,7,2,1,1,29.99,29.99
O002529,S0040754,U017311,2020-11-29,9,2,3,10,2,20.39,40.78
O002529,S0040754,U017311,2020-11-29,15,2,3,10,1,21.24,21.24
O002530,S0040755,U017311,2020-12-01,20,1,3,10,1,10.39,10.39
O002530,S0040755,U017311,2020-12-01,15,1,3,10,1,21.24,21.24
O002530,S0040755,U017311,2020-12-01,42,1,3,10,1,11.69,11.69
O002531,S0040758,U017313,2020-12-17,11,3,1,1,2,18.99,37.98
O002532,S0040798,U017328,2020-12-19,30,3,2,1,1,24.99,24.99
O002533,S0040869,U017360,2020-12-31,12,2,2,7,1,59.99,59.99
O002534,S0040872,U017361,2020-12-21,25,2,3,3,1,6.99,6.99
O002534,S0040872,U017361,2020-12-21,10,2,3,3,1,14.99,14.99
O002535,S0040892,U017372,2020-12-09,14,3,1,6,1,16.99,16.99
O002536,S0040918,U017383,2021-01-31,3,2,1,5,1,26.99,26.99
O002536,S0040918,U017383,2021-01-31,37,2,1,5,1,24.99,24.99
O002536,S0040918,U017383,2021-01-31,31,2,1,5,1,29.99,29.99
O002536,S0040918,U017383,2021-01-31,26,2,1,5,1,7.99,7.99
O002537,S0040920,U017384,2021-01-28,35,2,1,1,1,19.99,19.99
O002537,S0040920,U017384,2021-01-28,1,2,1,1,1,24.99,24.99
O002538,S0040944,U017398,2020-12-01,24,3,2,10,1,13.49,13.49
O002538,S0040944,U017398,2020-12-01,12,3,2,10,1,50.99,50.99
O002539,S0040952,U017402,2021-01-20,17,1,1,6,1,17.99,17.99
O002539,S0040952,U017402,2021-01-20,14,1,1,6,1,16.99,16.99
O002540,S0040987,U017417,2021-01-07,2,6,1,1,1,27.99,27.99
O002540,S0040987,U017417,2021-01-07,21,6,1,1,1,21.99,21.99
O002540,S0040987,U017417,2021-01-07,35,6,1,1,1,19.99,19.99
O002541,S0040996,U017422,2020-12-21,14,2,2,10,1,16.99,16.99
O002542,S0041002,U017423,2020-12-09,27,6,1,1,2,8.99,17.98
O002542,S0041002,U017423,2020-12-09,31,6,1,1,1,29.99,29.99
O002542,S0041002,U017423,2020-12-09,19,6,1,1,1,29.99,29.99
O002543,S0041008,U017427,2021-01-13,42,1,2,3,1,12.99,12.99
O002544,S0041012,U017429,2020-11-17,32,3,2,1,1,19.99,19.99
O002544,S0041012,U017429,2020-11-17,17,3,2,1,1,17.99,17.99
O002545,S0041034,U017439,2020-12-08,3,1,2,3,1,24.29,24.29
O002545,S0041034,U017439,2020-12-08,18,1,2,3,1,18.99,18.99
O002545,S0041034,U017439,2020-12-08,25,1,2,3,1,6.99,6.99
O002546,S0041047,U017445,2021-01-02,19,4,2,1,1,29.99,29.99
O002547,S0041049,U017446,2020-11-28,34,2,1,1,1,18.69,18.69
O002548,S0041080,U017460,2020-12-01,10,2,2,10,1,12.74,12.74
O002549,S0041085,U017464,2020-11-27,1,1,2,1,1,21.24,21.24
O002550,S0041145,U017489,2020-11-25,7,5,2,6,2,71.99,143.98
O002551,S0041163,U017497,2020-12-01,31,3,2,2,1,26.99,26.99
O002551,S0041163,U017497,2020-12-01,7,3,2,2,1,67.99,67.99
O002552,S0041167,U017499,2020-11-28,18,4,2,5,1,16.14,16.14
O002552,S0041167,U017499,2020-11-28,13,4,2,5,1,67.49,67.49
O002552,S0041167,U017499,2020-11-28,9,4,2,5,1,20.39,20.39
O002552,S0041167,U017499,2020-11-28,36,4,2,5,2,18.89,37.78
O002553,S0041174,U017501,2020-12-29,8,1,2,3,1,22.99,22.99
O002554,S0041242,U017534,2020-12-08,36,1,1,2,1,20.99,20.99
O002554,S0041242,U017534,2020-12-08,39,1,1,2,2,11.99,23.98
O002555,S0041248,U017538,2020-12-02,13,1,1,9,1,67.49,67.49
O002556,S0041249,U017538,2020-12-11,31,6,1,9,1,29.99,29.99
O002557,S0041256,U017541,2020-12-27,7,3,1,5,1,79.99,79.99
O002558,S0041259,U017544,2021-01-19,15,1,2,2,1,24.99,24.99
O002559,S0041261,U017544,2021-01-22,20,2,2,2,1,12.99,12.99
O002560,S0041279,U017550,2020-12-03,4,2,2,3,1,23.39,23.39
O002561,S0041280,U017551,2020-12-11,7,6,2,1,1,71.99,71.99
O002562,S0041357,U017581,2020-11-28,11,6,2,1,2,16.14,32.28
O002563,S0041375,U017588,2020-11-24,21,6,2,1,1,19.79,19.79
O002563,S0041375,U017588,2020-11-24,1,6,2,1,1,22.49,22.49
O002564,S0041398,U017598,2020-11-27,19,1,3,1,2,23.99,47.98
O002564,S0041398,U017598,2020-11-27,27,1,3,1,1,7.64,7.64
O002565,S0041432,U017610,2020-11-22,18,1,2,10,1,18.99,18.99
O002565,S0041432,U017610,2020-11-22,17,1,2,10,1,17.99,17.99
O002565,S0041432,U017610,2020-11-22,10,1,2,10,1,14.99,14.99
O002566,S0041442,U017613,2020-12-30,19,3,2,2,1,29.99,29.99
O002567,S0041443,U017613,2021-01-03,2,1,2,2,1,27.99,27.99
O002567,S0041443,U017613,2021-01-03,37,1,2,2,2,24.99,49.98
O002568,S0041478,U017626,2021-01-09,23,6,2,1,1,19.99,19.99
O002569,S0041480,U017627,2020-11-23,35,3,1,1,1,19.99,19.99
O002569,S0041480,U017627,2020-11-23,18,3,1,1,1,18.99,18.99
O002570,S0041533,U017650,2020-12-11,14,5,1,4,1,16.99,16.99
O002571,S0041538,U017651,2021-01-07,11,2,1,3,1,18.99,18.99
O002571,S0041538,U017651,2021-01-07,34,2,1,3,1,21.99,21.99
O002572,S0041542,U017653,2020-11-23,19,2,3,2,1,29.99,29.99
O002573,S0041543,U017654,2020-11-04,34,2,3,1,1,21.99,21.99
O002574,S0041546,U017655,2021-01-26,20,2,2,1,1,12.99,12.99
O002574,S0041546,U017655,2021-01-26,33,2,2,1,1,44.99,44.99
O002575,S0041558,U017662,2020-11-27,18,4,1,1,1,16.14,16.14
O002575,S0041558,U017662,2020-11-27,41,4,1,1,1,13.59,13.59
O002576,S0041567,U017666,2021-01-26,24,4,2,6,1,14.99,14.99
O002577,S0041570,U017667,2020-11-28,17,5,2,3,1,15.29,15.29
O002578,S0041626,U017692,2020-12-10,20,2,2,1,1,12.99,12.99
O002578,S0041626,U017692,2020-12-10,42,2,2,1,1,12.99,12.99
O002578,S0041626,U017692,2020-12-10,28,2,2,1,1,8.99,8.99
O002579,S0041633,U017694,2020-11-27,3,2,2,1,1,24.29,24.29
O002580,S0041647,U017700,2021-01-17,35,1,2,3,1,19.99,19.99
O002581,S0041728,U017741,2020-11-26,36,1,1,8,2,17.84,35.68
O002582,S0041733,U017743,2020-11-23,24,3,2,1,1,14.99,14.99
O002583,S0041745,U017746,2020-11-27,29,1,2,1,1,9.34,9.34
O002584,S0041788,U017763,2021-01-09,19,3,1,1,1,29.99,29.99
O002584,S0041788,U017763,2021-01-09,33,3,1,1,1,44.99,44.99
O002585,S0041796,U017766,2020-12-01,20,1,2,1,1,11.69,11.69
O002586,S0041803,U017769,2021-01-11,28,1,1,2,1,9.99,9.99
O002587,S0041812,U017774,2021-01-27,1,2,3,3,1,24.99,24.99
O002588,S0041830,U017784,2020-12-05,36,2,2,1,1,20.99,20.99
O002588,S0041830,U017784,2020-12-05,25,2,2,1,1,6.99,6.99
O002589,S0041836,U017787,2021-01-23,9,1,1,1,1,23.99,23.99
O002590,S0041846,U017792,2020-12-27,3,5,1,1,1,26.99,26.99
O002590,S0041846,U017792,2020-12-27,5,5,1,1,1,54.99,54.99
O002591,S0041871,U017803,2020-12-12,16,7,2,5,1,32.99,32.99
O002591,S0041871,U017803,2020-12-12,19,7,2,5,1,29.99,29.99
O002592,S0041883,U017809,2020-12-10,39,2,2,1,1,11.99,11.99
O002593,S0041907,U017825,2021-01-15,33,2,2,1,1,44.99,44.99
O002594,S0041908,U017826,2021-01-23,40,4,2,2,1,28.99,28.99
O002595,S0041910,U017827,2020-11-22,21,4,2,5,1,21.99,21.99
O002595,S0041910,U017827,2020-11-22,8,4,2,5,1,22.99,22.99
O002596,S0041929,U017834,2020-12-10,42,2,2,3,2,12.99,25.98
O002597,S0041964,U017849,2020-12-18,9,6,1,1,1,23.99,23.99
O002598,S0041976,U017854,2021-01-30,15,4,1,3,1,24.99,24.99
O002598,S0041976,U017854,2021-01-30,23,4,1,3,1,19.99,19.99
O002599,S0041977,U017854,2021-01-31,24,2,1,3,1,14.99,14.99
O002599,S0041977,U017854,2021-01-31,36,2,1,3,1,20.99,20.99
O002600,S0041995,U017860,2020-12-02,6,2,2,1,1,42.49,42.49
O002600,S0041995,U017860,2020-12-02,15,2,2,1,1,21.24,21.24
O002601,S0042055,U017887,2020-11-27,29,1,1,1,1,9.89,9.89
O002601,S0042055,U017887,2020-11-27,34,1,1,1,1,18.69,18.69
O002601,S0042055,U017887,2020-11-27,27,1,1,1,1,8.09,8.09
O002602,S0042083,U017896,2020-12-16,2,1,1,1,1,25.19,25.19
O002603,S0042118,U017910,2021-01-01,1,1,2,1,1,24.99,24.99
O002604,S0042211,U017952,2020-12-05,10,4,2,2,1,14.99,14.99
O002604,S0042211,U017952,2020-12-05,40,4,2,2,1,28.99,28.99
O002605,S0042217,U017954,2020-12-27,17,3,2,1,2,17.99,35.98
O002606,S0042239,U017963,2020-11-29,27,2,2,2,1,7.64,7.64
O002607,S0042294,U017987,2020-12-09,24,6,1,1,2,14.99,29.98
O002608,S0042308,U017993,2020-11-05,36,1,2,10,1,20.99,20.99
O002609,S0042335,U018007,2020-12-11,2,1,1,2,1,27.99,27.99
O002609,S0042335,U018007,2020-12-11,15,1,1,2,1,24.99,24.99
O002610,S0042337,U018008,2021-01-16,9,2,1,5,1,23.99,23.99
O002610,S0042337,U018008,2021-01-16,32,2,1,5,1,19.99,19.99
O002610,S0042337,U018008,2021-01-16,12,2,1,5,1,59.99,59.99
O002611,S0042345,U018011,2020-12-03,1,1,1,1,1,19.99,19.99
O002612,S0042376,U018026,2021-01-01,30,2,1,1,1,24.99,24.99
O002612,S0042376,U018026,2021-01-01,16,2,1,1,1,32.99,32.99
O002612,S0042376,U018026,2021-01-01,19,2,1,1,1,29.99,29.99
O002613,S0042391,U018032,2020-12-10,39,2,2,1,2,10.79,21.58
O002613,S0042391,U018032,2020-12-10,3,2,2,1,1,24.29,24.29
O002614,S0042418,U018043,2020-12-05,19,7,1,1,1,29.99,29.99
O002615,S0042471,U018065,2020-12-27,3,1,1,1,1,26.99,26.99
O002616,S0042502,U018079,2020-12-23,14,2,1,3,1,16.99,16.99
O002616,S0042502,U018079,2020-12-23,16,2,1,3,1,32.99,32.99
O002616,S0042502,U018079,2020-12-23,12,2,1,3,1,59.99,59.99
O002616,S0042502,U018079,2020-12-23,38,2,1,3,1,16.99,16.99
O002617,S0042518,U018085,2020-12-16,15,1,2,9,1,24.99,24.99
O002617,S0042518,U018085,2020-12-16,40,1,2,9,2,28.99,57.98
O002617,S0042518,U018085,2020-12-16,19,1,2,9,1,29.99,29.99
O002618,S0042522,U018086,2021-01-27,12,1,1,1,1,59.99,59.99
O002618,S0042522,U018086,2021-01-27,5,1,1,1,1,54.99,54.99
O002618,S0042522,U018086,2021-01-27,11,1,1,1,1,18.99,18.99
O002619,S0042531,U018090,2020-11-26,6,3,1,1,1,44.99,44.99
O002620,S0042533,U018091,2020-12-11,27,4,2,1,1,8.99,8.99
O002620,S0042533,U018091,2020-12-11,5,4,2,1,2,54.99,109.98
O002620,S0042533,U018091,2020-12-11,34,4,2,1,2,21.99,43.98
O002620,S0042533,U018091,2020-12-11,10,4,2,1,1,14.99,14.99
O002621,S0042534,U018092,2020-12-26,41,3,2,1,1,14.39,14.39
O002621,S0042534,U018092,2020-12-26,25,3,2,1,2,6.99,13.98
O002622,S0042544,U018097,2021-01-21,18,3,1,3,1,18.99,18.99
O002623,S0042564,U018106,2020-12-02,4,2,3,1,1,23.39,23.39
O002624,S0042580,U018113,2020-12-06,15,5,2,4,1,24.99,24.99
O002625,S0042589,U018116,2020-12-21,17,2,1,2,1,17.99,17.99
O002626,S0042619,U018127,2020-11-21,17,1,1,1,1,17.99,17.99
O002627,S0042633,U018132,2020-11-30,8,4,1,2,1,18.39,18.39
O002627,S0042633,U018132,2020-11-30,33,4,1,2,1,40.49,40.49
O002627,S0042633,U018132,2020-11-30,41,4,1,2,1,13.59,13.59
O002628,S0042648,U018139,2020-12-02,22,4,2,1,2,8.99,17.98
O002629,S0042652,U018141,2020-12-20,33,1,2,10,1,44.99,44.99
O002629,S0042652,U018141,2020-12-20,14,1,2,10,1,16.99,16.99
O002630,S0042684,U018155,2020-12-07,42,5,2,1,1,12.99,12.99
O002631,S0042698,U018160,2020-12-05,15,7,1,1,1,24.99,24.99
O002631,S0042698,U018160,2020-12-05,35,7,1,1,1,19.99,19.99
O002632,S0042701,U018162,2020-12-30,17,1,2,1,1,17.99,17.99
O002633,S0042723,U018174,2020-12-21,3,4,2,1,1,26.99,26.99
O002633,S0042723,U018174,2020-12-21,4,4,2,1,1,25.99,25.99
O002633,S0042723,U018174,2020-12-21,34,4,2,1,1,19.79,19.79
O002634,S0042734,U018177,2020-12-28,1,2,1,6,1,24.99,24.99
O002634,S0042734,U018177,2020-12-28,27,2,1,6,1,8.99,8.99
O002634,S0042734,U018177,2020-12-28,23,2,1,6,1,19.99,19.99
O002635,S0042738,U018179,2021-01-05,1,6,2,3,1,24.99,24.99
O002636,S0042746,U018182,2020-11-24,39,4,1,2,1,10.19,10.19
O002636,S0042746,U018182,2020-11-24,14,4,1,2,1,13.59,13.59
O002637,S0042761,U018187,2020-12-20,3,2,1,1,1,26.99,26.99
O002637,S0042761,U018187,2020-12-20,18,2,1,1,1,18.99,18.99
O002638,S0042791,U018202,2020-12-20,14,4,1,1,1,15.29,15.29
O002639,S0042793,U018202,2020-12-23,15,3,1,1,1,24.99,24.99
O002639,S0042793,U018202,2020-12-23,30,3,1,1,2,24.99,49.98
O002640,S0042819,U018214,2021-01-02,18,2,1,1,1,18.99,18.99
O002641,S0042821,U018215,2020-11-02,36,3,2,10,2,20.99,41.98
O002641,S0042821,U018215,2020-11-02,2,3,2,10,1,27.99,27.99
O002642,S0042834,U018219,2021-01-08,35,1,1,2,1,19.99,19.99
O002642,S0042834,U018219,2021-01-08,12,1,1,2,1,59.99,59.99
O002643,S0042837,U018221,2020-12-28,27,2,1,1,1,8.99,8.99
O002644,S0042864,U018233,2020-12-01,8,1,2,8,2,18.39,36.78
O002645,S0042867,U018235,2020-12-20,40,1,3,1,1,28.99,28.99
O002646,S0042871,U018237,2021-01-17,40,4,2,7,1,28.99,28.99
O002647,S0042888,U018242,2020-12-17,40,2,1,1,1,28.99,28.99
O002648,S0042904,U018249,2020-11-14,1,1,1,1,1,24.99,24.99
O002649,S0042926,U018262,2020-12-12,35,2,2,1,1,17.99,17.99
O002650,S0042932,U018264,2020-12-04,24,1,2,1,1,14.99,14.99
O002650,S0042932,U018264,2020-12-04,16,1,2,1,1,32.99,32.99
O002651,S0042945,U018269,2020-11-09,9,7,2,1,1,23.99,23.99
O002651,S0042945,U018269,2020-11-09,29,7,2,1,1,10.99,10.99
O002651,S0042945,U018269,2020-11-09,27,7,2,1,2,8.99,17.98
O002652,S0042947,U018270,2020-11-28,1,7,2,4,1,22.49,22.49
O002653,S0042971,U018281,2020-11-17,25,1,1,1,1,6.99,6.99
O002653,S0042971,U018281,2020-11-17,17,1,1,1,1,17.99,17.99
O002654,S0042976,U018283,2020-12-25,11,1,2,1,1,18.99,18.99
O002655,S0042988,U018287,2020-11-06,17,3,1,1,1,17.99,17.99
O002655,S0042988,U018287,2020-11-06,27,3,1,1,2,8.99,17.98
O002655,S0042988,U018287,2020-11-06,12,3,1,1,2,59.99,119.98
O002656,S0042998,U018290,2021-01-07,41,3,1,1,1,15.99,15.99
O002656,S0042998,U018290,2021-01-07,38,3,1,1,1,16.99,16.99
O002656,S0042998,U018290,2021-01-07,22,3,1,1,1,9.99,9.99
O002657,S0043003,U018292,2021-01-01,7,1,2,3,1,79.99,79.99
O002657,S0043003,U018292,2021-01-01,8,1,2,3,1,22.99,22.99
O002658,S0043020,U018301,2020-12-18,42,1,2,1,2,12.99,25.98
O002658,S0043020,U018301,2020-12-18,30,1,2,1,1,24.99,24.99
O002658,S0043020,U018301,2020-12-18,13,1,2,1,1,74.99,74.99
O002659,S0043025,U018303,2021-01-06,16,1,2,1,1,32.99,32.99
O002659,S0043025,U018303,2021-01-06,31,1,2,1,1,29.99,29.99
O002660,S0043036,U018307,2020-11-27,33,6,3,8,1,40.49,40.49
O002661,S0043042,U018309,2020-12-17,42,1,2,1,1,12.99,12.99
O002661,S0043042,U018309,2020-12-17,2,1,2,1,1,27.99,27.99
O002662,S0043044,U018310,2020-11-29,17,2,1,1,1,16.19,16.19
O002663,S0043051,U018314,2020-12-16,28,1,1,1,2,9.99,19.98
O002664,S0043143,U018355,2020-12-03,2,1,2,1,1,22.39,22.39
O002665,S0043144,U018356,2020-11-10,35,1,1,4,1,19.99,19.99
O002665,S0043144,U018356,2020-11-10,17,1,1,4,1,17.99,17.99
O002665,S0043144,U018356,2020-11-10,32,1,1,4,1,19.99,19.99
O002666,S0043174,U018369,2020-11-29,36,3,2,6,2,17.84,35.68
O002666,S0043174,U018369,2020-11-29,41,3,2,6,2,14.39,28.78
O002667,S0043178,U018370,2020-12-10,39,4,1,7,1,11.99,11.99
O002668,S0043188,U018374,2020-12-30,25,7,2,9,1,6.99,6.99
O002668,S0043188,U018374,2020-12-30,5,7,2,9,2,54.99,109.98
O002669,S0043191,U018376,2020-12-16,35,1,2,10,1,19.99,19.99
O002669,S0043191,U018376,2020-12-16,1,1,2,10,1,22.49,22.49
O002669,S0043191,U018376,2020-12-16,32,1,2,10,1,19.99,19.99
O002670,S0043212,U018385,2020-11-23,35,1,1,3,1,19.99,19.99
O002671,S0043278,U018414,2021-01-24,18,3,1,1,1,18.99,18.99
O002672,S0043281,U018415,2020-12-17,40,3,3,3,1,28.99,28.99
O002672,S0043281,U018415,2020-12-17,36,3,3,3,1,20.99,20.99
O002673,S0043287,U018417,2020-11-22,19,2,2,1,1,29.99,29.99
O002673,S0043287,U018417,2020-11-22,17,2,2,1,2,17.99,35.98
O002673,S0043287,U018417,2020-11-22,6,2,2,1,1,49.99,49.99
O002673,S0043287,U018417,2020-11-22,1,2,2,1,1,24.99,24.99
O002674,S0043320,U018428,2021-01-14,5,1,1,1,1,54.99,54.99
O002675,S0043321,U018428,2021-01-16,24,2,1,1,1,14.99,14.99
O002676,S0043329,U018433,2020-12-15,5,2,1,1,1,54.99,54.99
O002677,S0043341,U018437,2020-11-05,14,1,1,1,1,16.99,16.99
O002678,S0043371,U018449,2020-12-07,34,1,2,4,1,21.99,21.99
O002679,S0043373,U018450,2021-01-08,27,1,2,1,1,8.99,8.99
O002679,S0043373,U018450,2021-01-08,15,1,2,1,2,24.99,49.98
O002680,S0043426,U018472,2020-12-04,27,3,2,2,1,8.99,8.99
O002681,S0043437,U018477,2020-12-12,41,3,2,1,1,15.99,15.99
O002682,S0043453,U018485,2020-12-31,6,2,1,8,1,49.99,49.99
O002682,S0043453,U018485,2020-12-31,17,2,1,8,1,17.99,17.99
O002682,S0043453,U018485,2020-12-31,33,2,1,8,2,44.99,89.98
O002683,S0043481,U018496,2020-11-07,8,2,2,6,1,22.99,22.99
O002683,S0043481,U018496,2020-11-07,5,2,2,6,1,54.99,54.99
O002684,S0043483,U018496,2020-11-11,4,1,2,6,1,25.99,25.99
O002685,S0043522,U018511,2021-01-14,17,2,2,9,1,17.99,17.99
O002686,S0043530,U018515,2021-01-03,29,4,1,1,1,10.99,10.99
O002687,S0043537,U018517,2020-12-12,19,3,2,5,1,29.99,29.99
O002687,S0043537,U018517,2020-12-12,16,3,2,5,1,32.99,32.99
O002688,S0043553,U018526,2020-12-09,37,4,1,1,1,24.99,24.99
O002689,S0043594,U018544,2020-12-04,31,1,1,6,2,29.99,59.98
O002689,S0043594,U018544,2020-12-04,35,1,1,6,2,19.99,39.98
O002689,S0043594,U018544,2020-12-04,37,1,1,6,1,24.99,24.99
O002689,S0043594,U018544,2020-12-04,19,1,1,6,1,29.99,29.99
O002690,S0043603,U018550,2020-12-03,24,3,1,5,1,11.99,11.99
O002691,S0043608,U018552,2020-12-21,42,2,1,1,1,12.99,12.99
O002691,S0043608,U018552,2020-12-21,36,2,1,1,1,20.99,20.99
O002692,S0043616,U018555,2020-11-23,29,2,1,1,1,10.99,10.99
O002693,S0043622,U018558,2020-12-12,17,1,2,4,1,17.99,17.99
O002693,S0043622,U018558,2020-12-12,35,1,2,4,1,17.99,17.99
O002694,S0043639,U018565,2020-11-02,21,4,2,10,1,21.99,21.99
O002695,S0043659,U018574,2020-12-06,1,5,2,1,2,24.99,49.98
O002696,S0043665,U018576,2020-12-18,1,4,2,4,1,22.49,22.49
O002697,S0043691,U018586,2020-12-15,25,4,2,1,1,6.99,6.99
O002698,S0043712,U018595,2020-12-10,28,1,2,5,1,9.99,9.99
O002698,S0043712,U018595,2020-12-10,11,1,2,5,1,18.99,18.99
O002699,S0043718,U018597,2021-01-27,17,1,2,3,1,17.99,17.99
O002700,S0043731,U018605,2021-01-04,35,3,1,5,1,19.99,19.99
O002700,S0043731,U018605,2021-01-04,4,3,1,5,1,25.99,25.99
O002701,S0043770,U018621,2020-12-04,42,1,2,1,1,12.99,12.99
O002701,S0043770,U018621,2020-12-04,41,1,2,1,1,15.99,15.99
O002702,S0043775,U018622,2020-11-28,28,4,2,1,2,8.49,16.98
O002703,S0043787,U018627,2020-11-30,9,3,2,1,1,20.39,20.39
O002704,S0043796,U018633,2020-12-13,12,7,2,1,1,59.99,59.99
O002704,S0043796,U018633,2020-12-13,1,7,2,1,1,24.99,24.99
O002705,S0043809,U018639,2020-11-30,25,4,1,3,2,5.59,11.18
O002705,S0043809,U018639,2020-11-30,1,4,1,3,1,21.24,21.24
O002706,S0043867,U018660,2020-11-11,17,2,2,5,1,17.99,17.99
O002706,S0043867,U018660,2020-11-11,33,2,2,5,1,44.99,44.99
O002707,S0043869,U018660,2020-11-17,8,2,2,5,1,22.99,22.99
O002708,S0043873,U018662,2020-11-23,9,1,1,5,2,23.99,47.98
O002708,S0043873,U018662,2020-11-23,32,1,1,5,1,19.99,19.99
O002709,S0043883,U018667,2020-12-17,35,3,3,1,1,19.99,19.99
O002709,S0043883,U018667,2020-12-17,22,3,3,1,1,9.99,9.99
O002710,S0043893,U018673,2020-11-04,1,2,2,1,1,24.99,24.99
O002710,S0043893,U018673,2020-11-04,2,2,2,1,2,27.99,55.98
O002711,S0043909,U018678,2021-01-27,42,7,1,4,1,12.99,12.99
O002712,S0043912,U018679,2021-01-13,32,3,2,1,1,19.99,19.99
O002712,S0043912,U018679,2021-01-13,17,3,2,1,1,17.99,17.99
O002713,S0043926,U018686,2020-12-13,17,2,1,2,1,17.99,17.99
O002713,S0043926,U018686,2020-12-13,21,2,1,2,1,19.79,19.79
O002714,S0043989,U018708,2020-11-16,5,3,3,5,1,54.99,54.99
O002714,S0043989,U018708,2020-11-16,35,3,3,5,2,19.99,39.98
O002715,S0044008,U018720,2021-01-02,12,3,1,1,1,59.99,59.99
O002716,S0044014,U018722,2020-12-07,39,2,1,1,1,11.99,11.99
O002716,S0044014,U018722,2020-12-07,11,2,1,1,1,18.99,18.99
O002717,S0044015,U018723,2020-12-18,41,3,2,1,1,15.99,15.99
O002718,S0044018,U018724,2020-11-07,29,1,3,1,1,10.99,10.99
O002719,S0044021,U018726,2020-12-08,28,3,1,1,1,8.99,8.99
O002719,S0044021,U018726,2020-12-08,11,3,1,1,1,17.09,17.09
O002719,S0044021,U018726,2020-12-08,36,3,1,1,2,18.89,37.78
O002720,S0044036,U018730,2020-12-24,39,7,2,10,1,10.79,10.79
O002721,S0044038,U018730,2020-12-26,6,6,2,10,1,49.99,49.99
O002721,S0044038,U018730,2020-12-26,16,6,2,10,1,32.99,32.99
O002722,S0044047,U018735,2020-12-06,4,3,1,3,1,25.99,25.99
O002723,S0044062,U018742,2020-11-10,19,1,1,3,1,29.99,29.99
O002723,S0044062,U018742,2020-11-10,6,1,1,3,1,49.99,49.99
O002724,S0044084,U018752,2020-12-08,15,2,1,9,1,24.99,24.99
O002724,S0044084,U018752,2020-12-08,31,2,1,9,1,29.99,29.99
O002725,S0044124,U018768,2020-12-14,26,1,1,1,1,7.99,7.99
O002725,S0044124,U018768,2020-12-14,23,1,1,1,1,19.99,19.99
O002726,S0044187,U018794,2021-01-12,35,3,2,1,2,19.99,39.98
O002726,S0044187,U018794,2021-01-12,24,3,2,1,1,14.99,14.99
O002727,S0044189,U018794,2021-01-16,7,1,2,1,1,79.99,79.99
O002728,S0044207,U018799,2020-12-22,12,3,2,2,1,59.99,59.99
O002729,S0044217,U018803,2020-12-04,17,1,2,8,1,17.99,17.99
O002729,S0044217,U018803,2020-12-04,10,1,2,8,1,14.99,14.99
O002729,S0044217,U018803,2020-12-04,14,1,2,8,1,16.99,16.99
O002730,S0044233,U018809,2020-12-19,27,2,2,1,1,8.09,8.09
O002730,S0044233,U018809,2020-12-19,29,2,2,1,2,10.99,21.98
O002731,S0044241,U018812,2020-11-25,1,3,1,1,1,22.49,22.49
O002731,S0044241,U018812,2020-11-25,33,3,1,1,1,38.24,38.24
O002731,S0044241,U018812,2020-11-25,5,3,1,1,1,49.49,49.49
O002732,S0044244,U018814,2020-12-08,42,6,1,8,1,12.99,12.99
O002733,S0044253,U018817,2020-11-09,11,2,2,2,2,18.99,37.98
O002733,S0044253,U018817,2020-11-09,12,2,2,2,1,59.99,59.99
O002733,S0044253,U018817,2020-11-09,29,2,2,2,1,10.99,10.99
O002733,S0044253,U018817,2020-11-09,4,2,2,2,1,25.99,25.99
O002734,S0044278,U018830,2020-12-18,17,2,2,2,1,16.19,16.19
O002734,S0044278,U018830,2020-12-18,34,2,2,2,1,19.79,19.79
O002734,S0044278,U018830,2020-12-18,41,2,2,2,1,14.39,14.39
O002735,S0044286,U018834,2020-11-05,31,2,1,2,1,29.99,29.99
O002735,S0044286,U018834,2020-11-05,24,2,1,2,1,14.99,14.99
O002735,S0044286,U018834,2020-11-05,32,2,1,2,1,19.99,19.99
O002736,S0044309,U018846,2020-12-03,37,1,1,1,1,19.99,19.99
O002736,S0044309,U018846,2020-12-03,23,1,1,1,1,16.99,16.99
O002737,S0044327,U018854,2020-12-09,17,2,1,1,1,17.99,17.99
O002737,S0044327,U018854,2020-12-09,27,2,1,1,1,8.99,8.99
O002738,S0044332,U018856,2020-12-18,12,3,2,1,1,59.99,59.99
O002739,S0044333,U018857,2021-01-16,12,2,1,7,1,59.99,59.99
O002740,S0044373,U018875,2020-11-22,41,2,2,1,1,15.99,15.99
O002741,S0044397,U018887,2020-12-09,27,2,1,1,1,8.99,8.99
O002742,S0044436,U018902,2020-12-28,23,6,1,1,1,19.99,19.99
O002742,S0044436,U018902,2020-12-28,39,6,1,1,1,11.99,11.99
O002743,S0044446,U018906,2020-12-16,16,3,1,5,1,32.99,32.99
O002743,S0044446,U018906,2020-12-16,2,3,1,5,1,27.99,27.99
O002744,S0044448,U018907,2020-12-08,11,7,2,3,1,18.99,18.99
O002744,S0044448,U018907,2020-12-08,14,7,2,3,2,16.99,33.98
O002745,S0044465,U018913,2020-12-04,25,1,1,1,1,6.99,6.99
O002745,S0044465,U018913,2020-12-04,19,1,1,1,1,29.99,29.99
O002745,S0044465,U018913,2020-12-04,5,1,1,1,1,54.99,54.99
O002746,S0044472,U018916,2020-11-24,13,2,1,10,1,59.99,59.99
O002747,S0044474,U018917,2020-12-08,4,3,2,1,1,23.39,23.39
O002747,S0044474,U018917,2020-12-08,6,3,2,1,1,49.99,49.99
O002748,S0044495,U018927,2021-01-28,15,2,3,2,1,24.99,24.99
O002749,S0044501,U018929,2020-11-06,14,3,1,8,1,16.99,16.99
O002749,S0044501,U018929,2020-11-06,27,3,1,8,1,8.99,8.99
O002750,S0044502,U018930,2020-12-09,38,2,1,4,1,16.99,16.99
O002751,S0044503,U018930,2020-12-10,4,1,2,4,1,25.99,25.99
O002752,S0044504,U018930,2020-12-14,6,3,1,4,1,49.99,49.99
O002752,S0044504,U018930,2020-12-14,4,3,1,4,1,25.99,25.99
O002752,S0044504,U018930,2020-12-14,30,3,1,4,1,24.99,24.99
O002753,S0044509,U018931,2020-11-24,35,1,2,8,1,16.99,16.99
O002754,S0044522,U018936,2020-12-18,17,3,1,3,1,17.99,17.99
O002755,S0044545,U018946,2020-11-26,19,4,1,1,1,25.49,25.49
O002755,S0044545,U018946,2020-11-26,6,4,1,1,1,39.99,39.99
O002756,S0044551,U018947,2021-01-07,11,3,2,1,1,18.99,18.99
O002757,S0044605,U018971,2020-12-17,19,2,1,1,1,29.99,29.99
O002757,S0044605,U018971,2020-12-17,10,2,1,1,1,14.99,14.99
O002758,S0044638,U018986,2021-01-11,1,1,1,2,1,24.99,24.99
O002758,S0044638,U018986,2021-01-11,7,1,1,2,1,79.99,79.99
O002758,S0044638,U018986,2021-01-11,3,1,1,2,1,26.99,26.99
O002759,S0044650,U018989,2020-12-21,8,2,1,1,1,22.99,22.99
O002760,S0044676,U019003,2020-11-28,39,1,1,3,1,10.19,10.19
O002761,S0044677,U019003,2020-11-29,29,2,1,3,1,8.79,8.79
O002761,S0044677,U019003,2020-11-29,17,2,1,3,1,15.29,15.29
O002762,S0044688,U019012,2020-12-24,36,2,2,2,1,20.99,20.99
O002763,S0044706,U019020,2020-12-05,16,1,2,1,1,32.99,32.99
O002764,S0044732,U019032,2020-12-14,25,6,2,6,2,6.99,13.98
O002764,S0044732,U019032,2020-12-14,40,6,2,6,1,28.99,28.99
O002764,S0044732,U019032,2020-12-14,41,6,2,6,1,14.39,14.39
O002765,S0044744,U019038,2020-11-22,19,2,1,1,1,29.99,29.99
O002765,S0044744,U019038,2020-11-22,16,2,1,1,1,32.99,32.99
O002766,S0044788,U019059,2021-01-03,8,1,2,5,1,22.99,22.99
O002767,S0044791,U019061,2020-12-22,10,2,1,1,2,14.99,29.98
O002767,S0044791,U019061,2020-12-22,30,2,1,1,1,24.99,24.99
O002768,S0044792,U019061,2020-12-24,5,2,2,1,1,54.99,54.99
O002768,S0044792,U019061,2020-12-24,10,2,2,1,1,14.99,14.99
O002768,S0044792,U019061,2020-12-24,42,2,2,1,1,12.99,12.99
O002769,S0044871,U019099,2021-01-08,1,2,2,1,1,24.99,24.99
O002769,S0044871,U019099,2021-01-08,6,2,2,1,1,49.99,49.99
O002770,S0044893,U019106,2020-12-12,15,3,3,1,1,24.99,24.99
O002770,S0044893,U019106,2020-12-12,29,3,3,1,1,10.99,10.99
O002770,S0044893,U019106,2020-12-12,16,3,3,1,1,32.99,32.99
O002771,S0044920,U019117,2020-12-23,15,2,2,1,1,24.99,24.99
O002771,S0044920,U019117,2020-12-23,6,2,2,1,1,49.99,49.99
O002772,S0044924,U019119,2020-11-11,42,2,1,1,1,12.99,12.99
O002772,S0044924,U019119,2020-11-11,33,2,1,1,1,44.99,44.99
O002773,S0044926,U019120,2021-01-05,5,1,2,1,1,54.99,54.99
O002773,S0044926,U019120,2021-01-05,38,1,2,1,1,16.99,16.99
O002773,S0044926,U019120,2021-01-05,19,1,2,1,1,29.99,29.99
O002774,S0044937,U019125,2020-12-13,4,4,2,1,1,25.99,25.99
O002775,S0044938,U019125,2020-12-16,2,1,2,1,1,27.99,27.99
O002775,S0044938,U019125,2020-12-16,4,1,2,1,1,25.99,25.99
O002775,S0044938,U019125,2020-12-16,20,1,2,1,1,12.99,12.99
O002776,S0044954,U019132,2020-11-29,17,7,1,1,1,16.19,16.19
O002776,S0044954,U019132,2020-11-29,9,7,1,1,2,20.39,40.78
O002777,S0044995,U019149,2020-11-20,19,7,2,3,1,29.99,29.99
O002778,S0045000,U019151,2020-11-25,34,1,2,2,1,19.79,19.79
O002779,S0045011,U019156,2020-12-10,31,2,1,1,1,29.99,29.99
O002779,S0045011,U019156,2020-12-10,13,2,1,1,2,74.99,149.98
O002780,S0045023,U019160,2020-12-09,22,1,2,1,1,9.99,9.99
O002781,S0045027,U019162,2020-12-21,33,2,1,8,1,44.99,44.99
O002782,S0045041,U019169,2020-11-29,42,4,1,1,1,11.69,11.69
O002782,S0045041,U019169,2020-11-29,11,4,1,1,1,16.14,16.14
O002783,S0045042,U019170,2020-11-23,30,3,1,4,2,24.99,49.98
O002783,S0045042,U019170,2020-11-23,27,3,1,4,1,8.99,8.99
O002783,S0045042,U019170,2020-11-23,2,3,1,4,1,27.99,27.99
O002784,S0045073,U019181,2020-12-22,17,2,3,1,1,17.99,17.99
O002784,S0045073,U019181,2020-12-22,12,2,3,1,1,59.99,59.99
O002785,S0045112,U019196,2020-12-09,42,1,2,9,1,12.99,12.99
O002786,S0045120,U019202,2020-11-27,2,1,1,1,1,23.79,23.79
O002786,S0045120,U019202,2020-11-27,9,1,1,1,1,20.39,20.39
O002786,S0045120,U019202,2020-11-27,20,1,1,1,1,11.04,11.04
O002787,S0045137,U019211,2020-11-06,17,6,1,1,1,17.99,17.99
O002787,S0045137,U019211,2020-11-06,5,6,1,1,2,54.99,109.98
O002788,S0045149,U019214,2020-12-11,17,1,2,1,1,17.99,17.99
O002788,S0045149,U019214,2020-12-11,36,1,2,1,1,20.99,20.99
O002789,S0045156,U019216,2020-12-14,26,6,2,1,1,7.99,7.99
O002789,S0045156,U019216,2020-12-14,23,6,2,1,1,17.99,17.99
O002789,S0045156,U019216,2020-12-14,15,6,2,1,1,24.99,24.99
O002790,S0045157,U019217,2020-12-03,16,1,2,2,1,26.39,26.39
O002790,S0045157,U019217,2020-12-03,34,1,2,2,1,17.59,17.59
O002791,S0045192,U019232,2020-12-03,35,3,1,2,1,16.99,16.99
O002792,S0045203,U019235,2020-12-02,24,1,1,1,1,12.74,12.74
O002793,S0045227,U019247,2020-11-24,18,3,3,1,1,15.19,15.19
O002794,S0045234,U019249,2020-12-13,1,4,1,8,1,24.99,24.99
O002795,S0045249,U019258,2020-11-29,23,3,1,1,1,17.99,17.99
O002795,S0045249,U019258,2020-11-29,15,3,1,1,1,21.24,21.24
O002795,S0045249,U019258,2020-11-29,33,3,1,1,1,40.49,40.49
O002796,S0045256,U019262,2020-12-16,1,4,2,1,1,24.99,24.99
O002797,S0045274,U019270,2020-11-26,16,1,2,1,1,26.39,26.39
O002797,S0045274,U019270,2020-11-26,40,1,2,1,1,23.19,23.19
O002798,S0045292,U019276,2020-12-30,8,3,2,1,1,22.99,22.99
O002798,S0045292,U019276,2020-12-30,37,3,2,1,1,24.99,24.99
O002799,S0045308,U019283,2020-12-10,27,1,2,1,1,8.99,8.99
O002800,S0045312,U019284,2020-12-19,23,2,3,1,1,19.99,19.99
O002800,S0045312,U019284,2020-12-19,42,2,3,1,1,12.99,12.99
O002801,S0045316,U019287,2020-12-12,29,1,2,6,1,10.99,10.99
O002802,S0045318,U019288,2020-11-26,6,2,2,2,1,44.99,44.99
O002803,S0045370,U019314,2020-12-29,38,2,1,1,2,16.99,33.98
O002803,S0045370,U019314,2020-12-29,17,2,1,1,1,17.99,17.99
O002803,S0045370,U019314,2020-12-29,39,2,1,1,1,11.99,11.99
O002804,S0045383,U019319,2020-12-03,3,4,1,2,1,24.29,24.29
O002804,S0045383,U019319,2020-12-03,22,4,1,2,1,8.49,8.49
O002805,S0045384,U019319,2020-12-04,3,1,1,2,1,26.99,26.99
O002805,S0045384,U019319,2020-12-04,15,1,1,2,1,24.99,24.99
O002805,S0045384,U019319,2020-12-04,23,1,1,2,2,19.99,39.98
O002806,S0045398,U019324,2020-12-31,29,3,1,3,1,10.99,10.99
O002807,S0045413,U019330,2020-11-23,10,1,2,2,1,14.99,14.99
O002807,S0045413,U019330,2020-11-23,12,1,2,2,1,59.99,59.99
O002808,S0045418,U019332,2020-12-17,33,5,1,10,1,44.99,44.99
O002809,S0045443,U019345,2020-11-28,14,1,1,1,1,15.29,15.29
O002809,S0045443,U019345,2020-11-28,29,1,1,1,1,9.89,9.89
O002810,S0045452,U019349,2020-12-18,6,3,1,1,1,49.99,49.99
O002810,S0045452,U019349,2020-12-18,41,3,1,1,1,15.99,15.99
O002811,S0045465,U019353,2020-11-21,1,2,3,1,2,24.99,49.98
O002812,S0045506,U019372,2020-12-20,26,4,2,4,1,7.19,7.19
O002812,S0045506,U019372,2020-12-20,39,4,2,4,1,11.99,11.99
O002812,S0045506,U019372,2020-12-20,13,4,2,4,1,74.99,74.99
O002813,S0045531,U019382,2020-11-27,33,2,2,1,1,38.24,38.24
O002814,S0045536,U019383,2020-12-14,24,2,2,1,1,13.49,13.49
O002815,S0045553,U019391,2020-12-18,33,6,1,1,1,44.99,44.99
O002816,S0045562,U019394,2020-12-01,24,1,1,10,1,12.74,12.74
O002816,S0045562,U019394,2020-12-01,5,1,1,10,1,43.99,43.99
O002817,S0045596,U019405,2021-01-02,16,1,2,1,1,32.99,32.99
O002818,S0045598,U019406,2020-12-06,17,2,2,1,1,17.99,17.99
O002818,S0045598,U019406,2020-12-06,16,2,2,1,1,32.99,32.99
O002819,S0045622,U019418,2020-12-02,4,2,1,2,1,22.09,22.09
O002820,S0045654,U019430,2020-11-20,37,1,1,1,1,24.99,24.99
O002821,S0045672,U019439,2020-11-24,32,3,2,6,1,17.99,17.99
O002822,S0045726,U019467,2020-12-04,26,3,1,5,1,7.99,7.99
O002822,S0045726,U019467,2020-12-04,3,3,1,5,1,26.99,26.99
O002822,S0045726,U019467,2020-12-04,17,3,1,5,1,17.99,17.99
O002822,S0045726,U019467,2020-12-04,34,3,1,5,1,21.99,21.99
O002823,S0045741,U019473,2021-01-30,15,1,1,1,2,24.99,49.98
O002824,S0045766,U019485,2020-12-01,41,3,1,1,1,12.79,12.79
O002825,S0045805,U019501,2021-01-09,36,3,1,1,2,20.99,41.98
O002825,S0045805,U019501,2021-01-09,20,3,1,1,1,12.99,12.99
O002825,S0045805,U019501,2021-01-09,8,3,1,1,1,22.99,22.99
O002826,S0045858,U019521,2020-11-20,8,3,1,1,1,22.99,22.99
O002827,S0045860,U019522,2020-11-26,6,2,2,3,1,42.49,42.49
O002828,S0045882,U019531,2020-12-14,2,3,1,1,1,27.99,27.99
O002828,S0045882,U019531,2020-12-14,9,3,1,1,1,23.99,23.99
O002828,S0045882,U019531,2020-12-14,15,3,1,1,1,24.99,24.99
O002828,S0045882,U019531,2020-12-14,31,3,1,1,2,29.99,59.98
O002829,S0045904,U019541,2020-12-11,12,3,2,1,1,53.99,53.99
O002829,S0045904,U019541,2020-12-11,10,3,2,1,1,14.99,14.99
O002830,S0045907,U019542,2020-12-13,37,1,2,1,1,24.99,24.99
O002831,S0045931,U019552,2021-01-05,29,4,2,1,1,10.99,10.99
O002831,S0045931,U019552,2021-01-05,21,4,2,1,1,21.99,21.99
O002831,S0045931,U019552,2021-01-05,32,4,2,1,1,19.99,19.99
O002832,S0045947,U019559,2020-11-14,17,2,3,3,1,17.99,17.99
O002832,S0045947,U019559,2020-11-14,2,2,3,3,1,27.99,27.99
O002833,S0045950,U019560,2021-01-09,17,2,2,1,1,17.99,17.99
O002834,S0045968,U019570,2020-11-14,35,2,2,4,1,19.99,19.99
O002835,S0045987,U019579,2020-12-24,15,1,2,1,2,24.99,49.98
O002836,S0045988,U019579,2020-12-28,19,2,2,1,1,29.99,29.99
O002836,S0045988,U019579,2020-12-28,42,2,2,1,1,12.99,12.99
O002836,S0045988,U019579,2020-12-28,40,2,2,1,1,28.99,28.99
O002836,S0045988,U019579,2020-12-28,18,2,2,1,1,18.99,18.99
O002837,S0045994,U019581,2020-11-24,2,2,2,1,2,25.19,50.38
O002837,S0045994,U019581,2020-11-24,19,2,2,1,1,26.99,26.99
O002838,S0045995,U019582,2021-01-12,4,1,2,5,2,25.99,51.98
O002839,S0046000,U019584,2020-12-20,34,1,2,1,1,21.99,21.99
O002840,S0046005,U019586,2020-11-22,25,2,1,10,2,6.99,13.98
O002841,S0046015,U019590,2020-11-15,33,2,3,1,1,44.99,44.99
O002842,S0046016,U019591,2020-11-23,3,1,2,5,1,26.99,26.99
O002843,S0046028,U019595,2020-11-08,37,4,1,1,1,24.99,24.99
O002843,S0046028,U019595,2020-11-08,22,4,1,1,1,9.99,9.99
O002844,S0046052,U019607,2020-12-18,23,1,2,1,1,19.99,19.99
O002844,S0046052,U019607,2020-12-18,36,1,2,1,1,20.99,20.99
O002844,S0046052,U019607,2020-12-18,27,1,2,1,1,8.99,8.99
O002845,S0046065,U019613,2020-12-16,17,6,2,4,1,17.99,17.99
O002846,S0046094,U019624,2020-12-25,23,1,2,10,1,19.99,19.99
O002847,S0046104,U019628,2020-12-20,8,1,2,1,2,22.99,45.98
O002847,S0046104,U019628,2020-12-20,9,1,2,1,1,23.99,23.99
O002848,S0046113,U019632,2020-11-29,40,2,1,1,1,24.64,24.64
O002848,S0046113,U019632,2020-11-29,18,2,1,1,1,17.09,17.09
O002849,S0046126,U019638,2020-12-21,10,4,3,1,2,14.99,29.98
O002849,S0046126,U019638,2020-12-21,3,4,3,1,1,26.99,26.99
O002849,S0046126,U019638,2020-12-21,40,4,3,1,1,28.99,28.99
O002850,S0046141,U019643,2020-11-24,35,3,1,10,1,16.99,16.99
O002850,S0046141,U019643,2020-11-24,38,3,1,10,1,15.29,15.29
O002851,S0046143,U019644,2021-01-31,15,6,2,1,2,24.99,49.98
O002852,S0046156,U019649,2020-12-01,42,1,1,1,2,11.04,22.08
O002852,S0046156,U019649,2020-12-01,15,1,1,1,2,21.24,42.48
O002853,S0046166,U019653,2020-12-15,7,3,2,1,1,79.99,79.99
O002854,S0046187,U019661,2021-01-27,14,1,1,3,1,16.99,16.99
O002855,S0046230,U019682,2021-01-11,35,4,2,8,1,19.99,19.99
O002856,S0046231,U019683,2021-01-07,37,7,2,1,1,24.99,24.99
O002857,S0046237,U019687,2021-01-29,11,2,2,1,1,18.99,18.99
O002858,S0046247,U019690,2020-12-12,1,6,2,1,1,24.99,24.99
O002859,S0046272,U019703,2020-11-29,4,7,1,5,1,20.79,20.79
O002860,S0046275,U019704,2020-11-24,18,1,1,4,1,17.09,17.09
O002860,S0046275,U019704,2020-11-24,39,1,1,4,2,9.59,19.18
O002860,S0046275,U019704,2020-11-24,20,1,1,4,1,10.39,10.39
O002861,S0046297,U019715,2020-12-05,40,2,1,1,1,28.99,28.99
O002862,S0046301,U019716,2020-11-23,11,3,2,5,1,18.99,18.99
O002863,S0046326,U019727,2020-12-14,13,4,1,1,1,74.99,74.99
O002864,S0046329,U019727,2020-12-22,41,1,1,1,1,15.99,15.99
O002864,S0046329,U019727,2020-12-22,30,1,1,1,2,24.99,49.98
O002865,S0046356,U019739,2020-12-30,33,2,1,1,2,44.99,89.98
O002865,S0046356,U019739,2020-12-30,31,2,1,1,2,29.99,59.98
O002866,S0046363,U019741,2020-12-10,16,2,2,1,2,32.99,65.98
O002866,S0046363,U019741,2020-12-10,10,2,2,1,1,14.99,14.99
O002866,S0046363,U019741,2020-12-10,32,2,2,1,1,19.99,19.99
O002867,S0046364,U019741,2020-12-11,10,1,2,1,2,14.99,29.98
O002868,S0046369,U019742,2020-12-27,2,4,1,1,1,27.99,27.99
O002869,S0046402,U019759,2020-11-21,9,3,1,1,2,23.99,47.98
O002870,S0046410,U019762,2020-11-22,5,1,2,1,1,54.99,54.99
O002871,S0046431,U019769,2020-11-01,9,5,1,8,1,23.99,23.99
O002871,S0046431,U019769,2020-11-01,41,5,1,8,1,15.99,15.99
O002871,S0046431,U019769,2020-11-01,40,5,1,8,1,28.99,28.99
O002872,S0046444,U019777,2020-12-11,19,1,1,6,1,29.99,29.99
O002872,S0046444,U019777,2020-12-11,39,1,1,6,1,11.99,11.99
O002873,S0046469,U019789,2020-12-15,6,3,1,1,1,49.99,49.99
O002874,S0046480,U019794,2020-12-26,37,2,2,4,1,24.99,24.99
O002874,S0046480,U019794,2020-12-26,1,2,2,4,2,24.99,49.98
O002874,S0046480,U019794,2020-12-26,41,2,2,4,1,15.99,15.99
O002875,S0046485,U019797,2020-11-02,1,1,2,1,1,24.99,24.99
O002875,S0046485,U019797,2020-11-02,29,1,2,1,2,10.99,21.98
O002875,S0046485,U019797,2020-11-02,18,1,2,1,1,18.99,18.99
O002876,S0046506,U019807,2021-01-03,37,2,1,7,1,24.99,24.99
O002877,S0046510,U019810,2020-11-08,17,2,2,4,1,17.99,17.99
O002878,S0046539,U019822,2020-11-30,40,3,2,10,1,23.19,23.19
O002878,S0046539,U019822,2020-11-30,25,3,2,10,1,5.94,5.94
O002879,S0046542,U019823,2020-11-25,22,3,3,1,1,8.49,8.49
O002879,S0046542,U019823,2020-11-25,13,3,3,1,1,63.74,63.74
O002880,S0046565,U019831,2020-12-31,34,2,1,1,1,21.99,21.99
O002881,S0046574,U019835,2020-11-23,25,2,1,1,1,6.99,6.99
O002882,S0046582,U019839,2021-01-03,19,7,1,7,1,29.99,29.99
O002883,S0046592,U019843,2020-11-16,15,3,1,4,1,24.99,24.99
O002883,S0046592,U019843,2020-11-16,36,3,1,4,1,20.99,20.99
O002884,S0046599,U019846,2021-01-05,41,2,1,2,2,15.99,31.98
O002884,S0046599,U019846,2021-01-05,5,2,1,2,1,54.99,54.99
O002885,S0046615,U019853,2020-12-27,37,1,2,4,1,24.99,24.99
O002886,S0046630,U019859,2020-11-23,17,2,1,5,1,17.99,17.99
O002886,S0046630,U019859,2020-11-23,33,2,1,5,1,44.99,44.99
O002887,S0046633,U019860,2021-01-03,35,3,1,7,1,19.99,19.99
O002888,S0046638,U019861,2021-01-14,9,5,2,1,1,23.99,23.99
O002889,S0046665,U019875,2020-12-24,16,2,1,1,1,32.99,32.99
O002890,S0046704,U019889,2020-12-26,25,1,1,1,1,6.99,6.99
O002890,S0046704,U019889,2020-12-26,12,1,1,1,1,53.99,53.99
O002891,S0046708,U019891,2020-11-10,24,3,2,1,2,14.99,29.98
O002891,S0046708,U019891,2020-11-10,40,3,2,1,1,28.99,28.99
O002892,S0046717,U019895,2021-01-09,7,1,1,2,2,79.99,159.98
O002893,S0046754,U019911,2020-12-19,27,6,2,8,1,8.99,8.99
O002893,S0046754,U019911,2020-12-19,16,6,2,8,2,32.99,65.98
O002894,S0046766,U019916,2020-12-16,17,2,2,4,1,17.99,17.99
O002895,S0046817,U019934,2021-01-27,6,1,2,1,1,49.99,49.99
O002895,S0046817,U019934,2021-01-27,38,1,2,1,1,16.99,16.99
O002896,S0046825,U019936,2020-12-19,1,6,2,10,1,24.99,24.99
O002897,S0046849,U019946,2021-01-29,25,6,2,1,1,6.99,6.99
O002897,S0046849,U019946,2021-01-29,19,6,2,1,1,29.99,29.99
O002898,S0046861,U019949,2020-11-29,28,1,2,10,1,8.49,8.49
O002898,S0046861,U019949,2020-11-29,26,1,2,10,1,6.39,6.39
O002898,S0046861,U019949,2020-11-29,36,1,2,10,1,18.89,18.89
O002898,S0046861,U019949,2020-11-29,14,1,2,10,2,14.44,28.88
O002899,S0046883,U019960,2020-12-29,5,1,2,1,2,54.99,109.98
O002899,S0046883,U019960,2020-12-29,32,1,2,1,1,19.99,19.99
O002899,S0046883,U019960,2020-12-29,27,1,2,1,1,8.99,8.99
O002899,S0046883,U019960,2020-12-29,3,1,2,1,1,26.99,26.99
O002900,S0046888,U019962,2020-12-11,26,1,1,1,1,7.99,7.99
O002900,S0046888,U019962,2020-12-11,39,1,1,1,1,11.99,11.99
O002900,S0046888,U019962,2020-12-11,1,1,1,1,2,24.99,49.98
O002901,S0046937,U019981,2020-12-07,42,3,2,1,2,12.99,25.98
O002902,S0046949,U019987,2020-11-29,42,3,1,1,1,10.39,10.39
O002903,S0046985,U020001,2021-01-31,14,2,1,1,1,16.99,16.99
O002903,S0046985,U020001,2021-01-31,41,2,1,1,1,15.99,15.99
O002904,S0047028,U020016,2020-12-29,38,1,2,1,1,16.99,16.99
O002905,S0047038,U020021,2021-01-09,21,2,1,1,1,21.99,21.99
O002905,S0047038,U020021,2021-01-09,1,2,1,1,1,24.99,24.99
O002906,S0047041,U020022,2021-01-08,15,2,2,1,1,24.99,24.99
O002906,S0047041,U020022,2021-01-08,31,2,2,1,1,29.99,29.99
O002907,S0047086,U020039,2020-12-15,3,2,2,3,1,24.29,24.29
O002907,S0047086,U020039,2020-12-15,6,2,2,3,1,49.99,49.99
O002908,S0047147,U020061,2021-01-02,7,7,2,1,1,79.99,79.99
O002908,S0047147,U020061,2021-01-02,3,7,2,1,1,26.99,26.99
O002909,S0047157,U020065,2020-12-10,36,6,2,4,1,18.89,18.89
O002909,S0047157,U020065,2020-12-10,15,6,2,4,1,24.99,24.99
O002909,S0047157,U020065,2020-12-10,42,6,2,4,1,12.99,12.99
O002910,S0047190,U020079,2020-11-12,34,3,2,5,1,21.99,21.99
O002910,S0047190,U020079,2020-11-12,15,3,2,5,1,24.99,24.99
O002911,S0047197,U020082,2020-12-23,41,3,1,2,1,15.99,15.99
O002911,S0047197,U020082,2020-12-23,5,3,1,2,1,54.99,54.99
O002911,S0047197,U020082,2020-12-23,34,3,1,2,1,21.99,21.99
O002912,S0047203,U020084,2020-12-25,1,2,2,7,2,24.99,49.98
O002913,S0047226,U020094,2021-01-25,3,3,1,1,1,26.99,26.99
O002914,S0047237,U020099,2020-12-04,33,4,2,1,1,44.99,44.99
O002915,S0047277,U020118,2021-01-26,16,1,2,2,1,32.99,32.99
O002915,S0047277,U020118,2021-01-26,36,1,2,2,1,20.99,20.99
O002915,S0047277,U020118,2021-01-26,28,1,2,2,1,9.99,9.99
O002915,S0047277,U020118,2021-01-26,40,1,2,2,1,28.99,28.99
O002916,S0047320,U020140,2020-12-11,1,3,2,10,1,22.49,22.49
O002916,S0047320,U020140,2020-12-11,14,3,2,10,1,16.99,16.99
O002917,S0047336,U020148,2021-01-05,7,5,2,1,1,79.99,79.99
O002917,S0047336,U020148,2021-01-05,18,5,2,1,1,18.99,18.99
O002918,S0047337,U020148,2021-01-06,19,1,2,1,1,29.99,29.99
O002918,S0047337,U020148,2021-01-06,10,1,2,1,2,14.99,29.98
O002918,S0047337,U020148,2021-01-06,12,1,2,1,1,59.99,59.99
O002919,S0047374,U020163,2020-11-02,34,5,2,1,2,21.99,43.98
O002920,S0047398,U020173,2020-12-22,27,2,2,3,1,8.09,8.09
O002921,S0047399,U020174,2020-11-03,17,3,1,2,1,17.99,17.99
O002921,S0047399,U020174,2020-11-03,5,3,1,2,1,54.99,54.99
O002921,S0047399,U020174,2020-11-03,34,3,1,2,1,21.99,21.99
O002922,S0047407,U020177,2021-01-13,2,1,1,6,1,27.99,27.99
O002923,S0047445,U020194,2020-12-03,4,2,3,7,1,23.39,23.39
O002924,S0047485,U020210,2020-12-08,14,4,2,1,1,16.99,16.99
O002925,S0047493,U020215,2021-01-30,29,3,2,2,1,10.99,10.99
O002926,S0047494,U020215,2021-01-31,9,6,2,2,1,23.99,23.99
O002926,S0047494,U020215,2021-01-31,19,6,2,2,1,29.99,29.99
O002926,S0047494,U020215,2021-01-31,26,6,2,2,1,7.99,7.99
O002926,S0047494,U020215,2021-01-31,40,6,2,2,1,28.99,28.99
O002927,S0047500,U020218,2021-01-18,41,1,2,6,1,15.99,15.99
O002927,S0047500,U020218,2021-01-18,42,1,2,6,1,12.99,12.99
O002927,S0047500,U020218,2021-01-18,10,1,2,6,1,14.99,14.99
O002928,S0047510,U020223,2020-12-26,13,1,2,10,1,67.49,67.49
O002929,S0047544,U020239,2020-11-11,5,4,3,1,1,54.99,54.99
O002929,S0047544,U020239,2020-11-11,13,4,3,1,1,74.99,74.99
O002930,S0047546,U020239,2020-11-27,10,2,3,1,2,12.74,25.48
O002931,S0047575,U020251,2021-01-17,14,1,2,1,1,16.99,16.99
O002931,S0047575,U020251,2021-01-17,6,1,2,1,1,49.99,49.99
O002932,S0047583,U020255,2020-11-21,5,2,2,10,1,54.99,54.99
O002932,S0047583,U020255,2020-11-21,31,2,2,10,1,29.99,29.99
O002933,S0047598,U020260,2020-11-27,2,2,2,1,1,25.19,25.19
O002934,S0047612,U020265,2021-01-19,1,2,1,9,1,24.99,24.99
O002935,S0047654,U020284,2020-11-13,3,3,1,1,1,26.99,26.99
O002936,S0047659,U020286,2020-12-04,13,2,2,2,2,74.99,149.98
O002936,S0047659,U020286,2020-12-04,3,2,2,2,2,26.99,53.98
O002936,S0047659,U020286,2020-12-04,32,2,2,2,1,19.99,19.99
O002937,S0047676,U020293,2020-11-06,6,2,1,1,1,49.99,49.99
O002937,S0047676,U020293,2020-11-06,21,2,1,1,1,21.99,21.99
O002937,S0047676,U020293,2020-11-06,9,2,1,1,1,23.99,23.99
O002938,S0047753,U020325,2021-01-17,27,4,2,6,1,8.99,8.99
O002938,S0047753,U020325,2021-01-17,31,4,2,6,1,29.99,29.99
O002938,S0047753,U020325,2021-01-17,11,4,2,6,1,18.99,18.99
O002938,S0047753,U020325,2021-01-17,41,4,2,6,1,15.99,15.99
O002939,S0047789,U020339,2020-12-30,5,2,2,1,1,54.99,54.99
O002940,S0047799,U020343,2020-12-21,18,4,2,1,1,18.99,18.99
O002941,S0047821,U020351,2021-01-10,11,4,1,1,1,18.99,18.99
O002942,S0047831,U020356,2020-12-21,14,3,1,3,1,16.99,16.99
O002943,S0047845,U020363,2020-12-19,17,2,2,5,1,17.99,17.99
O002944,S0047878,U020379,2021-01-03,3,3,1,1,1,26.99,26.99
O002945,S0047879,U020379,2021-01-05,10,1,1,1,2,14.99,29.98
O002945,S0047879,U020379,2021-01-05,15,1,1,1,1,24.99,24.99
O002946,S0047880,U020380,2020-12-24,19,2,2,8,1,29.99,29.99
O002947,S0047927,U020401,2020-11-26,15,2,2,2,2,19.99,39.98
O002948,S0047944,U020407,2021-01-22,6,2,2,1,1,49.99,49.99
O002949,S0047948,U020408,2020-12-01,16,2,1,1,1,28.04,28.04
O002950,S0047963,U020413,2020-12-11,17,1,2,2,1,17.99,17.99
O002951,S0047989,U020423,2020-11-09,18,1,2,6,1,18.99,18.99
O002951,S0047989,U020423,2020-11-09,21,1,2,6,1,21.99,21.99
O002951,S0047989,U020423,2020-11-09,9,1,2,6,1,23.99,23.99
O002952,S0048013,U020431,2021-01-01,41,6,2,1,1,15.99,15.99
O002953,S0048017,U020432,2020-12-25,6,3,2,1,2,44.99,89.98
O002954,S0048065,U020453,2020-11-14,26,5,1,4,2,7.99,15.98
O002955,S0048084,U020461,2020-12-16,27,4,3,5,2,8.99,17.98
O002955,S0048084,U020461,2020-12-16,23,4,3,5,1,19.99,19.99
O002956,S0048089,U020463,2020-12-28,15,1,1,6,1,24.99,24.99
O002956,S0048089,U020463,2020-12-28,8,1,1,6,2,22.99,45.98
O002957,S0048142,U020487,2020-12-04,15,4,2,1,1,24.99,24.99
O002958,S0048146,U020489,2020-11-20,8,4,2,5,1,22.99,22.99
O002958,S0048146,U020489,2020-11-20,22,4,2,5,1,9.99,9.99
O002959,S0048155,U020492,2020-11-28,17,3,3,1,2,15.29,30.58
O002960,S0048184,U020504,2020-11-26,18,3,1,1,1,16.14,16.14
O002960,S0048184,U020504,2020-11-26,32,3,1,1,1,17.99,17.99
O002961,S0048195,U020509,2021-01-06,27,1,1,6,1,8.99,8.99
O002962,S0048199,U020510,2020-12-21,31,1,1,1,1,29.99,29.99
O002963,S0048234,U020524,2021-01-01,18,3,1,1,1,18.99,18.99
O002964,S0048248,U020533,2021-01-01,42,4,1,1,2,12.99,25.98
O002964,S0048248,U020533,2021-01-01,22,4,1,1,1,9.99,9.99
O002965,S0048250,U020533,2021-01-04,31,6,1,1,1,29.99,29.99
O002966,S0048276,U020544,2020-11-24,42,1,1,1,1,11.04,11.04
O002966,S0048276,U020544,2020-11-24,3,1,1,1,1,22.94,22.94
O002967,S0048294,U020552,2021-01-03,25,6,1,3,1,6.99,6.99
O002968,S0048319,U020565,2020-11-03,30,3,1,7,1,24.99,24.99
O002969,S0048320,U020565,2020-11-06,32,4,1,7,1,19.99,19.99
O002969,S0048320,U020565,2020-11-06,25,4,1,7,1,6.99,6.99
O002970,S0048328,U020568,2021-01-20,6,6,1,2,1,49.99,49.99
O002971,S0048330,U020569,2020-12-27,28,2,2,1,1,9.99,9.99
O002972,S0048337,U020573,2020-12-26,10,6,1,1,1,14.99,14.99
O002973,S0048347,U020577,2020-12-21,14,1,1,3,1,16.99,16.99
O002974,S0048375,U020590,2020-11-08,12,1,1,9,1,59.99,59.99
O002975,S0048376,U020590,2020-11-20,36,2,1,9,1,20.99,20.99
O002975,S0048376,U020590,2020-11-20,1,2,1,9,1,24.99,24.99
O002975,S0048376,U020590,2020-11-20,37,2,1,9,1,24.99,24.99
O002976,S0048378,U020591,2020-12-02,17,1,1,1,1,16.19,16.19
O002976,S0048378,U020591,2020-12-02,18,1,1,1,1,17.09,17.09
O002977,S0048393,U020598,2021-01-23,12,3,1,1,1,59.99,59.99
O002977,S0048393,U020598,2021-01-23,40,3,1,1,1,28.99,28.99
O002978,S0048400,U020601,2020-12-06,14,1,1,1,1,16.99,16.99
O002978,S0048400,U020601,2020-12-06,19,1,1,1,1,29.99,29.99
O002979,S0048424,U020611,2021-01-17,9,1,2,1,2,23.99,47.98
O002980,S0048429,U020615,2020-12-09,36,1,2,4,2,20.99,41.98
O002981,S0048438,U020619,2020-12-31,7,1,1,2,1,79.99,79.99
O002981,S0048438,U020619,2020-12-31,8,1,1,2,1,22.99,22.99
O002982,S0048441,U020621,2020-11-29,1,3,3,1,1,22.49,22.49
O002983,S0048448,U020624,2020-12-10,18,1,1,5,1,18.99,18.99
O002983,S0048448,U020624,2020-12-10,30,1,1,5,1,24.99,24.99
O002984,S0048452,U020625,2021-01-22,15,3,2,1,1,24.99,24.99
O002984,S0048452,U020625,2021-01-22,5,3,2,1,1,54.99,54.99
O002985,S0048467,U020631,2020-12-03,40,2,1,10,1,24.64,24.64
O002986,S0048470,U020632,2020-12-19,14,3,3,1,1,16.99,16.99
O002987,S0048474,U020634,2021-01-23,40,2,2,1,1,28.99,28.99
O002988,S0048476,U020636,2021-01-13,3,1,1,5,1,26.99,26.99
O002988,S0048476,U020636,2021-01-13,1,1,1,5,1,24.99,24.99
O002988,S0048476,U020636,2021-01-13,13,1,1,5,1,74.99,74.99
O002989,S0048494,U020645,2020-11-30,16,2,2,1,1,29.69,29.69
O002989,S0048494,U020645,2020-11-30,36,2,2,1,1,16.79,16.79
O002990,S0048497,U020646,2021-01-02,6,2,2,1,1,49.99,49.99
O002990,S0048497,U020646,2021-01-02,16,2,2,1,1,32.99,32.99
O002991,S0048537,U020661,2021-01-06,18,1,1,1,2,18.99,37.98
O002992,S0048565,U020674,2020-12-18,16,6,1,2,1,29.69,29.69
O002993,S0048572,U020677,2021-01-06,9,3,1,1,1,23.99,23.99
O002994,S0048577,U020678,2020-12-16,26,1,1,3,1,7.99,7.99
O002994,S0048577,U020678,2020-12-16,35,1,1,3,1,19.99,19.99
O002995,S0048580,U020679,2020-11-18,40,2,2,6,1,28.99,28.99
O002996,S0048582,U020680,2020-11-27,19,6,1,1,2,25.49,50.98
O002996,S0048582,U020680,2020-11-27,35,6,1,1,1,15.99,15.99
O002997,S0048592,U020685,2021-01-17,1,1,2,1,1,24.99,24.99
O002998,S0048614,U020694,2020-12-14,5,1,1,6,1,54.99,54.99
O002998,S0048614,U020694,2020-12-14,15,1,1,6,1,24.99,24.99
O002998,S0048614,U020694,2020-12-14,9,1,1,6,2,23.99,47.98
O002998,S0048614,U020694,2020-12-14,27,1,1,6,1,8.09,8.09
O002999,S0048622,U020697,2020-11-29,7,1,2,1,2,67.99,135.98
O003000,S0048625,U020697,2020-12-12,37,7,2,1,1,24.99,24.99
O003001,S0048655,U020711,2021-01-13,29,7,2,1,1,10.99,10.99
O003001,S0048655,U020711,2021-01-13,4,7,2,1,1,25.99,25.99
O003001,S0048655,U020711,2021-01-13,14,7,2,1,1,16.99,16.99
O003002,S0048657,U020712,2020-12-29,15,4,2,1,1,24.99,24.99
O003003,S0048672,U020719,2020-11-14,20,1,2,1,1,12.99,12.99
O003004,S0048741,U020749,2020-11-27,39,2,2,1,2,10.79,21.58
O003005,S0048742,U020749,2020-11-30,2,3,2,1,1,23.79,23.79
O003006,S0048744,U020750,2020-11-28,31,6,1,1,1,25.49,25.49
O003007,S0048780,U020766,2020-12-09,24,1,1,1,1,14.99,14.99
O003007,S0048780,U020766,2020-12-09,26,1,1,1,1,7.99,7.99
O003007,S0048780,U020766,2020-12-09,1,1,1,1,1,24.99,24.99
O003008,S0048793,U020773,2021-01-24,8,3,2,10,1,22.99,22.99
O003009,S0048797,U020775,2020-12-16,28,4,2,1,1,9.99,9.99
O003010,S0048818,U020783,2020-12-17,32,7,2,1,1,19.99,19.99
O003011,S0048821,U020785,2020-11-09,34,4,1,1,1,21.99,21.99
O003012,S0048838,U020791,2020-12-09,17,1,2,1,1,17.99,17.99
O003012,S0048838,U020791,2020-12-09,31,1,2,1,2,29.99,59.98
O003013,S0048853,U020796,2020-12-06,22,5,2,2,1,9.99,9.99
O003014,S0048856,U020797,2020-12-28,9,1,1,10,1,23.99,23.99
O003014,S0048856,U020797,2020-12-28,22,1,1,10,1,9.99,9.99
O003015,S0048866,U020801,2021-01-20,18,2,2,7,2,18.99,37.98
O003016,S0048867,U020801,2021-01-21,15,1,2,7,1,24.99,24.99
O003017,S0048885,U020808,2020-11-26,9,1,1,1,1,21.59,21.59
O003018,S0048940,U020828,2021-01-24,40,7,1,8,1,28.99,28.99
O003019,S0048950,U020832,2020-12-22,28,1,1,1,1,8.99,8.99
O003020,S0048971,U020839,2020-11-13,37,3,2,2,2,24.99,49.98
O003021,S0048974,U020839,2020-11-26,18,6,1,2,1,17.09,17.09
O003022,S0049024,U020863,2020-11-10,22,2,1,8,1,9.99,9.99
O003022,S0049024,U020863,2020-11-10,13,2,1,8,1,74.99,74.99
O003023,S0049027,U020864,2020-12-24,5,2,2,2,1,54.99,54.99
O003023,S0049027,U020864,2020-12-24,1,2,2,2,1,24.99,24.99
O003023,S0049027,U020864,2020-12-24,38,2,2,2,1,16.99,16.99
O003024,S0049032,U020866,2020-12-26,27,3,1,8,1,8.99,8.99
O003025,S0049037,U020869,2020-12-12,30,1,1,3,1,22.49,22.49
O003026,S0049043,U020872,2020-11-28,32,3,2,2,1,16.99,16.99
O003027,S0049044,U020872,2020-12-03,3,1,2,2,1,22.94,22.94
O003028,S0049049,U020873,2020-12-16,23,7,2,1,1,19.99,19.99
O003028,S0049049,U020873,2020-12-16,2,7,2,1,1,27.99,27.99
O003029,S0049062,U020877,2021-01-07,24,1,1,1,1,14.99,14.99
O003029,S0049062,U020877,2021-01-07,5,1,1,1,1,54.99,54.99
O003029,S0049062,U020877,2021-01-07,39,1,1,1,1,11.99,11.99
O003030,S0049071,U020883,2020-11-19,35,3,2,1,1,19.99,19.99
O003030,S0049071,U020883,2020-11-19,30,3,2,1,1,24.99,24.99
O003030,S0049071,U020883,2020-11-19,10,3,2,1,1,14.99,14.99
O003031,S0049082,U020887,2021-01-22,6,1,1,1,1,49.99,49.99
O003031,S0049082,U020887,2021-01-22,37,1,1,1,1,24.99,24.99
O003031,S0049082,U020887,2021-01-22,36,1,1,1,1,20.99,20.99
O003032,S0049101,U020895,2021-01-22,6,4,2,9,1,49.99,49.99
O003033,S0049110,U020899,2021-01-30,15,1,1,8,1,24.99,24.99
O003034,S0049113,U020900,2021-01-17,8,5,2,3,1,22.99,22.99
O003035,S0049122,U020903,2020-12-23,15,6,1,1,1,22.49,22.49
O003036,S0049128,U020906,2020-12-27,36,2,1,2,1,20.99,20.99
O003036,S0049128,U020906,2020-12-27,34,2,1,2,1,21.99,21.99
O003037,S0049138,U020910,2020-12-13,5,1,1,10,1,54.99,54.99
O003037,S0049138,U020910,2020-12-13,12,1,1,10,1,53.99,53.99
O003038,S0049228,U020951,2021-01-02,6,1,1,1,1,49.99,49.99
O003039,S0049229,U020951,2021-01-08,12,3,1,1,1,59.99,59.99
O003040,S0049239,U020956,2020-12-20,5,4,2,10,1,54.99,54.99
O003041,S0049241,U020957,2020-12-26,7,1,1,1,1,79.99,79.99
O003042,S0049242,U020957,2021-01-03,5,6,1,1,1,54.99,54.99
O003042,S0049242,U020957,2021-01-03,1,6,1,1,1,24.99,24.99
O003042,S0049242,U020957,2021-01-03,30,6,1,1,1,24.99,24.99
O003043,S0049244,U020958,2021-01-01,25,2,2,1,1,6.99,6.99
O003044,S0049257,U020966,2020-12-14,14,2,2,1,1,16.99,16.99
O003044,S0049257,U020966,2020-12-14,33,2,2,1,1,44.99,44.99
O003045,S0049273,U020971,2020-12-09,35,3,2,1,1,19.99,19.99
O003046,S0049276,U020972,2020-11-26,8,6,2,1,1,20.69,20.69
O003046,S0049276,U020972,2020-11-26,1,6,2,1,1,19.99,19.99
O003046,S0049276,U020972,2020-11-26,5,6,2,1,1,43.99,43.99
O003046,S0049276,U020972,2020-11-26,19,6,2,1,1,23.99,23.99
O003047,S0049277,U020972,2020-11-28,39,2,2,1,1,10.79,10.79
O003047,S0049277,U020972,2020-11-28,31,2,2,1,1,26.99,26.99
O003048,S0049284,U020975,2020-12-06,42,1,1,8,1,12.99,12.99
O003048,S0049284,U020975,2020-12-06,5,1,1,8,1,54.99,54.99
O003049,S0049295,U020981,2020-12-13,16,1,1,2,1,29.69,29.69
O003049,S0049295,U020981,2020-12-13,12,1,1,2,1,59.99,59.99
O003050,S0049324,U020995,2020-12-11,1,3,2,1,1,24.99,24.99
O003051,S0049377,U021021,2020-11-05,9,1,2,10,1,23.99,23.99
O003052,S0049395,U021030,2020-12-23,1,6,2,5,1,24.99,24.99
O003053,S0049420,U021041,2020-12-02,42,2,2,1,1,11.69,11.69
O003054,S0049431,U021045,2020-12-08,28,3,2,1,1,9.99,9.99
O003055,S0049450,U021053,2021-01-04,29,5,2,3,1,10.99,10.99
O003056,S0049476,U021065,2020-12-01,1,3,2,4,1,22.49,22.49
O003056,S0049476,U021065,2020-12-01,37,3,2,4,1,19.99,19.99
O003057,S0049485,U021069,2020-12-19,37,2,1,1,1,24.99,24.99
O003057,S0049485,U021069,2020-12-19,15,2,1,1,1,22.49,22.49
O003058,S0049509,U021078,2020-12-02,18,1,1,3,1,16.14,16.14
O003059,S0049527,U021087,2020-11-27,8,4,2,1,1,18.39,18.39
O003059,S0049527,U021087,2020-11-27,15,4,2,1,1,21.24,21.24
O003060,S0049545,U021095,2020-12-31,5,4,1,1,1,54.99,54.99
O003060,S0049545,U021095,2020-12-31,42,4,1,1,1,12.99,12.99
O003061,S0049560,U021100,2020-12-09,6,3,3,10,1,49.99,49.99
O003062,S0049562,U021102,2021-01-02,25,1,2,5,1,6.99,6.99
O003062,S0049562,U021102,2021-01-02,17,1,2,5,1,17.99,17.99
O003062,S0049562,U021102,2021-01-02,5,1,2,5,1,54.99,54.99
O003063,S0049622,U021130,2020-12-05,41,1,2,1,2,15.99,31.98
O003063,S0049622,U021130,2020-12-05,32,1,2,1,1,19.99,19.99
O003063,S0049622,U021130,2020-12-05,8,1,2,1,1,22.99,22.99
O003064,S0049656,U021146,2020-12-26,19,7,1,1,1,29.99,29.99
O003064,S0049656,U021146,2020-12-26,2,7,1,1,1,25.19,25.19
O003065,S0049659,U021148,2020-12-24,4,5,2,10,1,25.99,25.99
O003065,S0049659,U021148,2020-12-24,7,5,2,10,1,79.99,79.99
O003066,S0049679,U021155,2020-12-04,5,3,1,1,2,54.99,109.98
O003066,S0049679,U021155,2020-12-04,12,3,1,1,2,59.99,119.98
O003066,S0049679,U021155,2020-12-04,10,3,1,1,1,14.99,14.99
O003067,S0049688,U021160,2020-12-28,26,1,1,7,1,7.99,7.99
O003067,S0049688,U021160,2020-12-28,20,1,1,7,1,12.99,12.99
O003067,S0049688,U021160,2020-12-28,27,1,1,7,1,8.99,8.99
O003068,S0049691,U021161,2020-12-10,11,2,1,1,1,18.99,18.99
O003068,S0049691,U021161,2020-12-10,30,2,1,1,1,24.99,24.99
O003068,S0049691,U021161,2020-12-10,31,2,1,1,1,29.99,29.99
O003069,S0049694,U021162,2020-11-29,29,3,1,4,1,9.34,9.34
O003069,S0049694,U021162,2020-11-29,10,3,1,4,1,13.49,13.49
O003069,S0049694,U021162,2020-11-29,16,3,1,4,1,28.04,28.04
O003070,S0049727,U021178,2020-12-19,10,4,2,1,1,14.99,14.99
O003071,S0049728,U021179,2021-01-11,19,1,1,1,1,29.99,29.99
O003071,S0049728,U021179,2021-01-11,23,1,1,1,1,19.99,19.99
O003072,S0049737,U021181,2020-11-28,4,1,2,1,1,23.39,23.39
O003072,S0049737,U021181,2020-11-28,35,1,2,1,1,15.99,15.99
O003073,S0049776,U021198,2020-12-31,15,1,2,1,1,24.99,24.99
O003073,S0049776,U021198,2020-12-31,40,1,2,1,1,28.99,28.99
O003073,S0049776,U021198,2020-12-31,1,1,2,1,2,24.99,49.98
O003074,S0049781,U021199,2020-12-17,3,2,2,1,1,26.99,26.99
O003074,S0049781,U021199,2020-12-17,2,2,2,1,1,27.99,27.99
O003075,S0049801,U021206,2021-01-03,7,1,1,3,1,79.99,79.99
O003075,S0049801,U021206,2021-01-03,6,1,1,3,1,49.99,49.99
O003075,S0049801,U021206,2021-01-03,37,1,1,3,1,24.99,24.99
O003076,S0049802,U021207,2020-12-13,29,1,2,2,2,10.99,21.98
O003076,S0049802,U021207,2020-12-13,23,1,2,2,1,19.99,19.99
O003076,S0049802,U021207,2020-12-13,13,1,2,2,1,74.99,74.99
O003077,S0049814,U021211,2020-11-08,18,1,1,1,1,18.99,18.99
O003078,S0049843,U021226,2020-12-07,10,7,1,1,1,13.49,13.49
O003079,S0049853,U021230,2020-11-07,6,2,2,1,1,49.99,49.99
O003079,S0049853,U021230,2020-11-07,15,2,2,1,1,24.99,24.99
O003079,S0049853,U021230,2020-11-07,2,2,2,1,1,27.99,27.99
O003080,S0049867,U021236,2020-12-14,34,3,1,2,2,19.79,39.58
O003081,S0049894,U021247,2020-12-23,35,1,2,5,1,19.99,19.99
O003081,S0049894,U021247,2020-12-23,6,1,2,5,1,49.99,49.99
O003082,S0049899,U021248,2021-01-24,41,3,1,1,1,15.99,15.99
O003083,S0049900,U021248,2021-01-25,5,1,1,1,1,54.99,54.99
O003083,S0049900,U021248,2021-01-25,15,1,1,1,1,24.99,24.99
O003084,S0049909,U021252,2020-12-02,25,3,2,4,1,6.29,6.29
O003085,S0049911,U021253,2020-11-28,25,1,1,4,1,5.94,5.94
O003086,S0049969,U021276,2020-11-21,15,7,2,1,1,24.99,24.99
O003087,S0049974,U021278,2020-12-13,19,2,2,1,1,29.99,29.99
O003088,S0049980,U021281,2020-11-06,19,5,2,1,1,29.99,29.99
O003088,S0049980,U021281,2020-11-06,42,5,2,1,1,12.99,12.99
O003089,S0049990,U021284,2020-11-27,2,3,2,1,1,23.79,23.79
O003089,S0049990,U021284,2020-11-27,23,3,2,1,1,17.99,17.99
O003090,S0050030,U021303,2021-01-02,2,1,2,8,1,27.99,27.99
O003090,S0050030,U021303,2021-01-02,36,1,2,8,1,20.99,20.99
O003091,S0050031,U021304,2020-11-02,10,2,1,3,1,14.99,14.99
O003091,S0050031,U021304,2020-11-02,1,2,1,3,1,24.99,24.99
O003092,S0050037,U021307,2020-11-24,4,2,2,1,1,23.39,23.39
O003092,S0050037,U021307,2020-11-24,15,2,2,1,1,21.24,21.24
O003093,S0050057,U021313,2021-01-07,1,3,2,1,2,24.99,49.98
O003094,S0050067,U021318,2020-11-12,21,3,2,6,2,21.99,43.98
O003094,S0050067,U021318,2020-11-12,18,3,2,6,1,18.99,18.99
O003095,S0050072,U021320,2020-12-08,11,3,2,3,1,18.99,18.99
O003096,S0050074,U021321,2021-01-15,42,4,2,6,1,12.99,12.99
O003097,S0050083,U021324,2020-12-16,8,3,2,1,1,22.99,22.99
O003097,S0050083,U021324,2020-12-16,6,3,2,1,1,49.99,49.99
O003098,S0050089,U021328,2020-12-16,3,7,1,1,1,24.29,24.29
O003099,S0050105,U021335,2020-12-02,37,3,1,1,1,22.49,22.49
O003100,S0050107,U021336,2020-12-26,3,1,2,1,1,26.99,26.99
O003100,S0050107,U021336,2020-12-26,28,1,2,1,2,9.99,19.98
O003101,S0050136,U021349,2020-12-26,35,7,1,5,1,19.99,19.99
O003102,S0050153,U021359,2020-11-18,8,2,1,2,1,22.99,22.99
O003103,S0050166,U021364,2021-01-24,6,7,1,1,1,49.99,49.99
O003103,S0050166,U021364,2021-01-24,41,7,1,1,1,15.99,15.99
O003104,S0050180,U021372,2020-12-12,9,1,2,1,2,23.99,47.98
O003104,S0050180,U021372,2020-12-12,23,1,2,1,1,19.99,19.99
O003105,S0050186,U021374,2021-01-06,36,2,2,1,1,20.99,20.99
O003105,S0050186,U021374,2021-01-06,3,2,2,1,1,26.99,26.99
O003105,S0050186,U021374,2021-01-06,20,2,2,1,1,12.99,12.99
O003106,S0050224,U021392,2020-11-18,13,2,2,1,1,74.99,74.99
O003107,S0050254,U021404,2020-11-30,7,1,2,1,1,63.99,63.99
O003107,S0050254,U021404,2020-11-30,16,1,2,1,1,28.04,28.04
O003108,S0050318,U021431,2020-12-03,23,2,2,1,1,16.99,16.99
O003108,S0050318,U021431,2020-12-03,37,2,2,1,1,19.99,19.99
O003108,S0050318,U021431,2020-12-03,12,2,2,1,1,50.99,50.99
O003109,S0050332,U021440,2020-12-17,29,3,2,1,1,10.99,10.99
O003110,S0050370,U021457,2021-01-28,39,1,2,1,2,11.99,23.98
O003110,S0050370,U021457,2021-01-28,42,1,2,1,1,12.99,12.99
O003110,S0050370,U021457,2021-01-28,28,1,2,1,1,9.99,9.99
O003111,S0050377,U021460,2020-11-15,17,1,2,3,1,17.99,17.99
O003112,S0050403,U021468,2020-12-11,33,1,2,1,1,40.49,40.49
O003113,S0050410,U021471,2020-11-22,2,2,2,1,1,27.99,27.99
O003114,S0050413,U021472,2020-12-07,39,3,1,9,1,11.99,11.99
O003115,S0050435,U021481,2021-01-31,6,3,2,8,1,49.99,49.99
O003115,S0050435,U021481,2021-01-31,1,3,2,8,1,24.99,24.99
O003116,S0050439,U021483,2020-12-02,30,3,1,9,1,21.24,21.24
O003117,S0050478,U021500,2020-12-21,20,3,1,3,2,12.99,25.98
O003117,S0050478,U021500,2020-12-21,41,3,1,3,2,15.99,31.98
O003117,S0050478,U021500,2020-12-21,12,3,1,3,1,59.99,59.99
O003117,S0050478,U021500,2020-12-21,8,3,1,3,1,20.69,20.69
O003118,S0050483,U021502,2020-12-25,31,2,1,1,1,29.99,29.99
O003118,S0050483,U021502,2020-12-25,16,2,1,1,1,32.99,32.99
O003119,S0050492,U021508,2020-12-19,42,7,2,1,1,12.99,12.99
O003119,S0050492,U021508,2020-12-19,38,7,2,1,1,16.99,16.99
O003120,S0050510,U021516,2020-12-04,1,1,1,2,2,24.99,49.98
O003121,S0050511,U021516,2020-12-05,18,5,1,2,1,18.99,18.99
O003121,S0050511,U021516,2020-12-05,23,5,1,2,1,19.99,19.99
O003122,S0050513,U021517,2020-11-20,2,2,1,1,1,27.99,27.99
O003123,S0050517,U021519,2020-12-09,32,1,2,7,1,19.99,19.99
O003123,S0050517,U021519,2020-12-09,5,1,2,7,1,54.99,54.99
O003124,S0050521,U021521,2020-12-04,20,4,3,2,1,12.99,12.99
O003125,S0050530,U021523,2020-12-16,34,2,2,1,1,21.99,21.99
O003125,S0050530,U021523,2020-12-16,31,2,2,1,1,29.99,29.99
O003125,S0050530,U021523,2020-12-16,29,2,2,1,1,10.99,10.99
O003126,S0050535,U021526,2020-12-22,26,4,2,1,2,7.99,15.98
O003127,S0050539,U021529,2021-01-29,8,4,1,1,1,22.99,22.99
O003127,S0050539,U021529,2021-01-29,23,4,1,1,1,19.99,19.99
O003127,S0050539,U021529,2021-01-29,15,4,1,1,1,24.99,24.99
O003128,S0050560,U021539,2021-01-21,5,1,1,1,1,54.99,54.99
O003128,S0050560,U021539,2021-01-21,41,1,1,1,2,15.99,31.98
O003128,S0050560,U021539,2021-01-21,12,1,1,1,1,59.99,59.99
O003129,S0050562,U021541,2020-11-08,12,1,2,1,1,59.99,59.99
O003130,S0050569,U021545,2021-01-04,40,2,3,1,1,28.99,28.99
O003130,S0050569,U021545,2021-01-04,29,2,3,1,1,10.99,10.99
O003130,S0050569,U021545,2021-01-04,27,2,3,1,1,8.99,8.99
O003131,S0050605,U021560,2021-01-02,4,6,2,6,1,25.99,25.99
O003131,S0050605,U021560,2021-01-02,1,6,2,6,1,24.99,24.99
O003131,S0050605,U021560,2021-01-02,23,6,2,6,1,19.99,19.99
O003132,S0050622,U021565,2020-12-09,32,1,2,1,1,19.99,19.99
O003132,S0050622,U021565,2020-12-09,25,1,2,1,1,6.99,6.99
O003132,S0050622,U021565,2020-12-09,27,1,2,1,1,8.99,8.99
O003132,S0050622,U021565,2020-12-09,21,1,2,1,1,21.99,21.99
O003133,S0050662,U021580,2021-01-05,2,4,2,1,1,27.99,27.99
O003134,S0050665,U021581,2020-12-02,9,2,2,1,1,21.59,21.59
O003135,S0050668,U021583,2020-12-17,16,1,1,1,1,32.99,32.99
O003136,S0050678,U021586,2020-12-03,37,3,2,1,2,19.99,39.98
O003137,S0050740,U021609,2020-12-16,6,3,2,10,2,44.99,89.98
O003137,S0050740,U021609,2020-12-16,10,3,2,10,1,14.99,14.99
O003138,S0050756,U021616,2020-12-29,8,5,2,9,1,22.99,22.99
O003139,S0050811,U021636,2021-01-25,30,6,2,6,1,24.99,24.99
O003140,S0050861,U021655,2020-12-08,34,5,1,2,1,21.99,21.99
O003141,S0050864,U021657,2020-12-04,11,3,2,1,1,18.99,18.99
O003141,S0050864,U021657,2020-12-04,16,3,2,1,1,32.99,32.99
O003142,S0050895,U021669,2020-12-06,3,6,1,3,2,26.99,53.98
O003143,S0050897,U021670,2020-12-23,33,2,2,2,2,44.99,89.98
O003143,S0050897,U021670,2020-12-23,14,2,2,2,1,16.99,16.99
O003144,S0050926,U021679,2020-12-21,36,3,2,1,2,20.99,41.98
O003144,S0050926,U021679,2020-12-21,5,3,2,1,1,54.99,54.99
O003145,S0050940,U021685,2020-12-18,24,2,2,1,1,14.99,14.99
O003146,S0050942,U021687,2021-01-06,15,2,3,3,1,24.99,24.99
O003147,S0050956,U021692,2021-01-06,10,1,2,1,1,14.99,14.99
O003147,S0050956,U021692,2021-01-06,9,1,2,1,1,23.99,23.99
O003148,S0050957,U021692,2021-01-07,13,3,2,1,1,74.99,74.99
O003148,S0050957,U021692,2021-01-07,42,3,2,1,1,12.99,12.99
O003148,S0050957,U021692,2021-01-07,17,3,2,1,1,17.99,17.99
O003149,S0050968,U021697,2020-11-27,25,1,2,1,1,6.29,6.29
O003149,S0050968,U021697,2020-11-27,39,1,2,1,2,10.79,21.58
O003150,S0050999,U021707,2020-12-08,24,4,3,4,1,14.99,14.99
O003151,S0051011,U021713,2020-12-06,6,6,2,1,1,44.99,44.99
O003151,S0051011,U021713,2020-12-06,16,6,2,1,1,32.99,32.99
O003152,S0051016,U021714,2020-12-07,29,4,1,2,1,10.99,10.99
O003153,S0051034,U021721,2020-12-04,7,6,2,1,1,79.99,79.99
O003153,S0051034,U021721,2020-12-04,24,6,2,1,2,14.99,29.98
O003154,S0051039,U021722,2021-01-02,18,1,2,3,1,18.99,18.99
O003154,S0051039,U021722,2021-01-02,6,1,2,3,1,49.99,49.99
O003154,S0051039,U021722,2021-01-02,38,1,2,3,1,16.99,16.99
O003155,S0051045,U021725,2020-12-19,15,2,3,1,1,22.49,22.49
O003155,S0051045,U021725,2020-12-19,39,2,3,1,1,11.99,11.99
O003156,S0051068,U021735,2021-01-24,11,1,2,1,1,18.99,18.99
O003156,S0051068,U021735,2021-01-24,34,1,2,1,1,21.99,21.99
O003157,S0051088,U021743,2020-12-22,12,2,1,1,1,59.99,59.99
O003158,S0051109,U021751,2020-12-18,8,4,2,3,1,20.69,20.69
O003158,S0051109,U021751,2020-12-18,2,4,2,3,1,27.99,27.99
O003159,S0051114,U021754,2020-11-14,11,1,2,1,2,18.99,37.98
O003159,S0051114,U021754,2020-11-14,3,1,2,1,1,26.99,26.99
O003159,S0051114,U021754,2020-11-14,18,1,2,1,1,18.99,18.99
O003160,S0051133,U021763,2020-12-11,32,4,1,7,1,19.99,19.99
O003160,S0051133,U021763,2020-12-11,35,4,1,7,1,19.99,19.99
O003161,S0051134,U021764,2020-11-23,5,4,2,1,1,54.99,54.99
O003161,S0051134,U021764,2020-11-23,28,4,2,1,1,9.99,9.99
O003162,S0051140,U021765,2020-12-04,8,1,2,1,1,22.99,22.99
O003163,S0051164,U021776,2021-01-14,2,1,1,1,1,27.99,27.99
O003163,S0051164,U021776,2021-01-14,18,1,1,1,1,18.99,18.99
O003163,S0051164,U021776,2021-01-14,31,1,1,1,1,29.99,29.99
O003164,S0051167,U021778,2020-12-28,21,1,2,10,1,21.99,21.99
O003164,S0051167,U021778,2020-12-28,39,1,2,10,1,11.99,11.99
O003165,S0051170,U021780,2020-11-20,25,1,1,1,1,6.99,6.99
O003166,S0051176,U021782,2020-12-13,11,3,1,1,1,18.99,18.99
O003167,S0051188,U021788,2021-01-25,42,5,1,3,1,12.99,12.99
O003168,S0051198,U021791,2020-11-26,15,1,2,5,1,21.24,21.24
O003168,S0051198,U021791,2020-11-26,38,1,2,5,1,14.44,14.44
O003169,S0051206,U021794,2020-12-05,22,3,1,1,1,9.99,9.99
O003169,S0051206,U021794,2020-12-05,7,3,1,1,1,79.99,79.99
O003170,S0051209,U021796,2020-11-07,25,4,1,1,1,6.99,6.99
O003170,S0051209,U021796,2020-11-07,35,4,1,1,1,19.99,19.99
O003171,S0051213,U021798,2020-11-27,34,2,1,1,1,18.69,18.69
O003172,S0051228,U021804,2020-11-26,35,3,1,7,2,17.99,35.98
O003173,S0051238,U021808,2021-01-06,5,3,1,2,1,54.99,54.99
O003174,S0051245,U021810,2020-12-01,28,4,2,6,2,8.49,16.98
O003175,S0051272,U021819,2020-12-19,17,3,1,1,1,17.99,17.99
O003176,S0051281,U021825,2020-12-17,13,3,2,1,1,74.99,74.99
O003177,S0051294,U021832,2020-11-12,14,2,2,6,1,16.99,16.99
O003178,S0051298,U021833,2020-12-18,3,1,2,1,1,26.99,26.99
O003178,S0051298,U021833,2020-12-18,9,1,2,1,1,23.99,23.99
O003178,S0051298,U021833,2020-12-18,21,1,2,1,1,19.79,19.79
O003179,S0051302,U021835,2020-11-27,7,1,2,1,1,67.99,67.99
O003179,S0051302,U021835,2020-11-27,41,1,2,1,1,13.59,13.59
O003180,S0051309,U021837,2020-11-25,2,1,2,2,1,23.79,23.79
O003180,S0051309,U021837,2020-11-25,5,1,2,2,2,49.49,98.98
O003181,S0051319,U021841,2021-01-11,35,3,2,1,1,19.99,19.99
O003182,S0051320,U021842,2020-11-27,5,4,2,3,1,43.99,43.99
O003183,S0051323,U021843,2020-12-16,42,4,2,1,1,12.99,12.99
O003183,S0051323,U021843,2020-12-16,38,4,2,1,2,16.99,33.98
O003184,S0051364,U021859,2020-12-24,15,1,2,1,1,24.99,24.99
O003185,S0051386,U021871,2020-12-18,40,1,1,2,1,28.99,28.99
O003185,S0051386,U021871,2020-12-18,6,1,1,2,1,49.99,49.99
O003186,S0051387,U021871,2020-12-20,41,2,1,2,1,14.39,14.39
O003187,S0051401,U021876,2020-12-19,10,3,2,1,1,14.99,14.99
O003187,S0051401,U021876,2020-12-19,36,3,2,1,2,20.99,41.98
O003187,S0051401,U021876,2020-12-19,39,3,2,1,1,11.99,11.99
O003187,S0051401,U021876,2020-12-19,32,3,2,1,1,19.99,19.99
O003188,S0051404,U021876,2020-12-24,8,4,2,1,1,20.69,20.69
O003189,S0051412,U021880,2020-12-27,16,2,2,3,1,32.99,32.99
O003190,S0051427,U021885,2020-12-10,21,4,2,1,1,21.99,21.99
O003191,S0051437,U021887,2020-12-18,34,2,2,1,2,21.99,43.98
O003192,S0051441,U021889,2021-01-04,42,1,2,1,1,12.99,12.99
O003193,S0051454,U021895,2021-01-31,19,3,2,2,1,29.99,29.99
O003194,S0051458,U021897,2020-11-27,20,1,1,1,1,11.04,11.04
O003195,S0051462,U021898,2020-12-14,28,1,1,1,1,9.99,9.99
O003196,S0051482,U021904,2020-12-30,15,2,3,1,1,24.99,24.99
O003196,S0051482,U021904,2020-12-30,42,2,3,1,1,12.99,12.99
O003196,S0051482,U021904,2020-12-30,2,2,3,1,1,27.99,27.99
O003197,S0051504,U021914,2020-12-20,39,2,2,2,1,11.99,11.99
O003197,S0051504,U021914,2020-12-20,14,2,2,2,1,16.99,16.99
O003198,S0051531,U021925,2021-01-06,41,3,1,6,1,15.99,15.99
O003199,S0051535,U021927,2020-11-25,3,3,2,1,1,24.29,24.29
O003199,S0051535,U021927,2020-11-25,5,3,2,1,1,46.74,46.74
O003199,S0051535,U021927,2020-11-25,38,3,2,1,1,13.59,13.59
O003200,S0051582,U021943,2020-12-05,4,1,1,10,2,25.99,51.98
O003200,S0051582,U021943,2020-12-05,40,1,1,10,1,28.99,28.99
O003201,S0051587,U021946,2020-12-24,25,6,2,1,1,6.99,6.99
O003201,S0051587,U021946,2020-12-24,11,6,2,1,1,18.99,18.99
O003201,S0051587,U021946,2020-12-24,32,6,2,1,1,19.99,19.99
O003202,S0051596,U021948,2021-01-11,18,2,1,1,1,18.99,18.99
O003202,S0051596,U021948,2021-01-11,29,2,1,1,1,10.99,10.99
O003202,S0051596,U021948,2021-01-11,24,2,1,1,1,14.99,14.99
O003203,S0051600,U021950,2021-01-25,8,6,2,3,1,22.99,22.99
O003204,S0051601,U021950,2021-01-26,31,1,2,3,1,29.99,29.99
O003205,S0051622,U021960,2020-12-16,5,2,1,1,1,49.49,49.49
O003205,S0051622,U021960,2020-12-16,16,2,1,1,1,32.99,32.99
O003205,S0051622,U021960,2020-12-16,41,2,1,1,1,14.39,14.39
O003206,S0051627,U021961,2020-12-21,14,3,1,2,2,16.99,33.98
O003206,S0051627,U021961,2020-12-21,39,3,1,2,1,11.99,11.99
O003207,S0051633,U021964,2020-11-25,19,2,2,1,1,23.99,23.99
O003208,S0051639,U021968,2021-01-30,38,2,2,1,1,16.99,16.99
O003209,S0051653,U021975,2020-11-08,32,4,2,3,1,19.99,19.99
O003209,S0051653,U021975,2020-11-08,41,4,2,3,1,15.99,15.99
O003210,S0051659,U021976,2020-12-25,5,1,2,2,1,54.99,54.99
O003210,S0051659,U021976,2020-12-25,19,1,2,2,1,26.99,26.99
O003211,S0051662,U021977,2021-01-27,4,3,2,1,1,25.99,25.99
O003212,S0051687,U021993,2020-11-13,37,3,2,10,1,24.99,24.99
O003212,S0051687,U021993,2020-11-13,41,3,2,10,1,15.99,15.99
O003212,S0051687,U021993,2020-11-13,11,3,2,10,1,18.99,18.99
O003212,S0051687,U021993,2020-11-13,36,3,2,10,1,20.99,20.99
O003213,S0051699,U021998,2020-12-10,38,4,1,1,1,16.99,16.99
O003214,S0051717,U022008,2020-11-09,34,6,2,1,1,21.99,21.99
O003214,S0051717,U022008,2020-11-09,15,6,2,1,1,24.99,24.99
O003215,S0051750,U022024,2020-12-22,15,3,2,1,1,24.99,24.99
O003215,S0051750,U022024,2020-12-22,6,3,2,1,1,49.99,49.99
O003216,S0051757,U022027,2020-12-03,17,2,1,3,2,15.29,30.58
O003217,S0051780,U022037,2020-11-26,5,1,2,1,1,46.74,46.74
O003218,S0051794,U022041,2021-01-25,39,6,1,1,1,11.99,11.99
O003218,S0051794,U022041,2021-01-25,5,6,1,1,1,54.99,54.99
O003219,S0051848,U022063,2020-11-25,33,7,2,8,1,38.24,38.24
O003219,S0051848,U022063,2020-11-25,13,7,2,8,1,63.74,63.74
O003220,S0051869,U022072,2021-01-14,32,2,2,5,1,19.99,19.99
O003221,S0051908,U022088,2021-01-01,39,4,1,4,1,11.99,11.99
O003221,S0051908,U022088,2021-01-01,42,4,1,4,1,12.99,12.99
O003222,S0051909,U022089,2020-12-17,7,1,2,6,1,71.99,71.99
O003223,S0051913,U022091,2020-12-24,36,3,1,2,2,20.99,41.98
O003223,S0051913,U022091,2020-12-24,15,3,1,2,1,24.99,24.99
O003224,S0051931,U022099,2020-12-27,9,1,2,1,1,23.99,23.99
O003224,S0051931,U022099,2020-12-27,37,1,2,1,1,24.99,24.99
O003225,S0051945,U022104,2020-12-02,25,3,2,4,1,6.29,6.29
O003225,S0051945,U022104,2020-12-02,34,3,2,4,1,19.79,19.79
O003226,S0051946,U022104,2020-12-07,7,3,2,4,1,79.99,79.99
O003226,S0051946,U022104,2020-12-07,32,3,2,4,1,19.99,19.99
O003226,S0051946,U022104,2020-12-07,31,3,2,4,1,29.99,29.99
O003227,S0051949,U022105,2021-01-06,40,3,3,1,1,28.99,28.99
O003227,S0051949,U022105,2021-01-06,38,3,3,1,1,16.99,16.99
O003228,S0051965,U022111,2020-12-02,15,2,1,1,1,21.24,21.24
O003229,S0051967,U022113,2020-12-04,26,4,2,6,1,7.99,7.99
O003230,S0051986,U022121,2020-12-27,22,6,3,1,1,9.99,9.99
O003231,S0052001,U022127,2021-01-31,18,3,3,1,1,18.99,18.99
O003231,S0052001,U022127,2021-01-31,35,3,3,1,1,19.99,19.99
O003232,S0052005,U022129,2020-11-29,17,3,2,1,2,15.29,30.58
O003232,S0052005,U022129,2020-11-29,8,3,2,1,1,20.69,20.69
O003233,S0052008,U022130,2020-12-19,18,2,2,1,2,17.09,34.18
O003234,S0052020,U022135,2020-11-08,8,1,2,1,1,22.99,22.99
O003235,S0052024,U022136,2020-12-18,22,4,1,10,1,9.99,9.99
O003235,S0052024,U022136,2020-12-18,20,4,1,10,2,12.99,25.98
O003236,S0052030,U022139,2021-01-31,40,1,2,2,1,28.99,28.99
O003237,S0052035,U022142,2021-01-24,32,3,2,10,1,19.99,19.99
O003237,S0052035,U022142,2021-01-24,20,3,2,10,1,12.99,12.99
O003238,S0052046,U022149,2020-11-21,17,1,1,3,2,17.99,35.98
O003239,S0052048,U022150,2020-11-26,16,5,1,1,2,28.04,56.08
O003239,S0052048,U022150,2020-11-26,8,5,1,1,1,19.54,19.54
O003240,S0052064,U022155,2020-12-08,17,2,2,1,2,17.99,35.98
O003240,S0052064,U022155,2020-12-08,35,2,2,1,1,19.99,19.99
O003241,S0052103,U022175,2020-11-24,31,4,2,6,1,26.99,26.99
O003242,S0052105,U022175,2020-12-10,21,2,1,6,1,21.99,21.99
O003242,S0052105,U022175,2020-12-10,5,2,1,6,2,54.99,109.98
O003243,S0052131,U022187,2020-12-29,2,1,1,8,1,27.99,27.99
O003244,S0052132,U022187,2020-12-30,17,2,1,8,1,17.99,17.99
O003244,S0052132,U022187,2020-12-30,31,2,1,8,1,29.99,29.99
O003245,S0052133,U022188,2020-11-25,38,1,2,3,1,14.44,14.44
O003245,S0052133,U022188,2020-11-25,11,1,2,3,1,16.14,16.14
O003246,S0052148,U022192,2020-12-12,37,2,2,7,1,24.99,24.99
O003246,S0052148,U022192,2020-12-12,25,2,2,7,2,6.99,13.98
O003247,S0052149,U022192,2020-12-13,3,3,2,7,1,26.99,26.99
O003247,S0052149,U022192,2020-12-13,10,3,2,7,1,14.99,14.99
O003248,S0052177,U022203,2020-11-10,35,6,2,5,1,19.99,19.99
O003248,S0052177,U022203,2020-11-10,28,6,2,5,1,9.99,9.99
O003248,S0052177,U022203,2020-11-10,37,6,2,5,2,24.99,49.98
O003249,S0052206,U022214,2020-12-20,24,2,2,9,1,14.99,14.99
O003249,S0052206,U022214,2020-12-20,8,2,2,9,1,20.69,20.69
O003249,S0052206,U022214,2020-12-20,34,2,2,9,1,21.99,21.99
O003250,S0052211,U022215,2021-01-02,17,3,2,9,1,17.99,17.99
O003250,S0052211,U022215,2021-01-02,19,3,2,9,1,29.99,29.99
O003250,S0052211,U022215,2021-01-02,4,3,2,9,1,25.99,25.99
O003251,S0052214,U022217,2020-12-15,10,1,2,10,1,14.99,14.99
O003251,S0052214,U022217,2020-12-15,19,1,2,10,2,29.99,59.98
O003252,S0052216,U022217,2020-12-24,15,3,2,10,1,24.99,24.99
O003252,S0052216,U022217,2020-12-24,35,3,2,10,1,19.99,19.99
O003253,S0052235,U022226,2020-11-27,30,1,1,1,1,22.49,22.49
O003253,S0052235,U022226,2020-11-27,1,1,1,1,1,21.24,21.24
O003254,S0052238,U022227,2020-11-23,30,2,2,10,1,24.99,24.99
O003255,S0052293,U022248,2020-12-04,8,4,2,1,1,22.99,22.99
O003256,S0052296,U022249,2020-11-22,8,1,2,6,1,22.99,22.99
O003256,S0052296,U022249,2020-11-22,35,1,2,6,1,19.99,19.99
O003257,S0052297,U022250,2020-12-26,14,2,1,7,1,16.99,16.99
O003258,S0052299,U022251,2021-01-10,39,1,1,10,1,11.99,11.99
O003259,S0052318,U022262,2020-11-22,37,1,1,1,1,24.99,24.99
O003259,S0052318,U022262,2020-11-22,40,1,1,1,1,28.99,28.99
O003260,S0052322,U022264,2020-12-19,5,3,1,1,1,54.99,54.99
O003261,S0052335,U022268,2020-12-23,41,3,2,8,1,15.99,15.99
O003262,S0052348,U022273,2021-01-22,5,2,2,2,1,54.99,54.99
O003263,S0052351,U022274,2020-11-14,25,1,2,3,1,6.99,6.99
O003264,S0052359,U022278,2020-11-17,23,2,1,7,1,19.99,19.99
O003265,S0052366,U022281,2020-12-12,3,7,2,1,1,26.99,26.99
O003266,S0052381,U022286,2020-12-13,1,2,1,1,1,22.49,22.49
O003266,S0052381,U022286,2020-12-13,14,2,1,1,1,16.99,16.99
O003267,S0052382,U022286,2020-12-16,10,1,1,1,1,14.99,14.99
O003267,S0052382,U022286,2020-12-16,2,1,1,1,1,25.19,25.19
O003268,S0052391,U022291,2020-12-12,40,3,1,7,1,28.99,28.99
O003268,S0052391,U022291,2020-12-12,19,3,1,7,1,29.99,29.99
O003269,S0052396,U022293,2020-12-26,8,2,2,4,1,22.99,22.99
O003270,S0052400,U022296,2020-11-28,4,1,2,2,1,22.09,22.09
O003270,S0052400,U022296,2020-11-28,14,1,2,2,1,15.29,15.29
O003270,S0052400,U022296,2020-11-28,41,1,2,2,2,13.59,27.18
O003271,S0052402,U022297,2021-01-03,29,2,1,1,1,10.99,10.99
O003271,S0052402,U022297,2021-01-03,32,2,1,1,2,19.99,39.98
O003272,S0052426,U022305,2020-12-19,39,7,2,6,1,11.99,11.99
O003273,S0052428,U022305,2020-12-21,8,1,2,6,2,20.69,41.38
O003273,S0052428,U022305,2020-12-21,3,1,2,6,1,26.99,26.99
O003274,S0052432,U022307,2020-11-24,15,1,2,1,1,19.99,19.99
O003275,S0052462,U022318,2021-01-26,25,2,2,1,1,6.99,6.99
O003276,S0052480,U022326,2020-11-20,17,1,2,1,1,17.99,17.99
O003276,S0052480,U022326,2020-11-20,11,1,2,1,1,18.99,18.99
O003276,S0052480,U022326,2020-11-20,34,1,2,1,1,21.99,21.99
O003277,S0052488,U022329,2020-12-04,3,1,2,3,1,26.99,26.99
O003277,S0052488,U022329,2020-12-04,17,1,2,3,1,17.99,17.99
O003278,S0052513,U022341,2021-01-29,26,1,2,7,1,7.99,7.99
O003279,S0052515,U022341,2021-01-30,23,4,2,7,1,19.99,19.99
O003280,S0052521,U022343,2020-12-12,12,5,2,1,1,59.99,59.99
O003281,S0052545,U022352,2020-11-09,12,2,1,5,2,59.99,119.98
O003282,S0052546,U022352,2020-11-10,28,1,1,5,1,9.99,9.99
O003282,S0052546,U022352,2020-11-10,7,1,1,5,1,79.99,79.99
O003283,S0052556,U022358,2020-12-14,18,1,1,5,1,18.99,18.99
O003284,S0052558,U022358,2020-12-19,18,1,1,5,1,18.99,18.99
O003284,S0052558,U022358,2020-12-19,21,1,1,5,1,19.79,19.79
O003285,S0052568,U022362,2020-12-11,12,1,1,1,1,59.99,59.99
O003285,S0052568,U022362,2020-12-11,2,1,1,1,1,27.99,27.99
O003286,S0052575,U022366,2020-12-05,35,1,2,3,1,19.99,19.99
O003287,S0052613,U022382,2020-12-03,36,2,1,10,1,17.84,17.84
O003288,S0052618,U022383,2020-12-27,5,1,3,1,1,54.99,54.99
O003288,S0052618,U022383,2020-12-27,18,1,3,1,1,18.99,18.99
O003288,S0052618,U022383,2020-12-27,32,1,3,1,1,19.99,19.99
O003289,S0052631,U022388,2020-11-26,17,2,2,3,1,15.29,15.29
O003290,S0052644,U022395,2020-12-07,15,2,2,7,1,22.49,22.49
O003290,S0052644,U022395,2020-12-07,8,2,2,7,1,22.99,22.99
O003291,S0052647,U022396,2020-12-03,18,3,2,5,2,16.14,32.28
O003291,S0052647,U022396,2020-12-03,20,3,2,5,1,11.69,11.69
O003291,S0052647,U022396,2020-12-03,12,3,2,5,1,50.99,50.99
O003292,S0052663,U022403,2021-01-10,36,7,2,1,1,20.99,20.99
O003293,S0052677,U022407,2021-01-12,11,2,1,4,1,18.99,18.99
O003293,S0052677,U022407,2021-01-12,28,2,1,4,1,9.99,9.99
O003294,S0052690,U022413,2020-12-17,2,4,1,5,1,27.99,27.99
O003295,S0052693,U022414,2020-12-07,12,3,1,1,1,53.99,53.99
O003295,S0052693,U022414,2020-12-07,26,3,1,1,1,7.99,7.99
O003295,S0052693,U022414,2020-12-07,9,3,1,1,2,23.99,47.98
O003296,S0052698,U022415,2021-01-08,41,1,2,1,1,15.99,15.99
O003296,S0052698,U022415,2021-01-08,13,1,2,1,1,74.99,74.99
O003297,S0052702,U022419,2020-12-09,31,3,1,1,1,29.99,29.99
O003297,S0052702,U022419,2020-12-09,36,3,1,1,1,18.89,18.89
O003297,S0052702,U022419,2020-12-09,34,3,1,1,1,21.99,21.99
O003298,S0052710,U022423,2020-12-25,38,6,2,5,1,16.99,16.99
O003298,S0052710,U022423,2020-12-25,39,6,2,5,1,11.99,11.99
O003299,S0052721,U022428,2020-11-02,33,1,1,1,2,44.99,89.98
O003300,S0052726,U022432,2020-12-13,10,1,2,10,1,14.99,14.99
O003300,S0052726,U022432,2020-12-13,18,1,2,10,1,18.99,18.99
O003300,S0052726,U022432,2020-12-13,1,1,2,10,1,24.99,24.99
O003301,S0052727,U022432,2020-12-16,14,2,2,10,1,15.29,15.29
O003301,S0052727,U022432,2020-12-16,30,2,2,10,1,24.99,24.99
O003301,S0052727,U022432,2020-12-16,4,2,2,10,1,25.99,25.99
O003302,S0052743,U022439,2020-12-08,8,4,2,8,1,22.99,22.99
O003303,S0052746,U022441,2020-12-11,25,6,1,1,1,6.99,6.99
O003303,S0052746,U022441,2020-12-11,16,6,1,1,1,32.99,32.99
O003303,S0052746,U022441,2020-12-11,17,6,1,1,1,16.19,16.19
O003304,S0052759,U022446,2020-12-04,3,1,2,6,1,26.99,26.99
O003304,S0052759,U022446,2020-12-04,9,1,2,6,1,23.99,23.99
O003305,S0052787,U022457,2020-12-23,18,4,1,1,1,18.99,18.99
O003306,S0052788,U022457,2020-12-25,3,4,2,1,1,26.99,26.99
O003307,S0052801,U022461,2020-12-18,1,6,3,10,1,24.99,24.99
O003307,S0052801,U022461,2020-12-18,28,6,3,10,1,9.99,9.99
O003308,S0052803,U022462,2020-11-30,4,1,2,1,1,20.79,20.79
O003308,S0052803,U022462,2020-11-30,1,1,2,1,1,22.49,22.49
O003309,S0052811,U022467,2020-12-06,31,3,1,2,1,26.99,26.99
O003309,S0052811,U022467,2020-12-06,42,3,1,2,1,11.69,11.69
O003310,S0052873,U022493,2020-12-06,20,2,2,8,1,12.99,12.99
O003311,S0052913,U022510,2020-12-30,11,2,1,4,1,18.99,18.99
O003311,S0052913,U022510,2020-12-30,12,2,1,4,1,59.99,59.99
O003312,S0052915,U022511,2020-11-25,4,3,2,1,1,22.09,22.09
O003313,S0052925,U022516,2020-11-29,8,2,2,5,1,19.54,19.54
O003314,S0052945,U022524,2020-12-29,41,1,2,1,1,15.99,15.99
O003315,S0052948,U022526,2020-11-28,24,6,2,1,1,12.74,12.74
O003315,S0052948,U022526,2020-11-28,12,6,2,1,1,53.99,53.99
O003316,S0052968,U022533,2020-12-05,5,3,2,1,1,54.99,54.99
O003316,S0052968,U022533,2020-12-05,18,3,2,1,1,18.99,18.99
O003317,S0053020,U022555,2020-12-24,20,7,1,1,1,11.69,11.69
O003317,S0053020,U022555,2020-12-24,8,7,1,1,1,22.99,22.99
O003318,S0053025,U022557,2021-01-31,20,3,2,3,2,12.99,25.98
O003318,S0053025,U022557,2021-01-31,12,3,2,3,1,59.99,59.99
O003319,S0053036,U022562,2021-01-03,37,3,3,1,1,24.99,24.99
O003319,S0053036,U022562,2021-01-03,6,3,3,1,1,49.99,49.99
O003320,S0053060,U022571,2020-12-11,40,1,1,1,1,28.99,28.99
O003321,S0053096,U022590,2020-12-23,34,3,1,1,1,21.99,21.99
O003322,S0053114,U022595,2020-11-11,20,1,2,1,1,12.99,12.99
O003322,S0053114,U022595,2020-11-11,19,1,2,1,1,29.99,29.99
O003322,S0053114,U022595,2020-11-11,18,1,2,1,1,18.99,18.99
O003323,S0053124,U022600,2020-12-15,11,2,1,8,1,18.99,18.99
O003323,S0053124,U022600,2020-12-15,33,2,1,8,2,44.99,89.98
O003323,S0053124,U022600,2020-12-15,16,2,1,8,1,32.99,32.99
O003324,S0053134,U022606,2020-11-26,17,3,1,1,1,15.29,15.29
O003324,S0053134,U022606,2020-11-26,4,3,1,1,2,20.79,41.58
O003325,S0053153,U022613,2020-12-06,18,3,2,2,2,18.99,37.98
O003325,S0053153,U022613,2020-12-06,8,3,2,2,1,22.99,22.99
O003326,S0053169,U022619,2020-11-24,3,4,1,1,1,24.29,24.29
O003326,S0053169,U022619,2020-11-24,15,4,1,1,1,21.24,21.24
O003327,S0053192,U022628,2020-12-30,40,6,2,1,1,28.99,28.99
O003328,S0053200,U022631,2020-12-11,5,4,1,3,1,49.49,49.49
O003328,S0053200,U022631,2020-12-11,30,4,1,3,2,24.99,49.98
O003329,S0053208,U022635,2020-12-23,31,2,2,2,1,29.99,29.99
O003330,S0053212,U022636,2020-12-08,20,1,1,1,2,12.99,25.98
O003331,S0053215,U022638,2020-12-01,40,3,2,5,1,26.09,26.09
O003331,S0053215,U022638,2020-12-01,19,3,2,5,1,25.49,25.49
O003331,S0053215,U022638,2020-12-01,25,3,2,5,1,6.29,6.29
O003332,S0053234,U022649,2020-12-27,41,4,3,8,1,15.99,15.99
O003333,S0053275,U022664,2020-12-14,12,1,1,8,1,53.99,53.99
O003334,S0053279,U022666,2020-12-12,5,1,1,1,1,54.99,54.99
O003334,S0053279,U022666,2020-12-12,39,1,1,1,1,11.99,11.99
O003334,S0053279,U022666,2020-12-12,9,1,1,1,1,23.99,23.99
O003334,S0053279,U022666,2020-12-12,3,1,1,1,1,26.99,26.99
O003335,S0053290,U022670,2021-01-13,9,6,1,1,2,23.99,47.98
O003335,S0053290,U022670,2021-01-13,37,6,1,1,1,24.99,24.99
O003336,S0053304,U022675,2020-11-25,29,3,1,3,2,9.89,19.78
O003336,S0053304,U022675,2020-11-25,36,3,1,3,1,16.79,16.79
O003337,S0053315,U022679,2020-12-03,27,3,2,1,1,7.64,7.64
O003338,S0053321,U022681,2020-12-25,30,2,2,1,1,24.99,24.99
O003339,S0053322,U022682,2020-11-24,24,1,1,1,2,12.74,25.48
O003340,S0053327,U022684,2020-11-30,16,1,2,1,1,29.69,29.69
O003340,S0053327,U022684,2020-11-30,37,1,2,1,1,21.24,21.24
O003341,S0053341,U022690,2020-11-09,29,1,1,1,1,10.99,10.99
O003342,S0053383,U022708,2020-12-20,16,1,2,1,1,32.99,32.99
O003342,S0053383,U022708,2020-12-20,18,1,2,1,1,18.99,18.99
O003342,S0053383,U022708,2020-12-20,31,1,2,1,1,29.99,29.99
O003343,S0053420,U022727,2020-11-29,11,2,1,1,1,15.19,15.19
O003344,S0053460,U022746,2020-11-24,20,2,2,1,2,11.04,22.08
O003345,S0053468,U022748,2020-11-18,18,1,1,3,1,18.99,18.99
O003345,S0053468,U022748,2020-11-18,5,1,1,3,1,54.99,54.99
O003345,S0053468,U022748,2020-11-18,31,1,1,3,1,29.99,29.99
O003346,S0053485,U022756,2020-12-24,25,1,2,1,1,6.99,6.99
O003347,S0053503,U022764,2020-12-30,20,7,1,10,1,12.99,12.99
O003347,S0053503,U022764,2020-12-30,27,7,1,10,2,8.99,17.98
O003348,S0053525,U022775,2020-12-23,23,1,2,1,1,19.99,19.99
O003348,S0053525,U022775,2020-12-23,20,1,2,1,1,12.99,12.99
O003349,S0053528,U022775,2020-12-28,34,2,2,1,1,21.99,21.99
O003349,S0053528,U022775,2020-12-28,36,2,2,1,1,20.99,20.99
O003350,S0053530,U022776,2020-11-26,5,2,1,1,1,46.74,46.74
O003350,S0053530,U022776,2020-11-26,40,2,1,1,2,26.09,52.18
O003351,S0053566,U022790,2020-12-03,5,1,1,1,1,43.99,43.99
O003351,S0053566,U022790,2020-12-03,30,1,1,1,1,21.24,21.24
O003352,S0053588,U022799,2020-12-12,12,4,2,2,1,59.99,59.99
O003353,S0053593,U022800,2020-12-01,36,1,1,10,1,17.84,17.84
O003353,S0053593,U022800,2020-12-01,12,1,1,10,1,53.99,53.99
O003354,S0053608,U022809,2020-12-20,23,1,2,1,1,19.99,19.99
O003355,S0053619,U022813,2020-11-05,34,1,2,1,1,21.99,21.99
O003356,S0053656,U022827,2020-12-10,36,2,1,5,1,20.99,20.99
O003356,S0053656,U022827,2020-12-10,25,2,1,5,1,6.29,6.29
O003357,S0053657,U022827,2020-12-17,23,2,1,5,1,19.99,19.99
O003358,S0053664,U022830,2021-01-27,41,2,1,1,1,15.99,15.99
O003358,S0053664,U022830,2021-01-27,23,2,1,1,1,19.99,19.99
O003358,S0053664,U022830,2021-01-27,19,2,1,1,1,29.99,29.99
O003359,S0053675,U022834,2020-11-30,3,2,1,5,1,21.59,21.59
O003359,S0053675,U022834,2020-11-30,22,2,1,5,1,7.99,7.99
O003360,S0053692,U022841,2020-12-04,11,1,3,2,1,18.99,18.99
O003361,S0053717,U022851,2021-01-12,40,3,3,4,1,28.99,28.99
O003362,S0053729,U022855,2020-12-01,41,3,2,6,1,13.59,13.59
O003362,S0053729,U022855,2020-12-01,40,3,2,6,1,24.64,24.64
O003363,S0053741,U022860,2020-11-25,38,1,1,5,1,13.59,13.59
O003364,S0053756,U022866,2021-01-24,17,1,2,1,1,17.99,17.99
O003365,S0053775,U022875,2021-01-16,10,1,2,1,1,14.99,14.99
O003365,S0053775,U022875,2021-01-16,24,1,2,1,1,14.99,14.99
O003365,S0053775,U022875,2021-01-16,41,1,2,1,1,15.99,15.99
O003365,S0053775,U022875,2021-01-16,12,1,2,1,1,59.99,59.99
O003366,S0053784,U022878,2020-12-16,29,3,1,1,1,10.99,10.99
O003366,S0053784,U022878,2020-12-16,24,3,1,1,1,14.99,14.99
O003367,S0053786,U022879,2020-12-30,20,2,2,1,1,12.99,12.99
O003367,S0053786,U022879,2020-12-30,35,2,2,1,1,19.99,19.99
O003368,S0053800,U022886,2020-12-16,20,2,1,1,1,12.99,12.99
O003369,S0053803,U022886,2020-12-24,16,2,1,1,1,32.99,32.99
O003369,S0053803,U022886,2020-12-24,40,2,1,1,1,28.99,28.99
O003369,S0053803,U022886,2020-12-24,35,2,1,1,1,19.99,19.99
O003370,S0053812,U022892,2020-12-09,7,6,1,10,2,79.99,159.98
O003371,S0053814,U022892,2020-12-17,16,2,1,10,1,32.99,32.99
O003371,S0053814,U022892,2020-12-17,18,2,1,10,1,18.99,18.99
O003372,S0053834,U022901,2020-12-31,6,1,1,6,1,49.99,49.99
O003372,S0053834,U022901,2020-12-31,30,1,1,6,1,24.99,24.99
O003372,S0053834,U022901,2020-12-31,42,1,1,6,1,12.99,12.99
O003372,S0053834,U022901,2020-12-31,14,1,1,6,1,16.99,16.99
O003373,S0053836,U022902,2020-11-30,41,6,1,1,1,13.59,13.59
O003374,S0053844,U022904,2020-12-19,30,2,1,1,2,22.49,44.98
O003375,S0053847,U022906,2020-12-14,1,3,2,4,1,22.49,22.49
O003375,S0053847,U022906,2020-12-14,9,3,2,4,1,23.99,23.99
O003376,S0053855,U022910,2020-12-05,26,3,1,1,1,7.99,7.99
O003377,S0053873,U022917,2020-11-12,10,1,1,1,1,14.99,14.99
O003378,S0053902,U022929,2021-01-09,31,2,2,10,1,29.99,29.99
O003378,S0053902,U022929,2021-01-09,3,2,2,10,1,26.99,26.99
O003378,S0053902,U022929,2021-01-09,15,2,2,10,1,24.99,24.99
O003378,S0053902,U022929,2021-01-09,41,2,2,10,2,15.99,31.98
O003379,S0053913,U022935,2020-12-04,27,1,1,1,2,8.99,17.98
O003379,S0053913,U022935,2020-12-04,21,1,1,1,1,21.99,21.99
O003380,S0053926,U022942,2020-12-09,32,1,2,9,2,17.99,35.98
O003380,S0053926,U022942,2020-12-09,3,1,2,9,2,26.99,53.98
O003380,S0053926,U022942,2020-12-09,21,1,2,9,1,21.99,21.99
O003381,S0053936,U022946,2021-01-31,6,3,1,1,1,49.99,49.99
O003382,S0053937,U022946,2021-01-31,20,6,1,1,1,12.99,12.99
O003383,S0053949,U022952,2020-12-03,36,2,3,5,1,18.89,18.89
O003384,S0053964,U022958,2020-12-11,3,3,2,1,1,26.99,26.99
O003385,S0053984,U022965,2020-12-12,11,1,1,1,1,18.99,18.99
O003385,S0053984,U022965,2020-12-12,10,1,1,1,1,14.99,14.99
O003385,S0053984,U022965,2020-12-12,2,1,1,1,1,25.19,25.19
O003386,S0054000,U022972,2020-12-15,5,2,1,10,2,54.99,109.98
O003386,S0054000,U022972,2020-12-15,35,2,1,10,1,19.99,19.99
O003387,S0054015,U022979,2020-11-10,12,1,2,8,1,59.99,59.99
O003388,S0054021,U022982,2020-12-10,22,3,2,3,1,9.99,9.99
O003388,S0054021,U022982,2020-12-10,6,3,2,3,1,49.99,49.99
O003389,S0054074,U023002,2021-01-31,29,1,2,1,1,10.99,10.99
O003389,S0054074,U023002,2021-01-31,32,1,2,1,1,19.99,19.99
O003390,S0054081,U023004,2020-12-18,3,4,1,1,1,26.99,26.99
O003390,S0054081,U023004,2020-12-18,25,4,1,1,1,6.99,6.99
O003391,S0054096,U023012,2020-11-18,27,2,2,8,1,8.99,8.99
O003391,S0054096,U023012,2020-11-18,16,2,2,8,1,32.99,32.99
O003392,S0054099,U023014,2020-12-21,2,3,2,1,2,25.19,50.38
O003392,S0054099,U023014,2020-12-21,37,3,2,1,1,24.99,24.99
O003393,S0054109,U023017,2020-12-16,28,2,1,1,1,9.99,9.99
O003393,S0054109,U023017,2020-12-16,22,2,1,1,2,8.99,17.98
O003394,S0054139,U023032,2021-01-05,3,1,2,2,1,26.99,26.99
O003394,S0054139,U023032,2021-01-05,29,1,2,2,2,10.99,21.98
O003394,S0054139,U023032,2021-01-05,16,1,2,2,1,32.99,32.99
O003394,S0054139,U023032,2021-01-05,25,1,2,2,1,6.99,6.99
O003395,S0054143,U023033,2020-11-28,34,7,2,2,1,18.69,18.69
O003395,S0054143,U023033,2020-11-28,3,7,2,2,1,22.94,22.94
O003396,S0054187,U023052,2020-12-21,42,1,1,1,1,11.69,11.69
O003396,S0054187,U023052,2020-12-21,22,1,1,1,1,9.99,9.99
O003397,S0054200,U023057,2021-01-18,42,2,1,1,1,12.99,12.99
O003398,S0054220,U023066,2020-11-08,25,1,1,1,1,6.99,6.99
O003398,S0054220,U023066,2020-11-08,2,1,1,1,1,27.99,27.99
O003399,S0054245,U023078,2020-12-30,20,3,2,1,2,12.99,25.98
O003400,S0054256,U023083,2020-12-27,27,6,1,1,1,8.99,8.99
O003401,S0054264,U023086,2021-01-22,11,1,2,1,1,18.99,18.99
O003402,S0054277,U023092,2021-01-23,30,5,2,1,2,24.99,49.98
O003402,S0054277,U023092,2021-01-23,25,5,2,1,1,6.99,6.99
O003403,S0054278,U023093,2020-11-28,8,3,2,3,2,19.54,39.08
O003404,S0054291,U023098,2021-01-16,29,6,3,1,2,10.99,21.98
O003405,S0054300,U023101,2020-12-16,25,4,1,1,1,6.99,6.99
O003405,S0054300,U023101,2020-12-16,20,4,1,1,1,12.99,12.99
O003406,S0054314,U023107,2020-12-02,18,1,2,1,1,16.14,16.14
O003406,S0054314,U023107,2020-12-02,14,1,2,1,1,15.29,15.29
O003407,S0054319,U023110,2020-11-04,42,1,1,1,1,12.99,12.99
O003407,S0054319,U023110,2020-11-04,26,1,1,1,1,7.99,7.99
O003408,S0054350,U023120,2020-12-19,42,1,1,1,1,12.99,12.99
O003408,S0054350,U023120,2020-12-19,24,1,1,1,1,14.99,14.99
O003409,S0054361,U023123,2020-12-09,26,1,1,1,1,7.19,7.19
O003409,S0054361,U023123,2020-12-09,31,1,1,1,1,29.99,29.99
O003410,S0054365,U023126,2020-12-11,3,1,2,1,1,26.99,26.99
O003410,S0054365,U023126,2020-12-11,30,1,2,1,1,24.99,24.99
O003411,S0054366,U023127,2020-11-30,30,1,1,10,1,22.49,22.49
O003411,S0054366,U023127,2020-11-30,1,1,1,10,1,19.99,19.99
O003412,S0054386,U023133,2021-01-12,37,2,2,1,1,24.99,24.99
O003412,S0054386,U023133,2021-01-12,11,2,2,1,1,18.99,18.99
O003413,S0054401,U023139,2020-12-22,39,1,2,8,1,11.99,11.99
O003413,S0054401,U023139,2020-12-22,35,1,2,8,1,19.99,19.99
O003413,S0054401,U023139,2020-12-22,38,1,2,8,1,16.99,16.99
O003414,S0054408,U023143,2020-11-09,24,1,2,1,1,14.99,14.99
O003414,S0054408,U023143,2020-11-09,35,1,2,1,1,19.99,19.99
O003414,S0054408,U023143,2020-11-09,27,1,2,1,1,8.99,8.99
O003415,S0054418,U023147,2020-11-16,33,3,2,1,1,44.99,44.99
O003415,S0054418,U023147,2020-11-16,1,3,2,1,1,24.99,24.99
O003416,S0054424,U023150,2020-12-17,9,4,2,9,1,23.99,23.99
O003416,S0054424,U023150,2020-12-17,11,4,2,9,1,18.99,18.99
O003416,S0054424,U023150,2020-12-17,26,4,2,9,2,7.99,15.98
O003416,S0054424,U023150,2020-12-17,13,4,2,9,1,67.49,67.49
O003417,S0054432,U023153,2021-01-26,1,2,1,1,2,24.99,49.98
O003418,S0054440,U023156,2020-12-13,38,6,1,10,1,16.99,16.99
O003419,S0054460,U023165,2021-01-03,1,2,3,10,2,24.99,49.98
O003420,S0054469,U023169,2021-01-20,1,5,2,1,1,24.99,24.99
O003420,S0054469,U023169,2021-01-20,12,5,2,1,1,59.99,59.99
O003421,S0054479,U023175,2020-12-23,14,5,3,2,1,16.99,16.99
O003422,S0054482,U023176,2020-12-17,36,2,1,8,1,20.99,20.99
O003423,S0054491,U023179,2021-01-26,36,2,2,1,1,20.99,20.99
O003424,S0054493,U023180,2020-12-03,40,2,1,1,1,26.09,26.09
O003424,S0054493,U023180,2020-12-03,3,2,1,1,2,22.94,45.88
O003425,S0054497,U023181,2020-12-24,14,6,2,1,1,15.29,15.29
O003426,S0054519,U023191,2021-01-27,3,3,2,7,1,26.99,26.99
O003427,S0054540,U023199,2020-11-11,16,2,1,1,1,32.99,32.99
O003427,S0054540,U023199,2020-11-11,7,2,1,1,1,79.99,79.99
O003428,S0054562,U023210,2021-01-03,1,4,1,7,1,24.99,24.99
O003428,S0054562,U023210,2021-01-03,42,4,1,7,1,12.99,12.99
O003429,S0054564,U023211,2020-11-05,36,7,1,1,1,20.99,20.99
O003429,S0054564,U023211,2020-11-05,6,7,1,1,1,49.99,49.99
O003430,S0054571,U023212,2020-11-26,34,2,2,1,2,18.69,37.38
O003430,S0054571,U023212,2020-11-26,21,2,2,1,1,18.69,18.69
O003430,S0054571,U023212,2020-11-26,24,2,2,1,1,13.49,13.49
O003431,S0054573,U023213,2020-11-20,6,1,2,2,2,49.99,99.98
O003432,S0054596,U023224,2020-12-30,41,1,2,5,1,15.99,15.99
O003432,S0054596,U023224,2020-12-30,11,1,2,5,2,18.99,37.98
O003433,S0054601,U023226,2020-11-18,37,1,2,1,1,24.99,24.99
O003433,S0054601,U023226,2020-11-18,39,1,2,1,1,11.99,11.99
O003434,S0054605,U023228,2020-12-14,17,3,2,1,1,17.99,17.99
O003434,S0054605,U023228,2020-12-14,41,3,2,1,2,15.99,31.98
O003435,S0054620,U023233,2020-12-27,7,7,2,4,1,79.99,79.99
O003436,S0054626,U023237,2020-11-30,27,2,2,10,1,8.09,8.09
O003436,S0054626,U023237,2020-11-30,6,2,2,10,1,44.99,44.99
O003437,S0054652,U023250,2020-11-25,33,3,2,1,1,40.49,40.49
O003437,S0054652,U023250,2020-11-25,4,3,2,1,1,22.09,22.09
O003438,S0054658,U023253,2020-12-22,28,3,1,10,2,8.99,17.98
O003438,S0054658,U023253,2020-12-22,39,3,1,10,1,10.79,10.79
O003439,S0054660,U023253,2020-12-29,20,1,1,10,2,12.99,25.98
O003439,S0054660,U023253,2020-12-29,31,1,1,10,1,29.99,29.99
O003440,S0054663,U023254,2020-11-24,40,7,2,7,1,24.64,24.64
O003440,S0054663,U023254,2020-11-24,42,7,2,7,1,11.04,11.04
O003440,S0054663,U023254,2020-11-24,12,7,2,7,2,47.99,95.98
O003441,S0054678,U023260,2020-11-30,38,7,1,1,1,15.29,15.29
O003442,S0054692,U023267,2020-11-26,42,2,1,7,1,11.04,11.04
O003442,S0054692,U023267,2020-11-26,13,2,1,7,1,67.49,67.49
O003443,S0054693,U023267,2020-12-01,27,4,1,7,2,8.09,16.18
O003443,S0054693,U023267,2020-12-01,29,4,1,7,1,9.89,9.89
O003444,S0054714,U023276,2020-11-25,40,1,2,4,2,23.19,46.38
O003445,S0054715,U023277,2020-11-29,8,6,1,5,1,19.54,19.54
O003446,S0054721,U023280,2020-11-23,4,1,2,8,1,25.99,25.99
O003447,S0054725,U023282,2020-12-12,27,2,1,1,1,8.09,8.09
O003447,S0054725,U023282,2020-12-12,10,2,1,1,1,14.99,14.99
O003448,S0054732,U023284,2020-12-02,3,2,1,1,1,22.94,22.94
O003449,S0054746,U023289,2020-12-04,28,2,3,1,1,9.99,9.99
O003450,S0054753,U023292,2020-12-05,17,2,2,1,1,17.99,17.99
O003451,S0054756,U023294,2020-12-06,21,2,2,1,1,21.99,21.99
O003452,S0054769,U023302,2020-12-01,3,1,2,1,1,22.94,22.94
O003453,S0054823,U023325,2020-12-15,14,3,1,1,1,16.99,16.99
O003453,S0054823,U023325,2020-12-15,3,3,1,1,1,26.99,26.99
O003454,S0054833,U023329,2021-01-04,13,3,2,1,1,74.99,74.99
O003454,S0054833,U023329,2021-01-04,25,3,2,1,1,6.99,6.99
O003455,S0054846,U023336,2020-12-09,15,1,2,8,2,24.99,49.98
O003456,S0054872,U023345,2020-11-27,40,3,1,1,1,26.09,26.09
O003457,S0054876,U023347,2020-12-25,41,1,2,1,2,15.99,31.98
O003458,S0054892,U023353,2021-01-20,4,2,1,1,1,25.99,25.99
O003458,S0054892,U023353,2021-01-20,8,2,1,1,1,22.99,22.99
O003459,S0054897,U023356,2020-12-02,19,4,2,1,1,23.99,23.99
O003460,S0054911,U023363,2020-12-28,20,4,2,1,1,12.99,12.99
O003461,S0054914,U023363,2021-01-02,21,2,2,1,1,21.99,21.99
O003461,S0054914,U023363,2021-01-02,11,2,2,1,2,18.99,37.98
O003462,S0054915,U023364,2020-11-01,36,3,2,1,1,20.99,20.99
O003462,S0054915,U023364,2020-11-01,24,3,2,1,1,14.99,14.99
O003463,S0054923,U023366,2020-12-12,32,1,1,4,2,17.99,35.98
O003464,S0054928,U023369,2020-12-15,16,1,3,2,1,29.69,29.69
O003465,S0054971,U023383,2020-12-06,42,7,1,1,1,12.99,12.99
O003466,S0055008,U023396,2020-12-25,29,1,2,8,1,10.99,10.99
O003467,S0055016,U023400,2020-12-01,21,7,2,10,1,18.69,18.69
O003467,S0055016,U023400,2020-12-01,20,7,2,10,1,11.69,11.69
O003468,S0055037,U023410,2021-01-23,20,3,1,1,1,12.99,12.99
O003469,S0055045,U023412,2020-12-12,27,1,1,9,1,8.99,8.99
O003470,S0055057,U023419,2020-11-27,6,1,1,1,1,39.99,39.99
O003470,S0055057,U023419,2020-11-27,13,1,1,1,2,67.49,134.98
O003471,S0055107,U023439,2020-11-16,17,2,1,3,1,17.99,17.99
O003472,S0055113,U023443,2020-12-08,9,1,1,6,1,23.99,23.99
O003472,S0055113,U023443,2020-12-08,36,1,1,6,1,20.99,20.99
O003473,S0055137,U023451,2021-01-03,28,3,1,1,1,9.99,9.99
O003473,S0055137,U023451,2021-01-03,5,3,1,1,1,54.99,54.99
O003474,S0055147,U023456,2020-11-06,38,3,2,10,2,16.99,33.98
O003475,S0055152,U023460,2020-12-03,32,2,1,5,1,16.99,16.99
O003476,S0055174,U023470,2020-11-30,37,3,1,1,1,21.24,21.24
O003477,S0055207,U023484,2020-12-03,9,3,1,10,2,20.39,40.78
O003478,S0055220,U023488,2020-12-14,35,1,2,2,2,19.99,39.98
O003478,S0055220,U023488,2020-12-14,3,1,2,2,1,24.29,24.29
O003478,S0055220,U023488,2020-12-14,10,1,2,2,1,14.99,14.99
O003479,S0055221,U023488,2020-12-17,3,1,2,2,2,24.29,48.58
O003479,S0055221,U023488,2020-12-17,11,1,2,2,1,18.99,18.99
O003480,S0055226,U023491,2020-12-21,34,5,2,7,1,21.99,21.99
O003480,S0055226,U023491,2020-12-21,26,5,2,7,1,7.99,7.99
O003481,S0055229,U023491,2020-12-24,31,3,2,7,1,29.99,29.99
O003481,S0055229,U023491,2020-12-24,16,3,2,7,1,29.69,29.69
O003482,S0055241,U023496,2020-11-30,38,1,1,4,1,15.29,15.29
O003483,S0055252,U023501,2020-11-29,1,6,3,1,1,19.99,19.99
O003483,S0055252,U023501,2020-11-29,16,6,3,1,1,28.04,28.04
O003484,S0055284,U023517,2021-01-01,17,3,2,6,1,17.99,17.99
O003485,S0055287,U023518,2021-01-30,30,1,2,1,1,24.99,24.99
O003486,S0055300,U023523,2020-11-30,26,4,1,2,1,6.79,6.79
O003487,S0055301,U023523,2020-12-02,27,6,1,2,1,7.19,7.19
O003488,S0055335,U023536,2021-01-31,18,1,1,6,1,18.99,18.99
O003488,S0055335,U023536,2021-01-31,12,1,1,6,1,59.99,59.99
O003489,S0055349,U023542,2020-11-23,12,2,1,5,1,59.99,59.99
O003489,S0055349,U023542,2020-11-23,22,2,1,5,1,9.99,9.99
O003490,S0055382,U023556,2020-12-03,14,3,2,1,1,14.44,14.44
O003490,S0055382,U023556,2020-12-03,35,3,2,1,1,16.99,16.99
O003491,S0055385,U023557,2020-12-18,17,4,1,1,1,17.99,17.99
O003492,S0055422,U023578,2021-01-12,34,2,2,1,1,21.99,21.99
O003493,S0055425,U023579,2021-01-22,14,1,3,3,1,16.99,16.99
O003493,S0055425,U023579,2021-01-22,5,1,3,3,1,54.99,54.99
O003493,S0055425,U023579,2021-01-22,35,1,3,3,1,19.99,19.99
O003494,S0055430,U023580,2020-12-09,4,6,1,1,1,25.99,25.99
O003495,S0055441,U023584,2020-12-13,15,5,2,1,1,24.99,24.99
O003495,S0055441,U023584,2020-12-13,30,5,2,1,1,24.99,24.99
O003496,S0055446,U023586,2021-01-03,37,7,2,1,2,24.99,49.98
O003497,S0055447,U023587,2020-12-10,17,4,1,1,1,16.19,16.19
O003498,S0055459,U023593,2020-12-07,40,2,1,3,2,28.99,57.98
O003499,S0055470,U023598,2020-11-22,36,5,1,1,1,20.99,20.99
O003500,S0055476,U023601,2020-12-02,23,7,2,1,1,17.99,17.99
O003500,S0055476,U023601,2020-12-02,14,7,2,1,2,14.44,28.88
O003501,S0055498,U023608,2020-11-28,42,3,1,1,1,10.39,10.39
O003502,S0055516,U023616,2020-12-24,40,3,2,1,1,28.99,28.99
O003502,S0055516,U023616,2020-12-24,15,3,2,1,1,24.99,24.99
O003502,S0055516,U023616,2020-12-24,39,3,2,1,1,11.99,11.99
O003502,S0055516,U023616,2020-12-24,38,3,2,1,1,16.99,16.99
O003503,S0055518,U023616,2020-12-29,42,3,1,1,1,12.99,12.99
O003504,S0055537,U023624,2021-01-04,1,3,1,6,2,24.99,49.98
O003505,S0055540,U023626,2021-01-25,10,4,2,7,1,14.99,14.99
O003505,S0055540,U023626,2021-01-25,38,4,2,7,1,16.99,16.99
O003505,S0055540,U023626,2021-01-25,4,4,2,7,1,25.99,25.99
O003506,S0055543,U023627,2020-11-10,31,2,1,1,2,29.99,59.98
O003507,S0055619,U023656,2020-12-20,37,6,1,1,1,24.99,24.99
O003507,S0055619,U023656,2020-12-20,5,6,1,1,1,54.99,54.99
O003508,S0055623,U023659,2020-11-09,17,3,1,1,1,17.99,17.99
O003509,S0055636,U023664,2021-01-28,25,6,2,5,1,6.99,6.99
O003510,S0055637,U023665,2020-12-07,2,6,1,8,1,27.99,27.99
O003511,S0055639,U023665,2020-12-09,40,1,1,8,2,26.09,52.18
O003512,S0055644,U023668,2020-11-28,16,1,2,2,1,29.69,29.69
O003512,S0055644,U023668,2020-11-28,27,1,2,2,1,7.19,7.19
O003513,S0055664,U023676,2020-12-20,24,3,2,5,1,13.49,13.49
O003514,S0055705,U023694,2020-12-13,33,1,2,10,1,40.49,40.49
O003515,S0055713,U023698,2020-11-09,2,1,1,1,1,27.99,27.99
O003515,S0055713,U023698,2020-11-09,12,1,1,1,1,59.99,59.99
O003516,S0055719,U023700,2021-01-20,19,1,1,3,1,29.99,29.99
O003517,S0055725,U023702,2020-12-06,12,1,2,1,1,59.99,59.99
O003517,S0055725,U023702,2020-12-06,4,1,2,1,1,25.99,25.99
O003518,S0055740,U023706,2020-12-23,23,5,2,1,1,19.99,19.99
O003519,S0055778,U023721,2020-12-13,10,1,2,1,1,14.99,14.99
O003519,S0055778,U023721,2020-12-13,32,1,2,1,1,19.99,19.99
O003519,S0055778,U023721,2020-12-13,14,1,2,1,1,16.99,16.99
O003520,S0055841,U023750,2020-11-20,17,1,2,5,1,17.99,17.99
O003521,S0055878,U023769,2020-12-10,42,3,1,6,1,12.99,12.99
O003521,S0055878,U023769,2020-12-10,34,3,1,6,1,21.99,21.99
O003522,S0055888,U023774,2020-11-20,13,1,2,1,1,74.99,74.99
O003522,S0055888,U023774,2020-11-20,9,1,2,1,1,23.99,23.99
O003523,S0055908,U023781,2021-01-14,11,3,1,3,1,18.99,18.99
O003524,S0055972,U023809,2020-12-29,36,1,3,1,1,20.99,20.99
O003525,S0056010,U023823,2020-12-26,20,3,2,1,1,12.99,12.99
O003526,S0056012,U023824,2020-12-15,31,1,1,10,1,26.99,26.99
O003526,S0056012,U023824,2020-12-15,35,1,1,10,1,19.99,19.99
O003527,S0056034,U023832,2021-01-11,15,3,2,1,1,24.99,24.99
O003528,S0056058,U023843,2020-12-15,22,1,1,2,1,9.99,9.99
O003529,S0056082,U023851,2021-01-08,30,2,1,3,1,24.99,24.99
O003529,S0056082,U023851,2021-01-08,14,2,1,3,1,16.99,16.99
O003529,S0056082,U023851,2021-01-08,29,2,1,3,1,10.99,10.99
O003530,S0056084,U023852,2020-11-30,19,1,2,6,1,26.99,26.99
O003531,S0056093,U023856,2020-12-18,37,1,2,1,1,22.49,22.49
O003531,S0056093,U023856,2020-12-18,23,1,2,1,1,19.99,19.99
O003532,S0056106,U023861,2020-11-15,1,7,2,1,1,24.99,24.99
O003532,S0056106,U023861,2020-11-15,14,7,2,1,2,16.99,33.98
O003532,S0056106,U023861,2020-11-15,35,7,2,1,1,19.99,19.99
O003533,S0056109,U023863,2020-11-09,13,2,1,3,1,74.99,74.99
O003533,S0056109,U023863,2020-11-09,21,2,1,3,1,21.99,21.99
O003534,S0056113,U023865,2020-12-25,36,1,2,4,2,20.99,41.98
O003535,S0056142,U023877,2020-11-07,18,5,2,3,2,18.99,37.98
O003535,S0056142,U023877,2020-11-07,17,5,2,3,1,17.99,17.99
O003536,S0056153,U023881,2020-11-12,23,2,2,9,1,19.99,19.99
O003537,S0056160,U023885,2020-12-09,22,2,1,1,1,9.99,9.99
O003537,S0056160,U023885,2020-12-09,26,2,1,1,1,7.19,7.19
O003538,S0056163,U023886,2021-01-23,35,6,2,3,1,19.99,19.99
O003539,S0056187,U023896,2020-12-17,10,4,1,1,1,14.99,14.99
O003539,S0056187,U023896,2020-12-17,4,4,1,1,1,25.99,25.99
O003540,S0056230,U023917,2020-12-07,37,7,2,1,1,22.49,22.49
O003541,S0056266,U023937,2020-12-22,40,2,2,2,1,28.99,28.99
O003542,S0056277,U023943,2020-11-10,31,6,2,1,1,29.99,29.99
O003542,S0056277,U023943,2020-11-10,5,6,2,1,1,54.99,54.99
O003543,S0056289,U023948,2020-12-03,34,1,2,3,1,18.69,18.69
O003544,S0056302,U023954,2020-12-01,10,6,2,3,1,13.49,13.49
O003544,S0056302,U023954,2020-12-01,23,6,2,3,1,17.99,17.99
O003545,S0056304,U023955,2020-12-12,24,1,1,3,1,14.99,14.99
O003546,S0056308,U023958,2021-01-23,13,1,1,1,1,74.99,74.99
O003547,S0056313,U023959,2020-11-23,11,3,2,8,1,18.99,18.99
O003547,S0056313,U023959,2020-11-23,1,3,2,8,1,24.99,24.99
O003548,S0056353,U023979,2020-12-26,13,3,2,6,2,67.49,134.98
O003549,S0056367,U023985,2020-12-09,21,1,1,1,1,21.99,21.99
O003549,S0056367,U023985,2020-12-09,25,1,1,1,1,6.29,6.29
O003550,S0056368,U023985,2020-12-21,40,2,1,1,1,28.99,28.99
O003551,S0056374,U023988,2021-01-02,11,2,1,1,1,18.99,18.99
O003552,S0056377,U023989,2020-12-09,25,1,1,1,1,6.99,6.99
O003552,S0056377,U023989,2020-12-09,17,1,1,1,1,17.99,17.99
O003553,S0056425,U024012,2020-11-20,4,7,1,1,1,25.99,25.99
O003554,S0056448,U024020,2020-12-24,23,1,2,7,1,19.99,19.99
O003555,S0056449,U024021,2020-12-01,19,3,2,1,2,26.99,53.98
O003556,S0056451,U024022,2020-12-29,25,2,2,2,1,6.99,6.99
O003557,S0056466,U024028,2020-11-28,27,4,2,3,1,7.64,7.64
O003557,S0056466,U024028,2020-11-28,30,4,2,3,1,19.99,19.99
O003558,S0056489,U024036,2021-01-07,41,2,1,1,2,15.99,31.98
O003559,S0056501,U024042,2021-01-08,27,2,1,1,1,8.99,8.99
O003559,S0056501,U024042,2021-01-08,16,2,1,1,1,32.99,32.99
O003560,S0056504,U024044,2020-11-01,11,2,2,1,1,18.99,18.99
O003560,S0056504,U024044,2020-11-01,21,2,2,1,1,21.99,21.99
O003561,S0056510,U024047,2020-11-27,11,3,1,5,1,15.19,15.19
O003562,S0056526,U024052,2020-12-04,1,3,2,2,1,24.99,24.99
O003563,S0056537,U024059,2020-12-13,24,1,2,1,1,13.49,13.49
O003563,S0056537,U024059,2020-12-13,11,1,2,1,2,18.99,37.98
O003564,S0056538,U024060,2021-01-14,20,6,2,1,1,12.99,12.99
O003565,S0056539,U024060,2021-01-17,20,1,2,1,1,12.99,12.99
O003566,S0056541,U024061,2020-12-12,3,1,2,4,1,26.99,26.99
O003566,S0056541,U024061,2020-12-12,27,1,2,4,1,8.09,8.09
O003567,S0056542,U024061,2020-12-13,1,1,2,4,1,24.99,24.99
O003567,S0056542,U024061,2020-12-13,10,1,2,4,1,13.49,13.49
O003567,S0056542,U024061,2020-12-13,12,1,2,4,1,59.99,59.99
O003568,S0056549,U024064,2020-12-08,13,6,2,10,1,74.99,74.99
O003568,S0056549,U024064,2020-12-08,24,6,2,10,1,14.99,14.99
O003568,S0056549,U024064,2020-12-08,19,6,2,10,1,29.99,29.99
O003569,S0056591,U024079,2020-11-24,12,1,1,5,1,47.99,47.99
O003570,S0056593,U024080,2020-12-25,9,1,1,7,1,23.99,23.99
O003571,S0056623,U024091,2020-12-06,15,2,1,1,1,22.49,22.49
O003572,S0056628,U024093,2020-12-27,5,6,2,1,1,54.99,54.99
O003573,S0056653,U024104,2020-11-18,7,2,1,5,1,79.99,79.99
O003574,S0056688,U024120,2021-01-02,34,3,2,1,1,21.99,21.99
O003575,S0056710,U024129,2020-11-22,36,4,1,1,1,20.99,20.99
O003576,S0056713,U024130,2020-12-25,12,4,1,1,1,59.99,59.99
O003576,S0056713,U024130,2020-12-25,34,4,1,1,1,21.99,21.99
O003577,S0056724,U024135,2020-12-08,16,2,2,1,1,32.99,32.99
O003578,S0056751,U024145,2020-12-29,17,1,2,1,1,17.99,17.99
O003578,S0056751,U024145,2020-12-29,41,1,2,1,1,15.99,15.99
O003579,S0056766,U024150,2020-11-29,42,1,2,1,1,11.04,11.04
O003579,S0056766,U024150,2020-11-29,15,1,2,1,1,21.24,21.24
O003579,S0056766,U024150,2020-11-29,7,1,2,1,1,71.99,71.99
O003580,S0056777,U024154,2020-11-24,24,3,2,5,1,12.74,12.74
O003580,S0056777,U024154,2020-11-24,28,3,2,5,1,8.99,8.99
O003581,S0056791,U024159,2020-11-22,29,1,2,1,2,10.99,21.98
O003581,S0056791,U024159,2020-11-22,39,1,2,1,1,11.99,11.99
O003581,S0056791,U024159,2020-11-22,32,1,2,1,1,19.99,19.99
O003581,S0056791,U024159,2020-11-22,36,1,2,1,1,20.99,20.99
O003582,S0056816,U024168,2021-01-01,16,1,1,10,1,32.99,32.99
O003582,S0056816,U024168,2021-01-01,21,1,1,10,1,21.99,21.99
O003583,S0056829,U024172,2020-12-31,16,2,1,1,1,32.99,32.99
O003583,S0056829,U024172,2020-12-31,13,2,1,1,1,74.99,74.99
O003584,S0056860,U024188,2020-12-24,19,3,2,10,1,29.99,29.99
O003584,S0056860,U024188,2020-12-24,2,3,2,10,2,27.99,55.98
O003585,S0056872,U024193,2020-12-29,9,2,2,1,1,23.99,23.99
O003585,S0056872,U024193,2020-12-29,23,2,2,1,1,19.99,19.99
O003585,S0056872,U024193,2020-12-29,34,2,2,1,2,21.99,43.98
O003586,S0056887,U024200,2020-11-11,10,1,1,2,1,14.99,14.99
O003586,S0056887,U024200,2020-11-11,39,1,1,2,1,11.99,11.99
O003587,S0056890,U024201,2020-12-05,28,1,2,1,2,9.99,19.98
O003587,S0056890,U024201,2020-12-05,12,1,2,1,2,59.99,119.98
O003588,S0056951,U024230,2020-12-11,33,2,2,3,1,44.99,44.99
O003589,S0056962,U024232,2020-12-20,1,3,2,2,1,24.99,24.99
O003589,S0056962,U024232,2020-12-20,9,3,2,2,1,23.99,23.99
O003589,S0056962,U024232,2020-12-20,35,3,2,2,1,19.99,19.99
O003590,S0056968,U024235,2021-01-10,2,1,2,1,1,27.99,27.99
O003590,S0056968,U024235,2021-01-10,12,1,2,1,1,59.99,59.99
O003591,S0056973,U024237,2020-11-10,23,1,1,1,1,19.99,19.99
O003592,S0056995,U024246,2020-12-05,42,2,2,6,1,12.99,12.99
O003593,S0056996,U024246,2020-12-06,4,3,2,6,1,25.99,25.99
O003593,S0056996,U024246,2020-12-06,34,3,2,6,1,19.79,19.79
O003594,S0057015,U024255,2020-12-10,1,1,2,10,1,24.99,24.99
O003594,S0057015,U024255,2020-12-10,5,1,2,10,1,54.99,54.99
O003595,S0057026,U024260,2020-12-15,19,1,2,10,1,29.99,29.99
O003596,S0057034,U024263,2020-12-22,36,7,1,1,2,20.99,41.98
O003597,S0057046,U024269,2020-12-07,3,3,1,1,1,26.99,26.99
O003597,S0057046,U024269,2020-12-07,7,3,1,1,1,79.99,79.99
O003598,S0057065,U024276,2021-01-18,29,7,2,8,1,10.99,10.99
O003598,S0057065,U024276,2021-01-18,40,7,2,8,1,28.99,28.99
O003598,S0057065,U024276,2021-01-18,9,7,2,8,1,23.99,23.99
O003599,S0057081,U024285,2020-12-03,20,3,2,1,2,10.39,20.78
O003599,S0057081,U024285,2020-12-03,37,3,2,1,2,21.24,42.48
O003600,S0057109,U024295,2020-12-25,16,4,1,1,1,32.99,32.99
O003600,S0057109,U024295,2020-12-25,41,4,1,1,1,14.39,14.39
O003601,S0057122,U024300,2020-12-13,40,3,2,3,1,28.99,28.99
O003601,S0057122,U024300,2020-12-13,26,3,2,3,1,7.19,7.19
O003602,S0057125,U024302,2021-01-04,37,1,2,1,1,24.99,24.99
O003603,S0057130,U024304,2021-01-04,15,2,2,1,1,24.99,24.99
O003603,S0057130,U024304,2021-01-04,11,2,2,1,2,18.99,37.98
O003603,S0057130,U024304,2021-01-04,32,2,2,1,1,19.99,19.99
O003604,S0057154,U024315,2020-12-14,42,1,1,3,1,12.99,12.99
O003605,S0057161,U024317,2021-01-21,17,3,3,7,2,17.99,35.98
O003606,S0057197,U024333,2021-01-01,24,1,1,10,1,14.99,14.99
O003607,S0057206,U024336,2020-12-29,11,1,2,1,1,18.99,18.99
O003608,S0057209,U024337,2020-11-27,19,1,1,6,1,25.49,25.49
O003609,S0057229,U024345,2020-12-21,40,6,2,4,1,26.09,26.09
O003610,S0057267,U024361,2020-11-24,12,3,2,1,2,53.99,107.98
O003610,S0057267,U024361,2020-11-24,37,3,2,1,1,22.49,22.49
O003611,S0057275,U024365,2021-01-24,3,7,1,1,1,26.99,26.99
O003612,S0057297,U024375,2021-01-17,41,6,1,4,1,15.99,15.99
O003612,S0057297,U024375,2021-01-17,21,6,1,4,1,21.99,21.99
O003613,S0057307,U024379,2020-12-23,5,2,1,2,1,54.99,54.99
O003614,S0057320,U024383,2021-01-20,37,1,2,1,2,24.99,49.98
O003615,S0057364,U024406,2020-12-20,34,6,2,1,1,21.99,21.99
O003615,S0057364,U024406,2020-12-20,24,6,2,1,2,14.99,29.98
O003615,S0057364,U024406,2020-12-20,9,6,2,1,1,23.99,23.99
O003616,S0057394,U024415,2021-01-01,35,1,2,1,1,19.99,19.99
O003616,S0057394,U024415,2021-01-01,26,1,2,1,1,7.99,7.99
O003616,S0057394,U024415,2021-01-01,41,1,2,1,1,15.99,15.99
O003617,S0057408,U024422,2021-01-26,4,3,2,1,1,25.99,25.99
O003618,S0057409,U024422,2021-01-27,34,1,2,1,1,21.99,21.99
O003618,S0057409,U024422,2021-01-27,37,1,2,1,1,24.99,24.99
O003618,S0057409,U024422,2021-01-27,14,1,2,1,1,16.99,16.99
O003619,S0057414,U024425,2020-12-09,4,4,2,5,2,25.99,51.98
O003620,S0057430,U024433,2020-11-18,25,2,1,1,2,6.99,13.98
O003621,S0057441,U024437,2020-11-10,37,1,1,2,1,24.99,24.99
O003621,S0057441,U024437,2020-11-10,8,1,1,2,1,22.99,22.99
O003622,S0057474,U024453,2020-11-15,42,1,2,4,1,12.99,12.99
O003623,S0057480,U024457,2020-11-28,41,2,1,1,2,14.39,28.78
O003624,S0057485,U024458,2021-01-18,18,1,1,1,1,18.99,18.99
O003624,S0057485,U024458,2021-01-18,10,1,1,1,1,14.99,14.99
O003624,S0057485,U024458,2021-01-18,41,1,1,1,1,15.99,15.99
O003625,S0057487,U024460,2020-12-13,36,7,1,1,1,20.99,20.99
O003625,S0057487,U024460,2020-12-13,10,7,1,1,1,14.99,14.99
O003626,S0057490,U024462,2021-01-30,36,4,1,2,1,20.99,20.99
O003627,S0057515,U024472,2020-11-27,15,1,1,1,1,21.24,21.24
O003627,S0057515,U024472,2020-11-27,17,1,1,1,1,15.29,15.29
O003627,S0057515,U024472,2020-11-27,16,1,1,1,1,29.69,29.69
O003628,S0057522,U024475,2021-01-12,42,4,3,8,1,12.99,12.99
O003629,S0057538,U024481,2020-11-29,23,1,2,3,2,16.99,33.98
O003629,S0057538,U024481,2020-11-29,21,1,2,3,1,19.79,19.79
O003630,S0057549,U024485,2020-11-19,23,3,2,8,1,19.99,19.99
O003630,S0057549,U024485,2020-11-19,19,3,2,8,1,29.99,29.99
O003631,S0057563,U024491,2020-12-21,40,3,1,2,1,28.99,28.99
O003632,S0057568,U024494,2020-12-13,37,1,1,1,1,24.99,24.99
O003633,S0057572,U024496,2020-12-18,41,6,2,1,1,14.39,14.39
O003634,S0057575,U024498,2020-11-06,8,1,1,1,1,22.99,22.99
O003635,S0057579,U024499,2020-12-11,20,1,1,10,1,12.99,12.99
O003635,S0057579,U024499,2020-12-11,34,1,1,10,1,21.99,21.99
O003636,S0057611,U024513,2020-12-08,40,1,2,4,1,28.99,28.99
O003637,S0057617,U024515,2020-12-22,2,1,1,7,1,27.99,27.99
O003638,S0057626,U024519,2020-12-11,17,2,2,7,1,17.99,17.99
O003639,S0057634,U024522,2020-12-17,21,1,1,1,1,21.99,21.99
O003640,S0057655,U024530,2020-12-04,1,2,2,1,1,24.99,24.99
O003641,S0057700,U024547,2020-11-27,34,1,2,1,1,18.69,18.69
O003642,S0057704,U024548,2020-12-31,12,5,2,7,1,59.99,59.99
O003642,S0057704,U024548,2020-12-31,32,5,2,7,1,19.99,19.99
O003643,S0057710,U024550,2021-01-31,20,2,2,2,1,12.99,12.99
O003643,S0057710,U024550,2021-01-31,39,2,2,2,1,11.99,11.99
O003644,S0057751,U024566,2020-12-31,18,6,1,1,1,18.99,18.99
O003645,S0057758,U024570,2020-11-27,22,1,2,1,1,8.49,8.49
O003646,S0057769,U024575,2020-11-13,17,1,2,7,2,17.99,35.98
O003647,S0057795,U024588,2021-01-07,12,2,2,4,2,59.99,119.98
O003647,S0057795,U024588,2021-01-07,4,2,2,4,1,25.99,25.99
O003647,S0057795,U024588,2021-01-07,38,2,2,4,1,16.99,16.99
O003648,S0057806,U024593,2020-12-28,6,3,1,1,1,49.99,49.99
O003648,S0057806,U024593,2020-12-28,26,3,1,1,1,7.99,7.99
O003648,S0057806,U024593,2020-12-28,37,3,1,1,1,24.99,24.99
O003649,S0057838,U024607,2020-12-10,37,4,1,1,1,24.99,24.99
O003650,S0057887,U024626,2020-12-03,20,1,2,1,1,11.04,11.04
O003651,S0057888,U024626,2020-12-06,15,2,2,1,1,24.99,24.99
O003652,S0057896,U024630,2020-11-30,5,1,2,4,2,46.74,93.48
O003653,S0057902,U024632,2020-11-27,7,1,1,1,1,67.99,67.99
O003654,S0057909,U024634,2020-12-07,3,6,2,1,1,26.99,26.99
O003655,S0057945,U024651,2020-11-24,27,3,2,1,1,7.19,7.19
O003656,S0057959,U024656,2020-11-22,12,1,2,1,1,59.99,59.99
O003656,S0057959,U024656,2020-11-22,15,1,2,1,1,24.99,24.99
O003657,S0057978,U024664,2021-01-28,9,4,1,1,1,23.99,23.99
O003657,S0057978,U024664,2021-01-28,15,4,1,1,2,24.99,49.98
O003658,S0057980,U024665,2020-11-16,40,7,2,4,1,28.99,28.99
O003658,S0057980,U024665,2020-11-16,17,7,2,4,1,17.99,17.99
O003658,S0057980,U024665,2020-11-16,21,7,2,4,1,21.99,21.99
O003658,S0057980,U024665,2020-11-16,4,7,2,4,1,25.99,25.99
O003659,S0057994,U024673,2021-01-10,31,4,1,2,1,29.99,29.99
O003659,S0057994,U024673,2021-01-10,36,4,1,2,1,20.99,20.99
O003660,S0058005,U024679,2020-12-01,25,1,1,4,1,6.29,6.29
O003661,S0058014,U024682,2020-12-25,10,6,1,2,1,14.99,14.99
O003662,S0058020,U024685,2020-11-20,41,4,2,9,1,15.99,15.99
O003663,S0058025,U024687,2020-12-12,1,2,2,1,2,24.99,49.98
O003664,S0058032,U024690,2021-01-15,27,3,2,5,1,8.99,8.99
O003665,S0058033,U024690,2021-01-16,15,1,2,5,1,24.99,24.99
O003665,S0058033,U024690,2021-01-16,27,1,2,5,1,8.99,8.99
O003665,S0058033,U024690,2021-01-16,41,1,2,5,1,15.99,15.99
O003666,S0058039,U024692,2020-12-15,7,2,1,1,1,79.99,79.99
O003666,S0058039,U024692,2020-12-15,17,2,1,1,1,17.99,17.99
O003666,S0058039,U024692,2020-12-15,35,2,1,1,1,19.99,19.99
O003667,S0058041,U024693,2021-01-23,9,1,1,1,1,23.99,23.99
O003668,S0058044,U024694,2021-01-24,9,2,3,5,1,23.99,23.99
O003669,S0058049,U024696,2020-11-18,37,1,1,1,1,24.99,24.99
O003669,S0058049,U024696,2020-11-18,31,1,1,1,2,29.99,59.98
O003669,S0058049,U024696,2020-11-18,15,1,1,1,1,24.99,24.99
O003670,S0058057,U024701,2020-11-28,23,2,1,1,1,16.99,16.99
O003670,S0058057,U024701,2020-11-28,36,2,1,1,1,18.89,18.89
O003671,S0058121,U024729,2020-12-24,41,3,2,9,2,14.39,28.78
O003672,S0058129,U024733,2021-01-13,18,3,2,1,1,18.99,18.99
O003673,S0058194,U024760,2020-11-24,1,3,2,1,1,22.49,22.49
O003674,S0058201,U024762,2020-12-14,41,3,2,1,2,15.99,31.98
O003675,S0058219,U024773,2020-12-11,20,1,2,5,1,12.99,12.99
O003675,S0058219,U024773,2020-12-11,5,1,2,5,1,54.99,54.99
O003675,S0058219,U024773,2020-12-11,32,1,2,5,1,19.99,19.99
O003675,S0058219,U024773,2020-12-11,17,1,2,5,2,17.99,35.98
O003676,S0058229,U024777,2020-12-16,10,1,1,2,1,14.99,14.99
O003676,S0058229,U024777,2020-12-16,17,1,1,2,1,17.99,17.99
O003677,S0058231,U024778,2020-12-08,1,3,1,1,1,22.49,22.49
O003677,S0058231,U024778,2020-12-08,19,3,1,1,1,29.99,29.99
O003678,S0058258,U024791,2020-11-22,35,2,2,3,1,19.99,19.99
O003678,S0058258,U024791,2020-11-22,37,2,2,3,1,24.99,24.99
O003679,S0058270,U024798,2020-12-11,19,6,2,10,1,26.99,26.99
O003680,S0058293,U024808,2020-11-24,1,3,1,1,1,21.24,21.24
O003681,S0058297,U024809,2020-12-16,5,3,1,1,1,54.99,54.99
O003682,S0058306,U024812,2020-12-29,23,3,2,4,1,19.99,19.99
O003683,S0058310,U024813,2020-12-02,5,1,2,1,1,46.74,46.74
O003684,S0058317,U024816,2020-12-12,36,2,1,8,1,20.99,20.99
O003684,S0058317,U024816,2020-12-12,28,2,1,8,1,8.99,8.99
O003685,S0058330,U024822,2020-12-20,17,2,1,5,1,16.19,16.19
O003685,S0058330,U024822,2020-12-20,38,2,1,5,1,16.99,16.99
O003685,S0058330,U024822,2020-12-20,9,2,1,5,1,23.99,23.99
O003686,S0058338,U024827,2020-11-24,16,1,1,1,1,26.39,26.39
O003686,S0058338,U024827,2020-11-24,18,1,1,1,2,16.14,32.28
O003686,S0058338,U024827,2020-11-24,19,1,1,1,2,23.99,47.98
O003687,S0058342,U024829,2020-12-06,17,5,3,3,1,17.99,17.99
O003688,S0058362,U024836,2020-12-16,22,1,2,9,1,9.99,9.99
O003689,S0058365,U024837,2020-12-20,6,1,2,2,1,49.99,49.99
O003689,S0058365,U024837,2020-12-20,29,1,2,2,1,9.89,9.89
O003690,S0058367,U024838,2020-12-31,21,2,1,1,1,21.99,21.99
O003690,S0058367,U024838,2020-12-31,37,2,1,1,1,24.99,24.99
O003690,S0058367,U024838,2020-12-31,10,2,1,1,1,14.99,14.99
O003690,S0058367,U024838,2020-12-31,25,2,1,1,1,6.99,6.99
O003691,S0058378,U024844,2020-11-27,40,7,2,6,1,26.09,26.09
O003692,S0058421,U024864,2021-01-24,37,3,2,4,1,24.99,24.99
O003692,S0058421,U024864,2021-01-24,16,3,2,4,2,32.99,65.98
O003693,S0058429,U024867,2020-12-24,23,1,1,1,1,19.99,19.99
O003694,S0058475,U024885,2020-12-10,23,7,2,3,1,19.99,19.99
O003695,S0058478,U024887,2020-11-17,3,2,1,1,2,26.99,53.98
O003696,S0058494,U024896,2020-12-07,30,1,1,1,1,24.99,24.99
O003697,S0058506,U024902,2020-11-27,42,3,1,1,1,11.69,11.69
O003698,S0058515,U024905,2020-11-02,36,3,1,1,1,20.99,20.99
O003699,S0058534,U024915,2020-11-30,25,6,2,1,1,6.29,6.29
O003699,S0058534,U024915,2020-11-30,28,6,2,1,1,7.99,7.99
O003699,S0058534,U024915,2020-11-30,17,6,2,1,2,15.29,30.58
O003700,S0058536,U024915,2020-12-06,34,1,2,1,1,21.99,21.99
O003700,S0058536,U024915,2020-12-06,9,1,2,1,1,23.99,23.99
O003701,S0058545,U024919,2020-12-24,8,4,2,1,1,22.99,22.99
O003702,S0058546,U024920,2020-12-14,4,1,1,1,1,23.39,23.39
O003702,S0058546,U024920,2020-12-14,37,1,1,1,1,24.99,24.99
O003702,S0058546,U024920,2020-12-14,40,1,1,1,1,28.99,28.99
O003703,S0058548,U024920,2020-12-24,1,2,1,1,1,22.49,22.49
O003703,S0058548,U024920,2020-12-24,9,2,1,1,1,23.99,23.99
O003704,S0058624,U024954,2021-01-16,42,2,2,1,1,12.99,12.99
O003704,S0058624,U024954,2021-01-16,18,2,2,1,1,18.99,18.99
O003704,S0058624,U024954,2021-01-16,15,2,2,1,1,24.99,24.99
O003705,S0058664,U024971,2020-11-29,37,3,2,1,1,22.49,22.49
O003706,S0058669,U024973,2020-12-07,2,2,2,1,1,27.99,27.99
O003706,S0058669,U024973,2020-12-07,37,2,2,1,1,22.49,22.49
O003707,S0058691,U024984,2020-12-10,2,2,2,4,1,27.99,27.99
O003707,S0058691,U024984,2020-12-10,17,2,2,4,2,17.99,35.98
O003708,S0058719,U024997,2020-12-14,17,2,2,3,1,17.99,17.99
O003708,S0058719,U024997,2020-12-14,18,2,2,3,1,18.99,18.99
O003709,S0058732,U025003,2021-01-30,1,4,2,1,2,24.99,49.98
O003710,S0058738,U025006,2020-12-07,17,1,2,2,1,16.19,16.19
O003711,S0058753,U025015,2020-12-08,6,1,1,1,1,49.99,49.99
O003711,S0058753,U025015,2020-12-08,1,1,1,1,1,24.99,24.99
O003712,S0058791,U025033,2020-12-19,32,1,2,10,1,19.99,19.99
O003713,S0058800,U025034,2020-12-02,15,2,2,1,1,21.24,21.24
O003714,S0058850,U025052,2020-12-01,16,3,2,1,1,29.69,29.69
O003715,S0058873,U025062,2020-11-27,34,2,2,1,1,19.79,19.79
O003715,S0058873,U025062,2020-11-27,1,2,2,1,1,22.49,22.49
O003716,S0058880,U025065,2021-01-30,25,2,1,10,1,6.99,6.99
O003716,S0058880,U025065,2021-01-30,4,2,1,10,1,25.99,25.99
O003716,S0058880,U025065,2021-01-30,24,2,1,10,1,14.99,14.99
O003717,S0058886,U025068,2020-12-07,26,1,1,10,1,7.99,7.99
O003717,S0058886,U025068,2020-12-07,39,1,1,10,1,11.99,11.99
O003718,S0058901,U025077,2020-12-29,14,5,2,6,2,16.99,33.98
O003718,S0058901,U025077,2020-12-29,36,5,2,6,2,20.99,41.98
O003719,S0058916,U025083,2020-12-20,16,1,3,2,1,32.99,32.99
O003719,S0058916,U025083,2020-12-20,19,1,3,2,1,29.99,29.99
O003719,S0058916,U025083,2020-12-20,25,1,3,2,1,6.99,6.99
O003720,S0058946,U025099,2021-01-31,37,3,3,2,1,24.99,24.99
O003720,S0058946,U025099,2021-01-31,36,3,3,2,1,20.99,20.99
O003721,S0058952,U025099,2021-01-31,23,7,3,2,1,19.99,19.99
O003721,S0058952,U025099,2021-01-31,19,7,3,2,1,29.99,29.99
O003722,S0058965,U025105,2020-11-04,20,1,2,10,1,12.99,12.99
O003723,S0058979,U025112,2020-12-12,19,3,1,1,2,29.99,59.98
O003723,S0058979,U025112,2020-12-12,38,3,1,1,1,16.99,16.99
O003724,S0059011,U025127,2021-01-18,11,6,2,1,2,18.99,37.98
O003724,S0059011,U025127,2021-01-18,16,6,2,1,2,32.99,65.98
O003725,S0059039,U025138,2020-12-27,16,1,1,10,1,32.99,32.99
O003726,S0059058,U025148,2020-12-06,21,2,2,1,1,21.99,21.99
O003727,S0059060,U025150,2020-11-29,39,1,2,2,1,10.19,10.19
O003728,S0059083,U025159,2020-12-13,21,1,1,1,1,21.99,21.99
O003728,S0059083,U025159,2020-12-13,5,1,1,1,1,54.99,54.99
O003729,S0059089,U025161,2020-12-25,3,2,2,1,1,26.99,26.99
O003729,S0059089,U025161,2020-12-25,41,2,2,1,2,15.99,31.98
O003730,S0059091,U025163,2020-12-22,23,4,1,1,1,17.99,17.99
O003731,S0059182,U025204,2020-12-01,39,2,2,1,1,10.19,10.19
O003732,S0059205,U025212,2020-12-06,5,4,1,1,1,54.99,54.99
O003733,S0059222,U025221,2020-12-31,33,1,2,6,1,44.99,44.99
O003733,S0059222,U025221,2020-12-31,16,1,2,6,1,32.99,32.99
O003734,S0059224,U025222,2020-12-13,40,4,2,1,1,28.99,28.99
O003735,S0059250,U025234,2020-11-28,10,2,1,1,1,11.99,11.99
O003735,S0059250,U025234,2020-11-28,21,2,1,1,1,19.79,19.79
O003736,S0059271,U025245,2020-12-17,5,1,1,10,1,54.99,54.99
O003737,S0059293,U025253,2021-01-01,1,6,2,1,1,24.99,24.99
O003737,S0059293,U025253,2021-01-01,36,6,2,1,1,20.99,20.99
O003738,S0059314,U025266,2020-12-14,23,1,1,1,1,19.99,19.99
O003738,S0059314,U025266,2020-12-14,24,1,1,1,1,14.99,14.99
O003739,S0059321,U025268,2020-12-17,1,5,1,9,1,24.99,24.99
O003740,S0059327,U025270,2021-01-28,41,3,2,4,1,15.99,15.99
O003740,S0059327,U025270,2021-01-28,38,3,2,4,1,16.99,16.99
O003740,S0059327,U025270,2021-01-28,19,3,2,4,1,29.99,29.99
O003741,S0059330,U025272,2020-12-23,40,1,1,1,1,28.99,28.99
O003742,S0059332,U025273,2020-12-29,14,1,3,8,1,16.99,16.99
O003742,S0059332,U025273,2020-12-29,8,1,3,8,2,22.99,45.98
O003743,S0059346,U025279,2020-12-09,25,1,1,1,1,6.99,6.99
O003744,S0059347,U025280,2020-12-03,36,3,2,1,1,16.79,16.79
O003744,S0059347,U025280,2020-12-03,4,3,2,1,1,22.09,22.09
O003745,S0059351,U025282,2021-01-06,35,2,1,1,1,19.99,19.99
O003746,S0059383,U025294,2020-12-06,17,5,1,4,2,17.99,35.98
O003747,S0059424,U025312,2020-12-22,15,7,2,1,1,24.99,24.99
O003747,S0059424,U025312,2020-12-22,2,7,2,1,1,27.99,27.99
O003748,S0059460,U025327,2020-12-25,12,2,2,1,1,59.99,59.99
O003749,S0059461,U025327,2020-12-31,26,2,1,1,1,7.99,7.99
O003750,S0059506,U025345,2020-12-07,39,2,3,1,1,11.99,11.99
O003750,S0059506,U025345,2020-12-07,14,2,3,1,1,15.29,15.29
O003751,S0059518,U025350,2021-01-02,30,2,2,3,2,24.99,49.98
O003752,S0059524,U025353,2021-01-13,31,2,2,10,1,29.99,29.99
O003753,S0059537,U025358,2020-12-11,32,7,1,1,1,19.99,19.99
O003754,S0059548,U025365,2020-12-25,38,3,1,10,1,16.99,16.99
O003754,S0059548,U025365,2020-12-25,29,3,1,10,1,10.99,10.99
O003755,S0059594,U025387,2020-12-22,12,6,2,3,2,59.99,119.98
O003755,S0059594,U025387,2020-12-22,16,6,2,3,1,32.99,32.99
O003756,S0059601,U025390,2021-01-07,41,2,1,1,2,15.99,31.98
O003756,S0059601,U025390,2021-01-07,18,2,1,1,1,18.99,18.99
O003757,S0059604,U025392,2020-11-12,28,1,1,1,1,9.99,9.99
O003758,S0059606,U025392,2020-11-22,23,1,1,1,1,19.99,19.99
O003759,S0059623,U025399,2021-01-26,17,2,2,1,1,17.99,17.99
O003759,S0059623,U025399,2021-01-26,22,2,2,1,1,9.99,9.99
O003760,S0059627,U025401,2021-01-04,38,4,2,1,1,16.99,16.99
O003760,S0059627,U025401,2021-01-04,16,4,2,1,1,32.99,32.99
O003760,S0059627,U025401,2021-01-04,33,4,2,1,1,44.99,44.99
O003761,S0059666,U025417,2021-01-16,39,1,3,1,1,11.99,11.99
O003761,S0059666,U025417,2021-01-16,12,1,3,1,2,59.99,119.98
O003761,S0059666,U025417,2021-01-16,18,1,3,1,1,18.99,18.99
O003762,S0059667,U025418,2020-12-17,22,7,2,1,2,8.99,17.98
O003762,S0059667,U025418,2020-12-17,31,7,2,1,1,29.99,29.99
O003763,S0059668,U025418,2020-12-21,18,5,2,1,1,18.99,18.99
O003764,S0059692,U025426,2020-11-21,15,3,1,10,1,24.99,24.99
O003765,S0059709,U025433,2020-12-01,42,1,2,3,1,11.04,11.04
O003765,S0059709,U025433,2020-12-01,15,1,2,3,1,19.99,19.99
O003766,S0059785,U025461,2020-12-18,31,3,2,1,1,29.99,29.99
O003767,S0059811,U025474,2020-12-01,25,2,2,5,1,6.29,6.29
O003768,S0059833,U025483,2020-12-12,7,3,2,4,1,79.99,79.99
O003769,S0059848,U025487,2020-11-28,8,1,2,5,1,19.54,19.54
O003769,S0059848,U025487,2020-11-28,15,1,2,5,1,22.49,22.49
O003770,S0059867,U025495,2021-01-19,28,1,2,10,1,9.99,9.99
O003771,S0059926,U025520,2020-12-23,8,3,1,5,1,22.99,22.99
O003772,S0059928,U025520,2020-12-28,38,4,1,5,1,16.99,16.99
O003772,S0059928,U025520,2020-12-28,34,4,1,5,1,21.99,21.99
O003773,S0059930,U025521,2020-12-21,25,1,2,4,1,6.99,6.99
O003774,S0059933,U025521,2020-12-27,26,2,2,4,1,7.99,7.99
O003775,S0059941,U025526,2020-12-29,22,1,2,2,1,9.99,9.99
O003776,S0059950,U025531,2021-01-14,12,4,1,1,1,59.99,59.99
O003776,S0059950,U025531,2021-01-14,13,4,1,1,1,74.99,74.99
O003776,S0059950,U025531,2021-01-14,21,4,1,1,1,21.99,21.99
O003777,S0059977,U025543,2020-12-20,17,2,2,1,1,17.99,17.99
O003778,S0059986,U025545,2020-11-06,20,5,1,10,1,12.99,12.99
O003778,S0059986,U025545,2020-11-06,12,5,1,10,1,59.99,59.99
O003778,S0059986,U025545,2020-11-06,5,5,1,10,1,54.99,54.99
O003778,S0059986,U025545,2020-11-06,33,5,1,10,1,44.99,44.99
O003779,S0059999,U025550,2020-12-22,37,6,2,1,1,24.99,24.99
O003780,S0060002,U025552,2020-12-30,40,6,2,10,1,28.99,28.99
O003780,S0060002,U025552,2020-12-30,15,6,2,10,1,24.99,24.99
O003781,S0060004,U025552,2021-01-02,11,2,2,10,2,18.99,37.98
O003781,S0060004,U025552,2021-01-02,23,2,2,10,1,19.99,19.99
O003782,S0060006,U025553,2020-11-20,3,2,2,6,1,26.99,26.99
O003782,S0060006,U025553,2020-11-20,5,2,2,6,1,54.99,54.99
O003783,S0060007,U025553,2020-11-22,15,4,2,6,2,24.99,49.98
O003783,S0060007,U025553,2020-11-22,13,4,2,6,1,74.99,74.99
O003784,S0060013,U025556,2020-11-28,40,1,2,5,1,24.64,24.64
O003784,S0060013,U025556,2020-11-28,17,1,2,5,1,15.29,15.29
O003784,S0060013,U025556,2020-11-28,31,1,2,5,1,25.49,25.49
O003785,S0060014,U025556,2020-11-30,25,1,2,5,1,5.59,5.59
O003786,S0060075,U025581,2021-01-03,14,1,1,1,2,16.99,33.98
O003787,S0060124,U025607,2020-12-31,37,4,2,4,1,24.99,24.99
O003787,S0060124,U025607,2020-12-31,19,4,2,4,1,29.99,29.99
O003788,S0060125,U025608,2020-11-05,5,1,2,8,1,54.99,54.99
O003788,S0060125,U025608,2020-11-05,10,1,2,8,1,14.99,14.99
O003788,S0060125,U025608,2020-11-05,9,1,2,8,1,23.99,23.99
O003789,S0060161,U025622,2020-12-24,39,1,2,1,1,11.99,11.99
O003789,S0060161,U025622,2020-12-24,37,1,2,1,1,22.49,22.49
O003790,S0060171,U025626,2020-12-06,20,7,1,5,1,12.99,12.99
O003790,S0060171,U025626,2020-12-06,18,7,1,5,1,18.99,18.99
O003790,S0060171,U025626,2020-12-06,35,7,1,5,1,19.99,19.99
O003790,S0060171,U025626,2020-12-06,3,7,1,5,1,26.99,26.99
O003791,S0060186,U025634,2020-12-09,38,3,1,6,1,15.29,15.29
O003791,S0060186,U025634,2020-12-09,26,3,1,6,1,7.99,7.99
O003792,S0060217,U025646,2020-11-14,17,2,3,1,1,17.99,17.99
O003792,S0060217,U025646,2020-11-14,20,2,3,1,1,12.99,12.99
O003792,S0060217,U025646,2020-11-14,7,2,3,1,1,79.99,79.99
O003793,S0060240,U025656,2020-11-02,15,2,2,1,1,24.99,24.99
O003794,S0060269,U025668,2021-01-07,9,3,1,1,2,23.99,47.98
O003795,S0060270,U025669,2020-11-21,2,1,2,1,1,27.99,27.99
O003795,S0060270,U025669,2020-11-21,8,1,2,1,1,22.99,22.99
O003796,S0060313,U025690,2020-12-15,26,1,2,2,1,7.99,7.99
O003796,S0060313,U025690,2020-12-15,14,1,2,2,1,15.29,15.29
O003796,S0060313,U025690,2020-12-15,8,1,2,2,1,22.99,22.99
O003797,S0060327,U025695,2020-11-16,40,1,2,5,1,28.99,28.99
O003797,S0060327,U025695,2020-11-16,4,1,2,5,1,25.99,25.99
O003797,S0060327,U025695,2020-11-16,17,1,2,5,1,17.99,17.99
O003798,S0060355,U025709,2020-11-04,19,2,2,1,1,29.99,29.99
O003799,S0060363,U025713,2020-12-14,24,1,2,5,1,14.99,14.99
O003800,S0060374,U025717,2020-11-28,29,3,2,1,1,9.34,9.34
O003800,S0060374,U025717,2020-11-28,27,3,2,1,1,8.09,8.09
O003801,S0060406,U025731,2020-12-17,15,4,2,1,1,24.99,24.99
O003801,S0060406,U025731,2020-12-17,14,4,2,1,2,16.99,33.98
O003802,S0060420,U025739,2020-11-26,17,2,1,1,1,15.29,15.29
O003803,S0060431,U025743,2020-12-08,14,4,2,3,2,16.99,33.98
O003803,S0060431,U025743,2020-12-08,16,4,2,3,1,29.69,29.69
O003804,S0060446,U025749,2021-01-27,41,6,1,3,1,15.99,15.99
O003805,S0060458,U025755,2020-12-22,2,4,2,10,1,27.99,27.99
O003805,S0060458,U025755,2020-12-22,37,4,2,10,1,24.99,24.99
O003806,S0060469,U025759,2020-12-17,32,1,1,9,1,19.99,19.99
O003806,S0060469,U025759,2020-12-17,8,1,1,9,1,20.69,20.69
O003807,S0060470,U025759,2020-12-24,20,1,1,9,2,12.99,25.98
O003807,S0060470,U025759,2020-12-24,25,1,1,9,1,6.29,6.29
O003808,S0060472,U025761,2020-11-27,20,6,1,3,1,11.04,11.04
O003809,S0060478,U025764,2020-12-23,37,1,3,10,1,24.99,24.99
O003809,S0060478,U025764,2020-12-23,6,1,3,10,2,49.99,99.98
O003809,S0060478,U025764,2020-12-23,3,1,3,10,1,26.99,26.99
O003810,S0060490,U025771,2020-12-22,26,1,1,1,1,7.99,7.99
O003811,S0060531,U025789,2020-12-04,34,3,1,3,1,21.99,21.99
O003812,S0060570,U025804,2020-12-08,36,2,1,9,1,20.99,20.99
O003813,S0060574,U025805,2020-12-09,40,1,2,1,1,26.09,26.09
O003814,S0060602,U025816,2021-01-30,41,3,1,8,1,15.99,15.99
O003814,S0060602,U025816,2021-01-30,19,3,1,8,1,29.99,29.99
O003815,S0060632,U025826,2020-12-09,14,1,3,1,2,16.99,33.98
O003816,S0060639,U025830,2020-12-23,39,7,2,1,1,11.99,11.99
O003817,S0060709,U025861,2020-12-04,40,2,2,1,1,28.99,28.99
O003817,S0060709,U025861,2020-12-04,42,2,2,1,1,12.99,12.99
O003818,S0060711,U025862,2021-01-18,5,1,2,1,1,54.99,54.99
O003818,S0060711,U025862,2021-01-18,17,1,2,1,1,17.99,17.99
O003819,S0060724,U025867,2021-01-11,29,3,1,1,1,10.99,10.99
O003820,S0060765,U025882,2021-01-03,41,3,1,1,1,15.99,15.99
O003820,S0060765,U025882,2021-01-03,15,3,1,1,1,24.99,24.99
O003821,S0060772,U025884,2020-12-31,16,3,2,3,1,32.99,32.99
O003821,S0060772,U025884,2020-12-31,42,3,2,3,1,12.99,12.99
O003821,S0060772,U025884,2020-12-31,30,3,2,3,1,24.99,24.99
O003822,S0060776,U025886,2020-12-01,37,7,2,3,1,21.24,21.24
O003823,S0060777,U025887,2020-11-27,34,2,2,10,1,18.69,18.69
O003824,S0060804,U025896,2020-11-23,23,2,1,10,1,19.99,19.99
O003824,S0060804,U025896,2020-11-23,15,2,1,10,2,24.99,49.98
O003825,S0060809,U025898,2020-12-07,35,3,1,1,2,19.99,39.98
O003826,S0060817,U025900,2020-12-25,20,3,1,3,2,12.99,25.98
O003826,S0060817,U025900,2020-12-25,15,3,1,3,1,24.99,24.99
O003827,S0060829,U025905,2020-11-22,30,2,2,1,1,24.99,24.99
O003828,S0060869,U025924,2020-12-02,11,1,2,4,1,15.19,15.19
O003828,S0060869,U025924,2020-12-02,27,1,2,4,1,8.09,8.09
O003829,S0060893,U025934,2020-12-14,37,1,2,2,1,24.99,24.99
O003829,S0060893,U025934,2020-12-14,2,1,2,2,1,25.19,25.19
O003830,S0060916,U025942,2020-11-08,3,1,2,1,1,26.99,26.99
O003831,S0060919,U025942,2020-11-24,3,5,2,1,1,22.94,22.94
O003831,S0060919,U025942,2020-11-24,17,5,2,1,1,14.39,14.39
O003832,S0060923,U025945,2020-11-27,28,1,1,1,1,8.49,8.49
O003833,S0060925,U025945,2020-11-30,33,1,2,1,1,38.24,38.24
O003834,S0060938,U025951,2020-11-29,12,6,2,1,1,47.99,47.99
O003834,S0060938,U025951,2020-11-29,17,6,2,1,1,15.29,15.29
O003834,S0060938,U025951,2020-11-29,42,6,2,1,2,11.04,22.08
O003835,S0060966,U025961,2020-11-26,12,5,1,1,1,50.99,50.99
O003835,S0060966,U025961,2020-11-26,40,5,1,1,1,23.19,23.19
O003836,S0060998,U025977,2021-01-19,1,4,2,9,1,24.99,24.99
O003836,S0060998,U025977,2021-01-19,14,4,2,9,1,16.99,16.99
O003837,S0061034,U025990,2020-12-07,5,4,1,6,1,49.49,49.49
O003838,S0061066,U026003,2020-12-03,29,7,1,1,1,9.89,9.89
O003838,S0061066,U026003,2020-12-03,41,7,1,1,1,12.79,12.79
O003838,S0061066,U026003,2020-12-03,15,7,1,1,1,21.24,21.24
O003839,S0061085,U026008,2020-12-22,26,1,1,1,1,7.99,7.99
O003840,S0061095,U026014,2020-12-26,34,1,1,1,1,21.99,21.99
O003841,S0061108,U026021,2020-12-30,16,2,2,1,1,32.99,32.99
O003842,S0061109,U026021,2020-12-31,9,3,2,1,1,23.99,23.99
O003842,S0061109,U026021,2020-12-31,18,3,2,1,1,18.99,18.99
O003843,S0061128,U026029,2020-11-25,10,1,2,5,1,11.99,11.99
O003843,S0061128,U026029,2020-11-25,1,1,2,5,2,19.99,39.98
O003844,S0061133,U026031,2020-12-05,26,5,1,10,1,7.99,7.99
O003844,S0061133,U026031,2020-12-05,38,5,1,10,1,16.99,16.99
O003844,S0061133,U026031,2020-12-05,42,5,1,10,1,12.99,12.99
O003845,S0061136,U026032,2020-12-13,40,3,2,1,1,28.99,28.99
O003845,S0061136,U026032,2020-12-13,36,3,2,1,1,20.99,20.99
O003846,S0061137,U026032,2020-12-14,40,5,2,1,2,26.09,52.18
O003846,S0061137,U026032,2020-12-14,33,5,2,1,1,44.99,44.99
O003846,S0061137,U026032,2020-12-14,5,5,2,1,1,49.49,49.49
O003847,S0061143,U026033,2020-12-31,38,1,2,1,1,16.99,16.99
O003848,S0061152,U026037,2020-11-22,6,1,1,1,1,49.99,49.99
O003848,S0061152,U026037,2020-11-22,11,1,1,1,2,18.99,37.98
O003848,S0061152,U026037,2020-11-22,27,1,1,1,1,8.99,8.99
O003849,S0061160,U026039,2021-01-26,7,2,1,1,1,79.99,79.99
O003849,S0061160,U026039,2021-01-26,35,2,1,1,1,19.99,19.99
O003850,S0061175,U026047,2020-11-27,12,1,1,10,1,50.99,50.99
O003850,S0061175,U026047,2020-11-27,20,1,1,10,1,11.04,11.04
O003851,S0061182,U026050,2021-01-18,35,3,1,3,1,19.99,19.99
O003852,S0061209,U026060,2020-11-30,5,5,1,1,1,43.99,43.99
O003853,S0061213,U026061,2021-01-04,26,4,2,1,1,7.99,7.99
O003854,S0061249,U026075,2020-11-23,34,2,1,3,1,21.99,21.99
O003854,S0061249,U026075,2020-11-23,15,2,1,3,1,24.99,24.99
O003855,S0061258,U026080,2020-12-05,41,2,1,1,1,15.99,15.99
O003855,S0061258,U026080,2020-12-05,21,2,1,1,1,21.99,21.99
O003856,S0061280,U026087,2020-12-25,19,1,2,5,2,29.99,59.98
O003857,S0061288,U026090,2020-11-30,37,1,2,1,1,19.99,19.99
O003857,S0061288,U026090,2020-11-30,41,1,2,1,1,14.39,14.39
O003858,S0061290,U026091,2021-01-02,32,3,1,1,1,19.99,19.99
O003858,S0061290,U026091,2021-01-02,15,3,1,1,2,24.99,49.98
O003859,S0061292,U026092,2021-01-17,41,3,1,1,1,15.99,15.99
O003860,S0061293,U026093,2020-12-14,17,3,1,1,1,17.99,17.99
O003860,S0061293,U026093,2020-12-14,1,3,1,1,1,24.99,24.99
O003860,S0061293,U026093,2020-12-14,6,3,1,1,2,49.99,99.98
O003860,S0061293,U026093,2020-12-14,3,3,1,1,2,26.99,53.98
O003861,S0061307,U026099,2021-01-15,42,5,3,3,1,12.99,12.99
O003861,S0061307,U026099,2021-01-15,1,5,3,3,1,24.99,24.99
O003862,S0061322,U026105,2020-12-13,7,2,2,6,1,71.99,71.99
O003863,S0061327,U026107,2021-01-08,17,3,2,3,1,17.99,17.99
O003863,S0061327,U026107,2021-01-08,1,3,2,3,1,24.99,24.99
O003864,S0061328,U026107,2021-01-09,35,3,2,3,1,19.99,19.99
O003865,S0061329,U026107,2021-01-12,19,5,2,3,1,29.99,29.99
O003865,S0061329,U026107,2021-01-12,17,5,2,3,1,17.99,17.99
O003866,S0061342,U026113,2020-12-27,12,2,2,2,1,59.99,59.99
O003866,S0061342,U026113,2020-12-27,19,2,2,2,2,29.99,59.98
O003866,S0061342,U026113,2020-12-27,9,2,2,2,1,23.99,23.99
O003867,S0061346,U026116,2020-11-28,32,2,2,1,1,17.99,17.99
O003867,S0061346,U026116,2020-11-28,28,2,2,1,1,8.49,8.49
O003867,S0061346,U026116,2020-11-28,16,2,2,1,1,29.69,29.69
O003868,S0061371,U026125,2020-11-16,12,2,2,6,1,59.99,59.99
O003869,S0061384,U026130,2020-11-28,42,5,2,1,1,11.04,11.04
O003869,S0061384,U026130,2020-11-28,6,5,2,1,1,44.99,44.99
O003870,S0061400,U026137,2020-11-22,13,6,1,1,1,74.99,74.99
O003870,S0061400,U026137,2020-11-22,17,6,1,1,1,17.99,17.99
O003870,S0061400,U026137,2020-11-22,35,6,1,1,1,19.99,19.99
O003871,S0061407,U026139,2020-12-14,21,3,2,4,1,21.99,21.99
O003871,S0061407,U026139,2020-12-14,37,3,2,4,1,24.99,24.99
O003871,S0061407,U026139,2020-12-14,19,3,2,4,1,29.99,29.99
O003872,S0061437,U026147,2020-11-08,28,2,1,4,1,9.99,9.99
O003873,S0061490,U026171,2020-11-16,15,7,1,1,1,24.99,24.99
O003873,S0061490,U026171,2020-11-16,6,7,1,1,2,49.99,99.98
O003874,S0061500,U026175,2020-12-13,32,4,2,1,1,19.99,19.99
O003874,S0061500,U026175,2020-12-13,35,4,2,1,1,19.99,19.99
O003875,S0061505,U026177,2021-01-19,11,6,1,6,1,18.99,18.99
O003876,S0061516,U026183,2020-11-25,1,2,1,2,2,19.99,39.98
O003877,S0061527,U026188,2020-12-01,13,2,1,10,1,67.49,67.49
O003877,S0061527,U026188,2020-12-01,8,2,1,10,1,19.54,19.54
O003878,S0061616,U026231,2020-12-23,32,7,1,9,1,17.99,17.99
O003878,S0061616,U026231,2020-12-23,9,7,1,9,1,23.99,23.99
O003879,S0061667,U026255,2020-12-02,24,1,1,1,1,13.49,13.49
O003880,S0061697,U026269,2021-01-11,31,1,1,1,1,29.99,29.99
O003881,S0061726,U026282,2020-12-29,5,3,2,9,1,54.99,54.99
O003882,S0061744,U026291,2020-11-21,19,2,1,1,2,29.99,59.98
O003882,S0061744,U026291,2020-11-21,18,2,1,1,1,18.99,18.99
O003883,S0061773,U026301,2020-12-07,32,1,1,1,2,19.99,39.98
O003884,S0061775,U026302,2021-01-10,19,3,2,1,1,29.99,29.99
O003885,S0061793,U026308,2020-12-03,9,5,2,1,1,21.59,21.59
O003886,S0061812,U026318,2020-12-14,2,6,2,1,1,27.99,27.99
O003887,S0061831,U026324,2020-12-14,22,2,2,9,1,9.99,9.99
O003888,S0061839,U026328,2020-12-22,24,3,1,1,1,14.99,14.99
O003889,S0061840,U026329,2020-12-18,41,3,1,1,1,15.99,15.99
O003890,S0061867,U026340,2020-12-26,9,4,2,1,1,23.99,23.99
O003891,S0061874,U026342,2020-12-03,30,2,2,1,1,21.24,21.24
O003892,S0061883,U026346,2020-12-10,2,6,2,3,1,27.99,27.99
O003892,S0061883,U026346,2020-12-10,6,6,2,3,1,49.99,49.99
O003892,S0061883,U026346,2020-12-10,23,6,2,3,1,19.99,19.99
O003893,S0061922,U026363,2020-11-30,17,1,1,4,1,16.19,16.19
O003893,S0061922,U026363,2020-11-30,21,1,1,4,2,17.59,35.18
O003894,S0061925,U026366,2021-01-22,34,6,1,1,1,21.99,21.99
O003894,S0061925,U026366,2021-01-22,19,6,1,1,1,29.99,29.99
O003895,S0061929,U026367,2020-12-07,12,1,2,4,1,59.99,59.99
O003895,S0061929,U026367,2020-12-07,18,1,2,4,1,18.99,18.99
O003895,S0061929,U026367,2020-12-07,17,1,2,4,1,17.99,17.99
O003896,S0061966,U026381,2021-01-23,15,1,1,1,1,24.99,24.99
O003897,S0061973,U026383,2020-12-08,36,4,2,1,1,20.99,20.99
O003898,S0062044,U026416,2020-12-14,42,1,2,5,2,12.99,25.98
O003899,S0062047,U026417,2020-11-23,23,7,1,4,1,19.99,19.99
O003900,S0062067,U026426,2020-11-27,17,2,1,6,1,16.19,16.19
O003901,S0062090,U026435,2020-11-25,9,3,1,1,1,19.19,19.19
O003902,S0062095,U026437,2020-12-25,22,2,1,8,1,9.99,9.99
O003902,S0062095,U026437,2020-12-25,21,2,1,8,1,19.79,19.79
O003903,S0062102,U026441,2020-12-20,8,1,3,3,1,22.99,22.99
O003904,S0062137,U026457,2020-11-28,38,2,2,4,1,14.44,14.44
O003905,S0062145,U026460,2020-11-23,31,4,1,1,1,29.99,29.99
O003906,S0062215,U026492,2020-12-29,39,2,1,1,1,11.99,11.99
O003906,S0062215,U026492,2020-12-29,25,2,1,1,1,6.99,6.99
O003906,S0062215,U026492,2020-12-29,6,2,1,1,1,49.99,49.99
O003907,S0062226,U026497,2020-11-15,18,2,2,1,1,18.99,18.99
O003907,S0062226,U026497,2020-11-15,40,2,2,1,1,28.99,28.99
O003908,S0062227,U026497,2020-11-16,18,7,2,1,1,18.99,18.99
O003909,S0062229,U026498,2020-12-15,14,2,1,1,1,16.99,16.99
O003910,S0062252,U026506,2020-11-25,9,5,2,1,1,21.59,21.59
O003910,S0062252,U026506,2020-11-25,5,5,2,1,1,49.49,49.49
O003911,S0062309,U026532,2020-12-24,29,1,1,6,1,10.99,10.99
O003912,S0062323,U026537,2020-12-04,5,6,1,1,1,54.99,54.99
O003912,S0062323,U026537,2020-12-04,28,6,1,1,1,9.99,9.99
O003913,S0062327,U026539,2020-12-20,14,6,1,1,1,16.99,16.99
O003913,S0062327,U026539,2020-12-20,1,6,1,1,1,22.49,22.49
O003913,S0062327,U026539,2020-12-20,34,6,1,1,1,21.99,21.99
O003913,S0062327,U026539,2020-12-20,38,6,1,1,1,16.99,16.99
O003914,S0062336,U026543,2020-11-16,27,7,2,1,2,8.99,17.98
O003915,S0062403,U026571,2020-11-30,7,2,2,1,1,67.99,67.99
O003915,S0062403,U026571,2020-11-30,35,2,2,1,1,15.99,15.99
O003916,S0062416,U026577,2020-12-14,10,3,2,2,1,13.49,13.49
O003917,S0062441,U026588,2020-12-06,18,4,1,1,2,18.99,37.98
O003918,S0062442,U026588,2020-12-10,25,1,1,1,1,6.99,6.99
O003918,S0062442,U026588,2020-12-10,29,1,1,1,1,10.99,10.99
O003918,S0062442,U026588,2020-12-10,15,1,1,1,1,24.99,24.99
O003919,S0062486,U026611,2020-12-31,17,3,2,1,2,17.99,35.98
O003919,S0062486,U026611,2020-12-31,8,3,2,1,1,22.99,22.99
O003920,S0062491,U026614,2020-11-18,5,2,1,10,1,54.99,54.99
O003920,S0062491,U026614,2020-11-18,2,2,1,10,1,27.99,27.99
O003921,S0062493,U026614,2020-11-24,26,1,1,10,2,7.19,14.38
O003922,S0062499,U026617,2020-12-28,6,3,1,3,1,49.99,49.99
O003922,S0062499,U026617,2020-12-28,9,3,1,3,1,23.99,23.99
O003922,S0062499,U026617,2020-12-28,4,3,1,3,2,25.99,51.98
O003923,S0062506,U026619,2020-11-30,11,1,2,1,1,16.14,16.14
O003924,S0062515,U026623,2020-11-16,23,3,2,1,1,19.99,19.99
O003925,S0062520,U026626,2020-11-19,14,1,3,3,1,16.99,16.99
O003926,S0062532,U026631,2020-11-16,17,1,2,8,1,17.99,17.99
O003926,S0062532,U026631,2020-11-16,15,1,2,8,1,24.99,24.99
O003927,S0062544,U026638,2020-11-23,12,2,2,4,1,59.99,59.99
O003928,S0062580,U026652,2020-12-18,4,1,1,1,1,25.99,25.99
O003929,S0062598,U026660,2020-12-09,18,1,2,4,1,18.99,18.99
O003930,S0062608,U026667,2020-12-03,2,1,1,1,1,23.79,23.79
O003930,S0062608,U026667,2020-12-03,6,1,1,1,1,39.99,39.99
O003931,S0062610,U026667,2020-12-13,1,1,1,1,1,24.99,24.99
O003932,S0062614,U026669,2020-11-30,1,3,1,1,1,19.99,19.99
O003933,S0062639,U026682,2020-12-08,35,4,2,4,1,19.99,19.99
O003934,S0062657,U026690,2020-11-30,40,3,2,1,1,24.64,24.64
O003935,S0062715,U026714,2020-12-18,10,3,2,10,1,14.99,14.99
O003936,S0062784,U026745,2020-12-25,3,2,1,10,1,26.99,26.99
O003936,S0062784,U026745,2020-12-25,2,2,1,10,1,27.99,27.99
O003936,S0062784,U026745,2020-12-25,8,2,1,10,1,20.69,20.69
O003937,S0062793,U026749,2020-12-31,18,1,2,1,1,18.99,18.99
O003938,S0062797,U026750,2020-12-03,1,1,2,6,2,21.24,42.48
O003938,S0062797,U026750,2020-12-03,17,1,2,6,1,16.19,16.19
O003939,S0062810,U026755,2020-12-13,13,2,1,1,1,74.99,74.99
O003939,S0062810,U026755,2020-12-13,27,2,1,1,1,8.99,8.99
O003940,S0062812,U026756,2020-11-28,25,2,1,1,1,5.94,5.94
O003940,S0062812,U026756,2020-11-28,23,2,1,1,1,17.99,17.99
O003941,S0062815,U026758,2020-12-07,2,2,2,1,1,27.99,27.99
O003942,S0062828,U026764,2020-11-28,6,2,2,1,1,44.99,44.99
O003943,S0062851,U026774,2021-01-29,36,6,2,1,1,20.99,20.99
O003943,S0062851,U026774,2021-01-29,11,6,2,1,1,18.99,18.99
O003944,S0062858,U026777,2020-12-07,24,2,1,1,1,14.99,14.99
O003945,S0062863,U026779,2021-01-21,42,6,1,1,1,12.99,12.99
O003945,S0062863,U026779,2021-01-21,12,6,1,1,2,59.99,119.98
O003945,S0062863,U026779,2021-01-21,2,6,1,1,1,27.99,27.99
O003946,S0062868,U026780,2020-12-06,1,7,1,6,1,24.99,24.99
O003947,S0062877,U026783,2020-12-23,35,6,1,10,1,19.99,19.99
O003948,S0062884,U026785,2021-01-13,36,3,2,4,2,20.99,41.98
O003948,S0062884,U026785,2021-01-13,1,3,2,4,1,24.99,24.99
O003948,S0062884,U026785,2021-01-13,13,3,2,4,1,74.99,74.99
O003949,S0062902,U026792,2020-12-04,20,3,1,4,1,12.99,12.99
O003950,S0062907,U026795,2020-12-18,13,3,2,1,1,67.49,67.49
O003951,S0062917,U026799,2020-12-09,14,4,3,1,1,16.99,16.99
O003952,S0062963,U026818,2021-01-05,5,1,1,8,1,54.99,54.99
O003953,S0063021,U026844,2021-01-01,1,1,1,1,1,24.99,24.99
O003953,S0063021,U026844,2021-01-01,14,1,1,1,1,16.99,16.99
O003954,S0063039,U026851,2020-12-19,33,1,2,1,1,44.99,44.99
O003955,S0063058,U026859,2020-12-17,39,2,1,1,1,11.99,11.99
O003955,S0063058,U026859,2020-12-17,31,2,1,1,1,29.99,29.99
O003956,S0063086,U026866,2020-12-07,27,2,2,1,1,8.09,8.09
O003956,S0063086,U026866,2020-12-07,15,2,2,1,1,24.99,24.99
O003957,S0063108,U026876,2020-12-21,2,6,1,1,2,27.99,55.98
O003958,S0063130,U026884,2020-12-03,21,1,2,1,1,18.69,18.69
O003959,S0063134,U026887,2020-12-17,5,7,1,7,1,54.99,54.99
O003960,S0063144,U026889,2020-12-14,12,1,1,3,1,53.99,53.99
O003960,S0063144,U026889,2020-12-14,1,1,1,3,1,24.99,24.99
O003961,S0063161,U026895,2020-12-20,11,1,1,1,1,17.09,17.09
O003961,S0063161,U026895,2020-12-20,35,1,1,1,1,19.99,19.99
O003961,S0063161,U026895,2020-12-20,4,1,1,1,1,25.99,25.99
O003962,S0063171,U026899,2020-12-22,13,2,1,8,1,74.99,74.99
O003963,S0063199,U026909,2021-01-02,14,2,1,1,1,16.99,16.99
O003963,S0063199,U026909,2021-01-02,6,2,1,1,1,49.99,49.99
O003964,S0063212,U026915,2020-12-02,12,1,2,1,1,47.99,47.99
O003964,S0063212,U026915,2020-12-02,22,1,2,1,1,8.99,8.99
O003965,S0063243,U026927,2020-11-28,10,1,3,2,1,11.99,11.99
O003966,S0063244,U026927,2020-12-03,13,2,3,2,1,59.99,59.99
O003967,S0063255,U026929,2020-11-17,8,2,1,5,1,22.99,22.99
O003967,S0063255,U026929,2020-11-17,18,2,1,5,1,18.99,18.99
O003968,S0063259,U026931,2020-12-13,42,3,1,8,1,12.99,12.99
O003969,S0063274,U026936,2021-01-31,19,2,2,1,1,29.99,29.99
O003970,S0063276,U026937,2020-12-29,42,5,1,1,2,12.99,25.98
O003971,S0063309,U026956,2020-11-17,38,2,2,1,1,16.99,16.99
O003971,S0063309,U026956,2020-11-17,22,2,2,1,1,9.99,9.99
O003972,S0063311,U026957,2020-11-12,12,1,2,8,2,59.99,119.98
O003972,S0063311,U026957,2020-11-12,5,1,2,8,2,54.99,109.98
O003972,S0063311,U026957,2020-11-12,15,1,2,8,1,24.99,24.99
O003973,S0063318,U026959,2020-11-27,40,2,1,1,1,26.09,26.09
O003973,S0063318,U026959,2020-11-27,13,2,1,1,1,59.99,59.99
O003974,S0063331,U026966,2020-11-27,3,6,1,3,1,21.59,21.59
O003975,S0063350,U026975,2020-12-24,41,2,1,1,1,14.39,14.39
O003976,S0063378,U026989,2020-11-12,18,3,1,7,1,18.99,18.99
O003977,S0063387,U026992,2020-12-28,4,2,1,1,1,25.99,25.99
O003977,S0063387,U026992,2020-12-28,12,2,1,1,1,59.99,59.99
O003978,S0063400,U026995,2020-12-19,12,2,1,1,1,59.99,59.99
O003978,S0063400,U026995,2020-12-19,6,2,1,1,1,49.99,49.99
O003979,S0063404,U026996,2020-12-27,4,1,2,1,1,25.99,25.99
O003980,S0063419,U027002,2020-12-24,2,3,2,1,1,27.99,27.99
O003981,S0063423,U027004,2020-12-24,1,2,2,2,1,24.99,24.99
O003982,S0063439,U027013,2021-01-27,1,3,2,1,1,24.99,24.99
O003983,S0063441,U027013,2021-01-29,9,6,2,1,1,23.99,23.99
O003984,S0063512,U027044,2020-12-30,17,2,2,1,1,17.99,17.99
O003985,S0063513,U027045,2020-12-12,15,1,2,5,1,24.99,24.99
O003985,S0063513,U027045,2020-12-12,4,1,2,5,1,25.99,25.99
O003986,S0063514,U027045,2020-12-21,16,1,2,5,1,32.99,32.99
O003987,S0063530,U027052,2020-11-10,29,6,1,1,1,10.99,10.99
O003987,S0063530,U027052,2020-11-10,19,6,1,1,2,29.99,59.98
O003988,S0063533,U027054,2020-12-15,19,6,1,1,1,29.99,29.99
O003988,S0063533,U027054,2020-12-15,42,6,1,1,1,12.99,12.99
O003989,S0063553,U027063,2020-11-28,4,3,2,1,1,23.39,23.39
O003989,S0063553,U027063,2020-11-28,28,3,2,1,1,8.49,8.49
O003989,S0063553,U027063,2020-11-28,17,3,2,1,1,15.29,15.29
O003990,S0063564,U027068,2020-11-14,21,1,1,4,1,21.99,21.99
O003991,S0063577,U027074,2020-12-24,11,1,1,6,1,18.99,18.99
O003992,S0063596,U027082,2020-12-07,10,1,1,3,1,14.99,14.99
O003993,S0063608,U027086,2020-11-23,28,6,2,1,1,9.99,9.99
O003993,S0063608,U027086,2020-11-23,12,6,2,1,1,59.99,59.99
O003994,S0063621,U027091,2020-12-07,5,2,2,1,1,54.99,54.99
O003994,S0063621,U027091,2020-12-07,4,2,2,1,1,23.39,23.39
O003995,S0063634,U027097,2020-12-29,18,6,2,1,1,18.99,18.99
O003995,S0063634,U027097,2020-12-29,28,6,2,1,1,9.99,9.99
O003996,S0063638,U027100,2021-01-11,36,7,1,1,1,20.99,20.99
O003997,S0063648,U027106,2021-01-11,23,4,2,1,1,19.99,19.99
O003997,S0063648,U027106,2021-01-11,12,4,2,1,1,59.99,59.99
O003997,S0063648,U027106,2021-01-11,25,4,2,1,1,6.99,6.99
O003998,S0063670,U027114,2020-12-06,29,5,1,4,1,10.99,10.99
O003999,S0063691,U027121,2021-01-31,27,2,2,1,2,8.99,17.98
O003999,S0063691,U027121,2021-01-31,28,2,2,1,1,9.99,9.99
O003999,S0063691,U027121,2021-01-31,25,2,2,1,1,6.99,6.99
O004000,S0063698,U027124,2021-01-14,24,3,2,1,1,14.99,14.99
O004000,S0063698,U027124,2021-01-14,4,3,2,1,1,25.99,25.99
O004001,S0063699,U027124,2021-01-15,14,3,2,1,2,16.99,33.98
O004001,S0063699,U027124,2021-01-15,6,3,2,1,1,49.99,49.99
O004002,S0063722,U027136,2020-12-28,3,4,2,5,1,26.99,26.99
O004002,S0063722,U027136,2020-12-28,22,4,2,5,1,9.99,9.99
O004002,S0063722,U027136,2020-12-28,35,4,2,5,1,19.99,19.99
O004003,S0063727,U027139,2020-12-18,34,6,2,1,1,21.99,21.99
O004004,S0063756,U027154,2020-12-19,6,2,1,1,1,49.99,49.99
O004005,S0063757,U027155,2020-11-27,4,1,2,1,1,22.09,22.09
O004006,S0063763,U027160,2021-01-27,30,2,2,4,1,24.99,24.99
O004007,S0063778,U027167,2021-01-05,27,2,2,1,1,8.99,8.99
O004008,S0063792,U027172,2020-11-23,41,1,2,1,1,15.99,15.99
O004009,S0063802,U027178,2020-12-07,21,1,2,1,1,21.99,21.99
O004010,S0063829,U027189,2020-11-30,7,7,1,6,1,67.99,67.99
O004011,S0063834,U027192,2020-11-23,12,1,1,1,1,59.99,59.99
O004012,S0063843,U027197,2020-12-01,30,4,2,1,1,22.49,22.49
O004013,S0063863,U027204,2020-11-29,34,3,2,1,1,19.79,19.79
O004013,S0063863,U027204,2020-11-29,6,3,2,1,1,44.99,44.99
O004013,S0063863,U027204,2020-11-29,23,3,2,1,1,16.99,16.99
O004014,S0063873,U027210,2020-11-29,7,3,1,1,1,67.99,67.99
O004015,S0063897,U027218,2020-12-16,8,2,1,1,1,22.99,22.99
O004016,S0063904,U027221,2020-12-11,39,1,1,4,1,11.99,11.99
O004017,S0063923,U027231,2020-12-29,12,1,2,1,1,59.99,59.99
O004017,S0063923,U027231,2020-12-29,41,1,2,1,1,15.99,15.99
O004018,S0063941,U027239,2020-11-27,33,4,2,1,1,35.99,35.99
O004019,S0063950,U027243,2021-01-31,42,2,1,1,2,12.99,25.98
O004020,S0063963,U027251,2021-01-11,36,3,1,10,1,20.99,20.99
O004021,S0063998,U027267,2020-11-23,23,1,3,1,1,19.99,19.99
O004021,S0063998,U027267,2020-11-23,6,1,3,1,1,49.99,49.99
O004022,S0064007,U027271,2020-11-01,34,3,1,1,1,21.99,21.99
O004022,S0064007,U027271,2020-11-01,22,3,1,1,1,9.99,9.99
O004022,S0064007,U027271,2020-11-01,26,3,1,1,1,7.99,7.99
O004022,S0064007,U027271,2020-11-01,18,3,1,1,1,18.99,18.99
O004023,S0064014,U027274,2020-11-24,22,3,1,5,2,8.99,17.98
O004024,S0064024,U027277,2020-12-24,2,3,2,1,1,25.19,25.19
O004025,S0064026,U027278,2020-12-03,27,3,2,1,1,7.64,7.64
O004025,S0064026,U027278,2020-12-03,31,3,2,1,1,26.99,26.99
O004025,S0064026,U027278,2020-12-03,35,3,2,1,1,15.99,15.99
O004026,S0064031,U027281,2020-12-14,16,1,2,1,1,32.99,32.99
O004026,S0064031,U027281,2020-12-14,30,1,2,1,2,24.99,49.98
O004027,S0064109,U027311,2020-12-15,37,3,2,1,1,24.99,24.99
O004028,S0064121,U027318,2021-01-21,3,2,2,10,2,26.99,53.98
O004028,S0064121,U027318,2021-01-21,17,2,2,10,2,17.99,35.98
O004029,S0064125,U027320,2020-12-29,35,1,2,1,1,19.99,19.99
O004029,S0064125,U027320,2020-12-29,19,1,2,1,1,29.99,29.99
O004030,S0064145,U027328,2020-12-12,42,5,1,4,1,12.99,12.99
O004031,S0064148,U027329,2020-12-20,32,1,2,1,1,19.99,19.99
O004031,S0064148,U027329,2020-12-20,38,1,2,1,1,16.99,16.99
O004032,S0064157,U027333,2020-12-07,5,6,3,1,1,54.99,54.99
O004033,S0064168,U027339,2020-11-25,42,4,2,2,1,11.69,11.69
O004033,S0064168,U027339,2020-11-25,20,4,2,2,1,11.69,11.69
O004034,S0064169,U027339,2020-11-29,12,6,1,2,1,47.99,47.99
O004034,S0064169,U027339,2020-11-29,37,6,1,2,1,19.99,19.99
O004034,S0064169,U027339,2020-11-29,11,6,1,2,1,16.14,16.14
O004035,S0064179,U027344,2020-12-05,42,4,1,1,1,12.99,12.99
O004036,S0064226,U027367,2020-12-05,10,3,1,8,1,14.99,14.99
O004037,S0064236,U027371,2020-12-06,17,2,1,2,1,16.19,16.19
O004038,S0064241,U027373,2020-12-09,34,1,1,1,1,21.99,21.99
O004039,S0064253,U027379,2020-12-30,8,2,1,1,1,22.99,22.99
O004040,S0064256,U027381,2020-12-15,40,2,1,1,1,28.99,28.99
O004041,S0064277,U027392,2020-12-04,8,4,2,1,1,22.99,22.99
O004042,S0064295,U027399,2020-12-19,40,1,1,2,1,28.99,28.99
O004042,S0064295,U027399,2020-12-19,2,1,1,2,1,27.99,27.99
O004042,S0064295,U027399,2020-12-19,12,1,1,2,1,59.99,59.99
O004043,S0064305,U027405,2021-01-31,8,1,3,6,1,22.99,22.99
O004044,S0064307,U027406,2020-12-28,15,2,2,1,1,24.99,24.99
O004044,S0064307,U027406,2020-12-28,18,2,2,1,2,18.99,37.98
O004044,S0064307,U027406,2020-12-28,9,2,2,1,1,23.99,23.99
O004045,S0064320,U027411,2020-12-20,17,1,1,1,1,17.99,17.99
O004046,S0064337,U027416,2020-12-15,4,1,2,3,1,25.99,25.99
O004047,S0064357,U027423,2020-12-16,4,1,1,1,1,25.99,25.99
O004047,S0064357,U027423,2020-12-16,29,1,1,1,1,10.99,10.99
O004047,S0064357,U027423,2020-12-16,31,1,1,1,1,29.99,29.99
O004047,S0064357,U027423,2020-12-16,23,1,1,1,1,19.99,19.99
O004048,S0064360,U027424,2021-01-02,26,3,2,7,2,7.99,15.98
O004048,S0064360,U027424,2021-01-02,25,3,2,7,1,6.99,6.99
O004048,S0064360,U027424,2021-01-02,39,3,2,7,1,11.99,11.99
O004048,S0064360,U027424,2021-01-02,5,3,2,7,1,54.99,54.99
O004049,S0064368,U027426,2020-11-17,33,2,1,10,1,44.99,44.99
O004049,S0064368,U027426,2020-11-17,17,2,1,10,1,17.99,17.99
O004050,S0064369,U027426,2020-11-18,24,1,1,10,1,14.99,14.99
O004051,S0064370,U027426,2020-11-21,33,3,1,10,1,44.99,44.99
O004051,S0064370,U027426,2020-11-21,23,3,1,10,1,19.99,19.99
O004052,S0064380,U027430,2020-11-07,4,2,1,1,1,25.99,25.99
O004052,S0064380,U027430,2020-11-07,3,2,1,1,2,26.99,53.98
O004053,S0064405,U027442,2020-12-07,25,2,2,1,1,6.99,6.99
O004054,S0064408,U027444,2020-11-09,19,3,1,2,1,29.99,29.99
O004055,S0064416,U027446,2021-01-07,37,2,1,1,1,24.99,24.99
O004056,S0064420,U027447,2020-12-05,40,4,1,1,1,28.99,28.99
O004057,S0064436,U027456,2021-01-04,5,2,1,1,1,54.99,54.99
O004057,S0064436,U027456,2021-01-04,1,2,1,1,1,24.99,24.99
O004058,S0064456,U027465,2020-12-22,35,1,1,1,1,19.99,19.99
O004059,S0064511,U027490,2021-01-15,29,1,2,1,1,10.99,10.99
O004060,S0064515,U027491,2020-12-05,5,6,1,6,1,54.99,54.99
O004061,S0064519,U027494,2020-11-25,22,2,2,3,1,8.99,8.99
O004062,S0064531,U027499,2020-12-07,6,7,1,2,2,44.99,89.98
O004062,S0064531,U027499,2020-12-07,13,7,1,2,1,74.99,74.99
O004063,S0064532,U027499,2020-12-10,32,1,1,2,1,19.99,19.99
O004064,S0064558,U027511,2020-11-21,6,5,2,8,1,49.99,49.99
O004064,S0064558,U027511,2020-11-21,5,5,2,8,1,54.99,54.99
O004065,S0064561,U027511,2020-12-02,5,2,2,8,1,46.74,46.74
O004066,S0064575,U027517,2020-12-20,26,1,1,1,1,7.19,7.19
O004066,S0064575,U027517,2020-12-20,42,1,1,1,1,12.99,12.99
O004067,S0064592,U027525,2020-12-30,40,3,2,1,1,28.99,28.99
O004068,S0064604,U027531,2020-12-09,17,1,1,1,1,17.99,17.99
O004068,S0064604,U027531,2020-12-09,9,1,1,1,1,23.99,23.99
O004069,S0064615,U027536,2020-12-01,5,3,1,3,1,46.74,46.74
O004070,S0064624,U027542,2021-01-16,28,2,2,1,1,9.99,9.99
O004071,S0064627,U027542,2021-01-19,20,3,2,1,1,12.99,12.99
O004072,S0064643,U027548,2020-12-02,24,3,2,1,1,13.49,13.49
O004073,S0064652,U027552,2021-01-29,29,4,2,1,1,10.99,10.99
O004073,S0064652,U027552,2021-01-29,38,4,2,1,1,16.99,16.99
O004074,S0064667,U027559,2020-11-23,35,2,2,1,2,19.99,39.98
O004074,S0064667,U027559,2020-11-23,27,2,2,1,1,8.99,8.99
O004075,S0064677,U027565,2021-01-08,7,3,1,1,1,79.99,79.99
O004076,S0064686,U027568,2020-12-03,35,1,1,1,1,16.99,16.99
O004076,S0064686,U027568,2020-12-03,37,1,1,1,1,21.24,21.24
O004077,S0064687,U027569,2020-11-30,1,2,1,2,1,22.49,22.49
O004077,S0064687,U027569,2020-11-30,41,2,1,2,1,13.59,13.59
O004078,S0064693,U027570,2020-12-05,5,1,2,1,1,54.99,54.99
O004078,S0064693,U027570,2020-12-05,35,1,2,1,1,19.99,19.99
O004079,S0064694,U027571,2020-11-14,7,3,1,10,2,79.99,159.98
O004080,S0064696,U027572,2021-01-14,35,2,1,1,1,19.99,19.99
O004080,S0064696,U027572,2021-01-14,5,2,1,1,1,54.99,54.99
O004081,S0064741,U027589,2020-12-05,5,1,2,1,1,54.99,54.99
O004081,S0064741,U027589,2020-12-05,42,1,2,1,1,12.99,12.99
O004082,S0064742,U027589,2020-12-14,25,2,2,1,1,6.99,6.99
O004083,S0064744,U027591,2020-12-08,38,1,1,2,1,16.99,16.99
O004083,S0064744,U027591,2020-12-08,12,1,1,2,1,59.99,59.99
O004084,S0064759,U027598,2020-11-21,26,2,1,2,1,7.99,7.99
O004084,S0064759,U027598,2020-11-21,14,2,1,2,1,16.99,16.99
O004085,S0064768,U027602,2020-12-16,37,7,1,5,1,22.49,22.49
O004086,S0064785,U027610,2020-11-29,17,1,2,4,2,15.29,30.58
O004086,S0064785,U027610,2020-11-29,41,1,2,4,1,14.39,14.39
O004087,S0064787,U027611,2020-11-06,10,1,2,1,1,14.99,14.99
O004087,S0064787,U027611,2020-11-06,17,1,2,1,1,17.99,17.99
O004087,S0064787,U027611,2020-11-06,32,1,2,1,1,19.99,19.99
O004088,S0064799,U027615,2020-12-17,8,3,2,1,1,22.99,22.99
O004088,S0064799,U027615,2020-12-17,15,3,2,1,1,24.99,24.99
O004089,S0064814,U027623,2021-01-08,30,3,2,2,2,24.99,49.98
O004090,S0064822,U027626,2020-12-16,37,4,1,1,1,24.99,24.99
O004091,S0064825,U027628,2020-12-08,30,2,2,3,1,24.99,24.99
O004092,S0064828,U027629,2020-12-09,4,6,1,1,1,25.99,25.99
O004092,S0064828,U027629,2020-12-09,5,6,1,1,1,54.99,54.99
O004093,S0064834,U027633,2020-11-17,19,1,2,1,2,29.99,59.98
O004093,S0064834,U027633,2020-11-17,34,1,2,1,1,21.99,21.99
O004094,S0064839,U027634,2021-01-05,10,4,2,2,1,14.99,14.99
O004094,S0064839,U027634,2021-01-05,27,4,2,2,1,8.99,8.99
O004095,S0064844,U027636,2020-12-08,27,3,2,5,1,8.99,8.99
O004096,S0064849,U027638,2020-12-01,9,3,2,3,1,20.39,20.39
O004096,S0064849,U027638,2020-12-01,40,3,2,3,1,24.64,24.64
O004097,S0064851,U027638,2020-12-09,37,1,2,3,1,24.99,24.99
O004097,S0064851,U027638,2020-12-09,19,1,2,3,1,29.99,29.99
O004098,S0064854,U027639,2021-01-10,37,3,1,10,1,24.99,24.99
O004098,S0064854,U027639,2021-01-10,12,3,1,10,1,59.99,59.99
O004099,S0064855,U027640,2020-11-25,19,2,2,8,1,25.49,25.49
O004099,S0064855,U027640,2020-11-25,5,2,2,8,2,46.74,93.48
O004100,S0064875,U027650,2020-12-07,42,3,2,1,2,12.99,25.98
O004100,S0064875,U027650,2020-12-07,8,3,2,1,2,22.99,45.98
O004101,S0064891,U027658,2020-12-11,41,3,2,1,1,15.99,15.99
O004102,S0064901,U027663,2020-11-13,15,4,2,1,1,24.99,24.99
O004102,S0064901,U027663,2020-11-13,29,4,2,1,1,10.99,10.99
O004103,S0064906,U027665,2020-11-22,40,1,1,5,1,28.99,28.99
O004103,S0064906,U027665,2020-11-22,8,1,1,5,2,22.99,45.98
O004103,S0064906,U027665,2020-11-22,26,1,1,5,1,7.99,7.99
O004104,S0064962,U027693,2021-01-31,7,1,1,1,1,79.99,79.99
O004105,S0064967,U027694,2020-12-06,22,2,2,1,1,9.99,9.99
O004106,S0064985,U027704,2020-11-02,26,1,1,1,1,7.99,7.99
O004106,S0064985,U027704,2020-11-02,36,1,1,1,1,20.99,20.99
O004107,S0064993,U027706,2020-12-13,7,1,1,4,1,79.99,79.99
O004107,S0064993,U027706,2020-12-13,32,1,1,4,1,19.99,19.99
O004108,S0065053,U027733,2020-12-24,32,6,2,1,1,19.99,19.99
O004108,S0065053,U027733,2020-12-24,28,6,2,1,1,8.99,8.99
O004108,S0065053,U027733,2020-12-24,12,6,2,1,1,59.99,59.99
O004109,S0065078,U027745,2020-12-02,2,7,1,7,1,25.19,25.19
O004110,S0065097,U027754,2020-11-20,26,4,1,1,1,7.99,7.99
O004111,S0065121,U027763,2020-12-19,38,3,1,4,1,16.99,16.99
O004111,S0065121,U027763,2020-12-19,21,3,1,4,1,21.99,21.99
O004112,S0065122,U027764,2020-12-20,22,1,2,3,1,8.99,8.99
O004112,S0065122,U027764,2020-12-20,11,1,2,3,1,18.99,18.99
O004113,S0065142,U027771,2021-01-22,15,1,1,1,1,24.99,24.99
O004114,S0065149,U027774,2020-12-18,23,2,1,4,1,19.99,19.99
O004114,S0065149,U027774,2020-12-18,34,2,1,4,1,21.99,21.99
O004115,S0065162,U027778,2020-11-28,12,2,2,1,1,50.99,50.99
O004115,S0065162,U027778,2020-11-28,2,2,2,1,1,23.79,23.79
O004115,S0065162,U027778,2020-11-28,22,2,2,1,1,8.49,8.49
O004116,S0065173,U027782,2020-12-24,17,3,2,2,1,17.99,17.99
O004117,S0065188,U027787,2020-12-26,9,6,2,8,1,23.99,23.99
O004118,S0065193,U027789,2020-11-24,41,3,2,1,1,14.39,14.39
O004118,S0065193,U027789,2020-11-24,11,3,2,1,1,16.14,16.14
O004119,S0065196,U027789,2020-11-30,19,1,2,1,1,25.49,25.49
O004120,S0065205,U027794,2021-01-03,7,7,2,1,1,79.99,79.99
O004120,S0065205,U027794,2021-01-03,17,7,2,1,1,17.99,17.99
O004120,S0065205,U027794,2021-01-03,10,7,2,1,1,14.99,14.99
O004121,S0065211,U027796,2020-12-15,16,4,1,1,1,32.99,32.99
O004122,S0065255,U027815,2020-12-07,25,4,1,1,1,6.99,6.99
O004123,S0065258,U027817,2020-12-28,20,2,2,3,2,12.99,25.98
O004123,S0065258,U027817,2020-12-28,22,2,2,3,1,9.99,9.99
O004124,S0065302,U027838,2020-12-25,13,3,1,1,1,74.99,74.99
O004124,S0065302,U027838,2020-12-25,23,3,1,1,1,19.99,19.99
O004125,S0065321,U027845,2020-12-31,5,1,1,1,1,54.99,54.99
O004125,S0065321,U027845,2020-12-31,12,1,1,1,1,59.99,59.99
O004126,S0065325,U027847,2020-12-18,19,3,3,2,1,26.99,26.99
O004126,S0065325,U027847,2020-12-18,34,3,3,2,1,21.99,21.99
O004127,S0065349,U027855,2021-01-25,25,1,1,4,1,6.99,6.99
O004128,S0065382,U027868,2021-01-16,5,4,1,1,1,54.99,54.99
O004129,S0065389,U027872,2020-11-23,26,2,2,4,1,7.99,7.99
O004129,S0065389,U027872,2020-11-23,11,2,2,4,1,18.99,18.99
O004130,S0065411,U027878,2020-12-07,3,1,3,3,1,26.99,26.99
O004130,S0065411,U027878,2020-12-07,10,1,3,3,1,14.99,14.99
O004131,S0065451,U027895,2021-01-01,17,2,2,3,2,17.99,35.98
O004132,S0065458,U027898,2021-01-11,39,2,2,2,1,11.99,11.99
O004133,S0065463,U027899,2021-01-16,18,1,2,1,1,18.99,18.99
O004134,S0065521,U027925,2020-12-17,16,3,2,3,1,32.99,32.99
O004134,S0065521,U027925,2020-12-17,15,3,2,3,1,24.99,24.99
O004135,S0065541,U027936,2020-11-25,17,7,1,5,1,15.29,15.29
O004135,S0065541,U027936,2020-11-25,41,7,1,5,2,13.59,27.18
O004135,S0065541,U027936,2020-11-25,8,7,1,5,1,18.39,18.39
O004136,S0065560,U027942,2020-11-04,27,3,2,1,1,8.99,8.99
O004137,S0065600,U027960,2021-01-29,4,1,3,1,1,25.99,25.99
O004138,S0065612,U027965,2020-12-27,40,3,1,1,1,28.99,28.99
O004138,S0065612,U027965,2020-12-27,15,3,1,1,1,24.99,24.99
O004139,S0065641,U027979,2021-01-13,20,3,1,7,2,12.99,25.98
O004139,S0065641,U027979,2021-01-13,16,3,1,7,1,32.99,32.99
O004140,S0065645,U027981,2020-12-11,9,3,2,7,1,23.99,23.99
O004140,S0065645,U027981,2020-12-11,22,3,2,7,1,9.99,9.99
O004141,S0065653,U027984,2020-12-19,25,3,2,1,1,6.99,6.99
O004141,S0065653,U027984,2020-12-19,15,3,2,1,2,24.99,49.98
O004142,S0065671,U027994,2020-11-19,39,3,2,1,1,11.99,11.99
O004142,S0065671,U027994,2020-11-19,6,3,2,1,2,49.99,99.98
O004143,S0065682,U027998,2020-12-26,2,1,1,1,1,27.99,27.99
O004143,S0065682,U027998,2020-12-26,25,1,1,1,1,6.29,6.29
O004144,S0065725,U028018,2020-12-07,13,1,1,1,2,74.99,149.98
O004145,S0065746,U028028,2020-12-01,23,3,1,1,1,17.99,17.99
O004145,S0065746,U028028,2020-12-01,30,3,1,1,1,22.49,22.49
O004146,S0065750,U028030,2020-11-03,11,2,1,2,1,18.99,18.99
O004147,S0065758,U028034,2020-12-27,35,2,1,1,1,19.99,19.99
O004148,S0065802,U028053,2020-11-15,5,1,1,1,1,54.99,54.99
O004148,S0065802,U028053,2020-11-15,12,1,1,1,1,59.99,59.99
O004149,S0065815,U028061,2020-12-27,5,1,1,1,1,54.99,54.99
O004149,S0065815,U028061,2020-12-27,40,1,1,1,1,28.99,28.99
O004150,S0065844,U028074,2020-11-18,31,4,1,1,1,29.99,29.99
O004151,S0065846,U028075,2020-11-22,35,2,1,1,1,19.99,19.99
O004151,S0065846,U028075,2020-11-22,19,2,1,1,2,29.99,59.98
O004152,S0065847,U028076,2020-11-26,13,1,2,9,1,67.49,67.49
O004153,S0065848,U028076,2020-11-30,16,2,2,9,1,26.39,26.39
O004154,S0065883,U028089,2021-01-21,20,1,2,1,1,12.99,12.99
O004154,S0065883,U028089,2021-01-21,25,1,2,1,1,6.99,6.99
O004155,S0065896,U028095,2021-01-05,39,2,2,2,1,11.99,11.99
O004156,S0065917,U028103,2020-11-07,39,1,1,1,1,11.99,11.99
O004156,S0065917,U028103,2020-11-07,4,1,1,1,1,25.99,25.99
O004156,S0065917,U028103,2020-11-07,10,1,1,1,1,14.99,14.99
O004157,S0065926,U028107,2020-11-30,22,1,1,1,1,8.49,8.49
O004157,S0065926,U028107,2020-11-30,10,1,1,1,2,12.74,25.48
O004158,S0065936,U028111,2020-11-10,24,1,1,1,1,14.99,14.99
O004159,S0065937,U028111,2020-11-13,3,3,1,1,1,26.99,26.99
O004159,S0065937,U028111,2020-11-13,23,3,1,1,1,19.99,19.99
O004160,S0065953,U028117,2020-11-10,27,2,2,1,1,8.99,8.99
O004160,S0065953,U028117,2020-11-10,11,2,2,1,1,18.99,18.99
O004161,S0065958,U028121,2021-01-04,12,6,2,1,1,59.99,59.99
O004161,S0065958,U028121,2021-01-04,5,6,2,1,1,54.99,54.99
O004161,S0065958,U028121,2021-01-04,31,6,2,1,2,29.99,59.98
O004162,S0065975,U028127,2021-01-29,1,1,1,5,1,24.99,24.99
O004163,S0065978,U028128,2020-12-28,37,6,1,7,1,24.99,24.99
O004164,S0065981,U028131,2020-11-28,13,1,2,1,2,63.74,127.48
O004164,S0065981,U028131,2020-11-28,17,1,2,1,2,16.19,32.38
O004165,S0065982,U028132,2020-11-15,36,2,1,1,1,20.99,20.99
O004165,S0065982,U028132,2020-11-15,18,2,1,1,1,18.99,18.99
O004165,S0065982,U028132,2020-11-15,1,2,1,1,1,24.99,24.99
O004166,S0066014,U028144,2020-12-26,24,1,1,1,1,14.99,14.99
O004167,S0066047,U028158,2020-12-04,18,1,2,9,1,18.99,18.99
O004168,S0066048,U028159,2020-12-02,10,2,1,1,2,13.49,26.98
O004169,S0066052,U028160,2020-12-20,24,5,1,4,2,13.49,26.98
O004170,S0066060,U028163,2020-12-15,34,3,2,10,1,19.79,19.79
O004170,S0066060,U028163,2020-12-15,30,3,2,10,1,22.49,22.49
O004171,S0066082,U028170,2021-01-12,25,4,2,1,1,6.99,6.99
O004172,S0066095,U028175,2020-12-20,21,3,2,5,1,21.99,21.99
O004173,S0066102,U028178,2021-01-30,12,3,2,1,1,59.99,59.99
O004173,S0066102,U028178,2021-01-30,26,3,2,1,2,7.99,15.98
O004174,S0066118,U028185,2021-01-18,11,4,1,1,1,18.99,18.99
O004175,S0066125,U028187,2020-12-25,31,1,2,10,1,29.99,29.99
O004175,S0066125,U028187,2020-12-25,1,1,2,10,1,24.99,24.99
O004175,S0066125,U028187,2020-12-25,15,1,2,10,1,24.99,24.99
O004176,S0066152,U028200,2020-11-18,42,2,1,10,1,12.99,12.99
O004176,S0066152,U028200,2020-11-18,2,2,1,10,1,27.99,27.99
O004177,S0066161,U028205,2021-01-19,15,1,1,1,1,24.99,24.99
O004177,S0066161,U028205,2021-01-19,24,1,1,1,1,14.99,14.99
O004177,S0066161,U028205,2021-01-19,41,1,1,1,1,15.99,15.99
O004178,S0066186,U028210,2020-12-27,6,2,2,1,1,49.99,49.99
O004178,S0066186,U028210,2020-12-27,34,2,2,1,2,21.99,43.98
O004179,S0066194,U028213,2020-11-24,22,3,2,1,1,8.49,8.49
O004180,S0066198,U028215,2020-12-15,18,6,3,1,1,18.99,18.99
O004180,S0066198,U028215,2020-12-15,10,6,3,1,1,14.99,14.99
O004181,S0066200,U028216,2020-11-18,1,1,1,1,1,24.99,24.99
O004181,S0066200,U028216,2020-11-18,34,1,1,1,1,21.99,21.99
O004182,S0066220,U028222,2021-01-22,17,7,2,1,1,17.99,17.99
O004182,S0066220,U028222,2021-01-22,40,7,2,1,1,28.99,28.99
O004183,S0066244,U028233,2020-12-06,12,3,1,2,1,59.99,59.99
O004184,S0066246,U028235,2020-12-04,5,3,1,1,1,54.99,54.99
O004184,S0066246,U028235,2020-12-04,12,3,1,1,1,59.99,59.99
O004184,S0066246,U028235,2020-12-04,19,3,1,1,1,29.99,29.99
O004185,S0066254,U028237,2020-12-01,40,6,1,4,1,26.09,26.09
O004186,S0066279,U028249,2021-01-10,8,3,1,1,1,22.99,22.99
O004187,S0066291,U028254,2020-11-24,26,4,1,1,1,6.79,6.79
O004188,S0066302,U028259,2020-12-05,17,1,1,1,1,17.99,17.99
O004188,S0066302,U028259,2020-12-05,25,1,1,1,2,6.99,13.98
O004188,S0066302,U028259,2020-12-05,40,1,1,1,1,28.99,28.99
O004189,S0066303,U028259,2020-12-10,30,2,1,1,2,24.99,49.98
O004189,S0066303,U028259,2020-12-10,15,2,1,1,1,24.99,24.99
O004190,S0066309,U028261,2020-12-09,12,3,2,2,1,59.99,59.99
O004191,S0066310,U028261,2020-12-15,27,2,2,2,1,8.99,8.99
O004191,S0066310,U028261,2020-12-15,24,2,2,2,2,14.99,29.98
O004191,S0066310,U028261,2020-12-15,25,2,2,2,1,6.99,6.99
O004192,S0066328,U028271,2021-01-15,30,2,1,1,1,24.99,24.99
O004193,S0066337,U028276,2020-12-27,37,3,1,1,1,24.99,24.99
O004193,S0066337,U028276,2020-12-27,28,3,1,1,1,9.99,9.99
O004194,S0066347,U028280,2020-11-28,1,3,1,4,1,21.24,21.24
O004195,S0066362,U028284,2020-12-05,20,2,1,3,1,12.99,12.99
O004196,S0066365,U028285,2020-11-26,15,1,1,1,1,19.99,19.99
O004196,S0066365,U028285,2020-11-26,34,1,1,1,1,17.59,17.59
O004196,S0066365,U028285,2020-11-26,36,1,1,1,1,18.89,18.89
O004197,S0066374,U028289,2021-01-29,17,3,2,7,1,17.99,17.99
O004197,S0066374,U028289,2021-01-29,15,3,2,7,1,24.99,24.99
O004198,S0066382,U028294,2021-01-25,10,3,2,1,1,14.99,14.99
O004199,S0066386,U028296,2020-11-01,22,3,3,10,1,9.99,9.99
O004200,S0066393,U028298,2020-11-26,20,5,1,1,1,10.39,10.39
O004201,S0066402,U028301,2020-11-15,13,3,1,1,1,74.99,74.99
O004202,S0066406,U028302,2020-12-17,17,6,2,4,1,17.99,17.99
O004202,S0066406,U028302,2020-12-17,25,6,2,4,1,6.99,6.99
O004203,S0066435,U028313,2021-01-03,37,1,1,1,1,24.99,24.99
O004204,S0066462,U028325,2020-12-08,19,4,1,1,1,26.99,26.99
O004204,S0066462,U028325,2020-12-08,42,4,1,1,1,12.99,12.99
O004205,S0066464,U028326,2020-12-12,21,2,1,1,1,21.99,21.99
O004205,S0066464,U028326,2020-12-12,30,2,1,1,1,24.99,24.99
O004205,S0066464,U028326,2020-12-12,2,2,1,1,1,27.99,27.99
O004206,S0066479,U028330,2020-11-23,7,3,1,1,1,79.99,79.99
O004207,S0066516,U028349,2021-01-17,21,3,1,9,1,21.99,21.99
O004207,S0066516,U028349,2021-01-17,15,3,1,9,1,24.99,24.99
O004207,S0066516,U028349,2021-01-17,1,3,1,9,1,24.99,24.99
O004208,S0066539,U028358,2020-12-08,35,2,2,1,1,19.99,19.99
O004208,S0066539,U028358,2020-12-08,12,2,2,1,1,59.99,59.99
O004209,S0066550,U028362,2020-12-15,14,1,1,1,1,16.99,16.99
O004209,S0066550,U028362,2020-12-15,20,1,1,1,1,12.99,12.99
O004210,S0066560,U028366,2020-11-04,41,6,1,1,1,15.99,15.99
O004211,S0066570,U028368,2020-12-10,8,2,2,2,1,22.99,22.99
O004211,S0066570,U028368,2020-12-10,15,2,2,2,2,24.99,49.98
O004212,S0066589,U028375,2020-12-26,9,5,1,1,1,23.99,23.99
O004212,S0066589,U028375,2020-12-26,39,5,1,1,1,11.99,11.99
O004212,S0066589,U028375,2020-12-26,20,5,1,1,1,12.99,12.99
O004212,S0066589,U028375,2020-12-26,37,5,1,1,1,24.99,24.99
O004213,S0066606,U028385,2020-12-04,8,4,1,1,1,22.99,22.99
O004214,S0066619,U028390,2020-12-09,37,3,1,3,2,24.99,49.98
O004215,S0066630,U028396,2020-12-24,20,6,1,1,2,12.99,25.98
O004215,S0066630,U028396,2020-12-24,38,6,1,1,1,16.99,16.99
O004216,S0066634,U028397,2020-12-07,5,6,1,5,1,54.99,54.99
O004216,S0066634,U028397,2020-12-07,3,6,1,5,1,26.99,26.99
O004217,S0066664,U028410,2020-12-31,5,1,1,1,1,54.99,54.99
O004218,S0066675,U028413,2020-12-12,17,3,2,4,1,17.99,17.99
O004219,S0066681,U028415,2020-12-18,12,6,1,1,1,59.99,59.99
O004220,S0066692,U028420,2020-12-13,9,1,2,4,1,23.99,23.99
O004220,S0066692,U028420,2020-12-13,19,1,2,4,1,26.99,26.99
O004220,S0066692,U028420,2020-12-13,25,1,2,4,1,6.99,6.99
O004221,S0066711,U028428,2020-12-22,22,6,2,6,2,9.99,19.98
O004222,S0066712,U028428,2020-12-24,7,2,2,6,1,79.99,79.99
O004223,S0066714,U028429,2020-12-10,25,1,1,1,2,6.99,13.98
O004224,S0066722,U028432,2021-01-05,24,1,2,1,1,14.99,14.99
O004224,S0066722,U028432,2021-01-05,10,1,2,1,1,14.99,14.99
O004225,S0066724,U028432,2021-01-07,13,3,2,1,1,74.99,74.99
O004226,S0066742,U028441,2020-11-26,42,1,1,1,1,10.39,10.39
O004227,S0066749,U028444,2020-12-03,16,3,1,4,1,28.04,28.04
O004228,S0066756,U028447,2021-01-17,36,1,2,4,1,20.99,20.99
O004229,S0066770,U028451,2020-11-09,10,2,2,9,2,14.99,29.98
O004230,S0066807,U028465,2020-11-21,12,2,2,4,1,59.99,59.99
O004231,S0066813,U028468,2021-01-16,34,3,2,10,1,21.99,21.99
O004232,S0066819,U028470,2020-11-30,22,1,2,1,2,8.99,17.98
O004233,S0066823,U028471,2020-11-23,26,1,2,6,2,7.99,15.98
O004233,S0066823,U028471,2020-11-23,14,1,2,6,1,16.99,16.99
O004234,S0066824,U028471,2020-11-26,35,2,2,6,1,16.99,16.99
O004234,S0066824,U028471,2020-11-26,12,2,2,6,1,50.99,50.99
O004235,S0066827,U028472,2021-01-19,16,2,1,1,1,32.99,32.99
O004235,S0066827,U028472,2021-01-19,20,2,1,1,1,12.99,12.99
O004236,S0066871,U028489,2020-12-27,41,1,2,1,1,15.99,15.99
O004236,S0066871,U028489,2020-12-27,37,1,2,1,1,24.99,24.99
O004237,S0066890,U028496,2020-11-25,32,7,1,1,2,16.99,33.98
O004238,S0066903,U028500,2020-12-08,5,7,2,7,1,54.99,54.99
O004239,S0066930,U028511,2020-11-26,15,1,2,4,1,22.49,22.49
O004240,S0066952,U028524,2021-01-20,1,4,2,6,1,24.99,24.99
O004240,S0066952,U028524,2021-01-20,6,4,2,6,1,49.99,49.99
O004241,S0066956,U028526,2020-12-19,10,1,1,9,1,14.99,14.99
O004242,S0066970,U028530,2020-12-05,4,3,2,2,1,25.99,25.99
O004243,S0066973,U028531,2020-12-02,9,2,1,1,2,20.39,40.78
O004243,S0066973,U028531,2020-12-02,12,2,1,1,1,47.99,47.99
O004243,S0066973,U028531,2020-12-02,5,2,1,1,1,43.99,43.99
O004244,S0066976,U028531,2020-12-11,25,6,1,1,2,6.99,13.98
O004244,S0066976,U028531,2020-12-11,19,6,1,1,2,29.99,59.98
O004245,S0066980,U028533,2020-12-06,25,1,1,1,1,6.29,6.29
O004245,S0066980,U028533,2020-12-06,35,1,1,1,1,19.99,19.99
O004246,S0066984,U028536,2020-12-08,2,1,2,1,1,27.99,27.99
O004246,S0066984,U028536,2020-12-08,39,1,2,1,1,11.99,11.99
O004247,S0066990,U028538,2020-12-30,15,6,2,1,1,24.99,24.99
O004248,S0067025,U028550,2020-12-14,15,3,2,1,1,24.99,24.99
O004249,S0067044,U028557,2021-01-02,13,2,1,1,1,74.99,74.99
O004250,S0067050,U028561,2020-12-14,16,4,2,1,1,32.99,32.99
O004251,S0067073,U028570,2021-01-14,27,3,1,3,1,8.99,8.99
O004251,S0067073,U028570,2021-01-14,2,3,1,3,1,27.99,27.99
O004252,S0067082,U028573,2020-12-10,1,1,1,1,1,24.99,24.99
O004253,S0067112,U028587,2020-12-11,42,3,2,1,1,12.99,12.99
O004253,S0067112,U028587,2020-12-11,32,3,2,1,2,17.99,35.98
O004253,S0067112,U028587,2020-12-11,25,3,2,1,2,6.99,13.98
O004254,S0067166,U028610,2020-11-20,38,1,1,10,1,16.99,16.99
O004254,S0067166,U028610,2020-11-20,41,1,1,10,1,15.99,15.99
O004255,S0067180,U028617,2020-12-16,42,3,3,9,1,11.69,11.69
O004256,S0067186,U028619,2020-11-30,14,3,1,1,1,13.59,13.59
O004256,S0067186,U028619,2020-11-30,3,3,1,1,1,24.29,24.29
O004257,S0067294,U028663,2020-11-25,37,2,2,1,1,21.24,21.24
O004257,S0067294,U028663,2020-11-25,39,2,2,1,1,10.19,10.19
O004258,S0067321,U028671,2020-12-17,17,2,2,2,1,17.99,17.99
O004259,S0067326,U028673,2020-12-08,20,4,3,1,1,12.99,12.99
O004259,S0067326,U028673,2020-12-08,42,4,3,1,1,12.99,12.99
O004260,S0067340,U028679,2020-11-09,2,2,1,1,1,27.99,27.99
O004261,S0067371,U028691,2020-11-29,12,3,1,1,1,50.99,50.99
O004261,S0067371,U028691,2020-11-29,14,3,1,1,1,15.29,15.29
O004262,S0067385,U028697,2020-12-15,33,7,1,8,2,44.99,89.98
O004262,S0067385,U028697,2020-12-15,5,7,1,8,2,54.99,109.98
O004262,S0067385,U028697,2020-12-15,42,7,1,8,1,12.99,12.99
O004263,S0067398,U028703,2020-11-12,27,4,1,3,1,8.99,8.99
O004263,S0067398,U028703,2020-11-12,10,4,1,3,1,14.99,14.99
O004264,S0067408,U028706,2020-12-26,10,2,2,1,2,14.99,29.98
O004265,S0067413,U028708,2020-11-18,42,1,2,1,1,12.99,12.99
O004265,S0067413,U028708,2020-11-18,24,1,2,1,1,14.99,14.99
O004266,S0067417,U028711,2020-11-28,17,4,1,4,2,14.39,28.78
O004266,S0067417,U028711,2020-11-28,10,4,1,4,1,11.99,11.99
O004267,S0067425,U028713,2020-11-30,17,1,2,2,1,16.19,16.19
O004267,S0067425,U028713,2020-11-30,42,1,2,2,1,11.69,11.69
O004268,S0067450,U028722,2020-12-23,20,3,2,1,1,11.69,11.69
O004268,S0067450,U028722,2020-12-23,27,3,2,1,1,8.99,8.99
O004268,S0067450,U028722,2020-12-23,31,3,2,1,1,29.99,29.99
O004268,S0067450,U028722,2020-12-23,14,3,2,1,2,16.99,33.98
O004269,S0067473,U028732,2020-11-07,6,4,3,1,1,49.99,49.99
O004270,S0067485,U028737,2020-12-18,6,6,1,3,1,49.99,49.99
O004270,S0067485,U028737,2020-12-18,12,6,1,3,1,59.99,59.99
O004271,S0067499,U028744,2020-12-15,12,2,1,4,1,59.99,59.99
O004271,S0067499,U028744,2020-12-15,35,2,1,4,1,19.99,19.99
O004271,S0067499,U028744,2020-12-15,19,2,1,4,1,29.99,29.99
O004272,S0067540,U028758,2020-12-13,17,1,2,1,1,17.99,17.99
O004273,S0067558,U028765,2021-01-05,4,4,2,1,1,25.99,25.99
O004273,S0067558,U028765,2021-01-05,7,4,2,1,2,79.99,159.98
O004273,S0067558,U028765,2021-01-05,18,4,2,1,1,18.99,18.99
O004274,S0067588,U028776,2021-01-01,38,2,1,8,2,16.99,33.98
O004274,S0067588,U028776,2021-01-01,1,2,1,8,1,24.99,24.99
O004275,S0067595,U028781,2020-12-17,12,6,1,1,1,53.99,53.99
O004275,S0067595,U028781,2020-12-17,18,6,1,1,1,18.99,18.99
O004276,S0067647,U028803,2020-11-20,18,2,1,1,2,18.99,37.98
O004277,S0067658,U028808,2020-11-23,22,1,3,1,1,9.99,9.99
O004277,S0067658,U028808,2020-11-23,26,1,3,1,1,7.99,7.99
O004278,S0067662,U028809,2021-01-05,35,1,1,3,1,19.99,19.99
O004279,S0067672,U028813,2020-12-17,32,1,2,1,1,19.99,19.99
O004280,S0067702,U028821,2020-11-26,17,3,1,1,1,14.39,14.39
O004281,S0067710,U028826,2020-11-28,18,2,3,1,1,15.19,15.19
O004282,S0067711,U028826,2020-12-04,15,6,3,1,2,24.99,49.98
O004283,S0067715,U028828,2020-12-17,10,1,1,1,1,14.99,14.99
O004284,S0067730,U028835,2021-01-09,20,4,1,1,1,12.99,12.99
O004285,S0067749,U028842,2021-01-05,1,1,2,1,2,24.99,49.98
O004286,S0067758,U028845,2020-12-24,22,3,2,3,1,9.99,9.99
O004286,S0067758,U028845,2020-12-24,41,3,2,3,2,15.99,31.98
O004287,S0067797,U028866,2021-01-26,19,1,1,5,1,29.99,29.99
O004288,S0067810,U028871,2020-11-04,18,6,2,1,1,18.99,18.99
O004288,S0067810,U028871,2020-11-04,23,6,2,1,1,19.99,19.99
O004289,S0067812,U028871,2020-11-15,21,2,2,1,1,21.99,21.99
O004289,S0067812,U028871,2020-11-15,9,2,2,1,1,23.99,23.99
O004290,S0067822,U028875,2020-11-22,10,5,2,10,1,14.99,14.99
O004291,S0067835,U028881,2020-12-11,9,6,3,3,2,23.99,47.98
O004291,S0067835,U028881,2020-12-11,3,6,3,3,1,26.99,26.99
O004292,S0067838,U028882,2020-12-15,9,3,1,2,1,23.99,23.99
O004293,S0067863,U028896,2020-11-16,17,2,2,1,2,17.99,35.98
O004294,S0067883,U028904,2020-12-18,39,1,2,3,1,11.99,11.99
O004294,S0067883,U028904,2020-12-18,1,1,2,3,1,24.99,24.99
O004295,S0067902,U028909,2020-11-26,14,4,2,1,1,15.29,15.29
O004295,S0067902,U028909,2020-11-26,5,4,2,1,1,43.99,43.99
O004295,S0067902,U028909,2020-11-26,33,4,2,1,1,40.49,40.49
O004296,S0067919,U028915,2020-12-04,11,1,1,1,1,18.99,18.99
O004296,S0067919,U028915,2020-12-04,22,1,1,1,2,9.99,19.98
O004297,S0067935,U028921,2020-11-13,5,3,1,1,1,54.99,54.99
O004298,S0067980,U028939,2020-11-05,41,3,2,1,1,15.99,15.99
O004299,S0068005,U028950,2020-12-06,11,1,2,1,2,18.99,37.98
O004299,S0068005,U028950,2020-12-06,6,1,2,1,1,49.99,49.99
O004300,S0068008,U028952,2020-12-04,29,3,1,1,1,10.99,10.99
O004301,S0068034,U028965,2021-01-01,24,2,1,3,1,14.99,14.99
O004301,S0068034,U028965,2021-01-01,6,2,1,3,1,49.99,49.99
O004302,S0068036,U028966,2020-11-01,9,2,2,1,1,23.99,23.99
O004302,S0068036,U028966,2020-11-01,1,2,2,1,2,24.99,49.98
O004303,S0068059,U028976,2020-11-09,29,2,2,6,1,10.99,10.99
O004303,S0068059,U028976,2020-11-09,40,2,2,6,1,28.99,28.99
O004303,S0068059,U028976,2020-11-09,15,2,2,6,1,24.99,24.99
O004304,S0068081,U028982,2020-12-23,21,1,1,3,1,21.99,21.99
O004305,S0068082,U028983,2021-01-02,26,2,1,1,1,7.99,7.99
O004305,S0068082,U028983,2021-01-02,35,2,1,1,2,19.99,39.98
O004305,S0068082,U028983,2021-01-02,9,2,1,1,1,23.99,23.99
O004306,S0068103,U028992,2020-12-22,5,6,1,1,2,54.99,109.98
O004306,S0068103,U028992,2020-12-22,9,6,1,1,1,23.99,23.99
O004307,S0068137,U029007,2020-11-05,11,1,2,2,1,18.99,18.99
O004308,S0068147,U029010,2020-11-07,4,1,1,3,1,25.99,25.99
O004309,S0068192,U029030,2021-01-06,3,1,2,1,1,26.99,26.99
O004309,S0068192,U029030,2021-01-06,28,1,2,1,1,9.99,9.99
O004310,S0068207,U029034,2020-11-25,26,1,1,1,1,6.39,6.39
O004311,S0068226,U029044,2020-12-10,36,6,2,7,1,20.99,20.99
O004311,S0068226,U029044,2020-12-10,32,6,2,7,2,19.99,39.98
O004312,S0068229,U029046,2020-12-02,41,3,1,1,2,14.39,28.78
O004312,S0068229,U029046,2020-12-02,22,3,1,1,2,8.49,16.98
O004313,S0068242,U029052,2021-01-31,42,4,2,1,2,12.99,25.98
O004313,S0068242,U029052,2021-01-31,24,4,2,1,1,14.99,14.99
O004314,S0068267,U029062,2020-12-22,20,2,2,8,1,12.99,12.99
O004315,S0068273,U029064,2020-12-29,17,2,1,1,1,17.99,17.99
O004315,S0068273,U029064,2020-12-29,3,2,1,1,1,26.99,26.99
O004316,S0068294,U029071,2020-12-27,8,7,1,10,2,22.99,45.98
O004316,S0068294,U029071,2020-12-27,21,7,1,10,1,21.99,21.99
O004317,S0068303,U029074,2021-01-31,17,1,2,8,1,17.99,17.99
O004318,S0068322,U029083,2020-11-05,40,6,2,1,1,28.99,28.99
O004318,S0068322,U029083,2020-11-05,34,6,2,1,1,21.99,21.99
O004319,S0068326,U029084,2021-01-29,20,1,2,6,1,12.99,12.99
O004320,S0068373,U029103,2020-12-15,2,3,2,2,2,27.99,55.98
O004320,S0068373,U029103,2020-12-15,3,3,2,2,1,26.99,26.99
O004320,S0068373,U029103,2020-12-15,10,3,2,2,1,14.99,14.99
O004321,S0068374,U029104,2020-12-21,15,4,2,1,1,24.99,24.99
O004321,S0068374,U029104,2020-12-21,12,4,2,1,1,59.99,59.99
O004321,S0068374,U029104,2020-12-21,4,4,2,1,1,25.99,25.99
O004322,S0068376,U029105,2021-01-06,22,2,1,1,1,9.99,9.99
O004322,S0068376,U029105,2021-01-06,36,2,1,1,1,20.99,20.99
O004322,S0068376,U029105,2021-01-06,6,2,1,1,1,49.99,49.99
O004323,S0068400,U029116,2020-12-24,14,4,1,1,1,16.99,16.99
O004323,S0068400,U029116,2020-12-24,20,4,1,1,1,12.99,12.99
O004323,S0068400,U029116,2020-12-24,41,4,1,1,1,15.99,15.99
O004324,S0068404,U029119,2021-01-27,2,2,2,1,1,27.99,27.99
O004325,S0068427,U029128,2020-12-07,10,3,1,8,1,13.49,13.49
O004325,S0068427,U029128,2020-12-07,9,3,1,8,1,23.99,23.99
O004326,S0068435,U029130,2021-01-27,25,1,2,2,1,6.99,6.99
O004327,S0068449,U029137,2020-11-30,26,1,1,1,1,6.39,6.39
O004328,S0068451,U029139,2020-12-19,6,7,1,3,2,49.99,99.98
O004329,S0068512,U029165,2020-11-25,5,3,1,1,2,49.49,98.98
O004329,S0068512,U029165,2020-11-25,16,3,1,1,1,28.04,28.04
O004330,S0068517,U029166,2020-12-15,26,2,2,1,1,7.99,7.99
O004330,S0068517,U029166,2020-12-15,32,2,2,1,1,19.99,19.99
O004331,S0068536,U029176,2020-11-08,1,1,2,1,1,24.99,24.99
O004331,S0068536,U029176,2020-11-08,10,1,2,1,1,14.99,14.99
O004331,S0068536,U029176,2020-11-08,28,1,2,1,1,9.99,9.99
O004331,S0068536,U029176,2020-11-08,4,1,2,1,1,25.99,25.99
O004332,S0068556,U029183,2020-12-09,5,3,1,1,2,54.99,109.98
O004333,S0068562,U029185,2020-12-11,13,2,1,4,1,74.99,74.99
O004334,S0068576,U029193,2020-12-08,37,2,3,1,1,24.99,24.99
O004334,S0068576,U029193,2020-12-08,42,2,3,1,1,11.69,11.69
O004334,S0068576,U029193,2020-12-08,35,2,3,1,1,19.99,19.99
O004335,S0068579,U029194,2020-12-19,24,2,1,7,1,14.99,14.99
O004335,S0068579,U029194,2020-12-19,16,2,1,7,1,32.99,32.99
O004336,S0068587,U029197,2021-01-19,15,3,1,2,1,24.99,24.99
O004337,S0068603,U029204,2020-12-02,19,2,1,1,1,26.99,26.99
O004337,S0068603,U029204,2020-12-02,8,2,1,1,1,19.54,19.54
O004337,S0068603,U029204,2020-12-02,10,2,1,1,1,13.49,13.49
O004338,S0068616,U029209,2020-12-02,26,1,1,1,1,6.39,6.39
O004338,S0068616,U029209,2020-12-02,7,1,1,1,1,71.99,71.99
O004339,S0068626,U029212,2020-12-19,12,7,1,1,1,59.99,59.99
O004339,S0068626,U029212,2020-12-19,22,7,1,1,1,9.99,9.99
O004340,S0068628,U029213,2020-11-27,2,1,1,1,1,25.19,25.19
O004341,S0068637,U029217,2021-01-05,16,2,2,1,1,32.99,32.99
O004341,S0068637,U029217,2021-01-05,7,2,2,1,2,79.99,159.98
O004341,S0068637,U029217,2021-01-05,3,2,2,1,1,26.99,26.99
O004341,S0068637,U029217,2021-01-05,24,2,2,1,1,14.99,14.99
O004342,S0068639,U029219,2020-11-30,37,3,2,1,2,22.49,44.98
O004342,S0068639,U029219,2020-11-30,35,3,2,1,1,15.99,15.99
O004342,S0068639,U029219,2020-11-30,25,3,2,1,1,6.29,6.29
O004343,S0068642,U029220,2021-01-08,19,1,2,2,2,29.99,59.98
O004344,S0068660,U029228,2020-12-01,24,4,1,1,1,11.99,11.99
O004345,S0068684,U029237,2020-12-20,42,3,1,3,2,11.69,23.38
O004345,S0068684,U029237,2020-12-20,22,3,1,3,1,9.99,9.99
O004346,S0068729,U029258,2020-12-02,33,3,2,1,1,38.24,38.24
O004346,S0068729,U029258,2020-12-02,36,3,2,1,1,18.89,18.89
O004347,S0068759,U029270,2020-12-05,31,2,1,5,1,29.99,29.99
O004348,S0068761,U029271,2020-12-11,3,1,1,2,1,26.99,26.99
O004348,S0068761,U029271,2020-12-11,8,1,1,2,1,22.99,22.99
O004349,S0068788,U029283,2020-12-02,5,2,2,1,1,49.49,49.49
O004349,S0068788,U029283,2020-12-02,11,2,2,1,2,16.14,32.28
O004350,S0068822,U029297,2020-11-26,32,4,2,1,1,16.99,16.99
O004351,S0068834,U029301,2020-11-27,3,1,1,6,1,21.59,21.59
O004351,S0068834,U029301,2020-11-27,15,1,1,6,1,19.99,19.99
O004351,S0068834,U029301,2020-11-27,30,1,1,6,1,21.24,21.24
O004352,S0068845,U029305,2020-11-27,37,1,2,1,1,22.49,22.49
O004352,S0068845,U029305,2020-11-27,5,1,2,1,1,43.99,43.99
O004353,S0068846,U029305,2020-11-30,31,1,2,1,1,25.49,25.49
O004353,S0068846,U029305,2020-11-30,13,1,2,1,1,59.99,59.99
O004354,S0068855,U029309,2020-12-15,2,6,1,1,2,27.99,55.98
O004354,S0068855,U029309,2020-12-15,21,6,1,1,1,21.99,21.99
O004355,S0068873,U029318,2020-12-22,32,2,2,1,1,19.99,19.99
O004356,S0068878,U029319,2020-11-25,9,1,1,1,1,19.19,19.19
O004357,S0068884,U029322,2020-12-22,11,3,1,1,1,18.99,18.99
O004358,S0068890,U029325,2020-11-30,19,3,2,4,1,23.99,23.99
O004359,S0068895,U029327,2020-12-15,25,1,1,1,1,6.99,6.99
O004359,S0068895,U029327,2020-12-15,40,1,1,1,1,28.99,28.99
O004359,S0068895,U029327,2020-12-15,21,1,1,1,1,21.99,21.99
O004360,S0068905,U029330,2020-12-03,36,2,2,5,1,16.79,16.79
O004360,S0068905,U029330,2020-12-03,15,2,2,5,1,21.24,21.24
O004361,S0068992,U029368,2020-12-20,31,3,1,1,1,29.99,29.99
O004362,S0068994,U029369,2020-12-08,17,1,1,3,1,17.99,17.99
O004363,S0068995,U029369,2020-12-09,19,1,2,3,1,29.99,29.99
O004364,S0068998,U029369,2020-12-12,38,2,1,3,1,16.99,16.99
O004365,S0069029,U029384,2020-12-10,15,2,1,9,1,24.99,24.99
O004365,S0069029,U029384,2020-12-10,37,2,1,9,1,24.99,24.99
O004365,S0069029,U029384,2020-12-10,6,2,1,9,2,49.99,99.98
O004366,S0069092,U029412,2020-12-13,36,4,2,1,1,20.99,20.99
O004366,S0069092,U029412,2020-12-13,4,4,2,1,1,25.99,25.99
O004367,S0069104,U029418,2020-12-26,24,1,1,1,1,14.99,14.99
O004368,S0069109,U029420,2021-01-02,40,3,3,10,1,28.99,28.99
O004369,S0069110,U029421,2021-01-01,35,6,2,1,1,19.99,19.99
O004370,S0069121,U029425,2020-11-19,41,2,2,1,1,15.99,15.99
O004371,S0069148,U029437,2020-12-05,10,2,1,1,1,14.99,14.99
O004371,S0069148,U029437,2020-12-05,32,2,1,1,1,19.99,19.99
O004372,S0069155,U029441,2020-12-26,32,4,1,1,1,19.99,19.99
O004372,S0069155,U029441,2020-12-26,2,4,1,1,2,25.19,50.38
O004373,S0069159,U029443,2020-12-14,15,3,1,8,1,24.99,24.99
O004374,S0069181,U029453,2020-11-26,2,2,2,5,1,22.39,22.39
O004375,S0069232,U029477,2020-12-06,16,2,1,1,1,32.99,32.99
O004376,S0069245,U029484,2020-12-09,29,2,2,1,1,10.99,10.99
O004376,S0069245,U029484,2020-12-09,8,2,2,1,1,22.99,22.99
O004377,S0069249,U029487,2020-12-07,36,2,3,1,1,20.99,20.99
O004377,S0069249,U029487,2020-12-07,17,2,3,1,1,17.99,17.99
O004378,S0069257,U029491,2020-11-28,25,3,1,1,1,5.94,5.94
O004379,S0069287,U029507,2020-11-23,25,1,2,3,1,6.99,6.99
O004380,S0069296,U029509,2020-12-02,2,1,1,1,1,22.39,22.39
O004380,S0069296,U029509,2020-12-02,20,1,1,1,1,10.39,10.39
O004381,S0069308,U029515,2020-12-15,20,1,2,5,1,12.99,12.99
O004381,S0069308,U029515,2020-12-15,38,1,2,5,1,15.29,15.29
O004382,S0069321,U029522,2020-11-18,28,3,1,4,2,9.99,19.98
O004383,S0069323,U029523,2020-11-20,16,1,2,1,2,32.99,65.98
O004383,S0069323,U029523,2020-11-20,15,1,2,1,1,24.99,24.99
O004384,S0069333,U029527,2020-12-01,7,2,1,5,1,67.99,67.99
O004385,S0069360,U029542,2020-12-26,9,5,2,6,1,23.99,23.99
O004386,S0069361,U029542,2020-12-27,19,1,2,6,1,29.99,29.99
O004386,S0069361,U029542,2020-12-27,20,1,2,6,1,12.99,12.99
O004386,S0069361,U029542,2020-12-27,4,1,2,6,1,25.99,25.99
O004387,S0069373,U029546,2020-11-19,1,7,3,1,1,24.99,24.99
O004388,S0069376,U029548,2020-12-04,27,1,2,1,1,8.99,8.99
O004389,S0069405,U029562,2020-11-30,10,1,2,1,1,12.74,12.74
O004389,S0069405,U029562,2020-11-30,27,1,2,1,2,7.64,15.28
O004390,S0069416,U029566,2021-01-19,37,2,2,1,1,24.99,24.99
O004390,S0069416,U029566,2021-01-19,20,2,2,1,1,12.99,12.99
O004391,S0069434,U029574,2020-12-18,41,1,1,1,1,15.99,15.99
O004391,S0069434,U029574,2020-12-18,12,1,1,1,1,59.99,59.99
O004392,S0069445,U029578,2020-11-29,17,1,1,1,1,15.29,15.29
O004393,S0069450,U029581,2020-12-24,3,4,2,5,2,24.29,48.58
O004393,S0069450,U029581,2020-12-24,28,4,2,5,1,9.99,9.99
O004393,S0069450,U029581,2020-12-24,2,4,2,5,1,27.99,27.99
O004393,S0069450,U029581,2020-12-24,30,4,2,5,1,22.49,22.49
O004394,S0069455,U029583,2020-12-02,20,3,1,1,1,11.69,11.69
O004394,S0069455,U029583,2020-12-02,14,3,1,1,2,13.59,27.18
O004394,S0069455,U029583,2020-12-02,41,3,1,1,1,14.39,14.39
O004395,S0069494,U029600,2020-11-27,24,1,1,1,1,11.99,11.99
O004396,S0069512,U029607,2020-12-11,22,3,1,1,1,9.99,9.99
O004396,S0069512,U029607,2020-12-11,5,3,1,1,1,54.99,54.99
O004397,S0069519,U029610,2020-12-19,18,3,2,1,1,17.09,17.09
O004397,S0069519,U029610,2020-12-19,19,3,2,1,1,29.99,29.99
O004398,S0069530,U029613,2020-12-17,7,1,1,2,1,79.99,79.99
O004399,S0069538,U029615,2020-12-20,12,3,1,1,2,59.99,119.98
O004400,S0069541,U029617,2020-11-23,16,2,1,2,1,32.99,32.99
O004400,S0069541,U029617,2020-11-23,31,2,1,2,1,29.99,29.99
O004401,S0069551,U029621,2020-12-11,39,7,2,10,1,11.99,11.99
O004401,S0069551,U029621,2020-12-11,7,7,2,10,1,79.99,79.99
O004402,S0069558,U029624,2020-12-20,34,1,2,1,1,21.99,21.99
O004403,S0069592,U029637,2021-01-03,11,5,2,4,1,18.99,18.99
O004404,S0069596,U029638,2020-12-22,39,6,2,2,2,11.99,23.98
O004405,S0069624,U029651,2020-12-21,25,3,2,6,1,6.99,6.99
O004406,S0069652,U029659,2021-01-18,35,4,2,6,1,19.99,19.99
O004407,S0069667,U029665,2020-12-16,40,1,1,9,1,28.99,28.99
O004407,S0069667,U029665,2020-12-16,20,1,1,9,1,12.99,12.99
O004408,S0069688,U029676,2020-12-22,23,3,2,1,1,19.99,19.99
O004409,S0069698,U029681,2020-11-28,8,4,2,7,1,19.54,19.54
O004409,S0069698,U029681,2020-11-28,25,4,2,7,1,5.59,5.59
O004410,S0069739,U029700,2020-12-22,39,3,2,1,1,11.99,11.99
O004410,S0069739,U029700,2020-12-22,37,3,2,1,1,24.99,24.99
O004410,S0069739,U029700,2020-12-22,34,3,2,1,2,19.79,39.58
O004411,S0069752,U029707,2021-01-15,12,1,2,1,1,59.99,59.99
O004412,S0069767,U029712,2021-01-01,27,4,2,3,1,8.99,8.99
O004413,S0069777,U029717,2020-12-18,4,1,1,3,1,25.99,25.99
O004413,S0069777,U029717,2020-12-18,37,1,1,3,1,24.99,24.99
O004414,S0069780,U029718,2021-01-08,14,1,2,1,1,16.99,16.99
O004414,S0069780,U029718,2021-01-08,27,1,2,1,1,8.99,8.99
O004414,S0069780,U029718,2021-01-08,38,1,2,1,1,16.99,16.99
O004415,S0069802,U029727,2020-11-26,34,1,1,10,1,18.69,18.69
O004416,S0069833,U029741,2020-12-09,21,3,2,1,1,21.99,21.99
O004417,S0069837,U029744,2020-11-28,4,1,1,1,1,20.79,20.79
O004418,S0069876,U029760,2020-12-28,42,2,2,3,1,12.99,12.99
O004418,S0069876,U029760,2020-12-28,20,2,2,3,1,12.99,12.99
O004419,S0069900,U029769,2020-12-19,18,2,2,2,1,18.99,18.99
O004419,S0069900,U029769,2020-12-19,7,2,2,2,1,71.99,71.99
O004419,S0069900,U029769,2020-12-19,20,2,2,2,1,12.99,12.99
O004420,S0069930,U029783,2021-01-29,36,2,2,7,1,20.99,20.99
O004421,S0069933,U029784,2020-12-17,37,1,2,1,2,24.99,49.98
O004422,S0069938,U029787,2020-12-12,7,2,1,1,1,79.99,79.99
O004423,S0069943,U029790,2020-12-13,31,4,1,1,1,29.99,29.99
O004424,S0069951,U029793,2021-01-21,40,1,1,1,1,28.99,28.99
O004425,S0069978,U029806,2021-01-01,18,1,2,1,2,18.99,37.98
O004425,S0069978,U029806,2021-01-01,29,1,2,1,1,10.99,10.99
O004426,S0069997,U029814,2020-11-17,6,1,2,10,1,49.99,49.99
O004426,S0069997,U029814,2020-11-17,23,1,2,10,1,19.99,19.99
O004427,S0069999,U029815,2020-12-09,7,1,1,1,1,79.99,79.99
O004427,S0069999,U029815,2020-12-09,3,1,1,1,1,26.99,26.99
O004428,S0070010,U029821,2020-11-29,2,6,2,9,1,25.19,25.19
O004429,S0070028,U029828,2020-12-05,1,2,2,1,1,24.99,24.99
O004430,S0070061,U029844,2021-01-09,15,3,2,1,2,24.99,49.98
O004431,S0070094,U029855,2020-12-31,15,2,1,1,1,24.99,24.99
O004432,S0070099,U029858,2020-12-15,1,1,1,2,1,24.99,24.99
O004433,S0070123,U029867,2020-12-04,35,1,1,1,2,19.99,39.98
O004433,S0070123,U029867,2020-12-04,17,1,1,1,1,17.99,17.99
O004434,S0070136,U029873,2020-11-18,17,1,2,1,1,17.99,17.99
O004435,S0070141,U029875,2020-12-19,32,6,2,1,2,19.99,39.98
O004435,S0070141,U029875,2020-12-19,6,6,2,1,1,49.99,49.99
O004435,S0070141,U029875,2020-12-19,39,6,2,1,1,11.99,11.99
O004436,S0070155,U029880,2020-12-02,8,6,3,2,1,20.69,20.69
O004437,S0070199,U029899,2021-01-24,6,3,1,10,1,49.99,49.99
O004438,S0070202,U029901,2020-11-17,21,2,1,1,1,21.99,21.99
O004438,S0070202,U029901,2020-11-17,23,2,1,1,1,19.99,19.99
O004439,S0070218,U029908,2020-11-14,20,1,1,1,1,12.99,12.99
O004439,S0070218,U029908,2020-11-14,19,1,1,1,1,29.99,29.99
O004439,S0070218,U029908,2020-11-14,6,1,1,1,1,49.99,49.99
O004439,S0070218,U029908,2020-11-14,17,1,1,1,1,17.99,17.99
O004440,S0070241,U029917,2021-01-24,34,1,2,1,1,21.99,21.99
O004441,S0070258,U029924,2021-01-29,18,1,2,1,1,18.99,18.99
O004442,S0070304,U029941,2020-12-06,30,2,1,2,1,24.99,24.99
O004442,S0070304,U029941,2020-12-06,36,2,1,2,1,20.99,20.99
O004443,S0070311,U029944,2020-12-03,6,1,2,1,1,44.99,44.99
O004444,S0070327,U029951,2020-11-25,33,6,2,1,1,38.24,38.24
O004444,S0070327,U029951,2020-11-25,18,6,2,1,1,16.14,16.14
O004444,S0070327,U029951,2020-11-25,17,6,2,1,1,15.29,15.29
O004445,S0070328,U029952,2020-12-03,18,3,2,1,2,16.14,32.28
O004445,S0070328,U029952,2020-12-03,29,3,2,1,1,9.89,9.89
O004446,S0070333,U029953,2020-12-03,19,3,1,1,1,25.49,25.49
O004446,S0070333,U029953,2020-12-03,12,3,1,1,2,53.99,107.98
O004447,S0070347,U029959,2020-12-03,14,1,1,1,1,13.59,13.59
O004448,S0070359,U029964,2020-11-24,28,7,2,2,1,8.99,8.99
O004448,S0070359,U029964,2020-11-24,34,7,2,2,1,18.69,18.69
O004449,S0070368,U029967,2021-01-10,19,7,1,2,1,29.99,29.99
O004450,S0070410,U029986,2020-12-20,36,3,2,4,1,20.99,20.99
O004451,S0070435,U029997,2020-11-28,7,3,1,10,1,67.99,67.99
O004451,S0070435,U029997,2020-11-28,30,3,1,10,2,21.24,42.48
O004452,S0070441,U030000,2021-01-23,29,3,2,1,1,10.99,10.99
O004452,S0070441,U030000,2021-01-23,24,3,2,1,1,14.99,14.99
O004453,S0070458,U030009,2021-01-05,41,4,2,3,1,15.99,15.99
O004454,S0070466,U030012,2021-01-03,27,6,2,1,2,8.99,17.98
O004454,S0070466,U030012,2021-01-03,15,6,2,1,1,24.99,24.99
O004455,S0070471,U030017,2020-11-28,36,7,2,8,1,17.84,17.84
O004456,S0070482,U030022,2020-12-10,27,2,1,10,1,8.99,8.99
O004457,S0070519,U030039,2020-11-13,25,6,2,3,1,6.99,6.99
O004458,S0070540,U030046,2021-01-07,16,1,2,2,1,32.99,32.99
O004458,S0070540,U030046,2021-01-07,23,1,2,2,1,19.99,19.99
O004459,S0070547,U030048,2021-01-31,4,1,2,1,2,25.99,51.98
O004460,S0070549,U030049,2020-11-28,7,5,2,1,1,71.99,71.99
O004461,S0070552,U030050,2020-12-30,6,3,2,5,1,49.99,49.99
O004462,S0070566,U030056,2020-12-02,1,1,1,3,1,22.49,22.49
O004462,S0070566,U030056,2020-12-02,36,1,1,3,1,16.79,16.79
O004463,S0070571,U030057,2020-12-02,32,1,1,1,1,16.99,16.99
O004464,S0070586,U030065,2021-01-14,13,5,2,6,1,74.99,74.99
O004465,S0070592,U030067,2021-01-01,26,1,1,1,1,7.99,7.99
O004465,S0070592,U030067,2021-01-01,4,1,1,1,2,25.99,51.98
O004465,S0070592,U030067,2021-01-01,27,1,1,1,1,8.99,8.99
O004466,S0070601,U030070,2021-01-05,1,5,1,1,1,24.99,24.99
O004467,S0070612,U030076,2020-12-22,19,1,2,1,1,29.99,29.99
O004468,S0070625,U030080,2020-12-28,42,1,2,1,2,12.99,25.98
O004469,S0070626,U030080,2020-12-30,8,3,2,1,1,22.99,22.99
O004470,S0070636,U030084,2020-11-17,17,2,1,1,1,17.99,17.99
O004471,S0070659,U030092,2020-11-26,10,7,2,1,1,12.74,12.74
O004471,S0070659,U030092,2020-11-26,33,7,2,1,1,38.24,38.24
O004472,S0070664,U030094,2021-01-27,24,1,1,2,1,14.99,14.99
O004473,S0070669,U030096,2020-11-24,25,1,1,1,1,6.29,6.29
O004474,S0070688,U030104,2020-11-18,2,1,1,1,2,27.99,55.98
O004475,S0070726,U030121,2020-11-19,35,2,2,1,1,19.99,19.99
O004475,S0070726,U030121,2020-11-19,5,2,2,1,1,54.99,54.99
O004476,S0070755,U030133,2020-12-27,42,2,1,1,1,12.99,12.99
O004476,S0070755,U030133,2020-12-27,8,2,1,1,1,22.99,22.99
O004477,S0070762,U030136,2020-12-05,27,1,2,1,1,8.99,8.99
O004477,S0070762,U030136,2020-12-05,21,1,2,1,1,21.99,21.99
O004477,S0070762,U030136,2020-12-05,24,1,2,1,2,14.99,29.98
O004478,S0070770,U030141,2021-01-17,37,1,1,2,1,24.99,24.99
O004478,S0070770,U030141,2021-01-17,12,1,1,2,1,59.99,59.99
O004479,S0070801,U030154,2020-12-25,31,1,2,2,1,29.99,29.99
O004480,S0070815,U030161,2020-12-30,35,1,1,4,1,19.99,19.99
O004480,S0070815,U030161,2020-12-30,31,1,1,4,1,29.99,29.99
O004481,S0070833,U030168,2020-11-30,8,1,2,2,1,18.39,18.39
O004481,S0070833,U030168,2020-11-30,16,1,2,2,2,26.39,52.78
O004481,S0070833,U030168,2020-11-30,41,1,2,2,1,13.59,13.59
O004482,S0070835,U030170,2020-11-27,2,2,2,1,1,25.19,25.19
O004483,S0070850,U030175,2021-01-04,18,1,2,8,1,18.99,18.99
O004484,S0070858,U030177,2020-12-08,21,2,2,1,1,21.99,21.99
O004484,S0070858,U030177,2020-12-08,20,2,2,1,1,12.99,12.99
O004485,S0070921,U030204,2021-01-12,16,3,2,1,1,32.99,32.99
O004486,S0070922,U030205,2020-12-23,40,6,1,10,1,28.99,28.99
O004486,S0070922,U030205,2020-12-23,10,6,1,10,1,13.49,13.49
O004487,S0070996,U030236,2020-12-01,6,1,2,6,1,42.49,42.49
O004487,S0070996,U030236,2020-12-01,17,1,2,6,1,15.29,15.29
O004488,S0071000,U030237,2021-01-16,4,3,2,2,1,25.99,25.99
O004489,S0071009,U030240,2021-01-11,35,2,3,3,1,19.99,19.99
O004490,S0071073,U030265,2021-01-03,12,2,1,9,1,59.99,59.99
O004491,S0071080,U030268,2020-12-13,20,4,1,9,1,12.99,12.99
O004491,S0071080,U030268,2020-12-13,12,4,1,9,1,59.99,59.99
O004491,S0071080,U030268,2020-12-13,25,4,1,9,1,6.99,6.99
O004492,S0071082,U030269,2020-12-11,24,4,2,1,1,13.49,13.49
O004493,S0071084,U030270,2021-01-12,5,1,1,6,2,54.99,109.98
O004494,S0071085,U030270,2021-01-13,37,3,1,6,2,24.99,49.98
O004495,S0071124,U030286,2020-11-08,19,3,1,1,1,29.99,29.99
O004495,S0071124,U030286,2020-11-08,42,3,1,1,1,12.99,12.99
O004496,S0071130,U030288,2021-01-09,25,1,2,1,1,6.99,6.99
O004497,S0071141,U030292,2020-12-09,25,2,1,10,1,6.99,6.99
O004498,S0071164,U030300,2020-11-13,15,6,2,1,1,24.99,24.99
O004499,S0071181,U030306,2021-01-15,41,1,2,1,1,15.99,15.99
O004499,S0071181,U030306,2021-01-15,3,1,2,1,1,26.99,26.99
O004500,S0071189,U030309,2021-01-24,3,3,1,1,1,26.99,26.99
O004501,S0071289,U030351,2021-01-04,16,2,1,4,1,32.99,32.99
O004501,S0071289,U030351,2021-01-04,18,2,1,4,1,18.99,18.99
O004501,S0071289,U030351,2021-01-04,20,2,1,4,1,12.99,12.99
O004502,S0071321,U030365,2020-12-11,19,2,2,1,2,29.99,59.98
O004502,S0071321,U030365,2020-12-11,26,2,2,1,1,7.99,7.99
O004502,S0071321,U030365,2020-12-11,38,2,2,1,2,16.99,33.98
O004503,S0071354,U030376,2021-01-05,19,1,2,1,1,29.99,29.99
O004504,S0071401,U030396,2020-12-13,18,3,1,5,1,18.99,18.99
O004505,S0071418,U030404,2021-01-25,15,6,2,3,1,24.99,24.99
O004505,S0071418,U030404,2021-01-25,4,6,2,3,1,25.99,25.99
O004506,S0071423,U030405,2020-12-27,32,2,1,1,1,19.99,19.99
O004506,S0071423,U030405,2020-12-27,25,2,1,1,1,6.99,6.99
O004507,S0071427,U030407,2020-11-16,17,6,1,1,2,17.99,35.98
O004507,S0071427,U030407,2020-11-16,34,6,1,1,1,21.99,21.99
O004507,S0071427,U030407,2020-11-16,25,6,1,1,1,6.99,6.99
O004508,S0071444,U030413,2020-11-29,22,3,1,3,1,7.99,7.99
O004508,S0071444,U030413,2020-11-29,12,3,1,3,2,50.99,101.98
O004509,S0071452,U030417,2020-11-08,42,1,2,10,1,12.99,12.99
O004510,S0071475,U030427,2020-12-02,6,7,3,1,1,39.99,39.99
O004511,S0071476,U030428,2020-12-22,4,6,1,1,1,25.99,25.99
O004512,S0071480,U030428,2021-01-01,9,2,2,1,1,23.99,23.99
O004513,S0071497,U030436,2020-12-01,40,6,2,3,1,23.19,23.19
O004514,S0071546,U030454,2020-12-10,16,2,1,1,1,32.99,32.99
O004515,S0071560,U030460,2020-12-11,4,3,2,1,1,25.99,25.99
O004516,S0071562,U030461,2020-12-26,19,2,1,1,1,29.99,29.99
O004516,S0071562,U030461,2020-12-26,11,2,1,1,1,18.99,18.99
O004516,S0071562,U030461,2020-12-26,12,2,1,1,1,59.99,59.99
O004517,S0071577,U030466,2021-01-29,28,1,2,1,1,9.99,9.99
O004517,S0071577,U030466,2021-01-29,27,1,2,1,1,8.99,8.99
O004518,S0071624,U030484,2020-11-19,23,1,1,6,1,19.99,19.99
O004518,S0071624,U030484,2020-11-19,34,1,1,6,1,21.99,21.99
O004519,S0071626,U030484,2020-11-21,32,4,2,6,1,19.99,19.99
O004519,S0071626,U030484,2020-11-21,36,4,2,6,1,20.99,20.99
O004520,S0071628,U030486,2020-11-25,22,6,2,1,1,8.49,8.49
O004520,S0071628,U030486,2020-11-25,4,6,2,1,1,20.79,20.79
O004520,S0071628,U030486,2020-11-25,7,6,2,1,1,63.99,63.99
O004521,S0071630,U030487,2021-01-16,12,3,2,2,1,59.99,59.99
O004521,S0071630,U030487,2021-01-16,37,3,2,2,1,24.99,24.99
O004522,S0071653,U030495,2020-12-24,33,4,2,2,1,44.99,44.99
O004522,S0071653,U030495,2020-12-24,1,4,2,2,2,24.99,49.98
O004522,S0071653,U030495,2020-12-24,9,4,2,2,1,21.59,21.59
O004523,S0071662,U030499,2020-12-13,18,6,2,6,1,18.99,18.99
O004523,S0071662,U030499,2020-12-13,2,6,2,6,2,27.99,55.98
O004524,S0071663,U030499,2020-12-16,14,2,2,6,1,15.29,15.29
O004525,S0071673,U030502,2020-12-14,36,4,1,7,1,20.99,20.99
O004525,S0071673,U030502,2020-12-14,14,4,1,7,2,16.99,33.98
O004525,S0071673,U030502,2020-12-14,24,4,1,7,1,14.99,14.99
O004526,S0071714,U030518,2021-01-08,22,3,1,1,1,9.99,9.99
O004527,S0071748,U030533,2020-11-28,19,2,2,8,1,25.49,25.49
O004528,S0071751,U030536,2020-12-05,5,1,1,8,1,54.99,54.99
O004529,S0071768,U030540,2021-01-25,12,3,2,1,1,59.99,59.99
O004529,S0071768,U030540,2021-01-25,33,3,2,1,1,44.99,44.99
O004529,S0071768,U030540,2021-01-25,39,3,2,1,1,11.99,11.99
O004529,S0071768,U030540,2021-01-25,37,3,2,1,1,24.99,24.99
O004530,S0071778,U030543,2020-12-24,36,1,1,10,1,20.99,20.99
O004531,S0071804,U030553,2020-11-18,42,1,2,3,1,12.99,12.99
O004532,S0071836,U030566,2021-01-07,5,3,1,10,1,54.99,54.99
O004532,S0071836,U030566,2021-01-07,17,3,1,10,1,17.99,17.99
O004533,S0071838,U030567,2020-11-28,14,1,2,1,1,13.59,13.59
O004534,S0071856,U030575,2020-12-29,21,3,2,1,1,21.99,21.99
O004534,S0071856,U030575,2020-12-29,17,3,2,1,1,17.99,17.99
O004535,S0071862,U030576,2020-12-22,9,2,2,6,2,23.99,47.98
O004536,S0071882,U030586,2020-12-15,26,1,2,4,1,7.19,7.19
O004537,S0071914,U030597,2020-11-23,30,1,1,2,1,24.99,24.99
O004537,S0071914,U030597,2020-11-23,18,1,1,2,1,18.99,18.99
O004538,S0071991,U030634,2020-12-04,38,1,2,1,1,16.99,16.99
O004539,S0071994,U030636,2020-12-09,15,1,1,4,1,22.49,22.49
O004540,S0072021,U030648,2020-11-24,31,1,2,1,1,23.99,23.99
O004540,S0072021,U030648,2020-11-24,27,1,2,1,1,7.64,7.64
O004541,S0072031,U030652,2020-12-19,14,3,1,2,1,16.99,16.99
O004542,S0072041,U030655,2020-12-19,1,2,1,2,1,24.99,24.99
O004542,S0072041,U030655,2020-12-19,40,2,1,2,1,28.99,28.99
O004543,S0072064,U030666,2020-11-26,2,2,2,3,1,22.39,22.39
O004544,S0072066,U030666,2020-12-01,36,1,2,3,1,17.84,17.84
O004545,S0072086,U030676,2020-12-27,33,1,2,1,1,44.99,44.99
O004545,S0072086,U030676,2020-12-27,5,1,2,1,1,54.99,54.99
O004545,S0072086,U030676,2020-12-27,16,1,2,1,1,32.99,32.99
O004545,S0072086,U030676,2020-12-27,32,1,2,1,2,19.99,39.98
O004546,S0072094,U030678,2021-01-16,18,4,1,5,1,18.99,18.99
O004546,S0072094,U030678,2021-01-16,17,4,1,5,1,17.99,17.99
O004547,S0072099,U030680,2021-01-03,13,3,1,6,1,74.99,74.99
O004548,S0072102,U030681,2020-12-25,11,3,1,5,1,17.09,17.09
O004548,S0072102,U030681,2020-12-25,18,3,1,5,1,18.99,18.99
O004549,S0072128,U030693,2020-12-21,4,2,2,1,1,23.39,23.39
O004549,S0072128,U030693,2020-12-21,13,2,2,1,1,74.99,74.99
O004550,S0072134,U030696,2020-12-06,2,2,1,6,2,27.99,55.98
O004550,S0072134,U030696,2020-12-06,38,2,1,6,1,15.29,15.29
O004551,S0072139,U030697,2020-12-01,14,1,2,3,1,14.44,14.44
O004551,S0072139,U030697,2020-12-01,15,1,2,3,1,22.49,22.49
O004552,S0072154,U030705,2020-12-04,32,1,1,1,1,19.99,19.99
O004553,S0072166,U030709,2020-11-25,4,2,1,10,1,23.39,23.39
O004553,S0072166,U030709,2020-11-25,16,2,1,10,1,26.39,26.39
O004553,S0072166,U030709,2020-11-25,14,2,1,10,2,15.29,30.58
O004553,S0072166,U030709,2020-11-25,5,2,1,10,1,43.99,43.99
O004554,S0072169,U030711,2020-12-20,19,2,1,2,1,26.99,26.99
O004555,S0072212,U030726,2021-01-08,6,1,2,1,2,49.99,99.98
O004555,S0072212,U030726,2021-01-08,17,1,2,1,1,17.99,17.99
O004556,S0072256,U030744,2021-01-15,35,1,1,1,1,19.99,19.99
O004556,S0072256,U030744,2021-01-15,12,1,1,1,1,59.99,59.99
O004556,S0072256,U030744,2021-01-15,39,1,1,1,1,11.99,11.99
O004557,S0072259,U030746,2020-12-04,5,6,2,3,1,54.99,54.99
O004557,S0072259,U030746,2020-12-04,16,6,2,3,2,32.99,65.98
O004557,S0072259,U030746,2020-12-04,17,6,2,3,1,17.99,17.99
O004558,S0072262,U030746,2020-12-12,26,3,2,3,1,7.99,7.99
O004559,S0072279,U030751,2021-01-25,42,2,2,4,1,12.99,12.99
O004559,S0072279,U030751,2021-01-25,15,2,2,4,1,24.99,24.99
O004560,S0072282,U030752,2020-12-02,32,2,1,3,1,17.99,17.99
O004560,S0072282,U030752,2020-12-02,5,2,1,3,1,43.99,43.99
O004561,S0072293,U030756,2020-12-29,7,3,3,1,2,79.99,159.98
O004561,S0072293,U030756,2020-12-29,41,3,3,1,1,15.99,15.99
O004562,S0072298,U030758,2020-11-28,11,3,2,3,1,16.14,16.14
O004562,S0072298,U030758,2020-11-28,8,3,2,3,1,19.54,19.54
O004563,S0072344,U030779,2021-01-29,16,2,2,1,1,32.99,32.99
O004563,S0072344,U030779,2021-01-29,25,2,2,1,2,6.99,13.98
O004564,S0072355,U030784,2020-12-31,29,1,2,10,1,10.99,10.99
O004565,S0072365,U030789,2021-01-04,19,6,2,1,1,29.99,29.99
O004565,S0072365,U030789,2021-01-04,37,6,2,1,1,24.99,24.99
O004566,S0072390,U030795,2020-12-09,26,7,3,10,1,7.99,7.99
O004566,S0072390,U030795,2020-12-09,3,7,3,10,1,26.99,26.99
O004567,S0072399,U030799,2020-12-16,35,1,2,3,1,19.99,19.99
O004567,S0072399,U030799,2020-12-16,29,1,2,3,1,10.99,10.99
O004568,S0072413,U030805,2020-11-13,5,3,1,1,2,54.99,109.98
O004568,S0072413,U030805,2020-11-13,29,3,1,1,2,10.99,21.98
O004569,S0072414,U030805,2020-11-19,15,2,2,1,1,24.99,24.99
O004570,S0072459,U030822,2021-01-20,31,3,1,7,2,29.99,59.98
O004571,S0072474,U030829,2020-12-29,26,1,2,1,1,7.99,7.99
O004572,S0072495,U030836,2020-11-27,8,1,2,1,1,19.54,19.54
O004573,S0072511,U030844,2020-12-02,34,1,1,2,1,18.69,18.69
O004573,S0072511,U030844,2020-12-02,16,1,1,2,1,28.04,28.04
O004573,S0072511,U030844,2020-12-02,8,1,1,2,1,19.54,19.54
O004573,S0072511,U030844,2020-12-02,4,1,1,2,2,22.09,44.18
O004574,S0072521,U030849,2020-12-08,1,4,2,2,2,24.99,49.98
O004574,S0072521,U030849,2020-12-08,28,4,2,2,1,9.99,9.99
O004575,S0072536,U030857,2021-01-06,2,1,2,1,1,27.99,27.99
O004575,S0072536,U030857,2021-01-06,30,1,2,1,1,24.99,24.99
O004575,S0072536,U030857,2021-01-06,15,1,2,1,1,24.99,24.99
O004575,S0072536,U030857,2021-01-06,16,1,2,1,1,32.99,32.99
O004576,S0072548,U030861,2021-01-05,33,4,1,2,2,44.99,89.98
O004576,S0072548,U030861,2021-01-05,42,4,1,2,1,12.99,12.99
O004577,S0072554,U030863,2020-11-14,1,3,2,1,1,24.99,24.99
O004577,S0072554,U030863,2020-11-14,28,3,2,1,1,9.99,9.99
O004578,S0072562,U030867,2020-12-05,3,1,1,1,1,26.99,26.99
O004579,S0072570,U030870,2020-11-09,17,1,1,1,2,17.99,35.98
O004579,S0072570,U030870,2020-11-09,18,1,1,1,1,18.99,18.99
O004580,S0072592,U030878,2020-12-18,18,2,2,1,1,18.99,18.99
O004580,S0072592,U030878,2020-12-18,15,2,2,1,2,24.99,49.98
O004581,S0072594,U030878,2020-12-23,12,4,2,1,1,59.99,59.99
O004582,S0072598,U030880,2021-01-15,10,5,1,1,1,14.99,14.99
O004582,S0072598,U030880,2021-01-15,32,5,1,1,1,19.99,19.99
O004583,S0072627,U030894,2020-12-03,31,2,2,3,1,26.99,26.99
O004583,S0072627,U030894,2020-12-03,19,2,2,3,1,25.49,25.49
O004584,S0072643,U030902,2020-11-25,23,6,2,6,2,17.99,35.98
O004584,S0072643,U030902,2020-11-25,10,6,2,6,1,11.99,11.99
O004585,S0072677,U030915,2020-11-24,16,2,2,5,1,28.04,28.04
O004586,S0072678,U030915,2020-11-26,41,1,2,5,1,13.59,13.59
O004586,S0072678,U030915,2020-11-26,1,1,2,5,1,22.49,22.49
O004587,S0072681,U030916,2020-12-08,21,3,3,1,1,21.99,21.99
O004588,S0072696,U030923,2020-12-31,18,1,2,3,1,18.99,18.99
O004588,S0072696,U030923,2020-12-31,5,1,2,3,2,54.99,109.98
O004589,S0072723,U030934,2020-11-15,2,3,1,1,1,27.99,27.99
O004589,S0072723,U030934,2020-11-15,17,3,1,1,1,17.99,17.99
O004590,S0072728,U030936,2020-11-26,32,1,1,2,1,15.99,15.99
O004590,S0072728,U030936,2020-11-26,19,1,1,2,1,26.99,26.99
O004590,S0072728,U030936,2020-11-26,16,1,1,2,1,28.04,28.04
O004590,S0072728,U030936,2020-11-26,9,1,1,2,1,20.39,20.39
O004591,S0072733,U030938,2020-12-01,17,7,1,3,2,16.19,32.38
O004592,S0072747,U030943,2020-12-19,20,1,2,4,1,12.99,12.99
O004593,S0072754,U030945,2021-01-01,14,1,2,1,1,16.99,16.99
O004594,S0072765,U030950,2020-11-17,19,1,2,2,1,29.99,29.99
O004595,S0072776,U030954,2020-12-18,1,3,1,2,1,24.99,24.99
O004596,S0072778,U030955,2021-01-10,16,3,2,1,2,32.99,65.98
O004597,S0072782,U030957,2020-11-29,12,1,1,2,1,53.99,53.99
O004598,S0072797,U030962,2020-12-07,2,4,2,1,2,27.99,55.98
O004599,S0072806,U030966,2020-12-19,17,1,1,7,1,17.99,17.99
O004600,S0072819,U030970,2020-11-26,21,1,2,1,1,19.79,19.79
O004600,S0072819,U030970,2020-11-26,16,1,2,1,2,29.69,59.38
O004601,S0072874,U030992,2020-11-16,38,1,2,1,2,16.99,33.98
O004602,S0072904,U031006,2021-01-21,42,4,1,1,1,12.99,12.99
O004602,S0072904,U031006,2021-01-21,41,4,1,1,2,15.99,31.98
O004603,S0072910,U031009,2020-12-07,18,1,2,6,1,17.09,17.09
O004604,S0072912,U031009,2020-12-13,16,2,2,6,1,32.99,32.99
O004605,S0072944,U031024,2020-11-23,31,2,2,1,1,29.99,29.99
O004605,S0072944,U031024,2020-11-23,37,2,2,1,2,24.99,49.98
O004605,S0072944,U031024,2020-11-23,15,2,2,1,2,24.99,49.98
O004606,S0072946,U031025,2021-01-31,5,7,2,10,1,54.99,54.99
O004606,S0072946,U031025,2021-01-31,11,7,2,10,1,18.99,18.99
O004606,S0072946,U031025,2021-01-31,33,7,2,10,1,44.99,44.99
O004606,S0072946,U031025,2021-01-31,19,7,2,10,1,29.99,29.99
O004607,S0072967,U031032,2021-01-23,12,1,2,8,1,59.99,59.99
O004607,S0072967,U031032,2021-01-23,27,1,2,8,1,8.99,8.99
O004608,S0072970,U031033,2020-12-26,30,2,3,10,1,24.99,24.99
O004608,S0072970,U031033,2020-12-26,12,2,3,10,1,59.99,59.99
O004609,S0072989,U031040,2020-11-20,40,3,2,4,2,28.99,57.98
O004609,S0072989,U031040,2020-11-20,27,3,2,4,1,8.99,8.99
O004609,S0072989,U031040,2020-11-20,17,3,2,4,1,17.99,17.99
O004610,S0073001,U031046,2020-12-25,17,1,2,1,2,16.19,32.38
O004610,S0073001,U031046,2020-12-25,14,1,2,1,1,16.99,16.99
O004610,S0073001,U031046,2020-12-25,12,1,2,1,1,59.99,59.99
O004610,S0073001,U031046,2020-12-25,33,1,2,1,1,44.99,44.99
O004611,S0073033,U031061,2020-11-17,19,1,2,1,1,29.99,29.99
O004612,S0073037,U031062,2021-01-02,19,6,1,1,1,29.99,29.99
O004612,S0073037,U031062,2021-01-02,14,6,1,1,1,16.99,16.99
O004613,S0073052,U031070,2021-01-29,10,2,2,1,1,14.99,14.99
O004614,S0073059,U031073,2020-12-11,39,5,2,10,2,11.99,23.98
O004614,S0073059,U031073,2020-12-11,41,5,2,10,1,15.99,15.99
O004615,S0073067,U031075,2020-12-08,5,2,1,1,2,54.99,109.98
O004616,S0073074,U031078,2020-12-23,34,2,1,1,1,19.79,19.79
O004616,S0073074,U031078,2020-12-23,15,2,1,1,2,24.99,49.98
O004617,S0073076,U031078,2021-01-06,26,2,1,1,1,7.99,7.99
O004617,S0073076,U031078,2021-01-06,41,2,1,1,1,15.99,15.99
O004618,S0073080,U031080,2020-12-01,29,2,2,1,1,9.34,9.34
O004619,S0073086,U031081,2020-12-14,20,1,3,1,1,12.99,12.99
O004620,S0073091,U031084,2020-11-27,4,3,2,1,2,20.79,41.58
O004620,S0073091,U031084,2020-11-27,31,3,2,1,1,26.99,26.99
O004620,S0073091,U031084,2020-11-27,15,3,2,1,1,21.24,21.24
O004621,S0073139,U031106,2020-12-16,15,7,2,3,1,24.99,24.99
O004621,S0073139,U031106,2020-12-16,22,7,2,3,1,9.99,9.99
O004622,S0073151,U031110,2020-11-03,35,1,1,1,2,19.99,39.98
O004623,S0073169,U031116,2020-12-19,1,1,2,1,1,24.99,24.99
O004623,S0073169,U031116,2020-12-19,11,1,2,1,1,18.99,18.99
O004624,S0073192,U031126,2021-01-09,37,1,2,10,1,24.99,24.99
O004625,S0073209,U031135,2020-11-28,33,1,2,2,1,40.49,40.49
O004626,S0073211,U031136,2020-11-24,7,2,1,10,1,67.99,67.99
O004627,S0073236,U031146,2021-01-26,41,6,1,1,1,15.99,15.99
O004627,S0073236,U031146,2021-01-26,29,6,1,1,1,10.99,10.99
O004628,S0073260,U031157,2020-11-19,41,1,2,1,1,15.99,15.99
O004628,S0073260,U031157,2020-11-19,5,1,2,1,1,54.99,54.99
O004629,S0073264,U031159,2021-01-25,8,1,1,1,1,22.99,22.99
O004630,S0073276,U031163,2020-12-02,42,4,1,3,1,11.04,11.04
O004630,S0073276,U031163,2020-12-02,16,4,1,3,1,29.69,29.69
O004630,S0073276,U031163,2020-12-02,31,4,1,3,1,23.99,23.99
O004631,S0073316,U031178,2020-12-19,6,3,2,1,1,49.99,49.99
O004632,S0073346,U031190,2020-12-26,9,6,2,2,1,21.59,21.59
O004633,S0073359,U031195,2020-12-17,16,1,1,1,1,29.69,29.69
O004634,S0073361,U031196,2021-01-25,30,1,1,1,1,24.99,24.99
O004634,S0073361,U031196,2021-01-25,32,1,1,1,1,19.99,19.99
O004635,S0073373,U031201,2021-01-09,15,7,1,3,1,24.99,24.99
O004635,S0073373,U031201,2021-01-09,37,7,1,3,1,24.99,24.99
O004636,S0073404,U031217,2020-12-23,17,3,1,1,1,17.99,17.99
O004636,S0073404,U031217,2020-12-23,7,3,1,1,1,79.99,79.99
O004637,S0073411,U031220,2020-11-23,42,2,2,1,2,12.99,25.98
O004637,S0073411,U031220,2020-11-23,25,2,2,1,1,6.99,6.99
O004638,S0073417,U031221,2020-12-31,25,7,1,10,1,6.99,6.99
O004638,S0073417,U031221,2020-12-31,1,7,1,10,2,24.99,49.98
O004638,S0073417,U031221,2020-12-31,28,7,1,10,1,9.99,9.99
O004639,S0073420,U031223,2020-12-22,22,3,1,2,1,9.99,9.99
O004640,S0073438,U031234,2020-11-25,22,6,2,4,1,8.49,8.49
O004640,S0073438,U031234,2020-11-25,19,6,2,4,1,25.49,25.49
O004640,S0073438,U031234,2020-11-25,36,6,2,4,1,17.84,17.84
O004641,S0073474,U031248,2020-12-07,5,1,1,1,1,49.49,49.49
O004642,S0073475,U031248,2020-12-11,42,1,2,1,2,12.99,25.98
O004642,S0073475,U031248,2020-12-11,24,1,2,1,1,14.99,14.99
O004642,S0073475,U031248,2020-12-11,35,1,2,1,1,19.99,19.99
O004643,S0073495,U031258,2020-12-28,7,2,2,10,1,79.99,79.99
O004643,S0073495,U031258,2020-12-28,10,2,2,10,1,14.99,14.99
O004644,S0073526,U031273,2020-11-23,23,2,2,1,1,19.99,19.99
O004644,S0073526,U031273,2020-11-23,1,2,2,1,1,24.99,24.99
O004645,S0073534,U031276,2020-12-03,3,1,1,1,1,24.29,24.29
O004645,S0073534,U031276,2020-12-03,1,1,1,1,1,22.49,22.49
O004645,S0073534,U031276,2020-12-03,21,1,1,1,1,17.59,17.59
O004646,S0073541,U031278,2020-12-16,11,1,2,1,1,18.99,18.99
O004646,S0073541,U031278,2020-12-16,24,1,2,1,1,14.99,14.99
O004646,S0073541,U031278,2020-12-16,3,1,2,1,1,26.99,26.99
O004647,S0073548,U031282,2020-12-30,6,1,1,1,1,49.99,49.99
O004647,S0073548,U031282,2020-12-30,23,1,1,1,2,19.99,39.98
O004648,S0073613,U031308,2020-11-26,28,2,2,9,1,8.99,8.99
O004649,S0073678,U031336,2020-12-05,25,7,1,1,1,6.99,6.99
O004649,S0073678,U031336,2020-12-05,32,7,1,1,1,19.99,19.99
O004649,S0073678,U031336,2020-12-05,23,7,1,1,1,19.99,19.99
O004650,S0073721,U031356,2020-11-30,6,5,2,1,1,42.49,42.49
O004651,S0073773,U031380,2020-12-02,41,2,2,1,1,13.59,13.59
O004652,S0073775,U031381,2021-01-27,37,7,1,3,2,24.99,49.98
O004653,S0073779,U031383,2021-01-08,11,1,2,3,1,18.99,18.99
O004653,S0073779,U031383,2021-01-08,13,1,2,3,1,74.99,74.99
O004654,S0073787,U031388,2020-11-08,29,2,2,2,1,10.99,10.99
O004655,S0073802,U031394,2020-12-05,1,1,2,1,1,24.99,24.99
O004655,S0073802,U031394,2020-12-05,19,1,2,1,2,29.99,59.98
O004655,S0073802,U031394,2020-12-05,17,1,2,1,1,17.99,17.99
O004656,S0073809,U031397,2021-01-03,35,3,2,8,1,19.99,19.99
O004657,S0073813,U031399,2021-01-01,20,3,2,5,1,12.99,12.99
O004658,S0073850,U031414,2020-12-12,40,1,1,1,1,28.99,28.99
O004659,S0073853,U031414,2020-12-17,36,1,1,1,1,20.99,20.99
O004659,S0073853,U031414,2020-12-17,30,1,1,1,1,22.49,22.49
O004660,S0073868,U031421,2021-01-21,3,1,2,1,2,26.99,53.98
O004660,S0073868,U031421,2021-01-21,10,1,2,1,1,14.99,14.99
O004661,S0073870,U031421,2021-01-27,30,7,2,1,1,24.99,24.99
O004661,S0073870,U031421,2021-01-27,17,7,2,1,1,17.99,17.99
O004662,S0073905,U031437,2021-01-18,5,2,2,1,1,54.99,54.99
O004662,S0073905,U031437,2021-01-18,19,2,2,1,1,29.99,29.99
O004663,S0073906,U031438,2020-12-19,18,6,2,1,1,18.99,18.99
O004663,S0073906,U031438,2020-12-19,28,6,2,1,1,9.99,9.99
O004664,S0073934,U031447,2020-11-09,12,6,1,1,1,59.99,59.99
O004665,S0073935,U031447,2020-11-13,4,4,1,1,1,25.99,25.99
O004666,S0073943,U031453,2020-11-22,3,7,1,8,1,26.99,26.99
O004666,S0073943,U031453,2020-11-22,38,7,1,8,2,16.99,33.98
O004667,S0074025,U031487,2020-12-02,13,1,1,1,1,59.99,59.99
O004668,S0074056,U031500,2020-12-13,33,3,2,1,1,44.99,44.99
O004668,S0074056,U031500,2020-12-13,5,3,2,1,1,49.49,49.49
O004669,S0074069,U031507,2020-12-23,27,3,2,10,1,8.09,8.09
O004670,S0074092,U031519,2020-12-03,41,1,2,1,1,14.39,14.39
O004670,S0074092,U031519,2020-12-03,35,1,2,1,1,17.99,17.99
O004671,S0074109,U031524,2020-11-23,24,4,1,2,1,14.99,14.99
O004671,S0074109,U031524,2020-11-23,17,4,1,2,1,17.99,17.99
O004672,S0074122,U031529,2021-01-12,34,2,2,1,1,21.99,21.99
O004672,S0074122,U031529,2021-01-12,4,2,2,1,1,25.99,25.99
O004673,S0074145,U031539,2020-11-01,10,2,3,1,1,14.99,14.99
O004674,S0074147,U031540,2020-12-16,18,1,3,8,1,18.99,18.99
O004674,S0074147,U031540,2020-12-16,35,1,3,8,2,19.99,39.98
O004674,S0074147,U031540,2020-12-16,17,1,3,8,2,17.99,35.98
O004675,S0074157,U031542,2020-12-05,17,4,2,1,1,17.99,17.99
O004676,S0074185,U031556,2020-11-30,10,1,2,1,2,13.49,26.98
O004677,S0074186,U031556,2020-12-04,12,2,2,1,1,59.99,59.99
O004678,S0074197,U031562,2020-11-02,12,1,1,1,1,59.99,59.99
O004678,S0074197,U031562,2020-11-02,13,1,1,1,1,74.99,74.99
O004679,S0074227,U031571,2020-12-12,1,2,1,5,1,24.99,24.99
O004680,S0074239,U031577,2020-12-04,9,2,1,1,1,23.99,23.99
O004680,S0074239,U031577,2020-12-04,36,2,1,1,1,20.99,20.99
O004681,S0074242,U031578,2020-11-21,11,1,2,8,1,18.99,18.99
O004682,S0074256,U031585,2020-12-03,23,1,1,5,1,16.99,16.99
O004682,S0074256,U031585,2020-12-03,37,1,1,5,1,19.99,19.99
O004683,S0074259,U031585,2020-12-12,15,2,2,5,1,24.99,24.99
O004683,S0074259,U031585,2020-12-12,11,2,2,5,2,18.99,37.98
O004683,S0074259,U031585,2020-12-12,41,2,2,5,1,15.99,15.99
O004684,S0074261,U031586,2020-11-25,37,1,2,1,1,22.49,22.49
O004685,S0074264,U031587,2020-12-17,32,1,1,1,1,19.99,19.99
O004685,S0074264,U031587,2020-12-17,14,1,1,1,1,16.99,16.99
O004686,S0074272,U031590,2020-12-07,26,1,2,4,1,7.99,7.99
O004686,S0074272,U031590,2020-12-07,17,1,2,4,1,17.99,17.99
O004687,S0074301,U031601,2020-12-06,34,3,1,1,1,21.99,21.99
O004687,S0074301,U031601,2020-12-06,16,3,1,1,2,32.99,65.98
O004687,S0074301,U031601,2020-12-06,27,3,1,1,1,8.99,8.99
O004688,S0074305,U031603,2020-11-27,41,1,1,1,1,14.39,14.39
O004689,S0074306,U031603,2020-12-07,37,1,1,1,1,24.99,24.99
O004689,S0074306,U031603,2020-12-07,10,1,1,1,1,13.49,13.49
O004690,S0074307,U031604,2020-12-01,4,3,1,1,1,20.79,20.79
O004690,S0074307,U031604,2020-12-01,27,3,1,1,1,8.09,8.09
O004691,S0074317,U031608,2020-12-10,23,2,1,1,1,19.99,19.99
O004691,S0074317,U031608,2020-12-10,41,2,1,1,1,15.99,15.99
O004692,S0074352,U031623,2020-11-24,9,4,1,3,2,20.39,40.78
O004693,S0074375,U031634,2020-12-20,6,1,2,1,1,49.99,49.99
O004694,S0074379,U031637,2020-12-03,1,1,1,1,1,21.24,21.24
O004694,S0074379,U031637,2020-12-03,39,1,1,1,1,9.59,9.59
O004695,S0074408,U031651,2021-01-05,2,2,2,1,1,27.99,27.99
O004695,S0074408,U031651,2021-01-05,7,2,2,1,2,79.99,159.98
O004696,S0074431,U031662,2020-11-21,23,1,1,5,1,19.99,19.99
O004697,S0074449,U031667,2020-12-14,18,1,2,2,1,18.99,18.99
O004698,S0074493,U031689,2020-11-28,42,1,2,3,1,11.69,11.69
O004699,S0074503,U031694,2020-11-21,4,4,1,1,1,25.99,25.99
O004700,S0074514,U031698,2021-01-11,21,3,2,1,1,21.99,21.99
O004701,S0074524,U031702,2021-01-17,37,3,1,1,1,24.99,24.99
O004702,S0074534,U031705,2021-01-21,17,1,2,6,1,17.99,17.99
O004702,S0074534,U031705,2021-01-21,15,1,2,6,1,24.99,24.99
O004703,S0074566,U031719,2020-11-27,22,5,1,1,2,8.49,16.98
O004703,S0074566,U031719,2020-11-27,8,5,1,1,2,19.54,39.08
O004704,S0074619,U031745,2020-12-06,40,3,2,6,1,28.99,28.99
O004704,S0074619,U031745,2020-12-06,3,3,2,6,1,26.99,26.99
O004705,S0074621,U031745,2020-12-08,7,1,2,6,1,79.99,79.99
O004705,S0074621,U031745,2020-12-08,6,1,2,6,1,49.99,49.99
O004706,S0074628,U031748,2021-01-06,15,4,1,1,2,24.99,49.98
O004706,S0074628,U031748,2021-01-06,9,4,1,1,2,23.99,47.98
O004707,S0074647,U031755,2020-12-01,30,6,2,1,1,21.24,21.24
O004707,S0074647,U031755,2020-12-01,36,6,2,1,1,17.84,17.84
O004708,S0074648,U031755,2020-12-14,1,1,2,1,1,24.99,24.99
O004708,S0074648,U031755,2020-12-14,18,1,2,1,1,18.99,18.99
O004709,S0074649,U031755,2020-12-22,34,1,2,1,1,21.99,21.99
O004709,S0074649,U031755,2020-12-22,24,1,2,1,1,13.49,13.49
O004710,S0074709,U031783,2021-01-23,38,3,2,1,1,16.99,16.99
O004710,S0074709,U031783,2021-01-23,3,3,2,1,1,26.99,26.99
O004711,S0074725,U031790,2020-11-12,2,1,2,1,1,27.99,27.99
O004711,S0074725,U031790,2020-11-12,13,1,2,1,1,74.99,74.99
O004712,S0074727,U031791,2020-12-06,15,2,1,2,1,24.99,24.99
O004713,S0074728,U031791,2020-12-08,27,1,1,2,1,8.99,8.99
O004713,S0074728,U031791,2020-12-08,42,1,1,2,1,11.69,11.69
O004713,S0074728,U031791,2020-12-08,1,1,1,2,1,24.99,24.99
O004713,S0074728,U031791,2020-12-08,4,1,1,2,1,23.39,23.39
O004714,S0074729,U031791,2020-12-15,24,3,2,2,1,14.99,14.99
O004715,S0074744,U031797,2020-11-30,17,2,2,3,2,15.29,30.58
O004716,S0074746,U031798,2020-12-28,20,2,2,1,1,12.99,12.99
O004717,S0074759,U031803,2020-12-10,12,1,1,1,1,59.99,59.99
O004718,S0074809,U031822,2020-12-02,27,3,1,1,1,7.64,7.64
O004719,S0074822,U031826,2020-11-16,38,6,1,7,1,16.99,16.99
O004720,S0074866,U031847,2021-01-14,5,2,2,4,1,54.99,54.99
O004721,S0074886,U031855,2021-01-22,20,3,2,1,1,12.99,12.99
O004721,S0074886,U031855,2021-01-22,7,3,2,1,1,79.99,79.99
O004722,S0074889,U031856,2020-12-19,37,2,1,1,1,24.99,24.99
O004722,S0074889,U031856,2020-12-19,4,2,1,1,1,25.99,25.99
O004723,S0074890,U031856,2020-12-20,33,3,2,1,1,44.99,44.99
O004723,S0074890,U031856,2020-12-20,34,3,2,1,1,21.99,21.99
O004724,S0074953,U031881,2020-12-06,14,2,1,3,1,16.99,16.99
O004724,S0074953,U031881,2020-12-06,4,2,1,3,1,25.99,25.99
O004725,S0074986,U031899,2021-01-13,17,7,1,8,1,17.99,17.99
O004725,S0074986,U031899,2021-01-13,25,7,1,8,1,6.99,6.99
O004726,S0074988,U031901,2020-11-23,38,2,2,7,1,16.99,16.99
O004727,S0075012,U031910,2021-01-17,6,2,1,2,1,49.99,49.99
O004728,S0075017,U031912,2020-12-02,2,6,2,8,1,25.19,25.19
O004729,S0075081,U031937,2020-12-20,31,7,2,1,1,26.99,26.99
O004730,S0075090,U031941,2021-01-12,14,3,2,10,2,16.99,33.98
O004730,S0075090,U031941,2021-01-12,41,3,2,10,2,15.99,31.98
O004730,S0075090,U031941,2021-01-12,4,3,2,10,2,25.99,51.98
O004731,S0075092,U031942,2021-01-12,2,1,1,1,1,27.99,27.99
O004731,S0075092,U031942,2021-01-12,18,1,1,1,1,18.99,18.99
O004732,S0075099,U031945,2020-12-07,15,4,1,1,1,24.99,24.99
O004732,S0075099,U031945,2020-12-07,3,4,1,1,1,26.99,26.99
O004733,S0075114,U031955,2020-12-08,25,2,2,1,1,6.99,6.99
O004734,S0075155,U031971,2021-01-07,41,6,2,1,1,15.99,15.99
O004734,S0075155,U031971,2021-01-07,36,6,2,1,1,20.99,20.99
O004734,S0075155,U031971,2021-01-07,35,6,2,1,2,19.99,39.98
O004735,S0075172,U031978,2020-11-14,4,2,1,10,1,25.99,25.99
O004736,S0075189,U031984,2021-01-11,37,4,2,1,1,24.99,24.99
O004737,S0075198,U031987,2020-12-21,30,2,1,1,1,24.99,24.99
