learner_id,age,prior_score,prior_courses,weekly_hours,videos_watched,assignments_done,quiz_avg,forum_posts,logins_per_week,support_tickets,days_since_signup,signup_hour,plan,device,region,email_verified,completed
L10000,32,39.6,4,7.57,17,6,59.6,2,4.7,1,27,11,free,mobile,South,yes,no
L10001,27,75.2,5,7.09,21,3,50.4,2,2.8,1,116,21,basic,desktop,South,yes,no
L10002,51,68.6,0,11.02,21,5,81.2,2,3.7,2,94,16,free,desktop,South,yes,no
L10003,30,63.4,1,9.0,17,9,51.3,4,4.6,2,67,9,basic,mobile,North,no,no
L10004,56,59.5,1,7.75,24,1,77.1,3,2.2,0,5,16,free,desktop,North,yes,yes
L10005,52,40.4,2,4.01,15,2,55.1,3,6.5,0,38,10,free,mobile,North,yes,no
L10006,47,68.2,0,6.01,14,0,40.1,5,3.5,0,28,14,basic,mobile,South,yes,no
L10007,36,68.4,5,2.26,19,7,89.2,2,3.9,1,56,16,free,tablet,West,yes,yes
L10008,19,65.4,2,0.27,22,5,57.4,3,8.3,3,31,14,free,desktop,North,yes,no
L10009,49,89.5,2,10.05,19,10,69.1,4,2.9,0,31,20,premium,desktop,East,yes,yes
L10010,51,58.3,3,2.71,20,7,72.6,6,5.8,1,33,23,premium,desktop,North,no,no
L10011,45,32.2,1,0.56,12,8,65.4,5,4.2,1,46,4,premium,desktop,North,no,yes
L10012,29,57.1,1,1.73,20,8,62.6,2,4.5,0,4,4,premium,desktop,North,yes,yes
L10013,21,48.5,0,10.24,20,5,40.5,0,4.6,0,105,5,basic,mobile,North,no,yes
L10014,55,58.3,3,1.21,17,4,62.9,2,1.3,0,47,20,basic,mobile,West,yes,yes
L10015,29,66.9,4,4.93,17,2,40.0,1,3.3,0,105,2,free,mobile,North,yes,no
L10016,47,67.4,5,3.02,16,8,48.8,3,3.2,0,54,8,basic,desktop,West,yes,no
L10017,38,50.2,1,0.35,18,0,79.9,3,0.4,0,22,16,free,desktop,South,yes,no
L10018,32,24.3,4,4.25,16,3,74.5,3,4.9,1,80,18,basic,desktop,South,yes,no
L10019,36,60.2,4,1.42,18,4,47.9,3,0.3,0,1,0,free,tablet,South,yes,no
L10020,19,56.2,2,8.9,27,8,39.8,4,0.0,1,68,22,free,desktop,South,yes,no
L10021,25,36.3,2,3.41,20,2,75.2,5,0.0,2,41,4,basic,desktop,North,yes,no
L10022,25,75.2,0,5.6,14,1,70.6,4,2.7,1,32,19,premium,desktop,East,yes,no
L10023,23,77.1,5,6.25,17,0,68.2,2,4.5,0,3,23,basic,desktop,East,yes,no
L10024,30,63.3,5,1.01,16,10,59.7,3,4.1,1,82,23,free,mobile,West,yes,yes
L10025,39,37.5,5,1.02,19,8,55.2,2,5.0,0,101,16,premium,desktop,West,no,yes
L10026,38,64.4,1,5.53,23,9,56.0,3,6.3,0,25,14,basic,mobile,South,yes,no
L10027,25,77.6,1,5.76,12,10,50.6,4,2.1,0,59,13,free,desktop,East,yes,yes
L10028,54,55.1,5,2.99,12,10,43.9,2,3.2,1,79,1,basic,mobile,North,yes,yes
L10029,33,69.4,2,6.39,22,2,56.1,4,4.4,0,69,19,free,mobile,East,no,no
L10030,59,50.2,0,6.58,17,0,41.5,2,4.3,0,103,14,basic,tablet,South,yes,no
L10031,53,67.0,4,13.29,18,0,63.2,1,2.9,2,22,16,premium,mobile,North,yes,no
L10032,27,59.1,0,4.93,13,7,65.8,1,3.7,1,22,15,basic,desktop,East,no,no
L10033,59,77.4,0,3.66,24,3,52.3,3,3.2,0,7,4,basic,tablet,South,no,no
L10034,40,71.7,0,4.81,22,2,33.4,4,8.7,1,87,1,basic,desktop,East,yes,no
L10035,35,86.0,1,9.59,18,10,69.0,4,2.6,0,113,20,basic,mobile,West,no,yes
L10036,40,55.1,3,0.81,18,9,66.3,5,4.0,0,56,8,basic,mobile,North,yes,no
L10037,34,22.2,1,1.95,13,1,62.0,5,3.9,1,86,9,premium,desktop,East,yes,no
L10038,59,96.8,3,2.46,11,2,67.9,5,1.2,0,86,15,free,mobile,South,no,no
L10039,52,72.9,4,3.64,16,0,73.9,0,2.6,0,88,0,free,mobile,South,yes,no
L10040,42,64.1,0,2.63,17,3,53.6,5,5.7,0,118,11,basic,tablet,West,yes,yes
L10041,25,80.6,5,3.07,16,2,57.1,4,3.2,0,13,9,free,mobile,West,yes,yes
L10042,44,37.2,0,1.49,21,1,83.7,2,0.7,0,28,7,free,desktop,East,yes,no
L10043,29,37.2,4,1.06,23,6,44.9,2,4.3,0,93,18,basic,desktop,West,yes,no
L10044,35,77.9,1,5.7,18,3,76.5,3,1.0,0,90,8,free,desktop,North,yes,yes
L10045,38,69.0,0,3.23,19,0,59.8,5,2.7,2,110,12,premium,desktop,North,yes,no
L10046,40,62.6,2,1.43,14,0,31.1,2,3.2,0,54,0,free,desktop,East,yes,yes
L10047,39,73.0,5,3.88,18,4,80.6,4,6.0,2,3,7,premium,mobile,East,no,yes
L10048,31,76.9,5,4.18,14,6,87.3,6,3.0,0,95,15,premium,mobile,North,no,yes
L10049,33,50.2,1,0.62,12,10,40.2,2,3.6,0,116,17,free,desktop,East,yes,yes
L10050,48,61.1,0,0.83,25,0,78.1,3,6.0,0,95,6,free,mobile,South,yes,yes
L10051,22,65.5,1,2.67,20,10,71.8,2,4.6,1,28,19,free,desktop,South,yes,yes
L10052,23,92.7,2,0.28,11,0,35.2,3,5.4,0,39,3,basic,mobile,South,yes,no
L10053,51,65.5,5,3.75,15,2,30.4,3,5.6,1,92,21,free,desktop,North,yes,no
L10054,26,60.1,5,7.53,13,3,76.5,9,3.5,1,27,13,basic,tablet,North,yes,yes
L10055,55,63.9,2,4.09,11,4,44.5,3,4.5,1,19,9,free,desktop,South,yes,yes
L10056,31,67.0,0,3.07,23,8,46.4,2,3.3,0,92,22,free,mobile,West,yes,yes
L10057,23,33.7,5,10.15,16,0,62.3,2,3.5,1,67,13,basic,desktop,North,no,no
L10058,37,69.3,2,3.32,19,5,68.3,1,6.8,0,26,18,basic,mobile,East,yes,no
L10059,27,27.2,4,8.22,19,2,54.3,2,2.1,0,11,13,premium,desktop,North,yes,yes
L10060,32,66.4,3,4.24,14,1,85.0,2,3.8,0,37,4,free,mobile,South,yes,no
L10061,45,57.0,2,2.17,16,9,79.4,4,1.8,1,74,1,premium,desktop,South,yes,no
L10062,31,77.7,4,1.81,19,10,45.3,3,4.6,2,72,9,basic,desktop,South,yes,no
L10063,20,69.2,0,3.8,19,3,56.8,8,5.9,0,57,19,basic,mobile,South,yes,no
L10064,50,71.6,2,4.47,19,5,79.6,4,4.1,1,7,9,free,desktop,West,yes,yes
L10065,23,62.2,5,2.52,17,4,62.4,4,0.3,1,80,5,premium,desktop,West,yes,no
L10066,53,39.4,3,3.23,13,0,45.1,4,3.2,1,8,4,free,desktop,West,yes,no
L10067,46,78.5,1,6.87,12,9,22.5,3,2.7,2,83,10,free,mobile,North,yes,no
L10068,29,40.5,2,8.1,16,4,46.2,4,5.8,0,71,11,free,desktop,North,yes,no
L10069,28,63.7,2,0.26,15,4,73.3,3,1.7,1,23,18,premium,desktop,East,no,yes
L10070,56,48.1,0,0.69,16,0,74.2,4,4.3,1,65,13,premium,desktop,North,yes,no
L10071,47,62.5,4,1.47,14,2,46.5,6,5.1,0,27,0,free,mobile,South,yes,no
L10072,26,55.8,4,5.15,15,7,52.3,4,3.1,1,91,22,premium,desktop,West,yes,yes
L10073,26,52.3,4,6.4,21,0,41.7,3,3.8,1,82,15,basic,desktop,East,yes,no
L10074,18,29.5,1,3.73,27,2,48.5,1,0.4,0,54,13,basic,desktop,West,yes,no
L10075,29,58.9,4,4.97,18,2,54.2,6,4.5,1,10,16,free,desktop,North,yes,no
L10076,24,47.0,1,1.37,21,7,62.5,4,2.2,2,58,20,basic,mobile,North,yes,no
L10077,27,77.7,1,4.2,20,1,70.9,2,4.2,2,96,20,free,desktop,South,yes,no
L10078,47,60.4,0,8.3,11,1,45.3,3,4.1,1,61,9,free,mobile,South,yes,no
L10079,55,74.9,2,1.45,14,6,54.2,4,6.6,4,92,4,premium,desktop,East,yes,yes
L10080,35,41.6,2,9.41,20,9,45.3,6,3.1,0,89,1,free,desktop,West,yes,yes
L10081,33,65.3,5,5.23,27,2,56.6,2,1.7,1,54,1,free,desktop,North,yes,no
L10082,41,61.0,5,9.14,19,6,31.7,4,3.0,0,78,22,free,desktop,North,yes,no
L10083,58,52.4,3,3.95,20,5,64.2,2,0.1,0,59,17,free,mobile,East,no,no
L10084,40,80.5,0,6.06,17,9,38.0,5,5.4,1,84,7,free,desktop,East,yes,yes
L10085,26,44.8,0,6.9,13,9,72.2,5,0.6,1,102,18,free,desktop,East,yes,yes
L10086,50,46.8,5,0.73,14,5,69.7,2,6.2,1,19,16,free,desktop,West,yes,no
L10087,23,47.6,4,1.86,13,4,65.3,8,3.7,0,44,13,free,desktop,North,yes,no
L10088,30,60.0,3,1.72,18,1,77.3,2,4.7,0,100,21,free,tablet,East,yes,no
L10089,56,52.6,4,1.38,13,3,80.8,1,3.8,0,12,3,free,desktop,South,yes,no
L10090,50,59.4,4,4.85,11,7,70.3,3,4.0,0,32,16,free,desktop,East,yes,yes
L10091,55,25.2,1,3.73,18,7,83.8,6,4.9,1,91,21,basic,desktop,West,yes,no
L10092,44,34.0,2,3.55,19,7,38.6,4,4.6,1,59,16,free,mobile,North,yes,no
L10093,19,72.5,3,0.43,16,2,75.2,2,6.3,1,23,22,basic,desktop,East,yes,no
L10094,18,38.2,1,3.82,19,0,64.5,2,5.1,2,94,16,free,desktop,South,yes,no
L10095,25,54.0,2,5.1,22,10,42.1,2,7.0,1,25,15,premium,mobile,East,no,yes
L10096,59,67.1,0,3.86,17,2,26.4,2,5.4,0,96,1,premium,desktop,South,yes,no
L10097,37,58.4,0,1.66,25,7,98.0,0,3.4,1,54,10,premium,desktop,South,yes,yes
L10098,57,81.4,3,3.16,22,10,87.0,4,5.3,0,22,16,basic,mobile,North,yes,yes
L10099,28,79.9,2,4.72,12,0,36.6,1,2.2,4,17,17,free,tablet,East,yes,no
L10100,50,65.1,2,2.72,16,1,54.5,3,6.4,3,80,8,free,desktop,West,yes,no
L10101,57,69.6,2,6.18,21,2,39.8,3,4.1,0,45,14,free,desktop,North,yes,yes
L10102,46,71.0,2,8.1,14,9,50.4,3,2.8,0,41,6,premium,mobile,North,yes,no
L10103,41,57.8,4,4.65,27,4,60.8,2,1.6,0,39,1,free,mobile,North,yes,no
L10104,54,43.8,5,2.29,14,5,72.8,3,1.7,1,54,23,basic,tablet,North,yes,yes
L10105,39,62.1,2,7.13,17,10,46.2,5,3.3,1,115,23,premium,desktop,West,yes,yes
L10106,30,44.7,4,2.16,12,7,44.5,1,4.3,1,109,15,free,mobile,North,yes,no
L10107,36,61.4,1,3.07,19,8,49.9,3,4.3,0,71,4,basic,desktop,East,yes,yes
L10108,18,71.5,0,6.02,24,7,23.4,5,5.6,2,55,4,basic,desktop,South,yes,yes
L10109,30,69.7,1,7.35,22,1,45.6,0,2.2,0,86,22,premium,mobile,South,yes,no
L10110,25,52.5,1,1.8,20,3,,1,3.6,2,28,7,premium,desktop,East,yes,yes
L10111,53,74.3,4,4.36,20,4,63.6,2,2.6,2,77,17,free,mobile,West,no,no
L10112,34,57.8,4,4.38,23,7,44.2,4,2.4,2,6,2,free,desktop,West,yes,yes
L10113,55,90.6,5,3.87,19,1,86.2,0,4.1,2,54,23,premium,desktop,East,yes,yes
L10114,37,66.0,3,7.91,18,9,67.0,3,5.7,2,9,7,free,mobile,East,yes,yes
L10115,30,51.1,4,6.78,23,1,33.9,4,6.5,0,89,11,premium,desktop,North,yes,no
L10116,17,69.3,3,6.49,27,6,45.7,2,3.8,2,117,2,free,mobile,West,yes,yes
L10117,30,71.3,3,9.23,17,0,74.9,4,3.0,1,8,4,premium,desktop,West,yes,yes
L10118,37,62.3,0,5.39,21,9,24.4,4,0.0,0,17,7,free,desktop,North,no,no
L10119,39,89.7,4,9.68,22,6,40.9,1,6.7,2,30,17,premium,mobile,West,no,yes
L10120,37,52.1,5,4.63,15,10,58.1,1,2.2,1,102,10,basic,mobile,West,yes,no
L10121,58,50.7,5,14.48,10,7,59.3,1,0.0,1,21,18,basic,desktop,South,yes,yes
L10122,31,46.1,2,3.63,18,4,27.9,2,4.5,0,71,0,premium,mobile,East,yes,no
L10123,34,73.3,2,4.88,14,0,80.5,1,8.1,1,92,8,basic,desktop,North,yes,yes
L10124,35,58.1,0,3.82,23,7,61.1,1,5.2,0,102,7,premium,desktop,South,yes,yes
L10125,53,67.6,5,0.92,24,7,77.9,2,4.9,4,41,20,free,desktop,North,yes,yes
L10126,20,55.9,0,5.87,16,10,62.5,1,5.8,2,58,16,free,desktop,South,yes,no
L10127,59,74.8,0,9.81,18,4,31.8,5,7.6,0,95,21,basic,desktop,East,no,no
L10128,17,42.3,1,4.95,28,5,41.6,5,6.5,0,48,0,basic,tablet,East,no,no
L10129,32,55.8,5,9.45,22,1,63.0,3,1.0,0,2,18,free,desktop,East,yes,no
L10130,19,42.6,1,2.07,23,3,69.2,1,2.8,1,63,18,basic,mobile,West,yes,no
L10131,35,68.7,2,0.75,17,2,75.0,2,0.3,0,38,15,free,mobile,East,yes,no
L10132,19,27.9,4,11.75,13,10,42.6,2,5.0,0,83,13,premium,mobile,South,yes,yes
L10133,59,59.8,4,4.46,13,1,80.4,2,3.7,1,115,8,premium,desktop,East,yes,yes
L10134,35,91.5,0,10.95,16,9,59.8,2,3.6,1,3,13,premium,tablet,North,yes,yes
L10135,51,47.9,5,2.75,20,10,82.7,4,3.4,0,27,14,free,desktop,North,yes,yes
L10136,44,55.3,1,15.94,23,6,72.4,3,3.6,1,41,14,free,desktop,South,yes,yes
L10137,56,67.9,0,3.85,21,4,67.7,3,1.6,0,7,3,basic,mobile,East,yes,no
L10138,25,68.2,2,3.44,28,7,42.2,4,0.0,2,70,11,free,desktop,South,yes,no
L10139,34,63.6,5,0.24,20,9,40.2,3,4.5,1,111,17,basic,mobile,West,yes,yes
L10140,53,85.2,1,3.07,14,8,61.6,4,4.1,0,82,22,free,mobile,West,yes,no
L10141,35,64.9,3,5.39,23,6,47.2,6,5.7,1,114,15,free,mobile,South,yes,yes
L10142,45,79.2,5,6.84,16,9,65.1,4,2.8,0,10,1,basic,mobile,South,yes,yes
L10143,30,55.6,0,2.52,13,6,72.0,5,2.8,1,104,4,basic,mobile,West,yes,no
L10144,43,84.6,2,2.74,14,1,68.6,5,4.7,3,35,8,basic,desktop,North,yes,no
L10145,40,77.8,1,3.11,18,6,38.3,4,1.5,0,86,4,free,desktop,South,yes,no
L10146,46,47.2,4,5.13,20,5,52.1,4,6.0,2,47,20,basic,mobile,South,yes,yes
L10147,41,61.6,0,2.55,15,1,90.7,7,3.6,0,56,15,free,mobile,West,yes,no
L10148,28,43.1,2,4.34,16,3,49.1,4,5.7,3,10,7,basic,desktop,West,yes,yes
L10149,46,59.5,0,7.75,15,6,60.9,2,4.1,1,70,8,premium,mobile,South,yes,no
L10150,39,78.8,5,3.77,14,3,65.7,1,2.0,0,44,0,free,desktop,West,yes,yes
L10151,48,92.0,5,1.07,10,4,78.1,2,3.4,0,102,6,premium,mobile,North,no,no
L10152,52,71.5,3,9.85,17,8,70.3,2,2.3,0,62,17,basic,desktop,North,yes,yes
L10153,56,90.9,5,2.18,16,8,59.8,1,4.8,0,33,2,free,tablet,South,yes,yes
L10154,54,41.2,1,2.4,15,9,48.1,5,2.8,0,23,21,free,desktop,South,yes,yes
L10155,36,63.9,4,1.33,17,10,32.2,2,0.0,0,61,14,basic,mobile,North,no,yes
L10156,53,69.3,5,2.08,19,10,42.2,1,4.9,2,107,13,free,desktop,North,yes,no
L10157,35,77.7,0,7.49,16,2,56.6,5,1.5,2,33,0,free,mobile,West,yes,no
L10158,17,79.9,3,5.63,25,4,49.8,2,4.0,0,94,11,free,tablet,South,yes,yes
L10159,20,83.9,3,20.87,18,7,100.0,3,3.8,1,45,0,free,desktop,West,no,yes
L10160,36,80.5,4,11.09,17,3,91.2,3,4.2,0,20,1,free,mobile,South,no,yes
L10161,49,82.2,4,6.67,24,7,46.6,3,2.8,1,25,16,basic,desktop,East,yes,no
L10162,30,89.5,5,4.72,19,4,56.1,2,4.5,1,55,22,free,mobile,North,yes,yes
L10163,43,50.2,3,1.29,14,10,27.9,4,4.6,1,13,4,basic,desktop,North,yes,no
L10164,22,64.4,4,11.55,22,8,60.2,1,6.2,1,112,23,basic,desktop,East,yes,yes
L10165,29,83.1,1,1.42,10,4,60.8,1,5.8,0,35,7,free,mobile,West,yes,no
L10166,50,48.2,2,8.14,10,3,85.1,3,3.6,1,5,13,free,mobile,North,yes,no
L10167,51,48.2,0,7.23,22,8,65.9,2,7.8,1,36,21,premium,desktop,West,no,yes
L10168,53,41.8,3,0.17,13,7,42.7,2,4.3,0,13,0,free,desktop,North,yes,no
L10169,37,61.0,3,6.71,25,5,86.0,2,1.6,0,27,18,free,desktop,West,no,yes
L10170,21,62.4,1,2.33,14,6,62.8,2,5.9,2,8,10,free,mobile,North,no,no
L10171,31,47.3,3,6.0,17,10,48.5,3,3.6,0,43,17,free,mobile,North,yes,no
L10172,52,89.0,0,4.86,17,4,54.8,4,0.8,1,31,3,free,desktop,West,yes,yes
L10173,36,53.0,4,2.15,17,8,40.5,4,5.4,1,12,8,free,tablet,East,yes,no
L10174,18,48.8,4,4.56,16,10,59.3,2,4.7,2,53,6,premium,desktop,North,yes,yes
L10175,42,42.8,2,8.8,16,7,50.0,1,4.2,1,40,17,free,desktop,East,yes,yes
L10176,45,63.5,0,0.36,14,1,53.3,3,6.5,0,16,11,free,tablet,East,yes,no
L10177,28,48.9,2,3.28,17,0,45.3,7,7.5,2,69,9,free,mobile,North,yes,no
L10178,55,67.6,3,4.4,13,5,41.0,5,4.0,1,114,11,free,desktop,North,yes,no
L10179,57,60.4,5,9.87,15,8,33.9,0,1.3,0,56,2,premium,desktop,East,no,yes
L10180,58,35.1,2,1.7,13,10,53.1,2,7.3,1,83,19,basic,desktop,West,no,no
L10181,50,49.0,0,3.3,16,2,65.4,1,4.7,2,26,10,premium,desktop,East,yes,yes
L10182,30,73.3,4,2.71,26,10,71.5,4,2.3,3,18,11,free,tablet,South,yes,no
L10183,25,66.9,0,4.67,14,3,43.7,3,6.3,1,5,10,free,mobile,South,yes,no
L10184,22,64.5,2,5.34,18,9,53.1,2,4.0,2,5,20,free,tablet,South,yes,yes
L10185,56,62.7,4,2.94,17,0,54.9,6,5.0,2,64,5,free,desktop,South,yes,no
L10186,18,75.9,1,3.49,17,1,16.8,1,0.0,0,16,7,free,desktop,West,yes,no
L10187,48,69.1,0,5.8,21,8,63.5,5,3.1,0,82,14,basic,mobile,East,yes,no
L10188,43,55.2,5,1.06,22,8,77.8,2,5.9,0,84,6,premium,mobile,West,yes,no
L10189,52,80.5,1,3.62,10,5,64.5,1,1.5,0,63,12,free,mobile,South,no,yes
L10190,33,78.6,3,2.41,16,0,60.8,2,3.5,0,84,23,basic,desktop,South,yes,no
L10191,53,41.5,1,3.68,23,7,88.9,3,3.3,0,51,0,free,desktop,North,yes,no
L10192,52,69.0,2,9.79,18,0,53.6,5,6.9,1,81,2,free,mobile,East,yes,no
L10193,30,57.9,1,3.44,21,1,50.0,3,4.4,1,85,2,premium,mobile,West,yes,no
L10194,55,60.4,2,6.14,18,4,90.6,5,4.4,0,47,15,free,mobile,South,yes,no
L10195,39,44.9,3,5.88,14,0,71.8,2,4.1,0,70,4,free,tablet,West,yes,no
L10196,23,54.5,0,1.02,18,2,49.1,4,4.3,2,22,3,free,desktop,North,yes,no
L10197,59,47.7,5,3.59,20,1,65.9,4,6.3,1,118,23,free,mobile,East,yes,no
L10198,34,66.3,3,2.52,18,0,81.0,2,4.7,0,5,19,basic,mobile,West,yes,no
L10199,54,80.4,3,6.7,22,6,55.5,6,3.2,0,61,15,free,desktop,West,no,no
L10200,45,58.5,0,1.96,11,4,64.1,2,3.3,2,102,6,free,desktop,North,yes,no
L10201,39,65.6,5,2.83,13,10,57.3,3,5.6,1,89,20,premium,mobile,North,yes,yes
L10202,55,87.6,3,3.12,19,6,44.0,2,1.6,2,74,8,free,desktop,North,yes,yes
L10203,20,54.1,3,4.17,18,7,49.3,1,7.2,0,25,10,basic,mobile,East,no,no
L10204,46,45.8,3,1.92,24,7,36.3,1,8.2,0,100,18,premium,mobile,West,yes,no
L10205,54,50.7,2,1.84,18,4,35.7,5,1.0,0,84,17,premium,mobile,East,no,no
L10206,31,62.8,5,2.91,13,2,34.6,1,6.1,0,22,3,free,tablet,North,yes,no
L10207,24,62.5,4,4.38,28,7,65.8,6,5.4,0,81,19,basic,tablet,North,yes,yes
L10208,39,55.6,0,2.21,12,0,70.2,4,2.0,3,31,6,free,desktop,South,yes,no
L10209,23,81.4,1,3.59,18,3,51.1,4,6.9,2,41,21,free,desktop,North,yes,no
L10210,54,89.5,2,6.47,21,6,34.6,2,1.5,0,118,15,basic,mobile,West,no,no
L10211,32,47.1,5,5.06,10,6,48.3,3,4.8,1,63,21,free,desktop,North,yes,no
L10212,23,55.0,2,4.83,20,5,65.9,0,4.6,1,105,5,free,tablet,North,yes,no
L10213,17,85.2,1,6.88,13,4,54.0,2,2.4,1,14,14,free,mobile,North,no,no
L10214,26,57.7,2,2.22,21,8,58.3,2,2.2,0,28,17,free,desktop,North,no,no
L10215,23,70.8,0,3.38,9,1,69.0,4,5.7,0,64,5,basic,tablet,North,yes,no
L10216,42,65.9,3,4.77,19,2,54.5,4,6.7,0,58,16,free,desktop,West,yes,no
L10217,32,92.1,3,9.06,15,0,40.8,1,3.4,2,35,0,basic,desktop,South,no,no
L10218,40,38.9,0,2.65,14,9,44.6,2,3.8,2,2,19,free,desktop,East,no,no
L10219,27,54.0,3,1.63,15,8,47.3,2,3.9,2,83,16,premium,mobile,West,yes,yes
L10220,18,73.2,3,3.15,19,0,67.3,3,3.5,3,68,8,free,mobile,West,no,no
L10221,21,58.9,1,1.0,32,9,52.4,3,4.0,1,32,3,premium,mobile,South,yes,no
L10222,47,57.9,1,7.75,13,10,69.0,2,0.1,1,2,7,free,mobile,South,yes,no
L10223,31,72.4,0,5.05,17,9,25.9,1,7.5,0,104,5,basic,mobile,North,no,yes
L10224,59,61.4,1,6.1,24,4,87.6,0,6.0,0,101,2,premium,tablet,South,yes,yes
L10225,36,81.6,2,9.06,21,10,45.4,1,3.5,1,5,13,free,desktop,West,yes,yes
L10226,37,54.9,1,5.31,11,8,51.3,0,4.8,1,106,9,basic,desktop,North,yes,yes
L10227,26,93.8,3,8.56,21,8,43.2,3,2.9,2,41,2,free,desktop,East,yes,yes
L10228,45,45.0,5,5.17,25,10,17.3,6,5.6,0,21,5,basic,desktop,West,yes,yes
L10229,39,36.5,4,17.86,25,9,54.0,4,6.6,1,60,2,premium,desktop,South,yes,yes
L10230,26,44.8,3,10.3,18,0,47.1,2,4.6,0,68,22,free,desktop,North,yes,yes
L10231,20,67.5,4,9.26,20,4,49.5,2,3.9,0,10,4,free,mobile,North,yes,yes
L10232,31,61.5,3,6.42,14,5,81.0,2,7.3,0,92,1,free,desktop,West,yes,no
L10233,31,38.2,0,4.13,17,7,46.4,2,5.0,1,110,13,free,mobile,South,yes,no
L10234,18,58.8,3,8.47,24,10,54.3,0,4.0,1,86,14,free,tablet,East,no,yes
L10235,35,55.2,5,9.0,18,6,67.2,4,3.1,1,72,2,premium,desktop,South,no,yes
L10236,41,45.8,5,2.24,16,2,81.3,3,2.1,0,32,3,free,mobile,South,no,no
L10237,34,68.2,2,2.93,13,3,43.4,5,8.0,1,14,15,free,mobile,East,yes,no
L10238,20,54.9,0,6.44,10,2,41.0,4,6.0,2,88,13,free,desktop,North,yes,no
L10239,28,86.0,2,3.81,21,6,41.8,1,1.6,1,15,4,free,mobile,West,yes,yes
L10240,28,53.5,1,6.6,23,9,55.3,3,2.3,1,85,4,premium,desktop,South,yes,no
L10241,32,45.4,1,2.75,21,1,58.5,3,5.7,1,48,6,free,desktop,South,yes,no
L10242,49,65.5,1,1.99,20,10,41.4,4,1.2,0,115,19,premium,desktop,North,yes,yes
L10243,17,74.9,0,7.76,16,9,66.8,3,1.0,1,38,12,free,mobile,West,no,no
L10244,33,57.4,0,2.73,24,1,91.9,0,5.4,3,63,13,basic,mobile,East,yes,yes
L10245,50,61.3,1,6.88,16,8,84.2,4,1.9,2,59,8,free,mobile,South,yes,yes
L10246,40,26.1,0,0.36,17,3,64.5,1,6.2,1,21,13,free,desktop,North,yes,no
L10247,29,77.0,5,6.15,22,8,38.3,1,3.2,1,90,7,basic,mobile,South,yes,yes
L10248,33,52.0,2,3.11,14,7,37.1,5,3.0,1,46,17,free,mobile,South,yes,no
L10249,26,65.7,1,3.01,15,3,54.2,2,5.7,2,79,21,free,desktop,North,yes,no
L10250,56,66.8,4,2.3,17,0,33.5,6,6.6,0,22,14,free,mobile,South,yes,no
L10251,44,55.1,4,9.47,24,3,57.6,4,1.3,0,60,23,basic,mobile,West,yes,yes
L10252,39,64.8,0,12.97,20,0,75.4,1,3.9,0,22,21,free,desktop,East,yes,yes
L10253,36,70.0,3,4.36,20,7,87.5,2,4.1,2,97,20,free,mobile,South,yes,no
L10254,41,72.6,0,2.44,16,8,63.0,4,3.1,0,102,15,basic,mobile,South,no,no
L10255,26,59.8,4,2.31,13,6,61.8,3,4.4,0,43,11,basic,mobile,North,yes,yes
L10256,52,23.4,2,12.35,16,7,61.9,4,4.9,0,37,16,free,mobile,South,no,no
L10257,46,37.0,3,6.67,20,6,60.3,1,7.2,1,113,15,premium,mobile,East,yes,no
L10258,46,34.2,5,14.11,15,9,94.5,4,5.1,1,91,4,basic,mobile,South,yes,yes
L10259,31,57.7,0,1.61,18,0,71.2,1,5.4,3,63,10,basic,mobile,East,yes,no
L10260,38,68.8,1,1.61,13,10,40.0,3,0.4,1,78,21,basic,desktop,North,yes,no
L10261,42,69.8,4,4.59,10,3,46.3,1,5.1,1,37,17,basic,mobile,North,yes,no
L10262,42,58.9,3,4.57,30,6,28.3,2,4.5,2,79,15,basic,desktop,West,yes,no
L10263,36,30.4,0,0.17,16,2,48.5,1,5.5,3,86,21,premium,mobile,North,yes,no
L10264,51,57.3,4,2.96,22,4,43.8,1,5.4,1,77,20,basic,desktop,East,yes,no
L10265,32,81.2,1,14.5,20,5,27.6,3,4.1,0,101,12,free,desktop,South,yes,yes
L10266,59,81.9,1,6.03,19,9,60.7,5,3.4,0,10,15,free,mobile,West,yes,no
L10267,40,73.7,1,4.44,18,1,38.0,4,6.5,0,58,9,free,mobile,South,yes,no
L10268,39,46.1,4,1.14,18,0,62.4,4,3.4,0,66,13,basic,desktop,North,yes,no
L10269,23,67.0,1,1.1,21,2,47.6,4,4.4,2,93,13,basic,mobile,West,yes,no
L10270,28,62.2,1,2.04,20,9,72.0,3,0.0,0,103,10,free,desktop,South,yes,no
L10271,42,71.9,0,2.79,23,8,58.3,3,3.4,2,87,16,free,tablet,East,yes,no
L10272,39,82.0,5,2.12,21,5,45.7,1,1.3,1,89,18,premium,tablet,East,yes,yes
L10273,47,76.4,0,3.29,27,4,53.7,3,1.4,1,99,20,free,mobile,South,yes,no
L10274,54,60.7,1,3.62,17,2,59.9,5,0.4,0,60,23,basic,mobile,North,yes,no
L10275,37,60.0,2,2.46,21,0,49.0,2,4.0,0,52,23,free,mobile,East,yes,no
L10276,41,62.0,0,3.07,13,4,60.3,9,7.8,2,19,17,premium,desktop,East,yes,no
L10277,24,84.1,5,2.45,15,9,47.9,2,4.0,0,79,3,free,tablet,East,yes,no
L10278,47,50.5,0,5.84,21,4,38.2,4,2.2,1,78,6,basic,desktop,East,no,no
L10279,44,34.9,1,16.17,23,10,47.7,1,4.5,0,76,9,basic,desktop,East,yes,yes
L10280,47,84.5,1,5.54,22,9,41.1,3,5.5,1,6,9,free,desktop,East,no,no
L10281,38,65.3,4,0.54,12,3,62.1,1,3.4,2,33,1,basic,mobile,North,yes,no
L10282,41,68.2,4,14.45,13,2,65.6,3,7.4,1,35,19,free,mobile,South,yes,yes
L10283,38,71.2,2,2.59,19,6,53.6,3,4.1,0,81,10,premium,mobile,South,no,yes
L10284,26,59.0,1,5.51,19,1,74.8,1,6.0,0,32,16,basic,desktop,East,yes,no
L10285,58,63.0,0,6.5,23,0,69.8,3,3.0,0,78,18,premium,desktop,West,yes,yes
L10286,35,62.2,3,1.58,17,10,60.5,2,3.0,1,103,9,free,desktop,West,yes,no
L10287,25,83.8,3,3.79,12,6,100.0,2,4.7,2,62,18,free,mobile,West,yes,yes
L10288,24,69.7,3,9.99,23,7,44.0,3,3.7,0,12,21,basic,mobile,North,yes,yes
L10289,19,48.8,1,2.15,19,1,44.5,3,4.8,1,86,20,free,mobile,South,yes,no
L10290,45,64.3,3,5.38,18,7,55.3,4,3.3,0,90,7,basic,desktop,North,yes,no
L10291,50,46.9,2,2.54,21,7,69.0,3,2.1,1,117,2,basic,mobile,West,no,no
L10292,27,59.4,1,1.6,15,2,53.0,5,8.5,2,95,13,free,mobile,East,yes,no
L10293,53,66.3,4,0.49,24,8,54.6,2,4.5,0,65,14,free,desktop,North,yes,yes
L10294,22,57.8,0,6.77,13,9,46.0,3,2.9,0,63,22,basic,mobile,West,yes,no
L10295,32,74.7,2,3.95,16,4,53.4,1,2.5,2,102,21,basic,desktop,North,yes,no
L10296,59,62.8,2,1.55,22,0,47.7,4,4.1,1,107,1,premium,mobile,West,yes,no
L10297,21,66.0,4,3.19,20,9,44.2,3,5.1,1,107,14,basic,desktop,North,no,no
L10298,40,55.5,0,3.93,12,5,28.8,3,7.9,1,72,8,free,desktop,South,yes,no
L10299,43,79.4,0,6.13,15,9,48.3,4,3.6,0,88,14,free,mobile,South,yes,yes
L10300,25,69.3,2,8.62,19,6,26.1,3,2.4,1,47,21,free,tablet,West,yes,no
L10301,49,57.4,3,4.27,19,7,66.9,4,1.7,0,18,17,free,mobile,North,yes,yes
L10302,24,86.0,4,2.82,19,4,22.7,3,7.9,0,17,8,basic,mobile,West,yes,yes
L10303,49,66.9,3,2.97,23,8,60.1,1,4.6,2,94,20,premium,desktop,East,yes,yes
L10304,21,92.4,1,3.72,15,10,68.7,3,7.4,0,18,5,free,mobile,South,yes,yes
L10305,29,44.4,3,3.19,20,5,49.8,5,3.1,0,72,14,free,mobile,North,yes,no
L10306,18,48.9,1,1.52,19,6,37.8,1,6.1,1,58,5,free,desktop,West,yes,no
L10307,28,61.2,0,6.47,20,8,56.1,4,7.3,0,52,10,premium,desktop,East,yes,yes
L10308,17,74.8,5,2.01,9,2,39.0,4,4.9,0,115,6,free,mobile,North,yes,no
L10309,55,96.1,0,2.81,24,9,52.1,4,2.9,0,43,2,basic,desktop,West,yes,yes
L10310,46,70.7,3,3.81,17,9,58.3,2,4.4,0,47,18,free,desktop,West,yes,no
L10311,47,68.3,4,1.2,14,1,61.0,1,5.8,1,93,0,free,mobile,North,yes,no
L10312,38,59.8,2,0.81,19,9,40.7,5,5.7,1,22,18,basic,mobile,South,yes,no
L10313,56,37.6,0,3.83,25,10,64.4,2,4.1,1,52,17,basic,desktop,West,no,no
L10314,31,53.0,0,4.02,9,2,59.8,4,2.6,0,97,8,free,mobile,North,yes,no
L10315,24,45.6,3,7.92,23,0,75.6,4,1.8,0,16,1,premium,mobile,East,yes,no
L10316,19,74.8,5,7.16,18,8,39.7,3,0.4,2,113,2,basic,mobile,West,yes,yes
L10317,32,73.3,4,5.61,20,7,59.6,3,3.9,1,103,15,basic,mobile,North,yes,no
L10318,38,60.3,2,2.68,17,8,48.2,5,2.6,0,51,7,free,desktop,West,yes,no
L10319,37,54.1,1,3.25,10,8,51.3,4,7.4,1,98,10,free,mobile,South,yes,yes
L10320,40,100.0,2,4.7,26,5,51.3,1,5.0,2,36,7,basic,desktop,South,yes,no
L10321,34,84.8,0,1.97,21,6,56.2,4,0.5,0,49,0,free,desktop,South,yes,no
L10322,25,56.3,0,7.13,22,7,77.4,2,4.5,1,33,12,free,mobile,South,yes,yes
L10323,57,41.4,2,6.59,21,8,29.1,3,2.7,1,90,2,basic,desktop,West,yes,yes
L10324,35,82.2,2,5.97,19,1,37.5,3,6.3,1,6,1,free,mobile,South,no,yes
L10325,30,80.8,0,1.0,18,8,53.9,3,1.7,1,79,15,premium,mobile,North,no,yes
L10326,35,81.8,1,9.09,25,0,49.8,2,6.8,0,117,0,basic,desktop,East,yes,yes
L10327,42,62.5,5,6.81,18,0,88.6,3,2.2,0,11,10,premium,mobile,West,yes,yes
L10328,32,49.3,1,1.89,26,0,79.4,2,2.4,1,42,2,free,mobile,West,yes,no
L10329,45,40.9,5,7.29,14,3,73.7,2,2.6,0,87,13,premium,desktop,North,yes,no
L10330,32,48.8,3,3.44,19,0,68.5,3,4.5,0,17,0,basic,desktop,North,yes,yes
L10331,24,55.5,3,3.8,18,2,49.4,4,6.0,2,70,2,premium,desktop,South,yes,no
L10332,59,90.2,2,5.06,20,10,83.6,4,2.2,0,51,13,premium,mobile,East,yes,yes
L10333,43,66.4,3,0.89,17,6,61.3,2,1.9,0,54,7,basic,desktop,South,yes,no
L10334,34,62.8,4,2.12,14,5,55.9,2,4.4,0,31,8,basic,desktop,North,no,no
L10335,55,48.5,5,2.67,22,8,61.6,0,3.6,0,45,21,free,desktop,South,yes,yes
L10336,22,53.8,1,5.0,19,6,40.6,1,3.4,1,37,10,premium,mobile,East,yes,yes
L10337,46,38.0,2,0.71,7,0,81.8,2,2.7,0,87,21,basic,tablet,East,yes,no
L10338,37,19.5,0,4.55,18,5,47.7,6,6.8,1,47,13,basic,mobile,West,yes,no
L10339,50,76.5,1,6.91,18,8,42.7,6,1.8,1,110,19,free,desktop,South,no,yes
L10340,21,100.0,4,1.66,14,0,41.6,3,5.4,0,2,5,basic,desktop,North,no,yes
L10341,35,72.7,5,7.6,10,0,43.4,9,5.0,0,103,12,basic,mobile,East,no,yes
L10342,55,64.2,2,9.15,12,1,75.8,4,2.4,3,8,16,free,mobile,North,yes,no
L10343,55,51.3,1,6.61,15,6,41.0,1,7.4,1,5,9,basic,tablet,East,no,no
L10344,49,63.9,2,3.82,16,10,54.6,3,0.9,3,114,9,free,tablet,East,yes,yes
L10345,32,89.0,1,4.62,20,7,36.0,5,4.0,0,76,1,free,mobile,West,yes,yes
L10346,24,62.6,4,2.24,28,2,97.0,2,4.4,0,117,17,basic,mobile,West,yes,no
L10347,59,63.5,0,6.84,23,9,57.1,2,0.0,0,77,19,free,desktop,West,yes,yes
L10348,26,58.6,5,9.04,21,0,25.6,0,0.0,0,58,13,free,desktop,North,no,no
L10349,51,46.3,1,1.51,20,6,35.5,5,2.7,3,98,13,free,desktop,East,yes,no
L10350,33,33.8,0,2.25,20,10,80.1,2,5.9,2,22,18,free,mobile,East,yes,yes
L10351,17,64.1,0,6.12,13,9,43.7,0,4.9,1,52,14,free,tablet,West,no,no
L10352,44,43.0,5,5.82,23,8,69.4,1,4.6,2,69,19,basic,mobile,East,no,no
L10353,45,62.7,0,2.18,19,3,80.4,0,3.8,1,21,3,free,mobile,East,yes,no
L10354,36,60.9,2,10.22,17,10,49.9,1,3.1,1,38,21,free,mobile,East,yes,no
L10355,18,84.3,2,8.4,15,7,100.0,1,2.1,1,15,6,basic,desktop,South,yes,yes
L10356,33,71.4,2,2.44,19,1,92.9,2,2.7,0,119,7,premium,mobile,East,yes,no
L10357,55,79.0,5,2.16,22,2,78.8,4,8.5,1,22,21,basic,desktop,South,yes,yes
L10358,44,58.2,3,11.94,14,6,26.8,5,4.4,2,92,20,free,mobile,North,yes,no
L10359,44,69.4,2,7.2,14,7,73.8,2,5.3,0,94,5,free,desktop,East,no,no
L10360,41,77.2,0,2.23,19,2,34.2,2,9.0,0,7,8,basic,mobile,North,yes,no
L10361,45,75.5,3,2.14,13,6,52.7,1,2.6,3,95,15,free,desktop,West,yes,yes
L10362,55,71.3,0,3.94,17,6,75.9,0,1.3,2,97,23,premium,mobile,East,yes,yes
L10363,18,73.4,5,2.69,20,8,73.8,3,6.0,1,32,1,basic,desktop,North,yes,yes
L10364,53,82.6,3,1.81,13,6,22.5,2,1.2,0,70,19,free,mobile,North,yes,yes
L10365,43,83.3,4,1.5,22,3,43.1,1,4.5,2,25,13,basic,mobile,East,yes,no
L10366,19,41.1,0,4.22,27,7,59.0,5,3.0,2,38,3,free,mobile,North,yes,no
L10367,43,84.1,4,4.93,17,9,51.7,2,5.2,1,32,7,basic,mobile,South,no,yes
L10368,58,57.5,1,7.11,18,1,44.8,1,3.3,2,77,9,premium,mobile,North,no,no
L10369,18,90.9,1,2.4,17,5,57.9,4,4.7,0,57,12,basic,mobile,East,yes,no
L10370,58,48.6,4,1.76,22,3,56.6,2,7.8,0,40,17,free,desktop,North,no,no
L10371,56,72.3,0,8.74,19,1,68.4,4,5.8,0,17,22,free,mobile,South,yes,no
L10372,53,92.6,2,3.38,20,6,77.0,2,1.9,0,74,3,free,mobile,East,yes,no
L10373,19,93.8,3,6.9,16,0,55.6,3,0.1,1,50,21,basic,mobile,North,yes,no
L10374,54,74.6,0,2.87,9,3,63.0,3,3.0,0,21,9,free,tablet,South,yes,no
L10375,50,68.4,4,6.72,21,10,59.8,4,4.7,1,9,2,basic,desktop,North,yes,yes
L10376,56,78.1,3,8.36,19,3,59.5,0,3.4,0,109,17,basic,desktop,West,no,no
L10377,27,64.9,3,2.53,13,1,40.0,6,0.0,0,100,0,free,mobile,East,yes,no
L10378,54,60.8,0,10.01,20,6,43.8,5,9.1,1,9,12,free,desktop,North,yes,no
L10379,56,83.5,3,12.33,23,5,53.9,2,5.3,0,108,1,premium,mobile,North,yes,yes
L10380,59,63.9,4,4.68,17,8,71.8,3,5.9,1,90,1,free,mobile,North,yes,no
L10381,48,82.8,0,3.09,17,5,47.5,3,3.2,0,35,5,basic,desktop,East,no,yes
L10382,56,50.1,3,2.53,25,1,67.7,4,2.8,0,58,23,free,mobile,East,yes,no
L10383,37,71.8,3,1.05,17,4,52.6,3,5.8,0,6,10,free,mobile,East,yes,yes
L10384,34,45.3,5,2.75,20,6,58.8,3,5.3,0,107,17,free,mobile,East,yes,yes
L10385,47,68.5,5,1.39,19,7,44.1,3,5.4,0,63,6,free,tablet,East,yes,no
L10386,56,72.8,1,1.56,16,4,69.4,5,8.0,2,5,10,free,mobile,North,yes,yes
L10387,37,93.3,1,3.38,15,3,52.9,3,3.9,0,90,13,free,mobile,North,no,no
L10388,30,65.6,2,1.63,20,8,76.2,2,1.9,0,86,3,free,mobile,North,yes,no
L10389,38,31.8,3,2.65,21,10,31.5,4,4.4,0,41,7,free,mobile,North,yes,no
L10390,23,71.3,1,2.03,17,8,47.1,2,3.6,0,115,20,premium,mobile,North,yes,yes
L10391,45,64.9,4,4.35,15,6,0.0,2,5.9,1,1,9,basic,desktop,East,no,yes
L10392,18,38.0,2,8.12,14,6,52.6,3,6.5,0,23,19,free,desktop,West,yes,no
L10393,23,59.9,1,9.93,10,6,48.6,3,2.8,2,25,10,premium,desktop,South,yes,yes
L10394,43,55.1,4,4.87,16,1,34.3,1,2.5,1,61,15,basic,desktop,West,yes,no
L10395,46,68.0,3,4.54,18,8,48.3,5,3.8,1,82,21,free,tablet,North,no,no
L10396,36,45.8,1,2.84,17,10,50.7,1,8.1,0,99,11,free,desktop,East,yes,no
L10397,28,74.9,4,2.87,16,9,48.1,4,0.5,2,80,23,free,mobile,West,yes,no
L10398,47,84.3,5,3.32,15,7,52.4,3,3.9,2,33,5,basic,desktop,West,no,yes
L10399,47,71.4,5,2.79,18,1,43.1,3,6.8,0,37,6,premium,desktop,East,yes,no
L10400,18,82.7,1,4.48,19,3,52.1,1,4.4,0,86,9,free,desktop,South,yes,no
L10401,21,81.9,3,5.57,13,5,53.9,3,6.0,3,41,3,free,mobile,West,yes,yes
L10402,18,63.1,0,3.19,21,0,27.9,0,2.6,1,20,7,free,mobile,North,yes,no
L10403,33,82.5,3,9.96,14,10,49.1,5,4.7,2,50,2,free,mobile,East,yes,yes
L10404,58,76.1,3,2.88,35,6,47.9,4,6.0,4,48,23,free,mobile,South,no,yes
L10405,22,43.8,3,4.69,22,6,72.5,2,3.7,1,89,14,free,mobile,North,yes,no
L10406,50,44.0,0,2.05,20,9,58.2,4,6.4,2,101,20,basic,mobile,West,yes,no
L10407,30,44.4,3,1.86,13,0,79.9,2,7.3,0,5,4,premium,mobile,West,yes,no
L10408,24,56.9,0,9.13,22,9,55.2,4,8.1,1,74,17,basic,mobile,West,yes,yes
L10409,44,71.9,1,1.28,13,2,28.3,2,6.1,1,78,13,basic,tablet,South,no,no
L10410,51,55.5,0,4.39,17,2,40.0,4,0.9,0,30,9,free,mobile,North,yes,no
L10411,33,65.7,1,5.75,12,7,27.9,3,3.2,0,66,10,free,mobile,East,yes,yes
L10412,44,67.0,3,12.01,11,0,33.9,2,5.8,2,102,7,premium,desktop,South,no,no
L10413,25,46.5,4,16.07,18,9,76.7,2,4.9,0,63,18,premium,tablet,East,yes,yes
L10414,40,47.7,2,2.71,14,6,51.3,1,4.3,2,21,13,premium,mobile,West,yes,no
L10415,49,57.1,0,4.51,15,7,48.3,4,4.6,2,47,8,free,desktop,West,yes,no
L10416,59,61.5,1,4.66,18,10,49.4,3,2.5,0,119,2,basic,mobile,West,yes,yes
L10417,38,47.0,4,3.77,14,0,37.4,0,2.1,3,117,11,basic,desktop,West,yes,no
L10418,58,62.1,3,3.35,17,7,80.7,2,2.5,0,111,22,free,desktop,West,no,no
L10419,47,52.7,1,0.39,25,3,78.1,3,6.1,1,52,20,premium,desktop,North,yes,no
L10420,47,52.9,3,1.6,24,7,55.1,4,5.1,1,112,23,basic,mobile,North,yes,yes
L10421,41,35.4,5,0.63,19,3,44.6,4,1.9,0,63,7,basic,desktop,South,yes,no
L10422,21,44.8,2,2.81,19,1,30.7,2,6.2,0,109,7,free,desktop,East,yes,no
L10423,20,70.7,1,6.61,11,10,55.6,1,3.9,1,6,17,free,desktop,South,yes,yes
L10424,31,79.3,3,5.38,13,1,78.2,5,5.6,1,53,8,premium,desktop,West,yes,no
L10425,33,58.2,5,5.38,16,4,48.5,0,5.1,1,113,3,free,mobile,South,no,no
L10426,34,67.7,5,0.44,13,2,57.5,4,0.9,0,97,17,basic,mobile,East,no,no
L10427,24,57.7,4,3.55,18,9,60.9,5,0.0,1,38,18,free,mobile,South,yes,yes
L10428,56,66.1,3,4.62,10,6,40.3,4,0.2,1,103,10,free,tablet,East,yes,no
L10429,50,72.3,1,0.68,19,1,91.5,3,3.8,0,4,20,free,desktop,South,yes,no
L10430,58,65.5,4,7.18,23,0,85.0,1,3.3,0,1,1,free,,East,no,no
L10431,33,68.1,1,3.54,16,10,67.6,3,5.2,1,61,14,basic,mobile,East,yes,no
L10432,27,51.5,0,4.87,20,8,15.0,0,4.8,1,1,3,free,mobile,North,yes,yes
L10433,23,57.4,0,5.0,15,4,46.4,6,2.0,0,12,10,free,desktop,North,no,no
L10434,38,59.8,3,4.02,16,8,33.3,2,1.4,1,95,0,free,mobile,North,yes,yes
L10435,45,41.8,3,5.72,27,9,82.8,3,2.9,1,103,10,premium,desktop,East,yes,yes
L10436,36,74.7,3,2.22,19,0,59.2,1,4.8,0,100,5,free,mobile,North,yes,yes
L10437,53,74.1,1,2.3,18,3,54.4,2,5.5,0,87,5,free,desktop,East,yes,no
L10438,48,74.5,5,5.09,15,10,58.3,0,4.3,0,60,17,free,mobile,South,yes,yes
L10439,56,55.1,4,12.77,21,8,75.6,4,10.0,0,91,17,premium,mobile,South,yes,yes
L10440,58,53.8,0,3.41,13,1,8.1,1,4.0,1,34,9,free,mobile,South,yes,no
L10441,30,59.3,5,4.81,23,1,71.3,4,3.0,0,71,3,basic,desktop,North,yes,yes
L10442,32,41.1,0,5.8,14,6,83.3,5,3.1,2,80,10,free,desktop,East,yes,no
L10443,57,63.5,4,1.35,20,8,53.3,4,0.6,0,115,14,free,mobile,West,yes,no
L10444,27,54.3,2,7.07,27,6,59.4,1,3.8,0,83,23,premium,desktop,South,yes,no
L10445,53,67.8,5,4.36,17,2,54.4,5,4.3,0,39,19,free,desktop,South,no,no
L10446,41,54.6,3,0.59,24,3,43.0,4,0.0,0,75,10,basic,mobile,East,yes,no
L10447,19,45.5,1,4.7,13,2,28.6,2,6.6,0,96,21,premium,desktop,North,yes,yes
L10448,49,81.6,1,1.49,21,0,68.9,2,4.9,0,5,1,premium,mobile,North,yes,no
L10449,22,77.5,5,10.1,21,3,,2,5.3,1,84,14,free,mobile,West,yes,no
L10450,47,44.4,3,1.33,16,1,67.0,1,5.6,2,109,23,basic,desktop,North,yes,no
L10451,29,64.4,0,1.83,13,1,39.4,5,4.9,1,23,7,premium,mobile,West,yes,yes
L10452,41,65.5,2,4.58,22,8,75.4,2,3.6,1,23,2,premium,desktop,East,yes,yes
L10453,49,65.4,2,5.36,23,7,53.2,4,4.3,0,82,19,basic,desktop,South,yes,yes
L10454,31,66.0,1,4.09,19,2,52.1,3,3.2,1,60,2,basic,mobile,West,yes,no
L10455,20,55.4,0,2.46,20,8,84.8,1,5.8,1,31,23,premium,mobile,East,yes,yes
L10456,29,54.3,2,1.81,24,6,91.8,4,3.8,3,31,23,free,mobile,West,yes,yes
L10457,21,49.3,1,6.33,10,4,95.2,3,3.6,1,84,21,free,desktop,East,yes,no
L10458,17,52.2,5,1.81,18,2,53.0,1,8.1,1,119,21,basic,mobile,North,yes,no
L10459,56,48.2,5,8.8,17,0,84.1,1,6.0,1,87,19,basic,desktop,North,yes,yes
L10460,57,86.4,2,9.31,12,1,63.1,6,6.5,0,95,23,premium,desktop,North,yes,yes
L10461,54,64.4,0,4.02,14,8,36.3,0,4.3,3,57,19,free,mobile,North,yes,yes
L10462,19,56.3,3,3.99,20,10,28.3,2,3.5,0,69,12,premium,mobile,East,yes,yes
L10463,38,89.8,2,1.77,19,3,42.9,3,3.0,1,96,5,premium,tablet,West,yes,no
L10464,43,54.5,3,1.77,18,10,56.5,6,6.2,2,106,17,free,tablet,East,no,yes
L10465,18,65.0,0,7.13,19,10,38.4,2,5.3,0,84,10,free,desktop,West,yes,no
L10466,42,82.7,2,3.27,25,10,68.3,3,3.1,2,56,5,basic,desktop,West,yes,yes
L10467,35,78.0,3,1.83,14,8,53.8,1,0.0,1,34,13,free,tablet,West,yes,no
L10468,22,46.6,4,5.02,15,10,92.4,2,4.5,0,91,9,premium,mobile,West,yes,yes
L10469,20,72.8,5,4.7,21,1,96.0,3,6.8,2,8,17,free,desktop,South,no,no
L10470,44,83.2,2,2.56,10,3,46.9,2,0.0,1,27,17,premium,mobile,West,yes,no
L10471,19,71.4,1,8.9,13,1,38.8,4,6.5,2,46,22,basic,desktop,East,no,no
L10472,31,68.9,0,4.12,15,1,39.4,7,3.1,1,12,8,premium,mobile,South,yes,no
L10473,48,63.8,0,1.94,19,8,26.5,6,2.4,1,106,0,basic,mobile,North,yes,yes
L10474,56,78.4,1,0.8,17,5,55.1,1,1.8,2,91,15,premium,mobile,North,yes,yes
L10475,37,54.2,0,7.82,15,3,70.8,6,6.1,3,95,1,free,desktop,West,yes,yes
L10476,50,64.3,4,3.47,17,8,79.7,4,5.3,3,71,15,premium,mobile,North,yes,yes
L10477,23,58.9,1,5.17,15,2,55.4,3,5.2,2,20,10,free,mobile,South,yes,no
L10478,56,83.4,4,0.31,13,4,59.6,3,3.4,0,76,1,free,mobile,North,yes,no
L10479,50,72.7,5,4.97,25,1,53.9,4,5.2,0,40,0,basic,mobile,West,no,yes
L10480,45,74.5,4,10.89,23,6,56.4,3,3.5,2,94,20,free,mobile,North,yes,yes
L10481,59,58.5,5,3.23,17,3,71.8,4,5.9,2,8,21,basic,mobile,North,yes,yes
L10482,24,32.8,0,2.5,13,10,66.2,10,4.3,1,5,5,free,desktop,South,yes,no
L10483,48,48.0,4,2.49,13,0,83.8,2,0.1,1,2,5,basic,desktop,North,yes,no
L10484,33,61.0,5,4.8,10,2,53.7,3,8.6,1,71,12,free,desktop,South,yes,no
L10485,52,70.6,0,5.97,19,7,52.3,3,0.4,1,7,17,free,mobile,West,yes,no
L10486,23,66.7,2,2.87,8,3,33.4,0,3.8,0,40,10,free,desktop,West,yes,no
L10487,32,73.6,4,3.24,18,5,61.1,2,3.6,1,88,23,free,desktop,North,yes,yes
L10488,45,96.9,5,2.77,15,1,41.2,3,4.6,0,12,17,free,desktop,East,yes,no
L10489,44,61.8,3,2.5,19,8,69.1,3,6.6,0,71,22,basic,desktop,South,yes,yes
L10490,59,42.1,2,14.06,18,5,15.0,4,3.4,2,79,8,free,desktop,North,yes,yes
L10491,24,61.6,0,5.04,19,3,12.5,2,3.5,1,110,2,basic,tablet,South,yes,no
L10492,37,66.3,4,1.57,24,0,79.0,6,5.2,0,28,18,free,desktop,West,yes,yes
L10493,33,55.3,1,2.19,24,7,69.7,1,4.9,0,78,20,free,mobile,West,yes,yes
L10494,51,84.8,5,1.5,18,10,76.2,1,3.6,1,21,0,basic,desktop,East,yes,yes
L10495,28,67.6,3,5.85,15,0,60.4,2,2.0,3,67,21,basic,desktop,North,yes,no
L10496,32,60.2,5,6.98,17,6,20.7,6,8.4,1,16,23,free,desktop,North,yes,no
L10497,39,72.3,2,4.69,15,9,27.3,2,7.5,1,98,22,basic,desktop,West,yes,yes
L10498,34,76.6,0,1.35,16,4,58.4,4,5.6,0,44,3,premium,mobile,South,yes,no
L10499,30,60.7,0,5.95,11,6,32.5,1,2.8,1,60,3,premium,tablet,South,no,no
L10500,24,61.6,0,0.84,22,2,56.5,4,2.0,2,6,14,free,desktop,South,yes,no
L10501,41,60.2,0,9.47,14,0,44.9,7,4.8,0,29,14,basic,desktop,West,yes,no
L10502,18,83.4,2,1.54,20,0,57.4,4,1.6,1,114,12,free,mobile,North,no,no
L10503,29,71.0,5,1.35,18,7,43.7,3,5.7,0,76,22,free,tablet,East,yes,no
L10504,53,44.4,3,7.26,18,8,71.8,2,5.8,1,32,17,free,mobile,North,no,yes
L10505,39,55.6,2,1.92,14,1,51.3,3,0.0,0,6,13,basic,desktop,North,yes,no
L10506,51,67.4,4,0.54,20,2,75.3,3,6.1,1,22,7,premium,mobile,East,yes,no
L10507,37,47.5,2,4.8,15,10,91.0,3,0.6,0,40,13,premium,desktop,North,yes,yes
L10508,28,50.2,3,5.75,12,2,57.0,5,,0,95,4,free,mobile,North,yes,no
L10509,38,61.4,4,7.46,23,9,60.6,3,4.4,4,23,13,free,tablet,North,yes,no
L10510,45,57.3,2,3.25,16,4,71.2,3,6.5,0,5,15,free,desktop,South,yes,yes
L10511,41,48.2,0,4.75,21,7,69.5,3,6.0,1,107,4,free,desktop,East,yes,no
L10512,53,97.6,4,7.09,16,1,67.0,4,4.7,1,24,10,free,desktop,West,yes,yes
L10513,38,46.6,5,3.19,18,4,82.4,4,0.0,1,101,11,free,desktop,North,yes,yes
L10514,39,47.3,3,3.62,16,4,90.0,5,4.8,2,52,7,free,mobile,West,yes,yes
L10515,34,73.5,4,3.92,18,0,46.6,3,3.4,0,92,7,basic,mobile,South,yes,no
L10516,47,82.0,1,8.4,20,8,60.1,5,1.5,0,53,22,basic,desktop,East,yes,no
L10517,24,88.0,1,1.41,11,2,79.6,2,6.9,1,33,20,free,mobile,East,yes,no
L10518,22,65.4,3,3.61,20,10,82.5,2,4.7,1,80,9,free,desktop,North,yes,yes
L10519,51,75.7,4,2.37,24,7,55.6,1,1.2,1,88,2,premium,mobile,West,yes,yes
L10520,35,65.0,1,7.38,20,5,70.6,2,2.7,2,95,17,free,desktop,West,yes,no
L10521,44,69.6,2,12.46,16,9,54.2,2,6.7,1,5,6,basic,mobile,North,yes,yes
L10522,42,73.0,1,1.89,17,8,30.1,8,3.7,0,4,1,basic,desktop,West,yes,yes
L10523,58,58.9,1,1.04,19,7,36.4,7,6.8,2,65,21,free,mobile,West,yes,no
L10524,19,66.3,5,5.0,15,2,79.5,6,4.6,1,45,15,free,mobile,North,yes,no
L10525,21,67.5,5,2.3,19,9,75.7,2,7.3,0,36,23,free,tablet,South,yes,no
L10526,36,73.8,5,8.81,20,7,35.8,1,3.3,0,14,7,premium,mobile,West,yes,yes
L10527,36,54.6,4,12.62,21,3,27.1,3,4.6,0,73,0,basic,mobile,West,yes,yes
L10528,49,64.8,2,0.84,16,3,49.3,4,5.4,1,44,1,free,desktop,North,yes,yes
L10529,46,59.2,3,6.83,18,8,31.3,5,4.7,1,39,20,free,desktop,South,yes,yes
L10530,20,36.5,2,7.14,20,1,88.7,2,6.8,2,51,12,basic,desktop,East,yes,yes
L10531,39,60.9,0,2.16,11,0,40.2,4,1.4,0,10,8,free,tablet,North,yes,no
L10532,34,65.4,1,2.68,12,4,70.4,3,2.5,0,48,19,free,desktop,East,no,no
L10533,50,57.2,4,2.13,24,1,26.8,3,4.4,1,4,8,free,mobile,West,yes,no
L10534,50,52.9,0,5.45,14,2,35.3,3,2.0,0,49,22,premium,mobile,West,yes,no
L10535,57,89.3,0,6.04,14,0,70.1,0,5.8,1,41,20,free,mobile,East,yes,yes
L10536,25,58.0,4,3.98,11,2,77.6,3,2.4,0,65,11,free,mobile,North,yes,no
L10537,28,58.1,3,1.45,15,5,66.4,3,3.7,2,91,22,premium,mobile,North,yes,no
L10538,37,38.5,4,6.59,18,9,66.9,4,6.0,0,104,18,basic,tablet,North,yes,yes
L10539,36,65.9,1,4.26,10,0,46.6,2,3.1,0,32,8,premium,desktop,North,no,no
L10540,32,49.4,3,3.98,13,5,65.7,3,4.0,1,46,11,premium,desktop,South,yes,no
L10541,50,50.3,1,2.21,14,7,44.4,1,0.9,0,29,10,premium,tablet,East,yes,no
L10542,58,63.5,4,0.43,20,2,60.0,3,3.6,1,104,7,basic,mobile,North,no,yes
L10543,50,76.5,2,0.12,22,5,25.9,5,4.2,0,31,13,basic,desktop,East,no,no
L10544,40,66.5,4,5.65,17,2,24.7,2,3.6,2,38,18,basic,desktop,North,yes,no
L10545,32,76.4,0,3.66,16,8,15.9,2,0.0,0,30,12,basic,mobile,North,yes,no
L10546,58,56.2,0,0.72,22,1,58.2,3,5.6,1,31,10,premium,mobile,East,yes,yes
L10547,54,51.6,0,4.78,16,1,47.2,5,4.1,2,38,13,free,mobile,East,yes,no
L10548,46,38.2,1,1.7,21,3,13.1,2,6.6,1,99,7,basic,desktop,North,yes,no
L10549,50,84.6,5,3.35,23,7,42.3,5,4.0,1,56,16,premium,desktop,North,yes,yes
L10550,52,76.8,1,2.81,12,9,40.1,6,3.1,1,28,2,free,mobile,North,yes,yes
L10551,26,62.8,4,2.02,24,3,93.7,0,4.6,1,28,18,free,mobile,North,no,yes
L10552,55,59.7,0,2.44,20,8,50.8,3,3.0,0,64,13,free,tablet,West,yes,no
L10553,19,82.1,0,0.83,16,5,68.3,2,2.1,0,55,18,free,mobile,South,yes,yes
L10554,54,67.3,2,3.91,16,4,100.0,2,,4,119,23,free,desktop,East,yes,no
L10555,25,35.9,5,11.52,12,9,40.3,3,4.6,0,49,4,free,mobile,East,yes,yes
L10556,50,57.0,4,7.44,11,7,57.5,3,2.5,0,46,8,premium,mobile,South,yes,yes
L10557,53,76.0,2,6.22,22,2,39.8,3,4.0,0,67,5,free,desktop,West,yes,yes
L10558,46,28.0,3,3.63,29,10,69.8,3,6.4,3,44,11,basic,mobile,South,no,no
L10559,54,72.6,3,2.7,13,3,70.7,1,3.8,0,12,14,free,mobile,South,yes,yes
L10560,52,70.7,0,6.76,11,1,67.5,2,3.4,1,62,7,basic,desktop,North,yes,no
L10561,38,80.5,0,4.09,17,8,54.2,1,3.8,0,91,12,free,desktop,West,no,yes
L10562,30,67.7,2,2.39,24,3,55.8,4,2.7,0,87,16,free,mobile,West,yes,no
L10563,29,62.4,0,1.85,19,3,46.9,2,4.5,2,99,3,free,mobile,North,yes,no
L10564,48,63.9,1,6.11,14,3,51.9,2,1.2,1,80,6,premium,desktop,East,no,no
L10565,34,59.4,1,5.05,21,4,49.5,2,6.5,1,35,14,basic,tablet,West,yes,no
L10566,37,74.6,1,1.45,15,6,30.2,4,8.1,2,52,16,premium,desktop,West,yes,yes
L10567,26,65.1,3,1.82,17,6,67.0,2,2.6,1,112,17,free,desktop,South,yes,no
L10568,47,77.1,1,6.51,30,2,31.0,1,5.9,0,100,7,free,mobile,West,no,yes
L10569,42,32.7,5,7.21,15,8,,1,6.9,0,27,12,free,desktop,North,yes,yes
L10570,50,63.6,5,13.52,15,2,71.6,6,0.0,1,62,15,premium,mobile,West,yes,no
L10571,48,54.4,5,0.37,21,1,41.7,2,7.5,1,2,20,basic,desktop,West,yes,no
L10572,57,74.9,3,1.59,14,0,30.0,3,5.9,1,14,1,premium,mobile,East,yes,no
L10573,43,43.6,3,2.47,17,0,14.8,7,3.8,0,55,9,free,desktop,South,yes,no
L10574,20,67.0,4,5.26,18,7,82.5,3,2.8,0,4,11,basic,mobile,South,yes,yes
L10575,47,72.2,5,1.79,16,5,47.9,6,4.1,1,50,1,basic,mobile,West,yes,yes
L10576,36,75.0,4,3.12,25,9,66.0,5,6.5,0,79,18,basic,mobile,East,no,yes
L10577,50,52.2,2,4.47,19,8,48.3,4,2.5,2,12,5,free,desktop,North,yes,no
L10578,52,79.5,1,2.66,11,7,27.5,2,5.3,1,79,14,basic,desktop,North,yes,no
L10579,29,68.2,1,4.17,20,5,82.9,1,3.2,1,52,9,premium,mobile,North,yes,no
L10580,44,64.9,1,4.52,24,4,48.3,2,2.7,0,13,1,premium,desktop,South,no,yes
L10581,48,63.5,3,8.64,14,7,88.6,5,2.2,1,34,22,free,desktop,West,yes,yes
L10582,20,30.6,3,8.29,14,4,50.8,5,0.0,0,82,19,basic,mobile,South,yes,no
L10583,55,89.6,4,5.51,23,8,29.8,2,5.1,0,13,10,free,desktop,South,yes,yes
L10584,18,62.8,1,5.37,17,6,53.8,4,5.5,0,25,20,free,mobile,West,yes,yes
L10585,35,68.7,3,2.87,19,0,66.5,1,6.3,1,67,6,free,mobile,North,yes,no
L10586,36,62.6,1,3.5,20,3,78.4,3,5.9,0,83,17,free,desktop,East,yes,no
L10587,19,46.4,1,1.53,17,3,13.4,1,2.8,1,118,15,free,mobile,East,yes,no
L10588,32,51.1,5,3.1,11,3,49.1,0,3.9,0,89,21,premium,tablet,West,yes,yes
L10589,25,82.2,1,2.42,22,10,50.3,3,4.2,0,81,8,free,mobile,North,yes,yes
L10590,23,45.9,2,4.29,15,3,66.7,4,7.9,0,12,13,free,mobile,South,no,no
L10591,33,61.0,3,1.42,16,0,48.6,4,6.1,0,29,22,free,tablet,West,yes,no
L10592,42,66.4,4,1.45,11,10,99.2,1,7.3,1,37,7,basic,desktop,North,yes,yes
L10593,19,57.9,1,1.41,17,3,53.5,4,6.3,1,33,12,basic,mobile,East,yes,no
L10594,44,18.2,5,4.87,17,9,48.1,2,4.0,1,102,6,premium,desktop,South,yes,yes
L10595,38,79.8,3,3.07,16,7,54.6,3,5.9,1,83,0,basic,mobile,East,yes,yes
L10596,23,48.6,5,4.6,30,9,73.9,9,0.0,0,73,17,premium,desktop,South,yes,yes
L10597,57,45.7,5,2.9,12,9,33.8,1,6.4,0,79,2,free,desktop,West,yes,yes
L10598,47,69.9,3,1.27,14,10,35.8,2,4.3,1,87,14,free,desktop,North,yes,yes
L10599,47,57.0,1,3.4,21,0,,3,4.1,0,81,17,premium,desktop,East,yes,no
L10600,58,50.2,3,7.42,17,1,72.1,6,7.1,0,89,10,free,desktop,East,yes,no
L10601,26,32.3,0,4.29,15,7,55.6,4,6.9,1,103,13,premium,mobile,South,yes,no
L10602,53,35.6,3,6.84,16,8,59.1,3,1.4,1,62,4,premium,desktop,East,yes,yes
L10603,58,56.0,5,0.81,11,8,43.8,4,4.0,1,3,6,basic,desktop,North,yes,yes
L10604,47,86.7,2,11.12,17,5,79.3,0,1.7,1,88,10,basic,mobile,South,yes,no
L10605,30,64.4,4,1.52,24,9,68.4,3,5.7,1,29,1,premium,tablet,West,yes,yes
L10606,17,56.0,5,3.47,17,7,46.4,1,4.5,3,31,12,basic,mobile,South,yes,no
L10607,19,65.8,1,1.69,13,2,51.0,4,1.8,3,19,14,free,mobile,West,yes,no
L10608,39,60.9,5,14.23,11,5,31.3,2,4.7,0,7,19,free,desktop,West,yes,yes
L10609,20,79.4,2,8.73,22,8,78.8,2,5.3,0,46,12,free,desktop,North,yes,yes
L10610,50,75.6,1,7.23,10,10,98.0,3,2.7,1,70,4,basic,mobile,South,no,yes
L10611,41,60.7,0,6.71,27,9,13.6,3,3.6,0,40,6,premium,desktop,North,no,yes
L10612,37,78.2,3,4.9,15,6,50.6,2,3.4,0,62,19,free,desktop,North,yes,no
L10613,33,46.1,0,3.64,14,9,71.8,1,8.0,0,60,16,free,desktop,South,no,no
L10614,57,29.9,0,11.35,11,3,62.1,0,4.0,0,113,23,free,mobile,West,yes,no
L10615,56,47.0,5,8.79,19,4,70.7,2,4.9,0,53,2,basic,desktop,North,yes,yes
L10616,44,73.4,0,4.56,19,9,57.1,2,4.1,1,66,7,basic,desktop,South,yes,no
L10617,35,81.1,4,1.58,17,6,71.4,3,2.9,0,75,22,free,mobile,North,yes,no
L10618,57,82.0,0,10.1,11,6,67.4,3,1.9,0,75,14,free,tablet,North,yes,no
L10619,47,46.8,3,3.24,16,4,83.9,3,5.7,0,76,4,basic,mobile,West,yes,no
L10620,39,66.7,3,9.76,17,8,50.3,2,3.3,2,64,16,premium,desktop,West,yes,no
L10621,59,64.0,1,11.85,17,8,76.9,4,5.0,0,12,14,basic,desktop,South,yes,yes
L10622,56,83.8,2,4.81,18,2,45.2,4,6.9,2,69,20,free,desktop,South,no,yes
L10623,17,75.3,0,1.31,20,6,37.5,3,6.1,1,85,3,basic,mobile,West,yes,no
L10624,35,78.8,0,3.23,10,5,66.0,3,5.7,2,114,22,basic,desktop,East,yes,no
L10625,33,65.0,5,0.32,18,1,64.3,7,5.6,1,23,9,basic,tablet,South,yes,no
L10626,34,78.8,1,2.83,12,0,45.5,1,4.3,0,76,5,free,desktop,North,yes,no
L10627,41,69.2,4,4.72,19,6,45.3,8,1.9,0,44,15,basic,desktop,West,yes,yes
L10628,32,59.3,1,3.05,20,7,59.9,1,5.1,2,76,18,basic,mobile,North,no,no
L10629,19,41.6,4,5.35,15,0,86.4,2,2.2,2,103,0,basic,desktop,North,yes,yes
L10630,24,26.8,1,4.03,15,0,67.3,4,4.9,0,117,1,basic,desktop,South,yes,yes
L10631,25,65.8,0,5.22,16,2,25.7,2,2.3,1,14,10,free,desktop,West,yes,no
L10632,47,50.1,5,4.53,16,1,63.7,3,2.8,0,37,0,free,desktop,South,yes,no
L10633,35,70.6,1,8.46,25,10,38.1,3,5.0,0,64,15,premium,desktop,South,no,yes
L10634,56,43.1,1,1.31,25,6,46.5,4,4.6,0,23,11,premium,desktop,East,yes,yes
L10635,25,67.6,5,5.31,18,8,58.3,3,6.1,0,98,6,premium,mobile,West,yes,yes
L10636,35,61.1,2,0.77,14,2,55.5,1,7.1,2,58,12,free,mobile,South,yes,no
L10637,43,60.4,3,1.57,16,2,46.8,6,3.3,0,66,3,basic,mobile,South,yes,no
L10638,21,50.0,2,1.01,13,0,45.2,2,6.3,0,67,3,free,tablet,East,yes,no
L10639,54,70.1,5,5.79,20,6,45.5,2,2.6,1,103,1,basic,desktop,North,yes,yes
L10640,21,53.9,4,5.96,20,6,64.0,4,0.3,1,55,9,free,mobile,East,yes,no
L10641,48,60.0,1,11.08,20,0,58.9,3,5.9,0,68,16,premium,mobile,South,yes,yes
L10642,24,57.6,1,2.12,20,8,54.2,2,3.8,1,105,11,free,desktop,South,yes,yes
L10643,47,53.5,1,3.14,15,3,47.1,2,4.5,1,44,3,free,mobile,West,yes,no
L10644,19,78.3,5,2.84,21,2,50.5,2,3.4,2,34,1,premium,mobile,East,yes,no
L10645,30,57.3,3,5.76,24,6,73.0,8,3.6,1,83,20,basic,mobile,North,yes,no
L10646,48,62.0,2,2.78,16,0,49.0,0,2.4,0,4,0,free,desktop,South,yes,no
L10647,37,65.2,1,3.32,19,4,62.4,0,6.6,1,69,19,free,desktop,North,no,yes
L10648,22,57.5,1,2.11,23,2,51.0,3,5.9,1,25,2,free,desktop,West,yes,no
L10649,23,73.6,5,0.69,21,2,54.0,4,5.5,0,70,11,basic,desktop,North,yes,no
L10650,25,58.0,2,1.1,19,3,46.2,2,6.2,1,77,20,premium,desktop,North,yes,yes
L10651,37,59.0,1,2.58,17,10,69.3,3,2.6,0,21,3,basic,mobile,East,yes,no
L10652,34,64.8,5,8.39,22,1,91.7,4,4.5,1,114,5,free,mobile,East,yes,yes
L10653,52,73.0,5,1.79,15,8,47.4,3,1.7,0,86,21,basic,tablet,North,yes,yes
L10654,52,67.8,1,3.14,14,8,78.5,4,2.2,0,52,18,basic,desktop,North,yes,yes
L10655,30,60.3,0,7.93,23,10,78.9,1,3.9,2,90,21,basic,desktop,West,yes,yes
L10656,37,70.6,4,3.34,24,9,23.2,4,4.2,2,13,13,free,mobile,North,yes,no
L10657,19,54.9,2,4.86,18,5,12.7,2,2.7,2,75,2,free,desktop,West,yes,no
L10658,55,52.4,4,0.6,22,1,51.1,3,5.7,1,110,4,free,tablet,North,yes,yes
L10659,26,45.6,4,2.96,21,10,41.0,1,0.2,1,27,23,basic,mobile,North,yes,yes
L10660,23,72.1,3,0.45,22,6,64.3,3,4.3,0,14,3,free,mobile,South,yes,yes
L10661,29,51.3,2,3.52,18,1,59.8,0,5.8,1,95,22,basic,mobile,West,no,no
L10662,27,46.9,1,1.2,15,1,78.2,4,5.2,1,103,2,basic,desktop,North,yes,no
L10663,48,70.9,4,3.73,19,6,62.1,4,3.7,0,31,6,premium,mobile,West,no,no
L10664,24,76.7,1,5.93,20,5,54.6,5,2.4,0,33,10,basic,desktop,West,yes,yes
L10665,45,56.2,2,1.75,19,4,42.0,0,3.7,1,105,2,premium,desktop,East,no,no
L10666,57,63.2,1,6.15,20,5,52.2,0,3.9,0,34,10,free,mobile,South,yes,no
L10667,38,51.3,2,3.15,16,2,78.0,1,5.1,2,42,21,premium,desktop,West,yes,yes
L10668,27,81.9,5,0.65,16,9,70.4,4,3.5,2,66,1,free,desktop,North,yes,yes
L10669,19,75.7,1,1.3,15,5,70.5,4,2.8,0,96,17,free,mobile,West,yes,no
L10670,50,49.6,0,4.72,13,1,27.3,4,1.2,1,13,13,premium,tablet,West,yes,no
L10671,44,45.1,1,4.36,19,7,100.0,4,2.6,1,107,14,basic,mobile,West,yes,yes
L10672,51,62.0,5,0.67,18,3,68.0,6,4.1,1,10,20,free,mobile,East,yes,yes
L10673,39,74.0,1,0.57,21,6,73.6,3,4.7,0,29,0,free,mobile,North,no,no
L10674,22,58.9,5,6.97,15,1,81.4,4,4.7,1,74,7,premium,desktop,South,yes,yes
L10675,29,94.4,4,7.89,17,9,67.1,2,6.1,0,59,3,premium,mobile,West,no,yes
L10676,22,54.2,3,7.26,19,8,89.6,3,3.3,0,47,9,free,mobile,South,no,no
L10677,42,45.6,4,10.0,14,5,32.3,1,7.6,2,101,0,premium,mobile,West,no,no
L10678,42,66.1,4,9.53,10,10,66.6,3,6.1,2,88,15,premium,desktop,North,yes,yes
L10679,17,62.2,5,2.5,20,8,50.3,4,1.9,2,6,14,basic,desktop,West,yes,yes
L10680,34,74.0,4,0.31,14,1,66.1,5,4.9,0,110,19,free,,West,yes,no
L10681,24,96.7,1,2.83,14,2,78.9,4,3.7,2,108,18,free,mobile,North,yes,no
L10682,37,67.5,0,4.86,24,7,52.6,6,6.1,1,2,6,free,mobile,North,yes,no
L10683,59,59.3,5,7.29,14,3,51.5,5,4.6,1,112,12,premium,tablet,North,yes,no
L10684,53,58.8,5,8.36,19,3,40.4,7,4.2,1,65,18,basic,tablet,South,yes,no
L10685,29,85.6,1,6.29,19,1,60.4,5,7.7,0,71,13,premium,mobile,West,yes,yes
L10686,46,60.8,4,2.79,20,2,61.0,5,5.3,0,43,13,free,desktop,East,yes,yes
L10687,41,64.9,2,1.59,18,0,48.0,5,1.5,1,83,16,premium,mobile,North,yes,yes
L10688,40,61.9,3,2.45,15,6,43.6,2,7.5,3,68,18,free,mobile,North,yes,no
L10689,47,49.6,2,3.79,17,1,52.7,2,3.7,2,115,19,free,desktop,North,yes,no
L10690,26,69.2,4,10.35,17,1,50.9,2,4.8,1,89,19,basic,desktop,North,yes,yes
L10691,18,65.4,3,2.73,19,2,54.3,5,2.2,1,18,23,free,desktop,West,yes,yes
L10692,56,74.6,1,5.2,18,7,62.7,1,3.8,1,31,13,basic,tablet,South,yes,no
L10693,52,61.6,3,6.72,20,10,59.5,2,6.6,1,66,23,free,desktop,North,no,yes
L10694,35,58.8,0,1.94,15,6,23.0,3,6.5,1,96,15,free,desktop,West,yes,no
L10695,26,77.4,2,3.06,14,0,47.0,2,4.7,2,54,15,free,mobile,East,yes,yes
L10696,33,52.0,3,1.99,21,1,59.8,2,4.3,1,74,18,free,mobile,North,yes,no
L10697,36,48.2,5,3.36,17,9,63.8,4,3.5,1,112,3,free,desktop,South,no,no
L10698,40,59.8,2,1.53,14,1,28.2,2,1.4,1,119,2,basic,tablet,South,yes,no
L10699,39,59.5,1,5.71,20,2,54.9,4,3.8,0,76,16,basic,desktop,East,yes,no
L10700,54,70.2,0,6.77,18,9,37.2,2,4.4,3,50,20,free,desktop,North,yes,yes
L10701,26,50.6,2,7.01,18,3,95.4,3,4.7,1,117,18,free,mobile,North,yes,no
L10702,58,32.5,2,2.71,23,8,58.6,5,7.9,1,20,3,free,desktop,South,yes,no
L10703,38,49.6,4,0.61,21,7,90.1,2,1.1,2,55,23,basic,mobile,North,yes,no
L10704,52,63.3,3,2.03,23,6,60.7,4,4.2,2,66,4,basic,mobile,North,yes,yes
L10705,37,51.2,0,5.64,16,1,60.9,4,1.3,1,66,4,free,tablet,West,yes,no
L10706,49,70.4,5,1.79,22,0,3.6,5,4.4,1,84,17,premium,tablet,North,yes,no
L10707,20,79.6,1,2.72,18,4,48.0,4,4.5,0,7,2,free,mobile,West,yes,no
L10708,46,58.2,3,7.44,20,4,40.0,7,1.8,0,33,6,free,mobile,North,yes,no
L10709,37,59.6,1,2.12,10,6,55.0,3,5.2,1,102,5,basic,desktop,West,yes,yes
L10710,28,48.0,0,3.08,23,1,51.1,4,0.5,0,83,22,free,desktop,South,yes,no
L10711,36,60.1,4,0.92,17,9,47.5,2,1.1,0,117,3,premium,mobile,West,yes,no
L10712,30,51.0,2,7.6,22,5,56.0,2,2.2,0,42,10,free,mobile,West,yes,yes
L10713,37,62.5,4,5.68,17,0,29.6,3,0.0,0,84,9,free,desktop,West,yes,no
L10714,49,69.1,0,2.73,22,10,60.3,3,4.3,1,62,14,free,mobile,West,yes,no
L10715,46,63.9,3,4.33,17,8,50.3,5,4.0,0,71,11,premium,mobile,East,yes,yes
L10716,28,53.3,5,5.48,20,5,37.7,4,4.4,2,73,19,basic,mobile,South,yes,no
L10717,23,58.9,3,2.86,19,6,52.6,1,6.0,0,85,4,basic,mobile,South,yes,yes
L10718,20,66.7,1,6.6,15,2,43.1,7,4.3,1,7,6,basic,desktop,West,yes,no
L10719,35,50.4,3,0.93,19,6,47.9,0,4.1,0,90,10,basic,desktop,West,yes,yes
L10720,45,61.9,0,1.08,13,4,61.5,4,3.1,2,63,13,premium,mobile,East,yes,no
L10721,32,71.4,3,1.19,19,6,80.7,6,5.4,1,56,6,free,desktop,South,yes,no
L10722,18,38.9,2,4.32,21,3,81.9,3,8.5,1,8,5,free,mobile,West,yes,no
L10723,35,60.9,0,6.49,24,0,47.5,2,6.2,1,70,6,basic,tablet,South,yes,yes
L10724,27,51.4,5,3.15,14,2,87.4,1,4.0,0,42,3,free,desktop,South,yes,yes
L10725,43,67.4,3,1.53,16,6,86.2,0,4.0,1,96,5,basic,tablet,East,yes,no
L10726,31,53.7,5,5.52,18,4,49.6,1,5.1,0,94,19,premium,mobile,North,yes,no
L10727,56,74.1,4,3.63,17,7,47.7,3,2.9,0,49,15,basic,desktop,East,no,yes
L10728,56,57.0,4,3.07,18,0,55.9,4,4.3,1,21,8,free,desktop,East,yes,no
L10729,21,54.7,0,5.95,23,1,73.6,1,6.4,0,83,17,free,tablet,West,yes,no
L10730,51,86.8,4,2.31,15,3,55.5,3,4.6,3,109,21,premium,mobile,East,yes,yes
L10731,44,39.7,0,2.22,14,3,78.4,2,4.2,1,99,16,free,mobile,East,no,no
L10732,31,52.4,4,1.71,8,10,53.8,1,4.1,0,109,18,free,mobile,North,yes,yes
L10733,37,72.8,5,2.9,17,1,55.2,1,2.0,1,19,4,premium,desktop,North,yes,no
L10734,34,19.5,5,1.04,17,10,54.9,1,4.6,0,20,22,basic,mobile,West,no,no
L10735,48,81.7,5,1.18,26,9,65.7,4,6.5,0,88,15,free,tablet,South,no,yes
L10736,25,27.5,4,1.43,14,6,67.6,5,4.9,1,95,7,free,desktop,West,yes,no
L10737,20,58.7,1,1.19,18,7,60.7,4,1.1,3,63,6,premium,desktop,East,yes,yes
L10738,53,63.3,1,0.9,16,1,19.5,5,5.6,1,114,14,basic,desktop,West,no,no
L10739,32,69.5,4,3.33,24,0,75.1,1,6.2,0,16,17,free,mobile,East,yes,no
L10740,55,84.9,2,3.51,21,2,42.3,1,3.9,2,112,10,basic,mobile,North,yes,no
L10741,57,66.6,2,0.48,18,0,41.9,0,5.6,0,16,2,basic,desktop,West,yes,no
L10742,52,65.6,1,3.52,18,3,41.4,4,2.5,1,108,5,basic,desktop,North,yes,no
L10743,55,38.2,0,1.31,9,9,46.3,3,5.5,2,23,3,free,mobile,South,yes,no
L10744,53,49.0,1,5.9,15,4,66.4,2,7.5,0,80,21,free,desktop,North,yes,no
L10745,43,73.6,0,7.46,14,7,76.7,2,5.5,0,63,18,basic,desktop,East,yes,yes
L10746,57,94.9,3,5.79,18,9,72.8,6,4.0,1,106,14,free,mobile,East,yes,yes
L10747,27,69.7,4,1.21,15,5,28.4,2,5.3,1,90,0,free,desktop,East,yes,no
L10748,38,62.5,1,6.99,14,4,89.0,2,3.9,1,24,21,premium,mobile,South,no,no
L10749,58,19.7,2,3.53,11,6,76.9,5,3.0,1,102,14,free,tablet,North,yes,no
L10750,38,85.6,4,4.56,21,3,58.9,1,1.0,1,34,7,basic,mobile,North,yes,no
L10751,57,62.9,5,8.96,21,9,60.6,4,2.3,0,95,0,premium,tablet,East,yes,no
L10752,29,93.9,5,3.76,22,10,50.3,3,6.2,3,14,19,free,desktop,North,yes,yes
L10753,35,40.3,0,2.62,15,8,54.9,1,3.7,0,13,10,basic,desktop,West,no,no
L10754,50,54.1,1,3.07,14,3,66.1,2,2.0,0,6,22,basic,mobile,South,yes,no
L10755,50,58.9,4,1.27,16,6,47.5,3,4.3,1,16,2,free,desktop,East,yes,no
L10756,45,89.2,3,6.45,18,1,98.9,6,6.0,1,35,5,premium,desktop,North,yes,yes
L10757,30,99.9,0,1.88,20,3,60.0,6,2.0,0,43,8,free,mobile,West,yes,no
L10758,22,62.9,0,4.56,23,7,66.6,3,2.3,1,56,11,free,desktop,East,yes,no
L10759,32,62.9,5,8.01,18,7,79.6,5,4.9,0,32,12,premium,mobile,East,yes,yes
L10760,34,62.0,5,7.4,21,6,42.0,2,3.5,1,91,14,free,mobile,West,yes,no
L10761,37,48.7,4,0.32,16,5,47.7,3,2.4,1,86,19,free,mobile,South,yes,no
L10762,22,81.4,0,2.52,19,2,62.5,2,7.8,0,92,12,free,tablet,South,yes,yes
L10763,25,61.8,0,5.53,19,4,70.7,3,5.3,1,82,10,premium,mobile,North,yes,yes
L10764,24,54.2,4,5.82,12,1,33.0,3,6.1,0,31,18,basic,desktop,East,yes,yes
L10765,49,53.8,0,5.08,24,7,36.3,1,5.9,1,117,3,free,desktop,North,yes,no
L10766,52,73.6,0,3.2,15,0,63.1,2,5.4,1,71,20,free,desktop,North,yes,no
L10767,36,80.2,4,4.38,18,0,53.4,1,4.2,0,19,20,free,tablet,West,no,no
L10768,30,43.2,4,2.71,22,10,99.0,0,2.0,0,66,19,free,mobile,South,yes,no
L10769,22,54.7,2,6.0,20,10,54.1,2,0.4,1,94,11,premium,tablet,West,yes,no
L10770,44,71.0,0,3.26,22,7,68.2,2,1.7,1,52,15,basic,mobile,South,yes,yes
L10771,50,56.9,1,6.72,15,4,44.4,3,2.8,1,35,16,premium,desktop,South,yes,yes
L10772,31,34.4,1,4.95,12,8,21.4,2,1.0,2,107,13,basic,mobile,West,yes,no
L10773,30,63.6,2,1.8,24,4,60.7,3,1.5,1,45,6,premium,desktop,West,no,no
L10774,32,51.6,1,4.18,20,2,59.0,4,3.2,0,34,14,premium,mobile,East,yes,no
L10775,39,38.9,3,8.72,19,3,61.3,4,7.0,0,69,8,free,desktop,North,no,yes
L10776,29,41.7,5,7.21,23,2,38.4,2,0.5,0,9,17,free,desktop,South,yes,yes
L10777,19,46.4,0,3.34,16,5,51.1,4,4.2,0,50,23,basic,mobile,South,yes,no
L10778,23,70.3,3,5.1,16,10,51.4,8,1.1,1,47,9,free,mobile,East,yes,yes
L10779,20,60.5,2,4.42,10,9,48.4,0,4.1,3,9,17,free,mobile,South,yes,no
L10780,36,60.0,4,3.56,15,1,58.6,4,3.6,2,18,16,basic,desktop,West,yes,no
L10781,53,53.8,3,3.72,10,6,54.2,3,6.9,0,92,18,basic,mobile,West,yes,no
L10782,33,63.9,4,3.52,15,0,93.0,0,4.2,2,52,15,free,desktop,West,no,yes
L10783,47,68.6,0,5.81,19,4,58.9,2,2.0,2,22,13,free,desktop,East,yes,yes
L10784,24,83.2,1,3.37,16,3,33.0,3,0.8,2,85,14,premium,tablet,North,no,yes
L10785,22,73.1,3,4.37,11,9,58.6,3,5.9,1,66,15,basic,desktop,South,yes,yes
L10786,48,55.5,1,2.12,12,6,75.7,1,8.7,1,57,20,free,mobile,South,no,no
L10787,42,81.3,2,1.78,21,10,85.1,0,3.8,0,34,2,free,desktop,South,yes,yes
L10788,42,69.4,3,7.14,21,1,52.0,4,6.1,1,106,2,free,desktop,North,yes,no
L10789,23,29.6,5,4.91,24,7,69.8,7,6.5,0,118,11,premium,mobile,North,yes,yes
L10790,46,60.0,5,7.72,15,4,7.9,4,6.0,2,119,9,free,desktop,North,yes,yes
L10791,55,74.9,2,2.82,9,1,63.4,5,5.4,3,4,8,premium,desktop,West,no,no
L10792,31,78.8,0,1.0,19,3,64.6,3,0.0,1,116,11,free,desktop,West,yes,no
L10793,52,83.7,5,1.59,21,0,58.7,6,4.0,0,16,6,premium,mobile,South,yes,no
L10794,24,63.4,5,0.92,16,7,44.5,3,3.0,0,89,10,basic,desktop,East,yes,yes
L10795,20,54.8,1,6.81,28,10,77.4,3,3.2,2,7,19,free,tablet,East,yes,yes
L10796,57,60.6,5,5.7,21,10,29.8,3,5.0,2,42,1,premium,desktop,South,yes,yes
L10797,26,65.3,4,3.86,17,4,24.0,3,6.1,2,98,8,free,desktop,East,yes,yes
L10798,46,32.3,4,4.72,13,10,58.6,2,4.1,1,7,0,free,desktop,North,yes,yes
L10799,20,69.2,2,7.78,21,3,63.7,4,3.9,0,106,3,basic,mobile,North,yes,no
L10800,41,72.5,5,9.93,15,6,36.3,0,4.5,1,116,7,basic,desktop,East,yes,no
L10801,52,68.9,2,3.17,16,3,51.6,2,5.1,2,25,1,basic,desktop,North,no,no
L10802,39,62.8,2,3.87,26,4,54.0,3,6.0,0,81,13,basic,mobile,East,yes,yes
L10803,19,79.2,4,1.51,20,3,79.2,0,1.2,0,34,22,premium,mobile,North,no,no
L10804,18,75.2,3,4.4,14,3,99.0,2,5.0,3,103,11,premium,mobile,North,yes,yes
L10805,39,73.0,4,2.82,14,1,37.2,4,7.4,0,37,17,premium,desktop,West,yes,no
L10806,50,51.8,4,3.72,26,3,48.4,0,1.0,1,30,8,basic,desktop,North,yes,yes
L10807,32,83.7,0,2.49,16,7,19.9,2,4.6,2,118,22,basic,mobile,West,yes,no
L10808,17,67.3,4,6.59,20,1,86.9,3,2.3,1,66,13,free,desktop,South,yes,no
L10809,52,37.2,3,8.29,26,3,61.2,2,0.5,0,3,19,basic,desktop,West,yes,yes
L10810,58,66.3,4,2.39,24,5,70.4,5,2.6,0,90,17,basic,mobile,North,yes,yes
L10811,59,67.2,4,4.95,26,7,47.8,2,6.3,2,109,11,free,desktop,South,yes,yes
L10812,40,59.3,0,1.94,19,5,55.6,5,4.4,1,13,18,premium,desktop,West,no,no
L10813,24,63.3,2,5.6,13,10,47.6,1,1.7,1,57,11,premium,mobile,West,yes,yes
L10814,42,77.1,3,3.0,13,3,53.5,6,2.1,0,71,4,free,desktop,South,yes,no
L10815,18,64.2,1,4.37,23,8,45.3,3,4.8,0,57,5,premium,desktop,East,yes,yes
L10816,42,55.7,2,4.61,19,10,70.1,2,4.6,0,105,2,free,mobile,South,yes,yes
L10817,35,66.4,1,0.59,25,7,50.0,2,0.0,1,75,11,basic,tablet,East,yes,yes
L10818,48,53.6,2,2.4,24,2,59.1,4,2.6,0,12,9,premium,desktop,East,yes,no
L10819,51,39.5,5,9.42,15,0,84.9,3,6.5,0,47,11,premium,desktop,West,yes,no
L10820,30,70.6,3,10.53,20,2,43.4,4,4.2,0,22,9,premium,desktop,East,no,yes
L10821,53,77.2,2,3.45,24,3,34.7,2,6.1,0,54,16,free,desktop,North,yes,yes
L10822,23,61.5,2,1.66,21,8,59.5,1,0.6,1,90,8,basic,desktop,South,yes,yes
L10823,36,27.2,5,2.88,17,5,52.1,5,6.2,1,34,12,premium,mobile,East,yes,no
L10824,17,56.3,1,1.85,17,9,69.1,4,8.3,2,113,5,free,mobile,North,yes,yes
L10825,22,25.4,5,4.62,17,9,62.3,5,4.5,1,101,19,free,desktop,North,yes,yes
L10826,57,34.5,5,5.73,18,0,82.4,5,4.2,0,69,2,basic,desktop,West,yes,yes
L10827,58,55.5,5,6.85,15,1,59.6,0,5.1,3,111,4,free,mobile,North,yes,yes
L10828,33,61.4,0,2.54,23,2,43.9,2,4.0,3,4,17,premium,mobile,East,yes,no
L10829,22,59.6,1,5.98,20,8,71.5,4,3.9,0,43,17,premium,tablet,West,yes,yes
L10830,27,43.0,1,0.46,12,0,63.8,3,5.4,0,40,17,free,mobile,East,yes,no
L10831,30,42.5,4,0.84,21,5,23.2,2,1.8,2,24,1,premium,desktop,East,yes,yes
L10832,44,86.5,5,1.93,17,5,70.6,0,1.4,2,56,9,premium,mobile,South,yes,no
L10833,53,40.6,2,2.64,14,6,78.0,5,4.5,1,62,0,premium,desktop,East,yes,yes
L10834,25,57.2,3,3.09,19,6,15.7,5,8.7,2,73,6,basic,desktop,East,yes,no
L10835,43,59.3,3,1.7,20,6,78.3,6,6.5,1,36,13,free,mobile,South,yes,no
L10836,20,44.7,5,2.11,18,3,45.8,4,3.6,2,58,9,free,mobile,South,no,no
L10837,51,40.4,4,5.05,20,1,28.5,5,3.9,1,56,3,free,desktop,South,yes,no
L10838,44,34.1,0,7.0,16,1,34.9,3,2.9,0,31,9,premium,mobile,North,yes,no
L10839,44,71.7,4,5.15,12,0,42.3,1,5.7,0,78,0,free,mobile,West,yes,no
L10840,32,84.6,5,14.42,17,2,66.6,2,3.5,3,92,23,free,desktop,West,yes,yes
L10841,35,48.9,4,2.89,15,5,58.8,2,3.0,1,97,18,free,tablet,East,yes,no
L10842,20,48.4,1,1.17,11,10,85.2,3,4.0,0,33,23,basic,desktop,West,yes,no
L10843,39,46.8,1,3.27,19,5,42.3,2,4.4,1,42,7,basic,mobile,North,yes,yes
L10844,41,52.3,1,6.35,20,9,47.2,1,3.2,1,9,2,premium,desktop,West,no,yes
L10845,47,38.2,5,9.44,22,4,78.1,0,2.4,1,54,4,free,desktop,North,yes,no
L10846,41,86.4,2,7.91,12,8,74.7,2,1.3,4,93,2,basic,tablet,East,yes,no
L10847,26,69.7,2,4.12,15,0,69.0,3,3.3,2,102,14,basic,mobile,West,no,no
L10848,34,94.7,4,3.56,17,5,37.5,2,5.1,2,32,12,premium,tablet,North,yes,yes
L10849,25,77.8,5,2.24,18,0,51.4,3,4.4,0,63,15,free,desktop,East,yes,yes
L10850,35,43.5,1,0.62,19,4,35.1,0,6.0,1,92,18,basic,desktop,East,yes,no
L10851,39,50.6,0,2.88,18,7,76.1,3,6.2,3,46,19,premium,desktop,North,yes,no
L10852,46,61.7,3,1.35,14,1,72.4,4,4.0,0,59,5,free,desktop,North,yes,no
L10853,28,39.2,4,0.7,30,3,91.7,5,4.5,0,83,4,premium,desktop,North,yes,no
L10854,41,71.1,3,1.13,20,7,98.0,1,4.7,1,91,22,free,tablet,East,no,no
L10855,39,65.7,5,4.25,21,3,38.2,2,2.7,0,33,3,basic,tablet,West,yes,yes
L10856,17,60.9,4,3.84,13,9,57.4,4,0.3,0,20,1,basic,mobile,West,yes,yes
L10857,42,63.2,2,0.16,18,4,69.7,3,3.7,1,53,9,premium,desktop,North,yes,no
L10858,41,66.8,3,5.61,16,10,58.7,2,2.7,0,39,19,free,mobile,East,yes,yes
L10859,57,76.4,5,6.83,19,4,36.9,4,2.7,1,56,11,free,mobile,North,yes,yes
L10860,36,55.4,2,7.82,18,9,67.6,4,6.2,2,117,15,free,mobile,East,yes,yes
L10861,44,81.3,5,1.04,18,7,25.9,5,2.1,2,67,1,basic,mobile,West,yes,yes
L10862,33,61.6,0,2.42,21,7,58.1,3,6.0,1,52,18,basic,desktop,South,yes,yes
L10863,44,58.5,4,3.26,20,9,37.7,4,1.8,0,109,19,premium,mobile,West,yes,yes
L10864,41,63.7,5,12.82,16,8,67.3,4,4.3,0,35,23,free,mobile,South,yes,yes
L10865,30,42.4,3,1.09,20,2,89.2,2,5.6,1,31,2,basic,desktop,North,no,no
L10866,45,38.7,1,5.7,15,6,73.1,2,1.5,0,21,10,free,mobile,East,yes,no
L10867,30,56.9,0,3.64,12,6,63.0,2,3.6,1,104,4,basic,mobile,East,yes,no
L10868,44,53.5,1,3.03,12,2,37.5,5,5.9,2,63,18,premium,desktop,West,no,no
L10869,19,77.3,5,2.19,18,0,27.8,4,4.2,1,17,23,premium,desktop,South,yes,yes
L10870,39,64.6,0,4.67,18,8,40.2,1,0.0,1,30,5,basic,desktop,West,yes,no
L10871,31,64.7,1,4.81,20,8,45.2,3,5.8,1,57,17,free,desktop,South,yes,yes
L10872,36,65.0,0,1.66,16,10,65.3,4,4.6,0,98,0,free,desktop,South,no,yes
L10873,43,90.0,0,6.4,19,6,41.1,1,4.7,1,102,15,free,tablet,North,yes,yes
L10874,26,71.5,1,4.24,13,1,47.4,3,4.8,2,10,0,basic,desktop,East,no,yes
L10875,25,94.9,1,1.5,16,4,55.7,2,5.7,0,61,2,free,mobile,West,no,no
L10876,47,42.6,0,0.57,24,4,78.3,2,4.3,2,33,10,free,desktop,West,yes,no
L10877,47,78.5,5,0.99,22,1,90.4,5,3.6,0,42,6,free,tablet,East,yes,no
L10878,59,53.5,1,2.51,21,2,68.8,5,0.8,1,22,7,premium,desktop,North,no,no
L10879,47,69.4,1,2.38,16,6,68.3,2,6.2,1,53,7,premium,desktop,North,yes,no
L10880,48,66.4,0,7.52,20,9,46.3,1,2.3,1,82,15,free,mobile,West,yes,yes
L10881,54,38.7,3,1.58,11,7,70.6,8,1.6,0,118,15,premium,desktop,West,yes,no
L10882,21,53.7,2,7.84,20,3,43.3,3,3.6,1,1,12,free,mobile,North,yes,no
L10883,26,58.6,3,8.78,17,0,85.1,4,1.6,0,64,13,premium,mobile,East,no,no
L10884,34,59.9,4,4.89,14,7,51.9,2,3.0,1,31,12,free,tablet,South,yes,yes
L10885,34,89.8,2,2.45,11,9,63.8,3,7.5,0,47,23,basic,mobile,South,yes,yes
L10886,54,67.5,4,7.25,18,5,51.2,2,1.3,0,13,8,premium,mobile,East,yes,yes
L10887,17,59.7,4,2.22,17,6,72.3,1,2.1,0,58,13,free,mobile,North,yes,no
L10888,57,93.1,5,6.47,14,10,45.6,2,,0,113,5,free,desktop,East,yes,yes
L10889,56,60.8,1,2.14,20,0,73.4,8,4.8,1,110,15,premium,desktop,West,no,no
L10890,18,50.8,5,8.75,19,7,53.1,4,2.2,1,25,19,free,mobile,South,yes,yes
L10891,57,36.8,0,1.98,15,10,49.2,0,5.0,1,92,21,basic,desktop,South,yes,yes
L10892,19,69.8,1,4.85,23,6,30.1,2,1.7,2,75,13,free,mobile,South,yes,no
L10893,56,59.7,4,1.99,21,1,65.4,5,7.2,0,95,2,free,mobile,West,yes,no
L10894,17,79.0,3,10.14,17,7,48.7,3,5.3,1,3,19,basic,mobile,South,yes,yes
L10895,54,83.1,3,4.6,17,6,50.8,5,4.3,3,78,5,basic,mobile,South,yes,yes
L10896,41,77.3,2,5.24,20,8,57.2,1,1.9,1,32,16,basic,desktop,East,yes,yes
L10897,56,80.8,5,6.68,24,0,34.6,5,4.7,2,57,10,basic,desktop,South,yes,no
L10898,38,48.1,0,3.79,9,8,36.4,2,6.7,1,107,1,basic,mobile,West,yes,no
L10899,50,68.3,2,8.05,16,1,44.1,6,2.2,0,51,2,free,mobile,North,yes,no
L10900,57,67.5,0,3.28,19,10,59.4,2,3.2,0,23,14,premium,tablet,South,yes,yes
L10901,28,73.5,1,10.1,15,4,64.3,3,4.3,1,43,15,basic,desktop,North,yes,no
L10902,42,77.5,2,5.21,18,6,38.6,4,4.9,0,16,16,free,mobile,South,yes,yes
L10903,36,47.1,3,3.91,21,3,22.9,5,4.7,2,109,10,free,mobile,North,yes,no
L10904,33,68.1,0,0.23,15,3,59.1,5,2.2,2,50,6,basic,mobile,East,yes,yes
L10905,40,45.5,3,4.89,18,2,54.3,4,1.4,1,14,1,free,desktop,West,yes,no
L10906,19,63.7,0,2.44,12,6,30.2,4,3.2,0,49,0,free,tablet,West,yes,no
L10907,41,55.0,1,7.5,22,8,59.7,2,2.4,0,87,6,free,tablet,North,no,no
L10908,43,66.9,5,6.66,17,2,54.8,2,1.4,0,59,21,free,mobile,North,yes,no
L10909,43,67.2,3,0.59,7,7,56.7,2,1.8,1,104,1,basic,desktop,East,yes,no
L10910,17,45.4,0,9.84,12,4,85.9,2,6.8,0,62,23,free,desktop,South,yes,no
L10911,37,50.4,3,1.47,23,5,58.3,0,6.2,1,29,10,premium,mobile,North,yes,yes
L10912,20,65.4,3,1.12,24,7,27.1,2,6.4,1,72,2,basic,tablet,South,yes,yes
L10913,34,60.2,1,2.54,21,0,78.3,2,3.0,1,3,20,basic,desktop,East,yes,yes
L10914,51,69.9,2,1.39,24,4,49.4,3,5.9,2,23,10,premium,mobile,East,yes,yes
L10915,29,56.5,4,1.24,23,7,67.4,5,3.8,0,98,12,basic,desktop,West,yes,yes
L10916,59,54.0,3,2.54,16,2,40.1,5,4.7,1,47,9,premium,mobile,East,yes,no
L10917,24,51.5,1,13.5,20,10,34.8,3,3.7,0,34,5,basic,desktop,West,yes,yes
L10918,51,61.5,2,2.46,17,6,41.6,5,6.1,1,60,19,free,mobile,North,no,no
L10919,30,68.3,0,8.08,19,4,34.0,1,4.0,0,46,19,free,mobile,East,yes,no
L10920,23,51.4,5,15.76,21,2,54.6,1,2.6,0,86,23,free,desktop,East,yes,yes
L10921,51,70.7,1,3.85,21,9,60.1,2,2.5,1,30,15,basic,desktop,West,yes,yes
L10922,35,76.6,0,11.01,17,9,46.8,2,0.0,1,16,6,free,desktop,East,yes,yes
L10923,56,68.6,3,4.4,21,6,74.3,5,8.2,2,113,2,free,desktop,East,yes,yes
L10924,29,66.5,4,3.29,20,7,78.5,4,3.7,2,92,23,premium,mobile,East,yes,no
L10925,58,64.8,1,2.15,13,6,65.9,0,4.9,0,97,12,free,desktop,North,yes,yes
L10926,36,63.3,3,1.57,15,9,38.1,3,3.6,0,55,9,free,mobile,South,yes,yes
L10927,51,68.3,3,5.09,16,1,73.2,4,2.2,0,24,2,free,tablet,North,yes,yes
L10928,45,68.5,4,2.85,18,7,64.3,8,6.2,1,103,17,premium,mobile,West,yes,yes
L10929,55,53.0,1,2.6,17,0,33.2,4,7.9,0,95,0,premium,mobile,South,yes,no
L10930,39,42.3,0,6.19,26,7,50.7,4,3.1,1,54,1,free,tablet,East,yes,no
L10931,22,57.5,4,5.19,12,8,57.8,0,3.6,1,80,9,free,,South,yes,no
L10932,38,72.2,5,0.79,15,7,25.4,1,5.4,1,47,2,premium,desktop,East,yes,yes
L10933,50,59.1,1,1.43,32,9,30.2,6,1.8,2,39,11,free,mobile,East,yes,no
L10934,23,54.9,4,4.96,18,8,71.3,3,4.8,1,62,3,free,mobile,North,yes,no
L10935,37,62.1,2,0.01,18,9,98.3,6,2.6,0,14,9,free,mobile,North,yes,yes
L10936,37,66.8,5,2.92,10,1,87.1,6,6.0,0,21,4,basic,mobile,East,yes,no
L10937,59,81.9,2,4.6,19,8,16.7,3,3.8,0,79,0,basic,desktop,West,yes,yes
L10938,25,56.5,5,1.65,22,3,59.5,2,1.2,2,39,14,free,desktop,North,yes,no
L10939,44,41.8,4,4.98,15,4,54.5,1,3.7,2,67,23,free,desktop,North,yes,no
L10940,47,75.6,2,6.11,16,5,53.1,6,3.7,1,23,4,free,desktop,South,yes,no
L10941,26,53.0,0,17.02,23,8,83.7,1,5.2,0,85,18,free,desktop,North,no,yes
L10942,37,66.1,5,5.43,12,10,38.8,4,5.8,0,91,4,free,mobile,West,yes,yes
L10943,37,70.7,3,2.82,14,1,61.5,6,3.8,0,72,11,premium,mobile,West,no,yes
L10944,37,70.0,3,3.97,13,1,79.0,3,2.8,0,106,17,free,desktop,South,yes,no
L10945,38,58.6,1,4.88,19,9,45.8,3,3.0,0,69,18,free,mobile,East,yes,yes
L10946,50,38.0,2,7.02,31,2,96.7,3,5.5,0,26,22,free,mobile,East,yes,yes
L10947,57,39.6,4,0.83,16,3,69.5,0,4.5,1,102,19,premium,mobile,East,yes,no
L10948,36,43.9,0,2.57,16,9,50.1,1,0.7,0,13,0,free,desktop,North,yes,no
L10949,41,30.5,5,3.29,17,5,70.3,4,4.8,2,22,21,free,mobile,West,no,no
L10950,37,86.2,2,0.56,15,4,38.8,2,3.2,2,12,4,free,desktop,North,yes,yes
L10951,28,95.5,0,3.1,11,9,66.6,1,9.2,0,7,20,basic,desktop,East,yes,yes
L10952,52,61.9,5,0.84,19,3,57.4,2,4.2,0,34,19,free,desktop,South,yes,no
L10953,28,79.1,2,5.45,24,3,34.0,1,4.6,2,79,0,free,mobile,West,yes,no
L10954,35,37.8,0,4.2,26,7,34.4,2,4.2,1,37,8,free,mobile,North,yes,no
L10955,35,67.7,2,1.75,13,7,74.5,3,,2,13,7,basic,desktop,West,yes,no
L10956,23,72.7,4,4.05,19,9,67.4,4,3.7,2,62,13,free,mobile,South,yes,yes
L10957,58,96.8,5,6.88,14,0,55.8,4,2.8,1,76,8,free,mobile,North,yes,yes
L10958,21,74.4,3,3.84,18,7,62.7,1,0.0,0,8,9,basic,desktop,East,no,yes
L10959,44,80.2,3,2.34,24,1,31.3,0,1.1,1,71,14,premium,desktop,North,yes,no
L10960,44,29.3,4,3.84,22,3,60.8,3,0.2,1,105,22,free,mobile,North,yes,no
L10961,54,40.9,0,3.13,13,4,48.0,3,4.8,1,50,12,premium,desktop,West,yes,no
L10962,36,63.1,1,4.17,23,3,100.0,3,5.9,1,72,1,free,mobile,South,yes,yes
L10963,47,65.5,0,3.36,21,0,39.9,2,3.2,0,24,11,free,mobile,North,yes,no
L10964,53,42.2,5,4.74,21,4,54.5,2,6.2,0,25,18,basic,mobile,East,yes,no
L10965,55,45.8,2,5.98,21,7,91.1,3,0.0,1,42,6,free,desktop,North,yes,yes
L10966,39,69.8,1,2.32,19,5,69.9,1,8.2,0,38,9,free,desktop,South,yes,no
L10967,45,55.4,5,11.3,13,1,64.1,3,2.2,0,20,4,free,tablet,East,yes,no
L10968,24,61.6,4,4.3,17,5,58.0,3,5.3,2,48,20,basic,desktop,East,yes,no
L10969,26,73.6,4,7.02,23,10,67.4,1,7.1,0,86,18,free,desktop,South,yes,yes
L10970,57,40.0,0,1.61,23,8,37.7,5,5.4,1,118,0,free,mobile,South,yes,no
L10971,55,67.4,3,0.92,17,6,64.9,7,5.4,1,29,9,basic,tablet,East,no,yes
L10972,45,66.7,3,2.94,20,0,56.6,4,5.6,1,93,22,free,mobile,South,yes,no
L10973,19,69.3,2,7.11,18,6,62.7,2,8.3,0,87,22,basic,desktop,West,yes,yes
L10974,26,75.8,5,5.87,19,2,52.9,5,3.3,3,102,9,premium,mobile,East,yes,yes
L10975,42,99.5,1,6.07,17,6,47.1,2,0.4,1,73,11,basic,desktop,North,yes,yes
L10976,29,53.8,2,3.2,15,2,47.6,3,5.5,2,17,7,basic,mobile,North,yes,no
L10977,37,76.0,0,10.94,26,8,23.7,5,2.4,1,89,13,basic,mobile,South,yes,yes
L10978,37,56.9,4,3.77,21,7,57.0,2,8.7,0,35,7,premium,desktop,West,yes,no
L10979,51,91.2,4,12.07,17,7,99.3,1,4.1,0,97,6,free,desktop,North,yes,yes
L10980,45,43.7,1,1.83,10,3,16.2,2,7.1,0,101,14,basic,desktop,North,yes,no
L10981,25,66.2,5,3.98,18,9,75.1,5,2.2,1,8,1,free,mobile,South,no,no
L10982,30,64.5,0,8.81,16,1,25.3,5,7.0,0,35,1,free,desktop,South,yes,no
L10983,38,54.8,2,1.65,22,0,61.9,1,3.8,2,80,19,free,mobile,West,yes,no
L10984,46,45.1,1,11.67,18,0,24.5,4,0.8,3,116,2,free,mobile,South,yes,no
L10985,43,66.0,3,3.62,24,3,61.2,2,4.5,0,3,19,premium,mobile,East,yes,yes
L10986,44,97.5,5,1.48,22,6,62.4,5,1.8,1,98,3,free,tablet,East,yes,yes
L10987,42,57.2,2,3.25,16,0,64.2,1,4.2,2,40,21,free,desktop,South,yes,no
L10988,38,66.8,1,7.67,15,0,87.1,4,4.3,1,38,16,free,desktop,South,yes,no
L10989,19,81.2,0,6.57,13,1,47.3,3,0.0,1,100,5,premium,desktop,North,yes,yes
L10990,33,32.5,2,4.19,11,9,34.4,1,1.0,0,13,20,free,mobile,West,yes,no
L10991,21,62.1,0,2.67,22,8,88.2,5,4.0,1,77,12,free,mobile,South,yes,no
L10992,21,58.8,4,3.09,10,8,58.4,2,1.7,0,25,12,free,desktop,West,yes,no
L10993,18,49.9,3,2.33,19,4,41.5,2,3.1,2,102,8,free,desktop,South,yes,no
L10994,58,62.8,5,2.88,15,6,40.3,2,1.4,0,53,20,basic,desktop,West,yes,yes
L10995,43,62.3,5,10.76,19,1,55.7,2,2.8,1,27,0,free,desktop,North,no,no
L10996,20,53.7,4,5.57,23,2,41.3,4,6.3,0,15,16,free,desktop,West,yes,yes
L10997,25,50.8,4,1.38,15,9,50.6,2,3.7,0,43,8,free,mobile,West,yes,no
L10998,32,70.7,2,9.92,24,10,72.3,1,8.0,2,84,23,free,desktop,West,yes,yes
L10999,17,84.4,0,2.75,18,1,56.8,4,3.5,0,1,10,free,desktop,South,yes,no
L11000,46,44.0,5,3.73,20,3,92.1,4,7.0,0,31,14,basic,desktop,West,yes,no
L11001,34,41.5,0,3.21,19,10,72.6,2,5.2,0,31,19,free,desktop,South,yes,yes
L11002,39,68.3,5,1.42,19,8,36.7,4,4.2,1,107,8,free,desktop,East,yes,no
L11003,56,39.8,5,2.28,21,1,76.1,3,1.1,1,98,12,free,mobile,West,yes,no
L11004,49,55.8,3,4.1,16,6,65.2,4,5.3,1,62,0,basic,mobile,West,yes,no
L11005,48,38.2,0,2.36,19,9,41.9,5,5.2,1,100,11,premium,mobile,West,no,no
L11006,59,67.7,1,4.38,15,7,42.2,2,3.4,0,83,17,free,mobile,East,yes,yes
L11007,56,58.7,3,4.65,15,6,55.7,7,6.8,1,44,13,premium,mobile,East,yes,no
L11008,42,54.4,5,1.43,16,9,50.5,3,,1,3,6,premium,mobile,West,no,yes
L11009,28,71.5,0,5.62,18,10,55.5,2,4.2,0,11,7,basic,mobile,North,yes,yes
L11010,45,53.8,0,4.08,21,3,38.6,0,3.0,1,36,13,premium,mobile,West,yes,no
L11011,19,56.9,4,2.75,18,3,49.0,2,5.2,2,20,5,free,tablet,South,yes,no
L11012,26,61.4,4,4.96,11,7,74.1,2,3.5,0,114,21,free,tablet,East,no,yes
L11013,56,35.8,3,6.64,24,4,52.8,2,4.6,1,91,4,free,desktop,North,yes,no
L11014,33,74.9,5,1.72,24,6,58.9,1,2.7,0,23,16,free,mobile,North,yes,yes
L11015,38,39.9,5,3.23,15,10,35.9,1,0.6,2,107,9,basic,desktop,South,yes,no
L11016,25,52.3,2,3.28,22,4,45.5,3,4.6,2,64,13,basic,mobile,East,no,no
L11017,28,80.8,4,1.43,17,6,70.2,5,2.0,3,15,20,basic,desktop,West,yes,yes
L11018,46,57.1,4,7.78,20,0,88.5,4,7.0,1,102,12,basic,mobile,West,yes,no
L11019,57,65.6,2,2.12,16,1,62.4,6,6.7,1,110,16,free,desktop,North,yes,no
L11020,44,73.5,4,10.72,15,3,58.2,4,2.1,2,80,15,basic,mobile,North,yes,no
L11021,26,65.9,2,2.78,21,9,40.1,4,4.0,2,115,3,free,desktop,North,yes,yes
L11022,26,71.1,1,2.26,21,6,61.2,3,2.0,1,18,22,free,desktop,South,yes,no
L11023,33,48.0,2,1.28,27,7,81.6,2,4.0,0,56,15,free,desktop,South,yes,yes
L11024,55,41.7,2,2.05,12,7,70.4,1,2.5,0,3,1,basic,desktop,East,yes,no
L11025,19,53.4,3,5.99,10,0,71.7,1,3.2,0,64,0,free,desktop,West,yes,no
L11026,59,49.4,5,4.67,18,1,41.9,4,6.0,2,97,20,premium,tablet,East,yes,no
L11027,54,67.4,0,3.29,17,3,64.2,3,4.0,1,21,10,premium,mobile,South,yes,no
L11028,42,56.2,0,0.97,19,7,78.2,1,1.6,0,8,15,premium,mobile,East,no,no
L11029,59,68.4,5,7.37,14,3,68.1,0,2.8,2,96,9,basic,desktop,South,yes,no
L11030,40,79.9,4,6.0,21,2,53.3,0,6.6,1,39,13,premium,mobile,West,no,no
L11031,31,75.6,1,0.88,13,3,44.4,6,0.0,2,89,12,basic,desktop,West,yes,no
L11032,45,73.7,0,3.43,18,9,69.7,1,2.2,1,21,22,basic,desktop,West,yes,yes
L11033,37,29.2,1,2.72,13,9,61.5,4,3.0,0,32,18,free,desktop,West,no,no
L11034,33,80.0,5,4.91,18,6,68.5,4,5.4,0,49,0,basic,mobile,East,yes,yes
L11035,43,61.4,1,11.68,16,6,79.0,1,4.4,0,100,12,free,mobile,South,no,yes
L11036,43,68.2,1,5.69,16,8,35.0,5,4.1,0,1,17,free,desktop,North,no,yes
L11037,49,62.0,2,3.08,19,4,59.8,2,2.3,0,106,18,free,mobile,West,no,no
L11038,21,59.2,3,4.04,16,1,78.8,6,3.6,2,36,6,premium,mobile,North,yes,yes
L11039,44,62.7,3,4.92,22,9,76.6,4,5.9,0,41,3,basic,desktop,North,yes,yes
L11040,48,59.3,4,10.99,22,2,39.7,4,6.1,0,17,0,premium,desktop,West,yes,no
L11041,48,56.8,3,1.95,22,4,30.4,3,4.2,0,19,4,basic,mobile,South,no,no
L11042,30,56.1,5,0.51,20,10,53.9,3,4.9,2,57,13,free,mobile,South,yes,yes
L11043,36,61.6,3,10.52,32,4,35.0,5,2.7,1,28,20,free,desktop,East,yes,no
L11044,44,54.4,1,6.31,19,3,60.1,4,2.9,2,87,7,free,desktop,South,yes,no
L11045,21,48.6,4,3.76,19,9,51.8,1,3.9,1,87,0,premium,desktop,South,yes,yes
L11046,35,60.6,4,2.57,20,4,48.1,1,2.7,1,68,10,free,mobile,North,yes,no
L11047,32,81.9,5,1.72,22,4,48.2,1,1.8,0,11,7,free,desktop,East,yes,no
L11048,52,70.3,1,0.66,11,1,84.9,3,2.6,2,74,20,free,mobile,South,yes,no
L11049,46,53.2,5,9.96,12,0,55.2,1,2.7,1,6,2,free,tablet,East,yes,no
L11050,26,51.4,5,2.24,21,0,32.4,0,4.9,1,106,20,free,mobile,East,yes,no
L11051,22,44.7,4,6.07,16,10,69.9,1,2.5,2,97,7,free,mobile,West,yes,yes
L11052,40,67.5,4,16.73,14,0,73.7,4,5.7,0,16,11,basic,mobile,South,no,yes
L11053,40,49.6,3,2.58,18,2,34.4,3,8.2,2,70,21,premium,desktop,West,yes,no
L11054,32,67.2,4,1.95,14,5,72.5,4,2.7,1,16,23,free,mobile,North,yes,yes
L11055,26,43.7,3,0.88,22,5,55.9,3,2.3,1,115,17,free,desktop,East,yes,no
L11056,41,38.6,1,8.48,17,3,76.2,0,4.0,0,61,20,basic,mobile,West,yes,yes
L11057,47,86.2,2,3.54,15,2,53.5,3,0.6,1,67,19,basic,mobile,East,yes,no
L11058,54,53.5,4,0.85,18,7,42.4,2,0.4,2,14,3,basic,tablet,South,yes,no
L11059,25,80.0,4,3.42,13,4,47.2,5,4.1,0,5,14,free,mobile,South,yes,no
L11060,18,63.6,2,2.15,26,5,33.9,7,5.6,2,64,13,basic,desktop,East,yes,no
L11061,18,67.3,4,3.82,20,5,64.7,2,8.0,0,49,10,free,mobile,East,yes,no
L11062,41,53.5,3,11.11,25,3,50.2,6,1.9,1,90,2,free,desktop,North,no,no
L11063,44,46.8,3,1.94,12,2,49.7,1,5.9,0,41,10,premium,mobile,South,yes,no
L11064,38,69.6,1,7.74,12,3,69.5,0,5.7,1,15,7,basic,mobile,North,yes,no
L11065,54,49.3,5,4.12,17,0,35.5,1,1.8,0,11,2,free,desktop,North,yes,no
L11066,23,32.0,5,4.34,21,7,84.4,2,1.6,0,76,14,basic,mobile,West,yes,yes
L11067,46,62.5,5,9.04,18,4,64.6,4,2.4,1,44,11,free,mobile,North,no,no
L11068,30,73.1,5,1.16,21,10,32.2,1,3.6,1,108,5,free,mobile,North,yes,yes
L11069,19,69.3,2,5.52,19,8,70.9,4,6.1,2,79,10,free,desktop,South,yes,yes
L11070,29,84.9,5,2.58,23,0,45.0,5,5.2,1,83,22,free,desktop,South,yes,yes
L11071,41,68.6,2,9.66,19,3,58.6,2,0.7,1,75,15,free,mobile,North,yes,yes
L11072,17,63.9,3,0.87,16,2,57.8,6,1.6,1,59,9,basic,desktop,South,yes,no
L11073,40,59.7,0,1.56,16,6,52.8,3,2.6,0,95,7,basic,mobile,South,yes,no
L11074,54,59.6,2,1.49,18,7,55.1,2,3.9,1,36,11,basic,desktop,East,yes,yes
L11075,17,51.2,3,2.68,22,0,36.9,3,1.0,0,60,18,free,mobile,North,no,no
L11076,46,47.3,3,2.27,26,7,39.1,2,4.0,0,93,17,free,mobile,North,yes,no
L11077,29,80.5,3,4.7,19,4,53.9,4,4.1,1,79,13,premium,tablet,South,yes,yes
L11078,46,78.1,3,4.43,23,10,49.3,2,5.1,0,6,8,free,desktop,East,yes,yes
L11079,53,55.6,0,3.17,18,7,58.5,5,4.5,0,116,16,free,mobile,North,yes,no
L11080,39,69.3,2,4.56,17,5,81.7,5,6.0,0,70,23,basic,mobile,North,yes,yes
L11081,54,40.0,2,3.43,18,2,41.9,3,0.0,0,36,20,free,desktop,East,yes,no
L11082,47,67.7,0,4.74,19,2,51.4,7,4.4,2,13,3,free,mobile,South,yes,no
L11083,24,64.5,0,2.13,22,3,57.5,0,5.5,1,80,23,free,desktop,West,no,no
L11084,19,74.3,0,1.85,17,0,59.8,0,3.2,1,40,20,free,mobile,North,yes,no
L11085,26,82.3,4,0.73,31,8,47.3,2,1.5,0,83,11,free,mobile,East,no,no
L11086,47,61.6,3,0.96,9,2,46.1,4,2.3,0,39,20,basic,mobile,West,yes,no
L11087,18,61.0,1,5.59,19,5,58.1,11,3.8,0,58,15,free,mobile,North,no,yes
L11088,48,58.5,1,6.57,20,4,58.8,6,4.2,1,110,19,premium,desktop,North,yes,yes
L11089,33,69.8,4,5.34,25,4,86.6,2,4.6,0,53,19,premium,mobile,West,yes,yes
L11090,46,42.8,4,8.05,19,1,69.7,5,2.4,0,49,8,free,tablet,East,no,yes
L11091,50,54.6,3,1.18,18,2,48.8,0,4.5,2,94,16,free,desktop,South,yes,no
L11092,33,87.8,1,0.9,24,10,62.4,1,1.3,0,44,18,basic,mobile,North,yes,yes
L11093,43,73.7,2,14.33,23,7,54.9,7,2.7,2,30,18,free,mobile,East,yes,yes
L11094,47,45.3,0,7.7,19,1,49.7,6,6.3,0,19,4,basic,desktop,South,yes,no
L11095,37,76.8,1,10.2,15,2,53.3,4,2.7,0,45,16,basic,mobile,North,yes,yes
L11096,50,70.3,2,1.77,18,0,58.5,5,4.4,2,4,5,basic,mobile,North,yes,no
L11097,31,63.6,3,3.89,21,6,61.1,0,4.2,0,18,22,free,mobile,North,yes,no
L11098,43,54.2,0,1.34,18,7,43.9,3,3.1,2,71,22,free,mobile,East,yes,no
L11099,33,33.5,2,4.69,19,8,40.3,7,2.5,2,112,16,basic,desktop,South,yes,no
L11100,28,74.2,5,2.47,32,3,18.8,3,1.9,1,115,5,free,mobile,West,yes,no
L11101,31,72.7,1,4.88,17,8,68.2,4,4.2,0,6,23,premium,tablet,South,yes,yes
L11102,23,46.2,0,1.53,20,7,32.4,5,0.8,1,32,1,basic,mobile,North,yes,yes
L11103,57,28.5,2,4.45,27,5,45.5,2,3.8,0,63,12,premium,mobile,East,no,no
L11104,38,86.6,4,2.38,13,5,61.3,2,2.8,0,33,11,free,desktop,East,yes,yes
L11105,50,46.7,2,5.69,19,8,39.2,3,7.2,3,13,11,free,desktop,East,yes,yes
L11106,35,59.6,1,2.01,10,0,67.8,2,3.3,0,99,19,free,mobile,South,no,no
L11107,46,66.0,1,3.29,23,3,97.1,4,4.1,0,22,19,premium,mobile,North,yes,yes
L11108,32,48.6,5,3.52,13,4,99.1,4,6.3,1,114,0,premium,mobile,North,yes,yes
L11109,59,54.9,5,7.65,11,7,90.2,3,5.6,3,114,20,basic,desktop,North,yes,yes
L11110,32,54.9,0,3.51,21,6,58.1,2,5.4,1,106,13,basic,mobile,East,yes,yes
L11111,41,91.7,0,4.33,17,10,62.2,4,0.4,0,116,7,basic,mobile,North,yes,yes
L11112,57,58.2,4,2.14,22,2,68.6,3,4.8,0,99,9,free,tablet,South,yes,no
L11113,46,33.7,5,1.57,14,1,31.7,2,3.6,3,97,16,premium,tablet,East,no,no
L11114,28,28.9,2,1.09,21,6,58.3,5,6.5,0,75,10,basic,desktop,North,yes,no
L11115,42,67.5,0,5.39,28,2,43.9,0,3.1,1,19,2,premium,desktop,North,yes,yes
L11116,25,43.0,1,2.84,24,9,82.7,3,3.8,1,118,15,free,desktop,North,yes,yes
L11117,27,50.7,0,2.76,17,5,38.4,3,3.7,1,98,22,free,desktop,North,yes,no
L11118,22,72.5,5,3.78,25,2,67.2,2,5.9,2,57,23,free,mobile,West,yes,no
L11119,55,36.0,5,2.83,22,5,70.8,2,0.0,1,88,9,basic,mobile,North,yes,no
L11120,30,72.5,3,3.77,20,3,55.4,4,5.4,2,15,20,basic,desktop,East,yes,no
L11121,33,72.9,4,3.1,22,6,73.9,1,7.7,1,74,11,free,mobile,East,no,yes
L11122,39,66.0,4,9.4,14,2,63.1,1,2.4,1,25,0,free,mobile,West,yes,no
L11123,30,51.7,1,6.44,15,8,55.2,3,4.9,0,45,17,free,desktop,West,yes,yes
L11124,52,67.5,0,6.0,21,7,59.1,3,6.3,0,21,21,free,desktop,South,no,no
L11125,53,38.7,2,5.63,21,2,74.1,3,2.7,0,95,0,free,mobile,East,yes,no
L11126,50,50.0,3,3.15,21,2,71.2,4,5.7,0,79,1,basic,mobile,North,yes,no
L11127,30,41.6,4,3.5,21,8,32.1,4,5.5,2,103,8,premium,desktop,North,yes,yes
L11128,42,70.5,2,3.32,24,0,56.4,4,4.9,0,96,21,free,mobile,West,yes,no
L11129,58,50.5,0,1.09,16,8,67.6,2,3.5,2,61,3,free,desktop,South,no,no
L11130,19,67.9,2,3.8,13,3,26.1,2,4.1,0,100,22,free,tablet,North,yes,no
L11131,33,29.5,3,4.63,16,8,50.4,5,1.3,2,85,19,premium,tablet,East,yes,no
L11132,28,68.0,2,2.24,17,4,57.7,4,5.5,1,23,15,basic,mobile,West,yes,no
L11133,31,60.1,1,14.06,17,4,54.5,1,1.7,1,19,10,basic,desktop,South,yes,yes
L11134,51,94.9,5,2.55,18,8,43.9,3,0.7,0,14,19,free,tablet,East,no,no
L11135,59,57.2,0,3.35,22,5,71.8,4,3.2,0,57,20,basic,desktop,East,yes,no
L11136,37,82.2,2,2.01,17,7,56.8,3,6.6,1,1,16,basic,mobile,North,yes,yes
L11137,55,53.3,2,2.99,18,2,30.0,4,3.0,0,78,6,free,desktop,North,no,no
L11138,47,67.6,1,4.66,17,2,70.3,1,4.9,0,104,8,free,desktop,West,yes,no
L11139,32,74.8,1,6.61,21,0,76.2,1,1.9,0,52,0,free,mobile,North,yes,yes
L11140,49,39.9,5,0.95,25,4,47.3,3,5.9,3,1,7,basic,desktop,West,yes,no
L11141,50,71.1,3,4.9,23,0,52.0,1,7.8,1,37,1,free,mobile,South,yes,no
L11142,56,50.4,1,3.77,11,9,53.5,4,5.1,1,79,12,free,desktop,North,yes,no
L11143,38,51.9,3,1.71,13,2,59.6,2,5.5,1,103,16,premium,mobile,West,no,yes
L11144,56,89.9,2,5.19,16,10,65.6,6,1.9,1,115,12,premium,mobile,North,yes,yes
L11145,54,63.2,0,3.03,23,9,52.0,4,5.6,3,85,6,basic,desktop,East,yes,yes
L11146,31,72.5,5,4.78,18,3,78.7,3,0.5,0,7,20,premium,desktop,North,yes,yes
L11147,22,52.8,2,0.87,19,7,79.9,6,4.4,0,94,20,basic,tablet,East,yes,no
L11148,27,56.1,2,1.91,13,5,57.5,2,3.1,1,60,8,free,desktop,West,yes,no
L11149,20,60.3,4,1.99,9,2,36.1,7,5.1,0,107,20,free,mobile,North,no,no
L11150,31,68.0,5,4.22,14,2,63.1,4,6.6,1,30,4,premium,desktop,East,no,yes
L11151,25,100.0,2,1.35,24,3,54.8,4,7.1,1,116,11,free,tablet,North,yes,no
L11152,38,58.9,5,0.75,16,0,,6,4.2,0,108,12,basic,desktop,East,yes,no
L11153,41,45.3,1,4.48,20,7,55.5,4,5.1,2,117,4,basic,mobile,East,yes,yes
L11154,43,61.0,0,1.63,20,2,56.5,4,2.3,2,75,3,free,mobile,North,yes,no
L11155,39,72.3,2,13.38,16,7,66.9,1,3.6,0,111,16,basic,desktop,East,no,yes
L11156,21,59.8,0,14.84,12,10,65.9,3,2.4,1,15,10,basic,desktop,East,yes,yes
L11157,21,52.3,1,2.94,24,2,53.6,7,7.7,0,95,11,free,mobile,West,yes,no
L11158,28,68.6,0,2.7,19,5,41.7,5,4.7,1,111,13,premium,desktop,South,yes,yes
L11159,19,31.4,1,8.12,16,6,78.6,2,0.0,0,46,4,basic,tablet,East,yes,yes
L11160,39,52.8,1,3.42,15,3,88.9,6,4.7,2,34,2,premium,desktop,South,yes,no
L11161,33,89.1,4,1.47,18,3,54.3,4,5.3,1,44,14,basic,mobile,West,no,no
L11162,27,72.6,3,1.81,22,9,87.1,1,3.4,0,24,16,premium,mobile,North,yes,yes
L11163,44,57.3,0,1.92,17,7,34.0,5,2.7,0,68,17,basic,desktop,West,yes,no
L11164,50,46.7,5,3.33,23,0,54.1,3,4.0,0,90,1,basic,desktop,East,yes,no
L11165,17,25.7,0,2.24,14,5,39.3,3,,0,57,5,basic,tablet,South,yes,no
L11166,53,69.2,5,11.88,10,1,84.5,1,4.5,1,54,14,premium,mobile,West,yes,yes
L11167,47,62.6,3,15.78,16,4,66.3,6,2.1,2,38,8,free,mobile,South,yes,yes
L11168,41,44.0,5,8.02,16,8,68.4,9,7.1,0,106,20,premium,desktop,East,yes,yes
L11169,17,73.0,1,5.72,17,1,54.1,4,5.4,0,28,15,basic,mobile,South,yes,yes
L11170,37,66.4,5,5.14,27,5,80.6,6,2.5,2,54,14,basic,tablet,West,yes,yes
L11171,58,56.5,3,3.16,13,10,41.6,3,3.0,0,60,8,free,mobile,West,yes,no
L11172,45,59.8,2,4.56,19,4,60.5,4,3.3,2,60,3,basic,desktop,South,yes,no
L11173,41,66.4,4,8.49,17,10,12.3,4,3.2,1,69,3,free,mobile,West,no,yes
L11174,26,50.7,3,0.34,19,9,30.9,6,4.9,1,113,8,basic,desktop,East,yes,yes
L11175,34,59.8,5,2.87,16,0,81.9,4,2.4,0,47,3,free,desktop,North,no,no
L11176,17,87.0,2,7.03,21,2,73.2,5,1.8,0,87,0,free,desktop,West,yes,no
L11177,37,77.4,3,1.76,15,0,31.4,4,3.5,0,99,1,free,tablet,South,yes,no
L11178,48,52.2,0,3.72,11,3,61.5,3,4.3,0,110,15,premium,desktop,West,yes,yes
L11179,22,43.2,4,5.22,19,2,71.3,4,1.1,0,40,19,premium,mobile,South,yes,no
L11180,43,75.1,4,4.17,13,3,75.1,2,4.4,1,89,13,basic,mobile,East,yes,no
L11181,21,52.5,4,1.9,26,3,72.0,5,1.7,2,119,20,free,desktop,South,yes,no
L11182,32,34.9,3,3.35,20,2,57.1,4,5.0,1,60,12,basic,mobile,East,yes,no
L11183,43,57.5,1,9.63,17,7,59.5,1,3.7,1,105,22,basic,mobile,North,yes,yes
L11184,37,53.8,2,0.42,19,7,69.5,4,5.4,0,69,5,basic,tablet,South,yes,yes
L11185,43,73.0,4,4.96,24,9,60.4,3,2.8,0,71,11,free,desktop,North,yes,yes
L11186,45,67.9,1,1.48,14,4,52.2,1,7.2,1,85,23,basic,desktop,North,yes,no
L11187,58,68.4,5,7.0,21,9,49.6,4,2.3,1,91,22,premium,desktop,West,yes,yes
L11188,48,81.5,3,7.93,16,3,23.5,5,6.5,1,17,19,basic,mobile,West,yes,no
L11189,47,58.4,4,2.62,20,3,92.7,3,3.9,0,26,13,free,mobile,South,yes,yes
L11190,35,67.1,0,2.73,20,9,37.9,5,5.0,0,102,5,free,mobile,West,yes,yes
L11191,42,85.2,4,2.64,13,6,80.4,2,4.5,1,11,2,free,mobile,East,yes,no
L11192,34,67.3,0,4.84,25,5,62.1,2,2.0,0,52,18,free,mobile,West,yes,no
L11193,58,76.7,3,3.3,20,3,6.3,2,0.0,0,85,16,free,desktop,East,no,no
L11194,47,34.3,2,2.81,13,9,43.1,2,2.6,2,34,8,free,desktop,West,yes,no
L11195,58,79.5,2,7.52,15,8,49.2,1,5.4,3,22,22,premium,desktop,East,yes,yes
L11196,51,61.2,4,5.25,13,3,20.9,2,2.7,2,97,1,premium,desktop,West,yes,no
L11197,33,67.3,3,4.97,20,10,37.0,2,2.9,1,59,14,basic,desktop,South,yes,no
L11198,44,58.6,5,8.82,15,8,56.4,6,5.1,1,111,18,free,desktop,East,yes,yes
L11199,38,85.2,5,1.78,19,4,55.2,3,3.2,0,23,4,free,desktop,West,yes,no
L11200,28,52.9,4,1.65,22,4,53.6,2,7.3,0,110,18,basic,desktop,West,yes,yes
L11201,55,69.6,2,7.3,11,5,39.3,3,2.8,1,100,0,basic,desktop,East,yes,no
L11202,25,55.8,4,3.14,25,1,54.7,5,3.8,1,88,17,basic,mobile,North,yes,no
L11203,54,46.1,1,8.98,22,7,58.2,4,5.9,0,3,20,basic,mobile,East,yes,yes
L11204,38,29.6,2,1.17,18,4,70.1,1,3.5,1,13,5,free,desktop,West,no,no
L11205,52,28.6,0,6.48,18,5,40.4,3,3.3,1,59,8,premium,mobile,South,no,yes
L11206,50,75.6,4,3.6,19,2,41.1,2,1.2,0,40,17,free,mobile,South,yes,no
L11207,36,60.8,2,4.7,17,5,82.6,2,6.5,0,110,9,free,tablet,North,no,yes
L11208,34,77.2,4,2.43,20,9,100.0,2,1.9,2,14,18,free,desktop,South,yes,yes
L11209,25,76.1,0,2.56,13,10,92.5,5,3.7,0,119,9,free,mobile,North,no,yes
L11210,46,60.4,4,1.24,15,9,45.6,5,4.4,0,38,4,free,desktop,West,no,no
L11211,44,73.0,5,1.34,23,1,87.0,3,3.5,0,95,3,premium,mobile,North,no,no
L11212,23,72.6,3,2.67,23,10,81.7,1,2.0,0,115,6,basic,mobile,East,yes,yes
L11213,17,71.4,2,4.03,19,0,37.1,5,5.4,2,39,14,basic,mobile,North,yes,no
L11214,32,44.5,3,4.36,17,0,69.1,1,2.9,0,111,9,basic,desktop,North,yes,no
L11215,36,100.0,5,1.64,21,6,61.2,4,7.6,4,52,10,basic,desktop,West,yes,yes
L11216,55,72.4,5,3.54,12,7,49.0,4,5.0,0,60,16,basic,mobile,East,yes,yes
L11217,40,57.8,5,3.18,18,9,57.9,4,3.8,0,95,18,premium,desktop,South,yes,yes
L11218,48,47.0,2,7.25,15,7,19.6,2,1.6,0,56,8,free,tablet,East,yes,yes
L11219,26,68.7,0,3.37,16,3,28.6,1,5.0,1,16,18,basic,mobile,North,no,no
L11220,37,60.9,4,2.88,13,0,64.3,7,2.2,1,80,15,free,mobile,East,yes,no
L11221,41,39.9,2,8.39,14,6,30.7,0,4.4,1,119,10,premium,mobile,North,no,no
L11222,31,69.4,4,0.36,26,2,56.0,2,3.0,0,68,5,free,desktop,North,no,no
L11223,26,43.4,2,13.23,16,1,72.1,4,3.3,0,22,1,basic,mobile,East,yes,no
L11224,27,98.4,1,0.36,16,7,91.4,2,3.2,2,34,1,premium,desktop,West,yes,yes
L11225,37,72.1,4,1.79,16,9,54.7,4,3.6,0,60,23,free,mobile,West,yes,yes
L11226,27,67.5,2,9.79,25,9,45.6,8,4.1,1,117,6,basic,mobile,North,yes,yes
L11227,26,67.6,5,3.23,23,2,21.3,2,4.2,2,108,2,basic,desktop,West,no,no
L11228,48,59.6,4,3.18,15,6,55.6,4,4.8,1,43,2,premium,desktop,West,yes,no
L11229,47,44.2,4,7.84,15,9,57.6,1,6.1,0,56,9,free,desktop,West,no,yes
L11230,22,51.4,4,2.62,15,6,84.3,4,6.3,0,48,8,free,mobile,South,yes,yes
L11231,28,78.6,4,5.84,23,0,53.8,2,3.8,0,101,14,basic,desktop,East,yes,no
L11232,45,35.4,5,9.32,21,2,51.6,3,3.7,0,85,16,free,desktop,South,yes,no
L11233,58,92.5,0,13.75,23,9,41.4,7,5.9,1,66,19,free,mobile,North,yes,yes
L11234,26,62.0,3,3.38,15,9,74.2,4,4.2,1,58,18,free,mobile,South,yes,yes
L11235,54,48.2,0,6.49,12,3,53.7,7,2.7,1,54,2,free,desktop,North,yes,no
L11236,22,80.7,1,2.29,11,0,43.5,1,6.4,2,28,5,basic,mobile,East,yes,no
L11237,21,41.6,2,2.75,18,4,30.3,4,5.6,0,24,6,free,desktop,North,yes,no
L11238,30,80.3,1,8.17,15,10,66.2,6,4.3,2,67,22,free,desktop,East,yes,yes
L11239,25,50.3,3,1.18,20,10,56.1,4,4.3,1,118,1,premium,mobile,North,yes,yes
L11240,35,51.7,0,1.58,26,1,70.1,3,6.0,1,56,21,premium,desktop,East,yes,no
L11241,40,78.4,0,2.9,17,5,56.5,3,0.3,1,95,5,basic,desktop,East,yes,yes
L11242,24,70.4,5,6.55,23,0,57.8,3,5.1,3,78,12,basic,desktop,North,yes,no
L11243,36,46.9,4,3.49,13,6,,3,4.6,0,39,17,free,mobile,South,no,no
L11244,41,49.5,4,5.27,20,10,59.4,2,2.9,1,13,21,free,mobile,South,yes,yes
L11245,46,72.4,2,3.04,11,7,33.4,2,7.3,2,53,5,basic,desktop,North,yes,no
L11246,48,44.7,3,5.5,22,4,58.2,1,8.9,0,71,2,premium,tablet,East,yes,yes
L11247,27,55.1,4,9.33,13,9,80.7,4,3.4,1,51,8,free,desktop,North,yes,yes
L11248,38,64.6,4,3.56,18,6,58.9,4,6.8,0,78,19,basic,mobile,South,no,yes
L11249,28,74.4,4,1.31,26,6,61.4,0,0.9,0,84,16,basic,desktop,South,yes,yes
L11250,44,57.4,0,6.76,17,4,43.6,1,8.8,1,45,8,premium,desktop,South,yes,no
L11251,52,69.8,3,1.09,15,10,55.9,3,3.2,0,57,19,premium,mobile,East,yes,yes
L11252,46,55.2,4,2.95,19,9,59.0,2,4.0,1,55,17,free,mobile,North,yes,no
L11253,23,66.5,5,2.41,16,0,39.0,3,0.7,2,29,0,basic,mobile,West,yes,no
L11254,40,77.1,3,3.84,23,7,72.1,5,4.6,2,5,0,free,desktop,East,yes,no
L11255,54,80.3,3,7.51,23,8,36.4,2,5.3,0,100,16,basic,desktop,East,yes,yes
L11256,27,63.1,3,2.25,17,2,57.4,5,3.7,1,57,7,free,desktop,East,yes,no
L11257,57,73.4,3,1.33,25,3,56.8,0,2.5,3,92,17,free,mobile,East,no,no
L11258,29,52.6,2,5.81,20,8,76.5,4,4.4,0,53,22,free,desktop,West,yes,no
L11259,21,61.6,4,0.29,24,4,59.6,3,3.0,1,4,2,premium,desktop,North,yes,no
L11260,18,59.4,3,0.5,23,2,25.7,2,5.7,2,54,5,free,desktop,East,yes,no
L11261,52,57.9,2,2.02,22,9,40.4,1,0.7,2,20,13,premium,mobile,South,yes,yes
L11262,26,64.6,4,1.73,22,4,58.5,2,4.7,3,90,4,premium,tablet,West,yes,yes
L11263,49,33.3,2,5.02,20,10,75.9,4,5.1,1,58,9,free,desktop,South,yes,no
L11264,59,63.9,5,8.03,20,1,43.6,4,3.5,1,104,23,free,mobile,South,yes,yes
L11265,20,72.6,2,0.86,24,7,76.2,3,5.1,1,106,12,free,desktop,North,yes,yes
L11266,53,56.8,5,6.55,18,4,42.3,5,4.0,1,86,11,free,desktop,North,yes,yes
L11267,57,55.4,5,1.81,22,3,53.6,3,4.0,1,36,8,basic,mobile,South,no,no
L11268,52,87.8,4,2.82,15,9,64.6,1,7.1,1,90,0,premium,desktop,West,yes,yes
L11269,46,50.9,1,0.37,16,7,40.3,4,4.4,0,11,18,premium,desktop,North,yes,no
L11270,21,52.1,1,7.07,29,4,31.3,3,4.4,1,21,5,free,mobile,South,yes,no
L11271,28,64.4,5,0.85,19,9,47.5,5,1.9,0,28,1,basic,mobile,East,no,yes
L11272,55,90.0,1,5.88,19,9,53.1,3,6.0,2,95,7,free,desktop,East,yes,no
L11273,17,77.1,1,1.6,25,1,23.8,4,3.6,1,39,1,free,mobile,West,yes,no
L11274,52,68.1,0,4.65,11,9,65.9,2,1.8,1,23,13,free,mobile,West,yes,no
L11275,19,66.1,0,2.3,13,4,60.7,2,2.5,2,37,4,basic,tablet,West,yes,no
L11276,54,64.6,5,3.83,18,9,62.8,4,5.1,2,46,23,free,tablet,East,yes,yes
L11277,41,70.6,5,6.61,14,7,87.3,2,4.8,1,33,21,basic,desktop,West,yes,yes
L11278,55,44.1,1,1.71,17,3,54.1,1,4.8,0,34,16,premium,tablet,West,no,no
L11279,40,83.4,1,2.97,21,0,28.8,0,1.8,1,53,0,free,desktop,South,yes,no
L11280,21,82.8,4,9.58,19,7,64.4,3,5.4,0,103,3,basic,desktop,South,yes,yes
L11281,42,67.3,4,11.48,17,10,31.2,1,4.7,0,114,6,premium,mobile,North,yes,yes
L11282,31,57.9,5,3.9,22,2,37.2,3,1.1,1,59,8,free,tablet,North,yes,no
L11283,40,76.8,5,2.47,18,5,58.4,2,1.7,0,9,1,premium,mobile,South,yes,yes
L11284,49,64.4,4,12.93,17,1,49.6,1,2.7,0,47,16,premium,mobile,North,yes,no
L11285,33,46.3,0,4.31,21,7,16.6,2,4.2,2,48,16,basic,desktop,West,yes,no
L11286,47,51.8,2,0.66,16,5,57.3,1,2.1,0,115,22,free,mobile,South,yes,no
L11287,24,68.0,1,1.4,22,9,46.8,3,1.9,0,107,2,basic,mobile,North,yes,no
L11288,25,66.9,4,2.91,14,7,87.0,4,2.5,0,18,1,basic,desktop,South,yes,yes
L11289,45,51.0,5,4.12,4,6,58.0,0,3.0,0,68,21,premium,desktop,South,yes,yes
L11290,23,61.8,3,5.71,16,5,48.8,3,4.4,2,9,13,free,mobile,West,yes,no
L11291,29,57.8,3,6.04,22,0,24.8,4,4.9,0,44,13,free,desktop,East,yes,yes
L11292,25,56.9,2,4.55,12,7,37.8,4,4.4,1,46,23,free,desktop,South,no,no
L11293,27,41.2,2,0.96,20,5,61.1,3,5.7,1,35,5,free,mobile,East,yes,no
L11294,47,58.3,5,6.74,12,6,35.4,3,6.1,2,83,15,premium,desktop,South,yes,yes
L11295,56,45.5,1,7.74,18,2,64.8,3,1.6,1,6,14,free,desktop,West,yes,no
L11296,17,64.3,2,1.96,23,2,61.4,2,5.7,0,87,15,free,mobile,South,yes,no
L11297,19,77.7,4,3.3,20,6,45.4,5,4.0,0,61,21,premium,mobile,North,yes,yes
L11298,54,54.5,3,4.18,22,3,47.9,7,6.2,0,100,9,premium,desktop,West,yes,no
L11299,46,73.0,0,4.75,22,10,42.0,2,3.5,1,14,17,premium,mobile,West,yes,yes
L11300,18,94.0,3,2.76,26,0,51.2,1,5.6,0,69,13,premium,mobile,South,yes,no
L11301,37,60.1,5,2.06,13,4,79.5,2,0.4,0,49,14,free,desktop,East,yes,no
L11302,53,67.0,3,4.01,8,1,66.2,4,0.9,1,119,5,basic,mobile,South,yes,no
L11303,36,46.4,2,1.71,22,4,84.7,1,4.4,3,20,0,free,desktop,East,yes,no
L11304,33,59.5,3,7.31,17,9,85.8,2,4.7,0,64,12,free,tablet,South,yes,yes
L11305,21,52.2,3,3.28,15,8,55.2,4,6.4,1,111,23,free,mobile,West,yes,yes
L11306,51,100.0,5,7.23,25,10,45.1,2,4.3,2,8,11,premium,desktop,East,yes,yes
L11307,28,71.2,4,1.37,10,5,55.8,3,2.0,0,2,21,free,desktop,East,no,yes
L11308,51,61.9,4,1.56,20,10,39.8,2,5.3,0,14,12,free,desktop,West,yes,no
L11309,46,68.7,0,1.07,23,9,53.0,2,2.8,2,34,20,free,mobile,North,no,yes
L11310,43,70.0,2,2.85,12,10,55.9,1,3.7,0,35,11,free,desktop,North,yes,yes
L11311,27,42.9,1,7.05,16,4,24.8,0,7.5,0,65,17,free,desktop,East,yes,no
L11312,27,72.4,3,2.15,18,0,37.6,2,1.3,1,32,16,free,tablet,East,yes,no
L11313,23,65.3,3,3.2,17,1,89.5,4,3.1,1,55,22,free,desktop,East,yes,no
L11314,47,46.9,5,10.06,23,10,60.1,6,3.7,1,35,20,premium,mobile,East,no,yes
L11315,48,41.2,4,6.65,18,3,40.0,2,5.2,1,70,12,free,mobile,East,no,no
L11316,51,86.8,4,0.33,14,7,22.7,6,4.0,3,63,8,basic,mobile,South,yes,yes
L11317,17,71.7,2,10.34,26,9,29.6,3,0.0,1,68,9,basic,mobile,South,yes,yes
L11318,45,69.2,2,4.73,22,6,68.3,2,6.9,2,9,12,free,mobile,North,yes,yes
L11319,28,56.3,5,2.56,19,2,81.3,2,5.6,1,17,0,free,mobile,West,yes,no
L11320,45,47.6,3,5.79,21,9,79.6,2,3.0,0,114,16,premium,desktop,East,no,no
L11321,41,77.8,1,2.04,26,2,49.5,3,3.8,0,40,15,premium,mobile,West,yes,yes
L11322,48,67.6,5,0.77,21,10,55.2,2,3.3,1,24,13,premium,tablet,South,yes,yes
L11323,49,71.4,3,1.58,15,4,53.5,3,4.4,1,55,15,premium,desktop,North,yes,no
L11324,58,64.5,1,3.0,13,10,19.7,5,3.0,1,116,17,premium,mobile,East,yes,no
L11325,38,73.7,2,2.09,19,3,81.3,5,4.8,0,8,7,premium,desktop,North,yes,yes
L11326,26,52.0,5,2.21,28,5,43.5,2,5.5,1,60,12,basic,desktop,North,yes,yes
L11327,49,67.3,1,6.59,13,3,100.0,3,4.1,0,76,16,free,desktop,North,yes,yes
L11328,21,43.1,4,5.18,15,6,63.3,6,7.3,3,57,12,free,mobile,West,yes,yes
L11329,50,68.3,1,1.18,21,6,90.6,2,4.2,0,95,1,free,mobile,West,no,no
L11330,21,61.2,5,2.73,22,4,56.1,5,0.9,0,103,2,basic,mobile,West,yes,yes
L11331,37,40.3,0,1.44,17,1,44.9,7,6.6,1,26,2,free,mobile,North,yes,no
L11332,41,30.2,2,5.28,20,7,75.3,2,3.7,0,24,17,free,mobile,North,yes,yes
L11333,26,79.1,4,5.84,22,0,50.3,0,2.5,1,73,15,basic,desktop,East,yes,yes
L11334,32,47.2,2,2.68,14,0,57.5,0,6.1,2,7,14,premium,tablet,East,yes,yes
L11335,18,63.1,5,6.81,8,9,65.3,0,1.8,0,76,15,free,desktop,West,yes,yes
L11336,28,55.2,0,1.8,22,1,65.0,3,1.8,0,44,8,free,mobile,East,yes,no
L11337,29,57.3,1,1.68,25,0,57.8,3,3.9,2,92,16,basic,mobile,East,yes,no
L11338,46,45.8,0,2.73,17,4,33.1,4,0.9,0,109,8,free,desktop,South,yes,no
L11339,23,25.1,2,5.21,18,7,72.9,2,0.5,0,11,21,premium,desktop,North,yes,no
L11340,54,23.6,4,3.26,21,10,42.6,1,4.3,0,68,2,basic,mobile,East,yes,yes
L11341,56,57.1,0,6.62,20,0,89.2,3,2.7,2,57,12,basic,desktop,East,yes,no
L11342,49,90.4,2,2.24,14,7,69.0,2,4.3,1,45,23,free,mobile,South,yes,yes
L11343,45,93.5,2,0.55,20,6,20.2,5,4.4,0,96,12,free,desktop,North,yes,no
L11344,33,61.0,4,2.62,19,2,42.0,3,2.6,1,70,23,free,mobile,South,yes,no
L11345,34,33.8,0,11.59,22,4,42.4,2,3.6,1,108,17,basic,desktop,West,no,no
L11346,20,76.0,0,7.66,23,8,37.7,3,4.2,0,101,9,free,mobile,North,yes,yes
L11347,49,57.0,3,12.62,16,0,83.1,1,3.5,0,13,7,premium,mobile,South,yes,no
L11348,19,61.4,3,4.02,18,8,51.1,4,4.0,1,30,11,free,mobile,West,yes,no
L11349,32,81.8,1,4.74,21,1,61.0,4,0.0,1,20,9,premium,tablet,East,yes,no
L11350,51,82.3,5,4.45,21,10,62.6,1,1.1,0,97,18,free,mobile,East,yes,yes
L11351,47,57.5,2,9.9,19,5,56.8,5,2.8,1,41,16,basic,mobile,South,yes,no
L11352,54,60.5,0,7.7,8,1,67.4,5,6.9,3,13,15,free,mobile,South,no,no
L11353,43,79.5,5,7.63,16,8,67.5,4,6.4,0,27,20,premium,mobile,West,yes,yes
L11354,43,73.3,0,3.44,24,10,63.2,6,3.9,0,10,10,premium,desktop,East,yes,yes
L11355,49,45.0,5,8.14,6,4,82.3,5,4.0,0,99,10,free,desktop,North,no,no
L11356,32,71.7,4,12.53,15,7,56.5,4,5.2,1,119,19,basic,desktop,East,yes,no
L11357,43,49.0,2,1.0,25,10,67.0,3,0.0,4,8,0,basic,tablet,West,yes,no
L11358,23,33.1,4,8.18,19,1,59.3,3,4.4,1,74,19,free,mobile,West,yes,no
L11359,36,94.6,0,4.79,17,5,56.9,1,7.5,2,108,10,free,desktop,North,yes,yes
L11360,32,90.8,0,10.78,25,1,77.1,1,2.7,0,68,18,free,mobile,North,yes,no
L11361,49,79.7,2,1.32,27,6,85.8,4,5.9,2,27,9,premium,desktop,South,yes,yes
L11362,17,63.4,1,0.12,19,8,,1,5.4,1,44,14,free,mobile,North,no,no
L11363,23,66.2,1,13.02,21,8,65.1,0,4.1,1,46,23,free,mobile,East,yes,yes
L11364,22,81.6,4,2.48,14,9,40.0,5,5.4,1,65,23,free,desktop,South,yes,yes
L11365,20,46.7,1,2.74,10,8,57.4,1,4.2,0,104,3,basic,desktop,East,yes,no
L11366,37,62.5,0,9.24,18,9,71.6,2,5.6,2,91,7,free,mobile,West,yes,no
L11367,24,84.8,0,4.11,15,0,56.1,4,0.0,4,99,2,free,mobile,East,yes,no
L11368,50,49.4,3,9.82,13,3,66.9,4,4.9,1,55,17,free,mobile,East,yes,no
L11369,44,58.0,5,1.8,11,6,85.0,2,5.0,0,4,22,basic,mobile,North,yes,yes
L11370,58,67.9,0,2.85,21,8,75.4,5,3.6,0,74,8,free,desktop,East,yes,no
L11371,35,56.5,1,9.88,14,0,53.7,0,3.4,1,89,4,basic,mobile,South,yes,yes
L11372,48,60.7,0,7.16,18,0,58.4,3,1.8,0,46,16,free,mobile,East,yes,no
L11373,39,93.1,2,8.58,20,6,97.0,1,4.4,1,59,2,premium,mobile,West,yes,yes
L11374,46,78.2,0,4.88,19,3,59.2,6,3.8,1,94,20,free,mobile,South,yes,no
L11375,31,57.9,2,0.41,20,10,19.1,3,4.6,1,16,13,free,desktop,South,yes,yes
L11376,51,56.0,4,4.4,16,6,97.6,3,7.0,1,83,5,free,mobile,South,no,yes
L11377,46,73.0,3,1.88,24,5,79.1,4,4.8,0,43,23,free,tablet,West,yes,no
L11378,29,73.1,2,5.12,27,3,36.6,4,5.6,0,77,23,basic,desktop,East,no,no
L11379,51,39.9,5,3.96,21,5,52.3,2,6.5,0,48,10,free,desktop,South,no,no
L11380,24,63.6,1,8.5,22,9,78.2,2,3.3,1,69,22,free,mobile,West,yes,yes
L11381,21,73.0,4,0.55,17,9,21.9,4,6.0,1,71,13,premium,mobile,North,yes,yes
L11382,34,70.6,5,3.71,18,4,54.1,3,4.7,0,65,4,premium,mobile,West,yes,no
L11383,36,53.0,4,1.67,15,2,72.8,3,5.2,0,77,9,premium,mobile,East,yes,no
L11384,48,62.9,2,1.41,20,0,30.9,2,3.5,1,80,9,basic,desktop,North,yes,no
L11385,38,52.4,4,8.9,17,8,69.6,2,2.7,1,100,2,basic,desktop,North,no,yes
L11386,42,53.4,3,3.57,31,7,30.4,0,6.2,0,104,6,basic,desktop,East,yes,no
L11387,49,52.5,1,4.19,17,6,100.0,4,6.8,3,76,21,free,mobile,South,yes,no
L11388,55,75.7,2,3.32,24,6,10.6,2,4.2,1,60,11,free,mobile,North,yes,yes
L11389,43,57.3,5,6.86,15,3,22.7,3,4.2,2,58,4,free,mobile,West,yes,no
L11390,26,80.5,0,12.48,11,7,46.2,5,3.7,0,81,22,free,desktop,West,yes,yes
L11391,55,62.0,1,2.51,16,5,74.3,1,7.2,0,74,19,free,mobile,East,no,no
L11392,24,53.1,3,4.28,20,5,18.7,1,1.2,1,110,0,basic,mobile,North,yes,no
L11393,56,59.0,3,2.61,23,4,41.2,1,5.2,0,52,3,premium,tablet,North,no,no
L11394,50,48.2,1,7.72,14,9,90.1,2,3.1,2,31,18,free,mobile,North,yes,yes
L11395,39,58.8,5,1.04,26,7,58.5,3,3.2,2,67,3,free,mobile,North,yes,no
L11396,32,63.2,3,2.34,18,9,68.7,3,4.4,0,95,17,basic,desktop,North,yes,yes
L11397,52,62.4,2,12.85,17,3,51.1,3,4.3,1,106,10,free,mobile,North,yes,no
L11398,17,72.1,1,7.26,16,9,57.5,3,3.5,0,11,2,free,desktop,North,yes,no
L11399,41,68.7,0,10.89,24,6,43.5,2,6.3,0,56,17,free,mobile,South,yes,no
L11400,22,40.1,3,0.68,16,0,55.0,1,1.3,1,115,10,free,desktop,North,no,no
L11401,41,43.8,0,3.76,15,4,62.1,6,4.6,3,65,17,premium,mobile,East,yes,no
L11402,33,65.4,4,1.92,13,3,60.1,7,5.6,2,18,21,free,mobile,West,yes,no
L11403,19,59.6,2,1.81,23,7,54.1,3,4.3,2,74,0,basic,desktop,West,yes,yes
L11404,27,78.5,4,8.75,16,7,33.1,1,3.7,3,94,0,premium,mobile,West,yes,yes
L11405,47,66.6,4,1.61,19,5,63.9,3,7.8,3,18,11,basic,mobile,East,yes,yes
L11406,38,54.6,5,6.44,16,10,64.8,3,5.7,1,32,9,free,desktop,West,yes,yes
L11407,37,47.3,2,15.91,13,3,48.2,5,6.1,0,1,5,basic,desktop,South,yes,yes
L11408,24,50.6,3,0.77,21,4,42.2,2,4.5,1,72,11,free,mobile,East,yes,no
L11409,41,79.2,0,4.68,24,2,72.1,0,5.4,0,49,20,free,desktop,East,yes,no
L11410,24,69.9,3,9.2,13,2,74.2,6,1.8,1,101,2,free,mobile,East,no,yes
L11411,40,55.4,1,2.42,23,9,62.2,6,4.8,1,44,16,free,desktop,West,yes,no
L11412,47,52.7,4,11.21,22,4,46.1,5,3.8,0,93,1,free,mobile,South,no,no
L11413,31,28.8,1,3.08,20,1,50.9,0,2.6,1,91,23,premium,mobile,East,yes,no
L11414,55,76.8,3,0.29,25,6,68.6,4,3.3,0,88,1,premium,desktop,South,yes,yes
L11415,20,62.3,3,1.73,6,3,59.0,5,4.4,0,24,22,free,mobile,North,yes,no
L11416,44,51.8,2,2.53,16,4,90.1,3,0.7,1,76,3,free,tablet,South,yes,no
L11417,34,45.2,3,5.26,15,10,73.1,2,3.2,0,39,0,premium,desktop,South,yes,no
L11418,42,36.8,5,6.24,19,4,96.0,2,6.2,1,93,20,basic,desktop,North,yes,yes
L11419,40,57.1,5,0.68,20,8,53.2,2,1.6,0,7,17,premium,desktop,North,yes,yes
L11420,50,56.7,5,9.4,11,8,41.9,4,4.4,0,60,17,premium,desktop,North,no,no
L11421,22,65.9,1,6.1,22,6,82.0,2,1.6,1,14,17,premium,tablet,West,yes,yes
L11422,49,84.8,1,2.39,15,5,61.2,5,4.2,0,75,14,basic,desktop,East,yes,yes
L11423,54,55.9,1,2.29,13,1,64.8,4,4.4,1,68,1,premium,desktop,West,yes,no
L11424,55,30.7,3,4.58,18,10,40.3,6,5.0,0,118,2,free,tablet,North,yes,no
L11425,43,60.4,0,6.61,16,3,59.8,0,7.9,1,35,22,free,tablet,South,yes,no
L11426,50,52.6,3,5.77,18,8,45.2,2,5.4,1,15,8,free,mobile,North,yes,no
L11427,27,75.2,2,6.17,20,5,75.6,3,3.8,0,72,13,basic,desktop,South,yes,yes
L11428,51,74.7,0,5.98,16,5,29.1,1,6.2,1,92,11,free,desktop,West,no,yes
L11429,19,57.0,4,1.66,18,4,54.3,3,5.6,1,117,1,free,mobile,West,yes,yes
L11430,34,70.2,2,1.35,25,1,47.7,2,2.0,1,17,8,free,desktop,North,yes,no
L11431,36,70.3,4,1.24,18,9,36.8,5,2.6,0,108,6,premium,mobile,East,yes,yes
L11432,52,52.3,4,5.26,19,7,44.1,2,5.7,0,58,6,free,desktop,North,yes,yes
L11433,53,40.3,4,4.29,18,2,41.6,0,3.7,2,99,3,free,tablet,East,yes,no
L11434,56,72.7,4,5.68,20,5,54.4,1,,1,43,22,basic,desktop,East,yes,yes
L11435,57,75.4,4,6.44,23,3,54.9,3,1.4,1,92,3,free,desktop,South,yes,no
L11436,37,76.3,5,3.56,14,6,63.5,3,2.1,1,117,4,basic,desktop,East,yes,yes
L11437,38,67.0,2,9.01,17,0,61.5,7,2.3,0,17,6,basic,mobile,East,yes,no
L11438,43,87.8,1,6.3,13,0,57.0,2,5.7,2,29,18,free,desktop,East,yes,no
L11439,26,65.3,5,2.2,22,10,19.7,1,4.8,1,109,3,free,desktop,North,yes,yes
L11440,46,67.4,0,6.61,18,8,45.9,4,5.0,0,2,21,premium,desktop,East,no,yes
L11441,39,71.1,5,5.86,18,9,51.5,5,4.1,3,77,6,premium,desktop,West,yes,yes
L11442,43,87.5,1,3.1,23,7,71.8,3,3.2,0,109,2,basic,desktop,East,no,yes
L11443,40,31.3,1,3.42,29,2,61.2,5,5.5,0,65,23,premium,mobile,South,yes,no
L11444,45,64.3,4,6.75,23,9,52.8,3,5.1,2,6,6,free,desktop,East,yes,yes
L11445,26,74.3,2,9.6,13,4,77.8,5,7.1,2,78,15,premium,mobile,West,no,yes
L11446,53,45.4,2,4.23,12,0,53.6,2,6.1,1,117,9,premium,mobile,South,yes,no
L11447,43,63.5,5,1.23,25,1,20.4,3,1.3,0,115,13,free,mobile,West,yes,no
L11448,43,50.9,2,4.7,23,2,41.5,2,0.0,1,63,2,free,desktop,South,yes,no
L11449,36,51.8,2,1.75,12,2,71.9,1,2.0,0,78,16,free,desktop,South,yes,no
L11450,39,56.9,4,0.86,13,9,53.6,2,1.2,0,65,7,premium,desktop,South,yes,yes
L11451,35,41.2,5,1.1,20,10,44.3,4,5.4,0,33,3,free,mobile,South,yes,no
L11452,48,76.6,2,3.36,11,10,73.5,3,6.4,0,63,8,premium,desktop,North,yes,yes
L11453,20,69.4,4,4.84,21,9,57.5,5,5.0,0,1,2,free,desktop,West,yes,yes
L11454,42,55.3,2,2.85,14,4,64.6,1,0.0,0,64,5,free,desktop,South,yes,no
L11455,56,52.9,5,2.67,22,10,84.4,3,4.7,0,51,2,premium,tablet,East,yes,yes
L11456,21,49.6,4,2.64,19,4,40.5,3,7.1,2,2,10,free,mobile,West,yes,no
L11457,29,89.3,1,2.02,25,9,68.2,2,5.7,0,29,20,free,desktop,North,yes,no
L11458,47,52.2,1,6.82,19,1,59.8,2,2.0,1,109,8,premium,mobile,West,no,yes
L11459,53,80.4,3,0.19,25,10,61.3,2,4.9,1,38,10,basic,desktop,South,yes,yes
L11460,30,37.9,5,4.14,21,7,85.1,4,3.0,2,25,10,free,desktop,West,yes,no
L11461,21,70.8,4,6.0,14,0,21.8,4,6.4,1,63,20,premium,desktop,East,yes,no
L11462,48,69.0,4,4.83,23,4,60.6,7,7.5,1,92,20,free,mobile,East,yes,yes
L11463,50,76.9,2,4.85,15,9,60.4,1,1.4,1,87,16,basic,mobile,North,yes,yes
L11464,50,48.2,5,7.76,17,2,100.0,5,4.2,0,2,10,premium,mobile,West,yes,yes
L11465,46,69.7,1,7.19,18,6,27.7,5,2.2,0,33,10,basic,desktop,East,yes,no
L11466,42,79.8,4,6.14,30,9,26.5,2,4.0,1,117,20,basic,desktop,North,yes,yes
L11467,52,40.3,2,10.43,18,5,52.0,3,5.9,1,60,14,basic,mobile,West,yes,no
L11468,37,57.3,3,2.07,17,9,75.7,2,5.3,2,21,7,free,mobile,West,yes,yes
L11469,19,67.2,0,5.89,29,9,38.1,2,3.4,0,35,14,premium,mobile,South,yes,yes
L11470,27,61.3,4,2.02,21,2,29.7,5,1.0,0,34,2,free,mobile,West,yes,yes
L11471,47,48.8,4,4.79,24,4,50.6,2,2.1,2,94,18,basic,tablet,East,yes,no
L11472,31,65.1,3,3.71,25,7,66.8,1,6.8,1,9,1,premium,desktop,North,yes,yes
L11473,53,67.9,5,16.05,12,2,80.2,4,5.6,1,69,15,premium,desktop,South,yes,yes
L11474,58,49.7,5,9.48,15,7,60.3,2,1.0,2,68,18,free,mobile,North,no,yes
L11475,49,42.1,1,4.15,17,0,84.1,3,4.0,0,86,2,basic,desktop,West,yes,no
L11476,19,66.3,0,9.73,16,8,78.3,3,4.0,0,83,6,basic,mobile,South,yes,yes
L11477,27,36.7,0,2.07,14,3,62.3,1,8.6,1,6,8,free,desktop,North,yes,no
L11478,24,57.5,3,1.76,15,6,63.3,1,0.0,1,22,18,free,tablet,West,yes,no
L11479,58,61.8,5,4.97,16,4,25.5,1,1.4,1,97,16,free,mobile,South,no,no
L11480,34,42.7,1,2.35,18,8,38.6,4,3.1,0,24,19,free,desktop,West,no,no
L11481,52,73.4,5,0.97,17,8,55.4,3,8.5,0,41,0,free,desktop,East,yes,yes
L11482,31,68.3,3,2.04,20,2,88.7,3,5.3,1,76,2,free,desktop,North,yes,no
L11483,26,23.6,3,5.19,16,0,72.1,2,3.2,0,1,2,premium,tablet,West,yes,no
L11484,39,67.3,2,5.02,15,3,32.8,3,5.5,1,81,15,basic,desktop,West,yes,no
L11485,35,82.2,5,3.09,11,5,20.1,1,2.7,0,109,7,premium,mobile,West,yes,no
L11486,27,58.0,1,0.84,21,3,71.7,3,1.4,0,102,21,basic,desktop,North,yes,yes
L11487,41,41.1,1,11.65,18,8,45.8,6,0.7,0,69,5,premium,mobile,East,no,yes
L11488,38,56.8,2,7.29,16,1,100.0,7,5.6,1,112,16,basic,tablet,North,yes,yes
L11489,30,76.2,0,8.63,16,10,44.1,2,3.6,1,40,9,basic,mobile,South,yes,yes
L11490,57,58.7,1,2.79,20,3,81.1,2,4.6,1,76,11,basic,desktop,West,no,yes
L11491,26,57.4,1,3.54,14,3,79.3,4,0.8,2,86,3,basic,mobile,North,yes,yes
L11492,55,52.3,4,3.14,17,5,72.8,4,3.5,2,75,22,basic,desktop,West,yes,yes
L11493,24,51.0,0,1.49,16,4,37.0,2,6.0,0,108,7,free,mobile,South,yes,no
L11494,21,80.1,4,1.23,27,10,54.4,2,3.1,0,80,10,basic,mobile,East,yes,yes
L11495,53,95.0,2,5.48,19,8,62.8,3,2.8,1,110,3,premium,mobile,North,yes,yes
L11496,44,51.6,5,1.39,21,3,64.5,3,6.9,0,28,6,basic,desktop,West,yes,yes
L11497,43,70.2,3,1.29,13,10,65.1,2,4.0,1,5,18,free,desktop,East,yes,yes
L11498,24,37.3,4,3.5,16,5,76.1,5,7.7,2,101,20,free,desktop,West,no,no
L11499,48,78.5,1,0.48,20,10,51.8,2,3.3,1,112,23,premium,desktop,South,no,yes
L11500,38,50.1,1,3.91,19,1,43.8,3,4.8,1,75,20,premium,mobile,West,yes,no
L11501,37,62.4,4,0.61,21,6,41.3,4,3.5,0,83,13,free,desktop,South,yes,yes
L11502,34,64.9,0,3.61,17,0,46.1,2,3.7,1,29,18,basic,mobile,South,yes,no
L11503,52,76.9,0,5.15,21,10,64.4,5,6.6,0,75,16,free,mobile,East,yes,no
L11504,25,49.8,2,1.61,19,9,42.0,2,5.3,2,28,23,free,tablet,East,yes,no
L11505,57,65.5,5,2.76,16,3,37.1,3,0.8,0,79,16,free,mobile,South,yes,no
L11506,25,81.3,4,1.4,17,5,34.0,2,3.7,1,26,22,premium,mobile,North,yes,no
L11507,17,56.4,2,3.28,13,5,68.3,6,5.7,3,65,5,free,mobile,South,yes,no
L11508,44,52.3,2,3.01,19,1,82.0,5,1.2,0,23,14,free,mobile,East,yes,no
L11509,19,62.3,2,7.32,16,8,66.8,3,3.8,0,35,8,premium,desktop,East,yes,yes
L11510,18,67.9,0,9.14,21,9,55.2,1,7.9,3,64,23,basic,mobile,South,yes,yes
L11511,30,39.9,5,2.59,29,6,33.2,4,3.2,0,87,6,basic,desktop,East,yes,no
L11512,50,47.8,3,6.48,14,5,52.4,3,6.8,1,76,13,free,mobile,East,yes,yes
L11513,28,30.9,2,8.09,17,5,68.0,1,5.2,1,91,0,basic,mobile,North,yes,yes
L11514,47,47.4,0,4.69,21,8,53.9,3,4.0,1,32,3,basic,desktop,West,yes,yes
L11515,37,93.9,4,8.03,17,2,71.3,6,1.8,0,68,16,basic,tablet,East,yes,yes
L11516,29,73.0,5,1.38,16,1,84.7,2,3.0,0,90,10,basic,desktop,North,yes,yes
L11517,24,59.4,5,2.39,17,6,64.4,1,3.8,2,100,6,premium,desktop,North,no,yes
L11518,50,48.0,3,5.94,19,1,62.6,2,2.5,1,4,21,free,desktop,South,yes,no
L11519,51,64.0,4,8.78,22,2,64.9,3,0.0,0,26,13,free,mobile,East,yes,no
L11520,43,47.1,1,5.34,11,5,30.2,2,5.9,1,22,16,free,desktop,North,yes,no
L11521,29,39.2,4,12.24,12,0,83.2,2,4.3,2,118,17,premium,mobile,North,no,yes
L11522,32,37.2,5,2.01,18,1,35.5,1,4.2,0,115,19,basic,mobile,East,no,no
L11523,35,48.8,3,0.16,23,9,100.0,3,3.8,2,45,16,free,desktop,South,yes,yes
L11524,57,57.8,4,4.13,19,6,89.7,3,1.4,0,52,10,premium,desktop,West,yes,yes
L11525,30,87.2,1,3.33,20,0,41.7,3,2.2,0,91,6,basic,tablet,East,yes,no
L11526,43,37.4,3,2.11,17,4,58.8,0,0.9,2,80,4,free,mobile,South,yes,no
L11527,53,56.9,1,1.22,18,5,80.2,6,5.0,1,80,12,basic,desktop,South,no,yes
L11528,33,62.5,2,5.55,19,9,24.4,4,6.1,0,7,17,premium,desktop,North,yes,yes
L11529,33,70.6,2,6.64,24,2,24.7,3,6.5,2,64,2,basic,desktop,South,yes,no
L11530,37,61.6,3,15.33,14,5,52.5,2,3.2,1,68,0,free,desktop,North,yes,yes
L11531,52,43.8,3,2.79,21,10,37.9,1,3.9,2,11,19,basic,mobile,West,yes,no
L11532,40,41.1,0,5.58,17,6,78.3,1,3.3,0,72,12,premium,desktop,South,yes,yes
L11533,30,79.5,3,2.0,18,7,44.5,5,4.3,1,2,15,free,tablet,South,yes,no
L11534,32,57.1,3,7.17,13,0,58.1,1,4.9,0,24,16,free,mobile,East,yes,no
L11535,55,100.0,1,4.63,14,3,46.5,0,4.6,0,37,14,basic,mobile,North,yes,yes
L11536,44,73.4,4,3.56,11,10,61.4,1,1.9,1,68,14,free,mobile,North,yes,no
L11537,27,49.7,5,2.67,24,10,57.4,4,2.9,1,94,20,basic,mobile,East,no,no
L11538,36,36.0,4,4.06,12,9,51.7,2,7.2,0,18,12,free,desktop,South,yes,yes
L11539,56,50.3,4,7.69,25,10,59.8,6,5.9,1,88,20,free,tablet,East,no,yes
L11540,58,58.0,3,0.06,15,2,33.9,2,5.4,1,118,20,free,desktop,South,yes,no
L11541,34,33.8,1,9.28,16,5,64.9,1,2.8,0,3,16,basic,desktop,South,yes,no
L11542,19,46.8,1,6.27,26,8,68.8,1,3.2,0,55,0,basic,desktop,North,yes,no
L11543,49,74.6,1,5.92,13,8,36.1,3,3.1,0,115,6,free,mobile,East,yes,no
L11544,36,52.4,0,6.51,14,3,90.0,5,2.3,2,109,16,premium,desktop,South,yes,no
L11545,41,64.5,1,6.35,16,1,89.0,1,4.0,0,99,2,premium,desktop,West,no,no
L11546,44,48.7,0,6.64,20,7,,2,5.9,0,50,8,basic,mobile,North,yes,yes
L11547,35,70.9,5,6.47,16,1,76.3,4,5.3,0,39,9,free,mobile,West,yes,no
L11548,18,41.8,1,6.13,17,5,36.5,1,1.2,0,66,12,basic,desktop,West,yes,yes
L11549,21,67.3,2,2.76,23,1,54.2,3,4.5,1,3,18,free,desktop,North,yes,no
L11550,47,75.4,2,2.77,19,3,29.3,5,0.4,1,29,3,free,tablet,South,yes,no
L11551,24,53.3,5,6.22,17,0,61.1,2,6.5,1,106,17,free,desktop,East,yes,no
L11552,51,57.3,5,3.17,13,9,85.8,3,3.1,0,79,10,basic,mobile,East,no,yes
L11553,41,69.0,4,3.09,13,5,55.7,4,4.8,0,57,5,free,mobile,North,no,no
L11554,35,78.1,0,2.23,17,10,64.3,1,9.1,0,22,23,basic,mobile,East,yes,yes
L11555,50,58.4,4,11.06,18,8,74.0,4,4.4,1,7,1,free,tablet,West,yes,yes
L11556,36,44.8,1,2.89,16,8,60.2,4,2.9,0,93,11,basic,desktop,West,yes,yes
L11557,19,69.5,4,6.37,21,7,65.4,2,2.3,0,117,4,premium,mobile,West,yes,yes
L11558,57,63.2,0,2.23,16,10,27.5,5,5.6,0,72,4,free,tablet,North,no,no
L11559,21,39.5,4,4.18,12,6,61.6,4,2.7,1,55,12,basic,mobile,West,no,yes
L11560,30,72.6,3,1.67,18,4,68.4,1,5.5,1,107,14,free,desktop,South,yes,no
L11561,20,67.7,2,2.26,20,8,57.2,3,3.6,1,26,11,basic,desktop,West,yes,no
L11562,49,71.1,3,3.37,23,5,63.5,4,3.3,1,78,21,free,desktop,South,yes,no
L11563,35,55.1,2,1.29,13,4,57.4,6,8.7,2,23,20,free,mobile,West,no,no
L11564,44,76.5,3,7.63,9,2,53.1,3,3.5,1,89,1,basic,desktop,West,no,yes
L11565,53,41.2,3,2.61,20,0,69.9,2,2.1,1,14,4,basic,mobile,East,yes,no
L11566,45,58.2,2,4.25,14,2,65.3,3,6.7,1,44,14,basic,desktop,South,no,yes
L11567,22,63.6,1,5.1,20,7,66.1,2,4.5,0,37,6,basic,mobile,South,no,yes
L11568,19,52.5,0,0.83,16,10,74.7,4,7.6,1,24,22,free,mobile,West,yes,yes
L11569,34,64.7,5,5.21,20,1,69.5,4,4.8,0,53,23,premium,desktop,East,no,yes
L11570,44,73.1,4,0.92,13,3,89.7,4,5.8,2,38,3,basic,mobile,South,yes,no
L11571,28,52.8,5,2.46,19,0,75.8,1,4.5,0,50,2,free,mobile,North,yes,no
L11572,51,57.0,1,0.31,23,5,41.7,1,5.1,0,40,1,basic,mobile,West,yes,no
L11573,53,30.9,3,0.65,20,9,75.0,2,1.2,1,14,21,basic,mobile,North,yes,no
L11574,55,60.6,5,2.79,10,1,100.0,1,4.5,1,31,6,basic,desktop,North,yes,no
L11575,51,68.6,0,6.9,10,8,80.1,1,5.6,1,104,12,premium,desktop,South,yes,yes
L11576,22,70.2,2,3.85,16,2,40.9,0,5.3,1,95,17,basic,mobile,South,yes,no
L11577,48,72.8,5,1.59,16,8,76.7,5,5.7,0,6,11,premium,mobile,East,yes,yes
L11578,45,52.4,3,4.54,17,0,45.6,3,2.6,2,30,7,free,mobile,South,yes,no
L11579,20,78.4,1,0.76,11,9,9.6,2,3.9,1,30,4,free,desktop,North,yes,no
L11580,30,75.8,5,1.05,16,8,75.4,2,5.3,1,83,11,free,mobile,North,yes,yes
L11581,52,66.9,4,1.89,16,10,44.2,2,2.1,1,69,18,free,desktop,North,yes,yes
L11582,31,77.3,0,2.86,15,10,80.6,1,2.1,0,40,2,free,desktop,West,yes,yes
L11583,47,63.0,5,2.37,24,0,23.7,3,4.6,1,43,2,basic,desktop,South,yes,no
L11584,48,75.0,0,5.05,21,9,72.3,2,6.8,1,87,18,basic,mobile,East,yes,no
L11585,59,68.8,1,4.3,12,1,24.1,1,3.0,0,12,0,free,desktop,North,yes,no
L11586,27,72.1,3,2.53,15,2,54.8,1,6.1,1,51,15,basic,desktop,North,yes,yes
L11587,26,50.6,1,2.91,16,7,16.2,2,5.7,0,97,21,basic,mobile,South,yes,no
L11588,52,57.8,1,10.34,25,8,100.0,5,3.6,0,64,7,premium,mobile,West,yes,yes
L11589,27,68.5,1,2.12,17,7,30.8,4,6.6,2,73,23,premium,desktop,East,yes,no
L11590,17,42.6,0,9.87,18,3,37.6,2,6.7,0,29,15,basic,desktop,East,yes,no
L11591,18,38.8,3,1.21,18,0,28.4,3,1.9,0,23,14,premium,desktop,West,yes,no
L11592,56,95.1,1,4.55,14,7,41.5,2,4.4,0,16,4,free,mobile,West,yes,no
L11593,52,48.1,2,13.45,22,0,26.8,0,1.4,0,12,3,free,desktop,East,no,no
L11594,52,72.3,0,9.7,20,4,43.1,3,2.1,0,67,17,free,desktop,East,yes,no
L11595,32,63.6,5,3.16,15,2,39.2,3,4.5,1,63,22,free,mobile,North,yes,no
L11596,55,74.5,1,3.4,19,7,15.5,4,7.1,0,43,9,basic,mobile,North,yes,yes
L11597,49,75.3,0,13.08,13,4,73.8,2,8.2,1,24,18,free,desktop,South,yes,yes
L11598,19,43.5,3,4.52,22,0,54.8,1,2.0,0,27,20,basic,desktop,East,yes,no
L11599,36,43.1,3,2.7,16,9,41.2,2,5.7,3,38,8,free,mobile,South,yes,yes
L11600,50,51.2,1,1.32,13,7,44.7,3,2.6,0,112,17,free,desktop,North,yes,no
L11601,27,62.4,1,5.04,13,1,57.4,2,6.1,1,91,11,free,desktop,West,yes,yes
L11602,45,48.1,0,3.53,19,4,62.0,3,5.7,1,17,20,premium,desktop,East,yes,no
L11603,29,63.7,0,2.04,17,3,93.5,1,3.2,2,74,22,free,mobile,East,yes,yes
L11604,37,61.2,5,9.75,7,7,86.1,5,6.0,1,88,22,free,mobile,East,yes,yes
L11605,34,49.0,2,1.76,16,6,64.6,5,1.8,1,48,7,free,mobile,West,yes,no
L11606,20,70.7,4,1.3,19,0,100.0,3,4.5,1,119,8,basic,mobile,South,yes,yes
L11607,34,61.4,2,8.13,25,2,89.0,2,4.5,1,49,11,free,desktop,South,yes,no
L11608,53,32.1,2,1.02,18,9,82.7,2,4.3,2,3,11,basic,desktop,East,yes,yes
L11609,17,40.0,3,3.64,22,3,39.5,1,6.1,2,53,2,free,desktop,North,yes,yes
L11610,32,60.9,3,1.52,12,4,29.2,3,2.3,1,37,14,free,mobile,East,yes,yes
L11611,44,87.1,0,3.26,19,7,53.5,3,3.6,0,89,11,free,mobile,West,yes,yes
L11612,21,54.2,0,1.22,18,3,39.6,2,3.2,0,76,21,premium,mobile,East,no,no
L11613,19,69.4,1,10.19,12,6,65.5,1,5.4,1,59,10,free,mobile,West,yes,no
L11614,30,78.2,2,5.89,20,8,64.7,4,1.4,0,55,20,basic,mobile,East,yes,yes
L11615,31,56.9,0,3.94,16,3,47.1,2,5.7,0,101,4,basic,mobile,North,yes,no
L11616,24,42.0,2,4.26,25,1,48.1,4,0.0,1,56,3,free,mobile,West,yes,no
L11617,43,73.0,3,2.82,14,2,69.9,5,2.6,2,42,7,free,mobile,East,yes,no
L11618,53,71.4,5,2.93,24,10,71.0,3,3.8,1,88,7,premium,desktop,South,yes,yes
L11619,57,76.0,4,2.49,13,2,32.4,8,1.6,0,2,9,free,mobile,West,no,no
L11620,38,76.9,1,5.25,13,5,100.0,4,4.4,0,18,7,free,mobile,South,yes,no
L11621,42,51.3,3,3.11,17,6,39.3,3,7.5,0,48,9,free,desktop,West,no,no
L11622,39,40.0,1,2.1,21,4,95.9,4,3.3,1,1,10,premium,mobile,North,yes,no
L11623,53,74.3,1,1.76,25,2,87.6,2,3.2,0,66,19,free,mobile,North,yes,no
L11624,47,53.7,2,5.91,17,2,64.6,1,2.9,0,68,10,basic,desktop,North,no,no
L11625,57,45.0,5,0.18,17,0,32.0,3,5.3,3,82,4,free,tablet,West,yes,no
L11626,58,54.7,0,2.31,22,5,77.0,1,4.6,0,81,20,basic,mobile,South,yes,no
L11627,18,75.4,2,4.31,21,0,54.6,2,2.8,1,87,10,premium,mobile,South,no,no
L11628,52,48.5,1,12.77,18,4,62.8,6,4.3,0,4,21,premium,mobile,North,yes,no
L11629,51,43.1,2,8.37,16,4,33.2,1,0.0,1,55,20,basic,desktop,South,yes,yes
L11630,58,77.4,1,12.44,13,9,63.9,6,2.7,0,24,9,basic,desktop,West,yes,yes
L11631,29,58.3,1,5.11,17,6,71.0,3,5.8,2,42,1,free,desktop,North,no,no
L11632,56,52.3,1,4.68,19,5,58.7,2,7.4,0,84,6,free,tablet,East,yes,no
L11633,47,65.2,1,2.9,19,9,56.0,2,6.0,1,13,23,basic,mobile,West,yes,yes
L11634,30,75.7,0,3.42,21,5,36.3,1,5.1,0,107,3,premium,tablet,West,yes,no
L11635,42,53.9,5,3.73,18,10,54.7,1,5.7,2,87,20,free,desktop,West,yes,yes
L11636,21,42.9,2,9.29,12,0,55.9,3,4.9,1,79,2,basic,desktop,North,yes,no
L11637,49,61.4,0,5.91,20,2,52.3,5,6.3,3,27,6,premium,tablet,North,yes,no
L11638,54,80.3,1,1.75,19,2,60.4,3,5.0,4,12,20,free,desktop,East,yes,no
L11639,49,75.5,5,2.42,24,4,51.5,2,4.8,0,92,10,basic,desktop,East,yes,yes
L11640,20,55.1,4,2.74,14,6,55.9,3,4.4,1,37,22,basic,mobile,West,yes,no
L11641,25,60.4,5,3.24,20,0,52.2,3,5.5,0,43,9,basic,desktop,South,yes,no
L11642,42,62.1,5,6.8,19,3,83.8,3,4.8,0,36,23,premium,mobile,North,yes,yes
L11643,29,61.4,0,5.07,17,8,29.1,0,2.4,0,55,15,free,mobile,West,yes,no
L11644,47,64.9,3,0.9,19,7,53.2,5,3.3,2,1,14,premium,mobile,South,yes,no
L11645,17,64.3,4,2.92,18,5,63.3,1,4.7,2,90,3,free,mobile,East,yes,no
L11646,34,45.5,4,1.7,25,6,44.2,4,5.3,1,17,6,basic,mobile,South,yes,no
L11647,34,92.4,2,2.85,25,5,47.6,4,6.2,0,60,23,basic,desktop,West,yes,yes
L11648,21,72.5,4,3.92,23,9,44.1,0,4.2,1,40,18,free,mobile,North,no,yes
L11649,53,38.5,3,12.05,20,4,32.2,5,0.0,0,8,6,basic,mobile,South,yes,no
L11650,57,49.9,5,6.65,16,10,64.5,5,2.0,0,9,16,premium,mobile,North,yes,yes
L11651,41,52.0,1,4.96,19,1,62.9,5,5.8,1,92,10,free,mobile,East,yes,no
L11652,58,62.7,1,2.39,14,2,76.4,5,3.7,1,117,14,basic,desktop,North,yes,no
L11653,38,60.7,1,4.22,22,10,56.5,3,5.1,0,106,9,basic,desktop,West,yes,yes
L11654,23,56.9,2,8.41,23,6,58.8,1,0.2,0,15,21,free,mobile,South,yes,yes
L11655,54,58.5,3,2.95,17,10,64.6,1,2.7,0,39,14,basic,mobile,East,yes,yes
L11656,30,33.6,4,2.5,15,8,47.9,2,4.4,1,60,16,basic,mobile,West,yes,yes
L11657,24,81.7,4,4.1,10,4,71.1,2,5.9,2,51,9,free,mobile,East,yes,no
L11658,57,36.4,5,0.57,17,5,35.3,1,4.2,0,62,9,premium,mobile,East,yes,no
L11659,56,55.7,4,2.06,19,0,72.5,1,4.5,0,52,13,free,mobile,South,yes,no
L11660,56,35.5,4,2.96,19,1,98.5,3,4.3,2,91,10,free,mobile,South,yes,no
L11661,41,51.3,2,1.62,10,2,59.6,2,4.8,0,103,6,premium,desktop,West,yes,yes
L11662,24,81.8,5,3.87,16,10,69.4,4,2.5,0,80,11,free,mobile,North,yes,yes
L11663,51,94.0,4,2.0,16,0,,3,3.5,2,78,0,premium,mobile,North,yes,yes
L11664,30,70.0,2,7.95,26,6,47.3,4,5.9,1,24,7,free,desktop,South,yes,yes
L11665,34,52.4,3,2.26,18,7,73.1,2,2.8,0,55,16,free,mobile,South,yes,no
L11666,24,49.4,0,4.47,18,5,81.1,4,1.4,0,37,21,premium,mobile,North,yes,yes
L11667,17,28.9,4,2.76,17,7,85.6,2,0.0,0,47,18,free,mobile,South,yes,no
L11668,53,78.8,0,4.82,16,1,51.8,2,3.2,0,29,2,free,mobile,West,yes,no
L11669,23,69.2,0,5.68,18,7,62.0,3,1.3,3,70,17,premium,mobile,North,yes,no
L11670,28,55.7,1,2.25,16,4,62.1,4,5.5,1,90,23,basic,desktop,South,no,no
L11671,36,31.4,3,7.61,16,7,45.4,2,4.4,0,111,5,free,mobile,West,yes,no
L11672,21,69.6,1,2.61,17,2,87.1,2,8.6,0,71,1,free,mobile,East,no,no
L11673,31,57.8,1,4.06,13,4,19.3,2,4.4,1,74,7,free,desktop,East,no,no
L11674,39,70.0,0,3.33,12,5,53.1,3,6.3,1,25,16,free,desktop,East,yes,no
L11675,48,56.5,2,5.52,20,10,63.1,6,2.3,2,4,1,basic,desktop,North,yes,yes
L11676,29,62.1,4,8.63,14,5,39.0,3,2.9,0,106,7,free,mobile,South,yes,no
L11677,18,57.5,2,8.92,14,1,100.0,2,4.4,2,56,20,free,mobile,West,yes,no
L11678,45,52.1,3,3.88,20,10,56.8,6,4.6,1,33,2,premium,tablet,West,yes,yes
L11679,38,83.2,3,8.36,14,10,32.6,3,3.9,1,21,3,basic,desktop,West,yes,yes
L11680,18,68.0,5,11.59,25,0,69.1,4,3.2,0,85,7,premium,desktop,West,yes,no
L11681,41,72.3,0,3.14,15,4,55.2,2,1.6,0,118,12,free,mobile,West,yes,no
L11682,41,88.0,4,7.52,23,6,65.3,9,4.9,1,108,18,basic,desktop,South,yes,yes
L11683,21,80.5,0,2.48,19,7,40.0,4,6.5,1,56,5,free,mobile,North,yes,yes
L11684,27,61.5,0,13.24,19,0,92.7,3,4.7,0,12,18,free,desktop,East,yes,yes
L11685,48,67.7,0,3.06,29,4,61.5,0,4.6,1,58,20,free,mobile,East,yes,no
L11686,26,58.2,5,8.55,19,4,79.5,2,6.6,1,47,23,basic,desktop,West,yes,yes
L11687,38,74.5,1,3.02,29,0,67.2,4,5.1,1,36,17,free,tablet,East,yes,yes
L11688,31,59.3,0,1.36,14,7,71.9,2,4.3,1,53,15,free,mobile,East,yes,yes
L11689,21,71.7,0,6.57,19,7,97.7,1,3.3,0,48,17,free,mobile,North,yes,yes
L11690,24,38.5,2,8.92,23,9,63.3,3,4.5,3,62,14,free,,West,yes,no
L11691,29,53.1,5,1.2,12,2,67.4,1,3.3,1,35,23,basic,desktop,East,yes,no
L11692,47,52.6,3,3.67,13,5,49.0,5,3.7,1,89,0,free,mobile,West,yes,yes
L11693,59,49.3,1,2.66,20,8,83.5,3,3.6,1,106,14,free,desktop,South,yes,no
L11694,54,45.5,5,1.74,8,2,51.5,3,3.1,1,23,12,free,mobile,West,yes,no
L11695,39,71.0,3,4.29,15,6,56.5,6,3.7,2,61,18,basic,tablet,North,yes,yes
L11696,58,51.2,4,4.22,13,8,62.9,5,3.1,1,86,13,basic,desktop,South,yes,yes
L11697,35,91.8,4,4.6,18,2,55.1,3,4.9,0,44,15,free,desktop,East,yes,yes
L11698,25,60.6,1,4.69,20,7,44.9,4,5.9,1,72,16,premium,desktop,South,yes,no
L11699,53,56.8,1,1.22,12,1,78.2,4,4.2,2,4,5,free,desktop,North,no,no
L11700,41,37.9,1,2.11,15,3,22.5,3,2.3,1,58,6,basic,desktop,East,yes,no
L11701,30,66.3,3,9.95,16,9,99.2,1,7.4,1,111,13,basic,mobile,South,yes,yes
L11702,34,54.5,0,1.42,15,2,50.9,0,6.5,2,59,18,premium,tablet,South,yes,no
L11703,31,50.1,3,7.82,18,4,53.8,1,3.9,0,25,18,premium,tablet,West,yes,yes
L11704,59,68.7,1,5.73,19,6,79.1,4,4.6,1,74,2,basic,desktop,East,yes,yes
L11705,37,51.2,3,2.02,21,6,66.1,4,4.9,1,69,22,free,desktop,West,yes,no
L11706,49,73.9,0,4.8,14,1,48.1,5,0.8,1,48,23,premium,mobile,East,yes,yes
L11707,35,90.4,5,3.97,10,6,47.0,2,3.8,0,45,10,basic,desktop,West,yes,no
L11708,53,65.2,3,3.92,21,1,39.3,3,2.9,1,66,4,basic,desktop,West,yes,no
L11709,33,74.3,5,2.63,21,9,62.7,1,0.5,0,16,13,free,desktop,South,yes,yes
L11710,37,69.7,4,1.39,18,3,52.1,2,4.5,1,37,15,premium,mobile,North,yes,no
L11711,18,80.3,5,2.97,16,6,23.0,7,0.0,1,10,4,basic,mobile,North,no,no
L11712,23,48.9,4,3.1,22,0,57.9,5,3.0,1,18,23,basic,tablet,South,yes,no
L11713,48,92.6,5,2.61,18,4,52.7,3,3.2,1,36,1,free,desktop,North,yes,no
L11714,34,49.9,5,1.34,12,9,47.3,3,4.0,0,49,15,basic,mobile,East,no,no
L11715,54,60.2,3,3.86,14,8,92.5,6,0.0,1,65,11,basic,desktop,West,yes,yes
L11716,35,57.8,5,3.49,15,3,42.9,4,7.0,0,36,6,premium,tablet,East,yes,yes
L11717,40,75.5,4,6.07,13,6,29.2,2,3.9,0,54,19,premium,mobile,South,yes,no
L11718,30,41.0,2,8.92,17,5,70.8,1,0.0,1,53,6,premium,mobile,South,yes,no
L11719,23,68.1,0,3.03,19,2,75.6,4,1.5,0,109,8,premium,mobile,South,yes,no
L11720,34,60.6,4,0.59,13,10,57.4,3,6.3,0,4,21,basic,desktop,West,yes,no
L11721,24,55.5,1,5.23,26,5,27.3,4,1.3,2,76,7,free,desktop,East,yes,yes
L11722,24,92.4,4,3.9,27,6,100.0,4,2.7,1,46,16,free,mobile,West,yes,no
L11723,45,44.8,2,3.51,16,0,59.2,3,5.7,0,30,14,free,mobile,East,yes,no
L11724,51,76.8,2,0.59,13,0,49.9,4,4.9,2,36,14,premium,mobile,West,yes,no
L11725,33,62.2,0,2.12,21,3,91.0,2,3.6,1,33,3,free,mobile,West,yes,no
L11726,46,42.7,5,3.27,17,9,51.9,0,4.4,1,60,17,free,mobile,West,yes,no
L11727,48,61.3,4,4.16,15,0,88.3,5,4.2,3,68,9,free,tablet,West,yes,no
L11728,27,40.0,5,10.27,12,0,57.4,4,3.7,1,24,3,premium,desktop,West,yes,yes
L11729,26,49.9,3,4.74,14,9,58.6,3,5.2,0,31,19,basic,mobile,West,yes,yes
L11730,42,55.3,0,4.99,24,6,78.0,1,1.3,1,82,7,free,desktop,South,yes,yes
L11731,32,55.3,0,4.55,16,4,81.0,5,4.8,0,39,3,free,tablet,West,yes,no
L11732,52,47.7,4,7.05,19,9,57.1,10,3.4,1,6,11,free,tablet,North,yes,no
L11733,54,60.0,5,1.83,18,2,34.5,4,5.9,2,90,2,free,desktop,South,yes,no
L11734,18,33.2,1,8.84,15,6,38.5,2,5.0,1,17,23,free,desktop,East,no,yes
L11735,52,63.7,1,6.86,28,10,58.2,6,8.7,2,22,15,free,desktop,North,yes,yes
L11736,43,88.4,2,4.94,25,2,63.9,5,0.6,1,58,23,premium,desktop,East,yes,yes
L11737,22,66.1,3,6.8,29,2,52.5,3,3.8,1,70,17,free,mobile,West,yes,no
L11738,47,56.9,4,7.56,19,5,80.5,3,4.7,2,60,10,basic,desktop,East,yes,yes
L11739,51,64.0,2,15.8,15,4,55.2,5,0.5,2,70,18,basic,desktop,North,yes,yes
L11740,23,71.4,0,1.5,20,1,72.5,7,2.6,2,55,1,free,mobile,South,yes,yes
L11741,51,29.0,4,5.24,18,4,69.7,3,6.0,0,105,11,premium,desktop,North,yes,no
L11742,42,69.1,4,1.59,14,1,56.4,1,4.2,1,99,1,basic,tablet,North,yes,no
L11743,23,58.8,3,9.1,16,10,54.7,8,4.7,1,47,10,free,mobile,North,yes,yes
L11744,52,65.0,2,2.48,23,4,51.8,1,2.6,1,69,9,free,desktop,West,yes,no
L11745,39,51.5,0,2.27,15,2,37.8,5,6.4,0,77,11,free,mobile,North,yes,no
L11746,23,55.9,1,0.05,22,5,48.5,4,4.9,0,89,10,basic,mobile,West,yes,yes
L11747,54,28.9,3,10.39,21,5,,1,4.7,0,66,23,premium,desktop,South,no,yes
L11748,23,50.4,2,9.05,18,6,47.4,2,9.6,1,92,5,free,mobile,West,yes,no
L11749,31,60.7,4,2.48,26,10,62.3,2,0.0,1,12,16,free,desktop,East,yes,yes
L11750,32,52.2,5,1.72,14,3,78.5,2,1.9,1,49,18,premium,mobile,East,yes,no
L11751,59,57.1,5,8.6,19,4,20.5,2,3.0,1,92,12,free,desktop,North,yes,yes
L11752,32,51.9,5,4.29,25,6,39.6,5,6.3,0,51,23,basic,desktop,West,yes,yes
L11753,34,64.6,3,0.74,29,1,34.6,2,3.2,0,80,9,free,tablet,North,yes,no
L11754,57,71.9,4,0.73,17,10,88.0,4,1.6,0,47,12,basic,mobile,West,yes,yes
L11755,59,55.1,2,4.39,11,6,51.5,0,2.8,2,79,22,basic,desktop,South,yes,yes
L11756,55,36.7,3,7.23,16,8,74.6,3,8.2,0,29,7,free,tablet,East,no,no
L11757,45,53.0,1,1.14,12,10,63.2,3,2.1,0,30,13,premium,desktop,South,no,yes
L11758,48,55.3,5,5.77,11,7,56.9,5,6.0,1,45,8,free,desktop,North,yes,yes
L11759,32,48.6,5,1.08,21,8,46.5,3,2.0,2,90,8,free,mobile,North,yes,yes
L11760,56,53.2,3,4.32,16,6,54.6,4,3.6,1,87,5,free,desktop,South,no,no
L11761,41,49.0,5,4.39,31,9,63.6,3,6.7,0,117,20,free,mobile,North,yes,yes
L11762,42,62.2,3,9.26,20,1,64.9,2,3.3,0,5,14,basic,desktop,North,yes,yes
L11763,42,82.4,5,3.82,19,8,81.2,4,0.5,1,44,0,free,desktop,South,no,yes
L11764,49,42.7,4,3.58,21,9,36.9,1,5.7,0,1,19,basic,desktop,East,yes,no
L11765,51,63.3,4,3.36,17,5,78.1,4,3.4,0,52,23,free,mobile,West,yes,no
L11766,36,46.1,3,1.87,16,1,49.2,4,4.0,0,31,11,free,desktop,East,yes,no
L11767,44,57.3,3,4.63,21,4,54.3,2,6.8,2,49,10,basic,mobile,South,yes,no
L11768,35,59.8,2,0.94,18,5,35.8,2,7.6,0,59,19,basic,desktop,North,yes,no
L11769,32,73.1,4,1.02,20,7,47.3,3,4.8,0,34,14,premium,mobile,North,yes,yes
L11770,42,47.2,5,4.4,19,7,79.0,1,2.2,0,4,19,premium,mobile,East,yes,no
L11771,50,75.9,0,4.18,23,9,36.4,5,4.5,1,46,16,free,desktop,East,no,yes
L11772,25,62.1,2,5.98,17,5,76.8,0,2.8,0,50,1,basic,mobile,South,yes,yes
L11773,55,48.7,1,0.28,18,1,51.8,5,4.6,1,103,14,basic,mobile,South,yes,no
L11774,17,67.2,5,14.51,21,4,63.1,4,0.7,0,18,3,free,desktop,South,yes,yes
L11775,52,41.8,3,0.88,22,2,44.2,3,3.9,0,27,2,basic,desktop,South,yes,no
L11776,43,65.8,5,6.33,21,1,64.8,1,1.7,1,19,3,free,desktop,North,no,no
L11777,18,34.6,0,0.76,13,3,77.5,1,5.6,0,119,16,basic,desktop,West,yes,no
L11778,34,62.7,4,4.17,18,0,44.5,0,3.4,0,69,5,basic,desktop,North,no,no
L11779,37,63.7,0,2.1,13,9,69.7,5,3.6,0,40,21,basic,mobile,West,yes,yes
L11780,34,72.6,0,1.17,11,3,31.8,3,2.1,0,20,23,premium,desktop,South,yes,no
L11781,25,78.5,0,4.62,17,8,72.6,4,4.0,1,35,4,basic,mobile,West,yes,yes
L11782,41,88.5,3,12.4,16,2,37.4,2,7.4,0,81,11,free,mobile,East,yes,yes
L11783,53,48.9,3,0.57,18,9,54.6,1,3.3,3,102,3,free,mobile,East,yes,no
L11784,48,66.6,3,4.48,24,3,68.6,1,0.6,1,104,1,free,desktop,East,yes,no
L11785,33,30.1,2,2.64,20,10,24.7,0,0.0,1,115,0,basic,tablet,South,yes,yes
L11786,36,64.4,3,16.07,14,6,69.0,2,3.9,0,104,2,premium,mobile,West,no,no
L11787,57,25.7,4,1.57,13,4,,2,4.6,0,82,16,basic,mobile,West,yes,no
L11788,58,55.3,2,1.38,13,1,49.6,0,4.9,2,63,21,basic,desktop,East,yes,no
L11789,59,63.8,5,3.26,22,4,79.1,1,2.3,0,73,11,basic,desktop,North,yes,no
L11790,40,51.6,1,5.55,19,9,67.7,4,5.9,0,84,17,basic,mobile,East,yes,no
L11791,47,84.6,3,1.73,14,6,34.3,3,0.0,2,100,11,free,mobile,South,yes,no
L11792,30,37.8,0,1.94,20,3,54.7,4,4.2,0,26,1,basic,mobile,North,no,no
L11793,24,62.3,4,7.55,25,5,69.6,3,7.5,2,72,16,premium,desktop,South,yes,yes
L11794,40,87.9,5,3.34,16,6,60.3,3,4.9,1,84,13,free,desktop,West,no,no
L11795,53,47.5,1,5.47,16,5,71.3,2,3.9,2,80,20,free,mobile,South,yes,no
L11796,43,61.2,5,2.27,20,1,46.8,3,3.2,0,94,3,free,desktop,North,yes,no
L11797,46,36.0,4,1.21,13,8,76.8,0,3.8,0,77,2,premium,mobile,West,yes,no
L11798,31,63.4,2,7.59,9,1,44.8,2,4.5,2,45,19,free,mobile,South,yes,no
L11799,24,66.4,3,7.78,13,1,72.8,2,6.8,0,79,23,basic,desktop,South,yes,yes
L11800,26,61.7,0,1.84,17,6,77.7,4,7.7,0,25,16,free,desktop,South,yes,no
L11801,47,68.9,4,6.63,13,10,62.9,3,7.2,2,70,1,premium,mobile,South,yes,yes
L11802,33,74.9,4,4.83,12,10,57.9,3,4.4,1,15,4,basic,mobile,South,yes,yes
L11803,26,38.4,1,5.22,12,0,74.5,2,0.9,1,60,21,free,desktop,West,yes,no
L11804,59,78.8,2,7.95,22,3,94.9,5,2.4,1,45,17,free,mobile,West,yes,no
L11805,51,76.0,1,7.99,16,10,94.5,3,5.6,0,12,9,premium,mobile,East,yes,yes
L11806,59,100.0,0,0.85,15,4,75.3,2,4.4,1,107,1,premium,mobile,East,yes,yes
L11807,22,52.1,2,0.68,14,0,54.0,6,7.1,0,19,17,free,mobile,West,yes,no
L11808,50,56.9,3,1.0,14,5,25.6,4,2.1,0,23,6,basic,desktop,South,yes,no
L11809,45,67.5,5,3.51,29,10,51.1,4,2.5,0,110,13,premium,desktop,East,yes,yes
L11810,48,35.6,2,15.77,21,1,46.6,3,2.3,1,60,5,basic,desktop,East,yes,no
L11811,53,52.6,3,3.38,27,5,46.8,3,0.4,1,17,18,basic,desktop,East,yes,no
L11812,45,37.0,2,1.05,21,3,20.5,5,1.1,1,25,17,premium,mobile,North,yes,no
L11813,18,87.5,5,1.3,8,2,53.5,4,4.2,0,93,17,free,mobile,East,no,no
L11814,37,64.0,2,4.31,13,5,35.6,2,8.0,1,74,22,free,mobile,West,yes,no
L11815,26,70.9,1,9.94,22,8,55.6,3,0.0,1,75,5,premium,desktop,East,yes,yes
L11816,25,46.2,5,3.68,20,0,88.0,2,0.0,0,54,20,basic,mobile,East,yes,no
L11817,37,74.6,2,3.0,17,2,28.2,2,1.2,2,55,18,free,mobile,South,yes,no
L11818,18,56.5,0,4.85,18,5,33.3,2,0.0,0,10,5,free,tablet,North,no,no
L11819,42,56.6,4,2.43,18,3,49.7,0,3.7,0,19,17,premium,mobile,South,yes,no
L11820,31,69.3,1,2.69,15,2,74.3,4,2.9,0,11,10,basic,mobile,South,no,yes
L11821,30,42.0,1,5.34,27,9,49.0,2,4.0,0,91,15,free,mobile,North,yes,no
L11822,55,44.9,0,4.01,23,5,49.4,4,3.9,1,94,3,basic,desktop,South,yes,yes
L11823,19,49.1,1,0.76,12,3,52.8,5,1.3,0,49,3,free,mobile,South,yes,no
L11824,36,66.4,4,3.99,29,7,51.9,6,1.5,1,23,12,basic,mobile,West,no,no
L11825,38,45.9,5,7.25,18,7,11.7,1,2.8,1,69,14,basic,desktop,North,yes,no
L11826,52,61.3,3,7.08,24,6,39.0,3,5.6,2,89,9,premium,desktop,East,yes,yes
L11827,32,79.3,2,3.01,26,2,59.4,5,2.2,0,27,9,free,desktop,West,yes,no
L11828,20,66.0,5,3.73,18,0,43.4,3,4.5,0,44,17,basic,mobile,North,yes,no
L11829,33,51.6,2,2.3,19,2,53.6,1,6.4,0,7,19,basic,mobile,North,yes,no
L11830,53,73.2,0,0.69,18,4,47.3,4,3.8,0,34,6,free,mobile,South,no,no
L11831,43,54.6,0,1.12,19,8,100.0,5,4.0,0,113,0,basic,desktop,West,yes,no
L11832,46,49.5,0,3.77,14,2,54.0,3,5.4,1,56,23,free,desktop,West,yes,no
L11833,20,79.0,4,2.73,26,0,50.6,5,3.5,0,22,3,free,mobile,North,yes,no
L11834,23,62.1,2,3.78,17,4,31.1,3,4.1,1,50,17,basic,desktop,North,yes,no
L11835,28,59.6,0,1.31,15,4,51.8,5,2.4,0,100,7,premium,desktop,North,no,yes
L11836,55,80.6,5,0.26,12,2,41.3,1,0.4,0,96,15,premium,desktop,West,yes,no
L11837,35,47.4,3,0.93,12,3,71.8,0,3.9,1,69,10,free,tablet,West,yes,no
L11838,50,80.4,2,3.05,18,7,72.3,2,4.5,0,114,6,premium,desktop,North,no,no
L11839,39,50.1,0,0.88,17,3,63.2,4,3.0,1,97,17,free,mobile,South,no,no
L11840,45,60.6,4,2.5,12,6,45.7,3,3.7,0,2,13,free,tablet,North,yes,no
L11841,19,52.7,2,3.51,21,3,59.1,4,0.0,0,62,13,basic,desktop,North,yes,yes
L11842,33,50.0,4,5.27,20,10,83.5,3,6.0,0,51,5,free,tablet,West,yes,yes
L11843,45,60.2,1,5.38,23,0,50.0,4,4.5,1,4,23,free,tablet,North,yes,no
L11844,32,59.5,2,5.18,16,7,30.7,2,6.2,2,63,5,premium,mobile,East,yes,yes
L11845,39,60.2,5,5.0,21,8,43.6,2,3.2,1,5,4,free,mobile,East,yes,no
L11846,27,70.1,5,3.28,15,9,62.1,8,3.9,0,93,3,basic,desktop,South,yes,yes
L11847,50,57.2,0,10.46,21,8,26.5,8,5.7,0,99,19,basic,desktop,South,yes,yes
L11848,29,72.9,2,7.73,18,1,83.5,7,3.7,1,67,7,basic,desktop,North,yes,no
L11849,27,47.6,1,1.04,24,6,59.0,2,0.8,1,82,9,free,mobile,North,yes,no
L11850,44,48.1,5,5.84,15,6,75.7,1,3.7,0,57,4,free,tablet,East,yes,no
L11851,43,55.7,1,10.05,14,4,21.2,1,4.0,2,57,4,basic,mobile,West,no,no
L11852,35,69.0,4,5.84,23,8,59.8,1,4.1,1,94,19,free,desktop,West,yes,no
L11853,44,67.0,5,5.13,14,7,67.2,0,0.9,1,86,3,free,desktop,East,yes,yes
L11854,29,79.0,3,4.46,22,4,80.1,3,3.0,0,85,9,free,tablet,West,no,yes
L11855,30,56.1,4,4.05,14,2,31.6,3,3.1,0,34,19,basic,mobile,West,yes,yes
L11856,48,53.5,0,5.96,22,7,40.3,2,4.1,2,10,6,free,mobile,South,yes,yes
L11857,52,62.4,1,5.63,20,9,57.3,2,5.4,0,49,4,premium,mobile,South,yes,no
L11858,21,62.2,5,3.01,16,5,54.3,1,2.8,1,34,21,basic,mobile,South,yes,yes
L11859,18,31.8,5,1.54,9,9,72.0,3,1.6,0,7,12,free,mobile,West,yes,no
L11860,44,91.5,2,1.72,17,9,55.0,2,4.6,0,30,4,free,mobile,East,no,yes
L11861,43,56.9,2,0.86,18,1,68.0,3,5.5,0,48,7,free,desktop,West,yes,no
L11862,51,48.1,3,6.65,22,4,70.5,4,6.2,0,112,20,free,desktop,North,yes,no
L11863,48,48.6,3,2.72,17,0,42.9,4,2.3,0,48,23,premium,desktop,North,yes,no
L11864,44,23.6,1,3.0,21,2,66.1,1,6.1,1,100,9,basic,tablet,East,yes,yes
L11865,44,34.3,1,3.99,17,0,48.2,4,0.0,2,96,14,basic,mobile,West,yes,no
L11866,26,75.9,4,1.71,21,2,75.3,1,0.0,0,92,7,basic,desktop,East,no,yes
L11867,39,60.4,1,8.73,17,7,40.7,9,5.2,1,112,14,premium,desktop,West,yes,yes
L11868,31,48.4,1,5.79,23,5,46.9,6,3.5,1,66,3,free,desktop,North,yes,no
L11869,38,65.3,3,7.12,9,1,52.9,2,6.6,0,78,9,basic,mobile,West,yes,yes
L11870,53,73.1,2,6.23,24,6,61.0,4,0.4,2,115,1,free,mobile,North,yes,yes
L11871,30,70.3,1,1.89,26,5,30.2,0,1.6,2,86,13,premium,mobile,North,no,no
L11872,44,53.9,0,2.2,23,7,56.4,2,6.8,1,95,11,free,mobile,North,yes,yes
L11873,33,33.6,3,8.22,18,0,55.0,2,2.3,1,25,21,premium,desktop,East,yes,no
L11874,30,47.1,5,2.08,14,10,67.1,1,4.5,1,66,16,premium,desktop,West,yes,no
L11875,23,73.7,4,8.96,25,7,46.7,0,5.2,0,29,15,free,mobile,East,yes,yes
L11876,45,80.2,2,2.54,16,0,35.4,6,2.0,1,49,4,free,mobile,West,yes,no
L11877,40,60.8,1,8.3,14,5,59.1,1,6.1,0,36,22,free,desktop,West,yes,no
L11878,39,70.5,4,2.59,13,9,57.1,8,2.5,1,60,0,basic,desktop,South,yes,yes
L11879,22,95.9,2,1.01,22,2,,2,5.3,2,17,6,basic,desktop,North,no,no
L11880,51,62.4,3,10.18,18,2,40.7,5,6.1,0,5,18,free,mobile,West,no,no
L11881,46,63.6,0,2.31,10,9,56.1,4,2.3,1,57,4,premium,mobile,North,yes,no
L11882,53,90.8,0,5.12,19,4,73.0,4,3.4,0,78,19,basic,tablet,South,yes,yes
L11883,28,49.9,3,8.38,15,2,70.6,3,5.6,2,38,9,free,desktop,South,yes,no
L11884,54,65.3,2,6.59,19,3,60.2,5,4.4,0,59,2,premium,desktop,East,yes,yes
L11885,34,56.1,2,7.76,24,4,63.6,3,4.9,2,115,20,basic,mobile,North,yes,no
L11886,38,57.9,0,6.01,20,10,88.6,1,3.3,1,42,22,basic,mobile,West,yes,yes
L11887,49,38.6,4,5.21,16,7,54.5,2,1.5,1,62,2,premium,desktop,West,no,yes
L11888,19,44.0,3,9.4,17,6,62.2,1,0.0,1,51,12,basic,desktop,South,yes,yes
L11889,51,65.0,3,0.56,8,0,20.7,3,3.7,2,20,7,premium,desktop,West,no,no
L11890,41,44.8,1,2.8,13,6,53.2,2,3.2,1,95,9,free,desktop,East,yes,no
L11891,17,60.1,0,3.99,22,2,56.9,3,0.9,1,39,11,free,mobile,East,yes,no
L11892,25,62.9,1,4.76,23,7,89.7,3,3.2,2,115,10,free,desktop,East,yes,yes
L11893,37,72.4,3,3.22,21,0,54.4,3,3.7,0,100,21,basic,mobile,North,yes,no
L11894,30,74.9,3,5.48,14,9,52.4,4,2.6,1,47,18,basic,desktop,East,no,yes
L11895,46,70.2,3,0.88,26,6,61.8,4,4.2,0,99,14,basic,desktop,North,yes,yes
L11896,27,61.3,0,4.13,18,5,100.0,4,9.6,1,91,14,free,mobile,East,yes,no
L11897,52,64.3,1,4.53,22,6,35.6,1,5.0,0,27,6,basic,desktop,South,yes,no
L11898,42,54.9,5,2.3,16,3,49.8,2,5.5,1,106,4,basic,desktop,West,no,no
L11899,59,64.8,3,8.17,17,9,43.1,2,5.4,0,104,3,free,desktop,East,yes,yes
L11900,40,48.6,5,2.23,21,3,91.7,4,2.9,0,19,19,basic,tablet,South,no,no
L11901,41,38.9,4,4.89,24,10,85.4,0,4.9,1,115,8,free,mobile,North,no,no
L11902,37,75.4,3,4.51,21,1,27.6,4,3.0,0,83,18,premium,mobile,North,yes,no
L11903,25,56.6,4,6.74,25,0,43.0,4,3.7,0,72,0,free,mobile,West,yes,no
L11904,52,50.7,5,2.49,10,0,76.9,0,3.9,0,25,10,free,desktop,East,yes,no
L11905,39,91.2,4,2.68,15,4,48.3,1,5.4,1,104,8,free,desktop,South,yes,no
L11906,20,31.5,4,5.11,21,3,42.6,4,7.1,1,98,21,basic,desktop,North,no,yes
L11907,24,69.0,3,6.36,23,3,54.3,2,4.6,1,98,19,free,mobile,East,yes,yes
L11908,26,42.0,2,1.39,13,10,35.6,3,3.3,1,74,2,free,desktop,East,yes,no
L11909,26,53.5,5,2.52,18,0,70.9,3,2.5,0,119,5,free,mobile,East,yes,no
L11910,26,56.2,2,7.32,18,8,46.9,3,5.0,0,42,10,premium,desktop,South,yes,yes
L11911,19,92.9,3,1.63,19,1,59.3,5,1.9,1,53,2,basic,mobile,North,yes,yes
L11912,55,52.8,4,2.1,13,10,100.0,4,3.2,1,9,7,free,desktop,East,yes,yes
L11913,26,53.8,3,1.73,14,5,55.4,4,6.0,0,119,17,basic,mobile,East,yes,yes
L11914,36,51.5,5,4.69,21,7,61.2,4,3.6,1,26,10,basic,tablet,West,yes,yes
L11915,56,51.5,2,10.61,13,0,70.2,4,2.6,0,79,7,free,mobile,South,yes,no
L11916,25,54.8,4,1.05,19,0,91.1,3,4.0,2,109,7,free,mobile,South,no,no
L11917,41,77.0,4,3.99,11,8,14.9,1,1.3,0,88,6,basic,tablet,West,yes,no
L11918,56,76.2,5,5.48,18,4,36.9,3,5.7,0,108,13,free,mobile,South,yes,no
L11919,30,64.1,0,5.05,13,3,57.4,5,5.0,0,47,7,free,desktop,South,yes,no
L11920,49,45.5,3,6.76,18,1,34.1,2,0.0,1,79,13,free,mobile,East,yes,no
L11921,37,69.0,0,4.46,12,2,76.7,4,4.7,1,115,22,basic,mobile,North,no,no
L11922,35,66.1,4,1.12,20,6,50.6,6,4.8,1,61,22,premium,desktop,South,yes,yes
L11923,48,60.9,2,3.17,16,8,58.8,0,4.1,0,15,16,free,mobile,West,yes,yes
L11924,36,66.1,1,1.57,22,4,61.6,2,5.1,0,65,23,free,mobile,South,yes,no
L11925,18,54.4,1,2.66,24,5,50.1,5,6.9,0,109,0,free,desktop,South,no,no
L11926,51,65.0,0,4.43,20,5,45.1,3,4.7,1,4,11,free,desktop,North,yes,no
L11927,17,89.7,1,1.38,13,2,59.0,4,2.5,1,35,5,free,desktop,North,yes,no
L11928,27,89.3,0,3.16,19,3,69.5,4,6.3,1,30,4,free,mobile,East,yes,no
L11929,54,66.9,1,4.39,23,1,56.3,0,4.9,2,48,14,basic,mobile,North,yes,yes
L11930,26,51.2,4,1.0,20,8,55.3,2,5.2,1,54,20,basic,mobile,West,yes,no
L11931,21,74.6,2,2.7,16,1,58.0,4,0.0,2,51,18,premium,desktop,North,yes,no
L11932,52,30.3,0,2.75,21,5,52.1,2,4.3,1,11,5,basic,desktop,South,yes,yes
L11933,39,62.2,5,4.6,26,7,40.9,3,1.9,0,81,5,basic,tablet,North,yes,yes
L11934,32,87.7,0,9.69,13,10,47.5,6,4.9,0,29,19,basic,desktop,North,yes,yes
L11935,28,63.8,0,6.1,21,2,61.8,0,1.0,2,25,23,premium,desktop,West,yes,no
L11936,45,56.4,2,4.69,19,1,58.3,2,4.6,1,69,10,free,mobile,West,yes,no
L11937,56,56.5,1,5.37,23,10,85.6,1,5.0,1,99,22,free,mobile,East,no,yes
L11938,28,92.4,5,2.7,24,10,43.9,2,5.6,1,64,18,free,mobile,North,yes,yes
L11939,30,68.0,4,5.08,22,4,59.3,2,3.8,1,81,13,basic,mobile,North,yes,yes
L11940,35,51.9,4,1.93,19,10,39.8,0,4.7,1,35,11,basic,desktop,South,yes,yes
L11941,36,52.8,1,3.52,13,3,52.4,1,4.9,2,51,18,free,mobile,South,yes,yes
L11942,18,74.9,5,2.24,8,5,75.1,3,6.7,3,32,3,basic,mobile,North,yes,no
L11943,32,58.8,5,3.08,12,1,58.1,2,3.8,1,26,3,free,desktop,West,yes,no
L11944,29,81.9,3,8.84,12,8,21.7,6,7.4,2,107,2,basic,desktop,East,yes,yes
L11945,36,69.1,4,4.16,22,2,44.8,1,4.3,0,58,23,premium,mobile,East,yes,no
L11946,23,65.4,5,9.61,14,9,71.4,2,3.4,0,50,2,free,desktop,North,yes,yes
L11947,48,68.5,1,6.56,16,0,99.6,7,6.4,2,28,21,premium,mobile,East,yes,yes
L11948,54,60.9,0,0.36,17,10,43.8,3,4.4,1,42,3,premium,desktop,East,yes,yes
L11949,52,62.8,2,2.45,25,3,67.5,3,3.7,1,53,9,free,mobile,West,yes,no
L11950,57,63.0,0,6.39,12,7,86.2,1,6.7,0,80,16,basic,desktop,South,no,no
L11951,46,51.7,0,0.74,19,5,37.7,5,2.8,0,52,19,free,desktop,South,no,yes
L11952,48,64.9,4,2.83,10,10,59.7,4,4.2,0,7,18,basic,tablet,West,yes,no
L11953,55,69.8,4,3.7,12,3,86.6,3,0.8,1,9,17,basic,tablet,West,yes,yes
L11954,50,58.1,3,4.81,17,2,27.2,3,1.9,0,13,16,basic,mobile,North,yes,no
L11955,30,74.9,4,1.0,24,5,73.9,3,6.2,0,35,0,free,mobile,West,yes,yes
L11956,55,59.9,4,4.48,20,8,59.1,6,6.5,0,17,4,premium,desktop,East,no,no
L11957,48,50.8,5,0.88,15,7,53.0,4,1.7,1,22,2,basic,mobile,West,yes,yes
L11958,54,70.5,5,5.47,13,1,91.5,0,0.7,0,88,7,free,desktop,South,yes,no
L11959,29,99.6,5,1.65,15,2,32.2,7,4.3,0,80,19,free,mobile,South,yes,yes
L11960,47,51.7,2,3.31,9,4,53.3,4,4.0,0,47,14,basic,desktop,East,yes,yes
L11961,20,57.2,4,1.33,22,8,96.5,1,3.1,2,103,15,free,mobile,North,yes,yes
L11962,25,57.0,5,6.21,9,9,50.8,2,2.0,0,19,4,premium,desktop,East,yes,no
L11963,36,56.9,4,0.69,26,6,60.5,3,4.4,1,118,0,basic,tablet,South,yes,yes
L11964,49,62.4,3,8.91,27,6,67.6,3,0.9,1,54,10,premium,mobile,North,yes,yes
L11965,42,73.2,4,1.62,15,10,59.4,3,4.0,0,109,0,basic,desktop,West,yes,yes
L11966,37,66.3,4,3.48,13,5,87.3,4,4.3,1,94,0,basic,mobile,North,yes,no
L11967,43,57.9,5,4.92,20,1,33.1,2,2.7,0,63,3,basic,tablet,West,no,no
L11968,48,65.3,5,2.81,18,8,60.6,3,5.1,1,71,0,free,desktop,North,yes,yes
L11969,18,96.9,5,3.95,19,6,49.2,1,3.7,0,79,22,premium,tablet,West,yes,yes
L11970,34,59.0,2,2.39,19,5,43.4,4,5.5,0,116,14,basic,mobile,East,yes,yes
L11971,24,80.6,0,2.02,19,0,65.9,4,3.0,0,88,9,premium,mobile,East,yes,no
L11972,55,63.5,3,4.01,24,0,22.8,3,4.8,0,100,23,basic,desktop,East,yes,no
L11973,33,52.8,2,9.34,26,1,61.7,3,2.2,0,98,21,free,mobile,North,yes,no
L11974,59,46.5,3,6.09,21,10,69.5,1,3.9,0,100,4,free,,East,yes,yes
L11975,48,50.8,0,6.13,14,4,69.1,6,1.7,1,55,6,free,desktop,South,yes,yes
L11976,32,68.3,4,0.74,14,5,44.5,1,,0,1,10,premium,mobile,East,no,no
L11977,47,62.0,4,2.48,13,10,41.7,1,2.9,0,103,23,free,mobile,West,yes,yes
L11978,27,35.7,5,3.66,15,0,61.8,5,1.8,1,117,16,basic,tablet,West,yes,no
L11979,58,42.4,4,11.48,19,1,59.7,0,4.3,1,40,10,basic,desktop,North,no,no
L11980,24,87.1,1,3.52,23,5,79.0,3,5.1,1,25,6,premium,mobile,West,yes,yes
L11981,37,98.9,1,6.0,22,1,33.4,1,0.2,1,17,4,basic,desktop,East,yes,yes
L11982,25,62.4,3,3.31,15,2,79.1,6,2.7,2,96,11,free,mobile,North,yes,yes
L11983,31,41.0,4,6.07,14,10,49.2,2,5.2,1,75,23,free,mobile,North,yes,no
L11984,56,83.9,2,3.2,17,10,46.3,2,6.0,1,6,22,premium,mobile,North,yes,yes
L11985,23,60.6,4,4.64,14,3,69.9,1,1.9,0,60,3,basic,desktop,West,yes,yes
L11986,35,35.0,4,2.22,12,1,38.2,4,3.2,1,110,1,free,mobile,East,yes,no
L11987,55,57.6,3,0.87,22,2,63.8,5,4.6,0,59,15,premium,desktop,North,yes,no
L11988,38,52.0,5,0.56,26,5,84.0,2,4.0,0,68,3,free,mobile,West,yes,no
L11989,55,76.1,0,6.12,13,6,37.5,1,4.5,0,19,1,premium,desktop,West,no,yes
L11990,22,67.9,0,3.35,17,1,23.2,3,2.8,0,3,22,free,desktop,West,yes,no
L11991,37,57.1,4,3.76,21,8,38.9,7,3.3,1,77,17,premium,mobile,West,yes,yes
L11992,39,52.2,0,1.68,28,5,51.0,3,3.5,5,60,12,free,desktop,East,yes,no
L11993,36,69.5,0,1.45,11,5,65.3,3,0.8,2,65,2,free,tablet,East,yes,no
L11994,24,87.3,5,3.53,19,7,64.6,5,6.0,0,72,19,premium,desktop,East,yes,yes
L11995,57,53.8,5,0.86,16,6,50.9,0,5.3,1,109,23,free,mobile,West,no,no
L11996,31,40.5,5,5.07,14,4,72.6,1,3.8,0,4,23,basic,desktop,West,yes,no
L11997,20,78.8,1,0.99,17,2,31.4,4,1.5,1,31,5,basic,desktop,South,yes,no
L11998,26,84.2,4,1.8,18,6,32.3,5,2.8,0,27,12,basic,desktop,South,no,no
L11999,41,62.6,3,1.86,18,8,42.8,1,3.2,0,28,10,free,desktop,South,yes,no
