Lead_ID,Created_Date,Owner,Region,Raw_Source,Product_Code,Industry,Company_Size,Deal_Stage,Last_Stage_Date,Close_Date,Expected_Value_USD,Discount_Pct,Stage_Probability,Lost_Reason,Funnel_Level
L00001,2025-05-14,Ha Vo,North,Google Organic,CS-CLOUD,Education,SMB,Negotiation,2026-05-26,,25800.0,0,0.85,,5
L00002,2026-05-08,Quynh Vu,North,Google Ads,CRM-CORE,Education,Mid-Market,Proposal,2026-08-03,,9200.0,0.05,0.65,,4
L00003,2026-05-22,Chi Le,South,newsletter,CRM-PRO,Retail,SMB,Closed Lost,2026-07-01,2026-07-01,23300.0,0,0.0,Competitor,3
L00004,2025-02-09,Bao Tran,South,SEM - Google,CRM-PRO,Education,SMB,Closed Lost,2025-02-28,2025-02-28,17700.0,0,0.0,Competitor,2
L00005,2025-03-23,Chi Le,South,Google Organic,REV-OPS,Education,Mid-Market,Closed Lost,2025-05-09,2025-05-09,40300.0,0,0.0,Competitor,4
L00006,2026-07-21,An Nguyen,South,linkedin,MKT-AUTO,Healthcare,SMB,Qualified,2026-08-20,,10400.0,0.05,0.2,,2
L00007,2025-10-22,Chi Le,South,Webinar,CRM-CORE,Manufacturing,Mid-Market,Closed Won,2025-11-16,2025-11-16,16700.0,0,1.0,,6
L00008,2025-04-15,Quynh Vu,North,SEM - Google,MKT-AUTO,Manufacturing,Mid-Market,Closed Lost,2025-05-09,2025-05-09,33600.0,0,0.0,No Decision,4
L00009,2025-05-26,Quynh Vu,North,Webinar,CS-CLOUD,Education,Mid-Market,Closed Lost,2025-07-05,2025-07-05,23100.0,0,0.0,Price,3
L00010,2025-10-20,Ha Vo,North,organic search,CS-CLOUD,Healthcare,Enterprise,Negotiation,2026-02-17,,65200.0,0.03,0.85,,5
L00011,2026-03-20,Tuan Bui,Central,Unknown Event,CS-CLOUD,Education,Mid-Market,Closed Won,2026-05-09,2026-05-09,42000.0,0.12,1.0,,6
L00012,2025-01-20,Duy Pham,South,organic search,MKT-AUTO,Education,SMB,Closed Lost,2025-02-28,2025-02-28,15700.0,0,0.0,Competitor,5
L00013,2025-02-27,An Nguyen,South,virtual event,CS-CLOUD,Education,Mid-Market,Closed Lost,2025-04-11,2025-04-11,34400.0,0,0.0,Price,3
L00014,2025-02-08,Bao Tran,South,Webinar,CRM-CORE,Financial Services,SMB,Negotiation,2026-05-30,,4800.0,0.05,0.85,,5
L00015,2025-10-25,Quynh Vu,North,LI Ads,CRM-CORE,Education,Mid-Market,Closed Lost,2025-11-26,2025-11-26,13400.0,0,0.0,No Decision,2
L00016,2026-02-04,Tuan Bui,Central,Cold Email,CRM-PRO,Professional Services,SMB,Closed Lost,2026-03-20,2026-03-20,23800.0,0,0.0,Competitor,4
L00017,2025-08-28,Chi Le,South,Webinar,CRM-CORE,Retail,SMB,Negotiation,2026-04-23,,7500.0,0,0.85,,5
L00018,2026-06-19,Quynh Vu,North,Cold Email,REV-OPS,Financial Services,Mid-Market,Closed Lost,2026-07-28,2026-07-28,80200.0,0,0.0,Timing,3
L00019,2026-06-18,Tuan Bui,Central,Offline List,MKT-AUTO,Retail,Mid-Market,Demo / Meeting,2026-07-26,,17200.0,0.05,0.4,,3
L00020,2025-02-01,Duy Pham,South,Referral,CRM-PRO,Manufacturing,Mid-Market,Closed Won,2025-02-24,2025-02-24,43800.0,0.08,1.0,,6
L00021,2025-04-06,Duy Pham,South,Outbound,CRM-CORE,Financial Services,SMB,Closed Lost,2025-04-28,2025-04-28,8800.0,0,0.0,Feature Gap,4
L00022,2026-06-05,Bao Tran,South,Google Ads,CRM-CORE,Technology,Mid-Market,Closed Won,2026-07-14,2026-07-14,9100.0,0.05,1.0,,6
L00023,2025-06-08,Quynh Vu,North,Referral,CRM-CORE,Education,Enterprise,Closed Lost,2025-06-27,2025-06-27,17400.0,0,0.0,Competitor,5
L00024,2025-07-18,Bao Tran,South,SDR Outreach,MKT-AUTO,Manufacturing,Mid-Market,Closed Lost,2025-07-26,2025-07-26,19200.0,0,0.0,Budget,4
L00025,2025-02-19,An Nguyen,South,linkedin,CS-CLOUD,Retail,SMB,Negotiation,2026-06-12,,22400.0,0,0.85,,5
L00026,2026-04-27,An Nguyen,South,customer referral,CRM-PRO,Professional Services,Enterprise,Negotiation,2026-06-15,,81700.0,0,0.85,,5
L00027,2026-03-29,Tuan Bui,Central,virtual event,CS-CLOUD,Manufacturing,Mid-Market,Closed Lost,2026-04-06,2026-04-06,49100.0,0,0.0,Price,2
L00028,2025-09-11,Ha Vo,North,LI Ads,MKT-AUTO,Retail,Mid-Market,Closed Lost,2025-10-31,2025-10-31,22500.0,0,0.0,Competitor,5
L00029,2025-11-02,An Nguyen,South,email nurture,CRM-CORE,Professional Services,Mid-Market,Closed Lost,2025-12-20,2025-12-20,8400.0,0,0.0,Price,3
L00030,2026-08-13,Quynh Vu,North,linkedin,CRM-PRO,Manufacturing,Enterprise,Qualified,2026-08-24,,80900.0,0,0.2,,2
L00031,2025-11-27,Duy Pham,South,email nurture,MKT-AUTO,Professional Services,Mid-Market,Closed Lost,2026-01-07,2026-01-07,21200.0,0,0.0,Timing,2
L00032,2025-12-15,Ha Vo,North,google cpc,CRM-CORE,Professional Services,Enterprise,Negotiation,2026-06-12,,26900.0,0.03,0.85,,5
L00033,2025-06-02,Duy Pham,South,SEM - Google,CRM-PRO,Manufacturing,SMB,Closed Lost,2025-07-26,2025-07-26,12600.0,0,0.0,Timing,3
L00034,2025-04-26,An Nguyen,South,Referral,REV-OPS,Professional Services,Mid-Market,Closed Lost,2025-05-24,2025-05-24,48900.0,0,0.0,No Decision,4
L00035,2025-09-12,Duy Pham,South,customer referral,MKT-AUTO,Retail,SMB,Closed Won,2025-10-26,2025-10-26,12800.0,0.08,1.0,,6
L00036,2025-10-02,An Nguyen,South,Conference Scan,BI-PLUS,Retail,Mid-Market,Closed Won,2025-10-14,2025-10-14,43600.0,0.03,1.0,,6
L00037,2026-02-17,Quynh Vu,North,Google Ads,MKT-AUTO,Manufacturing,Mid-Market,Negotiation,2026-06-28,,36600.0,0.05,0.85,,5
L00038,2026-05-07,Tuan Bui,Central,customer referral,CRM-CORE,Healthcare,Mid-Market,Closed Lost,2026-07-07,2026-07-07,10800.0,0,0.0,No Decision,5
L00039,2025-11-01,An Nguyen,South,LI Ads,CRM-CORE,Manufacturing,SMB,Closed Lost,2025-12-05,2025-12-05,4700.0,0,0.0,No Decision,4
L00040,2026-05-10,Bao Tran,South,SEO,CRM-CORE,Education,SMB,Closed Lost,2026-07-16,2026-07-16,4600.0,0,0.0,Price,3
L00041,2025-10-24,Duy Pham,South,Cold Email,CRM-CORE,Retail,Mid-Market,Closed Won,2025-12-25,2025-12-25,13200.0,0.08,1.0,,6
L00042,2026-07-18,Ha Vo,North,organic search,CRM-PRO,Retail,Mid-Market,Demo / Meeting,2026-08-18,,38800.0,0,0.4,,3
L00043,2026-04-17,Tuan Bui,Central,SEM - Google,CRM-PRO,Professional Services,SMB,Closed Lost,2026-06-06,2026-06-06,24800.0,0,0.0,Budget,2
L00044,2026-01-02,Bao Tran,South,Google Ads,CS-CLOUD,Manufacturing,SMB,Closed Lost,2026-02-27,2026-02-27,14900.0,0,0.0,Budget,5
L00045,2025-10-27,Quynh Vu,North,LI Ads,CRM-CORE,Professional Services,SMB,Closed Won,2025-11-26,2025-11-26,8000.0,0.08,1.0,,6
L00046,2025-02-10,Quynh Vu,North,organic search,REV-OPS,Technology,SMB,Closed Lost,2025-03-03,2025-03-03,39100.0,0,0.0,No Decision,3
L00047,2026-01-14,An Nguyen,South,LinkedIn Ads,CRM-CORE,Healthcare,Mid-Market,Closed Won,2026-02-28,2026-02-28,18000.0,0.12,1.0,,6
L00048,2025-07-19,Minh Do,North,LinkedIn Ads,CRM-CORE,Financial Services,SMB,Closed Lost,2025-09-15,2025-09-15,8200.0,0,0.0,Price,2
L00049,2025-01-24,Bao Tran,South,newsletter,MKT-AUTO,Manufacturing,SMB,Closed Lost,2025-03-27,2025-03-27,11000.0,0,0.0,Budget,3
L00050,2026-05-18,Ha Vo,North,LI Ads,BI-PLUS,Retail,Mid-Market,Demo / Meeting,2026-07-03,,48300.0,0,0.4,,3
L00051,2025-02-18,Chi Le,South,Google Ads,MKT-AUTO,Technology,SMB,Closed Won,2025-04-14,2025-04-14,13900.0,0.1,1.0,,6
L00052,2025-02-13,An Nguyen,South,SDR Outreach,MKT-AUTO,Professional Services,SMB,Closed Lost,2025-04-09,2025-04-09,12400.0,0,0.0,Competitor,3
L00053,2026-02-02,An Nguyen,South,SEO,CRM-PRO,Technology,SMB,Closed Won,2026-05-31,2026-05-31,15500.0,0.1,1.0,,6
L00054,2026-05-07,Bao Tran,South,linkedin,CRM-PRO,Retail,SMB,Demo / Meeting,2026-08-01,,20200.0,0,0.4,,3
L00055,2025-08-30,Duy Pham,South,SEO,CS-CLOUD,Technology,Enterprise,Negotiation,2026-05-20,,65000.0,0,0.85,,5
L00056,2026-02-24,Ha Vo,North,linkedin,REV-OPS,Manufacturing,Enterprise,Closed Lost,2026-04-26,2026-04-26,119000.0,0,0.0,Feature Gap,4
L00057,2025-02-23,Bao Tran,South,SEO,CRM-CORE,Retail,Mid-Market,Closed Lost,2025-03-27,2025-03-27,14300.0,0,0.0,Timing,3
L00058,2026-07-23,Tuan Bui,Central,linkedin,MKT-AUTO,Healthcare,SMB,Qualified,2026-08-17,,13800.0,0.03,0.2,,2
L00059,2025-03-05,Tuan Bui,Central,Email Campaign,BI-PLUS,Technology,Mid-Market,Closed Won,2025-04-09,2025-04-09,44300.0,0.12,1.0,,6
L00060,2026-04-18,Duy Pham,South,virtual event,CRM-PRO,Education,SMB,Closed Lost,2026-06-09,2026-06-09,14100.0,0,0.0,No Decision,5
L00061,2025-09-19,Bao Tran,South,Referral,CRM-CORE,Financial Services,SMB,Closed Lost,2025-11-17,2025-11-17,9300.0,0,0.0,Timing,4
L00062,2025-09-12,Ha Vo,North,Google Ads,REV-OPS,Professional Services,SMB,Closed Lost,2025-10-03,2025-10-03,41400.0,0,0.0,Price,5
L00063,2026-02-02,Quynh Vu,North,organic search,CRM-CORE,Retail,SMB,Closed Lost,2026-03-20,2026-03-20,5700.0,0,0.0,No Decision,4
L00064,2026-03-14,Duy Pham,South,Partner Referral,CS-CLOUD,Professional Services,SMB,Closed Won,2026-05-09,2026-05-09,27700.0,0.12,1.0,,6
L00065,2026-07-24,Minh Do,North,organic search,MKT-AUTO,Education,Enterprise,Demo / Meeting,2026-08-17,,35700.0,0,0.4,,3
L00066,2025-11-26,Quynh Vu,North,google cpc,BI-PLUS,Manufacturing,SMB,Closed Lost,2026-01-05,2026-01-05,13900.0,0,0.0,Timing,3
L00067,2025-05-07,An Nguyen,South,customer referral,CRM-PRO,Financial Services,Mid-Market,Closed Won,2025-06-24,2025-06-24,21400.0,0.08,1.0,,6
L00068,2025-10-05,Minh Do,North,SDR Outreach,BI-PLUS,Healthcare,Mid-Market,Closed Lost,2025-10-31,2025-10-31,29300.0,0,0.0,No Decision,2
L00069,2026-04-22,Ha Vo,North,Outbound,CRM-CORE,Technology,SMB,Closed Lost,2026-07-03,2026-07-03,9100.0,0,0.0,Budget,5
L00070,2026-02-17,Minh Do,North,organic search,CS-CLOUD,Professional Services,SMB,Closed Lost,2026-04-26,2026-04-26,26300.0,0,0.0,Price,4
L00071,2025-03-07,An Nguyen,South,SEO,CRM-CORE,Manufacturing,SMB,Closed Won,2025-05-21,2025-05-21,6500.0,0,1.0,,6
L00072,2026-06-11,Chi Le,South,SEM - Google,CS-CLOUD,Retail,SMB,Demo / Meeting,2026-07-15,,22300.0,0,0.4,,3
L00073,2025-03-28,Chi Le,South,google cpc,MKT-AUTO,Professional Services,SMB,Closed Lost,2025-05-18,2025-05-18,18000.0,0,0.0,Price,5
L00074,2025-02-07,Ha Vo,North,SDR Outreach,CRM-PRO,Professional Services,SMB,Negotiation,2025-09-26,,14700.0,0.03,0.85,,5
L00075,2026-07-18,Minh Do,North,LI Ads,BI-PLUS,Retail,SMB,Closed Lost,2026-08-22,2026-08-22,17600.0,0,0.0,Price,4
L00076,2026-07-15,Duy Pham,South,Google Ads,CRM-CORE,Financial Services,Enterprise,Closed Won,2026-09-01,2026-09-01,20000.0,0,1.0,,6
L00077,2025-12-16,Minh Do,North,SEO,MKT-AUTO,Technology,Mid-Market,Negotiation,2026-05-26,,29300.0,0.05,0.85,,5
L00078,2026-06-14,Tuan Bui,Central,linkedin,CS-CLOUD,Healthcare,SMB,Closed Lost,2026-08-03,2026-08-03,22700.0,0,0.0,No Decision,5
L00079,2025-09-09,Tuan Bui,Central,SEO,BI-PLUS,Professional Services,SMB,Closed Won,2025-11-08,2025-11-08,14700.0,0,1.0,,6
L00080,2026-06-19,Quynh Vu,North,Offline List,CRM-CORE,Healthcare,Mid-Market,Closed Lost,2026-08-16,2026-08-16,18000.0,0,0.0,Competitor,5
L00081,2026-06-24,Quynh Vu,North,LinkedIn Ads,MKT-AUTO,Professional Services,Mid-Market,Demo / Meeting,2026-08-12,,20100.0,0.05,0.4,,3
L00082,2026-04-21,Duy Pham,South,Google Ads,CRM-PRO,Education,SMB,Closed Won,2026-06-28,2026-06-28,18000.0,0.1,1.0,,6
L00083,2025-02-13,Quynh Vu,North,Partner Referral,CS-CLOUD,Financial Services,Mid-Market,Negotiation,2025-09-13,,36100.0,0.05,0.85,,5
L00084,2026-08-31,Chi Le,South,google cpc,CRM-CORE,Technology,SMB,New,2026-09-01,,4500.0,0.05,0.05,,1
L00085,2026-04-23,Duy Pham,South,Cold Email,MKT-AUTO,Technology,SMB,Closed Lost,2026-06-06,2026-06-06,13400.0,0,0.0,Competitor,4
L00086,2025-05-05,Ha Vo,North,customer referral,MKT-AUTO,Healthcare,SMB,Closed Lost,2025-06-20,2025-06-20,15600.0,0,0.0,Competitor,5
L00087,2026-01-20,Chi Le,South,SDR Outreach,CRM-CORE,Financial Services,SMB,Closed Lost,2026-03-24,2026-03-24,7600.0,0,0.0,No Decision,3
L00088,2025-02-06,Ha Vo,North,SEM - Google,MKT-AUTO,Healthcare,SMB,Closed Won,2025-03-13,2025-03-13,17500.0,0.03,1.0,,6
L00089,2026-01-02,Quynh Vu,North,Email Campaign,CRM-CORE,Retail,Mid-Market,Closed Lost,2026-01-14,2026-01-14,16200.0,0,0.0,No Decision,3
L00090,2025-12-16,Chi Le,South,SEO,REV-OPS,Retail,Enterprise,Closed Won,2026-02-19,2026-02-19,74500.0,0.12,1.0,,6
L00091,2025-08-04,Minh Do,North,SEO,CRM-CORE,Retail,SMB,Negotiation,2026-03-16,,6700.0,0,0.85,,5
L00092,2025-06-14,Tuan Bui,Central,Google Ads,CS-CLOUD,Education,SMB,Closed Lost,2025-07-02,2025-07-02,27100.0,0,0.0,Price,2
L00093,2025-02-13,Quynh Vu,North,email nurture,CS-CLOUD,Financial Services,Mid-Market,Closed Won,2025-03-06,2025-03-06,32900.0,0.03,1.0,,6
L00094,2025-02-01,An Nguyen,South,SEO,CRM-CORE,Retail,Enterprise,Closed Won,2025-04-27,2025-04-27,17600.0,0.05,1.0,,6
L00095,2025-01-26,Tuan Bui,Central,LI Ads,CRM-CORE,Professional Services,SMB,Closed Lost,2025-04-15,2025-04-15,9600.0,0,0.0,Price,4
L00096,2026-03-20,Chi Le,South,Unknown Event,BI-PLUS,Financial Services,Enterprise,Closed Won,2026-06-27,2026-06-27,86700.0,0.08,1.0,,6
L00097,2025-10-09,Minh Do,North,Webinar,MKT-AUTO,Retail,Enterprise,Closed Lost,2026-01-03,2026-01-03,33500.0,0,0.0,Budget,3
L00098,2026-01-03,Quynh Vu,North,SEO,MKT-AUTO,Manufacturing,SMB,Closed Lost,2026-02-24,2026-02-24,15900.0,0,0.0,Timing,2
L00099,2025-03-19,Quynh Vu,North,Outbound,MKT-AUTO,Manufacturing,Enterprise,Closed Lost,2025-04-15,2025-04-15,65100.0,0,0.0,Price,3
L00100,2026-05-06,Quynh Vu,North,LinkedIn Ads,REV-OPS,Technology,Enterprise,Closed Lost,2026-06-25,2026-06-25,101200.0,0,0.0,Price,2
L00101,2025-04-28,Minh Do,North,email nurture,REV-OPS,Financial Services,Mid-Market,Closed Won,2025-05-21,2025-05-21,82500.0,0.08,1.0,,6
L00102,2025-08-24,Duy Pham,South,organic search,CS-CLOUD,Healthcare,Mid-Market,Closed Lost,2025-09-01,2025-09-01,23400.0,0,0.0,No Decision,2
L00103,2025-12-28,Quynh Vu,North,Google Organic,BI-PLUS,Manufacturing,SMB,Closed Lost,2026-01-14,2026-01-14,20100.0,0,0.0,No Decision,4
L00104,2026-04-30,Duy Pham,South,Google Organic,MKT-AUTO,Technology,SMB,Closed Won,2026-07-05,2026-07-05,16500.0,0.05,1.0,,6
L00105,2026-06-30,Tuan Bui,Central,LI Ads,MKT-AUTO,Manufacturing,SMB,Qualified,2026-08-22,,12100.0,0,0.2,,2
L00106,2026-08-25,Quynh Vu,North,SEM - Google,BI-PLUS,Technology,SMB,New,2026-08-27,,16500.0,0.05,0.05,,1
L00107,2025-09-08,Chi Le,South,google cpc,CRM-PRO,Healthcare,Enterprise,Negotiation,2026-06-20,,72000.0,0,0.85,,5
L00108,2025-07-05,Chi Le,South,SEO,CRM-CORE,Manufacturing,SMB,Closed Lost,2025-08-07,2025-08-07,9900.0,0,0.0,Competitor,3
L00109,2026-02-25,Quynh Vu,North,virtual event,BI-PLUS,Education,Enterprise,Closed Won,2026-04-11,2026-04-11,97600.0,0.05,1.0,,6
L00110,2025-09-14,An Nguyen,South,newsletter,MKT-AUTO,Healthcare,SMB,Closed Won,2025-11-17,2025-11-17,17500.0,0.08,1.0,,6
L00111,2026-02-05,Quynh Vu,North,google cpc,CS-CLOUD,Retail,Mid-Market,Closed Won,2026-04-09,2026-04-09,47900.0,0.1,1.0,,6
L00112,2026-04-17,Duy Pham,South,Email Campaign,CRM-PRO,Manufacturing,Enterprise,Proposal,2026-07-14,,48800.0,0,0.65,,4
L00113,2025-06-06,Minh Do,North,customer referral,REV-OPS,Education,Enterprise,Closed Lost,2025-07-24,2025-07-24,146800.0,0,0.0,Budget,2
L00114,2025-12-04,Bao Tran,South,SDR Outreach,MKT-AUTO,Technology,SMB,Negotiation,2026-04-30,,14700.0,0,0.85,,5
L00115,2025-12-04,Tuan Bui,Central,Partner Referral,CS-CLOUD,Healthcare,SMB,Closed Won,2026-02-13,2026-02-13,12800.0,0.12,1.0,,6
L00116,2025-08-05,An Nguyen,South,Email Campaign,CS-CLOUD,Financial Services,Enterprise,Negotiation,2026-04-15,,90700.0,0,0.85,,5
L00117,2025-07-03,Chi Le,South,Google Ads,MKT-AUTO,Professional Services,Mid-Market,Negotiation,2025-12-08,,20100.0,0,0.85,,5
L00118,2025-11-09,Quynh Vu,North,linkedin,BI-PLUS,Retail,Mid-Market,Negotiation,2026-06-24,,23100.0,0.03,0.85,,5
L00119,2026-08-04,Minh Do,North,LI Ads,CRM-PRO,Professional Services,Mid-Market,Qualified,2026-08-28,,39700.0,0,0.2,,2
L00120,2025-12-19,Minh Do,North,SDR Outreach,CRM-PRO,Education,Mid-Market,Negotiation,2026-07-31,,32900.0,0.03,0.85,,5
L00121,2025-10-21,Bao Tran,South,email nurture,CRM-CORE,Professional Services,Mid-Market,Closed Lost,2025-12-27,2025-12-27,10200.0,0,0.0,Competitor,2
L00122,2026-02-19,Minh Do,North,google cpc,BI-PLUS,Technology,Mid-Market,Closed Won,2026-04-02,2026-04-02,32600.0,0.12,1.0,,6
L00123,2025-10-14,Ha Vo,North,LI Ads,BI-PLUS,Healthcare,SMB,Closed Lost,2025-11-20,2025-11-20,28200.0,0,0.0,Budget,5
L00124,2025-01-31,Bao Tran,South,SEM - Google,BI-PLUS,Education,SMB,Closed Won,2025-04-19,2025-04-19,27300.0,0.05,1.0,,6
L00125,2025-05-05,Quynh Vu,North,google cpc,CS-CLOUD,Financial Services,SMB,Closed Lost,2025-05-26,2025-05-26,26500.0,0,0.0,Price,4
L00126,2025-09-06,Minh Do,North,Unknown Event,REV-OPS,Retail,Mid-Market,Closed Lost,2025-11-05,2025-11-05,52300.0,0,0.0,Competitor,3
L00127,2025-03-31,Duy Pham,South,virtual event,CRM-CORE,Education,SMB,Closed Lost,2025-06-02,2025-06-02,8400.0,0,0.0,Competitor,3
L00128,2025-01-27,Tuan Bui,Central,email nurture,CRM-CORE,Professional Services,SMB,Closed Lost,2025-02-26,2025-02-26,4900.0,0,0.0,Competitor,5
L00129,2026-01-27,Chi Le,South,SEM - Google,CRM-PRO,Retail,Enterprise,Closed Lost,2026-03-03,2026-03-03,86800.0,0,0.0,Competitor,2
L00130,2026-02-28,Bao Tran,South,Partner Referral,CRM-PRO,Healthcare,SMB,Closed Won,2026-04-22,2026-04-22,11100.0,0,1.0,,6
L00131,2025-03-24,An Nguyen,South,SEM - Google,CRM-CORE,Education,Mid-Market,Closed Lost,2025-06-09,2025-06-09,16800.0,0,0.0,No Decision,4
L00132,2025-03-21,Ha Vo,North,Google Ads,CRM-CORE,Financial Services,SMB,Closed Lost,2025-04-15,2025-04-15,5000.0,0,0.0,Price,3
L00133,2025-12-18,Quynh Vu,North,google cpc,CRM-CORE,Retail,Mid-Market,Closed Lost,2026-01-07,2026-01-07,18100.0,0,0.0,No Decision,4
L00134,2025-04-06,Tuan Bui,Central,SDR Outreach,CS-CLOUD,Retail,Mid-Market,Closed Lost,2025-04-29,2025-04-29,24500.0,0,0.0,Price,2
L00135,2026-06-15,Tuan Bui,Central,Google Organic,REV-OPS,Healthcare,Mid-Market,Closed Lost,2026-07-15,2026-07-15,78300.0,0,0.0,Competitor,3
L00136,2025-09-26,Bao Tran,South,Cold Email,CS-CLOUD,Technology,SMB,Closed Lost,2025-11-07,2025-11-07,19700.0,0,0.0,No Decision,2
L00137,2025-11-18,Minh Do,North,LinkedIn Ads,BI-PLUS,Financial Services,Enterprise,Closed Lost,2026-02-06,2026-02-06,94100.0,0,0.0,Competitor,3
L00138,2025-10-12,An Nguyen,South,organic search,CRM-CORE,Professional Services,SMB,Negotiation,2026-07-14,,5300.0,0.05,0.85,,5
L00139,2026-04-28,Ha Vo,North,Google Organic,REV-OPS,Education,SMB,Closed Lost,2026-06-27,2026-06-27,48100.0,0,0.0,Competitor,5
L00140,2025-12-15,Tuan Bui,Central,Referral,CRM-PRO,Education,Mid-Market,Closed Lost,2026-01-28,2026-01-28,22200.0,0,0.0,No Decision,4
L00141,2026-02-02,An Nguyen,South,SEM - Google,CS-CLOUD,Professional Services,Mid-Market,Negotiation,2026-05-15,,36100.0,0.03,0.85,,5
L00142,2025-07-20,Ha Vo,North,Partner Referral,REV-OPS,Healthcare,Mid-Market,Closed Won,2025-10-15,2025-10-15,63900.0,0.12,1.0,,6
L00143,2026-06-12,Bao Tran,South,Partner Referral,CRM-CORE,Education,SMB,Demo / Meeting,2026-07-14,,5700.0,0.03,0.4,,3
L00144,2025-08-19,Tuan Bui,Central,Unknown Event,CS-CLOUD,Retail,SMB,Closed Lost,2025-10-27,2025-10-27,12500.0,0,0.0,Budget,5
L00145,2025-12-19,Ha Vo,North,organic search,CRM-PRO,Education,SMB,Closed Lost,2026-01-27,2026-01-27,21800.0,0,0.0,No Decision,3
L00146,2026-06-17,An Nguyen,South,SDR Outreach,CRM-CORE,Education,SMB,Demo / Meeting,2026-08-08,,9300.0,0.05,0.4,,3
L00147,2026-07-03,Quynh Vu,North,Outbound,REV-OPS,Professional Services,SMB,Qualified,2026-08-04,,27200.0,0,0.2,,2
L00148,2025-05-08,Quynh Vu,North,SEM - Google,CRM-CORE,Healthcare,Enterprise,Closed Lost,2025-06-04,2025-06-04,22500.0,0,0.0,Competitor,3
L00149,2026-01-06,Quynh Vu,North,Referral,CRM-CORE,Retail,Enterprise,Closed Lost,2026-02-07,2026-02-07,20800.0,0,0.0,No Decision,4
L00150,2026-06-28,Bao Tran,South,Referral,CS-CLOUD,Healthcare,Mid-Market,Qualified,2026-08-03,,45000.0,0.05,0.2,,2
L00151,2025-03-31,Tuan Bui,Central,email nurture,CRM-CORE,Manufacturing,SMB,Closed Won,2025-05-01,2025-05-01,8400.0,0.1,1.0,,6
L00152,2025-06-27,Ha Vo,North,Referral,CRM-PRO,Manufacturing,SMB,Closed Lost,2025-08-24,2025-08-24,13900.0,0,0.0,Price,5
L00153,2026-08-16,Tuan Bui,Central,Referral,CS-CLOUD,Education,SMB,Qualified,2026-08-25,,16500.0,0,0.2,,2
L00154,2025-04-08,Ha Vo,North,LinkedIn Ads,CRM-PRO,Education,Mid-Market,Closed Lost,2025-06-09,2025-06-09,44800.0,0,0.0,Competitor,4
L00155,2026-01-05,Tuan Bui,Central,customer referral,CRM-PRO,Manufacturing,SMB,Closed Lost,2026-02-27,2026-02-27,16400.0,0,0.0,Budget,2
L00156,2025-03-14,Quynh Vu,North,Google Organic,CRM-CORE,Financial Services,Mid-Market,Closed Won,2025-04-02,2025-04-02,16400.0,0.1,1.0,,6
L00157,2025-07-06,Tuan Bui,Central,SEO,CRM-PRO,Professional Services,Enterprise,Closed Lost,2025-07-27,2025-07-27,68700.0,0,0.0,Feature Gap,4
L00158,2025-07-09,Duy Pham,South,Email Campaign,CRM-PRO,Manufacturing,SMB,Closed Lost,2025-08-01,2025-08-01,21800.0,0,0.0,Budget,5
L00159,2025-05-14,Tuan Bui,Central,google cpc,CS-CLOUD,Manufacturing,Mid-Market,Closed Lost,2025-07-11,2025-07-11,29300.0,0,0.0,Price,5
L00160,2025-04-25,Duy Pham,South,Referral,BI-PLUS,Education,SMB,Negotiation,2025-10-27,,26700.0,0,0.85,,5
L00161,2026-04-22,Quynh Vu,North,SEM - Google,BI-PLUS,Professional Services,SMB,Closed Lost,2026-05-29,2026-05-29,26100.0,0,0.0,Budget,2
L00162,2025-01-22,Duy Pham,South,LinkedIn Ads,CRM-PRO,Healthcare,Mid-Market,Closed Lost,2025-03-15,2025-03-15,42600.0,0,0.0,Budget,5
L00163,2026-07-05,Ha Vo,North,Cold Email,BI-PLUS,Healthcare,SMB,Qualified,2026-08-11,,13100.0,0,0.2,,2
L00164,2026-08-18,Tuan Bui,Central,Webinar,BI-PLUS,Retail,SMB,New,2026-08-24,,20400.0,0.05,0.05,,1
L00165,2026-06-03,Quynh Vu,North,Google Ads,CRM-PRO,Technology,SMB,Closed Lost,2026-08-02,2026-08-02,18700.0,0,0.0,Price,4
L00166,2025-09-24,Ha Vo,North,Webinar,CRM-CORE,Manufacturing,SMB,Negotiation,2026-04-13,,6600.0,0.03,0.85,,5
L00167,2025-12-02,Duy Pham,South,SEM - Google,CRM-CORE,Healthcare,Mid-Market,Negotiation,2026-04-25,,11500.0,0,0.85,,5
L00168,2026-03-25,An Nguyen,South,newsletter,CRM-CORE,Technology,Mid-Market,Closed Lost,2026-05-09,2026-05-09,10300.0,0,0.0,Feature Gap,5
L00169,2025-06-04,Minh Do,North,Partner Referral,CRM-PRO,Financial Services,Mid-Market,Closed Lost,2025-06-23,2025-06-23,40900.0,0,0.0,Timing,5
L00170,2025-02-16,Ha Vo,North,customer referral,REV-OPS,Manufacturing,SMB,Closed Lost,2025-04-08,2025-04-08,34900.0,0,0.0,Competitor,3
L00171,2026-03-10,Minh Do,North,LinkedIn Ads,BI-PLUS,Technology,SMB,Closed Won,2026-04-12,2026-04-12,27100.0,0.12,1.0,,6
L00172,2026-03-06,Quynh Vu,North,organic search,CS-CLOUD,Financial Services,SMB,Closed Lost,2026-05-12,2026-05-12,20900.0,0,0.0,Timing,5
L00173,2026-04-17,Ha Vo,North,Webinar,CRM-CORE,Technology,Mid-Market,Closed Won,2026-06-23,2026-06-23,14200.0,0.1,1.0,,6
L00174,2025-02-03,Tuan Bui,Central,SEM - Google,CRM-CORE,Healthcare,SMB,Closed Lost,2025-03-21,2025-03-21,5100.0,0,0.0,Feature Gap,5
L00175,2025-02-21,Ha Vo,North,Webinar,MKT-AUTO,Manufacturing,Enterprise,Closed Lost,2025-04-25,2025-04-25,35400.0,0,0.0,Budget,3
L00176,2025-06-05,Ha Vo,North,LinkedIn Ads,CS-CLOUD,Financial Services,SMB,Closed Lost,2025-07-27,2025-07-27,25100.0,0,0.0,Competitor,3
L00177,2025-12-04,Quynh Vu,North,customer referral,BI-PLUS,Education,Enterprise,Closed Won,2026-04-03,2026-04-03,104600.0,0,1.0,,6
L00178,2026-08-19,Quynh Vu,North,Partner Referral,CRM-CORE,Manufacturing,SMB,New,2026-08-25,,6500.0,0.05,0.05,,1
L00179,2025-09-18,Chi Le,South,google cpc,BI-PLUS,Professional Services,Mid-Market,Closed Lost,2025-11-03,2025-11-03,27000.0,0,0.0,Competitor,5
L00180,2026-08-27,Minh Do,North,LinkedIn Ads,BI-PLUS,Financial Services,SMB,Closed Lost,2026-09-01,2026-09-01,28100.0,0,0.0,No Decision,3
L00181,2025-04-07,Quynh Vu,North,Cold Email,MKT-AUTO,Financial Services,Mid-Market,Negotiation,2025-12-01,,34300.0,0.05,0.85,,5
L00182,2025-10-03,Bao Tran,South,Email Campaign,CRM-PRO,Manufacturing,SMB,Closed Lost,2025-12-01,2025-12-01,11400.0,0,0.0,Timing,2
L00183,2026-06-27,Minh Do,North,email nurture,MKT-AUTO,Technology,Enterprise,Demo / Meeting,2026-07-25,,52500.0,0.03,0.4,,3
L00184,2026-05-15,Duy Pham,South,Google Organic,CRM-CORE,Financial Services,Enterprise,Proposal,2026-08-17,,23200.0,0.03,0.65,,4
L00185,2025-09-03,Chi Le,South,Webinar,CS-CLOUD,Professional Services,Mid-Market,Closed Lost,2025-10-29,2025-10-29,49900.0,0,0.0,Competitor,4
L00186,2025-11-18,Minh Do,North,Cold Email,CS-CLOUD,Professional Services,Mid-Market,Negotiation,2026-06-14,,47400.0,0,0.85,,5
L00187,2026-01-03,Duy Pham,South,SEO,CRM-PRO,Retail,Enterprise,Closed Won,2026-03-18,2026-03-18,69100.0,0.12,1.0,,6
L00188,2026-01-16,Chi Le,South,LI Ads,BI-PLUS,Education,SMB,Closed Lost,2026-02-24,2026-02-24,26600.0,0,0.0,Budget,4
L00189,2025-12-23,Chi Le,South,SEO,BI-PLUS,Retail,SMB,Closed Lost,2026-02-13,2026-02-13,13300.0,0,0.0,Timing,4
L00190,2025-01-29,Chi Le,South,organic search,CRM-PRO,Manufacturing,Mid-Market,Closed Lost,2025-03-22,2025-03-22,35500.0,0,0.0,Timing,3
L00191,2025-12-31,Ha Vo,North,Google Ads,REV-OPS,Manufacturing,Mid-Market,Closed Lost,2026-02-10,2026-02-10,83900.0,0,0.0,Feature Gap,4
L00192,2025-06-29,Tuan Bui,Central,SEO,REV-OPS,Financial Services,SMB,Closed Lost,2025-08-19,2025-08-19,34900.0,0,0.0,Budget,5
L00193,2025-12-02,Duy Pham,South,linkedin,MKT-AUTO,Technology,Mid-Market,Closed Lost,2026-01-09,2026-01-09,16200.0,0,0.0,Budget,2
L00194,2026-07-23,An Nguyen,South,Email Campaign,CRM-CORE,Professional Services,Enterprise,Closed Won,2026-09-01,2026-09-01,17800.0,0.1,1.0,,6
L00195,2026-05-28,Ha Vo,North,google cpc,CRM-CORE,Manufacturing,SMB,Proposal,2026-07-30,,5000.0,0,0.65,,4
L00196,2026-04-12,Bao Tran,South,Google Organic,CRM-CORE,Education,Mid-Market,Closed Won,2026-05-07,2026-05-07,16900.0,0.12,1.0,,6
L00197,2025-09-15,Quynh Vu,North,virtual event,CRM-CORE,Education,SMB,Negotiation,2026-06-17,,4800.0,0.03,0.85,,5
L00198,2025-09-16,An Nguyen,South,Email Campaign,CS-CLOUD,Retail,SMB,Negotiation,2026-05-06,,22600.0,0.05,0.85,,5
L00199,2026-06-27,Bao Tran,South,linkedin,CS-CLOUD,Professional Services,Enterprise,Closed Lost,2026-08-20,2026-08-20,80800.0,0,0.0,No Decision,3
L00200,2025-10-09,Bao Tran,South,google cpc,CS-CLOUD,Manufacturing,SMB,Closed Lost,2025-12-04,2025-12-04,13300.0,0,0.0,Timing,4
L00201,2026-02-23,Ha Vo,North,Google Ads,CRM-CORE,Professional Services,SMB,Closed Won,2026-04-22,2026-04-22,7900.0,0.12,1.0,,6
L00202,2025-07-17,Minh Do,North,Outbound,BI-PLUS,Education,Mid-Market,Negotiation,2026-02-19,,37300.0,0.03,0.85,,5
L00203,2025-03-19,Duy Pham,South,Email Campaign,MKT-AUTO,Manufacturing,SMB,Negotiation,2026-05-28,,18900.0,0.03,0.85,,5
L00204,2025-02-08,Bao Tran,South,Email Campaign,CRM-PRO,Education,SMB,Closed Lost,2025-03-01,2025-03-01,14800.0,0,0.0,Price,2
L00205,2025-07-19,Bao Tran,South,customer referral,CRM-CORE,Professional Services,Mid-Market,Closed Won,2025-09-13,2025-09-13,14500.0,0,1.0,,6
L00206,2026-06-28,Minh Do,North,organic search,CRM-PRO,Retail,Enterprise,Qualified,2026-07-27,,83600.0,0,0.2,,2
L00207,2026-08-13,An Nguyen,South,SDR Outreach,CRM-CORE,Financial Services,SMB,New,2026-08-27,,7600.0,0,0.05,,1
L00208,2025-03-20,Tuan Bui,Central,email nurture,BI-PLUS,Financial Services,Mid-Market,Closed Lost,2025-06-04,2025-06-04,44200.0,0,0.0,No Decision,2
L00209,2025-08-22,Quynh Vu,North,Outbound,CS-CLOUD,Professional Services,SMB,Closed Lost,2025-09-27,2025-09-27,12800.0,0,0.0,Budget,4
L00210,2025-09-22,An Nguyen,South,SEO,CRM-PRO,Healthcare,Enterprise,Closed Lost,2025-11-17,2025-11-17,81400.0,0,0.0,No Decision,4
L00211,2026-06-26,Bao Tran,South,organic search,CRM-CORE,Retail,Mid-Market,Closed Lost,2026-08-31,2026-08-31,17500.0,0,0.0,Price,2
L00212,2026-07-01,An Nguyen,South,google cpc,CRM-PRO,Education,SMB,Qualified,2026-08-20,,23700.0,0,0.2,,2
L00213,2026-07-04,Duy Pham,South,Referral,BI-PLUS,Education,Mid-Market,Closed Won,2026-09-01,2026-09-01,30200.0,0.08,1.0,,6
L00214,2025-09-11,Bao Tran,South,Cold Email,REV-OPS,Healthcare,Mid-Market,Closed Lost,2025-10-23,2025-10-23,46500.0,0,0.0,No Decision,5
L00215,2026-03-03,Quynh Vu,North,SEM - Google,MKT-AUTO,Healthcare,Mid-Market,Closed Lost,2026-03-30,2026-03-30,21800.0,0,0.0,Budget,4
L00216,2026-05-25,Tuan Bui,Central,customer referral,REV-OPS,Professional Services,SMB,Closed Won,2026-07-20,2026-07-20,20500.0,0.05,1.0,,6
L00217,2025-08-29,Chi Le,South,Outbound,CRM-PRO,Education,Enterprise,Closed Won,2025-11-09,2025-11-09,78300.0,0,1.0,,6
L00218,2025-05-17,Bao Tran,South,SDR Outreach,CS-CLOUD,Retail,SMB,Closed Lost,2025-06-16,2025-06-16,24300.0,0,0.0,No Decision,2
L00219,2025-07-20,Duy Pham,South,SDR Outreach,MKT-AUTO,Technology,SMB,Negotiation,2026-04-13,,17900.0,0,0.85,,5
L00220,2025-12-27,Bao Tran,South,SEM - Google,CRM-CORE,Financial Services,Mid-Market,Closed Lost,2026-02-04,2026-02-04,11500.0,0,0.0,No Decision,2
L00221,2025-03-18,Tuan Bui,Central,Referral,CRM-CORE,Manufacturing,SMB,Closed Lost,2025-04-19,2025-04-19,5600.0,0,0.0,No Decision,3
L00222,2026-03-22,Minh Do,North,SDR Outreach,CRM-PRO,Financial Services,SMB,Proposal,2026-08-13,,16200.0,0,0.65,,4
L00223,2025-11-13,Quynh Vu,North,SDR Outreach,CRM-CORE,Technology,Enterprise,Negotiation,2026-07-13,,28100.0,0.05,0.85,,5
L00224,2025-12-05,Chi Le,South,Google Ads,CRM-PRO,Retail,SMB,Closed Lost,2026-01-23,2026-01-23,23200.0,0,0.0,No Decision,2
L00225,2025-02-25,Tuan Bui,Central,LinkedIn Ads,BI-PLUS,Education,Mid-Market,Closed Lost,2025-04-10,2025-04-10,48000.0,0,0.0,Competitor,2
L00226,2026-07-06,Bao Tran,South,Referral,BI-PLUS,Manufacturing,SMB,Closed Won,2026-09-01,2026-09-01,17800.0,0.08,1.0,,6
L00227,2025-10-30,Tuan Bui,Central,Outbound,CRM-PRO,Manufacturing,SMB,Closed Lost,2025-12-26,2025-12-26,18400.0,0,0.0,Price,3
L00228,2026-07-07,Ha Vo,North,Outbound,CRM-PRO,Technology,SMB,Qualified,2026-08-02,,13700.0,0,0.2,,2
L00229,2025-08-03,Chi Le,South,newsletter,CRM-CORE,Financial Services,SMB,Closed Lost,2025-09-07,2025-09-07,7000.0,0,0.0,Competitor,5
L00230,2026-07-04,Quynh Vu,North,customer referral,CRM-CORE,Education,Mid-Market,Qualified,2026-08-07,,13000.0,0,0.2,,2
L00231,2025-04-11,Minh Do,North,organic search,CRM-PRO,Manufacturing,Mid-Market,Closed Lost,2025-06-16,2025-06-16,43600.0,0,0.0,Timing,5
L00232,2026-01-11,Minh Do,North,Google Ads,CRM-CORE,Healthcare,SMB,Closed Lost,2026-01-31,2026-01-31,9700.0,0,0.0,Price,4
L00233,2026-02-18,Chi Le,South,Cold Email,CRM-PRO,Financial Services,Mid-Market,Closed Lost,2026-04-13,2026-04-13,25800.0,0,0.0,No Decision,3
L00234,2026-08-27,Chi Le,South,google cpc,CRM-PRO,Professional Services,Mid-Market,New,2026-08-29,,32700.0,0,0.05,,1
L00235,2025-12-23,Duy Pham,South,organic search,CS-CLOUD,Retail,SMB,Negotiation,2026-06-04,,20100.0,0,0.85,,5
L00236,2025-03-11,Minh Do,North,SEO,CRM-PRO,Manufacturing,SMB,Closed Lost,2025-04-22,2025-04-22,16900.0,0,0.0,No Decision,4
L00237,2025-04-03,Duy Pham,South,organic search,CRM-PRO,Manufacturing,SMB,Negotiation,2026-06-23,,20800.0,0,0.85,,5
L00238,2025-12-13,Bao Tran,South,google cpc,REV-OPS,Retail,Enterprise,Negotiation,2026-05-03,,86800.0,0,0.85,,5
L00239,2025-07-30,Ha Vo,North,linkedin,MKT-AUTO,Professional Services,Mid-Market,Closed Lost,2025-10-01,2025-10-01,34200.0,0,0.0,Timing,3
L00240,2025-01-20,Bao Tran,South,google cpc,CRM-CORE,Technology,Mid-Market,Closed Lost,2025-03-20,2025-03-20,10100.0,0,0.0,Timing,2
L00241,2026-06-07,An Nguyen,South,Google Ads,CRM-CORE,Financial Services,SMB,Demo / Meeting,2026-08-19,,7500.0,0,0.4,,3
L00242,2025-07-19,Minh Do,North,email nurture,CRM-CORE,Manufacturing,SMB,Closed Won,2025-08-26,2025-08-26,9400.0,0,1.0,,6
L00243,2025-06-08,Bao Tran,South,email nurture,BI-PLUS,Manufacturing,Enterprise,Closed Lost,2025-06-18,2025-06-18,88500.0,0,0.0,Price,4
L00244,2026-08-14,Ha Vo,North,Google Organic,CRM-CORE,Technology,Mid-Market,Qualified,2026-08-28,,17500.0,0,0.2,,2
L00245,2026-01-07,Duy Pham,South,SEM - Google,CRM-CORE,Technology,Mid-Market,Closed Lost,2026-02-10,2026-02-10,16400.0,0,0.0,Price,4
L00246,2026-08-10,Duy Pham,South,Google Ads,BI-PLUS,Manufacturing,Mid-Market,New,2026-08-24,,33300.0,0,0.05,,1
L00247,2026-03-02,Chi Le,South,SDR Outreach,BI-PLUS,Technology,Enterprise,Closed Lost,2026-04-27,2026-04-27,95300.0,0,0.0,Feature Gap,5
L00248,2025-10-18,Quynh Vu,North,Webinar,BI-PLUS,Retail,SMB,Closed Lost,2025-11-28,2025-11-28,17600.0,0,0.0,Price,5
L00249,2025-02-23,Chi Le,South,SEM - Google,CS-CLOUD,Financial Services,Mid-Market,Negotiation,2026-04-09,,35000.0,0.03,0.85,,5
L00250,2026-08-31,Duy Pham,South,Outbound,BI-PLUS,Manufacturing,SMB,New,2026-09-01,,14700.0,0.05,0.05,,1
L00251,2025-07-29,Bao Tran,South,Conference Scan,REV-OPS,Manufacturing,Mid-Market,Closed Lost,2025-10-06,2025-10-06,59800.0,0,0.0,Price,3
L00252,2026-08-10,Tuan Bui,Central,SDR Outreach,CRM-PRO,Manufacturing,SMB,New,2026-08-17,,19800.0,0.05,0.05,,1
L00253,2025-12-07,Chi Le,South,organic search,CS-CLOUD,Technology,SMB,Negotiation,2026-06-27,,18300.0,0,0.85,,5
L00254,2025-11-30,Bao Tran,South,Webinar,MKT-AUTO,Financial Services,Mid-Market,Closed Won,2025-12-29,2025-12-29,25100.0,0.08,1.0,,6
L00255,2026-04-18,Duy Pham,South,google cpc,CRM-PRO,Professional Services,SMB,Closed Lost,2026-07-04,2026-07-04,12200.0,0,0.0,Timing,5
L00256,2026-01-13,Tuan Bui,Central,LinkedIn Ads,CS-CLOUD,Healthcare,Mid-Market,Negotiation,2026-06-08,,33300.0,0.03,0.85,,5
L00257,2025-02-08,An Nguyen,South,Email Campaign,CRM-CORE,Manufacturing,SMB,Closed Lost,2025-03-11,2025-03-11,4600.0,0,0.0,Feature Gap,3
L00258,2026-08-14,Ha Vo,North,newsletter,CS-CLOUD,Manufacturing,Mid-Market,New,2026-08-27,,34000.0,0.03,0.05,,1
L00259,2025-10-16,Bao Tran,South,Cold Email,CRM-PRO,Financial Services,Mid-Market,Closed Won,2025-12-02,2025-12-02,25700.0,0,1.0,,6
L00260,2025-11-25,Tuan Bui,Central,LinkedIn Ads,CRM-CORE,Manufacturing,Mid-Market,Closed Lost,2026-01-18,2026-01-18,15400.0,0,0.0,Budget,2
L00261,2025-02-08,An Nguyen,South,Google Ads,CS-CLOUD,Technology,SMB,Closed Lost,2025-04-16,2025-04-16,23500.0,0,0.0,Competitor,5
L00262,2026-04-04,Duy Pham,South,SEM - Google,BI-PLUS,Education,SMB,Closed Won,2026-05-07,2026-05-07,15200.0,0.1,1.0,,6
L00263,2026-07-07,Chi Le,South,Partner Referral,CRM-CORE,Healthcare,Mid-Market,Demo / Meeting,2026-08-21,,14300.0,0.05,0.4,,3
L00264,2025-09-05,Ha Vo,North,newsletter,MKT-AUTO,Professional Services,Mid-Market,Closed Lost,2025-10-25,2025-10-25,29600.0,0,0.0,Price,5
L00265,2025-06-25,Duy Pham,South,SEM - Google,CS-CLOUD,Education,SMB,Closed Lost,2025-08-19,2025-08-19,25200.0,0,0.0,Timing,5
L00266,2025-02-13,Chi Le,South,Webinar,BI-PLUS,Retail,Mid-Market,Closed Lost,2025-03-21,2025-03-21,42300.0,0,0.0,Competitor,4
L00267,2025-06-03,Ha Vo,North,SEO,CRM-CORE,Manufacturing,SMB,Closed Lost,2025-07-21,2025-07-21,6300.0,0,0.0,Competitor,4
L00268,2026-05-03,Quynh Vu,North,google cpc,MKT-AUTO,Education,SMB,Closed Lost,2026-06-18,2026-06-18,18700.0,0,0.0,Budget,2
L00269,2026-03-09,An Nguyen,South,SEO,MKT-AUTO,Retail,Enterprise,Closed Lost,2026-04-11,2026-04-11,59900.0,0,0.0,Feature Gap,2
L00270,2026-03-14,Tuan Bui,Central,Referral,BI-PLUS,Manufacturing,Enterprise,Closed Lost,2026-04-11,2026-04-11,102500.0,0,0.0,No Decision,5
L00271,2026-08-03,Tuan Bui,Central,Referral,CRM-CORE,Technology,SMB,Qualified,2026-08-28,,9600.0,0,0.2,,2
L00272,2025-07-05,Duy Pham,South,Email Campaign,CRM-PRO,Financial Services,Enterprise,Closed Won,2025-10-11,2025-10-11,88300.0,0.05,1.0,,6
L00273,2025-05-30,Chi Le,South,customer referral,BI-PLUS,Technology,Enterprise,Closed Lost,2025-06-23,2025-06-23,71000.0,0,0.0,Feature Gap,2
L00274,2025-02-22,Quynh Vu,North,Referral,MKT-AUTO,Education,Mid-Market,Closed Lost,2025-04-05,2025-04-05,28600.0,0,0.0,Timing,2
L00275,2025-12-11,Duy Pham,South,customer referral,BI-PLUS,Professional Services,Mid-Market,Negotiation,2026-06-10,,33800.0,0.05,0.85,,5
L00276,2025-10-19,An Nguyen,South,Outbound,BI-PLUS,Professional Services,SMB,Closed Lost,2025-12-12,2025-12-12,26700.0,0,0.0,Feature Gap,4
L00277,2025-12-30,Bao Tran,South,LI Ads,CRM-PRO,Technology,Enterprise,Closed Lost,2026-03-09,2026-03-09,70700.0,0,0.0,Competitor,4
L00278,2025-04-23,Quynh Vu,North,Google Organic,CS-CLOUD,Technology,SMB,Negotiation,2025-11-23,,19300.0,0.03,0.85,,5
L00279,2025-09-16,Tuan Bui,Central,LinkedIn Ads,BI-PLUS,Professional Services,Mid-Market,Closed Lost,2025-10-26,2025-10-26,53300.0,0,0.0,No Decision,5
L00280,2026-04-09,Bao Tran,South,email nurture,REV-OPS,Manufacturing,SMB,Closed Lost,2026-05-12,2026-05-12,30400.0,0,0.0,Feature Gap,4
L00281,2026-01-07,An Nguyen,South,Google Ads,CRM-CORE,Education,SMB,Closed Lost,2026-03-24,2026-03-24,7100.0,0,0.0,Price,3
L00282,2026-05-06,Chi Le,South,Email Campaign,CRM-CORE,Financial Services,Enterprise,Closed Lost,2026-06-11,2026-06-11,35600.0,0,0.0,Price,2
L00283,2026-06-11,Duy Pham,South,LI Ads,REV-OPS,Technology,Mid-Market,Demo / Meeting,2026-07-22,,76000.0,0.03,0.4,,3
L00284,2025-10-31,An Nguyen,South,SEO,CRM-PRO,Education,SMB,Closed Lost,2025-11-25,2025-11-25,17500.0,0,0.0,Timing,3
L00285,2026-02-21,Quynh Vu,North,SEM - Google,CRM-PRO,Manufacturing,SMB,Negotiation,2026-05-11,,20900.0,0,0.85,,5
L00286,2026-08-07,Bao Tran,South,Cold Email,REV-OPS,Healthcare,SMB,Closed Lost,2026-09-01,2026-09-01,39300.0,0,0.0,Budget,3
L00287,2025-10-19,An Nguyen,South,LI Ads,REV-OPS,Retail,Mid-Market,Closed Lost,2025-12-07,2025-12-07,76200.0,0,0.0,No Decision,5
L00288,2026-07-01,Ha Vo,North,organic search,BI-PLUS,Financial Services,Enterprise,Demo / Meeting,2026-08-16,,65300.0,0,0.4,,3
L00289,2026-07-13,Chi Le,South,Email Campaign,CRM-PRO,Professional Services,Enterprise,Closed Won,2026-08-26,2026-08-26,64900.0,0.03,1.0,,6
L00290,2025-09-25,Quynh Vu,North,newsletter,CS-CLOUD,Retail,Mid-Market,Closed Won,2025-11-25,2025-11-25,34400.0,0.1,1.0,,6
L00291,2026-01-29,An Nguyen,South,LinkedIn Ads,BI-PLUS,Healthcare,Mid-Market,Closed Won,2026-03-23,2026-03-23,30100.0,0.1,1.0,,6
L00292,2025-08-13,Bao Tran,South,Outbound,CRM-CORE,Retail,SMB,Closed Lost,2025-09-19,2025-09-19,4700.0,0,0.0,Budget,5
L00293,2026-05-26,Chi Le,South,Outbound,BI-PLUS,Technology,Mid-Market,Closed Won,2026-08-20,2026-08-20,51000.0,0.1,1.0,,6
L00294,2026-05-21,An Nguyen,South,Google Ads,CS-CLOUD,Technology,SMB,Closed Lost,2026-07-09,2026-07-09,20500.0,0,0.0,Competitor,3
L00295,2026-05-07,Quynh Vu,North,newsletter,CRM-CORE,Healthcare,Mid-Market,Closed Lost,2026-06-29,2026-06-29,8900.0,0,0.0,Budget,2
L00296,2026-04-26,Minh Do,North,SEM - Google,REV-OPS,Education,SMB,Proposal,2026-06-23,,44700.0,0.05,0.65,,4
L00297,2026-01-08,An Nguyen,South,LI Ads,CRM-CORE,Education,Mid-Market,Closed Lost,2026-02-09,2026-02-09,11100.0,0,0.0,Budget,4
L00298,2025-08-10,Chi Le,South,Google Organic,CRM-CORE,Education,SMB,Closed Won,2025-09-22,2025-09-22,8100.0,0.1,1.0,,6
L00299,2025-07-02,An Nguyen,South,LI Ads,MKT-AUTO,Technology,SMB,Negotiation,2026-06-15,,9700.0,0.05,0.85,,5
L00300,2025-07-26,Chi Le,South,organic search,CRM-PRO,Retail,Enterprise,Closed Lost,2025-09-16,2025-09-16,90300.0,0,0.0,Timing,4
L00301,2026-08-22,Chi Le,South,Email Campaign,CS-CLOUD,Manufacturing,SMB,New,2026-08-28,,15900.0,0,0.05,,1
L00302,2025-05-30,Minh Do,North,LI Ads,CRM-CORE,Healthcare,SMB,Negotiation,2026-06-27,,10000.0,0.03,0.85,,5
L00303,2025-11-26,Minh Do,North,Partner Referral,CRM-PRO,Technology,SMB,Negotiation,2026-03-25,,16000.0,0,0.85,,5
L00304,2025-02-03,Duy Pham,South,Google Ads,CRM-CORE,Manufacturing,Mid-Market,Closed Lost,2025-03-03,2025-03-03,9100.0,0,0.0,No Decision,4
L00305,2026-05-01,Quynh Vu,North,LinkedIn Ads,BI-PLUS,Retail,SMB,Closed Lost,2026-06-12,2026-06-12,28800.0,0,0.0,No Decision,5
L00306,2026-04-28,Tuan Bui,Central,SEO,CRM-CORE,Technology,Mid-Market,Closed Lost,2026-07-19,2026-07-19,14500.0,0,0.0,No Decision,3
L00307,2026-01-24,An Nguyen,South,Unknown Event,REV-OPS,Professional Services,Enterprise,Negotiation,2026-04-14,,160000,0.03,0.85,,5
L00308,2026-02-11,Minh Do,North,organic search,MKT-AUTO,Education,Mid-Market,Closed Lost,2026-03-19,2026-03-19,27500.0,0,0.0,No Decision,2
L00309,2026-05-18,Chi Le,South,SDR Outreach,CS-CLOUD,Manufacturing,Enterprise,Proposal,2026-08-05,,90000.0,0.05,0.65,,4
L00310,2025-08-30,Quynh Vu,North,Google Organic,CRM-PRO,Professional Services,SMB,Negotiation,2026-01-16,,24200.0,0,0.85,,5
L00311,2026-03-28,Bao Tran,South,organic search,CRM-CORE,Healthcare,Mid-Market,Closed Lost,2026-05-12,2026-05-12,15900.0,0,0.0,Competitor,2
L00312,2025-01-04,Minh Do,North,Webinar,CRM-CORE,Financial Services,Mid-Market,Closed Lost,2025-02-04,2025-02-04,17400.0,0,0.0,Feature Gap,3
L00313,2025-04-08,Minh Do,North,google cpc,CS-CLOUD,Technology,SMB,Closed Lost,2025-05-10,2025-05-10,14700.0,0,0.0,No Decision,3
L00314,2025-08-17,Bao Tran,South,email nurture,BI-PLUS,Professional Services,SMB,Closed Lost,2025-09-22,2025-09-22,19000.0,0,0.0,Timing,3
L00315,2025-07-09,An Nguyen,South,Email Campaign,MKT-AUTO,Professional Services,SMB,Closed Won,2025-08-31,2025-08-31,9700.0,0.12,1.0,,6
L00316,2025-10-14,Tuan Bui,Central,customer referral,CRM-PRO,Education,SMB,Closed Won,2025-11-01,2025-11-01,21100.0,0.08,1.0,,6
L00317,2025-07-15,An Nguyen,South,organic search,BI-PLUS,Education,SMB,Closed Lost,2025-07-28,2025-07-28,19900.0,0,0.0,Timing,5
L00318,2025-09-15,Minh Do,North,organic search,CRM-CORE,Technology,SMB,Closed Lost,2025-10-21,2025-10-21,10200.0,0,0.0,No Decision,3
L00319,2025-09-04,Quynh Vu,North,SEO,MKT-AUTO,Technology,Enterprise,Closed Lost,2025-10-31,2025-10-31,66100.0,0,0.0,No Decision,5
L00320,2026-07-25,Chi Le,South,google cpc,BI-PLUS,Education,SMB,New,2026-08-17,,28700.0,0.03,0.05,,1
L00321,2026-02-27,Chi Le,South,Unknown Event,CRM-CORE,Healthcare,Enterprise,Closed Won,2026-05-02,2026-05-02,30500.0,0.05,1.0,,6
L00322,2026-02-11,Ha Vo,North,SEO,CS-CLOUD,Technology,SMB,Closed Won,2026-05-09,2026-05-09,24700.0,0.08,1.0,,6
L00323,2026-05-08,Chi Le,South,Partner Referral,CS-CLOUD,Education,Enterprise,Closed Lost,2026-06-02,2026-06-02,44500.0,0,0.0,Price,4
L00324,2025-05-28,An Nguyen,South,Webinar,REV-OPS,Professional Services,SMB,Closed Lost,2025-07-07,2025-07-07,47400.0,0,0.0,No Decision,4
L00325,2026-04-22,Bao Tran,South,SEO,CRM-CORE,Professional Services,SMB,Closed Lost,2026-06-07,2026-06-07,9100.0,0,0.0,Competitor,5
L00326,2025-05-04,Bao Tran,South,Email Campaign,BI-PLUS,Professional Services,Enterprise,Negotiation,2026-04-19,,90500.0,0,0.85,,5
L00327,2026-02-24,Bao Tran,South,virtual event,MKT-AUTO,Professional Services,SMB,Negotiation,2026-05-28,,14000.0,0.03,0.85,,5
L00328,2025-01-16,Chi Le,South,Google Organic,BI-PLUS,Education,Mid-Market,Closed Lost,2025-03-09,2025-03-09,52300.0,0,0.0,Budget,4
L00329,2026-02-08,Tuan Bui,Central,SDR Outreach,MKT-AUTO,Healthcare,Enterprise,Closed Lost,2026-03-27,2026-03-27,67100.0,0,0.0,No Decision,4
L00330,2025-10-29,Bao Tran,South,Google Ads,CS-CLOUD,Education,SMB,Closed Won,2026-01-27,2026-01-27,18800.0,0.03,1.0,,6
L00331,2025-11-12,Ha Vo,North,newsletter,BI-PLUS,Technology,Mid-Market,Closed Lost,2025-12-20,2025-12-20,32800.0,0,0.0,Competitor,4
L00332,2025-01-23,Quynh Vu,North,newsletter,BI-PLUS,Retail,Mid-Market,Closed Won,2025-04-12,2025-04-12,23600.0,0.12,1.0,,6
L00333,2025-04-06,Quynh Vu,North,LinkedIn Ads,CRM-CORE,Technology,Mid-Market,Closed Lost,2025-05-14,2025-05-14,18200.0,0,0.0,Competitor,5
L00334,2025-08-20,Quynh Vu,North,Referral,MKT-AUTO,Manufacturing,SMB,Negotiation,2026-05-14,,15100.0,0.05,0.85,,5
L00335,2025-08-10,Minh Do,North,newsletter,MKT-AUTO,Financial Services,Mid-Market,Negotiation,2026-04-07,,20600.0,0.05,0.85,,5
L00336,2025-02-08,Bao Tran,South,SEM - Google,REV-OPS,Education,SMB,Closed Lost,2025-03-17,2025-03-17,23600.0,0,0.0,Competitor,5
L00337,2026-08-13,An Nguyen,South,organic search,MKT-AUTO,Technology,SMB,Qualified,2026-08-21,,14700.0,0,0.2,,2
L00338,2026-07-08,Ha Vo,North,SEM - Google,MKT-AUTO,Technology,SMB,Closed Lost,2026-08-16,2026-08-16,20200.0,0,0.0,Timing,5
L00339,2025-11-09,Chi Le,South,SDR Outreach,REV-OPS,Technology,SMB,Closed Won,2026-01-24,2026-01-24,22600.0,0.03,1.0,,6
L00340,2025-03-09,Bao Tran,South,LinkedIn Ads,CRM-CORE,Manufacturing,Mid-Market,Closed Lost,2025-05-09,2025-05-09,8100.0,0,0.0,No Decision,3
L00341,2025-11-29,Ha Vo,North,Webinar,CRM-CORE,Healthcare,SMB,Closed Lost,2026-02-14,2026-02-14,7500.0,0,0.0,Price,2
L00342,2026-03-26,Minh Do,North,Referral,CRM-PRO,Education,SMB,Closed Lost,2026-04-04,2026-04-04,24500.0,0,0.0,Price,2
L00343,2025-02-28,Bao Tran,South,linkedin,CRM-CORE,Healthcare,Enterprise,Closed Lost,2025-03-23,2025-03-23,23400.0,0,0.0,Price,5
L00344,2026-06-30,Tuan Bui,Central,virtual event,CRM-CORE,Technology,Mid-Market,Qualified,2026-08-17,,10600.0,0.05,0.2,,2
L00345,2025-04-29,An Nguyen,South,Cold Email,MKT-AUTO,Education,Mid-Market,Closed Won,2025-08-04,2025-08-04,26800.0,0,1.0,,6
L00346,2025-06-01,Ha Vo,North,SEM - Google,CS-CLOUD,Education,Enterprise,Closed Lost,2025-07-14,2025-07-14,47800.0,0,0.0,Feature Gap,5
L00347,2025-02-27,Ha Vo,North,LinkedIn Ads,CS-CLOUD,Education,SMB,Negotiation,2026-06-17,,18300.0,0,0.85,,5
L00348,2025-07-23,Duy Pham,South,Webinar,REV-OPS,Healthcare,Enterprise,Negotiation,2026-03-12,,127000.0,0.03,0.85,,5
L00349,2026-07-18,Ha Vo,North,Google Ads,BI-PLUS,Retail,SMB,Qualified,2026-08-24,,13400.0,0,0.2,,2
L00350,2025-08-08,Tuan Bui,Central,SEO,CRM-CORE,Education,SMB,Closed Lost,2025-09-04,2025-09-04,6800.0,0,0.0,Feature Gap,5
L00351,2026-03-26,Duy Pham,South,linkedin,BI-PLUS,Technology,Mid-Market,Closed Won,2026-06-02,2026-06-02,42600.0,0.1,1.0,,6
L00352,2025-01-30,Quynh Vu,North,SEO,REV-OPS,Manufacturing,SMB,Closed Lost,2025-03-22,2025-03-22,25000.0,0,0.0,Feature Gap,4
L00353,2025-05-04,Chi Le,South,customer referral,CRM-CORE,Financial Services,Mid-Market,Closed Won,2025-05-24,2025-05-24,18800.0,0.08,1.0,,6
L00354,2025-02-14,Tuan Bui,Central,Webinar,CRM-PRO,Education,Mid-Market,Closed Lost,2025-04-17,2025-04-17,23500.0,0,0.0,Competitor,5
L00355,2026-07-24,Minh Do,North,Webinar,BI-PLUS,Professional Services,Enterprise,Closed Lost,2026-09-01,2026-09-01,62500.0,0,0.0,Feature Gap,3
L00356,2026-03-04,Chi Le,South,organic search,CRM-PRO,Financial Services,Mid-Market,Negotiation,2026-06-04,,45400.0,0.03,0.85,,5
L00357,2026-06-03,Ha Vo,North,LI Ads,MKT-AUTO,Healthcare,SMB,Closed Lost,2026-07-23,2026-07-23,15600.0,0,0.0,Feature Gap,4
L00358,2025-03-25,Bao Tran,South,Cold Email,MKT-AUTO,Healthcare,Enterprise,Closed Lost,2025-04-27,2025-04-27,31200.0,0,0.0,Competitor,5
L00359,2026-02-18,An Nguyen,South,organic search,CRM-CORE,Financial Services,Mid-Market,Negotiation,2026-08-07,,16100.0,0,0.85,,5
L00360,2025-06-19,Minh Do,North,Partner Referral,BI-PLUS,Retail,Mid-Market,Closed Lost,2025-08-07,2025-08-07,37000.0,0,0.0,Timing,4
L00361,2026-06-18,Duy Pham,South,SEO,CRM-PRO,Healthcare,Mid-Market,Closed Won,2026-08-12,2026-08-12,35800.0,0.1,1.0,,6
L00362,2025-09-02,Tuan Bui,Central,Outbound,CRM-PRO,Financial Services,SMB,Negotiation,2026-05-23,,16400.0,0,0.85,,5
L00363,2025-04-12,Bao Tran,South,Referral,CRM-PRO,Professional Services,Enterprise,Closed Won,2025-06-30,2025-06-30,63700.0,0.03,1.0,,6
L00364,2026-06-19,Quynh Vu,North,SEO,MKT-AUTO,Education,SMB,Closed Won,2026-08-02,2026-08-02,17300.0,0.03,1.0,,6
L00365,2026-02-05,Ha Vo,North,linkedin,CRM-CORE,Technology,SMB,Closed Lost,2026-03-27,2026-03-27,10000.0,0,0.0,Feature Gap,3
L00366,2026-01-08,Ha Vo,North,SEO,MKT-AUTO,Technology,Mid-Market,Closed Lost,2026-03-16,2026-03-16,31900.0,0,0.0,Timing,5
L00367,2025-04-25,Tuan Bui,Central,Email Campaign,CRM-PRO,Technology,SMB,Closed Lost,2025-06-25,2025-06-25,13700.0,0,0.0,No Decision,3
L00368,2025-09-25,Ha Vo,North,linkedin,BI-PLUS,Retail,SMB,Closed Lost,2025-10-03,2025-10-03,29600.0,0,0.0,Competitor,5
L00369,2025-11-06,Quynh Vu,North,customer referral,CRM-PRO,Professional Services,SMB,Closed Won,2025-12-18,2025-12-18,19200.0,0.12,1.0,,6
L00370,2025-03-10,Bao Tran,South,linkedin,CS-CLOUD,Retail,SMB,Closed Lost,2025-04-18,2025-04-18,26000.0,0,0.0,Price,4
L00371,2025-05-25,Chi Le,South,SEO,CRM-PRO,Professional Services,SMB,Closed Lost,2025-07-24,2025-07-24,13700.0,0,0.0,Budget,3
L00372,2025-05-01,Ha Vo,North,Outbound,CRM-CORE,Technology,Enterprise,Closed Lost,2025-05-21,2025-05-21,25300.0,0,0.0,Budget,5
L00373,2025-11-24,Ha Vo,North,google cpc,REV-OPS,Financial Services,Enterprise,Closed Lost,2025-12-08,2025-12-08,129400.0,0,0.0,Price,3
L00374,2025-05-31,Duy Pham,South,organic search,CRM-CORE,Healthcare,Mid-Market,Closed Won,2025-08-01,2025-08-01,13400.0,0.12,1.0,,6
L00375,2026-05-25,Quynh Vu,North,Google Organic,CRM-CORE,Technology,Mid-Market,Closed Lost,2026-06-11,2026-06-11,9000.0,0,0.0,Budget,4
L00376,2026-05-17,Duy Pham,South,SEM - Google,MKT-AUTO,Financial Services,SMB,Demo / Meeting,2026-08-05,,9300.0,0,0.4,,3
L00377,2026-07-17,Ha Vo,North,google cpc,MKT-AUTO,Retail,SMB,Qualified,2026-08-12,,17400.0,0,0.2,,2
L00378,2026-01-11,Ha Vo,North,Email Campaign,CS-CLOUD,Financial Services,Mid-Market,Closed Won,2026-02-28,2026-02-28,36900.0,0,1.0,,6
L00379,2025-02-17,Minh Do,North,Webinar,MKT-AUTO,Professional Services,Enterprise,Closed Lost,2025-03-21,2025-03-21,35900.0,0,0.0,Price,4
L00380,2026-02-15,Duy Pham,South,Google Organic,CRM-PRO,Manufacturing,Mid-Market,Negotiation,2026-05-08,,26800.0,0,0.85,,5
L00381,2025-05-20,Tuan Bui,Central,virtual event,REV-OPS,Retail,Enterprise,Negotiation,2026-05-21,,160000,0.03,0.85,,5
L00382,2025-11-06,Quynh Vu,North,Cold Email,CS-CLOUD,Healthcare,Mid-Market,Negotiation,2026-02-19,,32100.0,0.03,0.85,,5
L00383,2026-02-03,Tuan Bui,Central,LinkedIn Ads,BI-PLUS,Healthcare,Mid-Market,Closed Lost,2026-03-25,2026-03-25,45100.0,0,0.0,Feature Gap,4
L00384,2026-08-18,Quynh Vu,North,Partner Referral,CRM-PRO,Technology,Mid-Market,Closed Lost,2026-09-01,2026-09-01,39700.0,0,0.0,Price,4
L00385,2026-05-23,Ha Vo,North,Partner Referral,CRM-PRO,Retail,Mid-Market,Closed Won,2026-07-17,2026-07-17,34800.0,0.12,1.0,,6
L00386,2025-05-14,An Nguyen,South,LI Ads,CRM-PRO,Manufacturing,SMB,Closed Lost,2025-07-11,2025-07-11,12200.0,0,0.0,Price,3
L00387,2025-12-16,Minh Do,North,Unknown Event,BI-PLUS,Financial Services,Enterprise,Closed Lost,2026-02-16,2026-02-16,57700.0,0,0.0,Price,3
L00388,2026-01-12,Duy Pham,South,Outbound,CRM-CORE,Retail,Mid-Market,Closed Lost,2026-02-18,2026-02-18,8400.0,0,0.0,Feature Gap,4
L00389,2025-03-12,Ha Vo,North,Partner Referral,CRM-PRO,Retail,SMB,Closed Lost,2025-05-06,2025-05-06,17500.0,0,0.0,Price,3
L00390,2025-04-08,An Nguyen,South,Offline List,CRM-CORE,Education,SMB,Closed Lost,2025-04-30,2025-04-30,7100.0,0,0.0,Price,4
L00391,2025-05-06,An Nguyen,South,linkedin,REV-OPS,Professional Services,Mid-Market,Closed Lost,2025-07-06,2025-07-06,37400.0,0,0.0,Price,2
L00392,2026-08-15,Tuan Bui,Central,Webinar,MKT-AUTO,Manufacturing,SMB,New,2026-08-25,,12600.0,0,0.05,,1
L00393,2026-02-09,Tuan Bui,Central,Google Ads,BI-PLUS,Technology,SMB,Closed Won,2026-04-15,2026-04-15,22600.0,0.12,1.0,,6
L00394,2025-06-06,Minh Do,North,Partner Referral,CS-CLOUD,Professional Services,SMB,Negotiation,2026-01-14,,16900.0,0.05,0.85,,5
L00395,2025-09-11,Bao Tran,South,Outbound,REV-OPS,Technology,SMB,Closed Lost,2025-11-05,2025-11-05,30600.0,0,0.0,Price,2
L00396,2025-11-12,Chi Le,South,google cpc,CRM-CORE,Technology,Mid-Market,Negotiation,2026-07-09,,10400.0,0,0.85,,5
L00397,2026-06-26,Tuan Bui,Central,organic search,MKT-AUTO,Technology,Mid-Market,Demo / Meeting,2026-08-21,,22300.0,0.05,0.4,,3
L00398,2026-07-16,Tuan Bui,Central,Google Organic,BI-PLUS,Financial Services,SMB,Qualified,2026-08-26,,27800.0,0,0.2,,2
L00399,2025-04-24,Bao Tran,South,LI Ads,CRM-CORE,Manufacturing,SMB,Closed Lost,2025-05-25,2025-05-25,8600.0,0,0.0,Budget,4
L00400,2025-04-07,Bao Tran,South,LinkedIn Ads,CS-CLOUD,Education,SMB,Closed Lost,2025-05-08,2025-05-08,23200.0,0,0.0,Competitor,4
L00401,2025-07-25,An Nguyen,South,LinkedIn Ads,CRM-CORE,Professional Services,Mid-Market,Negotiation,2026-03-28,,17500.0,0.05,0.85,,5
L00402,2026-07-29,Quynh Vu,North,google cpc,MKT-AUTO,Professional Services,Enterprise,Closed Lost,2026-09-01,2026-09-01,68400.0,0,0.0,Competitor,2
L00403,2025-05-14,An Nguyen,South,SEM - Google,CS-CLOUD,Education,Mid-Market,Closed Lost,2025-06-22,2025-06-22,48000.0,0,0.0,No Decision,5
L00404,2025-10-22,Bao Tran,South,Referral,CRM-CORE,Education,SMB,Closed Lost,2025-12-08,2025-12-08,9200.0,0,0.0,Competitor,4
L00405,2026-06-19,Tuan Bui,Central,customer referral,CRM-CORE,Education,SMB,Qualified,2026-08-17,,4600.0,0.03,0.2,,2
L00406,2025-02-14,Bao Tran,South,Partner Referral,CRM-PRO,Education,SMB,Closed Lost,2025-05-26,2025-05-26,24700.0,0,0.0,Budget,4
L00407,2025-11-18,Tuan Bui,Central,google cpc,CRM-CORE,Retail,SMB,Closed Lost,2026-01-12,2026-01-12,6300.0,0,0.0,Competitor,4
L00408,2026-04-06,Quynh Vu,North,LI Ads,MKT-AUTO,Education,Enterprise,Closed Lost,2026-06-16,2026-06-16,57800.0,0,0.0,Price,2
L00409,2025-04-10,Duy Pham,South,LinkedIn Ads,CRM-CORE,Manufacturing,SMB,Closed Lost,2025-06-02,2025-06-02,7100.0,0,0.0,Price,2
L00410,2025-08-16,Ha Vo,North,LinkedIn Ads,BI-PLUS,Healthcare,Mid-Market,Closed Lost,2025-10-14,2025-10-14,47600.0,0,0.0,Budget,2
L00411,2026-07-31,Bao Tran,South,Offline List,CRM-CORE,Technology,Mid-Market,Qualified,2026-08-20,,8400.0,0,0.2,,2
L00412,2026-04-08,Ha Vo,North,Google Organic,MKT-AUTO,Healthcare,Mid-Market,Closed Lost,2026-05-19,2026-05-19,17600.0,0,0.0,Competitor,2
L00413,2025-11-21,Minh Do,North,customer referral,BI-PLUS,Healthcare,Mid-Market,Closed Won,2026-02-24,2026-02-24,41500.0,0.03,1.0,,6
L00414,2026-05-04,An Nguyen,South,Outbound,CRM-CORE,Technology,Mid-Market,Closed Lost,2026-05-18,2026-05-18,13800.0,0,0.0,Competitor,3
L00415,2026-03-14,Bao Tran,South,email nurture,CRM-PRO,Professional Services,Mid-Market,Closed Lost,2026-04-26,2026-04-26,31500.0,0,0.0,Price,4
L00416,2026-08-13,Ha Vo,North,SEO,CRM-PRO,Technology,Mid-Market,Closed Won,2026-09-01,2026-09-01,36400.0,0.03,1.0,,6
L00417,2025-11-09,Quynh Vu,North,LinkedIn Ads,CRM-PRO,Financial Services,SMB,Closed Lost,2025-12-21,2025-12-21,13000.0,0,0.0,No Decision,3
L00418,2026-03-21,Minh Do,North,email nurture,BI-PLUS,Financial Services,Enterprise,Closed Lost,2026-04-20,2026-04-20,95200.0,0,0.0,Timing,4
L00419,2025-02-10,Minh Do,North,linkedin,BI-PLUS,Retail,Enterprise,Closed Lost,2025-03-28,2025-03-28,61200.0,0,0.0,No Decision,4
L00420,2025-06-20,Ha Vo,North,customer referral,MKT-AUTO,Financial Services,Enterprise,Closed Lost,2025-08-26,2025-08-26,53100.0,0,0.0,Price,2
L00421,2026-08-15,Bao Tran,South,SDR Outreach,CRM-PRO,Manufacturing,SMB,Closed Lost,2026-09-01,2026-09-01,23300.0,0,0.0,Price,3
L00422,2026-04-05,Quynh Vu,North,google cpc,BI-PLUS,Financial Services,Mid-Market,Closed Lost,2026-05-05,2026-05-05,45400.0,0,0.0,Competitor,4
L00423,2026-06-17,Minh Do,North,customer referral,CS-CLOUD,Technology,Mid-Market,Closed Lost,2026-07-30,2026-07-30,22500.0,0,0.0,Budget,3
L00424,2025-05-07,Duy Pham,South,SEM - Google,MKT-AUTO,Financial Services,SMB,Closed Lost,2025-06-11,2025-06-11,14500.0,0,0.0,Price,4
L00425,2026-08-11,An Nguyen,South,google cpc,CS-CLOUD,Technology,Enterprise,Qualified,2026-08-21,,98000.0,0.03,0.2,,2
L00426,2026-06-02,Bao Tran,South,Cold Email,CRM-CORE,Retail,SMB,Closed Lost,2026-08-09,2026-08-09,5100.0,0,0.0,Timing,5
L00427,2025-11-27,Quynh Vu,North,SEM - Google,CRM-PRO,Retail,Mid-Market,Closed Lost,2026-02-17,2026-02-17,31700.0,0,0.0,Price,5
L00428,2026-01-10,An Nguyen,South,Google Ads,MKT-AUTO,Financial Services,SMB,Closed Lost,2026-02-23,2026-02-23,14200.0,0,0.0,Competitor,4
L00429,2025-08-02,Tuan Bui,Central,SDR Outreach,CS-CLOUD,Professional Services,Mid-Market,Closed Lost,2025-09-19,2025-09-19,32300.0,0,0.0,Price,2
L00430,2026-03-16,An Nguyen,South,Cold Email,BI-PLUS,Manufacturing,SMB,Closed Lost,2026-04-29,2026-04-29,22300.0,0,0.0,No Decision,2
L00431,2026-02-16,Minh Do,North,customer referral,CS-CLOUD,Retail,Mid-Market,Closed Won,2026-03-08,2026-03-08,36600.0,0.12,1.0,,6
L00432,2026-06-01,Duy Pham,South,Cold Email,MKT-AUTO,Education,SMB,Closed Lost,2026-07-07,2026-07-07,18600.0,0,0.0,No Decision,3
L00433,2025-05-25,Bao Tran,South,customer referral,MKT-AUTO,Education,Mid-Market,Closed Won,2025-08-08,2025-08-08,25500.0,0.08,1.0,,6
L00434,2025-06-26,Minh Do,North,Email Campaign,CRM-PRO,Retail,SMB,Closed Won,2025-07-30,2025-07-30,18100.0,0,1.0,,6
L00435,2026-01-29,Minh Do,North,customer referral,REV-OPS,Financial Services,Mid-Market,Negotiation,2026-07-10,,38800.0,0.05,0.85,,5
L00436,2025-11-15,Chi Le,South,SDR Outreach,CS-CLOUD,Technology,SMB,Closed Won,2026-02-09,2026-02-09,25000.0,0,1.0,,6
L00437,2026-03-16,Quynh Vu,North,SDR Outreach,CRM-PRO,Professional Services,Enterprise,Closed Won,2026-06-24,2026-06-24,87900.0,0.12,1.0,,6
L00438,2025-10-19,An Nguyen,South,Webinar,CRM-CORE,Healthcare,Mid-Market,Closed Lost,2025-11-28,2025-11-28,16600.0,0,0.0,Competitor,4
L00439,2026-04-17,Bao Tran,South,Google Ads,REV-OPS,Healthcare,Mid-Market,Closed Lost,2026-06-07,2026-06-07,62400.0,0,0.0,Price,4
L00440,2026-02-13,Tuan Bui,Central,organic search,MKT-AUTO,Financial Services,SMB,Closed Won,2026-02-25,2026-02-25,16800.0,0.05,1.0,,6
L00441,2025-06-28,Bao Tran,South,Google Ads,CRM-PRO,Retail,Mid-Market,Negotiation,2025-11-28,,34500.0,0.05,0.85,,5
L00442,2026-03-26,Tuan Bui,Central,SEO,CRM-CORE,Education,SMB,Closed Won,2026-06-14,2026-06-14,6300.0,0.1,1.0,,6
L00443,2025-05-21,Tuan Bui,Central,virtual event,CRM-CORE,Technology,Mid-Market,Negotiation,2025-11-25,,16900.0,0.05,0.85,,5
L00444,2026-04-18,Chi Le,South,organic search,CRM-CORE,Financial Services,SMB,Closed Lost,2026-06-05,2026-06-05,4800.0,0,0.0,Feature Gap,2
L00445,2026-06-12,Chi Le,South,SEM - Google,CS-CLOUD,Professional Services,SMB,Demo / Meeting,2026-08-23,,13500.0,0,0.4,,3
L00446,2026-06-14,An Nguyen,South,LinkedIn Ads,MKT-AUTO,Healthcare,SMB,Demo / Meeting,2026-08-23,,12100.0,0,0.4,,3
L00447,2026-04-03,Quynh Vu,North,Referral,REV-OPS,Education,SMB,Proposal,2026-07-08,,24700.0,0.03,0.65,,4
L00448,2026-01-27,Quynh Vu,North,email nurture,REV-OPS,Technology,Enterprise,Closed Lost,2026-03-02,2026-03-02,77400.0,0,0.0,Feature Gap,3
L00449,2026-07-11,Duy Pham,South,Google Ads,REV-OPS,Education,Mid-Market,Qualified,2026-08-06,,83200.0,0,0.2,,2
L00450,2026-06-28,Bao Tran,South,LinkedIn Ads,CRM-PRO,Professional Services,Mid-Market,Qualified,2026-07-23,,27200.0,0,0.2,,2
L00451,2025-02-04,Duy Pham,South,newsletter,MKT-AUTO,Financial Services,SMB,Closed Lost,2025-02-28,2025-02-28,19400.0,0,0.0,Budget,3
L00452,2025-02-26,Ha Vo,North,Offline List,BI-PLUS,Retail,Enterprise,Closed Lost,2025-03-06,2025-03-06,82900.0,0,0.0,Price,4
L00453,2026-05-07,Tuan Bui,Central,newsletter,MKT-AUTO,Healthcare,Enterprise,Closed Won,2026-07-07,2026-07-07,69200.0,0.03,1.0,,6
L00454,2026-04-21,Duy Pham,South,Google Organic,CRM-PRO,Financial Services,SMB,Closed Lost,2026-05-31,2026-05-31,12500.0,0,0.0,Competitor,2
L00455,2025-09-02,Bao Tran,South,Google Ads,CRM-CORE,Technology,SMB,Closed Won,2025-11-24,2025-11-24,5300.0,0,1.0,,6
L00456,2026-05-11,Bao Tran,South,email nurture,BI-PLUS,Technology,SMB,Proposal,2026-06-25,,15300.0,0.05,0.65,,4
L00457,2026-08-03,Bao Tran,South,Google Organic,MKT-AUTO,Education,SMB,Closed Lost,2026-09-01,2026-09-01,12500.0,0,0.0,No Decision,3
L00458,2026-07-16,Chi Le,South,email nurture,CRM-PRO,Technology,Mid-Market,Closed Lost,2026-09-01,2026-09-01,42200.0,0,0.0,Price,3
L00459,2025-07-17,Quynh Vu,North,linkedin,CRM-PRO,Retail,SMB,Closed Lost,2025-09-24,2025-09-24,25200.0,0,0.0,Price,4
L00460,2025-10-25,An Nguyen,South,Referral,CRM-CORE,Manufacturing,SMB,Closed Lost,2025-12-09,2025-12-09,5000.0,0,0.0,Timing,4
L00461,2025-02-05,Minh Do,North,Google Ads,BI-PLUS,Technology,SMB,Closed Lost,2025-04-03,2025-04-03,29800.0,0,0.0,Feature Gap,3
L00462,2026-06-29,Tuan Bui,Central,Google Ads,REV-OPS,Financial Services,Enterprise,Demo / Meeting,2026-08-12,,141600.0,0.05,0.4,,3
L00463,2025-10-17,Tuan Bui,Central,organic search,CS-CLOUD,Retail,SMB,Closed Lost,2025-12-08,2025-12-08,14900.0,0,0.0,Competitor,3
L00464,2025-07-10,Chi Le,South,newsletter,REV-OPS,Professional Services,Mid-Market,Closed Lost,2025-10-09,2025-10-09,42500.0,0,0.0,Budget,2
L00465,2025-02-14,An Nguyen,South,linkedin,MKT-AUTO,Professional Services,Enterprise,Closed Lost,2025-03-03,2025-03-03,56500.0,0,0.0,Budget,4
L00466,2025-08-03,An Nguyen,South,Cold Email,CRM-PRO,Professional Services,Enterprise,Closed Won,2025-10-06,2025-10-06,66200.0,0.03,1.0,,6
L00467,2025-04-30,Duy Pham,South,SEO,CRM-CORE,Financial Services,Mid-Market,Closed Lost,2025-05-23,2025-05-23,13700.0,0,0.0,Price,5
L00468,2025-10-09,Duy Pham,South,LinkedIn Ads,BI-PLUS,Healthcare,Mid-Market,Closed Lost,2025-11-28,2025-11-28,36800.0,0,0.0,Price,4
L00469,2025-04-30,Bao Tran,South,email nurture,CRM-PRO,Healthcare,SMB,Closed Lost,2025-06-20,2025-06-20,14700.0,0,0.0,Price,4
L00470,2025-09-10,Minh Do,North,virtual event,REV-OPS,Manufacturing,SMB,Closed Lost,2025-11-07,2025-11-07,29800.0,0,0.0,Timing,2
L00471,2026-04-06,Quynh Vu,North,linkedin,CRM-CORE,Manufacturing,Mid-Market,Closed Lost,2026-06-24,2026-06-24,16300.0,0,0.0,Competitor,2
L00472,2026-01-06,Duy Pham,South,customer referral,BI-PLUS,Manufacturing,Enterprise,Closed Lost,2026-03-03,2026-03-03,50700.0,0,0.0,No Decision,4
L00473,2025-02-28,Duy Pham,South,SEO,CRM-PRO,Technology,Mid-Market,Negotiation,2026-06-08,,27400.0,0,0.85,,5
L00474,2025-07-03,Minh Do,North,LinkedIn Ads,CRM-PRO,Technology,SMB,Closed Won,2025-08-31,2025-08-31,20800.0,0.1,1.0,,6
L00475,2025-09-23,Bao Tran,South,newsletter,CS-CLOUD,Education,Enterprise,Closed Lost,2025-11-27,2025-11-27,74500.0,0,0.0,Price,3
L00476,2025-07-31,Quynh Vu,North,customer referral,CRM-CORE,Manufacturing,Mid-Market,Closed Lost,2025-08-19,2025-08-19,11400.0,0,0.0,Competitor,2
L00477,2025-08-04,Quynh Vu,North,linkedin,CRM-PRO,Technology,SMB,Closed Lost,2025-09-13,2025-09-13,19200.0,0,0.0,Timing,2
L00478,2025-04-25,Tuan Bui,Central,google cpc,BI-PLUS,Education,Mid-Market,Closed Lost,2025-06-19,2025-06-19,53500.0,0,0.0,Budget,4
L00479,2025-04-07,Tuan Bui,Central,SDR Outreach,BI-PLUS,Healthcare,SMB,Closed Won,2025-05-18,2025-05-18,27400.0,0.1,1.0,,6
L00480,2025-05-05,Tuan Bui,Central,Google Organic,CRM-CORE,Professional Services,Mid-Market,Closed Won,2025-07-01,2025-07-01,15700.0,0.08,1.0,,6
L00481,2026-06-09,Tuan Bui,Central,virtual event,CS-CLOUD,Professional Services,SMB,Closed Lost,2026-08-03,2026-08-03,24400.0,0,0.0,Competitor,4
L00482,2025-09-29,Ha Vo,North,linkedin,BI-PLUS,Professional Services,SMB,Closed Won,2025-11-30,2025-11-30,19900.0,0.1,1.0,,6
L00483,2026-08-31,Bao Tran,South,google cpc,CRM-PRO,Retail,Enterprise,New,2026-09-01,,86000.0,0.03,0.05,,1
L00484,2025-07-07,An Nguyen,South,google cpc,MKT-AUTO,Healthcare,Mid-Market,Closed Lost,2025-08-23,2025-08-23,23300.0,0,0.0,Price,4
L00485,2026-03-19,Ha Vo,North,google cpc,CS-CLOUD,Retail,Enterprise,Closed Lost,2026-04-22,2026-04-22,85200.0,0,0.0,Timing,4
L00486,2026-03-26,Tuan Bui,Central,SDR Outreach,CRM-PRO,Retail,SMB,Proposal,2026-06-23,,15600.0,0.03,0.65,,4
L00487,2025-05-17,Tuan Bui,Central,Partner Referral,BI-PLUS,Technology,SMB,Closed Lost,2025-06-15,2025-06-15,16900.0,0,0.0,Competitor,4
L00488,2026-01-28,Bao Tran,South,google cpc,CS-CLOUD,Professional Services,Mid-Market,Closed Won,2026-03-27,2026-03-27,25200.0,0.03,1.0,,6
L00489,2025-01-14,Duy Pham,South,customer referral,BI-PLUS,Education,SMB,Closed Lost,2025-02-26,2025-02-26,24600.0,0,0.0,Competitor,5
L00490,2026-05-31,Duy Pham,South,google cpc,CRM-CORE,Education,Mid-Market,Demo / Meeting,2026-07-27,,14800.0,0,0.4,,3
L00491,2025-07-07,Ha Vo,North,newsletter,CRM-PRO,Financial Services,SMB,Closed Lost,2025-08-14,2025-08-14,13000.0,0,0.0,Price,3
L00492,2026-08-11,Chi Le,South,Email Campaign,CRM-CORE,Retail,SMB,Closed Lost,2026-09-01,2026-09-01,9400.0,0,0.0,Price,3
L00493,2026-05-29,Duy Pham,South,Outbound,CRM-PRO,Retail,Enterprise,Demo / Meeting,2026-07-25,,39300.0,0,0.4,,3
L00494,2026-08-10,Minh Do,North,SEO,CRM-CORE,Technology,Mid-Market,New,2026-08-25,,15700.0,0.05,0.05,,1
L00495,2026-02-10,Duy Pham,South,google cpc,MKT-AUTO,Healthcare,Enterprise,Closed Lost,2026-03-14,2026-03-14,33900.0,0,0.0,Competitor,2
L00496,2025-05-12,Quynh Vu,North,Google Ads,REV-OPS,Financial Services,SMB,Negotiation,2026-03-03,,35900.0,0.05,0.85,,5
L00497,2025-11-28,Minh Do,North,virtual event,BI-PLUS,Professional Services,Mid-Market,Closed Lost,2025-12-28,2025-12-28,45500.0,0,0.0,Budget,5
L00498,2025-04-09,Bao Tran,South,Cold Email,REV-OPS,Education,SMB,Closed Lost,2025-04-26,2025-04-26,42700.0,0,0.0,Timing,4
L00499,2026-04-21,An Nguyen,South,Google Ads,CRM-PRO,Education,Enterprise,Closed Lost,2026-06-07,2026-06-07,74500.0,0,0.0,Price,3
L00500,2025-11-29,Chi Le,South,newsletter,CRM-CORE,Manufacturing,SMB,Negotiation,2026-07-22,,6400.0,0.03,0.85,,5
L00501,2025-04-17,Tuan Bui,Central,linkedin,MKT-AUTO,Education,Mid-Market,Closed Lost,2025-06-02,2025-06-02,25700.0,0,0.0,No Decision,3
L00502,2026-05-02,Tuan Bui,Central,google cpc,BI-PLUS,Technology,Mid-Market,Closed Lost,2026-05-21,2026-05-21,48500.0,0,0.0,Timing,3
L00503,2025-03-23,An Nguyen,South,SEM - Google,BI-PLUS,Technology,Mid-Market,Closed Won,2025-05-05,2025-05-05,31800.0,0.05,1.0,,6
L00504,2025-10-29,Tuan Bui,Central,google cpc,REV-OPS,Manufacturing,SMB,Closed Lost,2025-12-05,2025-12-05,39700.0,0,0.0,Feature Gap,5
L00505,2025-10-24,Duy Pham,South,Google Ads,CRM-CORE,Financial Services,Mid-Market,Closed Lost,2025-11-25,2025-11-25,12700.0,0,0.0,No Decision,5
L00506,2026-07-22,Minh Do,North,Email Campaign,MKT-AUTO,Professional Services,Enterprise,Closed Won,2026-09-01,2026-09-01,45700.0,0.12,1.0,,6
L00507,2025-09-18,Duy Pham,South,Google Organic,BI-PLUS,Manufacturing,Enterprise,Closed Lost,2025-12-26,2025-12-26,50300.0,0,0.0,Budget,3
L00508,2025-06-22,Chi Le,South,google cpc,CRM-PRO,Healthcare,Mid-Market,Closed Lost,2025-08-05,2025-08-05,42300.0,0,0.0,Price,4
L00509,2025-07-26,Minh Do,North,newsletter,CRM-CORE,Financial Services,Mid-Market,Closed Lost,2025-09-05,2025-09-05,18600.0,0,0.0,Feature Gap,4
L00510,2026-07-14,Bao Tran,South,newsletter,CS-CLOUD,Professional Services,SMB,Closed Lost,2026-09-01,2026-09-01,13000.0,0,0.0,Price,4
L00511,2026-07-23,Minh Do,North,SEO,CRM-PRO,Financial Services,SMB,Closed Lost,2026-09-01,2026-09-01,16600.0,0,0.0,Competitor,4
L00512,2025-04-18,Minh Do,North,LinkedIn Ads,REV-OPS,Manufacturing,Mid-Market,Closed Won,2025-05-06,2025-05-06,74500.0,0.12,1.0,,6
L00513,2026-07-22,An Nguyen,South,Referral,MKT-AUTO,Education,Mid-Market,Qualified,2026-08-26,,17000.0,0,0.2,,2
L00514,2025-09-16,Duy Pham,South,Google Ads,MKT-AUTO,Manufacturing,SMB,Closed Lost,2025-12-05,2025-12-05,12600.0,0,0.0,Competitor,3
L00515,2026-03-25,Quynh Vu,North,Partner Referral,CRM-CORE,Manufacturing,SMB,Closed Lost,2026-04-07,2026-04-07,5000.0,0,0.0,No Decision,2
L00516,2026-06-23,Bao Tran,South,customer referral,CS-CLOUD,Financial Services,SMB,Demo / Meeting,2026-08-19,,13600.0,0,0.4,,3
L00517,2026-02-15,Chi Le,South,virtual event,REV-OPS,Education,SMB,Closed Lost,2026-03-07,2026-03-07,42000.0,0,0.0,Competitor,4
L00518,2025-05-05,Bao Tran,South,LI Ads,CRM-CORE,Education,Mid-Market,Closed Lost,2025-05-30,2025-05-30,9800.0,0,0.0,Competitor,4
L00519,2025-12-23,An Nguyen,South,SEO,MKT-AUTO,Financial Services,SMB,Negotiation,2026-04-08,,13400.0,0.05,0.85,,5
L00520,2026-02-18,Minh Do,North,LI Ads,CRM-PRO,Professional Services,SMB,Closed Won,2026-04-10,2026-04-10,14800.0,0.05,1.0,,6
L00521,2025-09-15,Bao Tran,South,Partner Referral,MKT-AUTO,Retail,SMB,Closed Won,2025-10-24,2025-10-24,14800.0,0,1.0,,6
L00522,2026-07-30,Quynh Vu,North,Google Organic,CS-CLOUD,Manufacturing,Mid-Market,Qualified,2026-08-22,,37900.0,0.03,0.2,,2
L00523,2026-03-27,Bao Tran,South,LinkedIn Ads,REV-OPS,Professional Services,Mid-Market,Closed Lost,2026-04-21,2026-04-21,82900.0,0,0.0,Timing,2
L00524,2025-05-25,Chi Le,South,Cold Email,REV-OPS,Professional Services,SMB,Closed Won,2025-07-25,2025-07-25,20900.0,0.03,1.0,,6
L00525,2025-09-24,Chi Le,South,customer referral,CRM-CORE,Professional Services,SMB,Closed Lost,2025-11-04,2025-11-04,8600.0,0,0.0,Price,3
L00526,2026-07-03,Minh Do,North,LI Ads,CRM-PRO,Professional Services,SMB,Closed Lost,2026-08-01,2026-08-01,11200.0,0,0.0,Timing,3
L00527,2025-05-12,Duy Pham,South,Conference Scan,MKT-AUTO,Healthcare,Mid-Market,Closed Lost,2025-07-03,2025-07-03,36100.0,0,0.0,Budget,4
L00528,2025-04-26,Bao Tran,South,SEM - Google,BI-PLUS,Professional Services,Enterprise,Closed Lost,2025-06-20,2025-06-20,82600.0,0,0.0,Price,2
L00529,2025-03-14,Duy Pham,South,Email Campaign,MKT-AUTO,Healthcare,SMB,Closed Won,2025-03-26,2025-03-26,8800.0,0.05,1.0,,6
L00530,2025-03-07,Tuan Bui,Central,email nurture,CS-CLOUD,Manufacturing,SMB,Negotiation,2025-11-05,,11900.0,0.05,0.85,,5
L00531,2025-04-21,Chi Le,South,Webinar,REV-OPS,Education,SMB,Closed Lost,2025-05-23,2025-05-23,38400.0,0,0.0,Timing,4
L00532,2025-04-01,Ha Vo,North,newsletter,MKT-AUTO,Manufacturing,Enterprise,Closed Lost,2025-06-16,2025-06-16,61300.0,0,0.0,No Decision,5
L00533,2025-06-06,Duy Pham,South,SEM - Google,BI-PLUS,Technology,SMB,Negotiation,2026-05-13,,20100.0,0.03,0.85,,5
L00534,2025-04-10,Chi Le,South,organic search,MKT-AUTO,Manufacturing,Mid-Market,Closed Lost,2025-06-05,2025-06-05,37500.0,0,0.0,Budget,3
L00535,2026-05-16,Tuan Bui,Central,LI Ads,REV-OPS,Financial Services,SMB,Closed Won,2026-07-24,2026-07-24,29700.0,0.05,1.0,,6
L00536,2025-05-31,Chi Le,South,linkedin,CRM-CORE,Education,Mid-Market,Closed Lost,2025-07-26,2025-07-26,13800.0,0,0.0,No Decision,2
L00537,2026-07-14,Minh Do,North,Partner Referral,CRM-PRO,Healthcare,SMB,Closed Won,2026-08-07,2026-08-07,13400.0,0.05,1.0,,6
L00538,2025-09-23,Tuan Bui,Central,Email Campaign,MKT-AUTO,Healthcare,Enterprise,Closed Lost,2025-11-26,2025-11-26,70300.0,0,0.0,Price,2
L00539,2026-02-05,Chi Le,South,LinkedIn Ads,BI-PLUS,Retail,Mid-Market,Closed Lost,2026-03-12,2026-03-12,33200.0,0,0.0,Price,3
L00540,2026-02-28,Quynh Vu,North,google cpc,REV-OPS,Professional Services,SMB,Negotiation,2026-07-27,,35500.0,0.05,0.85,,5
L00541,2025-10-07,An Nguyen,South,virtual event,CRM-PRO,Technology,SMB,Closed Won,2025-11-20,2025-11-20,17900.0,0.05,1.0,,6
L00542,2026-04-02,Bao Tran,South,Conference Scan,CRM-PRO,Financial Services,SMB,Closed Won,2026-05-03,2026-05-03,17200.0,0.1,1.0,,6
L00543,2026-03-12,Minh Do,North,Cold Email,CRM-PRO,Professional Services,SMB,Closed Lost,2026-04-27,2026-04-27,15500.0,0,0.0,Budget,4
L00544,2025-01-26,Tuan Bui,Central,Conference Scan,REV-OPS,Education,Enterprise,Closed Lost,2025-02-16,2025-02-16,77800.0,0,0.0,Competitor,5
L00545,2025-08-20,Minh Do,North,Google Ads,CRM-CORE,Healthcare,Enterprise,Closed Lost,2025-09-15,2025-09-15,34400.0,0,0.0,Feature Gap,4
L00546,2026-05-24,Bao Tran,South,Google Ads,CS-CLOUD,Education,SMB,Closed Lost,2026-06-16,2026-06-16,22600.0,0,0.0,Competitor,3
L00547,2026-05-29,Ha Vo,North,Referral,CRM-PRO,Professional Services,SMB,Demo / Meeting,2026-08-04,,19800.0,0,0.4,,3
L00548,2025-07-03,Chi Le,South,Partner Referral,CRM-PRO,Financial Services,Enterprise,Closed Won,2025-09-03,2025-09-03,80800.0,0.08,1.0,,6
L00549,2025-02-18,Duy Pham,South,newsletter,REV-OPS,Healthcare,SMB,Closed Lost,2025-02-26,2025-02-26,20900.0,0,0.0,Price,3
L00550,2026-05-02,Minh Do,North,linkedin,CRM-PRO,Healthcare,Mid-Market,Closed Lost,2026-07-24,2026-07-24,43200.0,0,0.0,Price,4
L00551,2026-06-10,Tuan Bui,Central,Google Ads,CRM-CORE,Professional Services,SMB,Qualified,2026-08-03,,7100.0,0.03,0.2,,2
L00552,2026-06-07,Minh Do,North,SEO,CRM-CORE,Technology,Mid-Market,Closed Lost,2026-07-23,2026-07-23,16000.0,0,0.0,Competitor,3
L00553,2026-05-21,Minh Do,North,Partner Referral,CRM-CORE,Technology,Enterprise,Closed Won,2026-07-06,2026-07-06,31000.0,0.12,1.0,,6
L00554,2026-04-12,Minh Do,North,Google Ads,CRM-CORE,Manufacturing,SMB,Closed Lost,2026-06-12,2026-06-12,9800.0,0,0.0,Timing,5
L00555,2026-04-08,Tuan Bui,Central,linkedin,CRM-PRO,Healthcare,SMB,Closed Won,2026-06-10,2026-06-10,24600.0,0.08,1.0,,6
L00556,2026-03-20,Ha Vo,North,google cpc,MKT-AUTO,Professional Services,Mid-Market,Closed Lost,2026-05-13,2026-05-13,31000.0,0,0.0,Price,3
L00557,2026-04-26,Chi Le,South,linkedin,CRM-PRO,Manufacturing,Mid-Market,Closed Lost,2026-06-02,2026-06-02,22700.0,0,0.0,Timing,4
L00558,2025-08-05,Duy Pham,South,email nurture,CRM-CORE,Healthcare,SMB,Closed Lost,2025-08-14,2025-08-14,5800.0,0,0.0,Price,5
L00559,2026-03-02,Minh Do,North,organic search,BI-PLUS,Professional Services,SMB,Closed Lost,2026-04-16,2026-04-16,18400.0,0,0.0,Competitor,2
L00560,2026-05-30,Chi Le,South,SEO,CRM-PRO,Technology,Mid-Market,Closed Lost,2026-06-24,2026-06-24,19300.0,0,0.0,Price,3
L00561,2025-01-23,Ha Vo,North,Referral,REV-OPS,Technology,Mid-Market,Closed Lost,2025-03-07,2025-03-07,57100.0,0,0.0,Price,3
L00562,2026-01-16,Chi Le,South,Google Ads,CRM-PRO,Healthcare,SMB,Closed Lost,2026-02-17,2026-02-17,22000.0,0,0.0,No Decision,4
L00563,2025-08-21,Duy Pham,South,SEO,CS-CLOUD,Technology,Enterprise,Closed Lost,2025-10-02,2025-10-02,81600.0,0,0.0,No Decision,4
L00564,2025-02-22,Bao Tran,South,google cpc,REV-OPS,Retail,SMB,Closed Lost,2025-05-09,2025-05-09,26100.0,0,0.0,No Decision,5
L00565,2025-10-10,Ha Vo,North,Cold Email,MKT-AUTO,Technology,SMB,Closed Won,2025-12-23,2025-12-23,8800.0,0,1.0,,6
L00566,2026-02-27,Minh Do,North,Unknown Event,BI-PLUS,Manufacturing,SMB,Closed Lost,2026-05-22,2026-05-22,15600.0,0,0.0,Price,2
L00567,2025-12-06,An Nguyen,South,Google Organic,CRM-PRO,Manufacturing,SMB,Closed Lost,2026-01-27,2026-01-27,23600.0,0,0.0,Budget,3
L00568,2025-10-17,Ha Vo,North,Google Ads,CRM-PRO,Retail,SMB,Closed Won,2025-10-29,2025-10-29,11300.0,0.08,1.0,,6
L00569,2026-01-23,Chi Le,South,Email Campaign,MKT-AUTO,Education,SMB,Negotiation,2026-05-25,,12800.0,0.05,0.85,,5
L00570,2026-06-12,Chi Le,South,LinkedIn Ads,REV-OPS,Financial Services,SMB,Closed Lost,2026-08-04,2026-08-04,25600.0,0,0.0,No Decision,4
L00571,2026-05-06,Chi Le,South,Referral,MKT-AUTO,Financial Services,Mid-Market,Proposal,2026-06-17,,32400.0,0,0.65,,4
L00572,2026-03-17,Minh Do,North,SEM - Google,CRM-PRO,Education,SMB,Closed Lost,2026-05-08,2026-05-08,20700.0,0,0.0,Timing,2
L00573,2025-12-19,Bao Tran,South,LinkedIn Ads,BI-PLUS,Education,Mid-Market,Closed Lost,2026-01-27,2026-01-27,24500.0,0,0.0,Budget,3
L00574,2025-04-14,Ha Vo,North,Offline List,REV-OPS,Education,Mid-Market,Closed Lost,2025-06-03,2025-06-03,77900.0,0,0.0,Price,4
L00575,2025-12-26,Minh Do,North,organic search,CRM-PRO,Retail,Enterprise,Closed Lost,2026-02-11,2026-02-11,60000.0,0,0.0,No Decision,4
L00576,2026-07-26,Chi Le,South,Conference Scan,CS-CLOUD,Retail,SMB,New,2026-08-22,,12000.0,0.03,0.05,,1
L00577,2026-05-04,Chi Le,South,Cold Email,MKT-AUTO,Retail,SMB,Closed Lost,2026-05-19,2026-05-19,14300.0,0,0.0,Timing,5
L00578,2025-04-22,Minh Do,North,Cold Email,CRM-PRO,Financial Services,SMB,Closed Won,2025-07-01,2025-07-01,11800.0,0.12,1.0,,6
L00579,2025-11-11,Ha Vo,North,Google Organic,CRM-CORE,Manufacturing,Mid-Market,Closed Lost,2025-12-19,2025-12-19,9600.0,0,0.0,Budget,3
L00580,2025-07-06,Tuan Bui,Central,Google Organic,CS-CLOUD,Education,Mid-Market,Closed Lost,2025-08-01,2025-08-01,49700.0,0,0.0,No Decision,5
L00581,2026-03-14,Bao Tran,South,Google Organic,CRM-CORE,Retail,SMB,Closed Won,2026-04-29,2026-04-29,7000.0,0.08,1.0,,6
L00582,2025-04-26,Minh Do,North,Referral,CS-CLOUD,Financial Services,SMB,Closed Lost,2025-06-22,2025-06-22,21800.0,0,0.0,Budget,4
L00583,2025-05-19,Duy Pham,South,Partner Referral,REV-OPS,Technology,SMB,Closed Lost,2025-06-08,2025-06-08,31100.0,0,0.0,Price,3
L00584,2025-07-05,An Nguyen,South,Cold Email,CRM-PRO,Manufacturing,SMB,Closed Lost,2025-09-03,2025-09-03,23700.0,0,0.0,Price,3
L00585,2026-08-19,Bao Tran,South,Email Campaign,BI-PLUS,Manufacturing,Mid-Market,Closed Won,2026-09-01,2026-09-01,41900.0,0.1,1.0,,6
L00586,2026-04-28,Ha Vo,North,Unknown Event,REV-OPS,Financial Services,Mid-Market,Closed Lost,2026-06-27,2026-06-27,74400.0,0,0.0,Budget,3
L00587,2025-12-14,An Nguyen,South,organic search,MKT-AUTO,Education,SMB,Closed Won,2026-03-23,2026-03-23,16400.0,0.08,1.0,,6
L00588,2025-08-19,Bao Tran,South,SDR Outreach,BI-PLUS,Financial Services,SMB,Closed Lost,2025-10-04,2025-10-04,12700.0,0,0.0,Competitor,3
L00589,2026-07-12,Quynh Vu,North,LI Ads,CS-CLOUD,Healthcare,Mid-Market,Qualified,2026-08-08,,26300.0,0,0.2,,2
L00590,2025-01-30,Duy Pham,South,Unknown Event,BI-PLUS,Financial Services,Mid-Market,Closed Lost,2025-02-25,2025-02-25,54300.0,0,0.0,Price,4
L00591,2025-06-18,Minh Do,North,LI Ads,REV-OPS,Technology,Mid-Market,Closed Won,2025-08-17,2025-08-17,59700.0,0.05,1.0,,6
L00592,2026-08-09,An Nguyen,South,customer referral,CS-CLOUD,Education,Mid-Market,Qualified,2026-08-24,,48500.0,0.03,0.2,,2
L00593,2026-03-22,An Nguyen,South,SEM - Google,CRM-CORE,Technology,Enterprise,Closed Won,2026-06-04,2026-06-04,23600.0,0.12,1.0,,6
L00594,2025-06-02,An Nguyen,South,Google Organic,REV-OPS,Retail,SMB,Closed Lost,2025-07-10,2025-07-10,41300.0,0,0.0,Budget,2
L00595,2025-05-11,Quynh Vu,North,email nurture,CRM-CORE,Education,Mid-Market,Closed Won,2025-05-23,2025-05-23,12100.0,0.05,1.0,,6
L00596,2025-03-16,Bao Tran,South,SEM - Google,CRM-PRO,Retail,Enterprise,Closed Lost,2025-04-26,2025-04-26,39200.0,0,0.0,Competitor,5
L00597,2025-11-26,Minh Do,North,LinkedIn Ads,REV-OPS,Education,Enterprise,Closed Lost,2025-12-30,2025-12-30,114300.0,0,0.0,Price,4
L00598,2026-05-01,Duy Pham,South,LinkedIn Ads,REV-OPS,Technology,SMB,Closed Lost,2026-06-23,2026-06-23,27400.0,0,0.0,Competitor,3
L00599,2025-04-18,Minh Do,North,customer referral,CRM-CORE,Professional Services,Enterprise,Closed Lost,2025-06-01,2025-06-01,27900.0,0,0.0,No Decision,3
L00600,2025-09-06,Tuan Bui,Central,email nurture,CRM-CORE,Professional Services,Mid-Market,Closed Lost,2025-10-19,2025-10-19,16100.0,0,0.0,No Decision,5
L00601,2025-02-16,Tuan Bui,Central,Google Ads,CRM-PRO,Professional Services,SMB,Closed Lost,2025-03-09,2025-03-09,22100.0,0,0.0,Competitor,4
L00602,2025-11-04,Chi Le,South,newsletter,MKT-AUTO,Retail,SMB,Closed Lost,2025-12-26,2025-12-26,11700.0,0,0.0,No Decision,2
L00603,2025-08-06,Ha Vo,North,Referral,CRM-PRO,Retail,SMB,Closed Lost,2025-08-17,2025-08-17,15900.0,0,0.0,Feature Gap,4
L00604,2025-12-03,Ha Vo,North,google cpc,CRM-CORE,Healthcare,Mid-Market,Closed Lost,2026-01-26,2026-01-26,13900.0,0,0.0,Competitor,3
L00605,2025-06-08,Minh Do,North,Cold Email,CS-CLOUD,Professional Services,SMB,Closed Lost,2025-07-16,2025-07-16,22600.0,0,0.0,Price,2
L00606,2026-02-13,Minh Do,North,google cpc,CS-CLOUD,Manufacturing,SMB,Closed Lost,2026-04-01,2026-04-01,27800.0,0,0.0,No Decision,3
L00607,2026-07-03,Tuan Bui,Central,customer referral,CRM-CORE,Professional Services,Enterprise,Closed Lost,2026-08-01,2026-08-01,21200.0,0,0.0,Price,2
L00608,2025-08-16,Bao Tran,South,Email Campaign,MKT-AUTO,Education,SMB,Closed Lost,2025-09-15,2025-09-15,20600.0,0,0.0,Budget,4
L00609,2025-07-09,Bao Tran,South,LI Ads,REV-OPS,Manufacturing,Mid-Market,Negotiation,2026-07-16,,81400.0,0,0.85,,5
L00610,2026-07-30,Duy Pham,South,Google Ads,CRM-PRO,Technology,SMB,Qualified,2026-08-15,,22300.0,0,0.2,,2
L00611,2025-02-13,Tuan Bui,Central,linkedin,CRM-CORE,Technology,SMB,Closed Lost,2025-04-09,2025-04-09,8300.0,0,0.0,No Decision,4
L00612,2025-03-07,Bao Tran,South,Outbound,CS-CLOUD,Professional Services,Mid-Market,Closed Lost,2025-04-22,2025-04-22,43900.0,0,0.0,Feature Gap,2
L00613,2025-11-28,An Nguyen,South,LI Ads,BI-PLUS,Financial Services,Enterprise,Closed Lost,2026-01-22,2026-01-22,54300.0,0,0.0,No Decision,2
L00614,2026-02-25,Minh Do,North,google cpc,CRM-CORE,Financial Services,Mid-Market,Closed Lost,2026-04-25,2026-04-25,14300.0,0,0.0,No Decision,4
L00615,2025-10-15,Bao Tran,South,organic search,CRM-CORE,Healthcare,Mid-Market,Closed Lost,2025-12-15,2025-12-15,13200.0,0,0.0,No Decision,5
L00616,2025-05-14,An Nguyen,South,SEO,CRM-CORE,Education,SMB,Closed Won,2025-08-01,2025-08-01,8300.0,0.05,1.0,,6
L00617,2025-04-10,Tuan Bui,Central,google cpc,REV-OPS,Professional Services,Enterprise,Negotiation,2026-04-14,,136400.0,0.03,0.85,,5
L00618,2025-04-04,Duy Pham,South,google cpc,CRM-PRO,Financial Services,Mid-Market,Closed Lost,2025-05-20,2025-05-20,39500.0,0,0.0,Timing,2
L00619,2026-07-25,Quynh Vu,North,Referral,BI-PLUS,Financial Services,SMB,Qualified,2026-08-11,,29900.0,0,0.2,,2
L00620,2026-06-29,Minh Do,North,Outbound,CRM-CORE,Manufacturing,Enterprise,Closed Won,2026-09-01,2026-09-01,25500.0,0,1.0,,6
L00621,2025-05-24,Quynh Vu,North,customer referral,CS-CLOUD,Healthcare,Mid-Market,Closed Won,2025-07-19,2025-07-19,25300.0,0,1.0,,6
L00622,2026-04-28,An Nguyen,South,linkedin,BI-PLUS,Retail,SMB,Proposal,2026-08-08,,19900.0,0.03,0.65,,4
L00623,2026-03-16,An Nguyen,South,SEO,MKT-AUTO,Education,Mid-Market,Closed Won,2026-05-20,2026-05-20,21200.0,0.03,1.0,,6
L00624,2026-01-31,An Nguyen,South,google cpc,CRM-PRO,Retail,Enterprise,Closed Lost,2026-02-22,2026-02-22,54300.0,0,0.0,No Decision,2
L00625,2025-04-04,Quynh Vu,North,organic search,CRM-PRO,Retail,SMB,Closed Lost,2025-06-12,2025-06-12,21000.0,0,0.0,No Decision,3
L00626,2026-01-29,Tuan Bui,Central,Partner Referral,MKT-AUTO,Professional Services,Mid-Market,Closed Lost,2026-03-08,2026-03-08,17200.0,0,0.0,Feature Gap,4
L00627,2025-07-17,Duy Pham,South,SEO,CRM-PRO,Retail,Mid-Market,Closed Lost,2025-08-26,2025-08-26,20000.0,0,0.0,Budget,4
L00628,2025-07-07,Chi Le,South,Email Campaign,MKT-AUTO,Education,SMB,Negotiation,2026-04-05,,16700.0,0,0.85,,5
L00629,2026-05-10,Quynh Vu,North,email nurture,CRM-PRO,Technology,Mid-Market,Closed Lost,2026-05-29,2026-05-29,40400.0,0,0.0,Budget,3
L00630,2025-06-07,Ha Vo,North,Partner Referral,MKT-AUTO,Retail,SMB,Negotiation,2026-03-31,,17900.0,0.05,0.85,,5
L00631,2025-09-10,Ha Vo,North,newsletter,MKT-AUTO,Education,Enterprise,Closed Lost,2025-10-17,2025-10-17,44100.0,0,0.0,Budget,4
L00632,2025-01-15,Minh Do,North,SEM - Google,CRM-CORE,Technology,Mid-Market,Closed Lost,2025-02-15,2025-02-15,14500.0,0,0.0,Feature Gap,3
L00633,2025-10-03,Chi Le,South,SEO,CS-CLOUD,Manufacturing,Mid-Market,Closed Lost,2025-11-14,2025-11-14,21100.0,0,0.0,Price,4
L00634,2025-04-24,Tuan Bui,Central,Referral,REV-OPS,Manufacturing,Mid-Market,Closed Won,2025-05-06,2025-05-06,39200.0,0.03,1.0,,6
L00635,2025-12-21,Chi Le,South,virtual event,CRM-PRO,Financial Services,SMB,Closed Won,2026-02-17,2026-02-17,16700.0,0,1.0,,6
L00636,2026-02-18,Chi Le,South,Webinar,BI-PLUS,Retail,SMB,Closed Lost,2026-04-11,2026-04-11,15300.0,0,0.0,Competitor,4
L00637,2025-04-03,Minh Do,North,LinkedIn Ads,BI-PLUS,Professional Services,Enterprise,Closed Lost,2025-04-11,2025-04-11,99800.0,0,0.0,Timing,5
L00638,2025-06-01,Chi Le,South,Google Ads,CRM-CORE,Technology,Enterprise,Negotiation,2026-01-26,,17000.0,0,0.85,,5
L00639,2025-09-14,Ha Vo,North,google cpc,BI-PLUS,Technology,SMB,Closed Lost,2025-10-24,2025-10-24,30200.0,0,0.0,Price,4
L00640,2026-01-14,Tuan Bui,Central,organic search,CRM-PRO,Retail,Mid-Market,Closed Lost,2026-02-23,2026-02-23,35600.0,0,0.0,No Decision,5
L00641,2025-06-08,Quynh Vu,North,google cpc,CRM-CORE,Retail,Enterprise,Closed Lost,2025-07-31,2025-07-31,27700.0,0,0.0,Budget,4
L00642,2025-01-12,Chi Le,South,Email Campaign,REV-OPS,Education,Mid-Market,Negotiation,2026-04-10,,73300.0,0.03,0.85,,5
L00643,2026-03-29,Duy Pham,South,google cpc,CRM-CORE,Healthcare,SMB,Closed Lost,2026-04-20,2026-04-20,8900.0,0,0.0,Price,3
L00644,2025-10-30,Minh Do,North,Cold Email,MKT-AUTO,Manufacturing,Mid-Market,Closed Lost,2025-12-14,2025-12-14,35400.0,0,0.0,No Decision,4
L00645,2025-10-27,Tuan Bui,Central,newsletter,CRM-PRO,Manufacturing,SMB,Closed Lost,2025-12-19,2025-12-19,20700.0,0,0.0,Feature Gap,4
L00646,2025-03-27,Ha Vo,North,SEM - Google,CRM-CORE,Technology,Mid-Market,Closed Lost,2025-05-11,2025-05-11,10200.0,0,0.0,Price,4
L00647,2025-01-01,Bao Tran,South,SDR Outreach,CRM-PRO,Retail,Mid-Market,Closed Won,2025-03-12,2025-03-12,29500.0,0.03,1.0,,6
L00648,2025-03-12,Quynh Vu,North,customer referral,REV-OPS,Healthcare,Mid-Market,Closed Lost,2025-05-03,2025-05-03,72200.0,0,0.0,Price,3
L00649,2025-05-18,Tuan Bui,Central,newsletter,CRM-CORE,Healthcare,SMB,Closed Lost,2025-06-13,2025-06-13,5900.0,0,0.0,Budget,2
L00650,2025-04-02,Bao Tran,South,Cold Email,MKT-AUTO,Manufacturing,Enterprise,Closed Lost,2025-05-26,2025-05-26,69000.0,0,0.0,Price,3
L00651,2025-07-02,Duy Pham,South,Outbound,MKT-AUTO,Manufacturing,Enterprise,Closed Lost,2025-08-15,2025-08-15,70600.0,0,0.0,Price,5
L00652,2026-06-16,Tuan Bui,Central,Google Organic,CS-CLOUD,Retail,Mid-Market,Closed Lost,2026-09-01,2026-09-01,50100.0,0,0.0,Budget,5
L00653,2026-05-04,Bao Tran,South,LinkedIn Ads,BI-PLUS,Manufacturing,SMB,Proposal,2026-07-14,,22200.0,0.05,0.65,,4
L00654,2025-02-15,Bao Tran,South,SEM - Google,MKT-AUTO,Technology,Enterprise,Closed Lost,2025-04-07,2025-04-07,48000.0,0,0.0,No Decision,4
L00655,2025-09-26,Minh Do,North,linkedin,CRM-CORE,Professional Services,Mid-Market,Closed Won,2025-12-28,2025-12-28,14600.0,0.05,1.0,,6
L00656,2026-06-14,Tuan Bui,Central,Cold Email,CRM-PRO,Education,SMB,Closed Won,2026-08-01,2026-08-01,13400.0,0.05,1.0,,6
L00657,2025-08-15,Tuan Bui,Central,SEM - Google,MKT-AUTO,Healthcare,SMB,Closed Won,2025-09-27,2025-09-27,16100.0,0.12,1.0,,6
L00658,2026-01-15,Quynh Vu,North,google cpc,CRM-PRO,Financial Services,SMB,Closed Won,2026-04-03,2026-04-03,21400.0,0.03,1.0,,6
L00659,2026-03-06,Tuan Bui,Central,virtual event,MKT-AUTO,Healthcare,Enterprise,Closed Lost,2026-04-11,2026-04-11,41000.0,0,0.0,Price,3
L00660,2026-01-12,Bao Tran,South,Conference Scan,BI-PLUS,Financial Services,SMB,Negotiation,2026-05-14,,30100.0,0,0.85,,5
L00661,2026-01-31,An Nguyen,South,organic search,CRM-PRO,Retail,SMB,Closed Won,2026-03-22,2026-03-22,12600.0,0.12,1.0,,6
L00662,2026-06-17,Duy Pham,South,email nurture,MKT-AUTO,Professional Services,Enterprise,Demo / Meeting,2026-07-27,,67800.0,0.05,0.4,,3
L00663,2025-06-26,Quynh Vu,North,Conference Scan,MKT-AUTO,Financial Services,Mid-Market,Closed Won,2025-07-31,2025-07-31,33000.0,0,1.0,,6
L00664,2025-01-14,Chi Le,South,SEO,CRM-PRO,Professional Services,SMB,Closed Lost,2025-03-06,2025-03-06,24700.0,0,0.0,Competitor,4
L00665,2025-04-04,Minh Do,North,LI Ads,REV-OPS,Manufacturing,Mid-Market,Closed Lost,2025-05-24,2025-05-24,67800.0,0,0.0,No Decision,5
L00666,2025-01-18,Duy Pham,South,Outbound,CRM-PRO,Manufacturing,SMB,Closed Lost,2025-02-09,2025-02-09,14800.0,0,0.0,Budget,5
L00667,2025-03-10,Chi Le,South,newsletter,REV-OPS,Education,Mid-Market,Negotiation,2025-11-18,,55400.0,0.03,0.85,,5
L00668,2026-06-01,Chi Le,South,Cold Email,BI-PLUS,Retail,Mid-Market,Closed Lost,2026-07-25,2026-07-25,47900.0,0,0.0,Timing,2
L00669,2025-06-02,Ha Vo,North,Outbound,CS-CLOUD,Technology,Mid-Market,Closed Lost,2025-06-27,2025-06-27,47400.0,0,0.0,Budget,3
L00670,2025-02-05,Ha Vo,North,organic search,CRM-PRO,Retail,Mid-Market,Closed Lost,2025-02-26,2025-02-26,43200.0,0,0.0,Competitor,4
L00671,2025-10-27,Tuan Bui,Central,virtual event,CS-CLOUD,Retail,SMB,Closed Lost,2025-12-17,2025-12-17,17700.0,0,0.0,No Decision,3
L00672,2025-09-06,Tuan Bui,Central,Google Organic,BI-PLUS,Manufacturing,Mid-Market,Closed Won,2025-10-20,2025-10-20,39900.0,0.05,1.0,,6
L00673,2025-07-21,Tuan Bui,Central,Conference Scan,BI-PLUS,Education,Mid-Market,Closed Lost,2025-09-16,2025-09-16,46200.0,0,0.0,Timing,5
L00674,2025-04-15,An Nguyen,South,SEO,CS-CLOUD,Retail,SMB,Negotiation,2026-01-04,,19500.0,0.03,0.85,,5
L00675,2026-03-03,Ha Vo,North,Email Campaign,CRM-CORE,Education,SMB,Closed Won,2026-04-26,2026-04-26,7000.0,0.08,1.0,,6
L00676,2025-08-30,Chi Le,South,SEO,CRM-CORE,Technology,SMB,Closed Lost,2025-10-13,2025-10-13,9400.0,0,0.0,Price,4
L00677,2026-06-19,Minh Do,North,Conference Scan,CRM-PRO,Retail,Mid-Market,Closed Lost,2026-09-01,2026-09-01,20500.0,0,0.0,Competitor,3
L00678,2026-05-24,Minh Do,North,SEO,CS-CLOUD,Education,Enterprise,Proposal,2026-07-20,,42400.0,0.03,0.65,,4
L00679,2025-07-21,Quynh Vu,North,email nurture,MKT-AUTO,Professional Services,SMB,Closed Lost,2025-09-07,2025-09-07,11800.0,0,0.0,Budget,3
L00680,2025-12-15,Minh Do,North,organic search,BI-PLUS,Retail,SMB,Closed Lost,2026-02-07,2026-02-07,13000.0,0,0.0,Price,4
L00681,2026-06-10,An Nguyen,South,SEM - Google,BI-PLUS,Technology,Mid-Market,Closed Won,2026-07-19,2026-07-19,39500.0,0.05,1.0,,6
L00682,2026-04-13,Duy Pham,South,virtual event,MKT-AUTO,Professional Services,Mid-Market,Closed Lost,2026-05-14,2026-05-14,34000.0,0,0.0,No Decision,4
L00683,2025-03-04,Chi Le,South,Referral,BI-PLUS,Education,SMB,Closed Lost,2025-04-22,2025-04-22,13000.0,0,0.0,Budget,4
L00684,2026-02-27,Quynh Vu,North,SEO,CRM-CORE,Financial Services,Enterprise,Closed Lost,2026-04-01,2026-04-01,29400.0,0,0.0,Budget,4
L00685,2026-07-24,Ha Vo,North,Google Ads,CRM-CORE,Professional Services,Mid-Market,Closed Lost,2026-09-01,2026-09-01,17700.0,0,0.0,Budget,2
L00686,2025-06-13,Chi Le,South,linkedin,BI-PLUS,Healthcare,SMB,Negotiation,2026-05-06,,15600.0,0.03,0.85,,5
L00687,2025-04-12,Minh Do,North,google cpc,MKT-AUTO,Financial Services,Mid-Market,Negotiation,2025-11-26,,31100.0,0,0.85,,5
L00688,2025-10-13,Bao Tran,South,Google Ads,REV-OPS,Professional Services,SMB,Closed Lost,2025-11-12,2025-11-12,34200.0,0,0.0,Price,3
L00689,2025-03-24,Ha Vo,North,newsletter,CS-CLOUD,Professional Services,Mid-Market,Negotiation,2026-05-24,,26300.0,0.03,0.85,,5
L00690,2026-04-08,Ha Vo,North,SEM - Google,CRM-CORE,Technology,SMB,Closed Won,2026-05-13,2026-05-13,6400.0,0,1.0,,6
L00691,2026-03-15,Tuan Bui,Central,linkedin,CRM-CORE,Retail,SMB,Closed Lost,2026-05-19,2026-05-19,8900.0,0,0.0,Competitor,4
L00692,2025-12-31,Minh Do,North,Partner Referral,BI-PLUS,Financial Services,Mid-Market,Closed Won,2026-03-15,2026-03-15,43300.0,0.1,1.0,,6
L00693,2025-03-13,Minh Do,North,SEO,CS-CLOUD,Manufacturing,SMB,Closed Lost,2025-04-10,2025-04-10,24700.0,0,0.0,Competitor,4
L00694,2026-04-08,Tuan Bui,Central,customer referral,CS-CLOUD,Manufacturing,SMB,Closed Lost,2026-05-15,2026-05-15,23600.0,0,0.0,No Decision,3
L00695,2025-06-14,Bao Tran,South,Referral,CS-CLOUD,Manufacturing,SMB,Closed Lost,2025-07-29,2025-07-29,17500.0,0,0.0,Budget,3
L00696,2026-02-16,An Nguyen,South,linkedin,CS-CLOUD,Financial Services,Mid-Market,Closed Lost,2026-04-02,2026-04-02,24300.0,0,0.0,Budget,2
L00697,2026-03-19,Chi Le,South,linkedin,BI-PLUS,Technology,Enterprise,Closed Lost,2026-04-06,2026-04-06,68900.0,0,0.0,Budget,4
L00698,2025-11-16,Chi Le,South,Partner Referral,CS-CLOUD,Technology,SMB,Closed Lost,2026-01-30,2026-01-30,12400.0,0,0.0,Feature Gap,3
L00699,2025-01-12,Chi Le,South,SEM - Google,CRM-CORE,Education,SMB,Closed Lost,2025-03-24,2025-03-24,10400.0,0,0.0,Price,2
L00700,2026-01-01,An Nguyen,South,customer referral,CRM-CORE,Technology,SMB,Closed Lost,2026-02-24,2026-02-24,8400.0,0,0.0,Competitor,2
L00701,2025-10-05,Tuan Bui,Central,newsletter,CRM-CORE,Financial Services,Mid-Market,Closed Won,2025-12-07,2025-12-07,17700.0,0.1,1.0,,6
L00702,2025-03-10,Quynh Vu,North,Referral,BI-PLUS,Manufacturing,Mid-Market,Negotiation,2025-09-27,,51100.0,0.03,0.85,,5
L00703,2026-05-18,Tuan Bui,Central,LI Ads,CRM-PRO,Financial Services,SMB,Closed Lost,2026-07-01,2026-07-01,22600.0,0,0.0,No Decision,4
L00704,2025-05-23,Quynh Vu,North,Referral,REV-OPS,Technology,Mid-Market,Closed Lost,2025-07-26,2025-07-26,68500.0,0,0.0,Competitor,4
L00705,2025-02-19,Duy Pham,South,customer referral,CRM-CORE,Financial Services,SMB,Closed Lost,2025-03-31,2025-03-31,8500.0,0,0.0,Budget,4
L00706,2025-06-21,Duy Pham,South,organic search,BI-PLUS,Financial Services,Mid-Market,Closed Lost,2025-08-09,2025-08-09,52200.0,0,0.0,Timing,3
L00707,2025-05-07,Chi Le,South,virtual event,CRM-CORE,Technology,Mid-Market,Closed Won,2025-07-17,2025-07-17,15600.0,0.1,1.0,,6
L00708,2025-08-06,An Nguyen,South,LI Ads,MKT-AUTO,Healthcare,Mid-Market,Closed Won,2025-09-30,2025-09-30,35000.0,0.12,1.0,,6
L00709,2026-04-26,Minh Do,North,linkedin,CRM-CORE,Retail,Enterprise,Closed Lost,2026-06-17,2026-06-17,26800.0,0,0.0,No Decision,5
L00710,2025-07-04,Duy Pham,South,linkedin,MKT-AUTO,Manufacturing,Enterprise,Closed Lost,2025-09-16,2025-09-16,53900.0,0,0.0,Budget,5
L00711,2025-01-30,Chi Le,South,Webinar,CRM-CORE,Healthcare,Mid-Market,Closed Lost,2025-02-07,2025-02-07,10800.0,0,0.0,Competitor,2
L00712,2025-11-15,Duy Pham,South,customer referral,CS-CLOUD,Retail,Enterprise,Closed Lost,2026-01-03,2026-01-03,53900.0,0,0.0,Price,5
L00713,2025-10-15,Ha Vo,North,LI Ads,CRM-PRO,Manufacturing,SMB,Closed Lost,2025-11-21,2025-11-21,21400.0,0,0.0,Price,5
L00714,2025-02-10,An Nguyen,South,Partner Referral,CRM-CORE,Manufacturing,SMB,Negotiation,2025-11-16,,8200.0,0,0.85,,5
L00715,2025-05-11,Bao Tran,South,Outbound,MKT-AUTO,Professional Services,Mid-Market,Closed Lost,2025-07-20,2025-07-20,27600.0,0,0.0,Competitor,3
L00716,2026-07-14,Bao Tran,South,SEM - Google,CRM-PRO,Financial Services,SMB,Closed Lost,2026-08-01,2026-08-01,23600.0,0,0.0,Budget,4
L00717,2025-07-06,Bao Tran,South,Outbound,CRM-CORE,Healthcare,Mid-Market,Closed Lost,2025-08-04,2025-08-04,8200.0,0,0.0,Competitor,2
L00718,2026-08-29,Bao Tran,South,SEO,CS-CLOUD,Financial Services,Mid-Market,Qualified,2026-08-31,,36600.0,0.05,0.2,,2
L00719,2026-05-10,Tuan Bui,Central,linkedin,CRM-PRO,Retail,SMB,Closed Lost,2026-06-16,2026-06-16,16100.0,0,0.0,Feature Gap,5
L00720,2026-06-07,Tuan Bui,Central,LinkedIn Ads,CS-CLOUD,Manufacturing,SMB,Closed Lost,2026-06-15,2026-06-15,14700.0,0,0.0,Budget,2
L00721,2026-03-11,Tuan Bui,Central,Google Ads,CS-CLOUD,Technology,Mid-Market,Closed Lost,2026-05-10,2026-05-10,36600.0,0,0.0,Price,5
L00722,2026-08-10,Tuan Bui,Central,LI Ads,CRM-PRO,Education,SMB,New,2026-08-27,,22700.0,0,0.05,,1
L00723,2025-07-24,An Nguyen,South,SEO,CRM-CORE,Manufacturing,Mid-Market,Closed Won,2025-08-05,2025-08-05,18600.0,0,1.0,,6
L00724,2026-02-26,Ha Vo,North,SEO,MKT-AUTO,Professional Services,Mid-Market,Closed Lost,2026-05-08,2026-05-08,26200.0,0,0.0,Competitor,2
L00725,2025-04-24,Ha Vo,North,newsletter,MKT-AUTO,Healthcare,SMB,Closed Lost,2025-06-18,2025-06-18,15300.0,0,0.0,Price,4
L00726,2025-09-10,Bao Tran,South,newsletter,MKT-AUTO,Technology,SMB,Closed Won,2025-11-20,2025-11-20,15900.0,0.05,1.0,,6
L00727,2025-05-19,Quynh Vu,North,SEM - Google,CRM-PRO,Education,Mid-Market,Closed Lost,2025-07-27,2025-07-27,22800.0,0,0.0,Budget,4
L00728,2026-08-07,Bao Tran,South,SEO,CRM-PRO,Professional Services,SMB,New,2026-08-21,,19800.0,0,0.05,,1
L00729,2025-01-23,Tuan Bui,Central,Google Ads,CRM-PRO,Healthcare,Mid-Market,Negotiation,2025-11-10,,32000.0,0,0.85,,5
L00730,2025-10-24,Bao Tran,South,Webinar,MKT-AUTO,Retail,SMB,Closed Lost,2025-12-23,2025-12-23,13300.0,0,0.0,No Decision,5
L00731,2025-03-24,Tuan Bui,Central,linkedin,CRM-PRO,Retail,SMB,Closed Lost,2025-05-09,2025-05-09,20700.0,0,0.0,Price,2
L00732,2026-06-26,Ha Vo,North,Google Ads,REV-OPS,Retail,Mid-Market,Qualified,2026-08-01,,48800.0,0,0.2,,2
L00733,2025-09-21,Bao Tran,South,linkedin,CRM-PRO,Professional Services,SMB,Closed Won,2025-11-09,2025-11-09,11300.0,0.12,1.0,,6
L00734,2026-03-07,Quynh Vu,North,Webinar,BI-PLUS,Manufacturing,SMB,Closed Lost,2026-04-30,2026-04-30,23600.0,0,0.0,Competitor,5
L00735,2025-02-06,Chi Le,South,Webinar,CRM-PRO,Professional Services,Mid-Market,Closed Won,2025-03-28,2025-03-28,35900.0,0.08,1.0,,6
L00736,2025-02-28,Chi Le,South,Webinar,CRM-CORE,Financial Services,Mid-Market,Closed Won,2025-05-19,2025-05-19,11300.0,0.05,1.0,,6
L00737,2025-07-29,Quynh Vu,North,SEM - Google,CRM-CORE,Education,SMB,Closed Lost,2025-08-30,2025-08-30,7800.0,0,0.0,Feature Gap,5
L00738,2025-11-12,Chi Le,South,Google Organic,CRM-PRO,Financial Services,SMB,Closed Won,2025-11-24,2025-11-24,25500.0,0.08,1.0,,6
L00739,2026-07-25,Tuan Bui,Central,Google Ads,CRM-CORE,Manufacturing,Mid-Market,New,2026-08-25,,13300.0,0.03,0.05,,1
L00740,2026-06-15,An Nguyen,South,Google Ads,CRM-PRO,Technology,SMB,Closed Lost,2026-09-01,2026-09-01,25300.0,0,0.0,Timing,3
L00741,2025-04-13,Duy Pham,South,google cpc,BI-PLUS,Professional Services,SMB,Closed Lost,2025-05-16,2025-05-16,29000.0,0,0.0,Budget,2
L00742,2025-01-05,Quynh Vu,North,Partner Referral,CRM-PRO,Healthcare,SMB,Closed Lost,2025-02-24,2025-02-24,18500.0,0,0.0,Competitor,4
L00743,2025-04-17,Ha Vo,North,Webinar,MKT-AUTO,Retail,Mid-Market,Closed Lost,2025-06-01,2025-06-01,29100.0,0,0.0,Timing,2
L00744,2026-01-13,Quynh Vu,North,Outbound,MKT-AUTO,Financial Services,Mid-Market,Closed Lost,2026-03-04,2026-03-04,27900.0,0,0.0,Competitor,4
L00745,2025-08-22,Bao Tran,South,Google Organic,BI-PLUS,Technology,Mid-Market,Closed Won,2025-09-15,2025-09-15,41700.0,0.03,1.0,,6
L00746,2026-04-24,An Nguyen,South,SEO,MKT-AUTO,Healthcare,SMB,Closed Lost,2026-06-05,2026-06-05,15600.0,0,0.0,Price,3
L00747,2026-02-12,Ha Vo,North,SDR Outreach,BI-PLUS,Technology,Mid-Market,Closed Lost,2026-04-02,2026-04-02,26200.0,0,0.0,Timing,2
L00748,2026-07-22,An Nguyen,South,linkedin,MKT-AUTO,Retail,Enterprise,Qualified,2026-08-27,,50800.0,0,0.2,,2
L00749,2026-08-30,Quynh Vu,North,Google Organic,BI-PLUS,Financial Services,Mid-Market,New,2026-09-01,,51100.0,0,0.05,,1
L00750,2025-05-05,Chi Le,South,organic search,REV-OPS,Technology,Mid-Market,Closed Lost,2025-05-22,2025-05-22,62900.0,0,0.0,Feature Gap,2
L00751,2025-08-07,An Nguyen,South,organic search,REV-OPS,Financial Services,SMB,Closed Lost,2025-09-21,2025-09-21,37500.0,0,0.0,Timing,4
L00752,2026-05-14,Bao Tran,South,virtual event,CRM-PRO,Healthcare,Mid-Market,Proposal,2026-07-10,,31800.0,0.05,0.65,,4
L00753,2025-07-15,Ha Vo,North,Partner Referral,BI-PLUS,Education,SMB,Closed Lost,2025-08-06,2025-08-06,13500.0,0,0.0,Budget,3
L00754,2025-12-21,Tuan Bui,Central,LinkedIn Ads,CRM-PRO,Manufacturing,SMB,Closed Lost,2025-12-29,2025-12-29,15800.0,0,0.0,No Decision,2
L00755,2025-05-04,Tuan Bui,Central,google cpc,MKT-AUTO,Technology,SMB,Closed Lost,2025-07-29,2025-07-29,17000.0,0,0.0,Budget,5
L00756,2026-08-22,Tuan Bui,Central,virtual event,CRM-CORE,Retail,Mid-Market,Qualified,2026-08-28,,13900.0,0,0.2,,2
L00757,2025-07-11,Duy Pham,South,organic search,REV-OPS,Manufacturing,Mid-Market,Closed Lost,2025-09-11,2025-09-11,67200.0,0,0.0,Budget,5
L00758,2026-02-12,Tuan Bui,Central,SEO,REV-OPS,Retail,Enterprise,Closed Lost,2026-03-19,2026-03-19,119400.0,0,0.0,Feature Gap,5
L00759,2026-06-21,Duy Pham,South,SEM - Google,CS-CLOUD,Manufacturing,SMB,Closed Lost,2026-09-01,2026-09-01,15600.0,0,0.0,Price,2
L00760,2025-12-27,Duy Pham,South,LI Ads,CRM-PRO,Education,SMB,Closed Lost,2026-02-02,2026-02-02,18400.0,0,0.0,No Decision,3
L00761,2025-12-16,Bao Tran,South,Cold Email,REV-OPS,Technology,Mid-Market,Negotiation,2026-05-22,,70300.0,0.05,0.85,,5
L00762,2026-07-12,Bao Tran,South,Email Campaign,CS-CLOUD,Financial Services,Enterprise,Demo / Meeting,2026-08-12,,86100.0,0,0.4,,3
L00763,2025-12-25,Minh Do,North,Partner Referral,CS-CLOUD,Healthcare,SMB,Closed Lost,2026-02-13,2026-02-13,19900.0,0,0.0,No Decision,5
L00764,2025-08-10,Ha Vo,North,Partner Referral,MKT-AUTO,Financial Services,SMB,Closed Lost,2025-09-03,2025-09-03,15300.0,0,0.0,No Decision,5
L00765,2025-04-22,Chi Le,South,organic search,CS-CLOUD,Education,Mid-Market,Closed Lost,2025-04-30,2025-04-30,41500.0,0,0.0,Price,4
L00766,2025-12-07,Quynh Vu,North,Google Organic,CRM-PRO,Healthcare,Enterprise,Closed Won,2026-03-05,2026-03-05,89100.0,0.1,1.0,,6
L00767,2025-12-28,Quynh Vu,North,LI Ads,CS-CLOUD,Technology,Enterprise,Closed Lost,2026-03-04,2026-03-04,89600.0,0,0.0,Feature Gap,4
L00768,2026-03-30,Bao Tran,South,SEO,REV-OPS,Manufacturing,SMB,Proposal,2026-06-17,,27600.0,0.05,0.65,,4
L00769,2025-11-22,Ha Vo,North,Referral,CRM-PRO,Professional Services,Enterprise,Closed Lost,2025-12-05,2025-12-05,71600.0,0,0.0,No Decision,5
L00770,2025-05-28,An Nguyen,South,Google Ads,MKT-AUTO,Manufacturing,SMB,Closed Lost,2025-07-20,2025-07-20,20700.0,0,0.0,Price,3
L00771,2025-01-27,Bao Tran,South,Partner Referral,BI-PLUS,Financial Services,Mid-Market,Closed Lost,2025-03-24,2025-03-24,31800.0,0,0.0,Budget,4
L00772,2025-11-11,Ha Vo,North,email nurture,CRM-CORE,Financial Services,Enterprise,Closed Lost,2025-12-23,2025-12-23,27900.0,0,0.0,Price,3
L00773,2026-07-07,Tuan Bui,Central,Google Organic,CRM-PRO,Technology,Mid-Market,Closed Lost,2026-09-01,2026-09-01,20200.0,0,0.0,No Decision,3
L00774,2025-10-03,Chi Le,South,LinkedIn Ads,CS-CLOUD,Manufacturing,Mid-Market,Closed Won,2025-11-28,2025-11-28,44600.0,0.03,1.0,,6
L00775,2025-11-26,Quynh Vu,North,Email Campaign,CRM-PRO,Professional Services,SMB,Closed Won,2026-02-13,2026-02-13,16800.0,0.08,1.0,,6
L00776,2025-05-08,Minh Do,North,LI Ads,BI-PLUS,Manufacturing,Mid-Market,Closed Lost,2025-06-25,2025-06-25,28200.0,0,0.0,Competitor,3
L00777,2025-02-19,Minh Do,North,email nurture,CS-CLOUD,Retail,SMB,Closed Lost,2025-03-04,2025-03-04,27800.0,0,0.0,Price,2
L00778,2026-04-17,Duy Pham,South,SEM - Google,BI-PLUS,Financial Services,Mid-Market,Closed Lost,2026-06-25,2026-06-25,52200.0,0,0.0,Competitor,2
L00779,2025-10-15,Duy Pham,South,SEO,CRM-CORE,Technology,SMB,Closed Won,2026-01-27,2026-01-27,8100.0,0.12,1.0,,6
L00780,2026-07-22,Ha Vo,North,Email Campaign,CRM-CORE,Healthcare,SMB,New,2026-08-16,,9500.0,0.03,0.05,,1
L00781,2025-04-05,Ha Vo,North,Unknown Event,CRM-CORE,Professional Services,Mid-Market,Closed Lost,2025-04-29,2025-04-29,10400.0,0,0.0,Budget,2
L00782,2026-04-02,Minh Do,North,Google Ads,BI-PLUS,Professional Services,Enterprise,Closed Lost,2026-05-28,2026-05-28,80600.0,0,0.0,No Decision,2
L00783,2026-05-04,Tuan Bui,Central,customer referral,BI-PLUS,Healthcare,SMB,Negotiation,2026-07-06,,29700.0,0,0.85,,5
L00784,2025-01-11,Tuan Bui,Central,LinkedIn Ads,REV-OPS,Professional Services,Mid-Market,Closed Lost,2025-02-09,2025-02-09,82000.0,0,0.0,Price,3
L00785,2026-01-27,Bao Tran,South,linkedin,BI-PLUS,Professional Services,SMB,Closed Won,2026-04-30,2026-04-30,24400.0,0,1.0,,6
L00786,2025-06-23,Ha Vo,North,Referral,CS-CLOUD,Retail,Mid-Market,Closed Lost,2025-08-13,2025-08-13,31300.0,0,0.0,Budget,4
L00787,2026-06-23,An Nguyen,South,customer referral,REV-OPS,Retail,SMB,Demo / Meeting,2026-08-08,,38900.0,0,0.4,,3
L00788,2025-02-20,Quynh Vu,North,Partner Referral,BI-PLUS,Healthcare,SMB,Closed Lost,2025-04-02,2025-04-02,22500.0,0,0.0,Budget,4
L00789,2026-03-06,Minh Do,North,Google Organic,CRM-PRO,Manufacturing,Mid-Market,Negotiation,2026-05-09,,32800.0,0,0.85,,5
L00790,2026-02-22,Minh Do,North,virtual event,CRM-CORE,Technology,SMB,Closed Lost,2026-05-15,2026-05-15,7800.0,0,0.0,Price,3
L00791,2025-02-15,An Nguyen,South,LinkedIn Ads,CRM-CORE,Technology,Mid-Market,Closed Lost,2025-03-15,2025-03-15,12000.0,0,0.0,Price,4
L00792,2025-12-16,Duy Pham,South,SEO,MKT-AUTO,Manufacturing,SMB,Closed Won,2025-12-28,2025-12-28,11600.0,0.03,1.0,,6
L00793,2025-05-02,Quynh Vu,North,LinkedIn Ads,MKT-AUTO,Professional Services,SMB,Closed Lost,2025-06-13,2025-06-13,9600.0,0,0.0,Price,4
L00794,2025-12-07,An Nguyen,South,Cold Email,CS-CLOUD,Financial Services,Enterprise,Closed Lost,2025-12-16,2025-12-16,57600.0,0,0.0,Timing,5
L00795,2025-11-16,Tuan Bui,Central,google cpc,MKT-AUTO,Education,Mid-Market,Closed Lost,2026-01-15,2026-01-15,19000.0,0,0.0,Feature Gap,5
L00796,2026-01-25,Chi Le,South,organic search,CRM-PRO,Financial Services,SMB,Closed Lost,2026-02-25,2026-02-25,23300.0,0,0.0,Competitor,5
L00797,2026-07-23,Quynh Vu,North,Google Organic,CRM-PRO,Retail,SMB,Qualified,2026-08-12,,18700.0,0,0.2,,2
L00798,2025-04-26,Quynh Vu,North,Google Ads,CS-CLOUD,Retail,Mid-Market,Negotiation,2026-01-04,,29500.0,0.03,0.85,,5
L00799,2026-02-16,Tuan Bui,Central,google cpc,CRM-PRO,Healthcare,Enterprise,Closed Lost,2026-03-24,2026-03-24,88100.0,0,0.0,Price,5
L00800,2025-06-21,An Nguyen,South,SEO,REV-OPS,Retail,SMB,Negotiation,2025-12-22,,45000.0,0.03,0.85,,5
L00801,2025-05-24,An Nguyen,South,email nurture,BI-PLUS,Education,Mid-Market,Closed Lost,2025-07-16,2025-07-16,24800.0,0,0.0,Timing,4
L00802,2026-05-11,Duy Pham,South,Cold Email,MKT-AUTO,Healthcare,Enterprise,Closed Won,2026-07-28,2026-07-28,41400.0,0.12,1.0,,6
L00803,2025-07-31,Bao Tran,South,Webinar,BI-PLUS,Manufacturing,SMB,Closed Lost,2025-09-11,2025-09-11,28900.0,0,0.0,No Decision,3
L00804,2026-02-02,Bao Tran,South,LI Ads,CRM-CORE,Financial Services,Mid-Market,Closed Lost,2026-03-04,2026-03-04,10200.0,0,0.0,Budget,2
L00805,2025-03-19,Duy Pham,South,google cpc,BI-PLUS,Healthcare,SMB,Closed Lost,2025-04-10,2025-04-10,28000.0,0,0.0,Timing,4
L00806,2025-04-09,Chi Le,South,organic search,MKT-AUTO,Financial Services,SMB,Closed Lost,2025-06-17,2025-06-17,19200.0,0,0.0,Competitor,2
L00807,2026-06-16,Bao Tran,South,Webinar,CRM-CORE,Professional Services,SMB,Closed Won,2026-07-24,2026-07-24,8100.0,0,1.0,,6
L00808,2025-06-09,Duy Pham,South,SEM - Google,CRM-PRO,Education,SMB,Closed Lost,2025-08-08,2025-08-08,14700.0,0,0.0,Feature Gap,4
L00809,2025-01-26,Tuan Bui,Central,Google Organic,MKT-AUTO,Manufacturing,Mid-Market,Closed Won,2025-04-18,2025-04-18,23100.0,0.03,1.0,,6
L00810,2025-08-07,An Nguyen,South,SEM - Google,MKT-AUTO,Retail,Mid-Market,Negotiation,2026-05-21,,27800.0,0,0.85,,5
L00811,2026-07-15,Chi Le,South,LI Ads,CS-CLOUD,Healthcare,SMB,Qualified,2026-08-05,,22500.0,0,0.2,,2
L00812,2025-03-26,Minh Do,North,Google Ads,REV-OPS,Professional Services,SMB,Closed Lost,2025-05-17,2025-05-17,30100.0,0,0.0,Budget,5
L00813,2025-04-19,Bao Tran,South,LI Ads,BI-PLUS,Financial Services,SMB,Closed Won,2025-05-31,2025-05-31,25300.0,0.08,1.0,,6
L00814,2025-01-15,Tuan Bui,Central,Referral,CRM-CORE,Technology,Mid-Market,Closed Lost,2025-01-23,2025-01-23,12700.0,0,0.0,Price,3
L00815,2026-02-27,Tuan Bui,Central,Referral,BI-PLUS,Technology,Mid-Market,Closed Lost,2026-05-12,2026-05-12,35500.0,0,0.0,Competitor,3
L00816,2025-06-21,Ha Vo,North,SEM - Google,CRM-CORE,Professional Services,SMB,Closed Lost,2025-08-29,2025-08-29,5800.0,0,0.0,Price,3
L00817,2025-02-03,Chi Le,South,SEO,CRM-CORE,Retail,SMB,Closed Lost,2025-03-26,2025-03-26,8000.0,0,0.0,Timing,5
L00818,2026-01-18,Minh Do,North,google cpc,MKT-AUTO,Financial Services,Mid-Market,Closed Lost,2026-02-28,2026-02-28,31800.0,0,0.0,No Decision,5
L00819,2026-03-28,An Nguyen,South,Webinar,REV-OPS,Education,Mid-Market,Closed Lost,2026-05-01,2026-05-01,87200.0,0,0.0,Price,2
L00820,2025-05-30,Tuan Bui,Central,Google Ads,BI-PLUS,Financial Services,Mid-Market,Closed Lost,2025-06-23,2025-06-23,31500.0,0,0.0,No Decision,3
L00821,2026-06-05,Bao Tran,South,newsletter,CRM-CORE,Technology,Enterprise,Closed Lost,2026-06-29,2026-06-29,28900.0,0,0.0,Feature Gap,4
L00822,2025-09-17,Tuan Bui,Central,google cpc,CRM-PRO,Manufacturing,SMB,Closed Lost,2025-10-18,2025-10-18,22900.0,0,0.0,Timing,5
L00823,2026-04-12,Duy Pham,South,Cold Email,CRM-PRO,Professional Services,SMB,Closed Lost,2026-06-23,2026-06-23,22000.0,0,0.0,Price,4
L00824,2025-12-03,Quynh Vu,North,Webinar,MKT-AUTO,Education,SMB,Closed Lost,2026-01-28,2026-01-28,20700.0,0,0.0,No Decision,3
L00825,2025-09-20,Tuan Bui,Central,SDR Outreach,BI-PLUS,Healthcare,Mid-Market,Negotiation,2026-04-14,,30700.0,0,0.85,,5
L00826,2025-07-10,Quynh Vu,North,Partner Referral,REV-OPS,Manufacturing,SMB,Closed Lost,2025-07-29,2025-07-29,25500.0,0,0.0,Timing,3
L00827,2025-08-28,Duy Pham,South,Webinar,CRM-CORE,Financial Services,Mid-Market,Closed Lost,2025-10-02,2025-10-02,10600.0,0,0.0,Competitor,3
L00828,2025-05-18,An Nguyen,South,SEO,CRM-CORE,Professional Services,Mid-Market,Closed Lost,2025-07-02,2025-07-02,10000.0,0,0.0,Competitor,3
L00829,2026-08-12,Bao Tran,South,Partner Referral,CRM-CORE,Healthcare,SMB,Closed Lost,2026-09-01,2026-09-01,5900.0,0,0.0,No Decision,3
L00830,2026-03-02,Duy Pham,South,Outbound,CRM-CORE,Retail,SMB,Closed Lost,2026-05-05,2026-05-05,4800.0,0,0.0,Feature Gap,3
L00831,2026-01-31,Quynh Vu,North,customer referral,CRM-PRO,Retail,Enterprise,Closed Won,2026-03-09,2026-03-09,83900.0,0.12,1.0,,6
L00832,2025-06-25,Duy Pham,South,Webinar,CRM-CORE,Healthcare,SMB,Closed Lost,2025-09-01,2025-09-01,8900.0,0,0.0,Budget,3
L00833,2026-08-17,Ha Vo,North,SEM - Google,MKT-AUTO,Healthcare,Mid-Market,Qualified,2026-08-29,,23100.0,0,0.2,,2
L00834,2025-08-15,Minh Do,North,email nurture,CS-CLOUD,Manufacturing,SMB,Closed Won,2025-10-15,2025-10-15,23500.0,0.12,1.0,,6
L00835,2025-04-25,Duy Pham,South,customer referral,CS-CLOUD,Technology,SMB,Closed Lost,2025-05-15,2025-05-15,27100.0,0,0.0,Timing,4
L00836,2025-02-01,An Nguyen,South,Partner Referral,CRM-PRO,Healthcare,SMB,Closed Lost,2025-03-21,2025-03-21,13300.0,0,0.0,Timing,3
L00837,2025-04-02,Chi Le,South,virtual event,MKT-AUTO,Healthcare,SMB,Closed Lost,2025-05-12,2025-05-12,18900.0,0,0.0,Budget,3
L00838,2025-04-02,Quynh Vu,North,virtual event,MKT-AUTO,Financial Services,SMB,Negotiation,2025-12-15,,17100.0,0.05,0.85,,5
L00839,2025-09-01,Bao Tran,South,SEM - Google,REV-OPS,Healthcare,Enterprise,Closed Lost,2025-10-22,2025-10-22,152600.0,0,0.0,No Decision,5
L00840,2025-02-03,Tuan Bui,Central,Google Organic,BI-PLUS,Professional Services,SMB,Closed Lost,2025-03-16,2025-03-16,18200.0,0,0.0,Price,3
L00841,2025-12-30,Ha Vo,North,email nurture,CS-CLOUD,Education,Mid-Market,Closed Lost,2026-02-15,2026-02-15,42700.0,0,0.0,Timing,2
L00842,2025-07-31,Duy Pham,South,SDR Outreach,CRM-PRO,Professional Services,SMB,Negotiation,2026-05-27,,22400.0,0,0.85,,5
L00843,2026-01-01,Quynh Vu,North,SDR Outreach,CRM-CORE,Manufacturing,Mid-Market,Closed Lost,2026-01-14,2026-01-14,10900.0,0,0.0,Timing,5
L00844,2025-05-28,Minh Do,North,customer referral,MKT-AUTO,Manufacturing,Enterprise,Closed Lost,2025-07-07,2025-07-07,66800.0,0,0.0,No Decision,2
L00845,2026-04-11,Quynh Vu,North,Google Organic,BI-PLUS,Financial Services,Mid-Market,Closed Won,2026-04-27,2026-04-27,53500.0,0.03,1.0,,6
L00846,2025-04-13,Bao Tran,South,Cold Email,CRM-CORE,Technology,Enterprise,Closed Lost,2025-06-15,2025-06-15,28700.0,0,0.0,Price,4
L00847,2025-11-15,An Nguyen,South,LI Ads,MKT-AUTO,Education,SMB,Closed Lost,2026-01-06,2026-01-06,9700.0,0,0.0,Budget,4
L00848,2025-06-17,An Nguyen,South,Referral,CRM-CORE,Healthcare,SMB,Closed Lost,2025-07-19,2025-07-19,4600.0,0,0.0,No Decision,4
L00849,2025-01-06,An Nguyen,South,Google Organic,CS-CLOUD,Technology,Mid-Market,Closed Lost,2025-03-26,2025-03-26,35200.0,0,0.0,Competitor,5
L00850,2025-01-01,An Nguyen,South,Partner Referral,CS-CLOUD,Technology,Mid-Market,Closed Lost,2025-01-23,2025-01-23,44400.0,0,0.0,Budget,3
L00851,2026-01-04,Duy Pham,South,customer referral,CRM-PRO,Retail,SMB,Closed Lost,2026-03-07,2026-03-07,12400.0,0,0.0,No Decision,4
L00852,2025-03-27,Tuan Bui,Central,Google Organic,CRM-PRO,Financial Services,SMB,Closed Won,2025-05-06,2025-05-06,14600.0,0.1,1.0,,6
L00853,2025-04-30,Bao Tran,South,customer referral,CS-CLOUD,Healthcare,SMB,Closed Lost,2025-06-01,2025-06-01,27500.0,0,0.0,Competitor,3
L00854,2026-08-14,Tuan Bui,Central,LinkedIn Ads,CRM-CORE,Retail,Enterprise,Qualified,2026-08-20,,32700.0,0.05,0.2,,2
L00855,2026-04-26,Tuan Bui,Central,SEO,CRM-PRO,Manufacturing,SMB,Demo / Meeting,2026-07-24,,18900.0,0.03,0.4,,3
L00856,2025-10-06,Bao Tran,South,Email Campaign,MKT-AUTO,Manufacturing,Mid-Market,Closed Won,2025-12-14,2025-12-14,36400.0,0.08,1.0,,6
L00857,2026-01-11,Chi Le,South,email nurture,BI-PLUS,Professional Services,Mid-Market,Closed Lost,2026-03-15,2026-03-15,38700.0,0,0.0,No Decision,3
L00858,2025-10-24,An Nguyen,South,Email Campaign,REV-OPS,Technology,SMB,Closed Lost,2025-11-19,2025-11-19,48400.0,0,0.0,Timing,5
L00859,2025-03-10,An Nguyen,South,SDR Outreach,CRM-CORE,Healthcare,Mid-Market,Closed Lost,2025-04-24,2025-04-24,12300.0,0,0.0,Timing,3
L00860,2026-03-19,Bao Tran,South,Google Ads,MKT-AUTO,Healthcare,Mid-Market,Closed Lost,2026-05-18,2026-05-18,22400.0,0,0.0,Competitor,5
L00861,2025-04-08,Tuan Bui,Central,Email Campaign,CS-CLOUD,Healthcare,SMB,Negotiation,2025-11-19,,18800.0,0,0.85,,5
L00862,2026-05-03,Tuan Bui,Central,Email Campaign,CS-CLOUD,Education,Mid-Market,Closed Won,2026-07-27,2026-07-27,33200.0,0.12,1.0,,6
L00863,2025-09-05,Duy Pham,South,Email Campaign,REV-OPS,Education,Enterprise,Closed Lost,2025-10-31,2025-10-31,126200.0,0,0.0,Competitor,3
L00864,2025-08-14,Ha Vo,North,SEM - Google,CRM-PRO,Healthcare,Enterprise,Closed Lost,2025-10-20,2025-10-20,56200.0,0,0.0,No Decision,3
L00865,2026-04-29,Tuan Bui,Central,Unknown Event,BI-PLUS,Manufacturing,Mid-Market,Demo / Meeting,2026-07-23,,32700.0,0.03,0.4,,3
L00866,2025-09-25,Bao Tran,South,SDR Outreach,CRM-CORE,Technology,SMB,Closed Lost,2025-10-03,2025-10-03,6000.0,0,0.0,Price,3
L00867,2026-05-24,Ha Vo,North,Google Ads,BI-PLUS,Education,Enterprise,Closed Lost,2026-07-19,2026-07-19,87200.0,0,0.0,Competitor,5
L00868,2025-03-02,Duy Pham,South,SDR Outreach,BI-PLUS,Education,SMB,Closed Lost,2025-05-29,2025-05-29,13400.0,0,0.0,Timing,2
L00869,2026-06-14,Tuan Bui,Central,email nurture,BI-PLUS,Financial Services,Mid-Market,Proposal,2026-07-27,,51400.0,0,0.65,,4
L00870,2025-05-20,An Nguyen,South,LinkedIn Ads,CRM-PRO,Technology,Mid-Market,Closed Won,2025-06-13,2025-06-13,22100.0,0,1.0,,6
L00871,2026-03-31,Duy Pham,South,LI Ads,CS-CLOUD,Financial Services,SMB,Closed Lost,2026-05-12,2026-05-12,13500.0,0,0.0,Timing,3
L00872,2025-06-27,An Nguyen,South,Outbound,MKT-AUTO,Retail,SMB,Closed Lost,2025-08-15,2025-08-15,14500.0,0,0.0,Budget,5
L00873,2026-05-24,Bao Tran,South,customer referral,BI-PLUS,Technology,Mid-Market,Demo / Meeting,2026-08-02,,51100.0,0,0.4,,3
L00874,2026-01-29,Minh Do,North,Email Campaign,BI-PLUS,Healthcare,Mid-Market,Closed Lost,2026-03-29,2026-03-29,34600.0,0,0.0,Price,5
L00875,2025-11-15,Bao Tran,South,SEO,BI-PLUS,Financial Services,SMB,Closed Won,2025-11-30,2025-11-30,28200.0,0,1.0,,6
L00876,2026-02-24,Quynh Vu,North,SEO,REV-OPS,Healthcare,SMB,Closed Won,2026-04-02,2026-04-02,41700.0,0.12,1.0,,6
L00877,2026-08-06,Duy Pham,South,Outbound,MKT-AUTO,Financial Services,SMB,Closed Lost,2026-08-17,2026-08-17,18600.0,0,0.0,Competitor,2
L00878,2025-04-07,Duy Pham,South,Google Organic,CRM-PRO,Healthcare,Mid-Market,Negotiation,2025-10-07,,30100.0,0.03,0.85,,5
L00879,2025-03-21,Chi Le,South,organic search,MKT-AUTO,Professional Services,Enterprise,Closed Lost,2025-06-04,2025-06-04,65200.0,0,0.0,Timing,3
L00880,2025-02-09,Quynh Vu,North,Email Campaign,CRM-CORE,Healthcare,Mid-Market,Negotiation,2026-04-25,,13900.0,0.05,0.85,,5
L00881,2025-02-09,Chi Le,South,LinkedIn Ads,CRM-PRO,Professional Services,SMB,Negotiation,2026-03-13,,12700.0,0,0.85,,5
L00882,2026-05-12,An Nguyen,South,Google Ads,REV-OPS,Education,SMB,Closed Lost,2026-07-02,2026-07-02,25400.0,0,0.0,Budget,4
L00883,2025-09-22,Tuan Bui,Central,SEO,CRM-CORE,Education,SMB,Closed Lost,2025-11-09,2025-11-09,7400.0,0,0.0,No Decision,4
L00884,2025-09-05,Ha Vo,North,Referral,CRM-CORE,Professional Services,Enterprise,Closed Lost,2025-10-30,2025-10-30,31200.0,0,0.0,Price,3
L00885,2025-04-26,Minh Do,North,newsletter,CRM-PRO,Retail,Mid-Market,Closed Lost,2025-05-22,2025-05-22,31300.0,0,0.0,Price,5
L00886,2025-10-30,Minh Do,North,customer referral,REV-OPS,Financial Services,Enterprise,Closed Lost,2025-12-12,2025-12-12,131500.0,0,0.0,Price,3
L00887,2025-10-02,An Nguyen,South,Partner Referral,CS-CLOUD,Financial Services,SMB,Closed Lost,2025-11-06,2025-11-06,18900.0,0,0.0,No Decision,3
L00888,2025-10-11,Minh Do,North,organic search,BI-PLUS,Education,Mid-Market,Closed Lost,2025-12-10,2025-12-10,28600.0,0,0.0,Timing,3
L00889,2025-12-02,Tuan Bui,Central,Google Organic,CRM-PRO,Education,Mid-Market,Negotiation,2026-04-23,,21600.0,0,0.85,,5
L00890,2025-07-30,Minh Do,North,newsletter,MKT-AUTO,Technology,Mid-Market,Closed Lost,2025-09-28,2025-09-28,17300.0,0,0.0,Price,4
L00891,2026-01-20,Quynh Vu,North,SDR Outreach,CRM-CORE,Manufacturing,SMB,Negotiation,2026-04-15,,5300.0,0.05,0.85,,5
L00892,2025-09-30,Duy Pham,South,Webinar,CRM-PRO,Manufacturing,SMB,Closed Won,2025-11-14,2025-11-14,18100.0,0.03,1.0,,6
L00893,2026-02-01,Ha Vo,North,linkedin,MKT-AUTO,Technology,SMB,Closed Lost,2026-03-08,2026-03-08,20200.0,0,0.0,No Decision,5
L00894,2025-11-07,Chi Le,South,SDR Outreach,CRM-PRO,Retail,Enterprise,Closed Lost,2025-12-06,2025-12-06,77500.0,0,0.0,No Decision,2
L00895,2026-07-16,Duy Pham,South,Google Organic,REV-OPS,Education,Mid-Market,Qualified,2026-08-16,,53400.0,0.05,0.2,,2
L00896,2025-05-28,Chi Le,South,Google Organic,MKT-AUTO,Manufacturing,Mid-Market,Negotiation,2026-05-26,,23700.0,0,0.85,,5
L00897,2026-07-27,Bao Tran,South,virtual event,CS-CLOUD,Professional Services,SMB,Closed Lost,2026-08-08,2026-08-08,14300.0,0,0.0,Price,3
L00898,2025-05-17,Quynh Vu,North,SEM - Google,CS-CLOUD,Retail,Mid-Market,Closed Lost,2025-06-18,2025-06-18,25800.0,0,0.0,Competitor,3
L00899,2026-07-03,Quynh Vu,North,google cpc,REV-OPS,Professional Services,SMB,Closed Lost,2026-08-19,2026-08-19,42000.0,0,0.0,Budget,4
L00900,2026-05-22,Ha Vo,North,Referral,REV-OPS,Technology,SMB,Closed Lost,2026-06-17,2026-06-17,34500.0,0,0.0,Budget,3
L00901,2026-04-01,An Nguyen,South,SEM - Google,CRM-PRO,Professional Services,Mid-Market,Closed Lost,2026-05-03,2026-05-03,28200.0,0,0.0,No Decision,3
L00902,2026-01-18,An Nguyen,South,SEM - Google,BI-PLUS,Retail,SMB,Closed Won,2026-03-18,2026-03-18,19600.0,0.1,1.0,,6
L00903,2025-01-15,Chi Le,South,SEO,CRM-CORE,Retail,SMB,Closed Lost,2025-03-06,2025-03-06,5900.0,0,0.0,Competitor,2
L00904,2026-05-10,Minh Do,North,LI Ads,MKT-AUTO,Professional Services,Mid-Market,Closed Won,2026-07-05,2026-07-05,37600.0,0.05,1.0,,6
L00905,2026-02-15,Bao Tran,South,Google Organic,CRM-CORE,Retail,SMB,Closed Won,2026-04-25,2026-04-25,7400.0,0.12,1.0,,6
L00906,2026-06-22,Quynh Vu,North,SEO,REV-OPS,Education,Mid-Market,Demo / Meeting,2026-08-11,,39200.0,0,0.4,,3
L00907,2026-03-12,Minh Do,North,linkedin,CRM-PRO,Technology,Mid-Market,Closed Won,2026-05-22,2026-05-22,35500.0,0.1,1.0,,6
L00908,2026-06-03,Chi Le,South,SEM - Google,REV-OPS,Retail,SMB,Closed Lost,2026-07-17,2026-07-17,32500.0,0,0.0,No Decision,2
L00909,2025-07-09,Ha Vo,North,virtual event,MKT-AUTO,Healthcare,SMB,Closed Lost,2025-08-28,2025-08-28,18400.0,0,0.0,Price,5
L00910,2025-11-02,Duy Pham,South,SEM - Google,CRM-PRO,Education,SMB,Closed Lost,2026-01-05,2026-01-05,19700.0,0,0.0,Budget,2
L00911,2025-12-22,Minh Do,North,Referral,MKT-AUTO,Retail,SMB,Closed Won,2026-02-11,2026-02-11,13500.0,0.08,1.0,,6
L00912,2026-08-14,An Nguyen,South,Webinar,REV-OPS,Education,SMB,New,2026-08-24,,36100.0,0,0.05,,1
L00913,2025-12-08,Ha Vo,North,Google Organic,REV-OPS,Education,SMB,Closed Won,2026-01-07,2026-01-07,22400.0,0.03,1.0,,6
L00914,2025-03-16,Minh Do,North,newsletter,CRM-PRO,Retail,Mid-Market,Closed Lost,2025-03-24,2025-03-24,42200.0,0,0.0,Price,3
L00915,2025-01-07,Chi Le,South,Outbound,CRM-CORE,Manufacturing,SMB,Closed Lost,2025-01-31,2025-01-31,8700.0,0,0.0,Budget,5
L00916,2025-01-28,Minh Do,North,Google Organic,BI-PLUS,Technology,Mid-Market,Closed Won,2025-03-16,2025-03-16,27100.0,0.05,1.0,,6
L00917,2026-04-10,Tuan Bui,Central,LinkedIn Ads,CRM-PRO,Manufacturing,Mid-Market,Closed Lost,2026-04-29,2026-04-29,20200.0,0,0.0,Price,2
L00918,2025-03-15,Quynh Vu,North,linkedin,CRM-PRO,Retail,SMB,Closed Won,2025-05-03,2025-05-03,15200.0,0.08,1.0,,6
L00919,2025-08-21,Ha Vo,North,SEO,REV-OPS,Professional Services,Mid-Market,Closed Lost,2025-09-05,2025-09-05,40600.0,0,0.0,No Decision,3
L00920,2026-01-03,Minh Do,North,linkedin,CRM-PRO,Professional Services,Mid-Market,Closed Lost,2026-03-07,2026-03-07,29200.0,0,0.0,Budget,4
L00921,2026-03-23,An Nguyen,South,Conference Scan,CRM-CORE,Manufacturing,Enterprise,Closed Lost,2026-04-30,2026-04-30,28200.0,0,0.0,No Decision,2
L00922,2025-03-07,An Nguyen,South,organic search,CRM-PRO,Technology,Mid-Market,Closed Lost,2025-03-31,2025-03-31,28700.0,0,0.0,Price,5
L00923,2025-02-16,Quynh Vu,North,virtual event,MKT-AUTO,Education,Mid-Market,Closed Lost,2025-04-06,2025-04-06,27300.0,0,0.0,Competitor,5
L00924,2025-12-31,Chi Le,South,google cpc,CRM-CORE,Technology,Enterprise,Closed Lost,2026-03-04,2026-03-04,24800.0,0,0.0,No Decision,3
L00925,2025-01-31,Quynh Vu,North,LI Ads,CRM-PRO,Manufacturing,SMB,Closed Lost,2025-02-24,2025-02-24,25500.0,0,0.0,Feature Gap,4
L00926,2026-07-27,Bao Tran,South,organic search,BI-PLUS,Professional Services,SMB,Closed Won,2026-09-01,2026-09-01,26600.0,0,1.0,,6
L00927,2025-03-09,Bao Tran,South,Google Ads,REV-OPS,Financial Services,Mid-Market,Closed Lost,2025-05-12,2025-05-12,66800.0,0,0.0,Feature Gap,3
L00928,2025-05-23,Duy Pham,South,SEO,MKT-AUTO,Education,Mid-Market,Closed Lost,2025-07-11,2025-07-11,17300.0,0,0.0,No Decision,2
L00929,2025-07-09,Minh Do,North,Partner Referral,MKT-AUTO,Education,Mid-Market,Negotiation,2025-12-16,,23100.0,0.03,0.85,,5
L00930,2025-02-06,Minh Do,North,Cold Email,MKT-AUTO,Manufacturing,Enterprise,Closed Lost,2025-04-04,2025-04-04,60300.0,0,0.0,Price,4
L00931,2026-07-07,Ha Vo,North,customer referral,BI-PLUS,Education,Mid-Market,Demo / Meeting,2026-08-12,,25400.0,0.05,0.4,,3
L00932,2025-05-04,Ha Vo,North,customer referral,MKT-AUTO,Retail,Mid-Market,Negotiation,2026-06-09,,34400.0,0.05,0.85,,5
L00933,2025-05-12,Chi Le,South,virtual event,BI-PLUS,Manufacturing,Enterprise,Closed Lost,2025-07-12,2025-07-12,71200.0,0,0.0,Price,5
L00934,2026-02-11,An Nguyen,South,Conference Scan,CS-CLOUD,Technology,Enterprise,Closed Lost,2026-02-24,2026-02-24,43100.0,0,0.0,Budget,4
L00935,2026-06-12,An Nguyen,South,Google Organic,CRM-PRO,Retail,Mid-Market,Closed Lost,2026-07-28,2026-07-28,21800.0,0,0.0,No Decision,4
L00936,2025-01-10,Quynh Vu,North,Google Ads,CRM-CORE,Retail,Enterprise,Negotiation,2025-11-26,,30900.0,0,0.85,,5
L00937,2026-08-06,Minh Do,North,Partner Referral,MKT-AUTO,Retail,Mid-Market,Closed Lost,2026-09-01,2026-09-01,19500.0,0,0.0,No Decision,5
L00938,2025-05-21,Quynh Vu,North,Partner Referral,CS-CLOUD,Manufacturing,Enterprise,Negotiation,2026-05-01,,60300.0,0,0.85,,5
L00939,2026-07-06,Quynh Vu,North,SDR Outreach,BI-PLUS,Manufacturing,Mid-Market,Qualified,2026-08-20,,34700.0,0,0.2,,2
L00940,2026-04-25,Bao Tran,South,newsletter,CRM-CORE,Education,SMB,Closed Lost,2026-06-02,2026-06-02,4800.0,0,0.0,Budget,5
L00941,2025-05-25,An Nguyen,South,Email Campaign,CS-CLOUD,Healthcare,SMB,Negotiation,2026-03-07,,18400.0,0.03,0.85,,5
L00942,2025-11-04,Duy Pham,South,SEM - Google,CRM-PRO,Technology,Mid-Market,Closed Won,2026-01-28,2026-01-28,22600.0,0.03,1.0,,6
L00943,2025-01-06,Quynh Vu,North,organic search,MKT-AUTO,Retail,SMB,Closed Lost,2025-02-01,2025-02-01,11400.0,0,0.0,Budget,2
L00944,2026-02-08,Duy Pham,South,SDR Outreach,CRM-CORE,Financial Services,Mid-Market,Closed Lost,2026-05-02,2026-05-02,12100.0,0,0.0,Budget,3
L00945,2026-04-10,Ha Vo,North,Google Organic,REV-OPS,Technology,Mid-Market,Closed Lost,2026-06-03,2026-06-03,62700.0,0,0.0,Timing,4
L00946,2025-03-29,An Nguyen,South,Google Ads,MKT-AUTO,Education,Mid-Market,Closed Lost,2025-05-08,2025-05-08,17600.0,0,0.0,Feature Gap,4
L00947,2026-02-17,Duy Pham,South,newsletter,CS-CLOUD,Professional Services,SMB,Closed Lost,2026-04-28,2026-04-28,20800.0,0,0.0,Price,3
L00948,2026-01-18,Ha Vo,North,customer referral,CS-CLOUD,Healthcare,Mid-Market,Closed Lost,2026-02-15,2026-02-15,46000.0,0,0.0,Price,5
L00949,2025-01-11,Duy Pham,South,Cold Email,CRM-CORE,Technology,Enterprise,Closed Lost,2025-01-31,2025-01-31,17300.0,0,0.0,Competitor,4
L00950,2025-03-24,Duy Pham,South,Webinar,BI-PLUS,Manufacturing,SMB,Closed Won,2025-05-15,2025-05-15,20500.0,0.1,1.0,,6
L00951,2025-07-10,Chi Le,South,Outbound,CRM-PRO,Healthcare,SMB,Negotiation,2026-04-03,,25000.0,0,0.85,,5
L00952,2025-07-24,Chi Le,South,linkedin,CRM-PRO,Financial Services,Mid-Market,Closed Won,2025-09-04,2025-09-04,21500.0,0,1.0,,6
L00953,2025-01-28,Ha Vo,North,Partner Referral,CRM-PRO,Technology,SMB,Closed Won,2025-04-28,2025-04-28,12000.0,0.08,1.0,,6
L00954,2025-01-20,Chi Le,South,Email Campaign,CRM-CORE,Education,Mid-Market,Closed Lost,2025-02-24,2025-02-24,12600.0,0,0.0,Competitor,4
L00955,2026-06-02,Quynh Vu,North,Google Organic,BI-PLUS,Technology,SMB,Demo / Meeting,2026-08-19,,16100.0,0,0.4,,3
L00956,2025-03-09,Bao Tran,South,Google Organic,CRM-CORE,Education,Enterprise,Closed Won,2025-05-07,2025-05-07,30600.0,0,1.0,,6
L00957,2026-02-08,Duy Pham,South,organic search,CRM-PRO,Manufacturing,SMB,Closed Lost,2026-03-29,2026-03-29,21600.0,0,0.0,No Decision,5
L00958,2025-05-22,Duy Pham,South,Google Organic,CRM-CORE,Professional Services,SMB,Closed Lost,2025-06-17,2025-06-17,7200.0,0,0.0,Budget,4
L00959,2025-01-04,Minh Do,North,Webinar,CRM-PRO,Healthcare,Mid-Market,Closed Lost,2025-03-05,2025-03-05,29400.0,0,0.0,Competitor,5
L00960,2025-09-11,Minh Do,North,LinkedIn Ads,CRM-PRO,Manufacturing,SMB,Closed Won,2025-10-13,2025-10-13,13600.0,0.08,1.0,,6
L00961,2026-06-08,Ha Vo,North,google cpc,MKT-AUTO,Healthcare,SMB,Demo / Meeting,2026-08-16,,11300.0,0,0.4,,3
L00962,2025-05-20,Minh Do,North,Partner Referral,CRM-CORE,Retail,SMB,Closed Lost,2025-06-24,2025-06-24,5400.0,0,0.0,Price,4
L00963,2026-03-16,An Nguyen,South,Email Campaign,MKT-AUTO,Healthcare,Mid-Market,Negotiation,2026-07-03,,28600.0,0,0.85,,5
L00964,2025-08-04,Duy Pham,South,linkedin,CRM-PRO,Professional Services,SMB,Closed Lost,2025-08-27,2025-08-27,14600.0,0,0.0,Budget,4
L00965,2026-06-19,Quynh Vu,North,LinkedIn Ads,CRM-CORE,Financial Services,SMB,Demo / Meeting,2026-08-03,,9300.0,0,0.4,,3
L00966,2026-03-29,Tuan Bui,Central,google cpc,CRM-CORE,Professional Services,Mid-Market,Closed Lost,2026-04-29,2026-04-29,14600.0,0,0.0,Competitor,4
L00967,2025-01-25,Ha Vo,North,SDR Outreach,CRM-CORE,Education,SMB,Closed Lost,2025-02-18,2025-02-18,9600.0,0,0.0,Budget,2
L00968,2025-11-25,Chi Le,South,Outbound,CRM-PRO,Technology,Mid-Market,Closed Lost,2026-01-02,2026-01-02,31300.0,0,0.0,Budget,5
L00969,2025-12-01,Bao Tran,South,SEM - Google,CRM-CORE,Manufacturing,SMB,Closed Lost,2025-12-14,2025-12-14,8000.0,0,0.0,No Decision,5
L00970,2025-04-14,Bao Tran,South,linkedin,CS-CLOUD,Professional Services,Mid-Market,Closed Won,2025-05-12,2025-05-12,44100.0,0.03,1.0,,6
L00971,2025-03-22,An Nguyen,South,Cold Email,CS-CLOUD,Education,SMB,Closed Won,2025-04-29,2025-04-29,14500.0,0.12,1.0,,6
L00972,2025-01-10,Duy Pham,South,virtual event,CRM-PRO,Retail,SMB,Closed Won,2025-03-09,2025-03-09,17000.0,0.12,1.0,,6
L00973,2025-02-15,Duy Pham,South,Webinar,CRM-CORE,Financial Services,SMB,Negotiation,2026-01-13,,5800.0,0,0.85,,5
L00974,2026-01-17,Quynh Vu,North,Google Organic,REV-OPS,Education,SMB,Closed Lost,2026-03-23,2026-03-23,20600.0,0,0.0,Competitor,2
L00975,2025-02-23,Bao Tran,South,google cpc,CS-CLOUD,Financial Services,SMB,Closed Won,2025-04-09,2025-04-09,21100.0,0.08,1.0,,6
L00976,2026-01-11,Bao Tran,South,LI Ads,CRM-CORE,Retail,SMB,Negotiation,2026-05-08,,5300.0,0,0.85,,5
L00977,2025-05-11,An Nguyen,South,organic search,CRM-PRO,Manufacturing,SMB,Closed Won,2025-07-15,2025-07-15,17900.0,0,1.0,,6
L00978,2026-01-10,Chi Le,South,LinkedIn Ads,CS-CLOUD,Healthcare,Mid-Market,Closed Won,2026-03-24,2026-03-24,41800.0,0.12,1.0,,6
L00979,2026-01-12,Chi Le,South,Cold Email,REV-OPS,Financial Services,SMB,Negotiation,2026-05-23,,37300.0,0.05,0.85,,5
L00980,2026-02-21,Ha Vo,North,Google Organic,CS-CLOUD,Technology,Enterprise,Closed Lost,2026-04-22,2026-04-22,50800.0,0,0.0,Price,3
L00981,2025-09-08,Duy Pham,South,newsletter,REV-OPS,Financial Services,SMB,Closed Lost,2025-11-14,2025-11-14,26200.0,0,0.0,No Decision,3
L00982,2025-07-25,Bao Tran,South,LinkedIn Ads,MKT-AUTO,Education,SMB,Closed Won,2025-09-14,2025-09-14,17400.0,0.08,1.0,,6
L00983,2025-09-22,Duy Pham,South,SDR Outreach,CRM-PRO,Retail,SMB,Closed Lost,2025-11-15,2025-11-15,21400.0,0,0.0,No Decision,3
L00984,2025-12-15,Ha Vo,North,email nurture,CRM-CORE,Professional Services,Enterprise,Closed Won,2026-04-08,2026-04-08,25900.0,0.1,1.0,,6
L00985,2025-04-17,Quynh Vu,North,Cold Email,MKT-AUTO,Retail,SMB,Closed Lost,2025-04-29,2025-04-29,15400.0,0,0.0,Feature Gap,4
L00986,2025-10-31,Duy Pham,South,SEM - Google,CS-CLOUD,Financial Services,Mid-Market,Closed Lost,2025-12-25,2025-12-25,23300.0,0,0.0,Timing,3
L00987,2025-01-17,An Nguyen,South,Email Campaign,BI-PLUS,Technology,SMB,Closed Lost,2025-03-19,2025-03-19,20600.0,0,0.0,Competitor,4
L00988,2025-10-04,Tuan Bui,Central,Email Campaign,BI-PLUS,Professional Services,SMB,Closed Lost,2025-11-14,2025-11-14,23700.0,0,0.0,Price,4
L00989,2025-01-24,Minh Do,North,google cpc,MKT-AUTO,Retail,SMB,Closed Lost,2025-03-06,2025-03-06,20000.0,0,0.0,Feature Gap,5
L00990,2025-08-09,Quynh Vu,North,Partner Referral,MKT-AUTO,Technology,Mid-Market,Closed Lost,2025-09-28,2025-09-28,26200.0,0,0.0,Feature Gap,4
L00991,2026-06-13,Ha Vo,North,Referral,BI-PLUS,Technology,SMB,Closed Lost,2026-07-16,2026-07-16,29500.0,0,0.0,Competitor,5
L00992,2025-01-27,Tuan Bui,Central,linkedin,CS-CLOUD,Financial Services,SMB,Closed Won,2025-03-17,2025-03-17,24900.0,0.08,1.0,,6
L00993,2026-03-26,Tuan Bui,Central,google cpc,CRM-CORE,Technology,SMB,Closed Lost,2026-05-25,2026-05-25,10400.0,0,0.0,Budget,3
L00994,2025-05-25,Minh Do,North,Webinar,CRM-CORE,Technology,SMB,Closed Lost,2025-07-04,2025-07-04,5800.0,0,0.0,Budget,4
L00995,2025-11-18,Ha Vo,North,SEO,MKT-AUTO,Technology,Mid-Market,Closed Lost,2025-12-04,2025-12-04,35000.0,0,0.0,No Decision,4
L00996,2026-04-07,Chi Le,South,Google Organic,CRM-PRO,Financial Services,SMB,Closed Lost,2026-04-27,2026-04-27,19900.0,0,0.0,No Decision,5
L00997,2026-07-17,Duy Pham,South,virtual event,CRM-CORE,Manufacturing,SMB,Closed Lost,2026-09-01,2026-09-01,7500.0,0,0.0,Price,5
L00998,2025-08-04,Bao Tran,South,SEO,CRM-CORE,Retail,SMB,Closed Lost,2025-09-09,2025-09-09,8200.0,0,0.0,Price,3
L00999,2025-03-04,Chi Le,South,Partner Referral,BI-PLUS,Financial Services,Mid-Market,Negotiation,2026-05-26,,27200.0,0.05,0.85,,5
L01000,2026-04-19,An Nguyen,South,Cold Email,BI-PLUS,Technology,SMB,Closed Won,2026-05-18,2026-05-18,26800.0,0.08,1.0,,6
L01001,2025-07-18,Quynh Vu,North,Outbound,CRM-PRO,Healthcare,SMB,Negotiation,2026-03-23,,16700.0,0,0.85,,5
L01002,2026-05-22,An Nguyen,South,organic search,CRM-PRO,Professional Services,Mid-Market,Demo / Meeting,2026-08-02,,39300.0,0,0.4,,3
L01003,2026-07-10,Chi Le,South,Outbound,CRM-CORE,Manufacturing,Mid-Market,Closed Won,2026-08-24,2026-08-24,11800.0,0,1.0,,6
L01004,2026-05-18,Minh Do,North,organic search,CRM-CORE,Technology,Mid-Market,Demo / Meeting,2026-07-03,,15000.0,0,0.4,,3
L01005,2025-12-22,Minh Do,North,organic search,CRM-PRO,Healthcare,SMB,Closed Won,2026-01-03,2026-01-03,23600.0,0.08,1.0,,6
L01006,2025-06-11,Minh Do,North,linkedin,CRM-CORE,Education,Enterprise,Closed Lost,2025-07-02,2025-07-02,15800.0,0,0.0,No Decision,5
L01007,2025-06-07,Quynh Vu,North,LinkedIn Ads,MKT-AUTO,Professional Services,SMB,Closed Lost,2025-07-25,2025-07-25,17900.0,0,0.0,No Decision,4
L01008,2026-06-05,Bao Tran,South,SEO,MKT-AUTO,Financial Services,Mid-Market,Closed Won,2026-06-23,2026-06-23,20800.0,0.1,1.0,,6
L01009,2025-04-10,Ha Vo,North,SEM - Google,CRM-CORE,Financial Services,Mid-Market,Closed Lost,2025-06-13,2025-06-13,8300.0,0,0.0,Price,5
L01010,2025-08-10,Bao Tran,South,linkedin,CRM-PRO,Professional Services,Mid-Market,Closed Lost,2025-10-01,2025-10-01,43200.0,0,0.0,Budget,4
L01011,2026-03-11,Duy Pham,South,email nurture,CS-CLOUD,Education,Enterprise,Closed Won,2026-06-10,2026-06-10,82200.0,0.03,1.0,,6
L01012,2025-03-10,Chi Le,South,LinkedIn Ads,BI-PLUS,Technology,SMB,Closed Lost,2025-04-26,2025-04-26,22600.0,0,0.0,Budget,2
L01013,2025-03-05,Bao Tran,South,Google Organic,CRM-CORE,Technology,SMB,Closed Lost,2025-05-05,2025-05-05,9600.0,0,0.0,Competitor,5
L01014,2025-01-08,Duy Pham,South,Referral,CRM-CORE,Financial Services,SMB,Closed Lost,2025-03-18,2025-03-18,4800.0,0,0.0,Timing,2
L01015,2026-03-07,Tuan Bui,Central,LinkedIn Ads,REV-OPS,Professional Services,Mid-Market,Closed Lost,2026-03-22,2026-03-22,86700.0,0,0.0,No Decision,5
L01016,2026-07-13,Quynh Vu,North,Unknown Event,CS-CLOUD,Retail,SMB,Qualified,2026-08-05,,20400.0,0,0.2,,2
L01017,2025-04-05,Tuan Bui,Central,Cold Email,REV-OPS,Manufacturing,SMB,Closed Lost,2025-06-04,2025-06-04,25500.0,0,0.0,Price,3
L01018,2026-05-23,Chi Le,South,Google Ads,MKT-AUTO,Retail,SMB,Demo / Meeting,2026-07-01,,9500.0,0,0.4,,3
L01019,2026-07-16,Ha Vo,North,organic search,BI-PLUS,Retail,Enterprise,Qualified,2026-08-16,,77000.0,0.03,0.2,,2
L01020,2026-08-10,Chi Le,South,Google Organic,CRM-CORE,Retail,SMB,New,2026-08-24,,9600.0,0,0.05,,1
L01021,2026-07-14,Bao Tran,South,Google Ads,MKT-AUTO,Healthcare,SMB,Demo / Meeting,2026-08-18,,10300.0,0.03,0.4,,3
L01022,2026-05-18,Tuan Bui,Central,linkedin,BI-PLUS,Education,Enterprise,Closed Won,2026-07-16,2026-07-16,49700.0,0.12,1.0,,6
L01023,2025-04-11,An Nguyen,South,LI Ads,MKT-AUTO,Retail,Mid-Market,Closed Lost,2025-05-06,2025-05-06,22000.0,0,0.0,No Decision,4
L01024,2025-04-02,Quynh Vu,North,Google Ads,BI-PLUS,Retail,Mid-Market,Closed Won,2025-06-12,2025-06-12,39700.0,0.03,1.0,,6
L01025,2025-08-29,An Nguyen,South,Cold Email,REV-OPS,Healthcare,SMB,Negotiation,2026-06-10,,48000.0,0.05,0.85,,5
L01026,2025-02-11,Bao Tran,South,SEM - Google,CS-CLOUD,Healthcare,Mid-Market,Closed Lost,2025-03-20,2025-03-20,49200.0,0,0.0,Price,3
L01027,2025-10-25,Tuan Bui,Central,Outbound,CRM-PRO,Technology,Enterprise,Closed Lost,2025-11-23,2025-11-23,59900.0,0,0.0,Timing,4
L01028,2025-12-24,Chi Le,South,virtual event,MKT-AUTO,Professional Services,Enterprise,Closed Won,2026-03-13,2026-03-13,51900.0,0.05,1.0,,6
L01029,2026-03-01,Chi Le,South,Cold Email,CRM-PRO,Manufacturing,Mid-Market,Closed Lost,2026-04-01,2026-04-01,25300.0,0,0.0,No Decision,2
L01030,2025-07-01,Duy Pham,South,SDR Outreach,REV-OPS,Education,Mid-Market,Closed Lost,2025-08-09,2025-08-09,39500.0,0,0.0,Timing,2
L01031,2025-12-25,Ha Vo,North,LinkedIn Ads,REV-OPS,Technology,Enterprise,Closed Lost,2026-02-11,2026-02-11,85100.0,0,0.0,No Decision,3
L01032,2025-09-07,Tuan Bui,Central,Email Campaign,CRM-PRO,Manufacturing,SMB,Negotiation,2026-04-19,,24000.0,0,0.85,,5
L01033,2025-02-07,Ha Vo,North,organic search,CRM-CORE,Financial Services,SMB,Closed Won,2025-04-13,2025-04-13,5900.0,0.08,1.0,,6
L01034,2025-06-07,Ha Vo,North,LinkedIn Ads,MKT-AUTO,Professional Services,SMB,Closed Lost,2025-06-23,2025-06-23,13700.0,0,0.0,Competitor,5
L01035,2025-08-28,Duy Pham,South,newsletter,CRM-CORE,Healthcare,SMB,Closed Lost,2025-10-19,2025-10-19,6500.0,0,0.0,No Decision,3
L01036,2025-08-09,Duy Pham,South,Google Ads,CRM-PRO,Financial Services,SMB,Closed Lost,2025-10-08,2025-10-08,14400.0,0,0.0,Competitor,3
L01037,2026-01-13,Bao Tran,South,Google Organic,MKT-AUTO,Technology,SMB,Closed Lost,2026-04-10,2026-04-10,13900.0,0,0.0,Timing,4
L01038,2025-11-22,Bao Tran,South,SEM - Google,CS-CLOUD,Manufacturing,Enterprise,Closed Lost,2026-01-05,2026-01-05,86600.0,0,0.0,Competitor,3
L01039,2025-02-09,Bao Tran,South,Referral,MKT-AUTO,Retail,Enterprise,Closed Won,2025-03-09,2025-03-09,37100.0,0.05,1.0,,6
L01040,2026-07-13,Quynh Vu,North,SEM - Google,CRM-PRO,Financial Services,SMB,Qualified,2026-08-05,,25500.0,0,0.2,,2
L01041,2026-05-28,An Nguyen,South,SEO,MKT-AUTO,Manufacturing,Mid-Market,Demo / Meeting,2026-08-13,,18300.0,0,0.4,,3
L01042,2026-05-02,Bao Tran,South,Outbound,BI-PLUS,Professional Services,SMB,Proposal,2026-08-05,,17900.0,0,0.65,,4
L01043,2025-01-20,Tuan Bui,Central,Offline List,CRM-CORE,Technology,SMB,Closed Lost,2025-03-02,2025-03-02,5300.0,0,0.0,Competitor,3
L01044,2025-02-17,An Nguyen,South,customer referral,CRM-CORE,Professional Services,Mid-Market,Closed Lost,2025-03-13,2025-03-13,10000.0,0,0.0,No Decision,4
L01045,2025-05-17,Minh Do,North,virtual event,REV-OPS,Technology,SMB,Closed Lost,2025-05-25,2025-05-25,32100.0,0,0.0,Timing,2
L01046,2025-12-09,Bao Tran,South,Outbound,MKT-AUTO,Healthcare,Mid-Market,Closed Lost,2026-01-21,2026-01-21,37000.0,0,0.0,Competitor,4
L01047,2025-11-19,Quynh Vu,North,newsletter,CRM-CORE,Professional Services,Mid-Market,Negotiation,2026-07-16,,16800.0,0,0.85,,5
L01048,2026-05-01,Bao Tran,South,organic search,MKT-AUTO,Manufacturing,SMB,Proposal,2026-07-29,,14100.0,0.03,0.65,,4
L01049,2025-03-16,Minh Do,North,SDR Outreach,BI-PLUS,Professional Services,SMB,Closed Lost,2025-05-21,2025-05-21,24600.0,0,0.0,Budget,3
L01050,2025-04-18,Chi Le,South,SEM - Google,BI-PLUS,Financial Services,Mid-Market,Negotiation,2026-01-02,,27000.0,0.05,0.85,,5
L01051,2025-04-02,Ha Vo,North,organic search,CRM-PRO,Technology,SMB,Closed Won,2025-06-27,2025-06-27,15800.0,0.05,1.0,,6
L01052,2025-01-30,Minh Do,North,SDR Outreach,REV-OPS,Education,SMB,Closed Lost,2025-04-17,2025-04-17,34800.0,0,0.0,Competitor,4
L01053,2025-12-04,Quynh Vu,North,SEO,CRM-CORE,Technology,SMB,Negotiation,2026-06-24,,5800.0,0.05,0.85,,5
L01054,2026-07-20,Ha Vo,North,virtual event,MKT-AUTO,Education,Mid-Market,Qualified,2026-08-17,,28400.0,0,0.2,,2
L01055,2026-01-25,Quynh Vu,North,Email Campaign,REV-OPS,Financial Services,Mid-Market,Closed Won,2026-04-05,2026-04-05,53600.0,0.03,1.0,,6
L01056,2025-04-01,Chi Le,South,LinkedIn Ads,BI-PLUS,Manufacturing,Mid-Market,Closed Lost,2025-06-12,2025-06-12,33700.0,0,0.0,No Decision,4
L01057,2025-03-20,Minh Do,North,virtual event,CRM-CORE,Professional Services,Mid-Market,Closed Won,2025-05-10,2025-05-10,8400.0,0.05,1.0,,6
L01058,2025-05-30,Chi Le,South,Unknown Event,CS-CLOUD,Retail,Enterprise,Closed Lost,2025-07-03,2025-07-03,47800.0,0,0.0,Competitor,5
L01059,2025-02-16,Minh Do,North,virtual event,CRM-PRO,Healthcare,SMB,Closed Lost,2025-03-19,2025-03-19,21300.0,0,0.0,Price,5
L01060,2025-08-12,Ha Vo,North,Webinar,MKT-AUTO,Professional Services,SMB,Negotiation,2026-02-21,,14700.0,0.03,0.85,,5
L01061,2025-12-18,Ha Vo,North,virtual event,MKT-AUTO,Professional Services,SMB,Closed Lost,2026-01-20,2026-01-20,10800.0,0,0.0,Feature Gap,4
L01062,2025-05-23,Chi Le,South,organic search,CRM-CORE,Healthcare,SMB,Closed Won,2025-07-11,2025-07-11,4600.0,0.03,1.0,,6
L01063,2026-07-14,Bao Tran,South,google cpc,REV-OPS,Technology,Mid-Market,Qualified,2026-08-25,,52700.0,0,0.2,,2
L01064,2025-11-13,Tuan Bui,Central,virtual event,BI-PLUS,Retail,SMB,Closed Won,2026-02-14,2026-02-14,19700.0,0.05,1.0,,6
L01065,2025-11-21,Minh Do,North,google cpc,CRM-PRO,Healthcare,Mid-Market,Closed Won,2026-01-25,2026-01-25,23200.0,0.08,1.0,,6
L01066,2025-11-16,Duy Pham,South,linkedin,REV-OPS,Financial Services,SMB,Closed Lost,2025-12-25,2025-12-25,22300.0,0,0.0,Budget,5
L01067,2025-10-22,Bao Tran,South,SEO,MKT-AUTO,Education,Mid-Market,Closed Lost,2025-12-24,2025-12-24,29200.0,0,0.0,No Decision,2
L01068,2026-03-20,An Nguyen,South,google cpc,MKT-AUTO,Education,Enterprise,Closed Lost,2026-05-19,2026-05-19,34900.0,0,0.0,Timing,5
L01069,2026-06-18,Ha Vo,North,SEM - Google,CS-CLOUD,Retail,Mid-Market,Closed Lost,2026-08-20,2026-08-20,47400.0,0,0.0,Price,4
L01070,2025-11-28,Chi Le,South,organic search,CRM-PRO,Manufacturing,SMB,Closed Lost,2026-01-02,2026-01-02,21300.0,0,0.0,No Decision,2
L01071,2025-06-09,Duy Pham,South,google cpc,MKT-AUTO,Retail,Mid-Market,Closed Lost,2025-07-10,2025-07-10,24200.0,0,0.0,Budget,3
L01072,2026-05-25,Duy Pham,South,customer referral,CS-CLOUD,Healthcare,Enterprise,Closed Lost,2026-06-10,2026-06-10,44300.0,0,0.0,Price,2
L01073,2025-10-28,Duy Pham,South,email nurture,CS-CLOUD,Education,Enterprise,Closed Won,2025-12-04,2025-12-04,86400.0,0.08,1.0,,6
L01074,2025-12-12,Tuan Bui,Central,SDR Outreach,CRM-PRO,Technology,SMB,Closed Lost,2026-02-01,2026-02-01,18700.0,0,0.0,Price,4
L01075,2026-05-12,An Nguyen,South,Outbound,CS-CLOUD,Manufacturing,Mid-Market,Closed Lost,2026-06-25,2026-06-25,24100.0,0,0.0,Timing,2
L01076,2026-04-11,Quynh Vu,North,Email Campaign,CRM-PRO,Education,SMB,Closed Won,2026-07-01,2026-07-01,13100.0,0.03,1.0,,6
L01077,2026-08-01,Minh Do,North,Partner Referral,MKT-AUTO,Healthcare,SMB,Qualified,2026-08-13,,19800.0,0,0.2,,2
L01078,2026-06-14,Ha Vo,North,Conference Scan,CRM-PRO,Manufacturing,SMB,Demo / Meeting,2026-07-18,,13100.0,0.05,0.4,,3
L01079,2025-08-18,Bao Tran,South,Referral,CRM-CORE,Financial Services,SMB,Closed Lost,2025-09-13,2025-09-13,8500.0,0,0.0,Competitor,4
L01080,2026-05-07,Ha Vo,North,SEM - Google,CRM-PRO,Manufacturing,Mid-Market,Closed Won,2026-06-08,2026-06-08,26700.0,0.03,1.0,,6
L01081,2025-11-21,Duy Pham,South,newsletter,CRM-CORE,Professional Services,SMB,Closed Won,2025-12-31,2025-12-31,7700.0,0.05,1.0,,6
L01082,2025-07-10,Quynh Vu,North,LinkedIn Ads,MKT-AUTO,Education,SMB,Closed Won,2025-09-27,2025-09-27,18500.0,0.03,1.0,,6
L01083,2025-03-02,An Nguyen,South,Google Ads,MKT-AUTO,Professional Services,Mid-Market,Closed Lost,2025-05-03,2025-05-03,26000.0,0,0.0,Budget,3
L01084,2026-07-24,Chi Le,South,linkedin,CS-CLOUD,Financial Services,Enterprise,Qualified,2026-08-11,,68500.0,0.03,0.2,,2
L01085,2025-11-21,Quynh Vu,North,email nurture,CRM-PRO,Manufacturing,Mid-Market,Closed Won,2026-01-13,2026-01-13,41200.0,0.03,1.0,,6
L01086,2026-05-02,Quynh Vu,North,customer referral,MKT-AUTO,Healthcare,Mid-Market,Closed Lost,2026-06-26,2026-06-26,35200.0,0,0.0,Price,3
L01087,2026-08-08,Tuan Bui,Central,SEO,MKT-AUTO,Healthcare,Mid-Market,Closed Lost,2026-08-25,2026-08-25,19700.0,0,0.0,Competitor,3
L01088,2026-04-03,Duy Pham,South,Cold Email,CS-CLOUD,Education,Mid-Market,Closed Won,2026-06-16,2026-06-16,34600.0,0.08,1.0,,6
L01089,2025-05-30,Ha Vo,North,newsletter,CRM-CORE,Financial Services,Mid-Market,Closed Won,2025-07-21,2025-07-21,11400.0,0.1,1.0,,6
L01090,2026-07-09,Ha Vo,North,Google Organic,CS-CLOUD,Healthcare,SMB,Closed Lost,2026-09-01,2026-09-01,17700.0,0,0.0,No Decision,5
L01091,2025-01-30,Duy Pham,South,LI Ads,REV-OPS,Manufacturing,Mid-Market,Closed Lost,2025-04-02,2025-04-02,71600.0,0,0.0,Feature Gap,5
L01092,2025-04-14,Duy Pham,South,Google Ads,CRM-CORE,Professional Services,SMB,Closed Lost,2025-07-15,2025-07-15,5400.0,0,0.0,No Decision,3
L01093,2026-05-20,An Nguyen,South,LI Ads,BI-PLUS,Education,Mid-Market,Demo / Meeting,2026-08-03,,33600.0,0,0.4,,3
L01094,2025-10-14,Minh Do,North,SEO,CRM-PRO,Technology,Mid-Market,Closed Lost,2025-12-06,2025-12-06,33400.0,0,0.0,Price,3
L01095,2025-09-23,An Nguyen,South,Outbound,REV-OPS,Professional Services,Enterprise,Closed Lost,2025-11-09,2025-11-09,88400.0,0,0.0,Budget,4
L01096,2026-03-11,Tuan Bui,Central,SEM - Google,MKT-AUTO,Manufacturing,SMB,Closed Won,2026-04-08,2026-04-08,19500.0,0,1.0,,6
L01097,2026-04-22,Ha Vo,North,google cpc,BI-PLUS,Healthcare,SMB,Closed Lost,2026-06-28,2026-06-28,28000.0,0,0.0,Timing,3
L01098,2025-07-24,Quynh Vu,North,Email Campaign,BI-PLUS,Manufacturing,Mid-Market,Closed Lost,2025-08-03,2025-08-03,26900.0,0,0.0,Budget,2
L01099,2026-07-01,Chi Le,South,linkedin,CRM-PRO,Manufacturing,Mid-Market,Closed Won,2026-08-31,2026-08-31,44000.0,0,1.0,,6
L01100,2026-07-21,Quynh Vu,North,customer referral,BI-PLUS,Healthcare,Mid-Market,Closed Lost,2026-07-29,2026-07-29,36200.0,0,0.0,Timing,4
L01101,2025-05-26,Tuan Bui,Central,SEO,MKT-AUTO,Retail,Enterprise,Closed Won,2025-09-09,2025-09-09,39200.0,0.12,1.0,,6
L01102,2025-10-28,Ha Vo,North,SDR Outreach,CS-CLOUD,Financial Services,Enterprise,Closed Lost,2025-12-23,2025-12-23,81200.0,0,0.0,No Decision,2
L01103,2025-03-07,Chi Le,South,Google Ads,REV-OPS,Manufacturing,SMB,Closed Won,2025-04-23,2025-04-23,45100.0,0,1.0,,6
L01104,2026-03-11,An Nguyen,South,email nurture,CRM-CORE,Technology,Mid-Market,Closed Lost,2026-06-14,2026-06-14,18600.0,0,0.0,Competitor,4
L01105,2025-08-05,Ha Vo,North,SEO,MKT-AUTO,Retail,SMB,Closed Lost,2025-09-13,2025-09-13,18100.0,0,0.0,Price,4
L01106,2026-07-14,Ha Vo,North,Partner Referral,BI-PLUS,Manufacturing,Mid-Market,Closed Lost,2026-09-01,2026-09-01,24600.0,0,0.0,Feature Gap,2
L01107,2026-04-02,Bao Tran,South,customer referral,CRM-PRO,Manufacturing,SMB,Closed Lost,2026-06-09,2026-06-09,14600.0,0,0.0,Budget,3
L01108,2025-01-15,Minh Do,North,SEM - Google,CRM-PRO,Technology,Enterprise,Closed Won,2025-04-20,2025-04-20,88600.0,0.1,1.0,,6
L01109,2026-08-13,Quynh Vu,North,Partner Referral,MKT-AUTO,Professional Services,SMB,Qualified,2026-08-23,,9700.0,0.05,0.2,,2
L01110,2025-08-31,Ha Vo,North,Google Ads,CRM-CORE,Manufacturing,Enterprise,Negotiation,2026-03-26,,25700.0,0,0.85,,5
L01111,2025-04-09,Bao Tran,South,SEO,REV-OPS,Education,Mid-Market,Closed Won,2025-06-23,2025-06-23,73900.0,0,1.0,,6
L01112,2026-03-13,Tuan Bui,Central,Referral,CS-CLOUD,Professional Services,SMB,Closed Lost,2026-03-21,2026-03-21,19000.0,0,0.0,Budget,4
L01113,2025-01-25,Tuan Bui,Central,Google Organic,CRM-PRO,Education,Mid-Market,Closed Won,2025-03-23,2025-03-23,38900.0,0.05,1.0,,6
L01114,2026-07-14,Tuan Bui,Central,Email Campaign,BI-PLUS,Professional Services,Mid-Market,Closed Lost,2026-08-26,2026-08-26,42400.0,0,0.0,Feature Gap,3
L01115,2025-12-21,Ha Vo,North,Google Ads,CS-CLOUD,Financial Services,Mid-Market,Closed Lost,2026-01-21,2026-01-21,33100.0,0,0.0,No Decision,5
L01116,2025-09-17,Ha Vo,North,LI Ads,CRM-PRO,Technology,Mid-Market,Closed Won,2025-11-26,2025-11-26,34300.0,0.05,1.0,,6
L01117,2025-08-25,Quynh Vu,North,SEO,MKT-AUTO,Healthcare,Enterprise,Closed Won,2025-10-30,2025-10-30,64400.0,0.03,1.0,,6
L01118,2025-05-07,Ha Vo,North,SEO,CS-CLOUD,Education,Mid-Market,Closed Won,2025-06-05,2025-06-05,37400.0,0.08,1.0,,6
L01119,2025-09-09,Ha Vo,North,Referral,REV-OPS,Retail,Mid-Market,Closed Lost,2025-10-04,2025-10-04,84000.0,0,0.0,Price,2
L01120,2026-02-25,Ha Vo,North,customer referral,CS-CLOUD,Education,Enterprise,Negotiation,2026-07-26,,59600.0,0.05,0.85,,5
L01121,2025-02-16,Quynh Vu,North,virtual event,CS-CLOUD,Manufacturing,Enterprise,Closed Lost,2025-04-12,2025-04-12,67200.0,0,0.0,No Decision,5
L01122,2025-09-13,Minh Do,North,organic search,CS-CLOUD,Professional Services,Mid-Market,Closed Lost,2025-11-09,2025-11-09,32800.0,0,0.0,Price,4
L01123,2025-10-04,Duy Pham,South,virtual event,CS-CLOUD,Education,SMB,Closed Won,2025-12-03,2025-12-03,18500.0,0,1.0,,6
L01124,2026-05-21,Quynh Vu,North,Google Organic,CS-CLOUD,Professional Services,Enterprise,Proposal,2026-07-21,,42400.0,0.05,0.65,,4
L01125,2025-11-09,Minh Do,North,linkedin,CRM-CORE,Education,Mid-Market,Closed Lost,2025-11-18,2025-11-18,14900.0,0,0.0,Price,2
L01126,2026-06-18,An Nguyen,South,Outbound,MKT-AUTO,Education,Mid-Market,Qualified,2026-08-13,,25100.0,0.03,0.2,,2
L01127,2026-06-18,Chi Le,South,google cpc,MKT-AUTO,Professional Services,SMB,Demo / Meeting,2026-08-15,,18000.0,0.05,0.4,,3
L01128,2026-06-09,Quynh Vu,North,newsletter,CS-CLOUD,Healthcare,Mid-Market,Demo / Meeting,2026-07-09,,22700.0,0.05,0.4,,3
L01129,2025-09-20,Ha Vo,North,google cpc,CS-CLOUD,Retail,SMB,Negotiation,2026-06-26,,13500.0,0.05,0.85,,5
L01130,2026-07-04,Quynh Vu,North,SEO,REV-OPS,Education,SMB,Closed Won,2026-08-19,2026-08-19,25000.0,0.12,1.0,,6
L01131,2026-01-18,Duy Pham,South,Email Campaign,CS-CLOUD,Manufacturing,Enterprise,Negotiation,2026-07-13,,79500.0,0.05,0.85,,5
L01132,2025-10-04,An Nguyen,South,SEM - Google,CRM-PRO,Manufacturing,Mid-Market,Closed Lost,2025-10-31,2025-10-31,45600.0,0,0.0,Price,4
L01133,2026-07-11,Bao Tran,South,Referral,CRM-CORE,Education,Enterprise,Demo / Meeting,2026-08-06,,25300.0,0,0.4,,3
L01134,2025-05-09,Minh Do,North,Conference Scan,CRM-CORE,Manufacturing,Enterprise,Closed Lost,2025-05-17,2025-05-17,25300.0,0,0.0,Competitor,3
L01135,2026-05-28,Ha Vo,North,Google Organic,CRM-CORE,Healthcare,Mid-Market,Closed Lost,2026-06-26,2026-06-26,17100.0,0,0.0,Competitor,4
L01136,2025-09-26,Bao Tran,South,email nurture,CRM-CORE,Technology,Enterprise,Negotiation,2026-07-03,,24900.0,0,0.85,,5
L01137,2025-03-04,Tuan Bui,Central,organic search,BI-PLUS,Retail,Mid-Market,Closed Won,2025-05-08,2025-05-08,44900.0,0,1.0,,6
L01138,2025-06-18,An Nguyen,South,linkedin,CRM-CORE,Retail,SMB,Closed Lost,2025-07-31,2025-07-31,4900.0,0,0.0,Price,3
L01139,2025-09-27,Duy Pham,South,Google Ads,MKT-AUTO,Manufacturing,Mid-Market,Closed Lost,2025-12-19,2025-12-19,27400.0,0,0.0,Timing,3
L01140,2025-08-20,Bao Tran,South,Google Organic,CRM-PRO,Financial Services,Mid-Market,Closed Won,2025-11-30,2025-11-30,21600.0,0.1,1.0,,6
L01141,2025-02-24,Ha Vo,North,LI Ads,CS-CLOUD,Healthcare,SMB,Closed Lost,2025-04-08,2025-04-08,14100.0,0,0.0,Timing,2
L01142,2026-01-15,Chi Le,South,Partner Referral,REV-OPS,Retail,Mid-Market,Closed Lost,2026-03-05,2026-03-05,83100.0,0,0.0,Feature Gap,5
L01143,2025-05-28,Ha Vo,North,google cpc,CS-CLOUD,Manufacturing,Enterprise,Closed Lost,2025-06-27,2025-06-27,92200.0,0,0.0,Budget,3
L01144,2025-01-06,Minh Do,North,customer referral,CRM-PRO,Manufacturing,SMB,Closed Won,2025-03-16,2025-03-16,23000.0,0.1,1.0,,6
L01145,2025-05-25,Ha Vo,North,LinkedIn Ads,MKT-AUTO,Manufacturing,SMB,Closed Lost,2025-08-17,2025-08-17,9600.0,0,0.0,Timing,5
L01146,2025-05-12,Duy Pham,South,LinkedIn Ads,BI-PLUS,Education,SMB,Closed Lost,2025-07-08,2025-07-08,17800.0,0,0.0,Price,4
L01147,2025-03-17,Quynh Vu,North,Google Ads,CRM-CORE,Retail,Mid-Market,Closed Lost,2025-04-17,2025-04-17,10400.0,0,0.0,Budget,4
L01148,2025-02-20,Bao Tran,South,organic search,MKT-AUTO,Education,Mid-Market,Closed Won,2025-04-05,2025-04-05,18900.0,0.1,1.0,,6
L01149,2025-11-27,Ha Vo,North,SEM - Google,REV-OPS,Retail,Enterprise,Closed Lost,2026-01-14,2026-01-14,115900.0,0,0.0,No Decision,4
L01150,2025-05-15,Tuan Bui,Central,Outbound,MKT-AUTO,Manufacturing,SMB,Negotiation,2026-02-07,,12500.0,0,0.85,,5
L01151,2025-05-28,Quynh Vu,North,organic search,CRM-CORE,Retail,Mid-Market,Negotiation,2026-04-15,,18400.0,0,0.85,,5
L01152,2025-10-01,Tuan Bui,Central,Email Campaign,MKT-AUTO,Technology,Mid-Market,Negotiation,2026-05-23,,21600.0,0.05,0.85,,5
L01153,2026-05-03,Minh Do,North,Offline List,MKT-AUTO,Technology,SMB,Proposal,2026-08-02,,10600.0,0.05,0.65,,4
L01154,2025-10-29,Ha Vo,North,Outbound,MKT-AUTO,Manufacturing,Enterprise,Negotiation,2026-06-13,,52000.0,0.05,0.85,,5
L01155,2025-01-18,Chi Le,South,LinkedIn Ads,BI-PLUS,Financial Services,SMB,Closed Lost,2025-02-25,2025-02-25,26500.0,0,0.0,Price,3
L01156,2026-04-03,An Nguyen,South,Google Ads,CS-CLOUD,Financial Services,Enterprise,Negotiation,2026-08-05,,86200.0,0.05,0.85,,5
L01157,2025-06-15,Duy Pham,South,Google Ads,MKT-AUTO,Professional Services,Mid-Market,Closed Lost,2025-07-17,2025-07-17,31000.0,0,0.0,Budget,4
L01158,2026-03-21,Ha Vo,North,SEO,MKT-AUTO,Manufacturing,Enterprise,Closed Lost,2026-04-19,2026-04-19,71100.0,0,0.0,Budget,4
L01159,2025-01-24,Quynh Vu,North,google cpc,BI-PLUS,Education,SMB,Closed Lost,2025-03-20,2025-03-20,17800.0,0,0.0,Price,3
L01160,2025-07-21,Chi Le,South,Cold Email,CS-CLOUD,Retail,Mid-Market,Negotiation,2026-03-25,,39900.0,0.05,0.85,,5
L01161,2026-03-28,Bao Tran,South,organic search,CRM-CORE,Manufacturing,SMB,Closed Won,2026-04-09,2026-04-09,9600.0,0.03,1.0,,6
L01162,2025-04-18,Tuan Bui,Central,Partner Referral,MKT-AUTO,Financial Services,Mid-Market,Closed Lost,2025-06-02,2025-06-02,35200.0,0,0.0,Budget,3
L01163,2026-06-12,Chi Le,South,Google Organic,CRM-PRO,Manufacturing,SMB,Qualified,2026-08-19,,21100.0,0.05,0.2,,2
L01164,2026-08-02,Tuan Bui,Central,linkedin,REV-OPS,Retail,SMB,New,2026-08-16,,29400.0,0,0.05,,1
L01165,2026-08-12,Quynh Vu,North,LinkedIn Ads,BI-PLUS,Retail,Mid-Market,Closed Won,2026-09-01,2026-09-01,36700.0,0,1.0,,6
L01166,2026-08-28,Tuan Bui,Central,Webinar,MKT-AUTO,Financial Services,SMB,New,2026-08-30,,14800.0,0,0.05,,1
L01167,2025-04-01,Ha Vo,North,Google Ads,CS-CLOUD,Manufacturing,SMB,Closed Lost,2025-05-19,2025-05-19,15200.0,0,0.0,Feature Gap,3
L01168,2025-02-24,Duy Pham,South,LinkedIn Ads,BI-PLUS,Healthcare,Enterprise,Negotiation,2026-01-03,,62500.0,0.05,0.85,,5
L01169,2026-07-06,Quynh Vu,North,newsletter,REV-OPS,Professional Services,SMB,Demo / Meeting,2026-08-12,,40700.0,0.03,0.4,,3
L01170,2025-08-07,Minh Do,North,Google Organic,CRM-PRO,Education,SMB,Closed Lost,2025-08-27,2025-08-27,13400.0,0,0.0,Competitor,2
L01171,2026-06-27,Ha Vo,North,Google Ads,CRM-PRO,Technology,SMB,Qualified,2026-07-30,,16600.0,0.03,0.2,,2
L01172,2025-06-01,Minh Do,North,Offline List,CRM-CORE,Professional Services,SMB,Negotiation,2026-02-10,,6200.0,0.05,0.85,,5
L01173,2025-06-26,Quynh Vu,North,Partner Referral,CRM-CORE,Technology,SMB,Negotiation,2026-06-28,,9900.0,0.05,0.85,,5
L01174,2026-07-17,Bao Tran,South,Google Ads,CRM-CORE,Manufacturing,SMB,Closed Lost,2026-08-10,2026-08-10,9300.0,0,0.0,Budget,4
L01175,2025-05-11,Bao Tran,South,SEO,CS-CLOUD,Manufacturing,Mid-Market,Closed Won,2025-07-05,2025-07-05,43900.0,0.08,1.0,,6
L01176,2026-05-27,Minh Do,North,google cpc,REV-OPS,Education,SMB,Demo / Meeting,2026-07-31,,40500.0,0,0.4,,3
L01177,2025-08-21,Bao Tran,South,linkedin,CRM-PRO,Education,SMB,Closed Lost,2025-09-19,2025-09-19,11700.0,0,0.0,Timing,4
L01178,2025-10-05,Duy Pham,South,SEO,MKT-AUTO,Healthcare,Enterprise,Closed Lost,2025-10-22,2025-10-22,71300.0,0,0.0,Budget,3
L01179,2025-03-21,Duy Pham,South,SEM - Google,CRM-PRO,Financial Services,SMB,Closed Lost,2025-06-24,2025-06-24,18900.0,0,0.0,Timing,3
L01180,2025-07-11,Minh Do,North,organic search,MKT-AUTO,Financial Services,SMB,Closed Won,2025-09-12,2025-09-12,13400.0,0,1.0,,6
L01181,2025-10-31,Minh Do,North,Outbound,CRM-PRO,Retail,Mid-Market,Closed Won,2025-11-19,2025-11-19,34700.0,0.1,1.0,,6
L01182,2026-05-11,Duy Pham,South,LinkedIn Ads,CRM-PRO,Education,SMB,Demo / Meeting,2026-07-07,,19700.0,0.03,0.4,,3
L01183,2025-12-21,Ha Vo,North,Google Ads,CRM-CORE,Manufacturing,Mid-Market,Closed Lost,2026-02-19,2026-02-19,8000.0,0,0.0,Price,4
L01184,2025-05-21,Tuan Bui,Central,customer referral,MKT-AUTO,Professional Services,Mid-Market,Closed Lost,2025-07-13,2025-07-13,37100.0,0,0.0,Timing,5
L01185,2025-01-12,Ha Vo,North,virtual event,MKT-AUTO,Retail,Mid-Market,Closed Lost,2025-03-27,2025-03-27,17200.0,0,0.0,Timing,5
L01186,2025-10-31,Minh Do,North,LI Ads,CRM-CORE,Healthcare,SMB,Closed Lost,2025-11-08,2025-11-08,6100.0,0,0.0,No Decision,2
L01187,2026-04-07,Tuan Bui,Central,linkedin,REV-OPS,Professional Services,SMB,Closed Lost,2026-06-04,2026-06-04,44600.0,0,0.0,No Decision,5
L01188,2026-04-21,Bao Tran,South,google cpc,CRM-CORE,Technology,Mid-Market,Closed Won,2026-05-09,2026-05-09,15200.0,0.03,1.0,,6
L01189,2025-09-27,Bao Tran,South,LinkedIn Ads,BI-PLUS,Financial Services,Mid-Market,Closed Lost,2025-12-02,2025-12-02,26100.0,0,0.0,No Decision,3
L01190,2025-03-10,Chi Le,South,Outbound,CRM-PRO,Manufacturing,SMB,Closed Lost,2025-05-28,2025-05-28,11900.0,0,0.0,Budget,4
L01191,2025-10-21,Tuan Bui,Central,Google Ads,CS-CLOUD,Retail,SMB,Closed Lost,2025-11-09,2025-11-09,27700.0,0,0.0,Budget,4
L01192,2025-05-07,Chi Le,South,SEO,REV-OPS,Technology,Mid-Market,Negotiation,2025-11-29,,84500.0,0.03,0.85,,5
L01193,2026-04-23,An Nguyen,South,organic search,CRM-PRO,Financial Services,SMB,Proposal,2026-07-28,,23800.0,0,0.65,,4
L01194,2026-02-16,Bao Tran,South,Cold Email,REV-OPS,Financial Services,Enterprise,Negotiation,2026-07-31,,119900.0,0,0.85,,5
L01195,2026-03-23,Quynh Vu,North,linkedin,CS-CLOUD,Financial Services,Mid-Market,Closed Won,2026-05-18,2026-05-18,30100.0,0.12,1.0,,6
L01196,2025-05-30,An Nguyen,South,LI Ads,CRM-PRO,Healthcare,SMB,Closed Lost,2025-07-01,2025-07-01,12500.0,0,0.0,Competitor,4
L01197,2026-05-21,Duy Pham,South,SEO,CRM-CORE,Retail,SMB,Closed Lost,2026-07-26,2026-07-26,6300.0,0,0.0,Timing,5
L01198,2025-07-19,Minh Do,North,customer referral,CS-CLOUD,Manufacturing,Enterprise,Closed Won,2025-09-24,2025-09-24,58300.0,0.08,1.0,,6
L01199,2025-05-04,Ha Vo,North,google cpc,MKT-AUTO,Technology,Mid-Market,Closed Lost,2025-07-08,2025-07-08,27400.0,0,0.0,Timing,4
L01200,2026-07-15,Duy Pham,South,google cpc,CS-CLOUD,Technology,SMB,Closed Lost,2026-09-01,2026-09-01,23600.0,0,0.0,Price,4
L01201,2026-08-04,Quynh Vu,North,SEM - Google,BI-PLUS,Technology,SMB,New,2026-08-19,,21300.0,0,0.05,,1
L01202,2025-06-15,Duy Pham,South,LI Ads,CRM-CORE,Healthcare,SMB,Closed Lost,2025-08-18,2025-08-18,4500.0,0,0.0,Price,4
L01203,2025-09-22,An Nguyen,South,Google Organic,BI-PLUS,Manufacturing,SMB,Closed Lost,2025-11-02,2025-11-02,14200.0,0,0.0,Price,2
L01204,2026-04-20,Bao Tran,South,SEM - Google,MKT-AUTO,Professional Services,Mid-Market,Closed Lost,2026-06-01,2026-06-01,24400.0,0,0.0,Competitor,4
L01205,2025-09-15,Chi Le,South,Cold Email,CRM-PRO,Education,SMB,Closed Lost,2025-10-16,2025-10-16,15900.0,0,0.0,Price,5
L01206,2025-06-01,Minh Do,North,SEO,CRM-CORE,Retail,SMB,Closed Lost,2025-08-14,2025-08-14,8800.0,0,0.0,Competitor,4
L01207,2026-03-22,Tuan Bui,Central,LinkedIn Ads,CRM-PRO,Healthcare,SMB,Closed Lost,2026-04-15,2026-04-15,19300.0,0,0.0,Feature Gap,5
L01208,2025-12-19,An Nguyen,South,customer referral,CRM-PRO,Manufacturing,SMB,Closed Lost,2026-02-01,2026-02-01,14800.0,0,0.0,Competitor,3
L01209,2025-12-22,An Nguyen,South,SEM - Google,CS-CLOUD,Healthcare,SMB,Closed Lost,2026-02-12,2026-02-12,25300.0,0,0.0,Price,5
L01210,2025-05-15,Bao Tran,South,virtual event,BI-PLUS,Manufacturing,Mid-Market,Negotiation,2025-11-13,,41100.0,0,0.85,,5
L01211,2026-01-27,Quynh Vu,North,LinkedIn Ads,CS-CLOUD,Technology,Mid-Market,Closed Lost,2026-03-13,2026-03-13,44800.0,0,0.0,Feature Gap,3
L01212,2026-04-09,Quynh Vu,North,SDR Outreach,CRM-CORE,Education,Mid-Market,Closed Won,2026-07-03,2026-07-03,8800.0,0.1,1.0,,6
L01213,2026-02-04,Chi Le,South,Referral,CS-CLOUD,Healthcare,SMB,Closed Won,2026-02-24,2026-02-24,16500.0,0.05,1.0,,6
L01214,2026-08-10,Bao Tran,South,Outbound,CS-CLOUD,Manufacturing,SMB,New,2026-08-29,,19000.0,0,0.05,,1
L01215,2026-06-12,Duy Pham,South,SEM - Google,CS-CLOUD,Financial Services,Mid-Market,Closed Lost,2026-07-15,2026-07-15,24900.0,0,0.0,Budget,2
L01216,2025-11-06,An Nguyen,South,organic search,CS-CLOUD,Education,Mid-Market,Negotiation,2026-06-23,,46800.0,0,0.85,,5
L01217,2026-01-11,Chi Le,South,Outbound,REV-OPS,Retail,Enterprise,Negotiation,2026-07-15,,145800.0,0.03,0.85,,5
L01218,2026-03-31,Duy Pham,South,linkedin,CRM-PRO,Manufacturing,SMB,Closed Lost,2026-04-22,2026-04-22,22900.0,0,0.0,Timing,3
L01219,2025-10-19,Minh Do,North,LinkedIn Ads,BI-PLUS,Education,Mid-Market,Closed Lost,2025-11-20,2025-11-20,24000.0,0,0.0,Competitor,4
L01220,2025-07-08,Quynh Vu,North,LinkedIn Ads,BI-PLUS,Financial Services,SMB,Closed Lost,2025-09-10,2025-09-10,12900.0,0,0.0,Feature Gap,2
L01221,2026-06-04,Quynh Vu,North,customer referral,CS-CLOUD,Education,Mid-Market,Closed Won,2026-07-23,2026-07-23,22400.0,0.03,1.0,,6
L01222,2025-05-24,Ha Vo,North,SEM - Google,CS-CLOUD,Healthcare,Enterprise,Closed Lost,2025-07-10,2025-07-10,59600.0,0,0.0,Budget,2
L01223,2025-02-08,Ha Vo,North,Google Ads,MKT-AUTO,Technology,SMB,Closed Won,2025-05-15,2025-05-15,11600.0,0,1.0,,6
L01224,2026-01-29,Minh Do,North,Offline List,CS-CLOUD,Financial Services,Mid-Market,Closed Lost,2026-03-23,2026-03-23,22600.0,0,0.0,Price,5
L01225,2025-02-23,An Nguyen,South,Google Organic,CRM-PRO,Professional Services,Mid-Market,Closed Lost,2025-04-20,2025-04-20,30400.0,0,0.0,Price,4
L01226,2026-01-24,Quynh Vu,North,Referral,CRM-CORE,Healthcare,SMB,Closed Lost,2026-03-30,2026-03-30,6800.0,0,0.0,Timing,4
L01227,2026-02-06,Minh Do,North,Outbound,REV-OPS,Technology,SMB,Closed Lost,2026-03-28,2026-03-28,46500.0,0,0.0,Budget,3
L01228,2026-06-22,Ha Vo,North,SDR Outreach,CRM-CORE,Education,SMB,Closed Lost,2026-08-12,2026-08-12,5300.0,0,0.0,Competitor,5
L01229,2026-02-05,An Nguyen,South,LinkedIn Ads,CRM-CORE,Retail,SMB,Closed Lost,2026-03-05,2026-03-05,6600.0,0,0.0,Timing,2
L01230,2025-09-27,An Nguyen,South,organic search,BI-PLUS,Manufacturing,Mid-Market,Closed Lost,2025-12-09,2025-12-09,35900.0,0,0.0,No Decision,4
L01231,2025-10-15,Tuan Bui,Central,organic search,REV-OPS,Technology,Mid-Market,Closed Lost,2025-12-26,2025-12-26,65300.0,0,0.0,Budget,2
L01232,2026-08-07,Ha Vo,North,google cpc,BI-PLUS,Professional Services,SMB,New,2026-08-21,,19800.0,0,0.05,,1
L01233,2026-05-08,Duy Pham,South,Email Campaign,CRM-CORE,Professional Services,SMB,Closed Won,2026-07-29,2026-07-29,6300.0,0.12,1.0,,6
L01234,2025-05-14,Chi Le,South,SEM - Google,CRM-CORE,Financial Services,Mid-Market,Closed Won,2025-07-07,2025-07-07,12300.0,0.08,1.0,,6
L01235,2025-02-08,Quynh Vu,North,Outbound,MKT-AUTO,Healthcare,SMB,Closed Lost,2025-04-18,2025-04-18,17200.0,0,0.0,Price,4
L01236,2025-09-08,Tuan Bui,Central,SDR Outreach,CRM-PRO,Technology,SMB,Closed Won,2025-12-03,2025-12-03,14400.0,0.12,1.0,,6
L01237,2025-10-06,Tuan Bui,Central,email nurture,BI-PLUS,Financial Services,Mid-Market,Closed Won,2025-11-01,2025-11-01,31600.0,0.03,1.0,,6
L01238,2025-11-24,Duy Pham,South,Referral,CRM-CORE,Professional Services,SMB,Closed Lost,2026-02-17,2026-02-17,9800.0,0,0.0,Price,3
L01239,2025-06-28,Minh Do,North,Outbound,CRM-CORE,Technology,SMB,Negotiation,2026-06-12,,10300.0,0,0.85,,5
L01240,2026-02-28,An Nguyen,South,Partner Referral,CRM-CORE,Financial Services,SMB,Closed Lost,2026-05-08,2026-05-08,4700.0,0,0.0,Timing,5
L01241,2026-08-08,Tuan Bui,Central,SEO,CS-CLOUD,Healthcare,SMB,Closed Won,2026-09-01,2026-09-01,19600.0,0.03,1.0,,6
L01242,2025-07-17,Minh Do,North,Google Organic,CS-CLOUD,Manufacturing,Mid-Market,Negotiation,2026-07-21,,32300.0,0,0.85,,5
L01243,2025-01-19,Minh Do,North,LinkedIn Ads,CRM-CORE,Financial Services,Mid-Market,Closed Won,2025-03-22,2025-03-22,17200.0,0.08,1.0,,6
L01244,2025-01-20,Ha Vo,North,Cold Email,CRM-CORE,Professional Services,SMB,Closed Lost,2025-03-05,2025-03-05,6300.0,0,0.0,Timing,3
L01245,2025-01-12,Tuan Bui,Central,Unknown Event,MKT-AUTO,Financial Services,Enterprise,Closed Lost,2025-03-10,2025-03-10,45900.0,0,0.0,No Decision,4
L01246,2026-06-04,Minh Do,North,SDR Outreach,CRM-PRO,Financial Services,SMB,Closed Won,2026-06-23,2026-06-23,15000.0,0,1.0,,6
L01247,2026-03-02,Quynh Vu,North,SEO,BI-PLUS,Technology,Enterprise,Closed Won,2026-07-16,2026-07-16,46900.0,0,1.0,,6
L01248,2025-03-24,Ha Vo,North,linkedin,CRM-CORE,Financial Services,SMB,Closed Lost,2025-04-15,2025-04-15,10300.0,0,0.0,No Decision,2
L01249,2025-11-08,Quynh Vu,North,Email Campaign,BI-PLUS,Technology,SMB,Closed Lost,2025-12-22,2025-12-22,28400.0,0,0.0,Competitor,2
L01250,2026-02-20,Minh Do,North,SEO,CRM-CORE,Financial Services,Mid-Market,Closed Lost,2026-03-28,2026-03-28,17100.0,0,0.0,Timing,3
L01251,2026-06-13,Tuan Bui,Central,SDR Outreach,BI-PLUS,Manufacturing,Mid-Market,Demo / Meeting,2026-08-07,,44200.0,0.03,0.4,,3
L01252,2025-09-29,Duy Pham,South,customer referral,CRM-PRO,Education,Mid-Market,Closed Won,2025-10-17,2025-10-17,36400.0,0,1.0,,6
L01253,2025-07-12,Quynh Vu,North,LinkedIn Ads,CS-CLOUD,Professional Services,Mid-Market,Negotiation,2026-04-02,,50100.0,0,0.85,,5
L01254,2025-01-03,Minh Do,North,virtual event,REV-OPS,Professional Services,SMB,Closed Lost,2025-03-01,2025-03-01,44800.0,0,0.0,Competitor,2
L01255,2025-03-01,Tuan Bui,Central,email nurture,REV-OPS,Professional Services,Mid-Market,Closed Won,2025-04-25,2025-04-25,56400.0,0.03,1.0,,6
L01256,2026-01-08,Duy Pham,South,Google Organic,MKT-AUTO,Retail,SMB,Negotiation,2026-05-15,,16100.0,0,0.85,,5
L01257,2025-05-05,Tuan Bui,Central,LI Ads,CRM-CORE,Manufacturing,SMB,Closed Lost,2025-06-29,2025-06-29,8200.0,0,0.0,Budget,4
L01258,2026-07-01,Chi Le,South,newsletter,BI-PLUS,Education,SMB,Closed Won,2026-09-01,2026-09-01,25900.0,0,1.0,,6
L01259,2026-01-22,Chi Le,South,Cold Email,CRM-PRO,Technology,Mid-Market,Closed Lost,2026-03-27,2026-03-27,39700.0,0,0.0,Price,3
L01260,2025-06-23,Chi Le,South,SDR Outreach,MKT-AUTO,Healthcare,Mid-Market,Negotiation,2025-12-24,,17500.0,0,0.85,,5
L01261,2026-06-29,Chi Le,South,google cpc,REV-OPS,Healthcare,SMB,Closed Lost,2026-09-01,2026-09-01,30700.0,0,0.0,Competitor,4
L01262,2025-08-18,An Nguyen,South,Partner Referral,CRM-CORE,Manufacturing,Enterprise,Negotiation,2026-05-09,,36300.0,0,0.85,,5
L01263,2026-07-07,Chi Le,South,linkedin,MKT-AUTO,Technology,Enterprise,Qualified,2026-08-23,,36300.0,0.05,0.2,,2
L01264,2025-01-20,Bao Tran,South,newsletter,CRM-CORE,Financial Services,SMB,Closed Lost,2025-02-21,2025-02-21,8100.0,0,0.0,Price,4
L01265,2025-11-21,An Nguyen,South,google cpc,CRM-PRO,Healthcare,Mid-Market,Closed Won,2026-01-08,2026-01-08,36700.0,0.05,1.0,,6
L01266,2025-12-23,An Nguyen,South,customer referral,CS-CLOUD,Technology,Mid-Market,Closed Won,2026-03-22,2026-03-22,28100.0,0.1,1.0,,6
L01267,2025-11-09,Minh Do,North,linkedin,BI-PLUS,Healthcare,Enterprise,Closed Lost,2026-01-12,2026-01-12,96400.0,0,0.0,Competitor,2
L01268,2026-06-18,Tuan Bui,Central,customer referral,MKT-AUTO,Financial Services,Mid-Market,Closed Won,2026-08-02,2026-08-02,31300.0,0.03,1.0,,6
L01269,2025-09-03,Chi Le,South,Partner Referral,CRM-PRO,Professional Services,Mid-Market,Closed Lost,2025-10-29,2025-10-29,37700.0,0,0.0,Competitor,4
L01270,2026-01-31,Tuan Bui,Central,Google Ads,CRM-CORE,Retail,Enterprise,Closed Won,2026-04-24,2026-04-24,36000.0,0.05,1.0,,6
L01271,2025-12-16,Minh Do,North,virtual event,CRM-PRO,Education,Enterprise,Closed Lost,2026-01-30,2026-01-30,67000.0,0,0.0,Timing,3
L01272,2026-01-12,Bao Tran,South,Cold Email,REV-OPS,Healthcare,Enterprise,Closed Lost,2026-02-07,2026-02-07,160000,0,0.0,Budget,4
L01273,2025-01-29,Ha Vo,North,customer referral,REV-OPS,Education,Mid-Market,Closed Lost,2025-03-21,2025-03-21,46900.0,0,0.0,Timing,4
L01274,2025-05-16,Duy Pham,South,google cpc,CRM-CORE,Education,SMB,Closed Lost,2025-06-13,2025-06-13,5500.0,0,0.0,Timing,4
L01275,2025-01-05,Ha Vo,North,Email Campaign,MKT-AUTO,Healthcare,Mid-Market,Closed Lost,2025-03-01,2025-03-01,30500.0,0,0.0,No Decision,2
L01276,2025-10-17,Minh Do,North,customer referral,CRM-PRO,Retail,SMB,Closed Lost,2025-12-06,2025-12-06,23300.0,0,0.0,Timing,5
L01277,2025-09-19,Quynh Vu,North,SEM - Google,CRM-PRO,Education,Mid-Market,Closed Won,2025-11-20,2025-11-20,20800.0,0.12,1.0,,6
L01278,2026-02-07,Minh Do,North,organic search,BI-PLUS,Education,SMB,Closed Lost,2026-03-28,2026-03-28,23900.0,0,0.0,Feature Gap,2
L01279,2026-06-28,Quynh Vu,North,SDR Outreach,CRM-CORE,Manufacturing,Mid-Market,Closed Won,2026-08-18,2026-08-18,10400.0,0.1,1.0,,6
L01280,2025-11-27,Tuan Bui,Central,Outbound,CRM-PRO,Healthcare,SMB,Closed Lost,2026-01-19,2026-01-19,18300.0,0,0.0,No Decision,2
L01281,2025-07-10,An Nguyen,South,newsletter,CRM-CORE,Professional Services,Mid-Market,Closed Lost,2025-07-18,2025-07-18,12400.0,0,0.0,Budget,3
L01282,2025-04-27,Bao Tran,South,google cpc,MKT-AUTO,Education,SMB,Closed Lost,2025-06-19,2025-06-19,13900.0,0,0.0,Competitor,4
L01283,2026-03-04,Minh Do,North,virtual event,CRM-PRO,Technology,Enterprise,Closed Lost,2026-04-10,2026-04-10,62800.0,0,0.0,Competitor,5
L01284,2026-03-20,Ha Vo,North,Referral,CS-CLOUD,Education,SMB,Closed Lost,2026-04-29,2026-04-29,14300.0,0,0.0,Price,4
L01285,2025-10-14,Ha Vo,North,email nurture,CRM-CORE,Retail,Mid-Market,Closed Won,2025-12-04,2025-12-04,17000.0,0.05,1.0,,6
L01286,2025-07-25,Duy Pham,South,customer referral,CRM-CORE,Professional Services,SMB,Closed Lost,2025-08-17,2025-08-17,7000.0,0,0.0,Price,3
L01287,2026-06-13,An Nguyen,South,Unknown Event,REV-OPS,Professional Services,SMB,Demo / Meeting,2026-07-17,,32100.0,0.03,0.4,,3
L01288,2025-10-28,Bao Tran,South,Cold Email,REV-OPS,Manufacturing,SMB,Closed Lost,2026-01-16,2026-01-16,32100.0,0,0.0,No Decision,4
L01289,2025-02-27,Bao Tran,South,customer referral,BI-PLUS,Retail,SMB,Closed Won,2025-04-26,2025-04-26,27400.0,0.03,1.0,,6
L01290,2025-09-01,An Nguyen,South,customer referral,CS-CLOUD,Education,SMB,Closed Lost,2025-11-16,2025-11-16,25000.0,0,0.0,Feature Gap,3
L01291,2026-04-20,Minh Do,North,SEO,CRM-CORE,Professional Services,Mid-Market,Closed Lost,2026-05-04,2026-05-04,14700.0,0,0.0,Competitor,4
L01292,2025-09-18,Duy Pham,South,SEM - Google,REV-OPS,Manufacturing,Mid-Market,Closed Lost,2025-11-01,2025-11-01,48100.0,0,0.0,Competitor,5
L01293,2025-07-29,Bao Tran,South,virtual event,REV-OPS,Healthcare,SMB,Closed Won,2025-09-11,2025-09-11,34900.0,0.05,1.0,,6
L01294,2025-03-03,Bao Tran,South,Referral,BI-PLUS,Manufacturing,Enterprise,Closed Won,2025-05-30,2025-05-30,69300.0,0.05,1.0,,6
L01295,2025-06-09,Chi Le,South,Cold Email,CRM-PRO,Healthcare,SMB,Closed Lost,2025-07-28,2025-07-28,17400.0,0,0.0,No Decision,2
L01296,2025-11-29,Quynh Vu,North,google cpc,BI-PLUS,Financial Services,Mid-Market,Closed Lost,2026-01-30,2026-01-30,36200.0,0,0.0,No Decision,4
L01297,2025-12-22,An Nguyen,South,Email Campaign,CRM-PRO,Technology,SMB,Closed Won,2026-01-04,2026-01-04,22700.0,0.08,1.0,,6
L01298,2026-07-09,Bao Tran,South,email nurture,CRM-PRO,Technology,Mid-Market,Closed Lost,2026-07-17,2026-07-17,26000.0,0,0.0,Budget,4
L01299,2026-08-23,Chi Le,South,organic search,MKT-AUTO,Retail,SMB,New,2026-08-28,,14800.0,0,0.05,,1
L01300,2026-06-11,Ha Vo,North,Google Ads,MKT-AUTO,Financial Services,Mid-Market,Demo / Meeting,2026-07-14,,37300.0,0.03,0.4,,3
L01301,2025-08-08,Bao Tran,South,SEM - Google,CRM-CORE,Healthcare,Mid-Market,Closed Won,2025-11-04,2025-11-04,10700.0,0.05,1.0,,6
L01302,2025-10-20,Quynh Vu,North,Outbound,BI-PLUS,Professional Services,SMB,Closed Lost,2025-11-05,2025-11-05,13300.0,0,0.0,Budget,2
L01303,2026-01-28,Chi Le,South,LI Ads,CRM-CORE,Healthcare,Enterprise,Closed Won,2026-04-09,2026-04-09,28100.0,0,1.0,,6
L01304,2025-03-18,Quynh Vu,North,virtual event,REV-OPS,Financial Services,SMB,Closed Lost,2025-05-06,2025-05-06,42800.0,0,0.0,No Decision,5
L01305,2025-10-09,Duy Pham,South,email nurture,CS-CLOUD,Financial Services,Mid-Market,Closed Won,2025-12-07,2025-12-07,34900.0,0,1.0,,6
L01306,2025-08-04,Minh Do,North,Cold Email,CRM-CORE,Technology,SMB,Negotiation,2026-02-22,,6600.0,0,0.85,,5
L01307,2026-05-13,Chi Le,South,linkedin,BI-PLUS,Education,Mid-Market,Closed Won,2026-06-15,2026-06-15,44000.0,0.12,1.0,,6
L01308,2026-08-24,Minh Do,North,customer referral,CS-CLOUD,Education,Mid-Market,Closed Lost,2026-09-01,2026-09-01,49800.0,0,0.0,Budget,5
L01309,2025-12-16,Duy Pham,South,newsletter,CRM-PRO,Healthcare,SMB,Closed Lost,2026-01-29,2026-01-29,17700.0,0,0.0,Competitor,5
L01310,2025-12-24,Duy Pham,South,email nurture,CRM-CORE,Healthcare,SMB,Closed Lost,2026-01-28,2026-01-28,10100.0,0,0.0,Price,4
L01311,2025-08-31,Chi Le,South,SEM - Google,CRM-PRO,Education,Mid-Market,Closed Lost,2025-10-11,2025-10-11,25600.0,0,0.0,No Decision,4
L01312,2025-06-15,Quynh Vu,North,LinkedIn Ads,MKT-AUTO,Manufacturing,SMB,Negotiation,2026-02-02,,18200.0,0,0.85,,5
L01313,2026-05-02,An Nguyen,South,Google Ads,MKT-AUTO,Healthcare,SMB,Closed Lost,2026-05-10,2026-05-10,9600.0,0,0.0,Feature Gap,4
L01314,2025-01-25,Tuan Bui,Central,Google Ads,REV-OPS,Professional Services,Mid-Market,Closed Lost,2025-04-10,2025-04-10,81500.0,0,0.0,Feature Gap,4
L01315,2025-02-13,An Nguyen,South,Google Organic,REV-OPS,Professional Services,SMB,Negotiation,2026-01-05,,20500.0,0.05,0.85,,5
L01316,2025-08-10,Duy Pham,South,virtual event,REV-OPS,Healthcare,Enterprise,Closed Lost,2025-09-14,2025-09-14,110200.0,0,0.0,No Decision,4
L01317,2026-01-08,Bao Tran,South,Google Ads,CRM-PRO,Retail,SMB,Closed Lost,2026-02-26,2026-02-26,20000.0,0,0.0,No Decision,4
L01318,2025-11-09,Minh Do,North,google cpc,REV-OPS,Manufacturing,Enterprise,Negotiation,2026-07-10,,97000.0,0.05,0.85,,5
L01319,2025-05-26,Duy Pham,South,SEO,CRM-PRO,Healthcare,Mid-Market,Closed Lost,2025-06-06,2025-06-06,41200.0,0,0.0,Competitor,4
L01320,2026-06-09,Quynh Vu,North,Outbound,BI-PLUS,Manufacturing,SMB,Closed Lost,2026-07-18,2026-07-18,27600.0,0,0.0,Budget,4
L01321,2025-05-26,Tuan Bui,Central,Email Campaign,CS-CLOUD,Education,SMB,Closed Lost,2025-07-09,2025-07-09,27100.0,0,0.0,Competitor,3
L01322,2026-01-02,Minh Do,North,LI Ads,CRM-PRO,Technology,Mid-Market,Negotiation,2026-08-01,,45300.0,0,0.85,,5
L01323,2025-04-06,Chi Le,South,LI Ads,CRM-PRO,Manufacturing,SMB,Closed Won,2025-05-23,2025-05-23,16300.0,0.05,1.0,,6
L01324,2025-03-01,Duy Pham,South,SDR Outreach,CRM-CORE,Manufacturing,Mid-Market,Closed Lost,2025-05-04,2025-05-04,12800.0,0,0.0,No Decision,5
L01325,2025-04-26,Minh Do,North,Webinar,CS-CLOUD,Education,Enterprise,Closed Lost,2025-06-06,2025-06-06,45000.0,0,0.0,No Decision,3
L01326,2025-11-06,Bao Tran,South,Webinar,MKT-AUTO,Manufacturing,Enterprise,Closed Won,2026-01-21,2026-01-21,39000.0,0.1,1.0,,6
L01327,2025-09-29,Bao Tran,South,Webinar,REV-OPS,Retail,SMB,Closed Lost,2025-11-12,2025-11-12,38400.0,0,0.0,Competitor,4
L01328,2026-08-16,An Nguyen,South,Partner Referral,BI-PLUS,Technology,SMB,Qualified,2026-08-27,,19100.0,0,0.2,,2
L01329,2025-10-01,Bao Tran,South,LinkedIn Ads,CRM-CORE,Healthcare,Mid-Market,Negotiation,2026-03-19,,16300.0,0,0.85,,5
L01330,2025-07-08,An Nguyen,South,Outbound,BI-PLUS,Technology,Mid-Market,Closed Lost,2025-09-12,2025-09-12,35900.0,0,0.0,Timing,2
L01331,2025-09-22,Duy Pham,South,virtual event,MKT-AUTO,Education,SMB,Closed Lost,2025-10-21,2025-10-21,16400.0,0,0.0,Budget,5
L01332,2026-07-28,Quynh Vu,North,email nurture,MKT-AUTO,Manufacturing,Mid-Market,Closed Lost,2026-09-01,2026-09-01,28300.0,0,0.0,Feature Gap,4
L01333,2025-02-26,An Nguyen,South,email nurture,CS-CLOUD,Education,SMB,Closed Lost,2025-04-02,2025-04-02,24800.0,0,0.0,Price,3
L01334,2026-08-02,Chi Le,South,SDR Outreach,CRM-PRO,Education,Mid-Market,New,2026-08-18,,35600.0,0,0.05,,1
L01335,2026-02-06,Bao Tran,South,Google Ads,MKT-AUTO,Technology,SMB,Closed Won,2026-03-23,2026-03-23,12700.0,0.1,1.0,,6
L01336,2026-08-05,Chi Le,South,Email Campaign,CS-CLOUD,Technology,SMB,Closed Won,2026-09-01,2026-09-01,27000.0,0.12,1.0,,6
L01337,2025-11-15,Duy Pham,South,LinkedIn Ads,CRM-CORE,Education,Mid-Market,Closed Lost,2026-01-10,2026-01-10,10600.0,0,0.0,Price,2
L01338,2025-03-08,Bao Tran,South,virtual event,CRM-CORE,Healthcare,SMB,Closed Lost,2025-04-28,2025-04-28,8500.0,0,0.0,Competitor,5
L01339,2025-05-10,Ha Vo,North,email nurture,MKT-AUTO,Manufacturing,Mid-Market,Closed Won,2025-07-26,2025-07-26,25200.0,0.05,1.0,,6
L01340,2025-05-03,Duy Pham,South,Cold Email,CS-CLOUD,Retail,Mid-Market,Negotiation,2026-03-23,,35500.0,0,0.85,,5
L01341,2026-04-05,Minh Do,North,LI Ads,CS-CLOUD,Manufacturing,Mid-Market,Closed Lost,2026-04-29,2026-04-29,32200.0,0,0.0,No Decision,4
L01342,2025-02-15,Ha Vo,North,google cpc,CRM-CORE,Education,SMB,Closed Lost,2025-04-04,2025-04-04,7600.0,0,0.0,Timing,5
L01343,2025-02-05,Quynh Vu,North,Google Organic,BI-PLUS,Professional Services,Mid-Market,Closed Lost,2025-04-17,2025-04-17,40600.0,0,0.0,No Decision,5
L01344,2025-11-18,Quynh Vu,North,Email Campaign,MKT-AUTO,Professional Services,Mid-Market,Negotiation,2026-06-22,,28100.0,0,0.85,,5
L01345,2025-08-03,Ha Vo,North,Google Organic,BI-PLUS,Healthcare,SMB,Negotiation,2026-05-13,,21600.0,0,0.85,,5
L01346,2026-07-23,Duy Pham,South,organic search,CRM-CORE,Financial Services,SMB,New,2026-08-25,,5400.0,0,0.05,,1
L01347,2025-01-28,Bao Tran,South,Cold Email,CS-CLOUD,Professional Services,SMB,Negotiation,2026-04-26,,25400.0,0.03,0.85,,5
L01348,2025-08-16,Duy Pham,South,google cpc,CRM-PRO,Manufacturing,Mid-Market,Negotiation,2026-06-08,,34500.0,0.03,0.85,,5
L01349,2026-01-03,Chi Le,South,SEO,CRM-CORE,Healthcare,Mid-Market,Closed Lost,2026-02-08,2026-02-08,15600.0,0,0.0,Timing,3
L01350,2025-09-16,An Nguyen,South,google cpc,CRM-CORE,Financial Services,SMB,Closed Lost,2025-10-13,2025-10-13,8100.0,0,0.0,Competitor,3
L01351,2025-09-25,Minh Do,North,Referral,MKT-AUTO,Financial Services,SMB,Closed Lost,2025-11-23,2025-11-23,18400.0,0,0.0,No Decision,5
L01352,2025-05-31,An Nguyen,South,Email Campaign,MKT-AUTO,Healthcare,Mid-Market,Closed Won,2025-06-14,2025-06-14,34200.0,0.03,1.0,,6
L01353,2026-07-12,Bao Tran,South,google cpc,MKT-AUTO,Financial Services,SMB,Closed Lost,2026-08-06,2026-08-06,11400.0,0,0.0,Timing,5
L01354,2026-08-27,Duy Pham,South,SEO,CRM-PRO,Professional Services,Mid-Market,New,2026-08-30,,40600.0,0.03,0.05,,1
L01355,2026-07-06,Quynh Vu,North,SDR Outreach,CRM-PRO,Retail,SMB,Closed Lost,2026-08-16,2026-08-16,17000.0,0,0.0,Timing,4
L01356,2025-01-17,Minh Do,North,SDR Outreach,BI-PLUS,Manufacturing,SMB,Negotiation,2026-02-20,,15300.0,0,0.85,,5
L01357,2025-05-07,Chi Le,South,Google Organic,MKT-AUTO,Technology,Enterprise,Closed Lost,2025-06-11,2025-06-11,38100.0,0,0.0,No Decision,3
L01358,2025-10-04,An Nguyen,South,virtual event,CS-CLOUD,Technology,Enterprise,Closed Won,2026-02-05,2026-02-05,42300.0,0.08,1.0,,6
L01359,2025-12-22,Minh Do,North,Google Ads,BI-PLUS,Financial Services,Mid-Market,Closed Lost,2026-01-02,2026-01-02,38400.0,0,0.0,No Decision,3
L01360,2025-02-03,Minh Do,North,Cold Email,CS-CLOUD,Retail,Mid-Market,Closed Won,2025-03-19,2025-03-19,40500.0,0.12,1.0,,6
L01361,2025-07-01,Bao Tran,South,linkedin,CRM-CORE,Healthcare,SMB,Closed Lost,2025-07-11,2025-07-11,5000.0,0,0.0,Timing,3
L01362,2026-04-17,Chi Le,South,SEM - Google,BI-PLUS,Professional Services,SMB,Closed Lost,2026-06-14,2026-06-14,21100.0,0,0.0,No Decision,5
L01363,2025-06-12,An Nguyen,South,virtual event,BI-PLUS,Financial Services,Mid-Market,Closed Won,2025-07-12,2025-07-12,41200.0,0,1.0,,6
L01364,2026-08-19,Tuan Bui,Central,virtual event,REV-OPS,Financial Services,SMB,Closed Lost,2026-09-01,2026-09-01,23000.0,0,0.0,Competitor,3
L01365,2025-06-30,Chi Le,South,Outbound,CS-CLOUD,Professional Services,Enterprise,Closed Lost,2025-08-01,2025-08-01,88600.0,0,0.0,Price,5
L01366,2025-03-29,Minh Do,North,customer referral,REV-OPS,Retail,SMB,Negotiation,2026-01-29,,28500.0,0.03,0.85,,5
L01367,2025-05-18,Duy Pham,South,organic search,CS-CLOUD,Financial Services,SMB,Closed Won,2025-08-08,2025-08-08,27100.0,0.1,1.0,,6
L01368,2025-08-23,Ha Vo,North,LI Ads,CS-CLOUD,Healthcare,SMB,Negotiation,2026-05-28,,14300.0,0.05,0.85,,5
L01369,2026-03-26,Ha Vo,North,SEO,CS-CLOUD,Manufacturing,Mid-Market,Closed Lost,2026-05-08,2026-05-08,26400.0,0,0.0,Competitor,5
L01370,2025-03-30,An Nguyen,South,google cpc,CRM-CORE,Healthcare,SMB,Closed Lost,2025-04-19,2025-04-19,8000.0,0,0.0,Price,2
L01371,2026-05-16,Bao Tran,South,Google Organic,BI-PLUS,Education,SMB,Closed Lost,2026-07-01,2026-07-01,27600.0,0,0.0,Competitor,5
L01372,2026-05-17,An Nguyen,South,organic search,REV-OPS,Technology,SMB,Closed Lost,2026-06-10,2026-06-10,45700.0,0,0.0,No Decision,3
L01373,2026-03-22,Minh Do,North,Cold Email,CRM-PRO,Technology,SMB,Closed Lost,2026-04-04,2026-04-04,10900.0,0,0.0,Timing,4
L01374,2025-05-02,An Nguyen,South,Google Ads,CRM-PRO,Education,Mid-Market,Closed Lost,2025-05-24,2025-05-24,44000.0,0,0.0,Competitor,2
L01375,2025-03-07,Minh Do,North,organic search,CS-CLOUD,Professional Services,Mid-Market,Negotiation,2026-01-11,,42100.0,0.03,0.85,,5
L01376,2025-09-14,Duy Pham,South,organic search,CRM-CORE,Technology,Mid-Market,Closed Won,2025-11-28,2025-11-28,16900.0,0.05,1.0,,6
L01377,2025-01-31,Quynh Vu,North,SEM - Google,MKT-AUTO,Financial Services,SMB,Closed Won,2025-04-21,2025-04-21,15500.0,0,1.0,,6
L01378,2025-03-28,Chi Le,South,Cold Email,CRM-CORE,Retail,SMB,Negotiation,2026-02-26,,10200.0,0.05,0.85,,5
L01379,2025-03-21,Quynh Vu,North,organic search,BI-PLUS,Education,Mid-Market,Closed Lost,2025-05-13,2025-05-13,35700.0,0,0.0,No Decision,5
L01380,2025-07-18,Duy Pham,South,Email Campaign,MKT-AUTO,Education,SMB,Closed Lost,2025-09-16,2025-09-16,18500.0,0,0.0,Price,3
L01381,2026-08-16,Quynh Vu,North,Google Organic,BI-PLUS,Technology,Mid-Market,Closed Lost,2026-09-01,2026-09-01,48800.0,0,0.0,No Decision,4
L01382,2026-03-09,Chi Le,South,Outbound,CS-CLOUD,Retail,SMB,Closed Lost,2026-05-06,2026-05-06,12300.0,0,0.0,Price,2
L01383,2026-02-01,Quynh Vu,North,LinkedIn Ads,MKT-AUTO,Healthcare,SMB,Closed Lost,2026-03-07,2026-03-07,14600.0,0,0.0,Price,3
L01384,2025-08-29,Ha Vo,North,LinkedIn Ads,MKT-AUTO,Professional Services,SMB,Closed Lost,2025-10-01,2025-10-01,16000.0,0,0.0,Competitor,5
L01385,2025-12-07,Tuan Bui,Central,virtual event,CS-CLOUD,Financial Services,SMB,Closed Lost,2025-12-22,2025-12-22,14700.0,0,0.0,Competitor,2
L01386,2025-03-06,Minh Do,North,customer referral,CRM-CORE,Professional Services,SMB,Closed Lost,2025-04-13,2025-04-13,4600.0,0,0.0,Timing,4
L01387,2026-06-18,Chi Le,South,SEM - Google,CRM-CORE,Manufacturing,SMB,Closed Lost,2026-07-05,2026-07-05,9900.0,0,0.0,Price,4
L01388,2025-05-04,Chi Le,South,LI Ads,REV-OPS,Education,Mid-Market,Closed Lost,2025-06-21,2025-06-21,37700.0,0,0.0,Feature Gap,2
L01389,2025-07-12,An Nguyen,South,LinkedIn Ads,CRM-PRO,Retail,SMB,Closed Lost,2025-08-16,2025-08-16,12900.0,0,0.0,No Decision,2
L01390,2025-07-04,An Nguyen,South,Outbound,MKT-AUTO,Technology,Mid-Market,Closed Lost,2025-08-22,2025-08-22,31500.0,0,0.0,Feature Gap,5
L01391,2025-09-07,Chi Le,South,customer referral,BI-PLUS,Technology,Mid-Market,Negotiation,2026-05-31,,35700.0,0,0.85,,5
L01392,2025-11-05,Ha Vo,North,email nurture,REV-OPS,Technology,SMB,Negotiation,2026-06-23,,32500.0,0,0.85,,5
L01393,2025-05-17,Duy Pham,South,email nurture,CS-CLOUD,Retail,Mid-Market,Closed Lost,2025-06-12,2025-06-12,50200.0,0,0.0,Feature Gap,5
L01394,2025-03-15,Ha Vo,North,customer referral,CRM-PRO,Technology,SMB,Closed Won,2025-06-04,2025-06-04,11100.0,0.08,1.0,,6
L01395,2025-03-27,Bao Tran,South,SDR Outreach,CRM-PRO,Education,Mid-Market,Closed Won,2025-05-27,2025-05-27,30300.0,0,1.0,,6
L01396,2025-06-01,An Nguyen,South,LI Ads,CRM-PRO,Financial Services,Mid-Market,Closed Lost,2025-07-01,2025-07-01,24700.0,0,0.0,Price,4
L01397,2026-03-15,Ha Vo,North,SEO,BI-PLUS,Education,Enterprise,Closed Lost,2026-04-05,2026-04-05,47600.0,0,0.0,Feature Gap,4
L01398,2026-05-29,Quynh Vu,North,LinkedIn Ads,MKT-AUTO,Education,SMB,Closed Lost,2026-07-10,2026-07-10,12800.0,0,0.0,Timing,4
L01399,2026-06-14,An Nguyen,South,Unknown Event,CS-CLOUD,Professional Services,SMB,Closed Lost,2026-07-24,2026-07-24,19900.0,0,0.0,Price,4
L01400,2026-07-02,Tuan Bui,Central,LinkedIn Ads,CRM-PRO,Healthcare,SMB,Closed Lost,2026-08-27,2026-08-27,10800.0,0,0.0,Timing,2
L01401,2026-05-07,Minh Do,North,virtual event,BI-PLUS,Technology,Mid-Market,Closed Lost,2026-06-25,2026-06-25,43100.0,0,0.0,No Decision,2
L01402,2025-10-27,Ha Vo,North,Cold Email,REV-OPS,Education,Mid-Market,Closed Won,2026-01-11,2026-01-11,87100.0,0.1,1.0,,6
L01403,2025-11-01,Duy Pham,South,SEO,CRM-CORE,Manufacturing,Mid-Market,Closed Lost,2025-12-28,2025-12-28,14800.0,0,0.0,Timing,3
L01404,2025-04-21,Ha Vo,North,Webinar,MKT-AUTO,Professional Services,Mid-Market,Closed Won,2025-07-11,2025-07-11,35700.0,0.03,1.0,,6
L01405,2025-01-10,An Nguyen,South,SDR Outreach,CRM-CORE,Education,Enterprise,Closed Lost,2025-03-07,2025-03-07,27500.0,0,0.0,No Decision,3
L01406,2026-02-12,Quynh Vu,North,LI Ads,MKT-AUTO,Professional Services,Mid-Market,Negotiation,2026-06-30,,26500.0,0.03,0.85,,5
L01407,2025-05-25,Bao Tran,South,google cpc,CS-CLOUD,Education,Enterprise,Closed Lost,2025-07-10,2025-07-10,71400.0,0,0.0,Timing,4
L01408,2026-04-20,Bao Tran,South,Google Ads,MKT-AUTO,Retail,Mid-Market,Closed Lost,2026-06-21,2026-06-21,27100.0,0,0.0,Competitor,5
L01409,2026-02-20,Chi Le,South,email nurture,REV-OPS,Education,SMB,Closed Won,2026-03-22,2026-03-22,31400.0,0.12,1.0,,6
L01410,2026-02-21,Minh Do,North,SDR Outreach,REV-OPS,Retail,SMB,Closed Lost,2026-04-23,2026-04-23,24100.0,0,0.0,Price,3
L01411,2026-03-20,Tuan Bui,Central,Cold Email,REV-OPS,Retail,SMB,Closed Lost,2026-05-09,2026-05-09,41600.0,0,0.0,Price,5
L01412,2025-04-09,Minh Do,North,Partner Referral,REV-OPS,Healthcare,SMB,Closed Lost,2025-06-02,2025-06-02,34700.0,0,0.0,No Decision,3
L01413,2025-10-04,Bao Tran,South,linkedin,BI-PLUS,Professional Services,Mid-Market,Closed Lost,2025-11-05,2025-11-05,23100.0,0,0.0,Budget,3
L01414,2026-06-03,Quynh Vu,North,organic search,CRM-CORE,Healthcare,SMB,Closed Lost,2026-08-17,2026-08-17,8200.0,0,0.0,Price,5
L01415,2025-02-22,Minh Do,North,customer referral,CRM-PRO,Manufacturing,SMB,Closed Won,2025-03-24,2025-03-24,11100.0,0.05,1.0,,6
L01416,2025-10-24,Tuan Bui,Central,linkedin,MKT-AUTO,Healthcare,Mid-Market,Closed Won,2025-12-25,2025-12-25,20000.0,0.12,1.0,,6
L01417,2025-02-14,Duy Pham,South,SEO,CRM-CORE,Manufacturing,Mid-Market,Closed Lost,2025-04-03,2025-04-03,8100.0,0,0.0,Price,4
L01418,2026-07-04,An Nguyen,South,Google Organic,CRM-CORE,Financial Services,Mid-Market,Closed Lost,2026-08-08,2026-08-08,11300.0,0,0.0,Price,5
L01419,2026-05-31,Tuan Bui,Central,LI Ads,CRM-PRO,Technology,SMB,Closed Won,2026-08-21,2026-08-21,14300.0,0.05,1.0,,6
L01420,2025-04-18,An Nguyen,South,linkedin,BI-PLUS,Retail,Mid-Market,Closed Won,2025-06-16,2025-06-16,40000.0,0.1,1.0,,6
L01421,2026-04-12,Tuan Bui,Central,Email Campaign,BI-PLUS,Technology,Mid-Market,Closed Won,2026-04-24,2026-04-24,47400.0,0.1,1.0,,6
L01422,2025-07-13,Bao Tran,South,SEM - Google,MKT-AUTO,Financial Services,Mid-Market,Closed Won,2025-07-30,2025-07-30,16200.0,0.12,1.0,,6
L01423,2026-03-26,Tuan Bui,Central,SEM - Google,CRM-CORE,Financial Services,Enterprise,Closed Lost,2026-05-11,2026-05-11,20500.0,0,0.0,Budget,4
L01424,2025-03-16,Bao Tran,South,SEO,CRM-CORE,Education,Mid-Market,Closed Won,2025-04-05,2025-04-05,17100.0,0.1,1.0,,6
L01425,2025-08-28,Tuan Bui,Central,Webinar,CRM-CORE,Education,Mid-Market,Closed Lost,2025-10-22,2025-10-22,9200.0,0,0.0,Timing,3
L01426,2025-08-12,Ha Vo,North,google cpc,MKT-AUTO,Financial Services,Mid-Market,Closed Lost,2025-09-26,2025-09-26,30300.0,0,0.0,No Decision,2
L01427,2025-11-11,Chi Le,South,google cpc,MKT-AUTO,Professional Services,SMB,Closed Lost,2025-12-02,2025-12-02,19900.0,0,0.0,No Decision,3
L01428,2025-12-01,Bao Tran,South,Google Organic,CRM-CORE,Financial Services,SMB,Closed Won,2026-01-18,2026-01-18,6800.0,0.1,1.0,,6
L01429,2026-02-23,Chi Le,South,newsletter,BI-PLUS,Professional Services,Enterprise,Closed Lost,2026-04-25,2026-04-25,62100.0,0,0.0,Feature Gap,4
L01430,2025-07-29,Duy Pham,South,Google Organic,MKT-AUTO,Retail,SMB,Closed Lost,2025-08-10,2025-08-10,19200.0,0,0.0,Timing,2
L01431,2025-06-29,Minh Do,North,google cpc,MKT-AUTO,Retail,SMB,Closed Lost,2025-08-16,2025-08-16,18200.0,0,0.0,No Decision,3
L01432,2025-10-04,Tuan Bui,Central,SEO,CRM-PRO,Financial Services,SMB,Closed Lost,2025-11-15,2025-11-15,22000.0,0,0.0,Timing,4
L01433,2026-06-06,An Nguyen,South,google cpc,CRM-PRO,Education,SMB,Closed Won,2026-06-18,2026-06-18,13600.0,0.08,1.0,,6
L01434,2026-05-26,Duy Pham,South,Google Organic,BI-PLUS,Healthcare,Mid-Market,Proposal,2026-08-14,,53800.0,0,0.65,,4
L01435,2025-08-08,Duy Pham,South,Google Organic,CRM-CORE,Retail,Mid-Market,Negotiation,2026-06-03,,17800.0,0,0.85,,5
L01436,2025-10-29,Quynh Vu,North,Outbound,CRM-CORE,Professional Services,Mid-Market,Closed Won,2025-12-11,2025-12-11,11300.0,0.08,1.0,,6
L01437,2025-09-17,Duy Pham,South,Outbound,CRM-PRO,Education,Mid-Market,Closed Lost,2025-11-25,2025-11-25,21400.0,0,0.0,Timing,4
L01438,2025-10-24,Quynh Vu,North,linkedin,REV-OPS,Professional Services,SMB,Closed Lost,2025-11-19,2025-11-19,25300.0,0,0.0,No Decision,2
L01439,2026-02-12,Ha Vo,North,google cpc,CRM-PRO,Professional Services,SMB,Closed Won,2026-02-24,2026-02-24,14800.0,0,1.0,,6
L01440,2025-11-18,Ha Vo,North,LinkedIn Ads,CRM-CORE,Education,Enterprise,Closed Won,2026-02-05,2026-02-05,30100.0,0,1.0,,6
L01441,2025-02-17,Quynh Vu,North,organic search,CRM-PRO,Technology,Mid-Market,Closed Lost,2025-03-11,2025-03-11,43200.0,0,0.0,Budget,5
L01442,2026-03-18,Bao Tran,South,google cpc,CRM-PRO,Healthcare,Mid-Market,Closed Won,2026-06-02,2026-06-02,20600.0,0,1.0,,6
L01443,2025-06-25,Tuan Bui,Central,customer referral,REV-OPS,Financial Services,SMB,Closed Won,2025-08-27,2025-08-27,43400.0,0.05,1.0,,6
L01444,2026-08-21,Bao Tran,South,SDR Outreach,CRM-PRO,Technology,Mid-Market,New,2026-08-26,,44300.0,0.03,0.05,,1
L01445,2025-12-12,Tuan Bui,Central,SEM - Google,BI-PLUS,Financial Services,Mid-Market,Closed Lost,2026-02-09,2026-02-09,28900.0,0,0.0,Competitor,5
L01446,2026-03-06,Bao Tran,South,Google Ads,BI-PLUS,Professional Services,Enterprise,Closed Lost,2026-04-12,2026-04-12,52600.0,0,0.0,Price,3
L01447,2026-01-02,Ha Vo,North,Google Organic,MKT-AUTO,Healthcare,SMB,Negotiation,2026-05-28,,9900.0,0.05,0.85,,5
L01448,2025-08-05,Tuan Bui,Central,Email Campaign,CRM-CORE,Professional Services,SMB,Closed Lost,2025-10-14,2025-10-14,4800.0,0,0.0,No Decision,2
L01449,2025-03-25,Bao Tran,South,Webinar,CRM-PRO,Education,SMB,Closed Lost,2025-05-09,2025-05-09,17200.0,0,0.0,Competitor,4
L01450,2026-03-06,Quynh Vu,North,organic search,CRM-CORE,Healthcare,SMB,Closed Won,2026-05-05,2026-05-05,8400.0,0.05,1.0,,6
L01451,2025-04-30,An Nguyen,South,Offline List,CRM-CORE,Manufacturing,Mid-Market,Closed Won,2025-05-22,2025-05-22,15700.0,0.1,1.0,,6
L01452,2025-02-26,An Nguyen,South,Email Campaign,CRM-CORE,Education,Mid-Market,Closed Lost,2025-03-26,2025-03-26,17000.0,0,0.0,No Decision,3
L01453,2026-07-31,Quynh Vu,North,SEM - Google,CRM-PRO,Healthcare,Mid-Market,New,2026-08-25,,31100.0,0.05,0.05,,1
L01454,2025-07-14,Quynh Vu,North,google cpc,CRM-CORE,Professional Services,SMB,Closed Lost,2025-10-01,2025-10-01,8000.0,0,0.0,Budget,4
L01455,2025-07-02,Bao Tran,South,organic search,CRM-PRO,Professional Services,SMB,Negotiation,2026-06-15,,17400.0,0.03,0.85,,5
L01456,2026-04-04,Tuan Bui,Central,LI Ads,CRM-PRO,Manufacturing,SMB,Closed Lost,2026-04-12,2026-04-12,16300.0,0,0.0,Price,4
L01457,2026-06-05,Bao Tran,South,customer referral,REV-OPS,Technology,SMB,Closed Lost,2026-08-26,2026-08-26,41700.0,0,0.0,No Decision,5
L01458,2025-06-26,Ha Vo,North,Unknown Event,MKT-AUTO,Technology,SMB,Closed Lost,2025-07-19,2025-07-19,15700.0,0,0.0,Feature Gap,3
L01459,2026-03-11,Tuan Bui,Central,SEM - Google,BI-PLUS,Professional Services,SMB,Closed Won,2026-05-24,2026-05-24,16800.0,0.08,1.0,,6
L01460,2026-03-05,Bao Tran,South,newsletter,CRM-PRO,Technology,Mid-Market,Closed Lost,2026-03-13,2026-03-13,19800.0,0,0.0,Timing,5
L01461,2026-08-29,Ha Vo,North,SEM - Google,CRM-CORE,Healthcare,Mid-Market,New,2026-08-31,,8800.0,0,0.05,,1
L01462,2025-05-17,Bao Tran,South,LinkedIn Ads,CRM-CORE,Retail,Mid-Market,Closed Lost,2025-07-02,2025-07-02,14200.0,0,0.0,Price,3
L01463,2025-09-21,Quynh Vu,North,virtual event,CRM-PRO,Professional Services,SMB,Closed Lost,2025-11-28,2025-11-28,19500.0,0,0.0,Competitor,4
L01464,2025-01-28,Tuan Bui,Central,Google Organic,MKT-AUTO,Retail,Enterprise,Closed Won,2025-04-19,2025-04-19,67900.0,0.12,1.0,,6
L01465,2026-08-16,Minh Do,North,SEO,CS-CLOUD,Professional Services,Mid-Market,New,2026-08-27,,33300.0,0,0.05,,1
L01466,2026-04-28,Bao Tran,South,LI Ads,CRM-PRO,Manufacturing,Mid-Market,Closed Lost,2026-06-10,2026-06-10,33200.0,0,0.0,No Decision,2
L01467,2025-11-11,Chi Le,South,LinkedIn Ads,REV-OPS,Technology,Enterprise,Closed Lost,2025-12-27,2025-12-27,100800.0,0,0.0,Competitor,3
L01468,2025-08-24,Duy Pham,South,linkedin,CS-CLOUD,Technology,SMB,Closed Lost,2025-10-15,2025-10-15,22200.0,0,0.0,No Decision,3
L01469,2025-01-02,Minh Do,North,email nurture,CRM-CORE,Healthcare,Mid-Market,Closed Won,2025-02-10,2025-02-10,8000.0,0.08,1.0,,6
L01470,2025-10-01,Chi Le,South,SDR Outreach,CRM-CORE,Healthcare,Enterprise,Closed Won,2025-11-12,2025-11-12,31900.0,0.12,1.0,,6
L01471,2025-04-16,An Nguyen,South,SEO,CRM-PRO,Financial Services,SMB,Negotiation,2025-10-27,,20400.0,0,0.85,,5
L01472,2026-06-15,Minh Do,North,Email Campaign,CRM-CORE,Retail,Mid-Market,Closed Lost,2026-07-29,2026-07-29,14600.0,0,0.0,Timing,3
L01473,2026-01-20,Tuan Bui,Central,Google Organic,CRM-CORE,Financial Services,SMB,Closed Lost,2026-03-19,2026-03-19,5800.0,0,0.0,Budget,2
L01474,2025-12-08,An Nguyen,South,SEO,CRM-PRO,Professional Services,Mid-Market,Closed Won,2026-02-04,2026-02-04,27200.0,0,1.0,,6
L01475,2026-07-15,Quynh Vu,North,Unknown Event,REV-OPS,Technology,SMB,Qualified,2026-08-09,,48300.0,0.03,0.2,,2
L01476,2026-01-12,Chi Le,South,organic search,CS-CLOUD,Technology,Mid-Market,Closed Lost,2026-03-08,2026-03-08,39200.0,0,0.0,Timing,3
L01477,2026-02-01,Minh Do,North,linkedin,CRM-CORE,Healthcare,SMB,Closed Won,2026-04-17,2026-04-17,4800.0,0.08,1.0,,6
L01478,2025-04-01,Tuan Bui,Central,SEO,CRM-CORE,Education,Mid-Market,Closed Lost,2025-05-28,2025-05-28,18800.0,0,0.0,Budget,4
L01479,2025-10-14,An Nguyen,South,SEO,REV-OPS,Retail,SMB,Closed Lost,2025-10-22,2025-10-22,24300.0,0,0.0,Timing,3
L01480,2026-07-09,Quynh Vu,North,customer referral,CRM-PRO,Healthcare,Mid-Market,Closed Won,2026-08-22,2026-08-22,38300.0,0.1,1.0,,6
L01481,2025-05-25,Bao Tran,South,linkedin,CRM-CORE,Manufacturing,Enterprise,Closed Lost,2025-07-18,2025-07-18,15600.0,0,0.0,Feature Gap,5
L01482,2026-07-21,Minh Do,North,newsletter,CRM-PRO,Manufacturing,SMB,Qualified,2026-08-05,,20500.0,0.05,0.2,,2
L01483,2026-08-08,Duy Pham,South,customer referral,MKT-AUTO,Retail,SMB,Qualified,2026-08-29,,19000.0,0.03,0.2,,2
L01484,2025-10-07,Quynh Vu,North,newsletter,CS-CLOUD,Professional Services,SMB,Closed Lost,2025-11-05,2025-11-05,25000.0,0,0.0,Competitor,4
L01485,2026-06-22,Minh Do,North,google cpc,BI-PLUS,Technology,Mid-Market,Demo / Meeting,2026-08-15,,50200.0,0.05,0.4,,3
L01486,2025-02-16,Tuan Bui,Central,linkedin,BI-PLUS,Healthcare,Mid-Market,Closed Lost,2025-03-13,2025-03-13,52500.0,0,0.0,Budget,5
L01487,2026-06-05,An Nguyen,South,Email Campaign,BI-PLUS,Financial Services,SMB,Closed Lost,2026-06-19,2026-06-19,30000.0,0,0.0,No Decision,5
L01488,2025-10-13,An Nguyen,South,Email Campaign,CRM-PRO,Financial Services,Mid-Market,Closed Lost,2025-12-21,2025-12-21,23100.0,0,0.0,Feature Gap,3
L01489,2025-09-14,Quynh Vu,North,SEO,CS-CLOUD,Professional Services,Mid-Market,Closed Lost,2025-10-26,2025-10-26,33100.0,0,0.0,Feature Gap,4
L01490,2025-03-25,Minh Do,North,SEM - Google,REV-OPS,Healthcare,Mid-Market,Closed Lost,2025-05-02,2025-05-02,46900.0,0,0.0,Budget,2
L01491,2025-11-01,Chi Le,South,SEM - Google,MKT-AUTO,Healthcare,Enterprise,Negotiation,2026-03-20,,49900.0,0,0.85,,5
L01492,2025-07-03,Duy Pham,South,virtual event,BI-PLUS,Financial Services,SMB,Closed Won,2025-09-05,2025-09-05,16600.0,0,1.0,,6
L01493,2026-05-07,Quynh Vu,North,SEO,MKT-AUTO,Manufacturing,SMB,Closed Won,2026-06-29,2026-06-29,17200.0,0,1.0,,6
L01494,2026-08-23,Duy Pham,South,virtual event,BI-PLUS,Technology,SMB,Qualified,2026-08-26,,26500.0,0,0.2,,2
L01495,2026-08-07,Chi Le,South,Google Organic,REV-OPS,Technology,SMB,Qualified,2026-08-18,,47600.0,0.05,0.2,,2
L01496,2025-03-24,Chi Le,South,google cpc,MKT-AUTO,Retail,SMB,Negotiation,2026-06-10,,9100.0,0.05,0.85,,5
L01497,2025-08-10,Quynh Vu,North,email nurture,CRM-PRO,Education,Enterprise,Closed Lost,2025-10-08,2025-10-08,60500.0,0,0.0,Budget,3
L01498,2026-01-03,Duy Pham,South,SEM - Google,CRM-PRO,Education,SMB,Closed Lost,2026-02-12,2026-02-12,23400.0,0,0.0,Price,4
L01499,2025-12-23,Duy Pham,South,SDR Outreach,MKT-AUTO,Manufacturing,SMB,Negotiation,2026-04-18,,19300.0,0,0.85,,5
L01500,2025-09-28,Minh Do,North,Email Campaign,BI-PLUS,Retail,SMB,Closed Lost,2025-11-03,2025-11-03,28200.0,0,0.0,Timing,2
L01501,2026-06-20,Tuan Bui,Central,Webinar,REV-OPS,Technology,Mid-Market,Closed Lost,2026-08-31,2026-08-31,46700.0,0,0.0,Price,2
L01502,2026-05-01,Bao Tran,South,LinkedIn Ads,CRM-PRO,Financial Services,Enterprise,Closed Lost,2026-07-06,2026-07-06,59800.0,0,0.0,No Decision,3
L01503,2025-06-15,Minh Do,North,email nurture,MKT-AUTO,Education,SMB,Closed Lost,2025-08-19,2025-08-19,13100.0,0,0.0,No Decision,3
L01504,2025-10-31,Minh Do,North,Referral,CRM-CORE,Financial Services,SMB,Closed Won,2026-01-07,2026-01-07,6200.0,0,1.0,,6
L01505,2025-03-16,An Nguyen,South,google cpc,BI-PLUS,Education,SMB,Closed Lost,2025-07-12,2025-07-12,24000.0,0,0.0,Competitor,4
L01506,2025-02-26,Chi Le,South,email nurture,CRM-CORE,Financial Services,SMB,Closed Lost,2025-03-31,2025-03-31,5100.0,0,0.0,Competitor,3
L01507,2025-03-05,Duy Pham,South,Webinar,BI-PLUS,Education,SMB,Negotiation,2025-11-16,,17600.0,0,0.85,,5
L01508,2025-08-23,Tuan Bui,Central,Partner Referral,CRM-PRO,Manufacturing,Enterprise,Closed Lost,2025-10-03,2025-10-03,86600.0,0,0.0,Competitor,2
L01509,2025-10-04,Tuan Bui,Central,LinkedIn Ads,CRM-PRO,Education,SMB,Negotiation,2026-03-12,,18200.0,0,0.85,,5
L01510,2025-05-12,Ha Vo,North,email nurture,MKT-AUTO,Retail,Enterprise,Negotiation,2026-02-19,,31800.0,0,0.85,,5
L01511,2025-03-16,An Nguyen,South,organic search,BI-PLUS,Financial Services,Mid-Market,Closed Won,2025-04-30,2025-04-30,53800.0,0.12,1.0,,6
L01512,2025-09-24,Duy Pham,South,Partner Referral,REV-OPS,Technology,Enterprise,Negotiation,2026-05-14,,133800.0,0.03,0.85,,5
L01513,2025-07-29,Tuan Bui,Central,Outbound,MKT-AUTO,Professional Services,SMB,Closed Lost,2025-10-06,2025-10-06,10900.0,0,0.0,No Decision,5
L01514,2025-03-31,Chi Le,South,google cpc,MKT-AUTO,Financial Services,Mid-Market,Closed Lost,2025-05-13,2025-05-13,23200.0,0,0.0,Budget,5
L01515,2025-05-18,Bao Tran,South,linkedin,CS-CLOUD,Retail,Mid-Market,Closed Won,2025-08-12,2025-08-12,30500.0,0,1.0,,6
L01516,2025-04-30,Minh Do,North,LinkedIn Ads,BI-PLUS,Healthcare,SMB,Closed Won,2025-06-21,2025-06-21,27900.0,0.1,1.0,,6
L01517,2025-12-31,Tuan Bui,Central,google cpc,MKT-AUTO,Professional Services,Enterprise,Negotiation,2026-07-26,,42500.0,0,0.85,,5
L01518,2025-04-02,Duy Pham,South,customer referral,CRM-CORE,Professional Services,Mid-Market,Closed Won,2025-06-27,2025-06-27,17600.0,0,1.0,,6
L01519,2025-04-21,Chi Le,South,Referral,BI-PLUS,Technology,Enterprise,Negotiation,2026-05-29,,97800.0,0,0.85,,5
L01520,2025-05-08,Duy Pham,South,virtual event,BI-PLUS,Retail,SMB,Closed Lost,2025-08-02,2025-08-02,28400.0,0,0.0,Budget,5
L01521,2026-02-05,Tuan Bui,Central,virtual event,MKT-AUTO,Financial Services,SMB,Negotiation,2026-05-15,,11100.0,0.03,0.85,,5
L01522,2025-05-18,An Nguyen,South,SEO,CS-CLOUD,Education,Mid-Market,Closed Lost,2025-07-23,2025-07-23,22400.0,0,0.0,No Decision,3
L01523,2025-08-23,Minh Do,North,google cpc,CRM-CORE,Healthcare,Enterprise,Negotiation,2026-04-06,,22200.0,0,0.85,,5
L01524,2026-03-23,Tuan Bui,Central,Google Organic,MKT-AUTO,Education,Mid-Market,Closed Lost,2026-05-17,2026-05-17,18100.0,0,0.0,Price,5
L01525,2025-01-14,Duy Pham,South,organic search,CRM-CORE,Financial Services,Mid-Market,Closed Lost,2025-03-22,2025-03-22,11000.0,0,0.0,Budget,4
L01526,2025-02-10,Chi Le,South,SEM - Google,CS-CLOUD,Financial Services,SMB,Closed Lost,2025-03-13,2025-03-13,27100.0,0,0.0,No Decision,5
L01527,2025-02-04,Bao Tran,South,Email Campaign,MKT-AUTO,Technology,SMB,Negotiation,2026-01-15,,17900.0,0.05,0.85,,5
L01528,2025-07-10,An Nguyen,South,Webinar,CS-CLOUD,Technology,SMB,Closed Lost,2025-08-26,2025-08-26,13500.0,0,0.0,Timing,2
L01529,2026-02-28,Ha Vo,North,SEO,REV-OPS,Education,SMB,Closed Lost,2026-03-27,2026-03-27,37400.0,0,0.0,Timing,5
L01530,2026-01-29,Quynh Vu,North,customer referral,CS-CLOUD,Professional Services,Mid-Market,Closed Won,2026-05-10,2026-05-10,29600.0,0.03,1.0,,6
L01531,2026-06-26,Chi Le,South,Google Organic,BI-PLUS,Professional Services,SMB,Qualified,2026-07-25,,20600.0,0.03,0.2,,2
L01532,2026-04-24,Minh Do,North,virtual event,CRM-CORE,Healthcare,Mid-Market,Closed Lost,2026-05-28,2026-05-28,12700.0,0,0.0,Budget,5
L01533,2026-02-10,Tuan Bui,Central,Webinar,CS-CLOUD,Healthcare,Mid-Market,Closed Lost,2026-03-17,2026-03-17,47800.0,0,0.0,Feature Gap,4
L01534,2026-08-08,Duy Pham,South,email nurture,CRM-CORE,Professional Services,Mid-Market,Qualified,2026-08-27,,9300.0,0,0.2,,2
L01535,2026-07-28,An Nguyen,South,Outbound,CRM-PRO,Professional Services,SMB,Qualified,2026-08-12,,13200.0,0.03,0.2,,2
L01536,2026-07-29,Bao Tran,South,SEO,CRM-CORE,Manufacturing,SMB,New,2026-08-20,,9600.0,0.03,0.05,,1
L01537,2026-08-21,Chi Le,South,Cold Email,MKT-AUTO,Education,Mid-Market,Closed Lost,2026-09-01,2026-09-01,25400.0,0,0.0,Budget,4
L01538,2025-06-02,Bao Tran,South,google cpc,CS-CLOUD,Retail,SMB,Closed Won,2025-06-29,2025-06-29,20600.0,0.1,1.0,,6
L01539,2025-06-20,An Nguyen,South,Google Ads,MKT-AUTO,Healthcare,Mid-Market,Negotiation,2026-02-11,,35500.0,0,0.85,,5
L01540,2026-06-15,Chi Le,South,virtual event,BI-PLUS,Retail,SMB,Demo / Meeting,2026-07-18,,18200.0,0.05,0.4,,3
L01541,2026-07-02,Minh Do,North,SEO,CS-CLOUD,Manufacturing,SMB,Closed Lost,2026-07-10,2026-07-10,18500.0,0,0.0,No Decision,2
L01542,2025-06-05,Bao Tran,South,Google Ads,CS-CLOUD,Professional Services,SMB,Closed Lost,2025-07-15,2025-07-15,18200.0,0,0.0,Budget,5
L01543,2026-02-24,Duy Pham,South,SEO,CRM-CORE,Manufacturing,Enterprise,Negotiation,2026-06-01,,21400.0,0.03,0.85,,5
L01544,2025-08-30,An Nguyen,South,SDR Outreach,CRM-CORE,Healthcare,Enterprise,Closed Lost,2025-11-02,2025-11-02,24600.0,0,0.0,No Decision,2
L01545,2025-12-18,Ha Vo,North,linkedin,REV-OPS,Professional Services,SMB,Closed Lost,2025-12-26,2025-12-26,38100.0,0,0.0,Competitor,2
L01546,2025-02-21,Minh Do,North,Email Campaign,CS-CLOUD,Financial Services,Enterprise,Closed Lost,2025-03-26,2025-03-26,78900.0,0,0.0,Budget,3
L01547,2025-06-28,Quynh Vu,North,Partner Referral,REV-OPS,Retail,SMB,Closed Lost,2025-08-20,2025-08-20,42000.0,0,0.0,Price,3
L01548,2025-05-04,Minh Do,North,Cold Email,BI-PLUS,Healthcare,SMB,Negotiation,2026-03-16,,30100.0,0,0.85,,5
L01549,2025-03-17,Minh Do,North,LI Ads,CRM-CORE,Retail,Mid-Market,Closed Lost,2025-04-23,2025-04-23,14200.0,0,0.0,No Decision,4
L01550,2025-04-04,Minh Do,North,Conference Scan,MKT-AUTO,Manufacturing,Mid-Market,Closed Lost,2025-06-01,2025-06-01,22200.0,0,0.0,No Decision,5
L01551,2026-08-31,Minh Do,North,SEO,CS-CLOUD,Retail,Mid-Market,Closed Lost,2026-09-01,2026-09-01,30200.0,0,0.0,No Decision,4
L01552,2025-07-22,Tuan Bui,Central,LinkedIn Ads,CS-CLOUD,Financial Services,Enterprise,Closed Lost,2025-09-17,2025-09-17,66600.0,0,0.0,Feature Gap,3
L01553,2026-04-09,An Nguyen,South,newsletter,REV-OPS,Healthcare,Mid-Market,Proposal,2026-06-02,,38700.0,0.03,0.65,,4
L01554,2026-08-23,Tuan Bui,Central,LinkedIn Ads,CRM-PRO,Manufacturing,SMB,New,2026-08-28,,10900.0,0.05,0.05,,1
L01555,2025-01-31,Minh Do,North,Referral,MKT-AUTO,Manufacturing,SMB,Closed Lost,2025-03-26,2025-03-26,19500.0,0,0.0,Timing,3
L01556,2025-11-22,Ha Vo,North,Partner Referral,REV-OPS,Education,Mid-Market,Negotiation,2026-04-07,,62100.0,0.05,0.85,,5
L01557,2026-07-14,Chi Le,South,google cpc,CS-CLOUD,Manufacturing,Mid-Market,Demo / Meeting,2026-08-23,,44600.0,0.03,0.4,,3
L01558,2025-11-21,Ha Vo,North,virtual event,BI-PLUS,Manufacturing,Mid-Market,Closed Won,2026-01-08,2026-01-08,28100.0,0.12,1.0,,6
L01559,2026-08-02,Bao Tran,South,LI Ads,REV-OPS,Education,SMB,Qualified,2026-08-12,,40100.0,0.05,0.2,,2
L01560,2025-07-15,Minh Do,North,linkedin,REV-OPS,Retail,Enterprise,Negotiation,2026-04-18,,144700.0,0.05,0.85,,5
L01561,2026-04-01,Tuan Bui,Central,Outbound,CRM-CORE,Technology,Enterprise,Closed Won,2026-06-20,2026-06-20,23200.0,0,1.0,,6
L01562,2026-03-24,Duy Pham,South,Email Campaign,CRM-CORE,Technology,Mid-Market,Closed Lost,2026-05-15,2026-05-15,13400.0,0,0.0,No Decision,3
L01563,2025-04-11,Bao Tran,South,google cpc,CS-CLOUD,Professional Services,SMB,Closed Won,2025-06-23,2025-06-23,22700.0,0.12,1.0,,6
L01564,2026-08-26,Minh Do,North,Referral,REV-OPS,Professional Services,Mid-Market,New,2026-08-29,,54300.0,0.05,0.05,,1
L01565,2025-03-29,Ha Vo,North,Offline List,CRM-CORE,Professional Services,Enterprise,Negotiation,2025-10-14,,28600.0,0.03,0.85,,5
L01566,2025-04-03,Duy Pham,South,organic search,MKT-AUTO,Professional Services,SMB,Closed Lost,2025-06-14,2025-06-14,11500.0,0,0.0,Feature Gap,2
L01567,2026-07-19,Bao Tran,South,google cpc,CRM-CORE,Technology,SMB,Qualified,2026-08-15,,4400.0,0.05,0.2,,2
L01568,2026-02-03,Chi Le,South,Webinar,MKT-AUTO,Education,Mid-Market,Closed Lost,2026-02-24,2026-02-24,16900.0,0,0.0,No Decision,4
L01569,2025-10-20,Tuan Bui,Central,linkedin,CRM-PRO,Technology,SMB,Closed Lost,2025-11-18,2025-11-18,21100.0,0,0.0,No Decision,4
L01570,2026-06-25,Duy Pham,South,SDR Outreach,CS-CLOUD,Education,SMB,Closed Lost,2026-08-03,2026-08-03,22900.0,0,0.0,Feature Gap,4
L01571,2025-03-11,Ha Vo,North,Google Ads,CS-CLOUD,Financial Services,SMB,Closed Lost,2025-03-19,2025-03-19,15500.0,0,0.0,No Decision,3
L01572,2026-02-14,Ha Vo,North,Email Campaign,REV-OPS,Manufacturing,SMB,Closed Won,2026-04-07,2026-04-07,25100.0,0.05,1.0,,6
L01573,2025-01-29,Quynh Vu,North,linkedin,CS-CLOUD,Manufacturing,Enterprise,Closed Lost,2025-03-22,2025-03-22,81700.0,0,0.0,Competitor,2
L01574,2026-06-02,Minh Do,North,email nurture,MKT-AUTO,Technology,Mid-Market,Closed Lost,2026-07-10,2026-07-10,18700.0,0,0.0,Timing,2
L01575,2025-06-20,An Nguyen,South,LI Ads,CRM-PRO,Financial Services,Mid-Market,Closed Lost,2025-08-17,2025-08-17,32200.0,0,0.0,Budget,2
L01576,2026-07-10,Quynh Vu,North,Referral,CRM-CORE,Technology,SMB,Demo / Meeting,2026-08-17,,6300.0,0,0.4,,3
L01577,2026-06-05,Quynh Vu,North,Cold Email,CRM-PRO,Education,SMB,Closed Lost,2026-07-19,2026-07-19,15000.0,0,0.0,Budget,2
L01578,2025-04-28,Minh Do,North,LinkedIn Ads,BI-PLUS,Financial Services,SMB,Closed Lost,2025-05-28,2025-05-28,17400.0,0,0.0,No Decision,4
L01579,2025-06-07,An Nguyen,South,Unknown Event,BI-PLUS,Professional Services,Enterprise,Negotiation,2026-02-08,,77400.0,0,0.85,,5
L01580,2025-09-06,Tuan Bui,Central,Conference Scan,CRM-CORE,Manufacturing,Enterprise,Closed Won,2025-10-06,2025-10-06,25000.0,0.03,1.0,,6
L01581,2025-02-02,An Nguyen,South,Outbound,CRM-PRO,Retail,SMB,Closed Lost,2025-03-14,2025-03-14,20600.0,0,0.0,Budget,4
L01582,2025-03-03,An Nguyen,South,linkedin,CRM-PRO,Retail,SMB,Closed Lost,2025-05-06,2025-05-06,21800.0,0,0.0,Competitor,5
L01583,2025-10-26,Minh Do,North,google cpc,CRM-PRO,Retail,Mid-Market,Negotiation,2026-06-17,,29000.0,0,0.85,,5
L01584,2025-10-08,Tuan Bui,Central,SEM - Google,CRM-CORE,Healthcare,Enterprise,Closed Lost,2025-11-02,2025-11-02,19900.0,0,0.0,No Decision,3
L01585,2025-12-16,An Nguyen,South,linkedin,CRM-CORE,Retail,Mid-Market,Closed Lost,2026-01-06,2026-01-06,8200.0,0,0.0,Timing,2
L01586,2025-08-23,Duy Pham,South,Referral,BI-PLUS,Technology,SMB,Closed Won,2025-09-04,2025-09-04,13500.0,0,1.0,,6
L01587,2025-04-09,Chi Le,South,virtual event,CRM-PRO,Financial Services,SMB,Closed Lost,2025-06-23,2025-06-23,24400.0,0,0.0,Budget,4
L01588,2025-01-12,Bao Tran,South,Webinar,CRM-PRO,Technology,Mid-Market,Negotiation,2026-04-20,,22100.0,0,0.85,,5
L01589,2025-05-25,Duy Pham,South,Webinar,CRM-PRO,Professional Services,SMB,Closed Lost,2025-07-11,2025-07-11,25100.0,0,0.0,No Decision,5
L01590,2025-01-25,Chi Le,South,SEO,MKT-AUTO,Education,SMB,Closed Won,2025-02-25,2025-02-25,14300.0,0.08,1.0,,6
L01591,2026-01-27,Tuan Bui,Central,LI Ads,CRM-CORE,Financial Services,Mid-Market,Closed Won,2026-03-24,2026-03-24,12800.0,0,1.0,,6
L01592,2025-01-03,Bao Tran,South,google cpc,CRM-CORE,Manufacturing,SMB,Closed Lost,2025-02-12,2025-02-12,4500.0,0,0.0,No Decision,2
L01593,2025-01-05,Tuan Bui,Central,Webinar,MKT-AUTO,Education,Mid-Market,Closed Lost,2025-02-22,2025-02-22,23000.0,0,0.0,No Decision,5
L01594,2025-03-30,Minh Do,North,linkedin,REV-OPS,Financial Services,SMB,Closed Won,2025-04-15,2025-04-15,25200.0,0.03,1.0,,6
L01595,2026-02-23,Ha Vo,North,LinkedIn Ads,CRM-CORE,Technology,Mid-Market,Negotiation,2026-07-04,,16400.0,0,0.85,,5
L01596,2026-03-31,Quynh Vu,North,email nurture,CRM-CORE,Retail,Mid-Market,Closed Won,2026-06-12,2026-06-12,9600.0,0.03,1.0,,6
L01597,2026-01-20,Minh Do,North,LI Ads,CRM-CORE,Retail,SMB,Negotiation,2026-07-10,,7000.0,0.03,0.85,,5
L01598,2025-03-01,Ha Vo,North,Google Organic,CRM-CORE,Technology,SMB,Closed Lost,2025-05-04,2025-05-04,7700.0,0,0.0,No Decision,3
L01599,2026-04-18,Minh Do,North,SEO,CRM-CORE,Technology,SMB,Closed Lost,2026-06-09,2026-06-09,6600.0,0,0.0,Competitor,4
L01600,2025-04-12,Bao Tran,South,newsletter,CS-CLOUD,Healthcare,Mid-Market,Closed Lost,2025-05-15,2025-05-15,31000.0,0,0.0,Budget,4
L01601,2025-12-04,Ha Vo,North,SEO,REV-OPS,Retail,Mid-Market,Closed Lost,2026-02-26,2026-02-26,43000.0,0,0.0,Timing,3
L01602,2025-02-27,Minh Do,North,Google Ads,REV-OPS,Financial Services,SMB,Closed Lost,2025-04-09,2025-04-09,42000.0,0,0.0,Price,5
L01603,2026-02-17,Tuan Bui,Central,linkedin,CRM-PRO,Manufacturing,Mid-Market,Closed Won,2026-04-16,2026-04-16,37900.0,0.05,1.0,,6
L01604,2025-05-30,Quynh Vu,North,customer referral,CRM-PRO,Retail,SMB,Closed Won,2025-08-26,2025-08-26,25500.0,0.05,1.0,,6
L01605,2025-12-20,Ha Vo,North,Cold Email,CRM-CORE,Financial Services,SMB,Negotiation,2026-06-05,,10100.0,0,0.85,,5
L01606,2025-06-18,Tuan Bui,Central,LI Ads,BI-PLUS,Financial Services,SMB,Closed Won,2025-08-30,2025-08-30,22100.0,0.03,1.0,,6
L01607,2025-06-05,Tuan Bui,Central,Google Organic,CRM-PRO,Retail,Enterprise,Closed Won,2025-09-07,2025-09-07,86700.0,0.1,1.0,,6
L01608,2026-07-17,Quynh Vu,North,Google Organic,BI-PLUS,Professional Services,Mid-Market,Demo / Meeting,2026-08-19,,45700.0,0,0.4,,3
L01609,2026-05-02,Ha Vo,North,newsletter,MKT-AUTO,Technology,SMB,Closed Lost,2026-06-11,2026-06-11,20800.0,0,0.0,Price,2
L01610,2026-06-24,Bao Tran,South,Google Organic,MKT-AUTO,Retail,Mid-Market,Qualified,2026-08-24,,35300.0,0,0.2,,2
L01611,2026-07-07,Duy Pham,South,google cpc,CS-CLOUD,Professional Services,Mid-Market,Qualified,2026-08-05,,41700.0,0,0.2,,2
L01612,2026-01-06,Tuan Bui,Central,virtual event,REV-OPS,Professional Services,Mid-Market,Closed Lost,2026-02-11,2026-02-11,73100.0,0,0.0,Competitor,4
L01613,2025-09-12,Tuan Bui,Central,Referral,CS-CLOUD,Education,Mid-Market,Closed Lost,2025-10-18,2025-10-18,46100.0,0,0.0,Competitor,3
L01614,2025-03-11,Minh Do,North,Email Campaign,BI-PLUS,Technology,SMB,Closed Lost,2025-03-19,2025-03-19,24300.0,0,0.0,Price,2
L01615,2026-02-28,Tuan Bui,Central,LI Ads,CRM-CORE,Healthcare,SMB,Closed Won,2026-03-12,2026-03-12,4600.0,0,1.0,,6
L01616,2025-01-03,Ha Vo,North,Partner Referral,CRM-PRO,Professional Services,Mid-Market,Closed Lost,2025-03-01,2025-03-01,25600.0,0,0.0,Competitor,3
L01617,2026-02-11,Bao Tran,South,Partner Referral,BI-PLUS,Technology,SMB,Closed Won,2026-03-21,2026-03-21,15500.0,0.05,1.0,,6
L01618,2026-04-30,Duy Pham,South,google cpc,BI-PLUS,Technology,Mid-Market,Proposal,2026-06-28,,38500.0,0.05,0.65,,4
L01619,2025-08-17,Minh Do,North,email nurture,CS-CLOUD,Manufacturing,SMB,Closed Won,2025-08-29,2025-08-29,23100.0,0,1.0,,6
L01620,2026-05-19,Ha Vo,North,email nurture,REV-OPS,Manufacturing,Enterprise,Closed Lost,2026-06-16,2026-06-16,111500.0,0,0.0,Budget,4
L01621,2025-11-21,An Nguyen,South,organic search,REV-OPS,Financial Services,Mid-Market,Closed Lost,2026-02-09,2026-02-09,77500.0,0,0.0,Budget,4
L01622,2026-01-10,Duy Pham,South,organic search,MKT-AUTO,Professional Services,SMB,Closed Lost,2026-03-28,2026-03-28,14600.0,0,0.0,Competitor,4
L01623,2025-12-15,Ha Vo,North,google cpc,CRM-PRO,Professional Services,Mid-Market,Closed Lost,2026-01-28,2026-01-28,20100.0,0,0.0,Timing,4
L01624,2025-08-04,Minh Do,North,google cpc,CRM-PRO,Manufacturing,SMB,Closed Lost,2025-09-18,2025-09-18,15400.0,0,0.0,No Decision,2
L01625,2026-06-13,Minh Do,North,email nurture,CRM-PRO,Manufacturing,Mid-Market,Closed Won,2026-06-27,2026-06-27,22000.0,0.05,1.0,,6
L01626,2025-04-22,Ha Vo,North,customer referral,MKT-AUTO,Retail,Enterprise,Closed Won,2025-06-19,2025-06-19,65100.0,0.12,1.0,,6
L01627,2025-09-02,Quynh Vu,North,Referral,CS-CLOUD,Education,Mid-Market,Closed Lost,2025-10-01,2025-10-01,46400.0,0,0.0,Timing,4
L01628,2026-03-08,Chi Le,South,LI Ads,CS-CLOUD,Manufacturing,Mid-Market,Closed Lost,2026-05-15,2026-05-15,40000.0,0,0.0,Feature Gap,4
L01629,2026-04-15,An Nguyen,South,organic search,MKT-AUTO,Manufacturing,SMB,Closed Lost,2026-05-09,2026-05-09,20700.0,0,0.0,Feature Gap,2
L01630,2025-01-02,Ha Vo,North,google cpc,BI-PLUS,Manufacturing,SMB,Negotiation,2025-11-20,,25400.0,0.03,0.85,,5
L01631,2025-04-07,Minh Do,North,Outbound,BI-PLUS,Financial Services,Mid-Market,Closed Lost,2025-05-19,2025-05-19,40400.0,0,0.0,Timing,3
L01632,2025-11-01,Ha Vo,North,linkedin,CRM-CORE,Education,SMB,Closed Lost,2026-01-08,2026-01-08,9400.0,0,0.0,Price,4
L01633,2026-08-23,Minh Do,North,LinkedIn Ads,CRM-CORE,Healthcare,SMB,Qualified,2026-08-30,,10300.0,0,0.2,,2
L01634,2025-06-30,Duy Pham,South,newsletter,REV-OPS,Technology,Mid-Market,Closed Lost,2025-08-27,2025-08-27,57900.0,0,0.0,Timing,4
L01635,2025-10-27,An Nguyen,South,Google Ads,CRM-CORE,Retail,SMB,Negotiation,2026-04-07,,8500.0,0,0.85,,5
L01636,2026-07-16,Quynh Vu,North,organic search,MKT-AUTO,Education,Enterprise,Demo / Meeting,2026-08-23,,56800.0,0,0.4,,3
L01637,2025-06-22,An Nguyen,South,Google Organic,BI-PLUS,Financial Services,SMB,Closed Lost,2025-08-25,2025-08-25,13200.0,0,0.0,No Decision,2
L01638,2025-03-05,Quynh Vu,North,Webinar,REV-OPS,Technology,SMB,Closed Lost,2025-04-29,2025-04-29,40400.0,0,0.0,Timing,3
L01639,2025-05-10,Ha Vo,North,linkedin,CRM-PRO,Education,Enterprise,Closed Lost,2025-07-15,2025-07-15,87300.0,0,0.0,Competitor,3
L01640,2025-12-11,Duy Pham,South,Google Ads,CS-CLOUD,Manufacturing,Enterprise,Negotiation,2026-04-25,,88500.0,0.03,0.85,,5
L01641,2026-02-24,An Nguyen,South,LI Ads,CS-CLOUD,Healthcare,SMB,Closed Lost,2026-05-15,2026-05-15,12100.0,0,0.0,Feature Gap,4
L01642,2025-03-24,Tuan Bui,Central,Cold Email,REV-OPS,Retail,Enterprise,Negotiation,2026-06-15,,86100.0,0,0.85,,5
L01643,2025-01-12,Tuan Bui,Central,organic search,CRM-PRO,Retail,SMB,Closed Lost,2025-03-08,2025-03-08,21400.0,0,0.0,Feature Gap,2
L01644,2026-06-21,Minh Do,North,Partner Referral,CRM-PRO,Technology,SMB,Closed Lost,2026-07-22,2026-07-22,17300.0,0,0.0,No Decision,2
L01645,2025-01-30,Quynh Vu,North,Google Organic,CRM-PRO,Professional Services,SMB,Closed Won,2025-04-10,2025-04-10,12700.0,0.05,1.0,,6
L01646,2025-09-01,Duy Pham,South,SEM - Google,CRM-CORE,Professional Services,Mid-Market,Closed Lost,2025-11-04,2025-11-04,10300.0,0,0.0,Price,5
L01647,2026-01-25,Tuan Bui,Central,virtual event,CS-CLOUD,Professional Services,Mid-Market,Closed Lost,2026-03-01,2026-03-01,32600.0,0,0.0,Timing,3
L01648,2026-08-13,Ha Vo,North,Google Organic,CRM-CORE,Financial Services,Mid-Market,New,2026-08-23,,18700.0,0.03,0.05,,1
L01649,2025-11-26,Duy Pham,South,Email Campaign,CRM-CORE,Financial Services,SMB,Closed Lost,2025-12-18,2025-12-18,6300.0,0,0.0,Price,3
L01650,2026-04-13,Tuan Bui,Central,SEO,MKT-AUTO,Education,SMB,Closed Lost,2026-05-06,2026-05-06,15300.0,0,0.0,Competitor,4
L01651,2025-11-17,Duy Pham,South,linkedin,REV-OPS,Healthcare,Enterprise,Closed Won,2026-01-22,2026-01-22,125200.0,0.03,1.0,,6
L01652,2026-06-21,Chi Le,South,SEO,REV-OPS,Technology,SMB,Closed Lost,2026-06-29,2026-06-29,21100.0,0,0.0,Price,4
L01653,2025-10-09,Minh Do,North,LI Ads,CRM-PRO,Manufacturing,SMB,Closed Lost,2025-11-11,2025-11-11,25500.0,0,0.0,Timing,2
L01654,2025-06-27,Tuan Bui,Central,SDR Outreach,CS-CLOUD,Manufacturing,Mid-Market,Closed Lost,2025-07-31,2025-07-31,43000.0,0,0.0,Feature Gap,3
L01655,2025-12-11,Tuan Bui,Central,Outbound,CS-CLOUD,Healthcare,Mid-Market,Closed Lost,2026-02-17,2026-02-17,21100.0,0,0.0,No Decision,3
L01656,2025-03-23,Bao Tran,South,Partner Referral,CRM-CORE,Financial Services,SMB,Negotiation,2026-02-24,,5200.0,0.03,0.85,,5
L01657,2025-01-07,Chi Le,South,SEO,CRM-CORE,Technology,Mid-Market,Closed Lost,2025-01-31,2025-01-31,15500.0,0,0.0,Price,5
L01658,2025-11-05,Ha Vo,North,Outbound,CRM-PRO,Manufacturing,SMB,Negotiation,2026-06-27,,24300.0,0,0.85,,5
L01659,2025-01-31,An Nguyen,South,virtual event,MKT-AUTO,Retail,SMB,Closed Lost,2025-03-30,2025-03-30,19600.0,0,0.0,Budget,3
L01660,2025-10-18,Duy Pham,South,customer referral,BI-PLUS,Healthcare,SMB,Closed Lost,2025-11-18,2025-11-18,14700.0,0,0.0,No Decision,4
L01661,2026-01-06,Minh Do,North,Email Campaign,CRM-CORE,Retail,SMB,Closed Lost,2026-02-13,2026-02-13,9600.0,0,0.0,No Decision,5
L01662,2026-02-16,Duy Pham,South,SEM - Google,CS-CLOUD,Professional Services,SMB,Closed Lost,2026-03-28,2026-03-28,18900.0,0,0.0,Budget,5
L01663,2025-07-12,Bao Tran,South,Google Organic,CRM-PRO,Healthcare,SMB,Closed Lost,2025-08-15,2025-08-15,20700.0,0,0.0,No Decision,5
L01664,2025-08-17,Minh Do,North,Partner Referral,CRM-PRO,Healthcare,Mid-Market,Closed Lost,2025-09-28,2025-09-28,22100.0,0,0.0,Feature Gap,3
L01665,2026-03-26,Minh Do,North,google cpc,CRM-CORE,Healthcare,Enterprise,Closed Won,2026-06-01,2026-06-01,28800.0,0,1.0,,6
L01666,2025-02-22,Duy Pham,South,Outbound,BI-PLUS,Education,Enterprise,Closed Lost,2025-03-29,2025-03-29,96500.0,0,0.0,Competitor,3
L01667,2025-02-14,Ha Vo,North,Google Ads,CS-CLOUD,Manufacturing,SMB,Closed Won,2025-04-15,2025-04-15,23000.0,0.1,1.0,,6
L01668,2025-06-15,Bao Tran,South,virtual event,CRM-CORE,Professional Services,Enterprise,Closed Lost,2025-07-17,2025-07-17,18000.0,0,0.0,No Decision,5
L01669,2025-01-07,Ha Vo,North,Unknown Event,REV-OPS,Professional Services,Mid-Market,Closed Lost,2025-03-05,2025-03-05,80300.0,0,0.0,Competitor,2
L01670,2025-04-15,Chi Le,South,Webinar,CS-CLOUD,Retail,SMB,Negotiation,2026-01-08,,25000.0,0.05,0.85,,5
L01671,2025-09-19,Tuan Bui,Central,LinkedIn Ads,CRM-PRO,Financial Services,SMB,Closed Won,2025-10-01,2025-10-01,18700.0,0,1.0,,6
L01672,2025-03-03,Ha Vo,North,virtual event,MKT-AUTO,Education,SMB,Closed Lost,2025-04-15,2025-04-15,9800.0,0,0.0,No Decision,2
L01673,2025-10-04,Quynh Vu,North,LinkedIn Ads,BI-PLUS,Professional Services,Enterprise,Closed Lost,2025-11-23,2025-11-23,91100.0,0,0.0,Competitor,2
L01674,2026-01-29,Quynh Vu,North,Google Ads,BI-PLUS,Financial Services,Mid-Market,Closed Lost,2026-04-09,2026-04-09,41600.0,0,0.0,Competitor,4
L01675,2025-04-07,Bao Tran,South,Unknown Event,BI-PLUS,Manufacturing,Mid-Market,Closed Lost,2025-05-07,2025-05-07,23500.0,0,0.0,Budget,4
L01676,2026-08-16,Chi Le,South,SDR Outreach,MKT-AUTO,Technology,SMB,Closed Lost,2026-09-01,2026-09-01,15000.0,0,0.0,No Decision,2
L01677,2025-05-06,An Nguyen,South,Webinar,MKT-AUTO,Retail,SMB,Closed Lost,2025-05-30,2025-05-30,9900.0,0,0.0,Budget,4
L01678,2025-06-01,Duy Pham,South,Google Ads,CRM-CORE,Professional Services,Mid-Market,Negotiation,2026-03-08,,13100.0,0.05,0.85,,5
L01679,2026-07-21,Bao Tran,South,google cpc,CRM-CORE,Retail,SMB,Qualified,2026-08-07,,6500.0,0.03,0.2,,2
L01680,2025-03-07,Quynh Vu,North,Google Ads,CRM-PRO,Manufacturing,SMB,Closed Won,2025-06-01,2025-06-01,21200.0,0.12,1.0,,6
L01681,2025-08-02,Bao Tran,South,SEO,MKT-AUTO,Technology,Mid-Market,Closed Lost,2025-10-01,2025-10-01,35600.0,0,0.0,Competitor,2
L01682,2025-08-11,Bao Tran,South,Cold Email,CRM-CORE,Healthcare,Mid-Market,Negotiation,2026-01-18,,16900.0,0.03,0.85,,5
L01683,2025-10-29,Chi Le,South,organic search,MKT-AUTO,Education,SMB,Closed Lost,2025-11-13,2025-11-13,9300.0,0,0.0,Timing,2
L01684,2026-08-14,Tuan Bui,Central,Google Organic,CRM-PRO,Education,Enterprise,New,2026-08-22,,69400.0,0.05,0.05,,1
L01685,2025-03-10,Bao Tran,South,organic search,CS-CLOUD,Retail,Mid-Market,Closed Lost,2025-04-17,2025-04-17,25200.0,0,0.0,Budget,3
L01686,2026-01-02,An Nguyen,South,Partner Referral,CS-CLOUD,Professional Services,Mid-Market,Closed Lost,2026-02-08,2026-02-08,40300.0,0,0.0,Price,2
L01687,2025-02-13,An Nguyen,South,customer referral,CRM-PRO,Professional Services,Mid-Market,Closed Lost,2025-03-27,2025-03-27,23100.0,0,0.0,Budget,2
L01688,2026-07-08,Duy Pham,South,SEO,REV-OPS,Financial Services,Mid-Market,Qualified,2026-07-30,,65700.0,0,0.2,,2
L01689,2026-06-20,Tuan Bui,Central,Partner Referral,REV-OPS,Manufacturing,SMB,Closed Lost,2026-08-14,2026-08-14,29100.0,0,0.0,Timing,4
L01690,2026-01-04,Chi Le,South,virtual event,BI-PLUS,Professional Services,Mid-Market,Closed Won,2026-04-07,2026-04-07,28300.0,0.08,1.0,,6
L01691,2025-05-27,Ha Vo,North,Email Campaign,CRM-CORE,Education,SMB,Closed Lost,2025-07-03,2025-07-03,8000.0,0,0.0,Price,2
L01692,2025-06-24,Ha Vo,North,SEO,REV-OPS,Education,Enterprise,Closed Lost,2025-08-26,2025-08-26,159700.0,0,0.0,No Decision,5
L01693,2025-12-07,An Nguyen,South,Google Ads,CRM-CORE,Financial Services,Enterprise,Closed Lost,2025-12-24,2025-12-24,29300.0,0,0.0,Budget,3
L01694,2025-04-09,Quynh Vu,North,email nurture,MKT-AUTO,Manufacturing,SMB,Closed Lost,2025-04-23,2025-04-23,17900.0,0,0.0,Timing,2
L01695,2026-08-08,Duy Pham,South,linkedin,CS-CLOUD,Manufacturing,Mid-Market,Closed Won,2026-09-01,2026-09-01,41600.0,0,1.0,,6
L01696,2025-07-27,Duy Pham,South,linkedin,CS-CLOUD,Financial Services,SMB,Negotiation,2026-06-04,,16700.0,0,0.85,,5
L01697,2025-08-13,Chi Le,South,Email Campaign,MKT-AUTO,Professional Services,SMB,Closed Lost,2025-10-22,2025-10-22,10200.0,0,0.0,Competitor,4
L01698,2026-03-11,An Nguyen,South,Email Campaign,CRM-CORE,Retail,SMB,Negotiation,2026-05-19,,9000.0,0,0.85,,5
L01699,2025-11-19,Minh Do,North,newsletter,MKT-AUTO,Technology,Enterprise,Closed Lost,2026-01-01,2026-01-01,52500.0,0,0.0,Competitor,4
L01700,2026-04-20,Ha Vo,North,google cpc,CRM-PRO,Financial Services,Mid-Market,Closed Won,2026-06-10,2026-06-10,35100.0,0.12,1.0,,6
L01701,2026-05-23,Chi Le,South,google cpc,CRM-CORE,Technology,Mid-Market,Closed Lost,2026-06-23,2026-06-23,9100.0,0,0.0,Budget,5
L01702,2026-03-19,Tuan Bui,Central,newsletter,MKT-AUTO,Healthcare,Mid-Market,Closed Lost,2026-05-08,2026-05-08,30400.0,0,0.0,Price,4
L01703,2025-02-16,Tuan Bui,Central,google cpc,REV-OPS,Financial Services,SMB,Closed Lost,2025-04-10,2025-04-10,25000.0,0,0.0,Price,4
L01704,2025-11-16,Ha Vo,North,customer referral,CRM-CORE,Financial Services,SMB,Closed Lost,2025-12-29,2025-12-29,10100.0,0,0.0,Price,3
L01705,2026-01-12,Quynh Vu,North,Cold Email,CRM-CORE,Technology,SMB,Closed Lost,2026-01-28,2026-01-28,5400.0,0,0.0,Competitor,5
L01706,2026-07-28,Ha Vo,North,Cold Email,CRM-CORE,Professional Services,SMB,Qualified,2026-08-24,,4700.0,0,0.2,,2
L01707,2025-07-12,Minh Do,North,LinkedIn Ads,REV-OPS,Technology,Mid-Market,Closed Lost,2025-08-08,2025-08-08,73500.0,0,0.0,No Decision,2
L01708,2026-02-07,Chi Le,South,LI Ads,REV-OPS,Retail,Mid-Market,Negotiation,2026-07-16,,69100.0,0.03,0.85,,5
L01709,2025-07-08,Ha Vo,North,newsletter,BI-PLUS,Technology,Enterprise,Closed Won,2025-09-09,2025-09-09,48700.0,0.08,1.0,,6
L01710,2025-08-28,Tuan Bui,Central,Outbound,BI-PLUS,Retail,Enterprise,Closed Lost,2025-11-06,2025-11-06,75600.0,0,0.0,Timing,5
L01711,2026-06-21,Chi Le,South,SEM - Google,CRM-CORE,Manufacturing,Enterprise,Closed Lost,2026-06-29,2026-06-29,22000.0,0,0.0,No Decision,2
L01712,2025-03-27,An Nguyen,South,SEM - Google,CS-CLOUD,Education,Mid-Market,Closed Lost,2025-04-22,2025-04-22,28700.0,0,0.0,Price,5
L01713,2025-07-03,Minh Do,North,Partner Referral,CRM-CORE,Retail,Mid-Market,Closed Lost,2025-08-06,2025-08-06,15300.0,0,0.0,Budget,5
L01714,2026-06-05,Minh Do,North,google cpc,CRM-CORE,Manufacturing,SMB,Closed Lost,2026-07-25,2026-07-25,10000.0,0,0.0,Feature Gap,5
L01715,2025-07-05,Tuan Bui,Central,Google Organic,MKT-AUTO,Professional Services,SMB,Closed Lost,2025-08-12,2025-08-12,18500.0,0,0.0,Price,2
L01716,2026-06-28,Minh Do,North,LI Ads,CRM-CORE,Technology,SMB,Demo / Meeting,2026-08-08,,9900.0,0.03,0.4,,3
L01717,2025-02-21,Minh Do,North,Webinar,CRM-CORE,Retail,Enterprise,Closed Lost,2025-04-05,2025-04-05,22500.0,0,0.0,Budget,4
L01718,2026-01-28,Chi Le,South,Cold Email,CRM-CORE,Manufacturing,Mid-Market,Closed Lost,2026-04-08,2026-04-08,17100.0,0,0.0,Price,2
L01719,2025-07-23,Tuan Bui,Central,organic search,CRM-PRO,Manufacturing,Mid-Market,Closed Lost,2025-09-23,2025-09-23,35900.0,0,0.0,No Decision,5
L01720,2025-12-28,An Nguyen,South,google cpc,CS-CLOUD,Healthcare,Mid-Market,Closed Lost,2026-02-10,2026-02-10,44500.0,0,0.0,Budget,5
L01721,2025-12-28,Quynh Vu,North,organic search,CRM-CORE,Technology,Mid-Market,Closed Lost,2026-02-02,2026-02-02,18400.0,0,0.0,Price,3
L01722,2025-03-31,Quynh Vu,North,Email Campaign,CS-CLOUD,Manufacturing,SMB,Closed Won,2025-05-01,2025-05-01,25900.0,0.08,1.0,,6
L01723,2025-07-01,Minh Do,North,LinkedIn Ads,CRM-PRO,Financial Services,Mid-Market,Closed Lost,2025-08-19,2025-08-19,34700.0,0,0.0,Timing,4
L01724,2026-07-27,Quynh Vu,North,Partner Referral,CRM-PRO,Financial Services,Mid-Market,Demo / Meeting,2026-08-19,,30000.0,0,0.4,,3
L01725,2025-03-23,An Nguyen,South,SEO,CRM-CORE,Retail,SMB,Closed Lost,2025-04-20,2025-04-20,8700.0,0,0.0,Timing,4
L01726,2026-05-15,Bao Tran,South,virtual event,CRM-PRO,Retail,Mid-Market,Proposal,2026-07-03,,35700.0,0,0.65,,4
L01727,2026-07-29,Quynh Vu,North,Email Campaign,BI-PLUS,Healthcare,Enterprise,Closed Won,2026-09-01,2026-09-01,95200.0,0.1,1.0,,6
L01728,2025-05-07,Chi Le,South,SEM - Google,CS-CLOUD,Financial Services,SMB,Closed Lost,2025-07-05,2025-07-05,26800.0,0,0.0,No Decision,4
L01729,2026-03-25,Duy Pham,South,Unknown Event,MKT-AUTO,Healthcare,SMB,Closed Won,2026-05-10,2026-05-10,16300.0,0.08,1.0,,6
L01730,2026-02-11,Chi Le,South,newsletter,REV-OPS,Financial Services,Mid-Market,Negotiation,2026-06-14,,85900.0,0.05,0.85,,5
L01731,2025-08-15,Minh Do,North,Email Campaign,REV-OPS,Financial Services,SMB,Closed Lost,2025-09-28,2025-09-28,23300.0,0,0.0,Feature Gap,3
L01732,2025-09-22,Minh Do,North,Google Ads,REV-OPS,Manufacturing,Mid-Market,Closed Lost,2025-10-30,2025-10-30,43600.0,0,0.0,Budget,3
L01733,2026-02-14,Quynh Vu,North,google cpc,CRM-CORE,Financial Services,Mid-Market,Negotiation,2026-05-29,,8000.0,0.03,0.85,,5
L01734,2025-09-03,Duy Pham,South,email nurture,CS-CLOUD,Healthcare,Enterprise,Closed Lost,2025-10-08,2025-10-08,46600.0,0,0.0,Price,5
L01735,2026-07-15,Ha Vo,North,linkedin,CRM-CORE,Technology,Mid-Market,Closed Won,2026-09-01,2026-09-01,10400.0,0.1,1.0,,6
L01736,2025-04-18,Quynh Vu,North,google cpc,REV-OPS,Manufacturing,Mid-Market,Closed Won,2025-07-29,2025-07-29,65100.0,0.08,1.0,,6
L01737,2025-11-19,Ha Vo,North,SEM - Google,CRM-CORE,Healthcare,SMB,Closed Lost,2025-12-06,2025-12-06,5700.0,0,0.0,Timing,4
L01738,2025-09-17,Quynh Vu,North,virtual event,MKT-AUTO,Technology,SMB,Closed Lost,2025-10-09,2025-10-09,14500.0,0,0.0,No Decision,3
L01739,2025-06-24,Tuan Bui,Central,Outbound,CS-CLOUD,Manufacturing,Enterprise,Closed Lost,2025-08-11,2025-08-11,78700.0,0,0.0,Price,3
L01740,2025-11-01,An Nguyen,South,Email Campaign,BI-PLUS,Manufacturing,SMB,Closed Lost,2025-12-21,2025-12-21,24000.0,0,0.0,Price,5
L01741,2025-01-03,An Nguyen,South,Cold Email,CS-CLOUD,Retail,Enterprise,Closed Lost,2025-02-20,2025-02-20,63200.0,0,0.0,Competitor,5
L01742,2025-04-21,Tuan Bui,Central,Conference Scan,CRM-CORE,Technology,Mid-Market,Negotiation,2026-04-24,,16600.0,0.03,0.85,,5
L01743,2026-02-15,Bao Tran,South,Referral,CRM-CORE,Financial Services,SMB,Closed Lost,2026-04-09,2026-04-09,8300.0,0,0.0,Competitor,3
L01744,2025-12-30,Bao Tran,South,SDR Outreach,CRM-CORE,Technology,SMB,Negotiation,2026-05-02,,5100.0,0,0.85,,5
L01745,2025-08-06,Bao Tran,South,SDR Outreach,CRM-PRO,Healthcare,SMB,Closed Lost,2025-09-11,2025-09-11,18700.0,0,0.0,Budget,3
L01746,2025-09-30,An Nguyen,South,google cpc,CRM-PRO,Financial Services,Enterprise,Closed Won,2025-11-07,2025-11-07,62000.0,0.05,1.0,,6
L01747,2025-04-17,Duy Pham,South,organic search,MKT-AUTO,Financial Services,SMB,Closed Lost,2025-07-17,2025-07-17,12500.0,0,0.0,Competitor,4
L01748,2025-06-22,Chi Le,South,Cold Email,MKT-AUTO,Healthcare,Enterprise,Closed Lost,2025-07-27,2025-07-27,55900.0,0,0.0,Budget,2
L01749,2026-03-08,An Nguyen,South,google cpc,BI-PLUS,Manufacturing,Mid-Market,Closed Lost,2026-05-07,2026-05-07,44600.0,0,0.0,No Decision,3
L01750,2026-07-23,Duy Pham,South,customer referral,MKT-AUTO,Healthcare,SMB,Closed Lost,2026-09-01,2026-09-01,9000.0,0,0.0,Budget,2
L01751,2026-07-31,Minh Do,North,email nurture,CRM-CORE,Manufacturing,Mid-Market,Closed Lost,2026-09-01,2026-09-01,17600.0,0,0.0,Price,3
L01752,2025-12-11,Ha Vo,North,Google Ads,MKT-AUTO,Professional Services,SMB,Closed Lost,2026-01-27,2026-01-27,19000.0,0,0.0,Price,4
L01753,2026-02-26,Ha Vo,North,organic search,MKT-AUTO,Financial Services,SMB,Closed Lost,2026-04-16,2026-04-16,20300.0,0,0.0,Timing,4
L01754,2025-09-30,An Nguyen,South,Google Organic,CRM-PRO,Professional Services,SMB,Closed Lost,2025-11-19,2025-11-19,24500.0,0,0.0,No Decision,4
L01755,2025-01-11,Chi Le,South,Conference Scan,REV-OPS,Manufacturing,SMB,Closed Lost,2025-02-20,2025-02-20,36300.0,0,0.0,Price,3
L01756,2025-10-04,Bao Tran,South,SEO,CRM-PRO,Retail,SMB,Closed Lost,2025-11-15,2025-11-15,12800.0,0,0.0,Feature Gap,4
L01757,2025-01-28,Duy Pham,South,SEO,MKT-AUTO,Professional Services,SMB,Closed Lost,2025-03-09,2025-03-09,16000.0,0,0.0,No Decision,4
L01758,2026-07-10,An Nguyen,South,Referral,MKT-AUTO,Professional Services,Mid-Market,Demo / Meeting,2026-08-18,,20900.0,0,0.4,,3
L01759,2025-02-01,Minh Do,North,google cpc,MKT-AUTO,Technology,SMB,Closed Lost,2025-03-22,2025-03-22,19000.0,0,0.0,No Decision,2
L01760,2025-06-26,Tuan Bui,Central,Email Campaign,BI-PLUS,Financial Services,Enterprise,Closed Lost,2025-08-17,2025-08-17,104700.0,0,0.0,Feature Gap,3
L01761,2026-07-09,An Nguyen,South,linkedin,MKT-AUTO,Technology,SMB,Closed Lost,2026-07-23,2026-07-23,19700.0,0,0.0,Timing,4
L01762,2025-08-05,Bao Tran,South,newsletter,REV-OPS,Technology,SMB,Closed Lost,2025-10-27,2025-10-27,20900.0,0,0.0,Timing,2
L01763,2025-02-27,Bao Tran,South,Cold Email,MKT-AUTO,Technology,SMB,Closed Lost,2025-04-17,2025-04-17,17700.0,0,0.0,Timing,3
L01764,2026-02-11,Minh Do,North,newsletter,BI-PLUS,Healthcare,SMB,Closed Lost,2026-03-16,2026-03-16,27100.0,0,0.0,No Decision,2
L01765,2025-02-25,Duy Pham,South,Referral,CRM-PRO,Manufacturing,Mid-Market,Negotiation,2026-01-15,,42600.0,0.05,0.85,,5
L01766,2025-09-02,Chi Le,South,Cold Email,CRM-CORE,Retail,Enterprise,Negotiation,2026-04-11,,19300.0,0,0.85,,5
L01767,2026-05-27,An Nguyen,South,newsletter,CRM-CORE,Retail,Enterprise,Proposal,2026-07-08,,20000.0,0,0.65,,4
L01768,2025-01-19,Minh Do,North,Google Organic,REV-OPS,Technology,SMB,Closed Lost,2025-02-28,2025-02-28,26500.0,0,0.0,No Decision,2
L01769,2025-05-06,Quynh Vu,North,SEO,CRM-PRO,Manufacturing,SMB,Closed Lost,2025-05-26,2025-05-26,17400.0,0,0.0,Budget,2
L01770,2025-05-02,An Nguyen,South,Webinar,CS-CLOUD,Financial Services,Mid-Market,Closed Won,2025-05-14,2025-05-14,22600.0,0.05,1.0,,6
L01771,2025-04-21,Quynh Vu,North,email nurture,CRM-CORE,Healthcare,SMB,Closed Lost,2025-06-14,2025-06-14,9000.0,0,0.0,Competitor,4
L01772,2026-01-09,Duy Pham,South,SDR Outreach,CRM-PRO,Retail,SMB,Closed Lost,2026-03-12,2026-03-12,22000.0,0,0.0,Budget,4
L01773,2025-06-08,Minh Do,North,LI Ads,CS-CLOUD,Manufacturing,Mid-Market,Closed Lost,2025-07-23,2025-07-23,38400.0,0,0.0,Competitor,4
L01774,2025-11-25,Duy Pham,South,Google Ads,MKT-AUTO,Financial Services,Mid-Market,Closed Won,2026-02-07,2026-02-07,34500.0,0.05,1.0,,6
L01775,2025-07-21,Ha Vo,North,google cpc,BI-PLUS,Professional Services,SMB,Closed Won,2025-09-30,2025-09-30,25300.0,0.08,1.0,,6
L01776,2026-01-17,Quynh Vu,North,SEM - Google,MKT-AUTO,Financial Services,Mid-Market,Closed Lost,2026-03-23,2026-03-23,34600.0,0,0.0,No Decision,4
L01777,2026-03-30,Minh Do,North,Google Ads,MKT-AUTO,Retail,SMB,Closed Lost,2026-04-16,2026-04-16,19100.0,0,0.0,Timing,4
L01778,2026-04-22,Ha Vo,North,Webinar,CS-CLOUD,Healthcare,SMB,Closed Won,2026-06-14,2026-06-14,18600.0,0.08,1.0,,6
L01779,2025-10-15,Bao Tran,South,Google Organic,BI-PLUS,Healthcare,SMB,Closed Lost,2025-11-29,2025-11-29,28100.0,0,0.0,Competitor,4
L01780,2025-09-02,Quynh Vu,North,Partner Referral,CS-CLOUD,Manufacturing,Enterprise,Closed Lost,2025-10-21,2025-10-21,96300.0,0,0.0,No Decision,3
L01781,2025-09-18,Ha Vo,North,Google Ads,CS-CLOUD,Retail,SMB,Closed Won,2025-11-25,2025-11-25,13400.0,0,1.0,,6
L01782,2025-12-14,Quynh Vu,North,email nurture,CS-CLOUD,Retail,SMB,Closed Won,2026-02-05,2026-02-05,13800.0,0,1.0,,6
L01783,2025-09-10,Duy Pham,South,linkedin,CS-CLOUD,Manufacturing,Mid-Market,Closed Won,2025-11-16,2025-11-16,49300.0,0,1.0,,6
L01784,2025-03-22,Bao Tran,South,SDR Outreach,CRM-PRO,Manufacturing,SMB,Closed Lost,2025-05-26,2025-05-26,25200.0,0,0.0,Price,4
L01785,2026-03-05,Tuan Bui,Central,organic search,CRM-PRO,Professional Services,Mid-Market,Negotiation,2026-06-12,,23300.0,0,0.85,,5
L01786,2025-03-05,Ha Vo,North,linkedin,BI-PLUS,Retail,Mid-Market,Closed Won,2025-05-15,2025-05-15,46700.0,0,1.0,,6
L01787,2025-03-30,Tuan Bui,Central,SEM - Google,CRM-CORE,Manufacturing,Mid-Market,Negotiation,2026-04-03,,18100.0,0.03,0.85,,5
L01788,2025-02-10,Ha Vo,North,LinkedIn Ads,CRM-PRO,Education,Mid-Market,Closed Won,2025-04-21,2025-04-21,27100.0,0,1.0,,6
L01789,2026-08-29,Tuan Bui,Central,Cold Email,BI-PLUS,Retail,SMB,New,2026-08-31,,23600.0,0,0.05,,1
L01790,2026-07-25,An Nguyen,South,LI Ads,MKT-AUTO,Healthcare,Mid-Market,Closed Won,2026-09-01,2026-09-01,28000.0,0.12,1.0,,6
L01791,2025-11-09,Ha Vo,North,Google Ads,CRM-PRO,Healthcare,SMB,Closed Lost,2026-01-07,2026-01-07,10900.0,0,0.0,No Decision,5
L01792,2025-12-30,Bao Tran,South,Cold Email,MKT-AUTO,Technology,Mid-Market,Negotiation,2026-07-17,,25900.0,0,0.85,,5
L01793,2026-08-03,Quynh Vu,North,email nurture,MKT-AUTO,Financial Services,Mid-Market,Closed Lost,2026-09-01,2026-09-01,28000.0,0,0.0,Budget,2
L01794,2026-01-23,Minh Do,North,SEO,CRM-CORE,Manufacturing,SMB,Closed Won,2026-03-30,2026-03-30,10100.0,0.03,1.0,,6
L01795,2025-03-15,Minh Do,North,google cpc,CRM-CORE,Manufacturing,SMB,Closed Lost,2025-04-27,2025-04-27,7700.0,0,0.0,Price,3
L01796,2026-08-07,Ha Vo,North,newsletter,CS-CLOUD,Retail,Enterprise,New,2026-08-25,,89700.0,0.03,0.05,,1
L01797,2025-03-13,Tuan Bui,Central,linkedin,CRM-PRO,Professional Services,SMB,Closed Lost,2025-04-30,2025-04-30,11100.0,0,0.0,Price,3
L01798,2025-02-15,Bao Tran,South,Outbound,BI-PLUS,Professional Services,SMB,Closed Won,2025-05-03,2025-05-03,13600.0,0,1.0,,6
L01799,2026-03-20,Bao Tran,South,Webinar,BI-PLUS,Retail,Mid-Market,Closed Lost,2026-04-25,2026-04-25,25100.0,0,0.0,No Decision,3
L01800,2025-10-24,Tuan Bui,Central,Webinar,BI-PLUS,Financial Services,SMB,Closed Lost,2025-12-27,2025-12-27,25600.0,0,0.0,Price,2
