CampaignID,StartDate,EndDate,Channel,Impressions,Clicks,Leads,Conversions,Cost_USD,Revenue_USD,ROI
CAMP00001,2025-11-23,2025-12-09,Search,102725,6365,1492,388,9356.37,41907.9,3.4791
CAMP00002,2025-06-24,2025-07-20,Social,41985,1045,145,27,893.97,2126.43,1.3786
CAMP00003,2025-01-02,2025-01-10,Email,65728,4402,1113,221,3122.91,14054.47,3.5004
CAMP00004,2025-05-17,2025-06-10,Email,38986,3569,1029,224,2811.11,16703.57,4.942
CAMP00005,2025-10-07,2025-10-17,Email,98671,10314,3177,753,7331.82,42075.82,4.7388
CAMP00006,2025-07-22,2025-08-13,Display,39290,417,43,8,260.59,681.51,1.6153
CAMP00007,2025-02-19,2025-03-07,Influencer,32678,865,142,22,959.87,1449.45,0.51
CAMP00008,2025-08-28,2025-09-15,Search,76589,4252,938,240,5440.41,23934.07,3.3993
CAMP00009,2025-09-14,2025-10-02,Social,95534,3132,572,112,2071.88,8285.98,2.9993
CAMP00010,2025-09-17,2025-10-09,Search,54400,2586,574,122,3657.89,7673.92,1.0979
CAMP00011,2025-10-21,2025-10-27,Influencer,40660,1562,308,82,1758.93,4958.61,1.8191
CAMP00012,2025-04-27,2025-05-15,Influencer,27669,913,147,29,1130.51,1889.87,0.6717
CAMP00013,2025-09-09,2025-10-02,Social,30622,588,87,10,450.55,674.43,0.4969
CAMP00014,2025-07-02,2025-07-11,Display,71176,939,97,17,640.43,965.72,0.5079
CAMP00015,2025-12-12,2025-12-31,Social,34678,702,123,13,561.52,890.52,0.5859
CAMP00016,2025-02-20,2025-03-17,Display,57766,592,46,6,336.6,437.11,0.2986
CAMP00017,2025-04-06,2025-04-12,Email,70149,5127,1354,260,3987.17,18234.22,3.5732
CAMP00018,2025-12-13,2025-12-19,Email,75493,4570,1058,188,3239.34,10673.43,2.2949
CAMP00019,2025-06-29,2025-07-14,Search,76921,4432,972,234,6536.85,20280.85,2.1025
CAMP00020,2025-11-27,2025-12-14,Search,147190,8219,1797,419,10087.07,37687.48,2.7362
CAMP00021,2025-02-11,2025-02-23,Social,111944,2927,488,97,2097.29,8533.19,3.0687
CAMP00022,2025-02-28,2025-03-25,Email,40319,2780,704,129,2739.68,6191.3,1.2599
CAMP00023,2025-07-18,2025-07-30,Social,33866,1254,260,55,1090.15,3443.23,2.1585
CAMP00024,2025-10-25,2025-11-09,Search,28584,2003,464,120,3359.74,9895.4,1.9453
CAMP00025,2025-01-11,2025-01-29,Email,54406,4131,1085,215,3838.16,10409.27,1.712
CAMP00026,2025-11-13,2025-12-10,Email,129825,10182,2627,555,8459.57,42060.82,3.972
CAMP00027,2025-12-08,2025-12-18,Search,34010,1975,427,102,2965.61,8919.75,2.0077
CAMP00028,2025-11-07,2025-11-21,Social,38443,939,143,31,618.11,2858.4,3.6244
CAMP00029,2025-04-23,2025-05-19,Email,31720,2324,612,118,2601.96,9282.22,2.5674
CAMP00030,2025-11-11,2025-12-01,Search,34637,2004,447,115,3133.42,8866.98,1.8298
CAMP00031,2025-07-24,2025-08-08,Search,46949,2391,478,109,2976.73,9413.46,2.1623
CAMP00032,2025-02-15,2025-02-26,Display,75149,824,72,4,482.82,215.52,-0.5536
CAMP00033,2025-06-14,2025-06-26,Display,133069,1732,181,31,1113.2,2099.24,0.8858
CAMP00034,2025-01-04,2025-01-12,Social,36714,844,126,23,703.53,1725.27,1.4523
CAMP00035,2025-10-26,2025-11-18,Email,70350,4260,975,189,4164.3,12899.37,2.0976
CAMP00036,2025-06-06,2025-06-26,Influencer,66077,1946,292,63,2130.72,7388.02,2.4674
CAMP00037,2025-09-09,2025-09-26,Social,96444,2679,439,81,2162.06,5208.15,1.4089
CAMP00038,2025-03-28,2025-04-22,Email,81104,5316,1276,248,4358.94,20160.26,3.625
CAMP00039,2025-10-09,2025-11-02,Influencer,53870,1684,290,65,1901.61,5321.53,1.7984
CAMP00040,2025-10-30,2025-11-19,Email,16648,1421,409,93,967.82,5892.22,5.0881
CAMP00041,2025-05-19,2025-06-04,Social,92666,1545,215,29,1108.87,1316.05,0.1868
CAMP00042,2025-06-03,2025-06-13,Email,76731,3935,862,178,2952.53,12410.12,3.2032
CAMP00043,2025-09-11,2025-10-06,Search,47070,2808,615,145,4316.46,14401.22,2.3363
CAMP00044,2025-07-10,2025-08-06,Social,57323,1407,213,37,1091.87,2452.94,1.2465
CAMP00045,2025-02-17,2025-03-03,Search,93754,5319,1182,287,6813.04,23599.04,2.4638
CAMP00046,2025-10-07,2025-10-17,Social,92142,2615,441,87,1932.42,7348.6,2.8028
CAMP00047,2025-01-15,2025-02-05,Social,90918,1913,294,49,1682.92,3833.74,1.278
CAMP00048,2025-11-11,2025-12-01,Search,55565,3118,673,150,3517.0,12962.97,2.6858
CAMP00049,2025-04-09,2025-04-27,Display,19694,211,17,1,143.12,49.81,-0.652
CAMP00050,2025-12-23,2026-01-18,Social,63186,1360,196,32,1120.0,1769.62,0.58
CAMP00051,2025-03-02,2025-03-12,Social,103848,2135,328,54,1643.89,3806.39,1.3155
CAMP00052,2025-06-22,2025-07-04,Email,42009,2954,709,139,2567.74,6997.56,1.7252
CAMP00053,2025-03-16,2025-04-09,Email,67017,5342,1438,341,4134.31,18963.61,3.5869
CAMP00054,2025-12-18,2026-01-08,Social,75776,2302,406,75,2315.14,5995.75,1.5898
CAMP00055,2025-06-17,2025-07-08,Email,34177,2474,589,116,2763.09,6120.5,1.2151
CAMP00056,2025-10-13,2025-10-24,Social,83235,2092,311,62,2113.99,5004.58,1.3674
CAMP00057,2025-08-13,2025-09-02,Social,72820,1750,273,43,1391.21,3887.39,1.7943
CAMP00058,2025-06-21,2025-07-18,Email,35718,1987,451,78,1251.84,6070.35,3.8491
CAMP00059,2025-06-10,2025-07-03,Search,17548,862,174,38,1239.61,2696.09,1.175
CAMP00060,2025-06-08,2025-06-14,Display,40229,393,38,1,262.45,62.7,-0.7611
CAMP00061,2025-03-12,2025-03-23,Social,46175,1391,267,42,1195.73,2758.08,1.3066
CAMP00062,2025-04-07,2025-04-15,Email,181295,13015,3277,636,10315.22,40882.97,2.9634
CAMP00063,2025-09-27,2025-10-03,Social,56206,1139,171,26,881.78,2192.15,1.4861
CAMP00064,2025-09-10,2025-10-06,Search,24536,1534,376,91,2385.17,8823.67,2.6994
CAMP00065,2025-01-15,2025-02-06,Influencer,24041,861,158,32,1000.58,3450.29,2.4483
CAMP00066,2025-05-06,2025-05-29,Influencer,71828,2670,507,118,2667.11,10521.74,2.945
CAMP00067,2025-05-22,2025-06-09,Search,80520,5598,1353,393,8759.97,27129.81,2.097
CAMP00068,2025-05-10,2025-05-19,Email,63989,5481,1473,344,4695.28,20643.63,3.3967
CAMP00069,2025-02-18,2025-03-12,Display,58290,608,57,8,366.89,405.71,0.1058
CAMP00070,2025-01-08,2025-01-20,Email,21464,1657,425,94,1374.09,7380.8,4.3714
CAMP00071,2025-05-25,2025-06-16,Social,77605,2324,388,82,1893.1,5500.82,1.9057
CAMP00072,2025-02-05,2025-03-03,Email,12633,1169,354,93,1013.04,6593.69,5.5088
CAMP00073,2025-12-01,2025-12-12,Display,83891,883,72,12,648.03,628.68,-0.0299
CAMP00074,2025-03-19,2025-04-05,Influencer,12844,483,86,21,546.71,2343.09,3.2858
CAMP00075,2025-02-14,2025-02-26,Influencer,21945,601,98,19,667.89,1581.71,1.3682
CAMP00076,2025-02-04,2025-02-14,Social,44068,1247,206,33,1106.84,2816.51,1.5446
CAMP00077,2025-01-14,2025-02-02,Search,34478,1638,341,69,2053.27,7319.16,2.5646
CAMP00078,2025-05-23,2025-06-07,Influencer,42410,1249,184,32,1325.64,2729.39,1.0589
CAMP00079,2025-10-27,2025-11-22,Search,31883,2025,459,114,2414.57,11769.33,3.8743
CAMP00080,2025-06-20,2025-07-08,Search,85855,3691,739,138,4991.67,11224.42,1.2486
CAMP00081,2025-08-24,2025-09-02,Search,99028,7914,2155,609,12594.44,59871.12,3.7538
CAMP00082,2025-04-10,2025-04-17,Social,67290,1794,321,47,1631.22,3287.35,1.0153
CAMP00083,2025-03-04,2025-03-20,Social,70573,2165,368,62,1659.13,3659.54,1.2057
CAMP00084,2025-05-25,2025-06-05,Search,41665,1921,382,89,3510.78,7319.19,1.0848
CAMP00085,2025-01-15,2025-02-07,Search,11360,616,129,29,867.41,2626.94,2.0285
CAMP00086,2025-04-16,2025-05-10,Social,45050,2064,440,97,1461.86,6936.25,3.7448
CAMP00087,2025-03-28,2025-04-13,Social,47686,1047,170,31,719.5,2044.61,1.8417
CAMP00088,2025-01-06,2025-01-14,Social,60812,1736,306,52,1319.15,3770.56,1.8583
CAMP00089,2025-01-18,2025-02-11,Social,167470,5292,1017,239,3585.28,15455.43,3.3108
CAMP00090,2025-02-16,2025-02-22,Influencer,65528,2878,607,145,3123.19,10650.55,2.4102
CAMP00091,2025-12-03,2025-12-13,Influencer,59443,2671,554,135,2827.34,11528.31,3.0774
CAMP00092,2025-10-25,2025-11-13,Search,62449,3605,817,208,5771.59,14716.44,1.5498
CAMP00093,2025-05-20,2025-06-09,Influencer,134768,4594,805,191,4855.09,24076.69,3.9591
CAMP00094,2025-07-17,2025-07-29,Display,60933,645,67,6,431.36,460.91,0.0685
CAMP00095,2025-09-09,2025-09-22,Social,38905,1261,211,42,1048.61,2521.86,1.405
CAMP00096,2025-09-21,2025-10-08,Social,7706,228,27,3,175.94,159.12,-0.0956
CAMP00097,2025-07-29,2025-08-10,Social,65414,1505,263,55,1111.79,3448.41,2.1017
CAMP00098,2025-09-18,2025-10-11,Influencer,33261,1047,180,31,1056.82,1968.56,0.8627
CAMP00099,2025-11-12,2025-12-08,Search,56389,3123,690,152,4078.29,10054.38,1.4653
CAMP00100,2025-08-18,2025-08-28,Social,73185,1904,282,38,1755.83,2609.71,0.4863
CAMP00101,2025-07-04,2025-07-25,Display,122486,1370,119,18,977.41,1286.67,0.3164
CAMP00102,2025-01-17,2025-01-25,Search,88766,5860,1391,367,7293.03,28600.64,2.9216
CAMP00103,2025-01-26,2025-02-12,Social,64715,1500,207,42,1077.13,3537.01,2.2837
CAMP00104,2025-07-08,2025-08-01,Email,63183,4761,1281,251,3174.42,17439.85,4.4939
CAMP00105,2025-08-15,2025-09-01,Display,93880,949,84,11,625.25,822.62,0.3157
CAMP00106,2025-08-08,2025-09-01,Search,120020,6144,1332,290,8725.14,24515.81,1.8098
CAMP00107,2025-10-03,2025-10-20,Social,51916,1158,177,27,947.33,1686.78,0.7806
CAMP00108,2025-04-20,2025-05-06,Display,55779,846,89,11,533.11,770.31,0.4449
CAMP00109,2025-01-10,2025-01-18,Social,66316,1246,199,33,1047.6,2810.62,1.6829
CAMP00110,2025-04-21,2025-05-16,Email,56506,4558,1190,276,3978.06,18790.91,3.7236
CAMP00111,2025-05-31,2025-06-16,Social,27966,858,141,28,789.39,2017.12,1.5553
CAMP00112,2025-11-22,2025-12-02,Email,83114,5995,1523,337,4331.4,22576.65,4.2123
CAMP00113,2025-03-27,2025-04-06,Social,57465,1483,240,42,1232.81,2697.77,1.1883
CAMP00114,2025-12-14,2025-12-25,Search,29045,1789,393,99,2665.49,8588.33,2.222
CAMP00115,2025-10-06,2025-10-29,Search,46305,3256,789,208,4565.2,14024.52,2.072
CAMP00116,2025-09-13,2025-09-24,Search,56331,4205,1074,333,5071.01,30237.09,4.9627
CAMP00117,2025-12-26,2026-01-07,Search,20470,749,143,20,1115.51,1491.66,0.3372
CAMP00118,2025-04-13,2025-05-06,Social,64789,1340,210,35,1010.24,2242.43,1.2197
CAMP00119,2025-03-09,2025-03-29,Search,36618,2431,540,145,3232.48,11260.65,2.4836
CAMP00120,2025-04-30,2025-05-13,Social,70184,1912,330,67,1670.96,3822.81,1.2878
CAMP00121,2025-10-28,2025-11-12,Social,40893,1046,172,43,742.83,3603.85,3.8515
CAMP00122,2025-10-28,2025-11-18,Influencer,67639,2501,461,97,2927.18,8612.21,1.9422
CAMP00123,2025-04-11,2025-04-29,Email,85332,6448,1672,362,5984.93,24522.58,3.0974
CAMP00124,2025-05-10,2025-05-31,Email,49268,2995,705,141,2483.27,8239.49,2.318
CAMP00125,2025-02-07,2025-03-04,Email,81262,6678,1777,392,4964.59,25156.37,4.0672
CAMP00126,2025-09-28,2025-10-11,Search,114745,6777,1549,392,10762.11,29238.02,1.7168
CAMP00127,2025-09-04,2025-09-26,Social,33150,933,173,34,762.25,1951.45,1.5601
CAMP00128,2025-12-15,2025-12-25,Display,87302,906,76,12,557.92,776.56,0.3919
CAMP00129,2025-06-07,2025-06-26,Email,79938,6759,1903,410,5139.67,18419.37,2.5838
CAMP00130,2025-11-16,2025-12-05,Social,31738,1006,184,45,881.78,4049.12,3.592
CAMP00131,2025-06-12,2025-06-24,Influencer,65577,2098,336,79,2047.86,6578.07,2.2122
CAMP00132,2025-12-31,2026-01-07,Social,35651,1147,198,53,943.87,3797.08,3.0229
CAMP00133,2025-11-27,2025-12-21,Display,76656,909,82,13,660.7,954.41,0.4445
CAMP00134,2025-11-06,2025-12-03,Influencer,48431,1896,341,84,1894.92,6612.37,2.4895
CAMP00135,2025-06-10,2025-07-03,Search,12628,699,137,33,976.35,2951.0,2.0225
CAMP00136,2025-07-24,2025-08-02,Social,53885,1462,247,54,1269.69,3304.51,1.6026
CAMP00137,2025-06-20,2025-07-07,Social,38875,853,140,23,696.89,1523.77,1.1865
CAMP00138,2025-04-23,2025-05-05,Display,19282,209,21,4,156.75,246.14,0.5703
CAMP00139,2025-06-19,2025-07-13,Email,39509,2718,644,119,2137.39,7906.69,2.6992
CAMP00140,2025-01-04,2025-01-18,Social,42602,1268,209,33,926.08,2158.08,1.3303
CAMP00141,2025-12-07,2025-12-29,Social,76107,1851,302,50,1475.49,3209.18,1.175
CAMP00142,2025-11-11,2025-11-30,Email,119827,6774,1526,284,5630.62,18431.56,2.2735
CAMP00143,2025-01-06,2025-01-20,Search,37551,1635,343,72,2079.11,4696.34,1.2588
CAMP00144,2025-12-27,2026-01-02,Email,35442,2770,746,147,2341.1,12816.57,4.4746
CAMP00145,2025-11-26,2025-12-14,Influencer,116488,4614,866,187,4632.95,13413.32,1.8952
CAMP00146,2025-07-28,2025-08-13,Search,85469,3676,727,159,4918.71,10544.63,1.1438
CAMP00147,2025-12-08,2025-12-20,Search,96916,5300,1186,283,5766.32,28532.32,3.9481
CAMP00148,2025-02-14,2025-02-25,Email,59336,2751,515,89,2459.83,7118.78,1.894
CAMP00149,2025-03-22,2025-04-07,Search,41374,2625,641,145,3831.07,12396.37,2.2357
CAMP00150,2025-08-08,2025-09-04,Search,32973,2584,686,197,3380.04,19008.94,4.6239
CAMP00151,2025-07-01,2025-07-18,Influencer,26957,1188,229,60,1079.98,4832.94,3.475
CAMP00152,2025-05-29,2025-06-19,Email,68690,5577,1584,335,5993.08,22090.98,2.6861
CAMP00153,2025-06-01,2025-06-10,Social,29758,739,139,26,562.16,2126.2,2.7822
CAMP00154,2025-02-05,2025-02-24,Search,69398,2915,543,100,4234.63,8990.5,1.1231
CAMP00155,2025-01-24,2025-02-11,Social,61044,1799,312,56,1191.29,5463.81,3.5865
CAMP00156,2025-01-06,2025-01-20,Search,47314,2913,659,150,3217.39,13415.46,3.1697
CAMP00157,2025-11-12,2025-11-22,Display,113296,1269,133,23,838.76,1376.29,0.6409
CAMP00158,2025-06-10,2025-06-19,Email,46055,1866,331,56,2063.32,2710.55,0.3137
CAMP00159,2025-05-30,2025-06-19,Search,122196,5529,1074,208,7378.61,17457.13,1.3659
CAMP00160,2025-04-19,2025-04-30,Display,58769,677,63,9,459.56,532.82,0.1594
CAMP00161,2025-10-31,2025-11-21,Social,101733,2636,419,93,1996.24,9401.38,3.7095
CAMP00162,2025-04-21,2025-04-29,Email,42580,2668,645,144,2202.94,13046.87,4.9225
CAMP00163,2025-01-27,2025-02-11,Search,52438,2685,545,129,3645.96,10755.56,1.95
CAMP00164,2025-08-23,2025-09-12,Display,36880,425,43,7,291.53,449.69,0.5425
CAMP00165,2025-12-04,2025-12-20,Email,53284,4344,1176,250,2988.36,14965.04,4.0078
CAMP00166,2025-05-20,2025-05-28,Search,57556,3331,743,181,4212.16,14661.29,2.4807
CAMP00167,2025-02-27,2025-03-06,Influencer,76933,2361,408,73,3001.76,5181.48,0.7261
CAMP00168,2025-12-23,2025-12-29,Search,24332,1234,252,69,1601.81,6551.9,3.0903
CAMP00169,2025-01-17,2025-02-03,Search,24586,1309,301,78,1889.3,5977.77,2.164
CAMP00170,2025-03-23,2025-04-15,Email,47587,3850,1017,236,3468.64,17022.86,3.9076
CAMP00171,2025-03-06,2025-03-20,Search,31048,1527,340,70,1922.16,7079.73,2.6832
CAMP00172,2025-01-13,2025-02-09,Email,139198,16291,5227,1347,14611.12,70436.97,3.8208
CAMP00173,2025-02-20,2025-03-14,Social,55808,1263,179,26,936.41,1547.82,0.6529
CAMP00174,2025-03-12,2025-04-03,Influencer,34660,1000,153,32,1055.62,2811.53,1.6634
CAMP00175,2025-05-09,2025-05-28,Influencer,126484,4243,702,156,5043.6,16551.69,2.2817
CAMP00176,2025-08-30,2025-09-08,Search,47164,2594,573,137,3724.95,10780.52,1.8941
CAMP00177,2025-01-15,2025-01-22,Display,57462,808,88,11,571.41,635.56,0.1123
CAMP00178,2025-07-09,2025-07-24,Search,39202,2326,518,120,3107.85,13181.92,3.2415
CAMP00179,2025-06-14,2025-07-06,Display,75901,938,88,13,663.57,840.79,0.2671
CAMP00180,2025-11-05,2025-11-11,Search,102176,4634,933,199,6363.99,15561.83,1.4453
CAMP00181,2025-11-08,2025-11-25,Social,64028,1368,221,34,1056.4,1711.18,0.6198
CAMP00182,2025-04-30,2025-05-25,Social,151896,4211,709,153,3304.66,11110.36,2.362
CAMP00183,2025-03-27,2025-04-22,Display,46947,739,87,19,391.14,1474.96,2.7709
CAMP00184,2025-03-07,2025-03-18,Influencer,58022,1507,239,42,1990.19,3812.08,0.9154
CAMP00185,2025-07-10,2025-07-16,Search,59042,2825,619,151,5831.07,11891.33,1.0393
CAMP00186,2025-10-15,2025-11-11,Social,67550,1776,275,58,1670.85,3335.04,0.996
CAMP00187,2025-12-14,2026-01-02,Display,5899,68,7,1,38.51,73.72,0.9143
CAMP00188,2025-03-27,2025-04-23,Search,92473,4465,929,212,6125.13,16220.82,1.6482
CAMP00189,2025-08-07,2025-09-02,Social,192300,4921,802,129,3330.31,7507.31,1.2542
CAMP00190,2025-07-27,2025-08-11,Email,21110,1093,239,35,939.7,2474.85,1.6337
CAMP00191,2025-08-13,2025-08-24,Search,35661,1801,386,85,2545.91,6517.64,1.56
CAMP00192,2025-08-08,2025-09-02,Social,97447,3759,728,160,3082.92,12137.83,2.9371
CAMP00193,2025-09-29,2025-10-16,Email,133411,6465,1308,200,5985.14,17456.36,1.9166
CAMP00194,2025-10-21,2025-11-14,Social,92481,1999,315,58,1661.96,4324.19,1.6019
CAMP00195,2025-09-05,2025-09-21,Social,165631,4597,780,128,3046.03,8068.23,1.6488
CAMP00196,2025-08-17,2025-09-13,Social,85348,2542,460,86,2090.36,5185.79,1.4808
CAMP00197,2025-09-20,2025-10-11,Influencer,35742,1867,403,106,1838.39,8784.51,3.7784
CAMP00198,2025-10-27,2025-11-19,Search,72419,5261,1355,380,6253.74,30426.06,3.8653
CAMP00199,2025-04-24,2025-05-21,Search,171307,11569,2857,782,20853.07,51270.5,1.4587
CAMP00200,2025-03-30,2025-04-25,Email,74257,4393,982,177,3864.84,11364.99,1.9406
CAMP00201,2025-09-02,2025-09-08,Display,31984,575,62,14,412.25,958.68,1.3255
CAMP00202,2025-05-16,2025-06-06,Social,56239,1564,271,41,1482.98,2693.68,0.8164
CAMP00203,2025-04-09,2025-05-05,Search,93042,4309,913,210,5423.62,14753.16,1.7202
CAMP00204,2025-07-04,2025-07-26,Display,48183,477,50,6,325.02,464.27,0.4284
CAMP00205,2025-04-20,2025-05-12,Display,59059,946,98,17,579.47,1179.14,1.0349
CAMP00206,2025-01-28,2025-02-11,Display,85053,1010,94,12,640.64,913.57,0.426
CAMP00207,2025-11-18,2025-12-09,Search,31164,1818,402,91,2457.63,8492.45,2.4555
CAMP00208,2025-05-14,2025-05-30,Search,27797,1206,241,40,1828.31,2593.41,0.4185
CAMP00209,2025-04-30,2025-05-11,Influencer,107744,3425,576,95,4201.97,7901.88,0.8805
CAMP00210,2025-11-01,2025-11-23,Display,57437,796,77,19,629.68,1044.25,0.6584
CAMP00211,2025-10-11,2025-10-26,Search,32837,1794,414,84,1934.51,7246.15,2.7457
CAMP00212,2025-10-21,2025-11-14,Social,42436,779,108,14,715.4,714.77,-0.0009
CAMP00213,2025-04-17,2025-04-28,Search,93418,4075,824,176,5749.72,14709.21,1.5582
CAMP00214,2025-11-28,2025-12-18,Email,23833,1618,396,82,1193.86,7432.85,5.2259
CAMP00215,2025-11-11,2025-12-08,Search,68408,3143,653,164,4364.96,14618.66,2.3491
CAMP00216,2025-06-04,2025-07-01,Search,73117,3513,767,159,4193.06,11622.56,1.7719
CAMP00217,2025-11-22,2025-12-01,Search,15063,835,188,46,1054.3,3433.61,2.2568
CAMP00218,2025-04-20,2025-05-10,Influencer,27434,978,183,41,1071.4,3297.46,2.0777
CAMP00219,2025-01-11,2025-01-20,Social,64834,2088,406,92,1557.86,9470.36,5.0791
CAMP00220,2025-09-18,2025-10-11,Search,132449,8975,2217,554,14503.96,38330.93,1.6428
CAMP00221,2025-07-10,2025-07-31,Email,40740,3403,939,187,2369.1,12212.37,4.1549
CAMP00222,2025-12-17,2026-01-07,Social,89368,1951,305,57,1393.28,3397.54,1.4385
CAMP00223,2025-07-16,2025-08-09,Social,73539,1988,335,50,1485.03,3799.78,1.5587
CAMP00224,2025-08-21,2025-09-15,Social,86985,2003,308,56,1226.92,4179.14,2.4062
CAMP00225,2025-10-18,2025-11-05,Email,36032,3383,1001,237,2412.9,21727.71,8.0048
CAMP00226,2025-05-17,2025-05-31,Email,68258,4248,985,197,3573.11,12349.93,2.4564
CAMP00227,2025-01-04,2025-01-31,Social,44072,1074,146,33,759.9,2473.76,2.2554
CAMP00228,2025-02-17,2025-03-06,Influencer,92651,3750,706,148,4020.14,12147.25,2.0216
CAMP00229,2025-02-11,2025-03-06,Social,67174,1637,254,41,1321.15,2953.98,1.2359
CAMP00230,2025-09-14,2025-10-09,Influencer,33514,937,142,27,1053.52,2761.93,1.6216
CAMP00231,2025-04-20,2025-04-29,Search,62885,3126,706,156,4739.23,14142.57,1.9841
CAMP00232,2025-04-06,2025-04-22,Search,88585,6962,1833,499,9254.55,37661.42,3.0695
CAMP00233,2025-09-05,2025-09-29,Display,80436,1080,100,15,665.45,887.16,0.3332
CAMP00234,2025-08-01,2025-08-18,Social,79330,2179,383,64,1668.87,5839.81,2.4993
CAMP00235,2025-07-02,2025-07-25,Social,38639,1222,204,39,999.97,2560.46,1.5605
CAMP00236,2025-05-13,2025-05-27,Email,31647,2458,667,155,2274.63,10017.86,3.4042
CAMP00237,2025-04-03,2025-04-18,Search,88560,3450,637,137,4595.53,11266.1,1.4515
CAMP00238,2025-07-23,2025-08-06,Social,43368,1226,203,27,892.45,1831.98,1.0528
CAMP00239,2025-11-03,2025-11-12,Email,66736,3516,766,133,3218.26,10097.25,2.1375
CAMP00240,2025-04-20,2025-05-16,Email,49558,4534,1277,277,4264.24,12339.01,1.8936
CAMP00241,2025-08-06,2025-08-21,Display,36616,521,67,9,370.9,654.61,0.7649
CAMP00242,2025-04-22,2025-05-14,Influencer,77403,2543,459,90,2514.67,7541.73,1.9991
CAMP00243,2025-06-14,2025-06-22,Influencer,70521,2340,406,94,2407.85,7184.52,1.9838
CAMP00244,2025-12-24,2026-01-18,Social,32520,612,93,19,562.34,1350.08,1.4008
CAMP00245,2025-12-03,2025-12-09,Search,61540,2575,474,107,4104.39,9119.53,1.2219
CAMP00246,2025-08-08,2025-09-04,Search,27955,1568,315,72,2110.88,5880.88,1.786
CAMP00247,2025-09-03,2025-09-16,Social,25182,812,160,31,719.24,2005.92,1.7889
CAMP00248,2025-08-20,2025-09-05,Search,54897,2193,413,77,2772.29,5069.32,0.8286
CAMP00249,2025-08-22,2025-09-11,Search,46847,2687,601,146,3352.49,10206.23,2.0444
CAMP00250,2025-05-13,2025-05-19,Search,11579,627,141,33,1061.96,2295.8,1.1619
CAMP00251,2025-08-19,2025-09-06,Influencer,32130,1169,217,49,1220.39,4334.25,2.5515
CAMP00252,2025-04-28,2025-05-25,Search,28943,1819,427,125,2752.43,11837.64,3.3008
CAMP00253,2025-04-29,2025-05-07,Search,38672,2507,628,167,3390.55,12929.47,2.8134
CAMP00254,2025-07-18,2025-08-12,Influencer,91356,3291,641,173,3573.07,12744.68,2.5669
CAMP00255,2025-04-29,2025-05-26,Social,60290,1521,210,43,1098.3,3818.03,2.4763
CAMP00256,2025-04-16,2025-05-02,Display,59452,821,92,13,489.38,888.27,0.8151
CAMP00257,2025-08-31,2025-09-27,Email,65035,4566,1147,235,4356.52,19159.82,3.398
CAMP00258,2025-07-08,2025-07-22,Influencer,61068,2492,472,100,3347.83,7444.63,1.2237
CAMP00259,2025-06-13,2025-06-26,Influencer,88515,3269,607,132,3577.3,9858.2,1.7558
CAMP00260,2025-02-11,2025-03-02,Social,45689,899,130,23,678.0,1533.66,1.262
CAMP00261,2025-11-22,2025-12-08,Influencer,96512,3270,551,115,3613.48,14004.48,2.8756
CAMP00262,2025-04-30,2025-05-22,Social,67449,2196,405,84,1791.0,6388.83,2.5672
CAMP00263,2025-11-07,2025-11-15,Email,68586,4856,1253,248,3624.73,15142.48,3.1775
CAMP00264,2025-01-08,2025-01-21,Display,58078,732,71,6,450.5,380.14,-0.1562
CAMP00265,2025-03-07,2025-03-30,Social,42012,927,131,18,890.27,1425.63,0.6013
CAMP00266,2025-09-15,2025-10-11,Search,57297,3127,648,156,5021.63,13810.18,1.7501
CAMP00267,2025-08-02,2025-08-27,Social,52885,1461,225,34,1254.56,2182.65,0.7398
CAMP00268,2025-06-26,2025-07-12,Search,26208,1498,324,75,2124.12,5932.12,1.7927
CAMP00269,2025-12-20,2026-01-13,Display,91970,1349,151,26,957.06,1624.98,0.6979
CAMP00270,2025-11-27,2025-12-08,Social,60500,1322,193,28,1234.28,2074.85,0.681
CAMP00271,2025-06-24,2025-07-15,Search,136986,8472,1927,467,11312.69,35403.39,2.1295
CAMP00272,2025-03-27,2025-04-04,Influencer,69853,2651,536,113,2830.09,8072.6,1.8524
CAMP00273,2025-07-15,2025-08-09,Influencer,57375,1996,373,74,1929.27,5455.14,1.8276
CAMP00274,2025-08-13,2025-09-01,Display,70845,692,61,12,455.49,671.22,0.4736
CAMP00275,2025-08-14,2025-08-30,Email,41853,2938,705,133,1965.7,8629.85,3.3902
CAMP00276,2025-09-21,2025-10-10,Social,68601,1782,298,68,1513.98,4284.88,1.8302
CAMP00277,2025-07-11,2025-07-28,Search,107205,6674,1504,398,10075.25,30918.16,2.0687
CAMP00278,2025-11-20,2025-11-29,Search,44040,3903,1092,329,6818.29,20690.17,2.0345
CAMP00279,2025-10-24,2025-11-14,Email,70035,5029,1265,259,3975.2,10676.34,1.6857
CAMP00280,2025-07-12,2025-07-27,Email,35027,3045,844,189,3080.16,12416.71,3.0312
CAMP00281,2025-03-10,2025-03-31,Display,123582,1512,168,29,1163.97,2665.37,1.2899
CAMP00282,2025-10-14,2025-10-25,Search,33198,2589,699,192,3875.86,11411.51,1.9443
CAMP00283,2025-10-29,2025-11-17,Search,50431,3107,724,210,4037.89,15598.85,2.8631
CAMP00284,2025-09-09,2025-09-20,Social,11819,276,47,7,169.01,459.57,1.7192
CAMP00285,2025-04-04,2025-04-27,Influencer,66143,2547,466,100,2945.47,11455.42,2.8892
CAMP00286,2025-06-22,2025-06-29,Display,24600,397,48,6,283.91,348.86,0.2288
CAMP00287,2025-01-02,2025-01-18,Display,72523,803,82,4,605.41,279.05,-0.5391
CAMP00288,2025-07-12,2025-07-27,Influencer,51907,1863,344,66,1895.28,5800.35,2.0604
CAMP00289,2025-04-22,2025-04-29,Social,23622,821,164,24,605.07,1426.77,1.358
CAMP00290,2025-02-08,2025-02-24,Display,13682,143,18,2,86.17,114.1,0.3241
CAMP00291,2025-02-18,2025-03-11,Email,14599,825,162,18,718.88,1050.52,0.4613
CAMP00292,2025-01-25,2025-02-12,Email,74665,4634,1075,184,3304.23,9219.79,1.7903
CAMP00293,2025-06-23,2025-07-04,Influencer,50863,1712,306,59,1843.72,5362.43,1.9085
CAMP00294,2025-04-27,2025-05-05,Email,21611,1477,362,78,1114.18,6870.64,5.1665
CAMP00295,2025-04-05,2025-05-01,Display,46770,669,64,9,414.35,663.8,0.602
CAMP00296,2025-12-21,2025-12-28,Social,75866,1686,274,35,1444.79,2316.69,0.6035
CAMP00297,2025-10-29,2025-11-21,Search,60827,3326,724,170,4882.42,13651.74,1.7961
CAMP00298,2025-02-02,2025-03-01,Search,108798,4858,989,234,6204.73,17835.1,1.8744
CAMP00299,2025-04-28,2025-05-10,Social,91476,2221,380,70,1486.34,3675.35,1.4728
CAMP00300,2025-02-08,2025-03-03,Social,19470,590,99,20,482.19,2063.22,3.2789
CAMP00301,2025-02-13,2025-03-04,Display,39311,618,83,10,372.59,542.28,0.4554
CAMP00302,2025-02-08,2025-02-17,Email,15502,726,154,28,641.41,1586.11,1.4728
CAMP00303,2025-05-31,2025-06-07,Search,70020,3041,599,140,4372.9,11303.22,1.5848
CAMP00304,2025-08-02,2025-08-28,Social,33564,966,164,33,678.13,2724.29,3.0174
CAMP00305,2025-10-11,2025-10-22,Search,15651,750,156,29,1217.91,2658.12,1.1825
CAMP00306,2025-04-01,2025-04-21,Email,63358,3516,793,137,2881.48,6292.32,1.1837
CAMP00307,2025-01-09,2025-02-01,Social,45261,1007,136,19,840.3,1110.39,0.3214
CAMP00308,2025-07-06,2025-07-16,Email,71458,6050,1625,346,3953.91,20931.2,4.2938
CAMP00309,2025-07-27,2025-08-12,Email,60275,4698,1262,235,4043.84,13405.45,2.315
CAMP00310,2025-08-11,2025-08-18,Search,68854,3969,902,238,5389.45,20661.81,2.8338
CAMP00311,2025-01-17,2025-02-01,Search,95896,5534,1236,283,6918.76,27892.3,3.0314
CAMP00312,2025-03-08,2025-03-17,Display,66410,1119,125,20,767.73,1308.87,0.7049
CAMP00313,2025-07-18,2025-07-28,Social,75824,1870,312,52,1658.51,4520.54,1.7257
CAMP00314,2025-08-10,2025-09-05,Influencer,44294,1511,274,62,1504.89,6474.35,3.3022
CAMP00315,2025-09-13,2025-09-24,Display,40789,476,46,7,299.39,382.38,0.2772
CAMP00316,2025-02-19,2025-03-14,Search,102850,7305,1848,509,10381.35,38346.01,2.6937
CAMP00317,2025-11-23,2025-12-02,Email,121805,7626,1813,345,7550.57,24661.4,2.2662
CAMP00318,2025-02-17,2025-03-13,Social,28322,812,147,29,612.27,1420.98,1.3208
CAMP00319,2025-10-29,2025-11-06,Search,99421,6268,1450,367,7241.27,28391.7,2.9208
CAMP00320,2025-03-14,2025-04-08,Search,43789,2337,512,122,2888.95,10070.22,2.4858
CAMP00321,2025-02-28,2025-03-13,Display,59190,769,76,11,498.99,756.94,0.5169
CAMP00322,2025-04-24,2025-04-30,Display,12138,115,14,3,78.59,165.63,1.1075
CAMP00323,2025-07-28,2025-08-18,Email,52028,4427,1189,268,3478.03,17601.72,4.0608
CAMP00324,2025-01-26,2025-02-14,Social,104946,2609,459,71,2277.48,3511.26,0.5417
CAMP00325,2025-12-14,2026-01-04,Social,53492,1215,190,33,1132.05,1766.17,0.5602
CAMP00326,2025-05-19,2025-06-15,Display,59710,852,91,19,597.13,1411.17,1.3633
CAMP00327,2025-05-05,2025-05-28,Email,106008,7790,1980,411,5906.33,28609.41,3.8439
CAMP00328,2025-04-01,2025-04-25,Email,77947,5282,1299,244,3981.84,16951.14,3.2571
CAMP00329,2025-10-26,2025-11-18,Influencer,41607,1195,221,54,1481.91,4878.08,2.2918
CAMP00330,2025-08-17,2025-09-05,Display,68561,740,77,14,487.41,979.24,1.0091
CAMP00331,2025-09-12,2025-09-18,Email,80377,6385,1766,378,5190.45,20425.66,2.9352
CAMP00332,2025-06-06,2025-06-22,Influencer,48987,1566,293,62,1590.78,5869.67,2.6898
CAMP00333,2025-07-23,2025-07-31,Email,66323,4078,953,192,2859.88,10962.4,2.8332
CAMP00334,2025-05-09,2025-06-05,Social,24581,636,121,29,586.06,1750.75,1.9873
CAMP00335,2025-05-20,2025-05-27,Social,86784,2111,330,73,1550.28,4982.3,2.2138
CAMP00336,2025-10-17,2025-10-30,Email,76596,7858,2506,577,5826.22,39564.75,5.7908
CAMP00337,2025-10-16,2025-11-03,Display,118656,1120,107,14,809.05,1019.14,0.2597
CAMP00338,2025-04-25,2025-05-13,Email,66668,5142,1332,288,3700.46,20354.95,4.5007
CAMP00339,2025-02-19,2025-02-28,Influencer,75338,3411,748,204,4647.33,12905.8,1.777
CAMP00340,2025-04-28,2025-05-17,Influencer,76903,2603,476,102,3712.88,9996.87,1.6925
CAMP00341,2025-03-28,2025-04-07,Influencer,31012,850,131,27,921.22,1965.7,1.1338
CAMP00342,2025-09-14,2025-09-27,Influencer,22211,707,120,26,776.23,1887.36,1.4314
CAMP00343,2025-10-13,2025-10-30,Search,62448,2883,575,128,3737.53,8964.52,1.3985
CAMP00344,2025-05-27,2025-06-02,Social,113091,2571,367,59,2538.45,4456.06,0.7554
CAMP00345,2025-10-25,2025-11-19,Display,35189,461,44,5,309.3,322.85,0.0438
CAMP00346,2025-03-27,2025-04-04,Social,73764,1594,235,38,982.4,2375.7,1.4183
CAMP00347,2025-10-19,2025-11-03,Social,50000,1563,302,76,1196.66,5175.97,3.3253
CAMP00348,2025-06-29,2025-07-21,Search,62789,4108,969,257,7106.02,17685.31,1.4888
CAMP00349,2025-04-20,2025-05-09,Search,35623,2368,555,142,3596.39,11262.48,2.1316
CAMP00350,2025-08-16,2025-09-04,Display,71680,789,89,13,535.05,873.47,0.6325
CAMP00351,2025-03-08,2025-04-03,Search,24158,1175,234,51,1395.54,4176.31,1.9926
CAMP00352,2025-09-30,2025-10-14,Display,53749,618,50,6,350.62,453.81,0.2943
CAMP00353,2025-09-22,2025-10-04,Search,49254,2580,539,127,3598.53,9100.26,1.5289
CAMP00354,2025-10-31,2025-11-09,Email,28517,2256,565,116,1638.19,8265.01,4.0452
CAMP00355,2025-11-14,2025-11-20,Search,37899,2332,556,132,3155.38,9001.73,1.8528
CAMP00356,2025-08-04,2025-08-10,Social,58771,1917,350,71,1685.66,6017.57,2.5699
CAMP00357,2025-01-15,2025-02-07,Search,53908,2220,451,88,3189.14,8697.19,1.7271
CAMP00358,2025-03-13,2025-03-24,Email,57164,5593,1581,371,5092.41,26180.12,4.141
CAMP00359,2025-12-03,2025-12-25,Search,22037,1551,415,102,2230.8,9001.4,3.0351
CAMP00360,2025-05-18,2025-05-25,Social,63143,1379,213,30,1125.03,2297.95,1.0426
CAMP00361,2025-04-01,2025-04-17,Social,47217,1286,199,35,1012.85,2049.87,1.0239
CAMP00362,2025-01-06,2025-01-20,Search,42717,2676,648,155,3616.47,12561.22,2.4733
CAMP00363,2025-04-12,2025-04-21,Display,94008,1211,123,17,818.42,1193.61,0.4584
CAMP00364,2025-03-24,2025-04-01,Display,14516,224,20,3,171.45,161.16,-0.06
CAMP00365,2025-08-18,2025-08-25,Influencer,64096,3071,610,169,3174.18,14600.76,3.5999
CAMP00366,2025-01-09,2025-02-05,Email,40654,2893,723,149,2798.6,10370.32,2.7055
CAMP00367,2025-07-15,2025-07-31,Display,46976,593,59,5,378.73,316.55,-0.1642
CAMP00368,2025-09-09,2025-09-22,Search,31422,1065,194,29,1431.12,2970.51,1.0757
CAMP00369,2025-03-14,2025-03-22,Influencer,63133,2222,405,91,2511.26,5967.36,1.3762
CAMP00370,2025-03-11,2025-03-28,Search,75702,3643,742,174,4034.78,11093.21,1.7494
CAMP00371,2025-02-04,2025-02-16,Email,156105,7197,1429,226,5282.95,14964.55,1.8326
CAMP00372,2025-07-31,2025-08-16,Search,25452,1964,489,141,2664.21,11363.18,3.2651
CAMP00373,2025-07-22,2025-08-05,Display,123613,1780,180,31,1193.07,2058.16,0.7251
CAMP00374,2025-02-18,2025-02-24,Social,51636,1072,151,35,999.81,2249.02,1.2494
CAMP00375,2025-10-21,2025-11-05,Influencer,85854,2782,484,111,3151.5,9119.45,1.8937
CAMP00376,2025-08-30,2025-09-17,Search,57835,3656,912,261,6195.43,27546.47,3.4463
CAMP00377,2025-08-24,2025-08-30,Influencer,83146,2125,362,70,2201.31,5001.91,1.2722
CAMP00378,2025-02-09,2025-03-04,Email,42602,2396,551,93,1805.69,6664.93,2.6911
CAMP00379,2025-08-27,2025-09-02,Search,124633,7030,1579,389,11001.64,34234.33,2.1117
CAMP00380,2025-03-09,2025-03-29,Social,93416,2214,337,65,1850.38,4022.48,1.1739
CAMP00381,2025-07-06,2025-07-28,Search,27128,1662,364,89,2256.55,8848.24,2.9211
CAMP00382,2025-09-20,2025-10-01,Social,20748,451,66,13,307.8,1005.72,2.2674
CAMP00383,2025-04-20,2025-05-14,Email,28087,3244,1030,251,2294.5,12761.74,4.5619
CAMP00384,2025-08-02,2025-08-15,Search,147206,6994,1411,320,10528.3,21734.79,1.0644
CAMP00385,2025-04-06,2025-04-28,Email,119225,6725,1440,241,5097.38,15256.0,1.9929
CAMP00386,2025-02-26,2025-03-19,Email,62324,4926,1331,289,3859.29,14476.78,2.7512
CAMP00387,2025-10-27,2025-11-08,Search,30195,2243,581,137,2771.55,8924.39,2.22
CAMP00388,2025-05-01,2025-05-19,Influencer,50297,1363,241,44,1687.37,3791.22,1.2468
CAMP00389,2025-02-27,2025-03-20,Social,56589,1278,188,30,1362.07,1868.12,0.3715
CAMP00390,2025-04-23,2025-05-12,Search,49123,2958,671,171,4365.15,12731.27,1.9166
CAMP00391,2025-04-18,2025-05-01,Display,13193,192,24,3,110.13,182.14,0.6539
CAMP00392,2025-01-16,2025-02-12,Email,45596,3412,879,173,2562.55,10991.35,3.2892
CAMP00393,2025-09-21,2025-10-11,Social,106615,3064,526,103,2575.64,10515.43,3.0826
CAMP00394,2025-01-04,2025-01-20,Email,84325,4454,945,167,3959.73,10900.81,1.7529
CAMP00395,2025-06-30,2025-07-22,Social,54387,1039,158,24,817.97,1501.02,0.8351
CAMP00396,2025-12-07,2026-01-01,Social,17706,376,48,5,376.42,410.61,0.0908
CAMP00397,2025-11-19,2025-12-11,Search,40188,2190,474,104,2838.89,9492.05,2.3436
CAMP00398,2025-08-01,2025-08-10,Display,103652,1181,97,18,609.02,1101.9,0.8093
CAMP00399,2025-03-31,2025-04-17,Social,65126,1632,258,50,1110.0,4471.68,3.0285
CAMP00400,2025-12-31,2026-01-26,Social,20310,480,62,7,326.15,489.33,0.5003
CAMP00401,2025-04-30,2025-05-08,Search,138182,6537,1329,308,10605.45,30537.12,1.8794
CAMP00402,2025-07-04,2025-07-22,Search,93360,5843,1322,355,8341.77,27807.52,2.3335
CAMP00403,2025-03-21,2025-04-17,Email,76037,7092,2050,460,5912.51,22303.39,2.7722
CAMP00404,2025-02-26,2025-03-05,Search,87582,5060,1152,290,6380.62,23252.55,2.6442
CAMP00405,2025-10-27,2025-11-12,Search,27295,1446,318,75,2158.63,7131.47,2.3037
CAMP00406,2025-08-08,2025-08-20,Social,130041,2881,434,79,2024.83,5516.78,1.7246
CAMP00407,2025-05-06,2025-05-22,Email,152893,10613,2585,542,8847.11,37598.61,3.2498
CAMP00408,2025-02-23,2025-03-13,Display,110664,1425,146,29,930.04,1898.66,1.0415
CAMP00409,2025-05-04,2025-05-15,Search,89596,4005,793,182,5713.72,17550.24,2.0716
CAMP00410,2025-05-27,2025-06-21,Display,114958,1322,118,12,929.3,775.17,-0.1659
CAMP00411,2025-01-25,2025-02-05,Search,67657,3813,838,205,5123.37,21011.01,3.101
CAMP00412,2025-03-10,2025-03-24,Display,107854,1298,121,14,924.47,879.67,-0.0485
CAMP00413,2025-05-08,2025-05-28,Influencer,47692,1520,256,51,1702.43,4936.09,1.8994
CAMP00414,2025-05-22,2025-06-04,Social,49063,1317,227,38,1076.75,2157.34,1.0036
CAMP00415,2025-11-07,2025-11-16,Email,27827,1917,486,79,1631.37,5391.5,2.3049
CAMP00416,2025-12-27,2026-01-16,Search,88959,3993,785,164,5755.81,15177.69,1.6369
CAMP00417,2025-05-23,2025-06-06,Display,56041,801,81,13,547.81,572.72,0.0455
CAMP00418,2025-10-22,2025-11-02,Social,57234,1640,280,51,1389.55,4272.54,2.0748
CAMP00419,2025-07-04,2025-07-16,Search,30104,1924,467,147,2907.05,10539.34,2.6254
CAMP00420,2025-06-13,2025-06-29,Social,40922,1233,205,33,1292.58,1814.49,0.4038
CAMP00421,2025-06-17,2025-06-24,Search,26740,1594,375,91,2177.34,9424.76,3.3286
CAMP00422,2025-01-21,2025-02-07,Email,27963,1841,456,89,1305.2,5595.41,3.287
CAMP00423,2025-01-23,2025-02-18,Social,41776,1083,184,30,1162.97,2177.66,0.8725
CAMP00424,2025-03-04,2025-03-29,Display,76197,885,85,14,656.88,733.59,0.1168
CAMP00425,2025-06-07,2025-06-14,Search,215080,11600,2471,577,15814.79,38694.58,1.4467
CAMP00426,2025-09-04,2025-09-30,Search,79915,5166,1269,340,5815.39,33181.16,4.7057
CAMP00427,2025-10-22,2025-10-30,Email,80221,4763,1091,179,3982.49,13359.39,2.3545
CAMP00428,2025-01-28,2025-02-15,Search,33608,2115,478,127,3380.07,11366.29,2.3627
CAMP00429,2025-07-17,2025-08-11,Influencer,75129,2694,512,101,2774.26,10230.43,2.6876
CAMP00430,2025-02-19,2025-03-13,Influencer,64018,2174,350,79,1998.86,6836.73,2.4203
CAMP00431,2025-08-06,2025-08-23,Social,69287,1552,230,42,1229.26,2931.82,1.385
CAMP00432,2025-03-17,2025-03-31,Search,30926,1315,249,66,2356.02,6387.38,1.7111
CAMP00433,2025-09-07,2025-09-14,Search,122519,6119,1281,286,7223.84,20154.09,1.7899
CAMP00434,2025-02-27,2025-03-17,Influencer,98889,3583,639,148,4347.64,15105.64,2.4744
CAMP00435,2025-04-02,2025-04-12,Search,63973,4189,1002,245,4975.57,20484.41,3.117
CAMP00436,2025-01-04,2025-01-21,Search,109662,5495,1116,248,7743.24,23258.33,2.0037
CAMP00437,2025-07-29,2025-08-07,Display,65431,1106,136,22,781.11,1616.23,1.0691
CAMP00438,2025-08-04,2025-08-30,Email,45713,3068,743,161,2390.04,9832.25,3.1138
CAMP00439,2025-07-13,2025-07-21,Email,85037,5330,1255,238,4526.02,16142.16,2.5665
CAMP00440,2025-11-17,2025-12-03,Email,93328,5573,1265,226,4024.88,14232.6,2.5362
CAMP00441,2025-09-24,2025-10-08,Social,89634,1763,238,47,1460.48,4076.78,1.7914
CAMP00442,2025-01-21,2025-01-28,Email,102102,7190,1803,366,6818.04,25357.1,2.7191
CAMP00443,2025-03-05,2025-03-31,Display,102792,1191,106,13,872.58,810.28,-0.0714
CAMP00444,2025-06-09,2025-07-06,Social,74187,2121,383,96,1799.51,6300.96,2.5015
CAMP00445,2025-05-15,2025-05-25,Search,56744,3261,759,192,4196.54,17286.52,3.1192
CAMP00446,2025-06-13,2025-07-10,Search,52820,3020,666,169,3769.73,13054.14,2.4629
CAMP00447,2025-08-25,2025-09-17,Display,70688,876,94,12,585.93,1023.92,0.7475
CAMP00448,2025-04-06,2025-04-24,Search,69031,3503,732,172,5174.55,7757.64,0.4992
CAMP00449,2025-05-05,2025-05-27,Social,119992,4074,757,166,3092.8,11365.26,2.6747
CAMP00450,2025-01-17,2025-02-13,Social,50661,1415,251,48,1121.53,4422.02,2.9428
CAMP00451,2025-01-26,2025-02-08,Influencer,65584,2199,408,99,2332.45,6854.7,1.9388
CAMP00452,2025-08-25,2025-09-18,Search,34659,2065,475,117,3334.41,8593.47,1.5772
CAMP00453,2025-01-24,2025-02-14,Search,79705,3650,738,162,4580.52,20906.77,3.5643
CAMP00454,2025-08-10,2025-08-26,Social,34656,1074,186,38,822.02,2364.12,1.876
CAMP00455,2025-11-02,2025-11-11,Email,26668,1346,277,46,1450.98,3268.06,1.2523
CAMP00456,2025-02-24,2025-03-02,Search,52513,3198,737,168,4432.77,12196.77,1.7515
CAMP00457,2025-09-22,2025-10-17,Influencer,67605,2240,398,75,1969.79,4851.48,1.4629
CAMP00458,2025-06-26,2025-07-04,Display,109238,1706,199,45,1098.1,4891.68,3.4547
CAMP00459,2025-11-21,2025-12-14,Search,44192,2713,632,157,3779.08,11241.89,1.9748
CAMP00460,2025-01-14,2025-02-03,Search,76042,4870,1179,277,8210.35,21138.04,1.5746
CAMP00461,2025-12-16,2025-12-22,Display,57561,552,43,3,333.19,158.91,-0.5231
CAMP00462,2025-03-29,2025-04-17,Social,24955,629,101,22,540.39,2067.43,2.8258
CAMP00463,2025-01-04,2025-01-18,Influencer,41313,1567,312,64,1760.73,5333.22,2.029
CAMP00464,2025-11-04,2025-11-24,Social,59189,1384,204,38,1142.64,2876.76,1.5176
CAMP00465,2025-08-17,2025-08-29,Search,68123,3729,808,213,4940.97,13926.97,1.8187
CAMP00466,2025-05-06,2025-05-13,Search,64034,5377,1482,442,7382.0,36258.64,3.9118
CAMP00467,2025-02-01,2025-02-19,Email,21575,1229,275,57,865.58,4029.27,3.655
CAMP00468,2025-04-22,2025-05-18,Social,87240,1846,285,53,1380.21,3567.75,1.5849
CAMP00469,2025-07-01,2025-07-25,Search,53564,2638,568,142,3555.86,14833.62,3.1716
CAMP00470,2025-03-19,2025-04-12,Email,22195,1416,346,79,1244.29,4808.16,2.8642
CAMP00471,2025-08-29,2025-09-21,Email,45615,3309,855,156,2580.9,9700.93,2.7587
CAMP00472,2025-02-08,2025-02-27,Social,108787,2461,386,70,2030.24,5567.0,1.742
CAMP00473,2025-05-17,2025-05-31,Search,43723,2401,506,113,2635.04,9208.18,2.4945
CAMP00474,2025-02-21,2025-02-27,Display,86552,906,106,14,516.64,694.01,0.3433
CAMP00475,2025-08-07,2025-09-03,Email,39470,2610,618,126,2050.12,8597.96,3.1939
CAMP00476,2025-05-05,2025-05-17,Display,69740,984,117,13,598.66,869.61,0.4526
CAMP00477,2025-10-25,2025-11-03,Display,9441,105,9,3,79.21,186.03,1.3486
CAMP00478,2025-10-16,2025-10-28,Influencer,24159,729,106,27,809.54,2221.69,1.7444
CAMP00479,2025-01-01,2025-01-11,Search,100109,6536,1564,398,10689.53,40434.29,2.7826
CAMP00480,2025-12-24,2026-01-17,Display,51029,563,56,9,343.3,517.36,0.507
CAMP00481,2025-10-30,2025-11-19,Search,21858,1291,311,95,1645.61,8647.88,4.2551
CAMP00482,2025-01-15,2025-01-22,Email,146690,10143,2540,490,7141.75,41979.19,4.878
CAMP00483,2025-04-28,2025-05-19,Search,95620,5517,1226,305,7802.52,23830.0,2.0541
CAMP00484,2025-06-08,2025-07-04,Social,52296,1279,200,30,1071.65,1744.06,0.6275
CAMP00485,2025-01-15,2025-02-10,Search,17035,944,197,50,1436.65,4269.83,1.9721
CAMP00486,2025-03-18,2025-03-28,Influencer,30615,1133,192,41,1348.19,4058.28,2.0102
CAMP00487,2025-04-27,2025-05-24,Search,84063,3983,804,193,4869.3,14971.61,2.0747
CAMP00488,2025-10-23,2025-11-11,Social,96241,3769,750,168,2392.05,9701.35,3.0557
CAMP00489,2025-10-23,2025-11-12,Display,28389,295,31,7,213.35,338.71,0.5876
CAMP00490,2025-11-10,2025-11-28,Search,37751,2359,540,134,3960.63,11429.65,1.8858
CAMP00491,2025-11-08,2025-11-27,Social,31080,842,120,19,767.69,1330.85,0.7336
CAMP00492,2025-01-17,2025-01-24,Social,31359,768,102,20,800.31,1304.83,0.6304
CAMP00493,2025-10-10,2025-11-05,Display,66746,809,92,14,504.95,655.48,0.2981
CAMP00494,2025-12-13,2025-12-26,Social,148493,4313,734,162,3443.64,9554.79,1.7746
CAMP00495,2025-02-27,2025-03-16,Display,28518,484,71,16,303.07,1005.61,2.3181
CAMP00496,2025-03-29,2025-04-11,Display,25506,232,16,3,122.38,200.35,0.6371
CAMP00497,2025-02-10,2025-02-20,Social,104384,3925,774,188,3200.74,13453.7,3.2033
CAMP00498,2025-02-07,2025-03-06,Email,97928,7692,2023,426,5491.94,32267.11,4.8754
CAMP00499,2025-06-25,2025-07-19,Search,113125,5244,1065,252,7462.35,19381.65,1.5973
CAMP00500,2025-03-17,2025-03-28,Search,30508,2234,554,165,3200.9,12524.35,2.9128
CAMP00501,2025-11-15,2025-12-08,Display,9743,139,14,3,96.24,199.84,1.0765
CAMP00502,2025-07-29,2025-08-06,Search,51262,2577,550,123,3728.47,9412.2,1.5244
CAMP00503,2025-02-03,2025-02-28,Influencer,74999,4007,906,262,6633.19,27978.75,3.218
CAMP00504,2025-08-19,2025-08-31,Email,55352,3820,977,211,2646.15,12704.09,3.801
CAMP00505,2025-04-07,2025-04-20,Search,11475,742,177,46,1083.01,3830.62,2.537
CAMP00506,2025-03-19,2025-03-27,Search,24226,1308,285,57,1929.83,4105.12,1.1272
CAMP00507,2025-09-15,2025-10-01,Email,62596,3750,871,164,3043.69,9848.6,2.2357
CAMP00508,2025-03-23,2025-04-15,Search,48009,3213,791,221,4947.51,20208.07,3.0845
CAMP00509,2025-08-13,2025-08-22,Email,24974,1898,520,120,1495.73,7114.27,3.7564
CAMP00510,2025-01-15,2025-01-30,Display,108410,2184,298,54,1584.56,3929.5,1.4799
CAMP00511,2025-10-28,2025-11-10,Email,55542,5261,1574,362,3908.91,22314.74,4.7087
CAMP00512,2025-07-31,2025-08-25,Social,18371,523,95,15,451.14,1077.34,1.388
CAMP00513,2025-08-25,2025-09-09,Influencer,88775,3754,726,173,3939.88,14099.27,2.5786
CAMP00514,2025-02-22,2025-03-18,Search,76174,5393,1317,362,6598.69,28304.82,3.2895
CAMP00515,2025-03-22,2025-03-31,Social,44921,1284,226,49,870.72,2904.1,2.3353
CAMP00516,2025-06-14,2025-07-02,Influencer,64659,2529,493,100,2730.83,10286.42,2.7668
CAMP00517,2025-05-21,2025-06-07,Social,91199,1982,303,51,1443.15,4092.78,1.836
CAMP00518,2025-12-24,2026-01-09,Social,111459,2666,424,70,3143.46,4769.32,0.5172
CAMP00519,2025-05-31,2025-06-08,Social,24602,590,113,21,432.24,1494.68,2.458
CAMP00520,2025-06-08,2025-06-29,Search,65540,4048,928,229,7092.37,14514.3,1.0465
CAMP00521,2025-05-08,2025-05-15,Social,98747,2075,292,52,1679.46,3819.67,1.2743
CAMP00522,2025-03-03,2025-03-24,Influencer,92262,2681,439,81,2496.13,5561.7,1.2281
CAMP00523,2025-12-24,2026-01-08,Influencer,58714,2521,498,116,2749.8,11351.28,3.128
CAMP00524,2025-05-01,2025-05-23,Social,60980,2038,366,85,1530.29,6252.5,3.0858
CAMP00525,2025-11-03,2025-11-09,Email,38054,2468,612,126,1924.0,10679.36,4.5506
CAMP00526,2025-10-28,2025-11-12,Social,60931,1456,241,48,1010.02,3242.72,2.2106
CAMP00527,2025-08-15,2025-08-25,Influencer,50289,1882,358,96,2401.78,7710.04,2.2101
CAMP00528,2025-10-23,2025-11-01,Influencer,39405,1336,266,65,1700.54,5979.98,2.5165
CAMP00529,2025-03-19,2025-03-25,Search,66069,4404,1038,260,6807.92,18608.1,1.7333
CAMP00530,2025-01-20,2025-02-09,Influencer,112045,4762,893,225,4704.13,16835.92,2.579
CAMP00531,2025-11-23,2025-12-03,Display,34654,344,36,5,206.37,234.91,0.1383
CAMP00532,2025-05-11,2025-05-31,Display,40450,384,29,3,220.95,186.25,-0.157
CAMP00533,2025-04-27,2025-05-11,Search,53949,3440,776,202,4590.08,12331.77,1.6866
CAMP00534,2025-10-23,2025-11-18,Influencer,23497,1135,234,65,1325.42,7234.77,4.4585
CAMP00535,2025-09-24,2025-10-09,Display,50901,662,72,6,472.84,380.93,-0.1944
CAMP00536,2025-04-12,2025-05-06,Search,31545,1312,264,57,1871.57,4568.0,1.4407
CAMP00537,2025-09-03,2025-09-22,Social,97810,2175,326,62,1752.63,4209.56,1.4019
CAMP00538,2025-05-13,2025-06-05,Search,68253,3853,886,216,6344.3,14988.7,1.3625
CAMP00539,2025-12-08,2025-12-22,Display,26852,344,33,2,254.0,153.38,-0.3961
CAMP00540,2025-04-12,2025-05-02,Social,78613,2097,335,74,1807.34,4786.18,1.6482
CAMP00541,2025-12-17,2026-01-02,Social,92916,2862,529,98,2433.31,5928.01,1.4362
CAMP00542,2025-04-26,2025-05-18,Display,90071,1136,122,15,725.85,958.88,0.321
CAMP00543,2025-01-09,2025-01-31,Display,45729,444,41,5,261.3,337.93,0.2933
CAMP00544,2025-11-10,2025-12-06,Search,26233,1697,398,94,2179.17,8007.69,2.6747
CAMP00545,2025-01-21,2025-02-06,Display,27409,232,14,0,130.35,0.0,-1.0
CAMP00546,2025-03-13,2025-03-30,Social,25440,528,77,18,432.97,1534.15,2.5433
CAMP00547,2025-03-03,2025-03-20,Search,72274,2945,571,98,4318.78,7666.36,0.7751
CAMP00548,2025-03-10,2025-04-03,Email,108387,5742,1302,230,4508.33,17724.9,2.9316
CAMP00549,2025-02-02,2025-02-13,Social,60022,2545,502,116,1985.19,8817.67,3.4417
CAMP00550,2025-05-13,2025-05-21,Display,71618,900,82,11,601.05,660.12,0.0983
CAMP00551,2025-02-27,2025-03-23,Influencer,43562,1132,172,38,947.55,3080.02,2.2505
CAMP00552,2025-05-26,2025-06-02,Search,22951,1616,372,101,2246.64,7535.7,2.3542
CAMP00553,2025-03-23,2025-04-04,Email,91177,6171,1558,287,3892.19,21274.24,4.4659
CAMP00554,2025-12-02,2025-12-15,Display,61423,708,79,20,465.52,1483.84,2.1875
CAMP00555,2025-04-27,2025-05-21,Social,32189,1021,180,30,919.74,1881.33,1.0455
CAMP00556,2025-06-19,2025-07-03,Display,38580,348,32,5,205.97,372.46,0.8083
CAMP00557,2025-11-08,2025-12-04,Social,29732,745,115,19,590.18,1142.28,0.9355
CAMP00558,2025-05-15,2025-05-31,Search,150276,6954,1441,314,10961.24,23178.29,1.1146
CAMP00559,2025-08-19,2025-09-02,Social,120814,2943,455,85,2719.07,3905.8,0.4364
CAMP00560,2025-01-24,2025-02-12,Social,61054,1698,289,50,1599.06,3902.78,1.4407
CAMP00561,2025-11-25,2025-12-09,Influencer,34461,1225,194,36,1317.97,3239.45,1.4579
CAMP00562,2025-02-25,2025-03-03,Email,63799,4384,1019,214,3836.5,14080.63,2.6702
CAMP00563,2025-11-24,2025-12-06,Search,37815,2001,387,98,3491.66,8044.41,1.3039
CAMP00564,2025-06-29,2025-07-23,Display,84674,945,87,11,499.35,620.98,0.2436
CAMP00565,2025-08-28,2025-09-19,Email,89925,5633,1347,268,4419.18,14022.2,2.173
CAMP00566,2025-04-06,2025-04-21,Social,29711,721,107,24,501.0,2480.52,3.9511
CAMP00567,2025-06-27,2025-07-23,Influencer,47746,1529,253,55,1737.19,6198.11,2.5679
CAMP00568,2025-09-02,2025-09-20,Social,88386,2169,347,61,1492.7,4030.34,1.7
CAMP00569,2025-05-04,2025-05-12,Social,86297,1888,283,47,1334.88,4304.3,2.2245
CAMP00570,2025-12-10,2026-01-04,Influencer,38022,1589,300,70,1828.62,5797.04,2.1702
CAMP00571,2025-10-11,2025-11-02,Social,22963,631,111,15,432.28,1195.22,1.7649
CAMP00572,2025-07-04,2025-07-16,Influencer,79657,2453,416,82,2909.06,7909.63,1.719
CAMP00573,2025-05-20,2025-06-10,Social,93972,2747,487,103,1984.23,7571.92,2.816
CAMP00574,2025-10-19,2025-11-09,Social,107395,3159,550,116,2531.18,6901.54,1.7266
CAMP00575,2025-08-11,2025-09-07,Search,36562,1926,413,96,2613.01,6990.44,1.6752
CAMP00576,2025-09-07,2025-09-15,Search,69988,4212,963,220,6691.24,24255.51,2.625
CAMP00577,2025-03-20,2025-04-15,Social,53786,1074,147,19,675.25,1603.19,1.3742
CAMP00578,2025-08-25,2025-09-07,Search,31537,1379,252,62,1730.4,4551.41,1.6303
CAMP00579,2025-05-06,2025-05-21,Search,47581,2559,586,137,3757.06,10934.53,1.9104
CAMP00580,2025-01-10,2025-02-04,Social,105558,3020,514,96,2084.18,8216.83,2.9425
CAMP00581,2025-07-16,2025-08-08,Social,83490,2636,516,96,1835.35,6349.04,2.4593
CAMP00582,2025-12-11,2026-01-06,Search,85623,5108,1182,300,6114.43,26089.54,3.2669
CAMP00583,2025-01-20,2025-02-05,Search,60483,2880,567,140,4195.23,13468.28,2.2104
CAMP00584,2025-03-02,2025-03-23,Social,37249,722,107,16,622.91,931.11,0.4948
CAMP00585,2025-09-23,2025-10-07,Email,64207,4993,1301,251,3996.77,14596.59,2.6521
CAMP00586,2025-06-06,2025-06-25,Social,79803,1871,297,66,1487.76,4438.43,1.9833
CAMP00587,2025-10-22,2025-11-14,Search,66382,4106,956,258,4740.31,19689.76,3.1537
CAMP00588,2025-05-14,2025-06-07,Display,54656,654,69,7,457.93,569.01,0.2426
CAMP00589,2025-01-12,2025-01-20,Search,96463,4844,1013,247,6111.66,18348.77,2.0023
CAMP00590,2025-09-17,2025-10-12,Email,167286,8356,1774,283,7790.59,25293.55,2.2467
CAMP00591,2025-10-24,2025-11-07,Email,32254,1696,355,62,1291.1,4652.93,2.6038
CAMP00592,2025-09-06,2025-09-12,Social,38472,915,140,25,780.29,1276.51,0.6359
CAMP00593,2025-03-30,2025-04-17,Influencer,111215,3316,536,117,3434.92,14360.9,3.1809
CAMP00594,2025-02-13,2025-03-03,Search,68112,3555,762,160,5182.19,15573.55,2.0052
CAMP00595,2025-05-21,2025-06-08,Search,29255,1673,380,98,2711.99,7712.92,1.844
CAMP00596,2025-04-06,2025-04-28,Search,51002,3105,740,195,3377.62,17901.93,4.3002
CAMP00597,2025-11-07,2025-11-20,Display,85940,737,67,7,521.02,648.88,0.2454
CAMP00598,2025-11-14,2025-12-02,Email,81449,5361,1342,267,4264.44,19574.09,3.5901
CAMP00599,2025-01-26,2025-02-05,Influencer,49266,1807,313,61,2152.41,5716.31,1.6558
CAMP00600,2025-10-12,2025-10-25,Search,26375,1949,490,132,2340.97,10792.37,3.6102
CAMP00601,2025-08-22,2025-09-05,Social,31943,762,123,23,693.1,2040.56,1.9441
CAMP00602,2025-10-30,2025-11-20,Display,67095,557,42,6,341.28,495.46,0.4518
CAMP00603,2025-02-11,2025-02-19,Social,55180,1028,144,29,868.46,2122.78,1.4443
CAMP00604,2025-06-07,2025-06-27,Email,13152,1190,314,80,816.0,5502.69,5.7435
CAMP00605,2025-03-17,2025-04-02,Display,71387,680,61,6,504.32,409.0,-0.189
CAMP00606,2025-06-08,2025-06-20,Social,23612,614,97,19,566.26,1410.8,1.4914
CAMP00607,2025-08-12,2025-09-06,Influencer,120667,3920,663,146,5096.27,11978.4,1.3504
CAMP00608,2025-09-12,2025-10-05,Search,56774,2688,494,101,4870.27,8284.35,0.701
CAMP00609,2025-12-07,2025-12-17,Social,98159,2122,321,45,1580.93,2821.13,0.7845
CAMP00610,2025-05-24,2025-06-07,Social,55739,1592,292,56,1165.03,3177.08,1.727
CAMP00611,2025-04-22,2025-05-06,Influencer,47053,1341,208,39,1544.07,3526.64,1.284
CAMP00612,2025-02-22,2025-03-03,Search,89619,6970,1833,548,10313.41,62964.08,5.1051
CAMP00613,2025-08-28,2025-09-09,Display,43911,375,39,3,238.74,164.2,-0.3122
CAMP00614,2025-06-27,2025-07-18,Social,72466,2029,379,69,1460.41,4663.9,2.1936
CAMP00615,2025-05-04,2025-05-16,Display,48610,607,49,5,378.56,298.56,-0.2113
CAMP00616,2025-12-09,2025-12-22,Social,20919,482,63,16,336.63,1133.03,2.3658
CAMP00617,2025-03-05,2025-03-11,Email,68673,3718,848,133,2738.1,8218.23,2.0014
CAMP00618,2025-07-03,2025-07-16,Display,35226,559,55,7,398.07,512.78,0.2882
CAMP00619,2025-04-15,2025-04-21,Search,41951,2333,495,122,3026.36,11031.12,2.645
CAMP00620,2025-04-11,2025-04-30,Search,72455,3315,689,147,4760.12,11013.36,1.3137
CAMP00621,2025-07-16,2025-07-26,Display,18239,299,31,6,189.47,401.5,1.1191
CAMP00622,2025-09-05,2025-09-20,Display,86497,898,89,15,711.61,952.39,0.3384
CAMP00623,2025-09-12,2025-10-09,Display,71491,899,108,12,662.44,930.31,0.4044
CAMP00624,2025-05-12,2025-05-27,Email,48616,2772,635,95,2221.62,6952.55,2.1295
CAMP00625,2025-04-28,2025-05-06,Display,56790,888,106,14,624.06,1154.83,0.8505
CAMP00626,2025-02-15,2025-02-22,Social,133674,2842,441,80,2399.7,4719.99,0.9669
CAMP00627,2025-11-21,2025-12-14,Search,28067,2246,640,194,3039.65,11544.7,2.798
CAMP00628,2025-09-23,2025-10-10,Display,43047,473,44,2,308.85,136.3,-0.5587
CAMP00629,2025-04-12,2025-04-24,Influencer,47521,1418,246,46,1471.14,5236.09,2.5592
CAMP00630,2025-04-12,2025-04-26,Email,126396,6584,1409,220,5832.94,15823.63,1.7128
CAMP00631,2025-03-01,2025-03-11,Search,35155,2053,459,115,3197.39,9911.99,2.1
CAMP00632,2025-02-16,2025-02-25,Social,106641,2901,471,84,2081.97,5176.09,1.4862
CAMP00633,2025-04-19,2025-05-01,Display,67593,892,91,13,570.97,769.92,0.3484
CAMP00634,2025-01-13,2025-02-04,Social,56027,1472,231,51,1115.55,3303.28,1.9611
CAMP00635,2025-10-19,2025-11-09,Influencer,85996,2958,555,106,2997.91,6216.62,1.0737
CAMP00636,2025-06-27,2025-07-12,Influencer,41304,994,146,20,1101.1,1929.26,0.7521
CAMP00637,2025-11-30,2025-12-12,Social,41994,1013,152,28,823.39,2109.64,1.5621
CAMP00638,2025-08-12,2025-08-31,Social,45123,1287,206,28,1162.06,1796.07,0.5456
CAMP00639,2025-03-30,2025-04-22,Search,25356,1880,434,126,2441.16,8860.57,2.6297
CAMP00640,2025-01-09,2025-01-19,Email,11136,920,249,47,703.42,2911.72,3.1394
CAMP00641,2025-02-04,2025-02-11,Display,40211,560,66,10,418.45,796.83,0.9042
CAMP00642,2025-02-08,2025-03-07,Email,50014,3399,825,170,2656.48,12604.42,3.7448
CAMP00643,2025-08-09,2025-08-29,Search,99331,5042,1020,244,6059.1,23078.09,2.8088
CAMP00644,2025-02-09,2025-02-27,Search,70101,2255,380,86,2707.08,6725.28,1.4843
CAMP00645,2025-11-06,2025-12-03,Search,111522,7003,1585,430,9721.96,44389.71,3.5659
CAMP00646,2025-03-22,2025-04-06,Social,139464,3893,658,128,2994.2,10067.52,2.3623
CAMP00647,2025-11-28,2025-12-09,Influencer,78410,2916,546,123,2751.8,7969.03,1.8959
CAMP00648,2025-11-13,2025-11-23,Email,38718,2558,603,95,1821.14,6482.21,2.5594
CAMP00649,2025-03-08,2025-03-27,Display,22738,316,28,9,228.65,509.35,1.2276
CAMP00650,2025-08-31,2025-09-16,Search,57195,3259,717,174,6336.71,13899.67,1.1935
CAMP00651,2025-03-27,2025-04-03,Display,76270,820,86,10,483.5,695.21,0.4379
CAMP00652,2025-12-20,2026-01-08,Influencer,35222,1170,208,48,1251.15,4991.87,2.9898
CAMP00653,2025-01-29,2025-02-11,Social,38654,973,148,25,864.97,1748.11,1.021
CAMP00654,2025-12-15,2025-12-22,Email,23180,1508,378,74,1341.16,4539.79,2.385
CAMP00655,2025-09-14,2025-09-29,Influencer,92366,2220,348,64,2615.52,5747.27,1.1974
CAMP00656,2025-01-07,2025-01-28,Search,43849,2489,540,139,3398.3,9543.35,1.8083
CAMP00657,2025-04-14,2025-04-21,Influencer,87368,2849,462,102,2850.85,9046.39,2.1732
CAMP00658,2025-03-24,2025-04-19,Influencer,55553,2366,446,134,2435.17,9543.15,2.9189
CAMP00659,2025-01-17,2025-02-07,Influencer,53130,2845,631,156,3145.11,14956.42,3.7555
CAMP00660,2025-05-25,2025-06-01,Influencer,42223,929,119,25,1030.47,2840.43,1.7564
CAMP00661,2025-09-05,2025-09-29,Social,56312,1699,306,61,1199.25,4126.06,2.4405
CAMP00662,2025-03-24,2025-04-16,Social,105156,2409,376,53,1889.74,4399.44,1.3281
CAMP00663,2025-04-10,2025-04-16,Social,32581,698,113,17,554.49,1275.44,1.3002
CAMP00664,2025-04-20,2025-04-29,Email,25973,1600,379,71,1484.42,5746.89,2.8715
CAMP00665,2025-03-31,2025-04-12,Influencer,33235,1189,234,61,1328.92,4846.31,2.6468
CAMP00666,2025-06-24,2025-07-14,Search,75913,4429,1093,246,6028.9,18984.8,2.149
CAMP00667,2025-06-20,2025-07-01,Search,46856,3932,1087,306,5863.87,24948.62,3.2546
CAMP00668,2025-12-11,2025-12-20,Influencer,57233,1833,293,68,1635.82,6107.73,2.7337
CAMP00669,2025-03-11,2025-03-24,Influencer,32454,926,152,33,1267.78,2448.84,0.9316
CAMP00670,2025-01-02,2025-01-28,Search,28954,1093,196,44,1538.92,4000.88,1.5998
CAMP00671,2025-05-12,2025-06-07,Influencer,39431,1217,199,45,1377.5,4331.8,2.1447
CAMP00672,2025-07-17,2025-08-11,Display,75423,904,84,10,504.74,650.44,0.2887
CAMP00673,2025-02-20,2025-03-14,Display,89956,695,64,16,393.41,1073.89,1.7297
CAMP00674,2025-12-23,2026-01-03,Social,91019,1856,246,38,1339.48,2745.09,1.0494
CAMP00675,2025-03-28,2025-04-06,Email,37884,2464,640,121,1813.1,9987.45,4.5085
CAMP00676,2025-11-26,2025-12-10,Search,73496,3368,663,149,4680.38,13169.62,1.8138
CAMP00677,2025-10-08,2025-10-15,Email,55816,4671,1242,267,3663.1,20253.64,4.5291
CAMP00678,2025-01-31,2025-02-07,Email,27209,1836,470,98,1472.03,6920.48,3.7013
CAMP00679,2025-01-07,2025-01-24,Search,19663,1044,240,63,1892.67,5691.44,2.0071
CAMP00680,2025-10-09,2025-10-28,Search,30843,1528,323,77,2256.65,6469.55,1.8669
CAMP00681,2025-01-31,2025-02-07,Search,60752,2869,591,137,4796.92,12698.09,1.6471
CAMP00682,2025-11-19,2025-12-06,Social,37342,1195,232,49,889.77,4189.43,3.7084
CAMP00683,2025-02-11,2025-02-20,Display,62193,682,77,11,508.17,652.04,0.2831
CAMP00684,2025-01-06,2025-01-28,Social,56994,1116,159,26,963.75,2278.22,1.3639
CAMP00685,2025-11-16,2025-12-10,Social,86163,2120,348,75,1934.66,5957.53,2.0794
CAMP00686,2025-02-13,2025-03-04,Display,112638,1424,126,16,975.36,1141.32,0.1702
CAMP00687,2025-06-20,2025-06-28,Display,50498,745,87,14,434.05,1102.58,1.5402
CAMP00688,2025-05-17,2025-05-28,Email,25855,2277,624,133,1713.7,8621.52,4.0309
CAMP00689,2025-09-21,2025-10-08,Social,37480,1098,174,37,726.33,2921.03,3.0216
CAMP00690,2025-01-20,2025-01-28,Influencer,45842,1705,306,60,1725.26,4611.32,1.6728
CAMP00691,2025-09-27,2025-10-13,Search,106029,5903,1266,312,6990.98,21375.87,2.0576
CAMP00692,2025-12-02,2025-12-21,Social,73554,1589,235,40,1462.52,3868.44,1.6451
CAMP00693,2025-07-14,2025-08-01,Display,65985,1068,135,26,847.81,1615.09,0.905
CAMP00694,2025-05-18,2025-06-03,Email,38382,2619,637,106,2206.76,7237.92,2.2799
CAMP00695,2025-02-14,2025-03-11,Display,44611,625,75,8,399.47,651.8,0.6317
CAMP00696,2025-12-07,2025-12-13,Display,32195,494,57,5,240.42,342.11,0.423
CAMP00697,2025-03-10,2025-04-05,Display,99849,907,89,9,574.71,708.56,0.2329
CAMP00698,2025-10-14,2025-11-04,Social,48551,1316,235,42,996.4,2727.42,1.7373
CAMP00699,2025-10-31,2025-11-10,Display,59987,658,60,6,418.94,374.58,-0.1059
CAMP00700,2025-10-15,2025-10-29,Social,51432,1013,154,18,811.78,1461.04,0.7998
CAMP00701,2025-12-17,2026-01-10,Email,33538,1947,485,85,1617.41,5194.76,2.2118
CAMP00702,2025-02-14,2025-03-05,Search,73089,4212,922,203,5561.11,17366.0,2.1228
CAMP00703,2025-03-28,2025-04-11,Influencer,48304,2222,453,117,2231.99,9525.97,3.2679
CAMP00704,2025-09-27,2025-10-03,Email,57513,4361,1111,228,3694.55,17121.68,3.6343
CAMP00705,2025-09-03,2025-09-29,Search,40420,2456,625,144,3089.31,9371.67,2.0336
CAMP00706,2025-01-20,2025-02-07,Search,65218,3471,750,193,4066.32,13135.25,2.2303
CAMP00707,2025-10-04,2025-10-20,Email,61221,4046,972,197,3079.77,13966.87,3.535
CAMP00708,2025-11-09,2025-11-22,Social,42444,880,120,28,721.08,2488.05,2.4504
CAMP00709,2025-11-25,2025-12-20,Social,55557,1189,188,39,889.93,2817.13,2.1656
CAMP00710,2025-07-06,2025-07-28,Email,22428,1455,326,58,1085.13,3539.58,2.2619
CAMP00711,2025-09-17,2025-09-25,Search,38745,2070,470,113,2784.97,9982.26,2.5843
CAMP00712,2025-02-01,2025-02-25,Influencer,55196,1295,190,31,1708.54,3263.71,0.9102
CAMP00713,2025-07-29,2025-08-07,Search,37480,1756,373,87,2518.81,8599.48,2.4141
CAMP00714,2025-12-24,2026-01-01,Influencer,45702,1319,205,43,1591.06,4224.04,1.6549
CAMP00715,2025-07-22,2025-08-18,Search,65169,4646,1150,317,6221.28,25276.54,3.0629
CAMP00716,2025-03-16,2025-03-30,Social,52855,1242,190,38,1012.44,2475.8,1.4454
CAMP00717,2025-05-16,2025-06-02,Display,107182,1597,177,27,1122.03,1438.84,0.2824
CAMP00718,2025-03-13,2025-03-21,Social,111249,2908,463,89,2096.4,5195.62,1.4784
CAMP00719,2025-03-04,2025-03-10,Social,127037,2536,371,59,2013.94,4006.67,0.9895
CAMP00720,2025-12-28,2026-01-09,Search,68569,4449,1016,266,5686.03,22353.13,2.9312
CAMP00721,2025-01-15,2025-02-05,Display,103087,801,63,9,449.18,625.74,0.3931
CAMP00722,2025-12-22,2026-01-10,Social,82617,2301,380,70,1589.84,4177.36,1.6275
CAMP00723,2025-02-09,2025-02-26,Influencer,48802,1773,335,85,1725.4,7236.86,3.1943
CAMP00724,2025-12-03,2025-12-14,Influencer,86249,3806,715,189,4986.57,15213.27,2.0508
CAMP00725,2025-05-24,2025-06-09,Display,56397,938,103,22,689.86,1120.87,0.6248
CAMP00726,2025-06-04,2025-06-19,Display,89113,901,87,9,495.16,567.76,0.1466
CAMP00727,2025-02-25,2025-03-04,Influencer,140641,3922,611,118,6510.89,10098.35,0.551
CAMP00728,2025-12-17,2025-12-27,Social,47919,919,124,15,735.49,1068.14,0.4523
CAMP00729,2025-09-23,2025-10-20,Social,32861,729,116,22,583.93,1351.38,1.3143
CAMP00730,2025-09-30,2025-10-26,Social,73596,1579,255,39,1158.42,2010.06,0.7352
CAMP00731,2025-03-05,2025-03-17,Social,75707,1831,314,51,1834.96,3450.34,0.8803
CAMP00732,2025-04-26,2025-05-02,Social,63096,1869,353,61,1613.07,3744.8,1.3215
CAMP00733,2025-07-04,2025-07-30,Social,27901,702,98,19,522.52,1273.85,1.4379
CAMP00734,2025-03-19,2025-03-30,Search,87387,4824,1049,246,6817.51,21495.89,2.153
CAMP00735,2025-04-21,2025-05-07,Search,35282,1443,255,50,2071.07,3427.04,0.6547
CAMP00736,2025-10-13,2025-10-27,Email,38360,3098,866,192,2155.04,10155.14,3.7123
CAMP00737,2025-05-19,2025-05-25,Search,87749,4826,1073,273,6705.11,17923.26,1.6731
CAMP00738,2025-11-08,2025-11-16,Social,22333,547,105,14,459.22,1039.97,1.2646
CAMP00739,2025-08-21,2025-09-16,Influencer,69824,2983,568,135,3442.81,14647.45,3.2545
CAMP00740,2025-03-11,2025-03-30,Search,72933,3974,873,220,6680.64,22346.07,2.3449
CAMP00741,2025-04-22,2025-05-07,Display,143484,2016,203,28,1554.14,1543.71,-0.0067
CAMP00742,2025-06-25,2025-07-17,Email,47343,3293,791,157,3239.61,9433.41,1.9119
CAMP00743,2025-12-02,2025-12-16,Display,49710,753,80,8,494.02,594.51,0.2034
CAMP00744,2025-04-27,2025-05-24,Search,61385,2774,611,142,3665.96,12099.58,2.3005
CAMP00745,2025-03-14,2025-04-10,Social,57352,1624,245,55,1276.95,4292.22,2.3613
CAMP00746,2025-11-26,2025-12-14,Social,52891,1160,186,38,1241.67,2568.85,1.0689
CAMP00747,2025-02-12,2025-02-27,Display,42915,537,55,8,342.04,695.22,1.0326
CAMP00748,2025-12-12,2026-01-02,Search,62427,2997,610,125,3463.22,11616.27,2.3542
CAMP00749,2025-03-14,2025-04-08,Social,66721,1775,255,47,1389.51,2857.07,1.0562
CAMP00750,2025-01-07,2025-01-16,Display,33487,359,23,1,246.98,71.05,-0.7123
CAMP00751,2025-11-01,2025-11-18,Social,39996,1083,192,43,875.64,3388.59,2.8698
CAMP00752,2025-01-27,2025-02-23,Search,35827,2494,647,171,4360.41,14929.56,2.4239
CAMP00753,2025-11-24,2025-12-10,Display,33706,502,61,14,317.13,1015.68,2.2027
CAMP00754,2025-12-04,2025-12-31,Search,51189,3681,914,249,6005.8,17974.94,1.9929
CAMP00755,2025-06-25,2025-07-06,Search,85970,4163,896,198,5517.76,16952.02,2.0723
CAMP00756,2025-01-25,2025-02-09,Search,107503,5918,1306,312,8208.63,28911.54,2.5221
CAMP00757,2025-02-26,2025-03-18,Display,90619,852,68,5,613.89,343.5,-0.4405
CAMP00758,2025-05-21,2025-06-01,Display,59668,699,67,9,494.18,533.83,0.0802
CAMP00759,2025-10-20,2025-11-06,Influencer,98596,2643,410,81,3646.53,8620.9,1.3641
CAMP00760,2025-12-07,2025-12-23,Display,49963,600,60,5,400.21,299.36,-0.252
CAMP00761,2025-03-22,2025-04-18,Influencer,53867,1981,378,81,2535.45,5338.87,1.1057
CAMP00762,2025-08-05,2025-08-24,Influencer,48519,1577,263,64,1842.14,4440.17,1.4103
CAMP00763,2025-04-04,2025-04-16,Social,67257,1890,326,71,1326.24,5311.29,3.0048
CAMP00764,2025-09-19,2025-09-29,Social,51774,1361,234,43,1086.33,2472.94,1.2764
CAMP00765,2025-01-30,2025-02-13,Influencer,56928,1898,307,58,2036.8,5306.13,1.6051
CAMP00766,2025-04-28,2025-05-07,Social,66406,1213,178,17,897.56,1230.36,0.3708
CAMP00767,2025-07-12,2025-08-02,Search,27345,1542,300,60,1845.75,4483.65,1.4292
CAMP00768,2025-10-24,2025-11-09,Influencer,43846,1648,323,75,2144.17,7823.72,2.6488
CAMP00769,2025-09-26,2025-10-22,Search,61839,2995,645,156,4833.01,9968.88,1.0627
CAMP00770,2025-10-17,2025-11-08,Social,48974,1507,252,46,931.71,3723.23,2.9961
CAMP00771,2025-07-12,2025-07-24,Influencer,68029,1781,285,53,2285.19,4775.37,1.0897
CAMP00772,2025-07-08,2025-07-17,Display,92046,1328,152,30,783.78,2458.36,2.1365
CAMP00773,2025-08-07,2025-08-17,Social,61764,1647,275,57,1260.18,3727.75,1.9581
CAMP00774,2025-09-14,2025-09-26,Social,85781,1745,263,28,1575.31,2169.69,0.3773
CAMP00775,2025-06-23,2025-07-14,Search,77316,4719,1108,288,5522.25,18899.02,2.4223
CAMP00776,2025-03-21,2025-04-09,Social,81878,2503,408,85,2011.43,6495.67,2.2294
CAMP00777,2025-03-20,2025-04-05,Display,34688,646,84,13,459.94,823.91,0.7913
CAMP00778,2025-11-24,2025-12-06,Social,28150,668,106,20,470.64,1881.18,2.9971
CAMP00779,2025-03-28,2025-04-04,Display,76654,956,107,15,667.36,1119.49,0.6775
CAMP00780,2025-10-20,2025-11-03,Influencer,35890,932,154,26,1007.57,2699.08,1.6788
CAMP00781,2025-02-20,2025-02-27,Social,73878,1802,276,48,1644.58,3552.91,1.1604
CAMP00782,2025-04-14,2025-04-28,Social,40980,1171,181,38,925.1,2109.08,1.2798
CAMP00783,2025-08-01,2025-08-09,Display,122508,1563,166,16,910.05,886.78,-0.0256
CAMP00784,2025-03-21,2025-04-03,Social,44749,616,86,16,445.48,927.69,1.0825
CAMP00785,2025-02-25,2025-03-10,Search,124690,4821,876,157,7757.82,11294.44,0.4559
CAMP00786,2025-08-17,2025-09-10,Display,36120,638,62,11,396.8,1276.71,2.2175
CAMP00787,2025-02-08,2025-02-28,Display,46288,625,69,8,500.98,509.03,0.0161
CAMP00788,2025-06-03,2025-06-17,Influencer,59576,2137,367,76,2343.74,5427.44,1.3157
CAMP00789,2025-08-05,2025-08-21,Search,86014,5086,1163,318,7954.36,27268.53,2.4281
CAMP00790,2025-05-16,2025-05-27,Social,49517,1067,163,25,819.58,2260.23,1.7578
CAMP00791,2025-05-08,2025-05-28,Search,42097,2496,599,134,3692.87,11498.08,2.1136
CAMP00792,2025-10-05,2025-10-17,Social,48083,912,138,16,751.25,941.48,0.2532
CAMP00793,2025-03-08,2025-03-23,Email,69253,3986,892,178,2868.26,13508.19,3.7095
CAMP00794,2025-05-21,2025-06-06,Search,52013,3295,773,202,4671.66,13872.13,1.9694
CAMP00795,2025-12-15,2026-01-10,Influencer,59035,1807,331,67,1886.06,5354.44,1.839
CAMP00796,2025-07-28,2025-08-20,Display,106839,1731,201,37,908.09,2660.24,1.9295
CAMP00797,2025-04-23,2025-05-09,Email,68869,3796,806,161,2884.46,12332.23,3.2754
CAMP00798,2025-05-16,2025-06-09,Display,73147,828,92,6,625.82,489.16,-0.2184
CAMP00799,2025-01-11,2025-01-20,Search,8935,397,74,16,613.01,1093.03,0.7831
CAMP00800,2025-11-01,2025-11-20,Search,58178,4080,986,252,6940.28,18310.63,1.6383
CAMP00801,2025-01-22,2025-02-13,Display,108073,1444,156,25,756.26,1491.64,0.9724
CAMP00802,2025-12-11,2025-12-18,Social,86251,2789,526,105,2210.59,9101.29,3.1171
CAMP00803,2025-02-16,2025-02-22,Display,43389,396,36,7,225.17,543.58,1.4141
CAMP00804,2025-02-19,2025-03-12,Email,131575,9355,2352,486,7798.98,28072.15,2.5995
CAMP00805,2025-10-19,2025-10-31,Search,43673,2312,465,94,3696.64,7325.2,0.9816
CAMP00806,2025-03-13,2025-04-06,Email,69781,4426,1067,218,3538.64,20503.58,4.7942
CAMP00807,2025-04-20,2025-05-16,Display,54562,751,101,14,461.79,818.87,0.7733
CAMP00808,2025-09-29,2025-10-22,Display,40090,435,46,3,323.55,212.61,-0.3429
CAMP00809,2025-04-28,2025-05-08,Influencer,55944,2059,384,90,2582.07,6130.69,1.3743
CAMP00810,2025-08-19,2025-09-01,Influencer,60249,2355,434,113,2562.04,8439.43,2.294
CAMP00811,2025-11-24,2025-12-20,Email,46549,4213,1189,268,3203.44,17138.85,4.3501
CAMP00812,2025-08-01,2025-08-16,Display,13032,100,10,0,74.02,0.0,-1.0
CAMP00813,2025-01-24,2025-02-06,Influencer,33157,1071,199,42,1028.59,2894.96,1.8145
CAMP00814,2025-06-20,2025-07-11,Search,78307,3907,857,184,5208.71,15641.89,2.003
CAMP00815,2025-01-06,2025-01-23,Search,23820,1236,272,70,1641.06,5886.83,2.5872
CAMP00816,2025-07-21,2025-08-11,Search,60425,3585,815,206,4240.94,16797.49,2.9608
CAMP00817,2025-12-30,2026-01-13,Display,71041,835,88,11,544.61,787.6,0.4462
CAMP00818,2025-03-13,2025-04-07,Display,50359,718,66,16,570.26,1029.82,0.8059
CAMP00819,2025-04-05,2025-04-20,Search,70525,4881,1223,327,7902.31,25898.99,2.2774
CAMP00820,2025-06-24,2025-07-20,Influencer,42393,1154,200,35,996.42,2909.8,1.9203
CAMP00821,2025-02-13,2025-02-26,Search,25480,1419,324,69,2203.52,4871.3,1.2107
CAMP00822,2025-05-15,2025-05-28,Display,46675,772,88,13,489.93,797.3,0.6274
CAMP00823,2025-01-26,2025-02-03,Search,56176,2292,427,82,2759.05,7273.75,1.6363
CAMP00824,2025-08-27,2025-09-19,Display,128086,1158,105,11,642.96,631.22,-0.0183
CAMP00825,2025-08-07,2025-09-01,Search,164095,7239,1438,306,11859.09,15470.03,0.3045
CAMP00826,2025-01-25,2025-02-11,Social,27773,758,127,21,577.78,1380.54,1.3894
CAMP00827,2025-03-10,2025-04-06,Email,46737,2376,513,94,2012.32,5861.96,1.913
CAMP00828,2025-03-11,2025-03-21,Social,18522,403,66,11,313.39,1170.95,2.7364
CAMP00829,2025-03-29,2025-04-20,Influencer,152343,5933,1152,240,5761.83,17962.33,2.1175
CAMP00830,2025-07-09,2025-07-25,Email,53500,3464,882,165,2585.09,13916.7,4.3834
CAMP00831,2025-08-09,2025-09-03,Influencer,59300,1855,323,65,2640.36,3914.59,0.4826
CAMP00832,2025-11-10,2025-11-19,Email,35447,2930,767,183,1912.34,11623.13,5.078
CAMP00833,2025-06-23,2025-07-14,Email,63949,3397,713,131,2446.48,7610.55,2.1108
CAMP00834,2025-10-03,2025-10-10,Search,19228,1018,220,52,1206.2,4932.26,3.0891
CAMP00835,2025-10-30,2025-11-05,Search,142221,9310,2253,585,14145.37,49018.88,2.4654
CAMP00836,2025-09-01,2025-09-10,Search,26209,1247,276,74,1988.36,5969.19,2.0021
CAMP00837,2025-04-25,2025-05-18,Display,62917,935,107,16,660.01,1075.6,0.6297
CAMP00838,2025-02-18,2025-03-12,Search,58987,2228,381,69,2981.52,4734.67,0.588
CAMP00839,2025-02-08,2025-03-03,Social,63310,1820,332,63,1379.62,5615.94,3.0706
CAMP00840,2025-01-13,2025-01-19,Social,142492,3036,449,67,2374.67,3864.44,0.6274
CAMP00841,2025-05-17,2025-05-27,Social,94887,2524,410,82,1941.48,5056.27,1.6043
CAMP00842,2025-08-11,2025-08-27,Email,56456,4974,1371,292,3854.76,20189.08,4.2374
CAMP00843,2025-06-21,2025-07-09,Search,40237,2636,651,196,3826.31,15649.68,3.09
CAMP00844,2025-11-21,2025-12-02,Search,97336,5002,1121,275,8376.82,23709.14,1.8303
CAMP00845,2025-08-01,2025-08-19,Social,25725,657,96,12,531.56,774.08,0.4562
CAMP00846,2025-06-18,2025-07-11,Influencer,96952,3380,607,151,2980.54,13022.82,3.3693
CAMP00847,2025-08-20,2025-08-26,Social,54579,1193,175,37,1041.12,1790.58,0.7199
CAMP00848,2025-05-22,2025-05-29,Email,71724,6527,1852,421,4492.8,24507.75,4.4549
CAMP00849,2025-02-18,2025-03-10,Display,60059,497,32,5,277.49,305.71,0.1017
CAMP00850,2025-01-19,2025-02-04,Search,127018,6903,1537,385,9943.38,32273.26,2.2457
CAMP00851,2025-02-13,2025-02-22,Social,65463,1951,351,79,1623.37,5718.84,2.5228
CAMP00852,2025-09-19,2025-09-29,Influencer,106119,3290,545,103,3711.21,9679.98,1.6083
CAMP00853,2025-12-31,2026-01-11,Email,47578,3617,966,220,2756.1,18434.44,5.6886
CAMP00854,2025-06-06,2025-06-21,Email,61968,3986,967,188,2796.79,11517.98,3.1183
CAMP00855,2025-07-02,2025-07-28,Email,68774,4735,1157,234,3968.26,14020.68,2.5332
CAMP00856,2025-10-09,2025-10-23,Social,46843,1160,177,36,819.82,2612.97,2.1872
CAMP00857,2025-04-06,2025-05-01,Influencer,41833,1749,350,85,2086.17,7354.02,2.5251
CAMP00858,2025-11-01,2025-11-10,Display,22796,346,39,5,209.85,282.51,0.3462
CAMP00859,2025-04-28,2025-05-16,Email,26751,1545,369,61,1278.03,2962.45,1.318
CAMP00860,2025-08-16,2025-09-01,Email,38158,2802,703,133,2467.57,10914.03,3.423
CAMP00861,2025-12-19,2026-01-06,Social,117036,3496,666,134,3015.44,8533.87,1.8301
CAMP00862,2025-03-11,2025-03-25,Social,78528,1878,307,58,1712.2,4785.61,1.795
CAMP00863,2025-09-27,2025-10-18,Search,49922,3467,864,236,4428.55,16856.04,2.8062
CAMP00864,2025-06-28,2025-07-14,Social,15096,190,19,6,135.46,379.05,1.7982
CAMP00865,2025-03-17,2025-03-30,Display,31625,440,40,9,324.08,530.81,0.6379
CAMP00866,2025-03-08,2025-03-17,Search,47237,2565,523,122,3561.56,11162.64,2.1342
CAMP00867,2025-01-16,2025-01-24,Display,105477,1175,131,23,853.11,1398.82,0.6397
CAMP00868,2025-11-21,2025-12-17,Search,51043,2676,606,144,3196.15,11566.32,2.6188
CAMP00869,2025-04-11,2025-04-17,Search,67032,4543,1101,290,5930.54,25724.08,3.3376
CAMP00870,2025-07-21,2025-07-28,Social,55145,1261,207,29,996.65,2326.54,1.3344
CAMP00871,2025-07-16,2025-07-27,Display,136051,1305,144,20,928.22,1480.11,0.5946
CAMP00872,2025-09-26,2025-10-22,Social,106029,1990,266,40,1920.05,3592.98,0.8713
CAMP00873,2025-10-10,2025-10-19,Social,57599,1227,179,23,1095.69,1214.16,0.1081
CAMP00874,2025-07-23,2025-07-30,Search,48646,2439,538,128,3123.6,10678.29,2.4186
CAMP00875,2025-08-11,2025-08-21,Social,136045,2792,441,84,2179.18,6791.41,2.1165
CAMP00876,2025-01-08,2025-01-25,Social,73614,2069,339,61,1599.7,3402.77,1.1271
CAMP00877,2025-02-05,2025-02-28,Search,39415,1867,366,91,3117.14,7255.72,1.3277
CAMP00878,2025-06-20,2025-06-26,Display,119453,1380,135,20,797.52,1221.28,0.5313
CAMP00879,2025-06-13,2025-07-08,Search,50441,2427,488,112,2514.3,8025.82,2.1921
CAMP00880,2025-11-11,2025-11-25,Email,47569,3229,827,156,2564.25,12484.84,3.8688
CAMP00881,2025-03-15,2025-03-30,Email,96090,6363,1609,311,6622.3,18161.57,1.7425
CAMP00882,2025-11-29,2025-12-06,Social,73002,1891,285,48,1514.84,4186.0,1.7633
CAMP00883,2025-01-06,2025-01-15,Display,104918,1240,136,22,838.32,1500.96,0.7904
CAMP00884,2025-11-09,2025-11-18,Display,26907,433,46,14,276.33,1130.74,3.092
CAMP00885,2025-08-02,2025-08-16,Search,97130,4960,988,227,5981.15,19742.54,2.3008
CAMP00886,2025-11-26,2025-12-02,Search,75898,4447,1047,269,5050.95,21963.73,3.3484
CAMP00887,2025-11-05,2025-11-13,Email,60156,4100,1002,200,3009.92,10732.08,2.5656
CAMP00888,2025-11-13,2025-11-30,Email,28649,2235,599,110,1703.5,5820.31,2.4167
CAMP00889,2025-05-13,2025-05-23,Social,9835,288,47,10,230.11,567.59,1.4666
CAMP00890,2025-03-28,2025-04-06,Social,122316,4141,763,148,2957.92,11946.15,3.0387
CAMP00891,2025-06-30,2025-07-17,Email,117703,8105,1985,380,6411.92,28898.5,3.507
CAMP00892,2025-09-21,2025-10-10,Social,19271,505,88,22,313.51,1652.48,4.2709
CAMP00893,2025-09-27,2025-10-08,Email,33646,2154,520,75,1899.12,5140.48,1.7068
CAMP00894,2025-06-25,2025-07-13,Display,55212,553,43,6,408.21,345.62,-0.1533
CAMP00895,2025-04-14,2025-05-09,Display,98359,1154,115,19,913.97,1282.38,0.4031
CAMP00896,2025-12-22,2026-01-12,Display,172181,2233,232,46,1412.12,3285.68,1.3268
CAMP00897,2025-12-08,2025-12-24,Influencer,39635,1804,372,85,2402.55,7121.01,1.9639
CAMP00898,2025-01-16,2025-02-02,Social,40725,1013,157,36,763.96,3024.88,2.9595
CAMP00899,2025-07-27,2025-08-20,Social,68560,1752,319,50,1505.85,4061.31,1.697
CAMP00900,2025-06-01,2025-06-11,Display,72338,751,66,10,594.84,672.44,0.1305
CAMP00901,2025-06-20,2025-06-27,Social,22661,771,155,34,565.61,1669.24,1.9512
CAMP00902,2025-07-20,2025-08-12,Influencer,25500,744,115,25,883.83,2093.78,1.369
CAMP00903,2025-05-28,2025-06-19,Email,33721,2418,629,127,2238.42,9092.02,3.0618
CAMP00904,2025-05-25,2025-06-19,Email,54631,4382,1134,269,3639.44,13518.22,2.7144
CAMP00905,2025-10-21,2025-11-07,Search,45490,2272,439,101,3007.89,7523.6,1.5013
CAMP00906,2025-05-23,2025-06-12,Influencer,64760,2457,467,114,2644.48,8127.11,2.0732
CAMP00907,2025-03-23,2025-04-01,Search,38337,1484,286,57,1863.21,3981.57,1.1369
CAMP00908,2025-12-30,2026-01-10,Influencer,15673,500,78,24,551.15,2296.76,3.1672
CAMP00909,2025-11-12,2025-11-18,Email,27762,2236,610,135,1876.1,11105.55,4.9195
CAMP00910,2025-05-21,2025-06-14,Influencer,103405,1982,232,37,2138.62,3842.54,0.7967
CAMP00911,2025-09-25,2025-10-10,Search,23683,925,181,38,1536.29,3240.21,1.1091
CAMP00912,2025-09-21,2025-10-10,Search,40779,2327,511,113,3088.57,7240.37,1.3442
CAMP00913,2025-03-31,2025-04-11,Display,12287,101,7,0,59.75,0.0,-1.0
CAMP00914,2025-02-16,2025-03-03,Email,23271,1373,301,50,1161.84,3205.83,1.7593
CAMP00915,2025-03-30,2025-04-15,Email,49836,4200,1099,260,3052.73,16275.62,4.3315
CAMP00916,2025-09-22,2025-10-04,Search,149101,6015,1106,230,7750.19,16549.83,1.1354
CAMP00917,2025-09-23,2025-10-12,Search,68814,4594,1090,284,6577.44,27926.22,3.2458
CAMP00918,2025-03-14,2025-03-30,Display,103592,1285,125,20,863.8,1363.3,0.5783
CAMP00919,2025-03-31,2025-04-27,Social,16991,422,76,19,339.65,1690.98,3.9786
CAMP00920,2025-09-09,2025-09-21,Display,33953,252,24,4,146.01,270.11,0.8499
CAMP00921,2025-03-03,2025-03-19,Email,8952,711,172,29,501.44,1901.36,2.7918
CAMP00922,2025-09-22,2025-10-15,Social,23342,430,53,7,362.63,490.16,0.3517
CAMP00923,2025-06-28,2025-07-24,Influencer,91998,2957,525,116,3706.48,8043.16,1.17
CAMP00924,2025-07-02,2025-07-11,Influencer,182426,8303,1689,443,10919.9,43723.7,3.004
CAMP00925,2025-05-05,2025-05-22,Social,139573,2805,407,57,2661.68,4654.12,0.7486
CAMP00926,2025-01-24,2025-02-01,Social,35788,800,110,19,657.8,1313.08,0.9962
CAMP00927,2025-11-15,2025-11-24,Search,45142,1840,364,65,2423.45,4282.09,0.7669
CAMP00928,2025-08-06,2025-08-22,Email,61324,3122,651,121,2211.79,8473.2,2.8309
CAMP00929,2025-10-02,2025-10-08,Social,16170,414,54,10,321.5,902.97,1.8086
CAMP00930,2025-02-25,2025-03-20,Email,23467,1792,498,114,1430.55,8034.03,4.616
CAMP00931,2025-09-07,2025-09-18,Email,72138,4785,1163,231,3654.87,15437.53,3.2238
CAMP00932,2025-11-22,2025-11-28,Social,72308,1654,246,48,1308.7,3190.91,1.4382
CAMP00933,2025-11-02,2025-11-26,Search,47430,2621,565,142,3093.0,10720.79,2.4661
CAMP00934,2025-01-04,2025-01-16,Influencer,82875,3378,665,169,3633.68,12210.57,2.3604
CAMP00935,2025-06-23,2025-06-30,Search,54060,2531,524,110,4061.93,7970.36,0.9622
CAMP00936,2025-04-03,2025-04-27,Social,30224,939,180,37,787.09,2402.79,2.0528
CAMP00937,2025-10-08,2025-11-01,Social,34315,679,98,13,548.62,928.57,0.6926
CAMP00938,2025-06-09,2025-06-22,Display,57941,561,58,7,390.54,500.74,0.2822
CAMP00939,2025-07-06,2025-07-27,Email,128234,10771,2974,622,7493.19,38217.29,4.1003
CAMP00940,2025-04-26,2025-05-23,Email,65919,4512,1118,234,4245.05,16853.02,2.97
CAMP00941,2025-10-14,2025-10-23,Social,53496,1330,215,38,1135.54,2719.19,1.3946
CAMP00942,2025-08-22,2025-09-17,Influencer,69248,1855,291,61,2543.48,7068.4,1.779
CAMP00943,2025-12-04,2025-12-20,Social,85902,2390,396,69,1796.15,4535.71,1.5252
CAMP00944,2025-05-18,2025-06-02,Search,28357,1878,457,119,2852.47,8888.18,2.116
CAMP00945,2025-02-04,2025-02-22,Search,30753,1596,347,75,2271.69,6449.99,1.8393
CAMP00946,2025-10-03,2025-10-22,Search,17870,1193,305,84,1446.83,5027.28,2.4747
CAMP00947,2025-12-01,2025-12-23,Email,68288,4581,1095,210,3588.08,18001.62,4.0171
CAMP00948,2025-03-28,2025-04-10,Search,77056,3165,592,127,5286.48,8690.88,0.644
CAMP00949,2025-03-17,2025-04-04,Influencer,34419,1124,197,43,1324.74,4651.7,2.5114
CAMP00950,2025-04-28,2025-05-15,Search,82614,4778,1031,263,6797.45,20131.76,1.9617
CAMP00951,2025-03-04,2025-03-22,Email,49017,3812,1030,235,3460.84,13292.34,2.8408
CAMP00952,2025-06-17,2025-07-10,Search,76289,4247,996,287,5000.51,21797.33,3.359
CAMP00953,2025-11-23,2025-12-08,Email,109870,7508,1761,361,7221.68,25091.49,2.4745
CAMP00954,2025-05-03,2025-05-29,Social,46196,1425,220,46,1153.76,3562.75,2.0879
CAMP00955,2025-06-13,2025-07-01,Email,66122,5378,1418,307,4873.15,16402.67,2.3659
CAMP00956,2025-12-21,2025-12-27,Search,37406,1687,352,79,2013.34,7524.01,2.7371
CAMP00957,2025-05-06,2025-05-12,Display,72654,724,67,8,477.09,581.16,0.2181
CAMP00958,2025-08-13,2025-08-23,Influencer,61300,2261,409,100,2281.31,8455.08,2.7062
CAMP00959,2025-07-31,2025-08-13,Search,34573,1438,277,66,1791.13,4585.77,1.5603
CAMP00960,2025-04-24,2025-05-13,Search,29623,1496,305,63,1748.87,4967.44,1.8404
CAMP00961,2025-08-04,2025-08-22,Display,71348,759,78,10,520.15,596.74,0.1472
CAMP00962,2025-11-09,2025-11-21,Email,39972,2374,560,91,2011.72,7880.73,2.9174
CAMP00963,2025-12-27,2026-01-20,Search,45251,3291,832,220,5795.21,12653.27,1.1834
CAMP00964,2025-11-16,2025-11-27,Search,130489,7417,1624,401,13047.86,23303.24,0.786
CAMP00965,2025-09-18,2025-10-09,Influencer,14950,475,83,22,571.58,1836.44,2.2129
CAMP00966,2025-11-07,2025-11-27,Display,55925,457,40,3,300.11,200.31,-0.3325
CAMP00967,2025-03-04,2025-03-29,Social,91684,1976,279,50,1598.68,2951.35,0.8461
CAMP00968,2025-10-23,2025-11-02,Search,159161,9526,2169,532,13030.19,37001.75,1.8397
CAMP00969,2025-05-14,2025-05-22,Influencer,75448,2477,435,90,3142.64,8811.55,1.8039
CAMP00970,2025-08-24,2025-08-31,Email,77247,5231,1263,242,4845.08,17030.26,2.515
CAMP00971,2025-08-20,2025-09-12,Email,64379,4313,980,186,3411.24,11010.76,2.2278
CAMP00972,2025-03-22,2025-04-05,Display,89444,820,66,11,586.37,788.43,0.3446
CAMP00973,2025-07-20,2025-07-30,Display,78737,1017,102,9,665.53,655.91,-0.0145
CAMP00974,2025-08-19,2025-09-13,Search,47481,2772,652,161,4446.14,10089.56,1.2693
CAMP00975,2025-04-06,2025-04-16,Social,66169,1859,319,67,1965.52,3024.77,0.5389
CAMP00976,2025-09-13,2025-09-27,Email,87742,5308,1204,236,3914.47,13546.15,2.4605
CAMP00977,2025-08-08,2025-08-30,Influencer,38760,1258,194,39,1197.82,2715.6,1.2671
CAMP00978,2025-07-03,2025-07-11,Email,103787,7953,2072,464,5257.85,25607.77,3.8704
CAMP00979,2025-02-21,2025-03-08,Email,38649,2983,781,153,1845.17,9616.41,4.2117
CAMP00980,2025-04-03,2025-04-23,Social,56873,1480,238,34,1075.31,2216.99,1.0617
CAMP00981,2025-06-04,2025-06-10,Influencer,67778,2749,497,119,3762.64,7699.05,1.0462
CAMP00982,2025-05-08,2025-05-21,Social,25381,578,103,13,522.7,669.32,0.2805
CAMP00983,2025-07-17,2025-08-12,Social,61288,1370,213,31,1041.81,2326.97,1.2336
CAMP00984,2025-05-05,2025-05-23,Search,40596,1994,409,101,2898.81,10497.97,2.6215
CAMP00985,2025-01-14,2025-01-21,Search,59558,3465,774,185,6948.37,13708.37,0.9729
CAMP00986,2025-12-07,2026-01-03,Display,98457,913,72,11,529.11,648.1,0.2249
CAMP00987,2025-08-12,2025-09-08,Search,38047,1651,346,74,2971.74,5708.61,0.921
CAMP00988,2025-11-24,2025-12-11,Influencer,42084,1520,265,62,1633.29,6740.54,3.127
CAMP00989,2025-05-26,2025-06-16,Influencer,45563,1514,241,47,2363.42,4273.87,0.8083
CAMP00990,2025-11-01,2025-11-23,Social,87573,1124,143,22,949.34,1861.62,0.961
CAMP00991,2025-05-07,2025-06-01,Email,73710,4602,1106,213,4376.37,12209.59,1.7899
CAMP00992,2025-09-06,2025-09-20,Influencer,126288,4199,742,154,5349.12,13669.97,1.5556
CAMP00993,2025-05-03,2025-05-27,Display,26643,348,48,4,269.81,324.97,0.2044
CAMP00994,2025-02-17,2025-03-05,Display,78430,908,98,10,590.72,643.65,0.0896
CAMP00995,2025-03-26,2025-04-13,Search,85377,4832,1108,271,6156.17,20118.54,2.268
CAMP00996,2025-08-03,2025-08-24,Social,43008,1010,171,23,915.09,1513.66,0.6541
CAMP00997,2025-07-06,2025-07-25,Display,38957,484,55,17,355.06,913.06,1.5716
CAMP00998,2025-03-06,2025-03-23,Search,19577,1079,254,53,1447.57,4949.05,2.4189
CAMP00999,2025-09-01,2025-09-24,Search,161470,7039,1336,270,9433.21,26324.42,1.7906
CAMP01000,2025-11-20,2025-12-11,Email,90483,5518,1340,229,4443.25,15770.37,2.5493
CAMP01001,2025-05-01,2025-05-27,Display,29530,333,36,6,189.39,331.57,0.7507
CAMP01002,2025-03-31,2025-04-22,Search,58748,2318,468,96,3262.09,8438.13,1.5867
CAMP01003,2025-03-27,2025-04-18,Social,70396,1845,314,62,1499.22,4254.19,1.8376
CAMP01004,2025-02-18,2025-03-11,Social,25817,649,101,14,433.66,1037.17,1.3917
CAMP01005,2025-12-29,2026-01-07,Social,92665,1877,279,55,1646.84,4103.62,1.4918
CAMP01006,2025-09-07,2025-09-20,Search,26127,1642,379,88,2419.13,10249.4,3.2368
CAMP01007,2025-06-14,2025-06-20,Influencer,66230,2172,369,82,2499.49,6380.11,1.5526
CAMP01008,2025-01-30,2025-02-10,Search,64454,4154,944,228,5383.94,16191.83,2.0074
CAMP01009,2025-01-10,2025-01-24,Display,12046,136,11,0,114.51,0.0,-1.0
CAMP01010,2025-01-15,2025-02-09,Search,18988,1337,327,79,1943.46,5464.78,1.8119
CAMP01011,2025-04-20,2025-05-02,Social,147122,3236,471,109,3027.9,6170.3,1.0378
CAMP01012,2025-08-15,2025-08-27,Email,53713,4319,1146,257,3132.14,16604.71,4.3014
CAMP01013,2025-01-11,2025-01-31,Email,144716,13119,3705,891,10676.86,44286.89,3.1479
CAMP01014,2025-07-01,2025-07-22,Display,38008,463,61,4,259.87,221.18,-0.1489
CAMP01015,2025-03-21,2025-04-15,Email,162122,9612,2204,389,6325.17,31410.57,3.966
CAMP01016,2025-09-23,2025-10-08,Social,16517,396,60,13,390.53,879.64,1.2524
CAMP01017,2025-05-17,2025-05-30,Social,61408,1493,218,39,1274.32,2128.94,0.6706
CAMP01018,2025-09-06,2025-09-13,Search,118605,5382,1024,210,7070.9,18055.94,1.5536
CAMP01019,2025-02-14,2025-03-13,Social,46384,1444,260,61,1131.07,3910.49,2.4573
CAMP01020,2025-08-08,2025-08-24,Influencer,43240,1220,179,45,1564.38,4762.51,2.0443
CAMP01021,2025-05-04,2025-05-16,Email,57036,4145,1046,198,3360.69,10008.26,1.978
CAMP01022,2025-06-29,2025-07-25,Display,107433,1530,165,26,987.68,2017.56,1.0427
CAMP01023,2025-08-27,2025-09-13,Search,96652,6175,1413,372,9538.39,32664.81,2.4246
CAMP01024,2025-11-07,2025-11-18,Social,56920,1524,244,49,1472.17,4225.66,1.8704
CAMP01025,2025-11-27,2025-12-22,Search,70668,4585,1077,298,7186.7,21899.72,2.0473
CAMP01026,2025-03-12,2025-04-07,Search,38646,1740,343,72,2639.11,6100.84,1.3117
CAMP01027,2025-11-04,2025-11-18,Social,71713,1419,209,34,982.78,3008.64,2.0614
CAMP01028,2025-01-10,2025-01-26,Search,88325,5173,1217,313,6062.71,26674.27,3.3997
CAMP01029,2025-12-18,2026-01-05,Influencer,48499,1722,317,82,1844.66,8998.51,3.8781
CAMP01030,2025-04-07,2025-04-13,Social,94799,2213,342,58,2418.44,3251.28,0.3444
CAMP01031,2025-06-08,2025-06-17,Search,115764,5598,1197,287,9811.51,20860.77,1.1262
CAMP01032,2025-07-04,2025-07-13,Social,85397,1799,278,45,1758.4,2815.07,0.6009
CAMP01033,2025-06-23,2025-07-17,Search,79839,5154,1203,301,7528.97,20961.99,1.7842
CAMP01034,2025-04-10,2025-05-03,Social,68783,1789,301,61,1302.79,4266.57,2.2749
CAMP01035,2025-04-23,2025-05-17,Display,113884,1855,222,43,1132.56,3061.54,1.7032
CAMP01036,2025-09-24,2025-10-14,Display,63670,665,78,12,449.04,835.95,0.8616
CAMP01037,2025-03-10,2025-03-17,Search,75993,4326,968,242,8529.05,34758.52,3.0753
CAMP01038,2025-04-05,2025-04-13,Search,38580,2459,593,149,3876.03,12190.22,2.145
CAMP01039,2025-11-09,2025-11-15,Social,9239,231,40,12,180.84,901.69,3.9861
CAMP01040,2025-07-18,2025-08-07,Search,85060,4010,790,159,5164.2,13051.58,1.5273
CAMP01041,2025-05-13,2025-05-21,Influencer,76836,2107,343,69,2092.06,6574.46,2.1426
CAMP01042,2025-03-27,2025-04-09,Social,56319,1579,253,41,1339.37,3305.1,1.4677
CAMP01043,2025-07-12,2025-08-04,Social,38705,924,158,21,897.35,1086.4,0.2107
CAMP01044,2025-12-01,2025-12-28,Display,122014,1259,105,16,789.86,1172.65,0.4846
CAMP01045,2025-11-10,2025-11-26,Influencer,83628,3076,575,110,3241.07,8874.22,1.7381
CAMP01046,2025-01-10,2025-02-04,Email,119844,7351,1725,325,8005.08,22470.71,1.8071
CAMP01047,2025-02-24,2025-03-16,Social,47786,1435,235,51,1292.07,2811.84,1.1762
CAMP01048,2025-05-13,2025-06-06,Search,120950,5823,1218,263,7168.55,15745.37,1.1965
CAMP01049,2025-09-16,2025-09-22,Influencer,33525,1172,209,41,1221.09,3012.96,1.4674
CAMP01050,2025-06-19,2025-06-29,Influencer,36049,1295,252,54,1153.87,4882.1,3.2311
CAMP01051,2025-09-15,2025-09-25,Search,145641,9172,2187,585,11357.31,41132.62,2.6217
CAMP01052,2025-02-06,2025-02-26,Email,83100,7936,2327,526,5645.24,32227.04,4.7087
CAMP01053,2025-09-01,2025-09-16,Influencer,34112,1007,156,29,1020.49,3129.43,2.0666
CAMP01054,2025-01-17,2025-02-11,Social,169326,3216,443,57,2697.73,4326.79,0.6039
CAMP01055,2025-11-15,2025-11-29,Email,52692,3959,1018,199,3399.05,11324.19,2.3316
CAMP01056,2025-12-08,2025-12-22,Email,36487,2498,606,114,2034.0,7664.43,2.7682
CAMP01057,2025-11-16,2025-12-07,Social,41739,895,139,27,685.57,2238.69,2.2654
CAMP01058,2025-06-22,2025-07-03,Social,69809,1487,184,26,1074.42,1742.19,0.6215
CAMP01059,2025-02-03,2025-02-22,Search,67637,4376,1005,259,6236.98,14147.5,1.2683
CAMP01060,2025-05-13,2025-06-01,Email,90019,7695,2129,475,6911.54,48551.35,6.0247
CAMP01061,2025-02-27,2025-03-14,Display,44104,616,59,13,471.97,640.01,0.356
CAMP01062,2025-02-01,2025-02-12,Display,155884,1942,210,28,1264.91,1412.51,0.1167
CAMP01063,2025-05-24,2025-06-05,Social,64853,2227,396,94,1900.52,6809.17,2.5828
CAMP01064,2025-04-11,2025-05-05,Display,82376,933,88,7,683.19,437.85,-0.3591
CAMP01065,2025-09-14,2025-10-11,Social,40671,1350,263,54,1028.06,3692.11,2.5913
CAMP01066,2025-07-29,2025-08-04,Display,102444,972,84,11,765.06,712.1,-0.0692
CAMP01067,2025-03-18,2025-04-09,Email,21560,1357,323,62,1235.96,4191.28,2.3911
CAMP01068,2025-09-30,2025-10-08,Search,56384,2936,632,138,3820.21,13475.3,2.5274
CAMP01069,2025-04-19,2025-05-12,Search,97094,3593,629,147,4184.75,13712.71,2.2768
CAMP01070,2025-01-01,2025-01-27,Social,69846,2400,454,98,1783.1,6278.68,2.5212
CAMP01071,2025-12-19,2026-01-12,Search,95793,5639,1244,319,7657.26,28635.18,2.7396
CAMP01072,2025-01-04,2025-01-16,Display,110475,1395,141,27,996.43,2052.54,1.0599
CAMP01073,2025-12-10,2026-01-01,Search,54043,3114,718,177,4218.46,13531.96,2.2078
CAMP01074,2025-06-21,2025-06-28,Display,89114,1093,129,17,640.69,1625.07,1.5364
CAMP01075,2025-01-12,2025-02-01,Email,68636,6395,1864,429,4200.7,24477.51,4.827
CAMP01076,2025-05-24,2025-06-20,Search,108603,7754,1945,518,8972.86,35887.47,2.9996
CAMP01077,2025-06-19,2025-07-02,Email,55410,3758,912,187,2954.09,9910.49,2.3548
CAMP01078,2025-06-29,2025-07-11,Search,46575,2720,667,156,4039.93,14944.17,2.6991
CAMP01079,2025-08-02,2025-08-17,Search,40521,2275,479,81,3136.32,5989.96,0.9099
CAMP01080,2025-12-30,2026-01-07,Search,42370,2463,554,146,3448.81,11183.16,2.2426
CAMP01081,2025-03-23,2025-04-03,Influencer,139566,4790,838,204,4679.28,20787.45,3.4424
CAMP01082,2025-04-13,2025-05-08,Email,37846,2778,702,156,2008.89,10619.98,4.2865
CAMP01083,2025-04-30,2025-05-25,Social,61624,1839,334,61,1384.46,6262.97,3.5238
CAMP01084,2025-01-07,2025-01-31,Search,28238,1868,442,105,2980.49,6977.55,1.3411
CAMP01085,2025-04-19,2025-04-28,Search,54838,3246,757,177,4034.07,16006.81,2.9679
CAMP01086,2025-04-14,2025-05-02,Social,30735,687,108,17,495.79,1105.26,1.2293
CAMP01087,2025-01-27,2025-02-06,Email,31022,2075,543,104,1531.28,7520.95,3.9115
CAMP01088,2025-07-23,2025-08-13,Search,44845,2444,548,116,3470.25,11085.32,2.1944
CAMP01089,2025-09-19,2025-09-27,Search,52427,3199,750,183,4088.6,16732.53,3.0925
CAMP01090,2025-05-11,2025-05-20,Display,73972,895,88,13,594.74,1038.1,0.7455
CAMP01091,2025-09-24,2025-10-06,Influencer,31886,1374,283,71,1809.58,5550.23,2.0671
CAMP01092,2025-08-02,2025-08-08,Email,36806,2569,615,130,2496.39,9206.47,2.6879
CAMP01093,2025-06-14,2025-07-11,Email,33561,2037,456,94,1471.38,5212.18,2.5424
CAMP01094,2025-01-27,2025-02-20,Search,73431,4662,1148,300,6192.32,27137.84,3.3825
CAMP01095,2025-12-25,2026-01-18,Search,38417,1627,319,71,2682.79,7441.38,1.7737
CAMP01096,2025-02-08,2025-02-24,Email,28222,2203,591,120,1634.99,9620.65,4.8842
CAMP01097,2025-07-08,2025-08-02,Display,81585,945,99,13,603.21,989.16,0.6398
CAMP01098,2025-10-22,2025-11-09,Search,37719,1949,389,83,2510.14,5971.9,1.3791
CAMP01099,2025-10-16,2025-10-22,Display,30671,309,29,4,209.28,351.4,0.6791
CAMP01100,2025-11-15,2025-11-29,Search,59913,2557,483,101,3516.05,9957.77,1.8321
CAMP01101,2025-12-04,2025-12-24,Social,58192,1092,152,22,817.07,1791.87,1.193
CAMP01102,2025-09-11,2025-09-20,Display,40186,419,34,3,288.18,225.97,-0.2159
CAMP01103,2025-01-25,2025-01-31,Email,60821,4672,1256,258,3947.1,18933.59,3.7968
CAMP01104,2025-06-13,2025-07-02,Display,26587,264,21,2,172.65,112.93,-0.3459
CAMP01105,2025-06-02,2025-06-27,Display,29520,422,35,7,347.18,420.13,0.2101
CAMP01106,2025-11-01,2025-11-27,Social,16378,339,47,10,241.21,737.5,2.0575
CAMP01107,2025-05-01,2025-05-21,Email,44536,3344,921,194,2383.64,11712.12,3.9135
CAMP01108,2025-02-24,2025-03-03,Search,32738,1710,333,84,2089.87,6787.34,2.2477
CAMP01109,2025-06-04,2025-06-10,Social,74586,1620,239,39,1240.73,2269.62,0.8293
CAMP01110,2025-06-27,2025-07-16,Search,50918,2306,448,94,3400.55,8551.71,1.5148
CAMP01111,2025-01-14,2025-01-31,Display,81469,1163,134,21,897.36,1301.56,0.4504
CAMP01112,2025-02-25,2025-03-21,Display,72341,854,84,12,536.66,830.32,0.5472
CAMP01113,2025-07-09,2025-07-18,Social,27268,459,53,6,288.61,381.62,0.3223
CAMP01114,2025-06-27,2025-07-20,Social,52229,1173,191,30,1164.49,2019.74,0.7344
CAMP01115,2025-12-11,2025-12-21,Display,50757,557,56,10,380.19,535.57,0.4087
CAMP01116,2025-06-19,2025-06-27,Email,128834,8236,1940,353,8100.43,25364.95,2.1313
CAMP01117,2025-04-20,2025-05-14,Search,74066,5104,1216,334,7911.5,32880.95,3.1561
CAMP01118,2025-01-22,2025-01-29,Email,34232,2782,767,168,2225.09,14152.67,5.3605
CAMP01119,2025-10-29,2025-11-09,Social,109076,2938,499,96,2291.59,7451.83,2.2518
CAMP01120,2025-08-06,2025-08-25,Social,17211,416,76,16,394.72,878.7,1.2261
CAMP01121,2025-01-17,2025-02-12,Social,36107,1012,182,32,844.77,1861.01,1.203
CAMP01122,2025-05-23,2025-06-14,Search,69967,4441,1046,250,6009.94,16945.75,1.8196
CAMP01123,2025-09-05,2025-09-26,Influencer,28450,1121,194,47,1231.78,3785.03,2.0728
CAMP01124,2025-10-08,2025-10-24,Search,65217,2949,580,113,4537.82,10962.54,1.4158
CAMP01125,2025-10-17,2025-10-31,Search,19563,1144,267,69,1762.92,7202.57,3.0856
CAMP01126,2025-03-29,2025-04-08,Search,55898,3776,907,255,5006.57,26414.89,4.276
CAMP01127,2025-06-10,2025-06-17,Social,68547,1362,183,27,1119.24,1768.09,0.5797
CAMP01128,2025-10-18,2025-11-08,Influencer,101939,3602,640,121,4117.63,14293.27,2.4712
CAMP01129,2025-06-08,2025-06-16,Social,162394,3763,593,93,3168.43,7140.97,1.2538
CAMP01130,2025-01-26,2025-02-19,Social,31853,670,117,17,539.76,1258.35,1.3313
CAMP01131,2025-03-24,2025-04-04,Display,58924,615,53,7,363.46,437.59,0.204
CAMP01132,2025-10-23,2025-10-29,Influencer,145377,4522,745,153,4290.57,16818.8,2.9199
CAMP01133,2025-01-15,2025-02-09,Social,45394,1011,126,26,792.3,1467.24,0.8519
CAMP01134,2025-06-03,2025-06-20,Display,60498,742,83,11,443.05,901.52,1.0348
CAMP01135,2025-02-28,2025-03-26,Influencer,31556,1240,233,59,1636.9,3942.82,1.4087
CAMP01136,2025-10-02,2025-10-16,Search,50435,2500,506,115,3903.07,9247.35,1.3693
CAMP01137,2025-08-30,2025-09-25,Social,56698,1451,235,41,1483.68,2822.87,0.9026
CAMP01138,2025-08-25,2025-09-04,Social,22256,377,47,6,339.25,311.65,-0.0814
CAMP01139,2025-11-04,2025-11-22,Social,83932,2504,437,87,2162.71,6139.87,1.839
CAMP01140,2025-01-16,2025-02-05,Email,54461,3865,982,196,2948.69,12869.18,3.3644
CAMP01141,2025-09-21,2025-10-06,Search,71522,3507,729,169,6374.6,15176.48,1.3808
CAMP01142,2025-09-07,2025-09-13,Influencer,54082,1108,164,20,1203.05,1568.35,0.3036
CAMP01143,2025-09-15,2025-09-27,Influencer,18397,659,121,29,652.55,2600.07,2.9845
CAMP01144,2025-10-07,2025-10-17,Search,48888,2237,472,99,2964.25,8774.12,1.96
CAMP01145,2025-02-11,2025-03-08,Display,88964,1361,162,26,971.89,1776.97,0.8284
CAMP01146,2025-08-26,2025-09-22,Social,41406,874,119,27,576.57,2929.31,4.0806
CAMP01147,2025-09-28,2025-10-11,Email,33271,1657,342,44,1291.93,3004.0,1.3252
CAMP01148,2025-01-21,2025-01-28,Email,44671,3643,1006,203,2432.7,15591.27,5.409
CAMP01149,2025-02-26,2025-03-13,Email,76753,5546,1409,299,3525.99,19676.29,4.5804
CAMP01150,2025-05-18,2025-06-10,Social,45976,788,99,14,659.95,811.68,0.2299
CAMP01151,2025-12-21,2026-01-17,Email,64008,6019,1717,399,4726.34,29318.94,5.2033
CAMP01152,2025-01-02,2025-01-26,Social,63378,1379,200,35,1338.18,3203.32,1.3938
CAMP01153,2025-09-08,2025-09-24,Social,26689,406,44,6,310.94,439.4,0.4131
CAMP01154,2025-04-24,2025-05-14,Influencer,53610,2648,572,147,2698.68,9466.82,2.5079
CAMP01155,2025-01-11,2025-01-17,Social,118718,2426,347,57,2031.29,5818.55,1.8645
CAMP01156,2025-04-30,2025-05-08,Search,36784,1550,307,69,2077.16,6128.82,1.9506
CAMP01157,2025-12-18,2025-12-26,Search,29700,1584,338,73,2077.87,4968.11,1.391
CAMP01158,2025-01-26,2025-02-12,Social,65591,1643,240,42,983.92,2711.74,1.7561
CAMP01159,2025-11-06,2025-11-29,Search,42848,1962,406,93,3099.15,7833.66,1.5277
CAMP01160,2025-05-24,2025-06-02,Email,23087,1845,550,113,1342.15,9171.11,5.8331
CAMP01161,2025-10-25,2025-10-31,Email,34742,2402,607,145,1724.62,8476.28,3.9149
CAMP01162,2025-02-24,2025-03-12,Search,71274,5445,1495,418,6715.02,40891.52,5.0896
CAMP01163,2025-02-03,2025-02-27,Search,32588,1846,415,101,2900.16,7193.11,1.4802
CAMP01164,2025-05-17,2025-05-23,Search,96740,4585,967,208,7281.3,17718.39,1.4334
CAMP01165,2025-11-05,2025-11-15,Search,82098,5130,1150,290,8036.06,23989.1,1.9852
CAMP01166,2025-04-11,2025-04-20,Influencer,41429,1447,265,73,1607.68,6356.44,2.9538
CAMP01167,2025-11-06,2025-11-29,Email,97930,6828,1814,377,5556.5,30342.67,4.4608
CAMP01168,2025-12-23,2026-01-09,Influencer,51835,1684,303,68,2296.85,6153.45,1.6791
CAMP01169,2025-08-16,2025-08-26,Search,66742,4675,1161,301,5764.54,22712.07,2.94
CAMP01170,2025-09-28,2025-10-19,Social,35562,1058,187,32,1007.48,2032.43,1.0173
CAMP01171,2025-05-11,2025-05-29,Social,39185,978,169,28,723.93,1999.28,1.7617
CAMP01172,2025-11-30,2025-12-21,Social,95084,2407,394,74,1751.07,7519.68,3.2943
CAMP01173,2025-03-29,2025-04-04,Display,34129,364,33,6,209.57,529.96,1.5288
CAMP01174,2025-01-02,2025-01-16,Email,77472,4323,939,158,3909.03,12999.1,2.3254
CAMP01175,2025-01-20,2025-02-01,Social,40594,892,121,26,784.44,1826.45,1.3283
CAMP01176,2025-02-12,2025-02-26,Search,119602,6337,1396,343,8527.99,21811.01,1.5576
CAMP01177,2025-05-08,2025-05-28,Display,50909,559,63,7,354.15,455.47,0.2861
CAMP01178,2025-03-15,2025-03-30,Social,52192,1363,211,38,847.28,2810.81,2.3175
CAMP01179,2025-06-24,2025-07-08,Search,93882,6750,1698,442,9188.36,33304.38,2.6246
CAMP01180,2025-11-29,2025-12-15,Search,50728,1740,295,53,1903.87,4012.27,1.1074
CAMP01181,2025-09-19,2025-10-13,Search,69920,3157,630,124,4942.27,8813.16,0.7832
CAMP01182,2025-07-04,2025-07-27,Display,77534,879,104,11,576.09,585.02,0.0155
CAMP01183,2025-10-21,2025-11-10,Email,60259,3844,930,172,3753.5,12031.61,2.2054
CAMP01184,2025-07-12,2025-07-27,Social,49120,1216,191,30,910.82,2617.43,1.8737
CAMP01185,2025-11-02,2025-11-21,Social,133850,3446,561,103,2365.08,7182.88,2.0371
CAMP01186,2025-04-10,2025-04-20,Email,63333,4599,1147,241,3661.9,16359.19,3.4674
CAMP01187,2025-12-16,2026-01-04,Influencer,31795,1067,204,28,1024.92,2576.87,1.5142
CAMP01188,2025-11-06,2025-11-27,Display,50922,845,85,22,601.56,1335.39,1.2199
CAMP01189,2025-08-02,2025-08-19,Social,131767,2696,408,53,2252.2,4227.51,0.8771
CAMP01190,2025-12-07,2026-01-03,Search,21082,881,165,27,1455.49,1928.84,0.3252
CAMP01191,2025-04-08,2025-04-20,Email,47422,3817,1011,227,3868.15,12532.54,2.2399
CAMP01192,2025-03-12,2025-03-30,Email,52579,3568,881,168,2938.81,11928.06,3.0588
CAMP01193,2025-08-08,2025-08-25,Social,17521,382,70,15,283.76,912.04,2.2141
CAMP01194,2025-06-23,2025-07-14,Search,61327,3495,749,178,4009.72,17781.65,3.4346
CAMP01195,2025-11-19,2025-12-16,Search,41360,2220,492,131,2848.42,9086.78,2.1901
CAMP01196,2025-01-02,2025-01-13,Display,101968,1043,110,10,759.67,606.15,-0.2021
CAMP01197,2025-08-26,2025-09-12,Email,92398,6144,1510,280,4521.62,18146.73,3.0133
CAMP01198,2025-10-07,2025-11-02,Search,44190,2620,627,154,3071.39,14844.83,3.8333
CAMP01199,2025-10-27,2025-11-12,Search,87995,4362,914,222,6650.53,14972.18,1.2513
CAMP01200,2025-07-04,2025-07-19,Search,38847,2986,795,212,4924.26,15402.42,2.1279
CAMP01201,2025-06-28,2025-07-10,Email,30265,1644,382,63,1401.42,3450.86,1.4624
CAMP01202,2025-06-26,2025-07-08,Email,22089,1265,287,52,877.36,3278.37,2.7366
CAMP01203,2025-10-06,2025-10-30,Influencer,79964,3400,644,158,3593.77,18807.4,4.2333
CAMP01204,2025-02-08,2025-02-19,Social,86963,2250,388,90,1900.77,6064.93,2.1908
CAMP01205,2025-06-12,2025-06-18,Search,30608,1533,297,69,2066.69,4762.65,1.3045
CAMP01206,2025-11-13,2025-11-29,Social,51707,1560,269,55,1398.9,4129.93,1.9523
CAMP01207,2025-07-19,2025-07-29,Search,75464,3611,704,172,4808.97,12612.9,1.6228
CAMP01208,2025-02-22,2025-03-12,Display,33639,464,51,4,330.68,238.42,-0.279
CAMP01209,2025-11-03,2025-11-22,Email,112112,7239,1703,336,5004.4,19479.12,2.8924
CAMP01210,2025-03-03,2025-03-29,Social,42264,855,137,19,662.52,1254.01,0.8928
CAMP01211,2025-10-31,2025-11-08,Influencer,83055,2059,301,61,2450.15,4123.51,0.683
CAMP01212,2025-11-22,2025-12-11,Influencer,71500,2635,494,105,2963.57,8644.61,1.917
CAMP01213,2025-08-10,2025-08-27,Social,39522,853,122,17,626.79,1335.3,1.1304
CAMP01214,2025-02-02,2025-02-14,Search,108549,8941,2502,728,12361.53,52191.22,3.2221
CAMP01215,2025-04-25,2025-05-14,Search,107910,6757,1611,426,8848.27,35789.23,3.0448
CAMP01216,2025-05-22,2025-06-02,Search,45882,2449,521,107,3041.34,7936.74,1.6096
CAMP01217,2025-02-03,2025-02-20,Search,34095,1721,351,86,1964.05,7711.03,2.9261
CAMP01218,2025-06-09,2025-07-01,Search,103312,7689,1913,520,10664.7,55683.34,4.2213
CAMP01219,2025-10-07,2025-10-31,Influencer,82589,3650,774,177,3797.7,17140.87,3.5135
CAMP01220,2025-09-08,2025-09-29,Email,78560,6108,1631,338,4954.9,18974.1,2.8294
CAMP01221,2025-03-10,2025-04-04,Email,80398,4754,1096,211,3327.82,12247.36,2.6803
CAMP01222,2025-06-18,2025-07-02,Display,63606,782,80,15,455.19,1106.52,1.4309
CAMP01223,2025-02-03,2025-02-24,Display,71566,647,55,4,406.45,254.69,-0.3734
CAMP01224,2025-02-24,2025-03-09,Email,79051,5131,1259,251,4177.7,12603.81,2.0169
CAMP01225,2025-05-04,2025-05-27,Social,54122,1676,301,62,1336.92,4604.98,2.4445
CAMP01226,2025-01-30,2025-02-07,Social,24203,553,84,13,486.39,860.25,0.7686
CAMP01227,2025-12-22,2026-01-17,Display,44221,393,36,4,231.96,239.34,0.0318
CAMP01228,2025-06-21,2025-07-08,Search,46090,2068,388,92,2741.89,7470.35,1.7245
CAMP01229,2025-04-24,2025-05-20,Display,66772,618,51,7,509.91,581.42,0.1402
CAMP01230,2025-08-21,2025-09-03,Search,90043,4722,994,242,7039.83,17168.15,1.4387
CAMP01231,2025-05-09,2025-05-16,Social,73270,1639,254,42,1307.57,1801.3,0.3776
CAMP01232,2025-06-20,2025-07-12,Influencer,138532,5411,1061,237,4915.69,17961.32,2.6539
CAMP01233,2025-02-28,2025-03-26,Search,85833,5576,1357,354,6453.51,35847.98,4.5548
CAMP01234,2025-01-30,2025-02-26,Display,55287,548,50,3,380.74,202.61,-0.4679
CAMP01235,2025-10-03,2025-10-29,Email,43765,3394,858,195,3305.47,8944.05,1.7058
CAMP01236,2025-10-07,2025-10-27,Search,57659,5000,1433,431,9122.66,27041.82,1.9642
CAMP01237,2025-12-07,2025-12-16,Social,43639,1003,160,34,916.43,2145.96,1.3417
CAMP01238,2025-10-12,2025-11-07,Search,69391,4334,1030,289,5936.69,27017.94,3.551
CAMP01239,2025-01-29,2025-02-17,Email,40312,3099,832,195,2373.76,19495.02,7.2127
CAMP01240,2025-09-26,2025-10-20,Social,13442,318,56,15,281.02,1036.06,2.6868
CAMP01241,2025-05-12,2025-05-28,Display,75569,745,66,12,521.09,1011.6,0.9413
CAMP01242,2025-01-28,2025-02-08,Display,102394,1129,109,14,885.53,764.01,-0.1372
CAMP01243,2025-03-31,2025-04-27,Influencer,47769,1224,170,34,1507.31,2789.68,0.8508
CAMP01244,2025-12-23,2026-01-19,Social,42161,1077,183,40,974.47,2559.05,1.6261
CAMP01245,2025-03-15,2025-03-31,Influencer,80954,2441,394,81,3209.43,9001.31,1.8046
CAMP01246,2025-05-01,2025-05-26,Influencer,52980,2001,397,93,2258.88,13157.09,4.8246
CAMP01247,2025-10-30,2025-11-18,Social,68910,1601,216,36,1164.15,2636.93,1.2651
CAMP01248,2025-11-20,2025-12-08,Search,104815,5403,1138,281,7525.88,28996.62,2.8529
CAMP01249,2025-11-16,2025-12-12,Email,61025,4132,1030,208,4041.14,14156.37,2.5031
CAMP01250,2025-09-23,2025-10-06,Display,116308,1104,99,10,620.17,610.54,-0.0155
CAMP01251,2025-03-11,2025-04-03,Social,75902,1641,262,42,1241.78,2954.23,1.379
CAMP01252,2025-09-01,2025-09-27,Search,23808,1083,224,48,2043.1,2956.31,0.447
CAMP01253,2025-09-30,2025-10-21,Display,37302,480,41,5,349.2,319.39,-0.0854
CAMP01254,2025-10-04,2025-10-31,Social,47106,1341,264,51,1007.95,3993.72,2.9622
CAMP01255,2025-06-18,2025-07-07,Search,52323,3557,933,231,4931.4,15191.82,2.0806
CAMP01256,2025-10-05,2025-11-01,Display,42940,419,46,1,312.03,68.1,-0.7818
CAMP01257,2025-04-02,2025-04-17,Social,63747,1544,260,42,1170.74,3171.72,1.7092
CAMP01258,2025-08-03,2025-08-17,Email,122995,9754,2594,565,7636.17,41518.39,4.4371
CAMP01259,2025-06-24,2025-07-07,Social,35822,824,138,27,692.51,1676.39,1.4207
CAMP01260,2025-05-19,2025-06-12,Social,51084,1460,256,44,1206.09,3593.55,1.9795
CAMP01261,2025-04-11,2025-04-24,Influencer,122529,4869,918,198,5639.04,17190.19,2.0484
CAMP01262,2025-12-26,2026-01-15,Social,67923,1747,286,56,1341.07,3473.19,1.5899
CAMP01263,2025-08-29,2025-09-05,Search,30835,1594,340,66,2003.98,4462.46,1.2268
CAMP01264,2025-10-04,2025-10-29,Email,69681,5518,1446,319,4687.35,15385.56,2.2824
CAMP01265,2025-05-16,2025-06-09,Search,90420,4678,935,221,8111.06,17868.15,1.2029
CAMP01266,2025-03-27,2025-04-21,Email,122805,7427,1742,311,7308.38,23599.2,2.2291
CAMP01267,2025-12-14,2025-12-26,Display,65207,804,76,13,583.29,1098.93,0.884
CAMP01268,2025-07-05,2025-07-26,Email,21304,1492,382,88,1112.69,5615.58,4.0469
CAMP01269,2025-06-26,2025-07-13,Display,54877,593,50,10,330.07,450.45,0.3647
CAMP01270,2025-12-25,2026-01-21,Email,48012,4035,1110,249,2739.74,18744.83,5.8418
CAMP01271,2025-04-24,2025-05-12,Social,12753,213,31,2,204.67,177.39,-0.1333
CAMP01272,2025-11-29,2025-12-17,Search,118339,7677,1765,443,12009.26,29251.78,1.4358
CAMP01273,2025-10-05,2025-10-22,Search,66288,4273,990,246,5768.95,18112.08,2.1396
CAMP01274,2025-09-09,2025-10-03,Email,92540,7345,1932,424,6715.59,25397.09,2.7818
CAMP01275,2025-08-21,2025-08-27,Influencer,61176,2555,480,129,3274.9,11571.74,2.5335
CAMP01276,2025-12-21,2026-01-04,Social,67005,1698,262,52,1502.97,4068.54,1.707
CAMP01277,2025-05-22,2025-05-30,Search,71828,3536,738,166,4702.03,13638.65,1.9006
CAMP01278,2025-04-05,2025-04-26,Search,97449,8473,2398,716,12343.46,52309.77,3.2379
CAMP01279,2025-05-04,2025-05-25,Search,65220,4831,1268,345,7369.04,28610.05,2.8825
CAMP01280,2025-12-17,2026-01-01,Social,74171,1818,271,51,1422.98,4094.49,1.8774
CAMP01281,2025-01-07,2025-02-01,Influencer,106369,3606,627,150,3970.75,17289.7,3.3543
CAMP01282,2025-02-11,2025-02-28,Social,109414,2634,447,99,2157.04,6899.93,2.1988
CAMP01283,2025-11-13,2025-11-27,Display,141141,1678,191,27,1072.72,1754.78,0.6358
CAMP01284,2025-04-26,2025-05-13,Email,73223,7703,2320,550,5725.5,41604.81,6.2666
CAMP01285,2025-07-13,2025-07-24,Display,79060,1081,116,20,543.64,1255.37,1.3092
CAMP01286,2025-07-04,2025-07-16,Social,31019,644,112,20,532.78,1091.84,1.0493
CAMP01287,2025-03-15,2025-03-29,Social,74726,1750,283,48,1316.75,3215.67,1.4421
CAMP01288,2025-06-13,2025-06-25,Search,88280,4857,1024,247,7949.18,24175.19,2.0412
CAMP01289,2025-01-26,2025-02-18,Social,34076,674,96,17,499.36,1201.1,1.4053
CAMP01290,2025-02-24,2025-03-14,Search,48771,2497,541,110,3452.12,10634.42,2.0805
CAMP01291,2025-06-14,2025-07-10,Email,70639,5286,1404,244,4411.09,17598.13,2.9895
CAMP01292,2025-06-06,2025-06-20,Search,15492,705,149,39,753.47,2676.36,2.552
CAMP01293,2025-03-22,2025-03-29,Email,63727,3197,664,139,2580.16,9053.59,2.5089
CAMP01294,2025-03-24,2025-04-13,Search,77399,5445,1344,375,8619.78,20350.17,1.3609
CAMP01295,2025-08-02,2025-08-11,Social,105675,2392,342,56,1913.1,3503.49,0.8313
CAMP01296,2025-08-09,2025-08-25,Social,38512,1116,198,37,1169.31,2405.72,1.0574
CAMP01297,2025-03-05,2025-03-23,Search,29976,1384,284,65,2264.36,6138.89,1.7111
CAMP01298,2025-09-02,2025-09-26,Display,39995,518,46,8,407.42,545.68,0.3394
CAMP01299,2025-07-18,2025-08-03,Social,32020,781,114,27,641.09,1964.41,2.0642
CAMP01300,2025-01-04,2025-01-25,Influencer,53372,1716,313,56,1796.02,6239.36,2.474
CAMP01301,2025-06-15,2025-07-08,Display,98074,1243,158,23,740.05,1329.28,0.7962
CAMP01302,2025-12-07,2025-12-21,Influencer,87864,2499,399,71,3327.97,5661.75,0.7013
CAMP01303,2025-06-11,2025-07-05,Influencer,70627,3104,605,146,3513.94,6935.81,0.9738
CAMP01304,2025-02-08,2025-03-01,Influencer,58134,2652,544,131,3311.76,9845.45,1.9729
CAMP01305,2025-02-18,2025-03-16,Influencer,60053,1977,351,85,2168.64,6879.0,2.172
CAMP01306,2025-02-13,2025-03-12,Influencer,63756,1928,338,64,2388.94,4786.5,1.0036
CAMP01307,2025-01-23,2025-02-06,Email,23455,1862,515,122,1747.68,8482.4,3.8535
CAMP01308,2025-03-22,2025-04-09,Search,69761,4952,1244,334,6917.71,22715.03,2.2836
CAMP01309,2025-11-05,2025-11-20,Influencer,12171,375,70,16,386.07,1238.45,2.2078
CAMP01310,2025-12-17,2026-01-05,Email,63683,5108,1313,311,4274.54,20181.11,3.7212
CAMP01311,2025-10-04,2025-10-31,Display,86912,1297,138,23,881.21,1671.79,0.8972
CAMP01312,2025-10-04,2025-10-23,Influencer,14716,430,67,16,479.34,1436.09,1.996
CAMP01313,2025-07-19,2025-08-13,Social,49753,1023,146,24,705.01,1423.59,1.0192
CAMP01314,2025-08-21,2025-09-03,Search,71383,4396,1043,280,4806.94,23517.82,3.8925
CAMP01315,2025-06-27,2025-07-16,Social,78833,2524,444,99,2066.68,4998.62,1.4187
CAMP01316,2025-08-12,2025-09-03,Display,50627,481,48,9,297.93,699.35,1.3474
CAMP01317,2025-05-25,2025-06-05,Search,24499,1621,381,104,2329.39,6808.57,1.9229
CAMP01318,2025-04-16,2025-04-28,Display,85098,976,89,12,732.46,652.86,-0.1087
CAMP01319,2025-12-19,2026-01-11,Social,35434,982,149,30,799.48,2250.88,1.8154
CAMP01320,2025-10-09,2025-10-31,Influencer,97552,4298,894,233,4974.61,16208.43,2.2582
CAMP01321,2025-10-17,2025-10-25,Email,67173,4416,1088,193,4481.96,11783.18,1.629
CAMP01322,2025-07-02,2025-07-11,Influencer,10783,274,35,6,295.54,473.81,0.6032
CAMP01323,2025-07-25,2025-08-18,Search,95982,4669,999,214,7505.38,20827.98,1.7751
CAMP01324,2025-12-06,2025-12-17,Display,47957,518,46,9,335.56,605.28,0.8038
CAMP01325,2025-02-10,2025-02-23,Influencer,22372,848,156,35,913.81,3401.23,2.722
CAMP01326,2025-10-28,2025-11-20,Social,65016,1457,217,44,1080.76,2532.04,1.3428
CAMP01327,2025-06-18,2025-07-10,Search,26503,1238,256,46,1630.65,3166.06,0.9416
CAMP01328,2025-06-25,2025-07-01,Influencer,89485,2857,487,96,2165.24,8511.82,2.9311
CAMP01329,2025-02-27,2025-03-22,Social,44649,1363,238,53,1188.3,3932.65,2.3095
CAMP01330,2025-04-15,2025-05-12,Search,55447,2586,561,127,3969.29,10494.04,1.6438
CAMP01331,2025-07-24,2025-08-12,Influencer,63109,2322,433,101,2608.05,10266.74,2.9366
CAMP01332,2025-07-03,2025-07-15,Display,94599,861,72,9,585.94,408.17,-0.3034
CAMP01333,2025-09-10,2025-10-03,Influencer,60883,3359,695,200,2666.29,17678.55,5.6304
CAMP01334,2025-06-01,2025-06-16,Social,28968,465,69,16,331.38,977.73,1.9505
CAMP01335,2025-08-06,2025-08-16,Search,83311,5026,1100,246,8285.96,15649.51,0.8887
CAMP01336,2025-02-24,2025-03-17,Social,45815,1229,192,35,1153.12,1910.23,0.6566
CAMP01337,2025-08-02,2025-08-23,Social,19433,394,52,9,388.04,685.94,0.7677
CAMP01338,2025-06-29,2025-07-18,Social,80758,1804,297,53,1327.05,3732.88,1.8129
CAMP01339,2025-06-06,2025-06-25,Search,76269,4103,870,215,5585.23,19165.89,2.4315
CAMP01340,2025-01-04,2025-01-14,Search,125977,6797,1481,349,11619.43,26632.12,1.292
CAMP01341,2025-10-31,2025-11-20,Search,39939,1957,412,107,2938.11,7231.92,1.4614
CAMP01342,2025-03-28,2025-04-20,Search,53317,2814,624,158,4523.4,14907.01,2.2955
CAMP01343,2025-08-25,2025-09-10,Email,64048,3000,595,104,2685.71,7907.33,1.9442
CAMP01344,2025-11-14,2025-11-30,Email,78276,6442,1797,386,5849.53,20863.55,2.5667
CAMP01345,2025-06-04,2025-06-11,Social,106062,2782,470,85,2452.12,6378.91,1.6014
CAMP01346,2025-12-10,2026-01-02,Social,64570,2005,375,82,1648.59,5260.02,2.1906
CAMP01347,2025-12-29,2026-01-04,Email,33171,1998,442,83,1517.03,4633.32,2.0542
CAMP01348,2025-11-20,2025-12-04,Search,78041,3879,871,200,5336.01,12114.61,1.2703
CAMP01349,2025-02-18,2025-03-08,Search,21287,1170,262,58,1866.28,3947.73,1.1153
CAMP01350,2025-05-13,2025-06-01,Email,110474,7433,1902,347,5968.45,21479.66,2.5989
CAMP01351,2025-10-24,2025-11-01,Search,104810,6808,1617,397,9936.22,33733.0,2.395
CAMP01352,2025-10-05,2025-10-14,Search,19556,1177,297,66,1598.94,5654.16,2.5362
CAMP01353,2025-04-06,2025-04-29,Email,51687,3369,792,152,2651.15,13949.11,4.2615
CAMP01354,2025-12-07,2025-12-18,Search,38743,2149,431,119,2980.53,11134.2,2.7356
CAMP01355,2025-02-13,2025-02-21,Search,139889,7874,1756,436,11050.22,38107.37,2.4486
CAMP01356,2025-07-19,2025-08-13,Display,25646,351,36,12,187.68,875.55,3.6651
CAMP01357,2025-10-02,2025-10-18,Email,79730,5471,1368,276,4493.98,16051.03,2.5717
CAMP01358,2025-11-05,2025-11-12,Email,138052,9312,2359,458,6996.24,31056.23,3.439
CAMP01359,2025-04-16,2025-04-26,Display,102565,1206,120,18,820.74,915.42,0.1154
CAMP01360,2025-04-13,2025-05-06,Display,71678,884,83,9,539.02,835.82,0.5506
CAMP01361,2025-04-13,2025-04-19,Social,25193,849,147,30,725.67,1867.45,1.5734
CAMP01362,2025-10-24,2025-11-04,Social,40200,1163,196,43,833.23,4230.92,4.0777
CAMP01363,2025-10-26,2025-11-14,Search,34951,1718,342,95,2615.82,9553.53,2.6522
CAMP01364,2025-12-18,2025-12-28,Display,42768,361,37,7,259.49,374.39,0.4428
CAMP01365,2025-05-22,2025-06-05,Social,51780,1923,386,87,1284.73,5933.96,3.6188
CAMP01366,2025-03-01,2025-03-25,Influencer,92777,2867,501,92,2923.25,9503.94,2.2512
CAMP01367,2025-03-21,2025-04-08,Search,41236,2229,500,112,3573.24,7258.32,1.0313
CAMP01368,2025-12-20,2025-12-27,Search,81599,4422,930,237,6598.37,19775.05,1.997
CAMP01369,2025-07-08,2025-07-27,Influencer,63262,2555,483,119,2790.16,9580.87,2.4338
CAMP01370,2025-08-05,2025-08-15,Email,93077,6859,1815,371,5256.36,18116.16,2.4465
CAMP01371,2025-01-18,2025-01-26,Influencer,25955,871,155,32,1030.68,2615.98,1.5381
CAMP01372,2025-04-22,2025-05-06,Display,29481,449,53,8,285.44,438.26,0.5354
CAMP01373,2025-03-05,2025-03-23,Search,70300,3219,701,151,3616.57,12770.18,2.531
CAMP01374,2025-12-18,2026-01-13,Social,65004,2204,425,86,1964.69,5038.72,1.5646
CAMP01375,2025-03-03,2025-03-17,Email,62428,4854,1271,255,4311.95,13153.48,2.0505
CAMP01376,2025-09-03,2025-09-16,Display,69388,1075,112,11,802.0,699.07,-0.1283
CAMP01377,2025-09-04,2025-09-20,Social,37088,1186,223,43,973.05,3331.59,2.4239
CAMP01378,2025-04-16,2025-05-06,Display,77349,961,96,13,534.52,912.3,0.7068
CAMP01379,2025-10-18,2025-10-29,Search,31813,2340,593,145,2511.23,13657.86,4.4387
CAMP01380,2025-01-25,2025-02-03,Search,106146,5365,1074,245,6444.46,20268.2,2.1451
CAMP01381,2025-02-20,2025-03-04,Email,54914,4911,1354,305,3932.47,19420.72,3.9386
CAMP01382,2025-08-02,2025-08-21,Social,63454,1477,252,39,1289.22,2442.4,0.8945
CAMP01383,2025-08-22,2025-09-08,Influencer,62844,2568,482,108,2787.4,10758.48,2.8597
CAMP01384,2025-02-24,2025-03-04,Email,45104,3701,984,213,2698.8,11600.16,3.2983
CAMP01385,2025-07-20,2025-08-10,Email,145990,11467,3053,633,9078.52,32460.46,2.5755
CAMP01386,2025-05-05,2025-05-18,Influencer,106897,5404,1162,292,4718.89,28707.0,5.0834
CAMP01387,2025-10-25,2025-11-15,Search,52293,3178,732,195,4291.81,14539.0,2.3876
CAMP01388,2025-12-06,2025-12-12,Social,110363,1855,251,34,1675.36,1714.48,0.0234
CAMP01389,2025-03-18,2025-04-02,Influencer,77031,2031,337,56,2510.4,4596.43,0.831
CAMP01390,2025-04-04,2025-04-17,Social,11843,297,44,12,225.86,866.01,2.8343
CAMP01391,2025-10-15,2025-10-28,Search,100070,4266,819,181,5691.46,16633.32,1.9225
CAMP01392,2025-07-06,2025-07-24,Social,105533,1973,257,29,1521.58,2270.9,0.4925
CAMP01393,2025-11-28,2025-12-22,Search,50834,2776,639,130,4121.05,10708.48,1.5985
CAMP01394,2025-09-29,2025-10-22,Search,54181,3140,692,171,4012.4,12253.67,2.054
CAMP01395,2025-03-28,2025-04-23,Influencer,91305,3312,588,143,3668.09,15766.53,3.2983
CAMP01396,2025-01-17,2025-01-28,Social,37679,1166,201,31,1022.14,2048.92,1.0045
CAMP01397,2025-09-26,2025-10-18,Search,38033,2188,494,126,3984.09,10749.62,1.6981
CAMP01398,2025-03-10,2025-04-02,Social,152655,3606,562,91,2879.98,6736.33,1.339
CAMP01399,2025-12-03,2025-12-15,Social,70122,1466,188,25,1026.49,1878.22,0.8297
CAMP01400,2025-07-26,2025-08-02,Display,44738,510,53,6,283.97,336.2,0.1839
CAMP01401,2025-04-17,2025-04-26,Social,64064,1529,229,39,990.45,2414.91,1.4382
CAMP01402,2025-04-21,2025-04-30,Display,70306,818,82,11,631.27,887.07,0.4052
CAMP01403,2025-11-15,2025-11-28,Display,37155,417,46,5,277.22,308.26,0.112
CAMP01404,2025-12-05,2025-12-28,Search,41992,1895,341,69,2921.48,4905.27,0.679
CAMP01405,2025-01-23,2025-02-14,Email,28177,2188,589,127,1815.58,11267.05,5.2058
CAMP01406,2025-07-06,2025-07-12,Search,66216,3473,678,158,5168.98,13143.78,1.5428
CAMP01407,2025-07-29,2025-08-20,Search,42014,2039,426,103,2698.4,8000.99,1.9651
CAMP01408,2025-08-16,2025-09-11,Search,49766,2519,556,121,3274.08,10036.59,2.0655
CAMP01409,2025-08-19,2025-09-10,Email,100407,4968,1030,185,3736.78,12043.45,2.2229
CAMP01410,2025-05-02,2025-05-08,Email,55470,3283,758,141,2508.96,13106.77,4.224
CAMP01411,2025-02-24,2025-03-23,Search,45477,2793,653,175,3900.57,13005.55,2.3343
CAMP01412,2025-02-26,2025-03-13,Display,91643,1089,102,14,639.5,779.38,0.2187
CAMP01413,2025-11-06,2025-11-19,Search,69885,4468,1037,272,6794.9,23914.13,2.5194
CAMP01414,2025-02-15,2025-03-09,Email,40105,3656,1042,251,2857.89,15481.87,4.4172
CAMP01415,2025-09-01,2025-09-12,Social,42062,758,102,18,493.8,1483.47,2.0042
CAMP01416,2025-03-06,2025-03-21,Search,62573,3047,667,151,3897.93,12616.49,2.2367
CAMP01417,2025-10-25,2025-11-16,Email,46405,3048,771,149,2408.37,8821.65,2.6629
CAMP01418,2025-05-22,2025-05-29,Email,43354,3307,874,187,2463.28,13468.58,4.4677
CAMP01419,2025-01-09,2025-02-02,Display,138738,1690,186,18,967.23,1441.04,0.4899
CAMP01420,2025-08-21,2025-09-02,Search,72306,4329,967,237,7603.87,16959.1,1.2303
CAMP01421,2025-10-15,2025-10-29,Search,87833,4333,882,202,5014.49,13314.67,1.6552
CAMP01422,2025-06-05,2025-06-29,Email,28166,1744,386,65,1597.01,3806.14,1.3833
CAMP01423,2025-05-08,2025-05-24,Social,73187,2299,381,78,1942.23,4767.12,1.4545
CAMP01424,2025-07-09,2025-07-27,Display,33165,500,64,13,258.02,860.99,2.3369
CAMP01425,2025-03-01,2025-03-23,Social,33295,1098,212,46,949.25,3005.25,2.1659
CAMP01426,2025-01-24,2025-02-11,Influencer,19492,926,195,50,1006.06,4050.52,3.0261
CAMP01427,2025-11-01,2025-11-12,Social,96211,2210,332,51,1625.11,3529.24,1.1717
CAMP01428,2025-01-18,2025-01-29,Influencer,72073,3079,590,146,3298.48,11104.84,2.3667
CAMP01429,2025-09-24,2025-10-18,Display,77159,894,85,11,695.73,659.47,-0.0521
CAMP01430,2025-09-13,2025-09-29,Influencer,36740,1253,204,46,1364.08,3722.36,1.7288
CAMP01431,2025-10-25,2025-11-07,Search,62632,5774,1605,479,8529.18,40469.41,3.7448
CAMP01432,2025-07-30,2025-08-11,Influencer,23954,632,97,23,823.47,2233.64,1.7125
CAMP01433,2025-11-08,2025-11-20,Social,54629,1404,235,59,1009.08,3448.48,2.4174
CAMP01434,2025-08-05,2025-08-26,Search,157894,9214,2126,518,14163.5,49262.92,2.4782
CAMP01435,2025-01-07,2025-01-14,Search,38534,2573,628,177,3655.79,16058.16,3.3925
CAMP01436,2025-10-24,2025-11-03,Search,30684,1974,475,139,2861.85,15059.71,4.2622
CAMP01437,2025-03-06,2025-03-27,Social,65973,1381,195,28,1229.2,1720.48,0.3997
CAMP01438,2025-10-23,2025-11-15,Search,97739,5821,1289,351,6436.5,28201.59,3.3815
CAMP01439,2025-10-08,2025-10-21,Email,42337,3103,802,157,2576.44,11515.61,3.4696
CAMP01440,2025-12-25,2026-01-06,Search,39168,3102,825,226,4676.52,16773.3,2.5867
CAMP01441,2025-04-29,2025-05-18,Search,100216,6381,1580,444,9416.4,25022.49,1.6573
CAMP01442,2025-06-17,2025-07-01,Search,35411,2128,490,115,2492.62,9206.87,2.6937
CAMP01443,2025-01-01,2025-01-27,Search,72438,3875,810,201,5870.66,16160.45,1.7527
CAMP01444,2025-07-09,2025-08-04,Influencer,27686,1080,206,60,1133.88,4551.68,3.0143
CAMP01445,2025-07-20,2025-07-27,Social,62008,1404,207,37,1138.45,2536.58,1.2281
CAMP01446,2025-01-16,2025-01-30,Social,31012,813,149,24,578.43,1631.95,1.8213
CAMP01447,2025-01-17,2025-02-08,Influencer,61367,2795,580,146,2810.37,10535.51,2.7488
CAMP01448,2025-08-18,2025-09-14,Social,76603,1542,248,34,1054.65,2123.86,1.0138
CAMP01449,2025-05-06,2025-05-30,Influencer,100478,2919,438,89,2833.06,6475.78,1.2858
CAMP01450,2025-11-16,2025-12-10,Social,27601,596,93,14,402.33,911.38,1.2653
CAMP01451,2025-12-03,2025-12-12,Email,42176,3111,839,152,2091.65,10429.21,3.9861
CAMP01452,2025-04-06,2025-04-20,Social,40463,885,130,29,691.23,2372.41,2.4322
CAMP01453,2025-03-31,2025-04-14,Email,64438,4983,1275,267,4920.82,14274.33,1.9008
CAMP01454,2025-10-06,2025-10-27,Search,42304,2524,569,140,3876.25,9611.19,1.4795
CAMP01455,2025-05-30,2025-06-12,Search,34705,1885,401,105,2488.62,9971.56,3.0069
CAMP01456,2025-03-04,2025-03-16,Influencer,88970,3138,580,110,3012.67,8053.82,1.6733
CAMP01457,2025-03-05,2025-04-01,Email,50010,3109,738,127,2578.72,9906.24,2.8415
CAMP01458,2025-02-15,2025-03-04,Display,71892,911,89,9,662.03,571.51,-0.1367
CAMP01459,2025-05-23,2025-06-14,Email,95276,6076,1471,286,4999.5,15303.01,2.0609
CAMP01460,2025-09-16,2025-09-24,Search,221834,12570,2778,691,19510.03,57605.83,1.9526
CAMP01461,2025-01-16,2025-02-08,Social,100161,2484,371,72,2011.8,5410.67,1.6895
CAMP01462,2025-05-31,2025-06-21,Search,66673,3015,610,137,3302.27,12316.52,2.7297
CAMP01463,2025-07-27,2025-08-05,Display,46596,481,54,6,315.5,405.62,0.2856
CAMP01464,2025-05-18,2025-05-28,Email,40121,5450,1914,570,4734.94,33214.09,6.0147
CAMP01465,2025-10-29,2025-11-19,Display,24008,368,39,7,235.5,490.17,1.0814
CAMP01466,2025-10-05,2025-10-22,Search,31580,1976,487,109,2557.46,8147.85,2.1859
CAMP01467,2025-05-15,2025-06-02,Search,30518,1572,342,69,1882.6,3897.93,1.0705
CAMP01468,2025-07-31,2025-08-09,Search,72320,4422,1007,262,6187.14,22089.45,2.5702
CAMP01469,2025-06-04,2025-06-30,Influencer,60128,2529,494,108,2775.41,10884.92,2.9219
CAMP01470,2025-11-24,2025-12-10,Search,69810,4005,922,235,4505.19,20673.88,3.5889
CAMP01471,2025-07-19,2025-07-27,Social,59941,1209,178,34,795.94,2125.39,1.6703
CAMP01472,2025-07-14,2025-08-09,Email,74460,5137,1238,239,4551.91,15795.04,2.47
CAMP01473,2025-11-10,2025-12-04,Search,75891,4617,1081,275,7549.18,25378.99,2.3618
CAMP01474,2025-10-13,2025-10-23,Search,102945,5028,1058,240,10153.34,17720.14,0.7453
CAMP01475,2025-03-02,2025-03-25,Social,75610,2277,391,66,2105.27,5425.42,1.5771
CAMP01476,2025-04-27,2025-05-15,Email,22596,1138,228,41,658.12,3104.74,3.7176
CAMP01477,2025-06-08,2025-06-28,Influencer,87350,2352,339,73,2198.78,6922.59,2.1484
CAMP01478,2025-07-27,2025-08-09,Display,71579,1010,105,18,633.36,1197.47,0.8907
CAMP01479,2025-09-06,2025-09-30,Display,62552,616,46,7,309.34,419.59,0.3564
CAMP01480,2025-07-13,2025-07-29,Search,54464,2734,584,134,4583.11,13424.04,1.929
CAMP01481,2025-10-22,2025-11-14,Email,95337,4778,1007,164,3768.19,12453.59,2.3049
CAMP01482,2025-04-17,2025-04-27,Search,123639,7221,1649,419,9286.58,28218.41,2.0386
CAMP01483,2025-06-02,2025-06-08,Display,175836,2406,273,39,1453.44,2498.16,0.7188
CAMP01484,2025-02-08,2025-03-02,Search,92345,7470,2021,604,9809.82,42056.78,3.2872
CAMP01485,2025-06-14,2025-06-30,Email,50259,2587,551,97,1966.3,7640.72,2.8858
CAMP01486,2025-12-23,2026-01-11,Search,64663,3175,682,165,4382.59,12381.18,1.8251
CAMP01487,2025-01-05,2025-01-19,Search,14660,1124,277,70,1580.81,3102.85,0.9628
CAMP01488,2025-06-10,2025-06-27,Influencer,99868,3637,651,142,4307.13,12574.61,1.9195
CAMP01489,2025-06-29,2025-07-17,Social,38690,1046,163,35,938.52,2595.83,1.7659
CAMP01490,2025-07-05,2025-07-18,Email,44800,3495,935,188,2071.06,12779.87,5.1707
CAMP01491,2025-08-31,2025-09-27,Display,74029,813,83,12,527.39,743.02,0.4089
CAMP01492,2025-09-24,2025-10-15,Social,38842,980,157,22,787.62,1466.0,0.8613
CAMP01493,2025-07-04,2025-07-18,Display,21560,251,24,4,145.73,265.0,0.8184
CAMP01494,2025-06-17,2025-07-10,Display,75046,1134,130,23,658.06,1027.2,0.561
CAMP01495,2025-01-03,2025-01-17,Search,59225,3121,673,153,4897.01,11422.4,1.3325
CAMP01496,2025-07-12,2025-07-21,Social,56911,1554,267,56,1349.9,4513.79,2.3438
CAMP01497,2025-12-05,2025-12-18,Search,34531,1921,424,96,2721.15,7454.74,1.7396
CAMP01498,2025-08-24,2025-09-13,Email,84617,5527,1323,262,4545.52,14645.78,2.222
CAMP01499,2025-11-13,2025-11-30,Email,30086,1819,422,72,1280.88,3887.94,2.0354
CAMP01500,2025-01-09,2025-01-27,Display,56495,689,70,4,473.1,272.84,-0.4233
CAMP01501,2025-09-05,2025-09-13,Search,63271,3644,834,193,4681.37,14499.75,2.0973
CAMP01502,2025-03-15,2025-03-26,Social,65234,1686,288,49,1665.7,3710.28,1.2275
CAMP01503,2025-06-08,2025-07-05,Email,139730,11867,3345,712,7850.05,60893.62,6.7571
CAMP01504,2025-12-22,2025-12-31,Display,42913,498,44,6,388.48,462.95,0.1917
CAMP01505,2025-08-01,2025-08-18,Display,50112,633,85,9,369.29,789.77,1.1386
CAMP01506,2025-10-13,2025-10-29,Search,91342,5283,1185,317,7959.53,20655.37,1.595
CAMP01507,2025-04-30,2025-05-21,Display,37358,419,34,4,330.45,300.18,-0.0916
CAMP01508,2025-11-28,2025-12-23,Search,78379,5920,1520,410,7332.58,31083.87,3.2391
CAMP01509,2025-04-06,2025-04-18,Social,41482,1218,202,47,1007.32,3216.14,2.1928
CAMP01510,2025-04-01,2025-04-22,Search,108887,5276,1138,242,7668.35,25203.33,2.2867
CAMP01511,2025-02-20,2025-03-02,Search,51703,2869,662,151,4072.57,10619.01,1.6074
CAMP01512,2025-09-10,2025-09-28,Influencer,56469,1591,229,42,1527.59,4054.28,1.654
CAMP01513,2025-06-11,2025-06-23,Display,42748,532,53,11,290.37,532.19,0.8328
CAMP01514,2025-12-20,2026-01-01,Email,129174,8665,2057,402,6564.33,32106.67,3.8911
CAMP01515,2025-02-08,2025-02-24,Search,99561,6468,1563,404,8317.72,34274.98,3.1207
CAMP01516,2025-03-19,2025-04-12,Search,19343,850,159,41,1372.8,3321.75,1.4197
CAMP01517,2025-05-16,2025-06-06,Search,38489,1690,342,87,2217.92,5304.2,1.3915
CAMP01518,2025-01-11,2025-02-05,Email,78433,4617,1066,196,3407.56,10201.66,1.9938
CAMP01519,2025-03-29,2025-04-22,Search,32552,1437,285,55,1982.86,4671.3,1.3558
CAMP01520,2025-10-28,2025-11-11,Email,80019,5068,1239,221,4288.36,14969.79,2.4908
CAMP01521,2025-07-20,2025-08-14,Search,47722,2765,631,150,3821.04,11648.32,2.0485
CAMP01522,2025-10-21,2025-10-29,Search,36499,2357,573,160,3869.8,11513.95,1.9753
CAMP01523,2025-12-18,2026-01-09,Display,95795,1007,97,16,830.25,907.19,0.0927
CAMP01524,2025-11-30,2025-12-16,Social,42241,1044,188,45,920.0,2989.99,2.25
CAMP01525,2025-12-19,2026-01-06,Display,22309,263,30,8,158.67,506.73,2.1936
CAMP01526,2025-08-05,2025-08-16,Social,85208,1697,249,44,1167.67,4360.81,2.7346
CAMP01527,2025-06-06,2025-06-14,Email,209864,18051,5093,1134,12676.5,71970.13,4.6774
CAMP01528,2025-06-13,2025-06-20,Social,44153,839,124,18,606.38,1468.54,1.4218
CAMP01529,2025-07-02,2025-07-24,Influencer,52779,2320,442,129,2721.94,9735.94,2.5768
CAMP01530,2025-06-01,2025-06-10,Influencer,22517,637,112,20,536.15,1532.81,1.8589
CAMP01531,2025-02-19,2025-03-03,Email,54809,4322,1170,262,3109.81,14820.5,3.7657
CAMP01532,2025-06-01,2025-06-13,Influencer,99808,3035,518,108,3316.36,10082.27,2.0402
CAMP01533,2025-02-25,2025-03-05,Display,61996,726,54,13,511.56,888.61,0.7371
CAMP01534,2025-07-21,2025-07-27,Search,40935,2207,488,128,3461.82,9728.93,1.8104
CAMP01535,2025-08-14,2025-09-07,Social,36899,885,149,36,714.61,2493.21,2.4889
CAMP01536,2025-11-28,2025-12-22,Search,99261,6233,1410,346,8796.99,29309.55,2.3318
CAMP01537,2025-05-08,2025-05-18,Search,126490,7530,1716,449,9690.9,37870.19,2.9078
CAMP01538,2025-06-10,2025-06-25,Social,29529,995,162,35,912.01,2520.73,1.7639
CAMP01539,2025-07-10,2025-07-23,Social,60756,1333,185,32,1232.44,2341.9,0.9002
CAMP01540,2025-06-19,2025-07-08,Search,70348,2737,517,117,3490.02,13977.32,3.0049
CAMP01541,2025-09-30,2025-10-06,Email,175918,14936,4023,880,12688.33,54359.71,3.2842
CAMP01542,2025-09-08,2025-09-28,Email,31885,2239,531,92,2066.89,5484.43,1.6535
CAMP01543,2025-02-14,2025-03-03,Search,81668,4482,949,227,5347.74,16913.6,2.1628
CAMP01544,2025-04-27,2025-05-23,Social,44094,1373,215,44,1177.42,3028.23,1.5719
CAMP01545,2025-01-22,2025-02-02,Search,111300,6444,1517,358,7385.49,26198.23,2.5473
CAMP01546,2025-11-06,2025-11-29,Social,54577,1137,165,18,936.88,973.91,0.0395
CAMP01547,2025-12-05,2025-12-21,Display,53496,726,75,13,556.23,672.49,0.209
CAMP01548,2025-04-04,2025-04-20,Influencer,93711,3991,808,209,4217.67,14674.77,2.4794
CAMP01549,2025-04-07,2025-05-04,Search,137235,6076,1146,227,7728.09,14405.09,0.864
CAMP01550,2025-03-05,2025-03-23,Search,49981,2842,618,137,4120.68,9133.84,1.2166
CAMP01551,2025-05-25,2025-06-02,Search,43988,2032,383,92,3032.9,6534.1,1.1544
CAMP01552,2025-04-05,2025-04-27,Email,32787,2965,847,184,2390.66,9070.99,2.7943
CAMP01553,2025-11-09,2025-11-23,Search,33454,2494,623,172,3737.93,12769.09,2.4161
CAMP01554,2025-07-29,2025-08-17,Social,63345,1878,318,67,1448.61,3233.56,1.2322
CAMP01555,2025-10-13,2025-10-24,Email,42362,3189,829,149,2897.72,11313.14,2.9042
CAMP01556,2025-02-24,2025-03-15,Search,47938,2792,654,168,3516.92,14026.55,2.9883
CAMP01557,2025-08-27,2025-09-07,Search,54192,2377,486,104,3566.89,11496.84,2.2232
CAMP01558,2025-06-02,2025-06-24,Search,66869,4053,939,214,5247.07,18562.54,2.5377
CAMP01559,2025-11-27,2025-12-20,Display,81322,1208,119,18,830.32,1459.37,0.7576
CAMP01560,2025-09-22,2025-09-29,Search,68635,4217,1006,230,5001.84,22210.02,3.4404
CAMP01561,2025-05-22,2025-06-08,Search,122724,7398,1752,435,13499.22,35144.7,1.6035
CAMP01562,2025-12-11,2026-01-07,Social,28716,714,112,19,666.28,1306.21,0.9605
CAMP01563,2025-01-20,2025-02-15,Search,88006,3882,726,161,5997.84,9360.41,0.5606
CAMP01564,2025-08-01,2025-08-19,Social,75741,1986,353,57,1453.42,4744.21,2.2642
CAMP01565,2025-08-28,2025-09-04,Search,65374,5953,1676,520,7091.92,39564.29,4.5788
CAMP01566,2025-12-05,2025-12-24,Social,79459,1698,265,55,1388.28,3769.6,1.7153
CAMP01567,2025-11-22,2025-12-05,Email,110783,6688,1555,284,5867.52,18062.37,2.0784
CAMP01568,2025-11-30,2025-12-22,Search,168094,7648,1545,339,9442.15,26253.04,1.7804
CAMP01569,2025-05-12,2025-06-06,Social,100258,2395,367,69,1930.47,5753.38,1.9803
CAMP01570,2025-07-26,2025-08-17,Search,55827,4091,1022,286,5182.78,29137.06,4.6219
CAMP01571,2025-02-14,2025-03-03,Display,36073,482,44,14,303.71,995.71,2.2785
CAMP01572,2025-05-08,2025-05-31,Influencer,53749,2578,538,135,2609.44,10985.52,3.2099
CAMP01573,2025-07-03,2025-07-21,Search,113196,6056,1345,313,10015.71,32512.51,2.2462
CAMP01574,2025-06-09,2025-07-02,Social,41259,974,165,28,853.6,2185.47,1.5603
CAMP01575,2025-09-02,2025-09-23,Social,77139,2817,548,125,2003.17,8549.31,3.2679
CAMP01576,2025-02-16,2025-02-27,Email,23340,2108,614,138,1732.31,7384.82,3.263
CAMP01577,2025-06-08,2025-06-17,Social,42156,918,116,22,898.59,1703.57,0.8958
CAMP01578,2025-03-09,2025-03-18,Search,70457,4655,1130,275,6877.73,27492.31,2.9973
CAMP01579,2025-11-05,2025-11-20,Email,43781,2846,689,127,2337.95,9376.32,3.0105
CAMP01580,2025-02-06,2025-02-18,Search,54307,2449,505,112,3209.57,9867.93,2.0745
CAMP01581,2025-03-15,2025-03-27,Social,61959,1714,291,58,1216.04,4243.72,2.4898
CAMP01582,2025-08-28,2025-09-17,Social,41891,830,113,19,708.52,1284.25,0.8126
CAMP01583,2025-11-24,2025-12-07,Social,43498,1178,184,27,851.06,2872.41,2.3751
CAMP01584,2025-06-02,2025-06-28,Display,60926,864,87,8,529.48,471.12,-0.1102
CAMP01585,2025-08-16,2025-09-07,Influencer,51579,1596,265,55,1733.96,7240.58,3.1757
CAMP01586,2025-01-24,2025-02-20,Search,52606,3467,808,204,5185.19,19921.28,2.842
CAMP01587,2025-01-10,2025-01-22,Social,33228,725,110,22,592.47,2057.83,2.4733
CAMP01588,2025-09-15,2025-09-21,Email,44523,3448,924,194,2531.97,11464.74,3.528
CAMP01589,2025-01-19,2025-02-09,Email,51889,3830,1032,208,3430.45,9580.36,1.7927
CAMP01590,2025-04-04,2025-04-22,Display,52302,684,60,11,451.83,822.37,0.8201
CAMP01591,2025-05-27,2025-06-12,Social,70591,1790,278,52,1191.89,3432.32,1.8797
CAMP01592,2025-04-18,2025-05-03,Email,32721,2611,730,139,1731.36,11658.84,5.7339
CAMP01593,2025-07-12,2025-07-31,Search,11289,645,134,29,1327.41,1959.32,0.476
CAMP01594,2025-10-28,2025-11-20,Display,50826,519,61,11,338.22,704.94,1.0843
CAMP01595,2025-06-04,2025-06-29,Display,61045,883,106,21,747.19,1337.12,0.7895
CAMP01596,2025-01-01,2025-01-27,Social,56313,1834,323,61,1454.8,4921.46,2.3829
CAMP01597,2025-10-31,2025-11-18,Display,32252,319,28,4,207.41,241.87,0.1661
CAMP01598,2025-04-08,2025-04-18,Search,29781,1082,199,41,1622.16,3399.31,1.0955
CAMP01599,2025-05-09,2025-05-20,Email,29240,2351,631,146,1562.06,10910.11,5.9844
CAMP01600,2025-02-11,2025-03-06,Email,58316,5114,1415,312,5316.77,18198.62,2.4229
CAMP01601,2025-04-27,2025-05-22,Display,45558,457,44,6,300.83,378.7,0.2589
CAMP01602,2025-11-15,2025-12-07,Search,46179,3651,959,274,5216.08,19065.75,2.6552
CAMP01603,2025-01-23,2025-02-16,Search,52482,2588,532,133,3675.31,10506.46,1.8587
CAMP01604,2025-08-28,2025-09-05,Influencer,84083,3868,782,197,4887.32,16230.92,2.321
CAMP01605,2025-11-08,2025-12-03,Search,49092,3367,788,209,5058.66,16526.99,2.2671
CAMP01606,2025-07-18,2025-08-03,Display,50253,792,68,10,537.86,696.68,0.2953
CAMP01607,2025-02-03,2025-02-15,Email,105628,7466,1834,367,6407.91,27108.53,3.2305
CAMP01608,2025-08-29,2025-09-20,Display,45408,764,77,15,505.25,1067.32,1.1125
CAMP01609,2025-02-09,2025-03-06,Search,80961,4048,822,209,6231.59,14650.85,1.3511
CAMP01610,2025-01-10,2025-02-04,Display,30289,456,52,7,316.39,424.57,0.3419
CAMP01611,2025-08-10,2025-08-25,Influencer,75844,3159,595,138,3271.37,10552.31,2.2257
CAMP01612,2025-05-26,2025-06-05,Social,205545,5334,884,143,4557.7,6980.81,0.5317
CAMP01613,2025-02-24,2025-03-19,Email,64506,4890,1311,271,4229.75,16136.9,2.8151
CAMP01614,2025-11-10,2025-12-06,Influencer,134661,4376,721,131,4357.54,10384.68,1.3832
CAMP01615,2025-12-11,2026-01-01,Display,22831,365,40,8,219.47,490.66,1.2357
CAMP01616,2025-04-09,2025-04-26,Social,85025,1809,252,44,1236.36,3682.07,1.9782
CAMP01617,2025-04-11,2025-04-29,Search,41179,2402,535,129,3276.67,11594.01,2.5384
CAMP01618,2025-09-28,2025-10-08,Display,26490,213,24,2,145.38,120.16,-0.1735
CAMP01619,2025-08-15,2025-08-23,Influencer,75872,3280,670,174,3513.43,19427.34,4.5295
CAMP01620,2025-11-03,2025-11-21,Social,35597,851,124,22,743.68,2048.31,1.7543
CAMP01621,2025-01-31,2025-02-17,Email,66249,4748,1216,251,4007.71,20245.91,4.0517
CAMP01622,2025-02-09,2025-03-04,Influencer,43770,1456,285,62,1720.05,6270.0,2.6452
CAMP01623,2025-05-27,2025-06-09,Search,46333,2766,660,184,3585.78,11221.12,2.1293
CAMP01624,2025-07-26,2025-08-14,Email,57201,3923,976,187,3205.08,11591.76,2.6167
CAMP01625,2025-10-26,2025-11-03,Influencer,112476,5215,1034,245,6867.9,20585.62,1.9974
CAMP01626,2025-06-14,2025-06-28,Social,118368,3588,621,117,2074.87,8383.14,3.0403
CAMP01627,2025-09-12,2025-09-29,Search,26897,1340,278,66,1510.3,6786.69,3.4936
CAMP01628,2025-04-16,2025-04-25,Social,44067,771,97,14,624.13,1006.66,0.6129
CAMP01629,2025-11-16,2025-12-08,Influencer,178813,8162,1676,424,7408.0,39976.93,4.3965
CAMP01630,2025-03-23,2025-04-05,Influencer,39438,1510,283,65,1928.64,6887.07,2.5709
CAMP01631,2025-02-13,2025-02-22,Email,111701,7231,1784,324,6505.43,19933.95,2.0642
CAMP01632,2025-12-26,2026-01-03,Search,81244,5122,1203,314,6287.57,26966.14,3.2888
CAMP01633,2025-08-10,2025-08-16,Search,154526,5775,1051,209,8611.09,14983.75,0.7401
CAMP01634,2025-04-25,2025-05-03,Search,60741,3031,653,135,3908.66,10541.94,1.6971
CAMP01635,2025-11-08,2025-12-03,Search,103516,6472,1502,378,7869.83,26077.44,2.3136
CAMP01636,2025-12-27,2026-01-09,Email,102849,6120,1457,297,5085.9,22223.81,3.3697
CAMP01637,2025-06-14,2025-07-06,Display,24943,233,18,1,150.17,55.29,-0.6318
CAMP01638,2025-03-22,2025-04-08,Social,13848,319,42,8,305.13,559.66,0.8342
CAMP01639,2025-03-30,2025-04-24,Search,50480,2774,631,155,3347.14,10896.67,2.2555
CAMP01640,2025-11-21,2025-12-09,Display,42940,498,43,8,341.61,392.51,0.149
CAMP01641,2025-02-19,2025-03-02,Email,44769,3886,1078,250,3557.57,15624.08,3.3918
CAMP01642,2025-06-29,2025-07-16,Search,87769,5350,1256,317,7911.86,32398.2,3.0949
CAMP01643,2025-01-19,2025-02-06,Social,49002,1154,183,41,937.55,2201.68,1.3483
CAMP01644,2025-02-06,2025-02-28,Search,41125,2407,558,155,4493.12,11369.23,1.5304
CAMP01645,2025-02-27,2025-03-24,Search,46466,2748,640,144,3569.01,14622.81,3.0972
CAMP01646,2025-10-25,2025-11-09,Display,33114,510,57,14,345.89,807.17,1.3336
CAMP01647,2025-08-07,2025-08-31,Email,63837,5209,1394,273,4715.75,16037.72,2.4009
CAMP01648,2025-10-25,2025-11-16,Social,111824,4193,823,188,2681.76,12173.56,3.5394
CAMP01649,2025-12-04,2025-12-10,Email,79722,6272,1691,369,4368.4,19196.25,3.3943
CAMP01650,2025-01-18,2025-01-31,Influencer,79075,2720,447,108,3574.28,8468.51,1.3693
CAMP01651,2025-02-09,2025-02-26,Search,73376,4032,884,212,6126.57,14423.95,1.3543
CAMP01652,2025-04-14,2025-04-30,Influencer,77201,2190,365,74,2811.0,6908.24,1.4576
CAMP01653,2025-11-13,2025-11-24,Social,58369,1249,169,26,1077.12,2081.24,0.9322
CAMP01654,2025-05-01,2025-05-21,Influencer,75637,2731,516,108,3133.13,10051.73,2.2082
CAMP01655,2025-10-06,2025-10-30,Search,50823,3305,761,196,4642.15,17397.81,2.7478
CAMP01656,2025-04-20,2025-05-04,Search,56535,2716,612,132,3733.31,10575.22,1.8327
CAMP01657,2025-07-12,2025-07-25,Search,7043,348,84,24,514.63,1581.51,2.0731
CAMP01658,2025-10-16,2025-11-07,Influencer,70009,2745,536,142,3113.66,12987.57,3.1712
CAMP01659,2025-06-23,2025-07-10,Search,63832,3004,578,119,4604.75,10819.29,1.3496
CAMP01660,2025-11-17,2025-12-10,Search,50018,4168,1091,317,5525.88,24663.54,3.4633
CAMP01661,2025-09-01,2025-09-11,Social,149500,4735,864,181,3760.13,10736.46,1.8553
CAMP01662,2025-10-12,2025-10-18,Influencer,33328,1189,219,45,1282.29,2877.26,1.2438
CAMP01663,2025-10-19,2025-10-25,Social,49597,1329,222,45,1047.83,2445.61,1.334
CAMP01664,2025-12-02,2025-12-08,Search,42354,2319,517,127,3129.48,9188.02,1.936
CAMP01665,2025-11-06,2025-11-22,Email,19396,1406,381,78,1169.73,4948.1,3.2301
CAMP01666,2025-11-18,2025-12-05,Social,74411,1692,263,43,1386.56,2977.47,1.1474
CAMP01667,2025-11-24,2025-12-20,Email,15558,990,252,46,771.06,2979.44,2.8641
CAMP01668,2025-05-03,2025-05-19,Search,47564,2191,420,91,3059.99,7866.26,1.5707
CAMP01669,2025-09-03,2025-09-13,Email,17018,1490,438,90,1117.76,4721.69,3.2242
CAMP01670,2025-05-26,2025-06-14,Email,38317,2400,560,106,1959.77,9096.1,3.6414
CAMP01671,2025-05-29,2025-06-12,Search,169035,9355,2074,530,13567.11,61872.65,3.5605
CAMP01672,2025-03-30,2025-04-23,Social,35102,1218,198,34,907.41,2665.77,1.9378
CAMP01673,2025-09-08,2025-09-22,Display,76611,957,92,9,539.54,726.11,0.3458
CAMP01674,2025-06-18,2025-07-10,Search,69992,3245,680,156,4108.11,14270.73,2.4738
CAMP01675,2025-05-03,2025-05-12,Display,46698,616,72,10,387.91,570.32,0.4702
CAMP01676,2025-05-13,2025-05-22,Email,70884,4144,921,179,3641.78,9468.36,1.5999
CAMP01677,2025-11-15,2025-12-12,Search,121188,7005,1498,364,9997.9,28289.88,1.8296
CAMP01678,2025-10-02,2025-10-11,Social,54826,1375,200,34,1131.2,2541.65,1.2469
CAMP01679,2025-05-24,2025-06-09,Search,30522,1515,319,83,2272.06,6273.84,1.7613
CAMP01680,2025-06-17,2025-07-13,Email,135523,9928,2534,498,6145.29,41692.97,5.7845
CAMP01681,2025-06-24,2025-07-10,Display,40829,466,49,4,318.75,299.33,-0.0609
CAMP01682,2025-08-06,2025-08-25,Email,36813,2607,651,132,2523.5,8517.1,2.3751
CAMP01683,2025-03-28,2025-04-20,Influencer,83246,2784,473,94,2924.08,7205.01,1.464
CAMP01684,2025-03-22,2025-04-12,Search,21430,1114,251,63,1608.07,4456.57,1.7714
CAMP01685,2025-04-10,2025-04-23,Search,83103,3891,766,186,5603.26,14562.17,1.5989
CAMP01686,2025-06-29,2025-07-25,Social,39721,1787,372,93,1493.57,5162.53,2.4565
CAMP01687,2025-02-28,2025-03-27,Display,11597,228,29,6,144.47,386.47,1.6751
CAMP01688,2025-05-26,2025-06-04,Display,56833,691,73,7,422.97,383.96,-0.0922
CAMP01689,2025-05-03,2025-05-20,Search,43935,2711,624,165,3229.85,12615.89,2.906
CAMP01690,2025-11-08,2025-11-15,Search,60823,3338,735,189,4640.49,16943.21,2.6512
CAMP01691,2025-04-25,2025-05-15,Email,117682,6722,1480,276,4977.49,24665.39,3.9554
CAMP01692,2025-07-25,2025-07-31,Email,46834,3101,778,157,2693.65,11194.28,3.1558
CAMP01693,2025-12-17,2025-12-28,Search,88968,8791,2559,782,11013.56,73004.87,5.6286
CAMP01694,2025-07-01,2025-07-15,Search,23933,1326,291,60,1671.55,5373.25,2.2145
CAMP01695,2025-03-29,2025-04-12,Display,75758,623,49,4,353.81,321.96,-0.09
CAMP01696,2025-06-02,2025-06-14,Email,30766,2211,611,112,1870.68,6577.06,2.5159
CAMP01697,2025-02-01,2025-02-12,Influencer,48945,1631,282,62,1618.05,5092.43,2.1473
CAMP01698,2025-06-21,2025-07-10,Social,58029,2107,417,89,1918.68,8297.93,3.3248
CAMP01699,2025-02-28,2025-03-24,Search,28600,1638,353,92,1955.82,7303.51,2.7342
CAMP01700,2025-10-06,2025-10-23,Social,17820,427,56,8,370.93,622.32,0.6777
CAMP01701,2025-03-20,2025-04-02,Search,30441,1432,298,71,2188.22,7409.98,2.3863
CAMP01702,2025-12-02,2025-12-18,Email,59743,3516,766,156,2930.43,10703.47,2.6525
CAMP01703,2025-06-23,2025-07-04,Email,36434,2799,727,153,2117.33,10099.35,3.7699
CAMP01704,2025-02-14,2025-03-01,Search,132862,5500,1032,235,7784.09,19135.24,1.4583
CAMP01705,2025-01-29,2025-02-09,Influencer,50241,1447,224,40,1736.47,3130.3,0.8027
CAMP01706,2025-08-12,2025-09-03,Search,48305,2613,565,139,3976.85,14954.78,2.7605
CAMP01707,2025-04-02,2025-04-29,Social,29801,964,186,31,722.91,2095.45,1.8986
CAMP01708,2025-09-13,2025-09-19,Search,45545,2667,611,130,4418.35,10015.58,1.2668
CAMP01709,2025-10-29,2025-11-16,Social,58226,1431,245,38,1056.27,2128.53,1.0151
CAMP01710,2025-12-13,2026-01-01,Display,133986,1574,189,28,1046.72,1995.03,0.906
CAMP01711,2025-04-05,2025-04-13,Search,20092,1245,301,79,1954.18,5217.93,1.6701
CAMP01712,2025-08-16,2025-08-23,Email,47224,3548,952,186,2999.92,9742.61,2.2476
CAMP01713,2025-05-12,2025-05-31,Social,69392,2129,378,73,1581.49,5975.87,2.7786
CAMP01714,2025-07-08,2025-07-25,Search,56922,3864,935,231,5097.68,16535.86,2.2438
CAMP01715,2025-01-25,2025-02-21,Social,58344,1468,258,44,1159.59,3497.8,2.0164
CAMP01716,2025-06-25,2025-07-14,Influencer,35667,1147,179,35,1434.63,2723.87,0.8987
CAMP01717,2025-06-24,2025-07-17,Display,24965,306,14,3,204.62,189.43,-0.0742
CAMP01718,2025-04-08,2025-04-18,Social,24238,643,103,21,494.42,1586.26,2.2083
CAMP01719,2025-04-02,2025-04-26,Search,50533,2803,633,144,3881.62,12135.16,2.1263
CAMP01720,2025-02-22,2025-03-04,Search,86871,3894,767,176,6302.08,17985.96,1.854
CAMP01721,2025-12-14,2026-01-07,Display,38270,455,46,5,282.01,481.06,0.7058
CAMP01722,2025-09-16,2025-10-12,Display,66240,714,64,12,422.27,1029.06,1.437
CAMP01723,2025-03-07,2025-03-19,Display,49881,647,73,10,431.28,811.81,0.8823
CAMP01724,2025-11-21,2025-12-05,Email,54389,3941,1021,218,3540.32,14372.01,3.0595
CAMP01725,2025-05-05,2025-05-15,Search,45221,3070,739,204,3437.03,14621.44,3.2541
CAMP01726,2025-03-06,2025-04-02,Social,72739,1463,220,34,1316.77,2294.48,0.7425
CAMP01727,2025-02-26,2025-03-16,Social,45612,871,110,15,641.44,1380.87,1.1528
CAMP01728,2025-10-18,2025-10-27,Search,61018,3975,940,249,6363.66,19567.26,2.0748
CAMP01729,2025-09-18,2025-10-08,Email,30516,2162,563,115,1598.85,7590.29,3.7473
CAMP01730,2025-02-10,2025-02-22,Social,59750,1313,200,37,980.77,2658.89,1.711
CAMP01731,2025-06-08,2025-07-03,Search,64627,3040,616,149,4028.47,12356.1,2.0672
CAMP01732,2025-07-13,2025-07-31,Search,115583,5500,1123,242,9498.96,22012.37,1.3173
CAMP01733,2025-04-29,2025-05-05,Search,80367,5428,1372,325,8231.72,24183.21,1.9378
CAMP01734,2025-07-29,2025-08-13,Display,88560,1001,107,10,612.0,727.55,0.1888
CAMP01735,2025-04-28,2025-05-23,Email,110123,7339,1816,345,5644.91,19525.46,2.4589
CAMP01736,2025-04-25,2025-05-06,Social,23583,450,66,8,418.41,462.3,0.1049
CAMP01737,2025-08-11,2025-08-18,Email,33292,2181,531,106,1528.92,5309.1,2.4725
CAMP01738,2025-05-15,2025-06-09,Email,56685,4161,1093,243,3034.48,16886.32,4.5648
CAMP01739,2025-05-25,2025-06-04,Search,58959,4014,947,246,5131.66,21329.97,3.1565
CAMP01740,2025-05-06,2025-05-26,Email,75114,5526,1400,291,4361.12,19873.29,3.5569
CAMP01741,2025-07-10,2025-07-31,Influencer,48017,1406,228,48,1569.24,3604.78,1.2972
CAMP01742,2025-06-22,2025-07-08,Display,59189,469,31,7,316.91,408.5,0.289
CAMP01743,2025-03-26,2025-04-12,Social,55912,1421,206,33,1125.98,1764.01,0.5666
CAMP01744,2025-09-30,2025-10-19,Display,14670,231,25,5,191.37,269.73,0.4095
CAMP01745,2025-11-08,2025-11-29,Search,32421,1463,278,70,1732.79,5881.66,2.3943
CAMP01746,2025-02-11,2025-02-25,Display,42062,515,57,11,357.09,653.66,0.8305
CAMP01747,2025-09-13,2025-10-09,Display,78628,770,68,11,463.07,646.91,0.397
CAMP01748,2025-05-29,2025-06-14,Social,147660,5480,1113,242,4859.79,14978.08,2.082
CAMP01749,2025-07-25,2025-08-07,Influencer,62757,1993,351,75,1897.54,6349.76,2.3463
CAMP01750,2025-10-11,2025-10-21,Search,20186,898,183,39,1173.82,2920.6,1.4881
CAMP01751,2025-06-09,2025-06-21,Search,101927,5780,1280,315,8262.98,28546.09,2.4547
CAMP01752,2025-08-05,2025-08-29,Influencer,58870,1633,263,55,1789.14,5252.47,1.9358
CAMP01753,2025-05-10,2025-05-22,Email,74476,4169,884,167,3592.65,10244.41,1.8515
CAMP01754,2025-10-31,2025-11-27,Influencer,134632,4694,889,175,5052.93,16408.78,2.2474
CAMP01755,2025-04-23,2025-05-18,Email,44589,4027,1128,233,3634.61,15519.54,3.2699
CAMP01756,2025-02-12,2025-02-23,Email,41351,2728,638,132,1912.0,7784.61,3.0714
CAMP01757,2025-01-11,2025-01-28,Display,72409,771,73,10,542.94,625.84,0.1527
CAMP01758,2025-09-27,2025-10-16,Email,41501,2027,423,75,1675.5,4873.79,1.9089
CAMP01759,2025-12-08,2026-01-04,Search,88172,5718,1321,323,7976.43,21753.32,1.7272
CAMP01760,2025-09-07,2025-09-24,Email,52898,3583,851,164,2794.04,8936.88,2.1986
CAMP01761,2025-04-05,2025-04-16,Search,64648,3046,621,115,4001.26,7521.11,0.8797
CAMP01762,2025-05-10,2025-05-17,Influencer,36999,1615,323,69,1890.95,7718.06,3.0816
CAMP01763,2025-08-03,2025-08-12,Display,148924,1323,126,16,1090.25,1102.24,0.011
CAMP01764,2025-12-16,2025-12-25,Search,65257,4644,1200,326,5575.08,27922.79,4.0085
CAMP01765,2025-04-16,2025-05-10,Email,44829,2616,571,107,2047.68,6648.98,2.2471
CAMP01766,2025-05-17,2025-06-11,Display,65901,963,114,19,486.07,1036.21,1.1318
CAMP01767,2025-06-15,2025-07-02,Search,87431,4057,819,180,5199.68,15217.48,1.9266
CAMP01768,2025-12-03,2025-12-18,Search,74410,3507,688,140,5372.25,9768.63,0.8183
CAMP01769,2025-08-04,2025-08-13,Search,30043,1768,376,87,2605.72,7023.6,1.6955
CAMP01770,2025-01-06,2025-01-20,Influencer,57928,2045,367,79,3173.7,7017.59,1.2112
CAMP01771,2025-12-29,2026-01-16,Social,55785,1620,280,53,1380.17,4019.53,1.9123
CAMP01772,2025-12-12,2025-12-24,Search,60316,2965,610,125,4474.76,9094.84,1.0325
CAMP01773,2025-08-09,2025-09-03,Search,21726,1142,227,54,1304.8,5020.45,2.8477
CAMP01774,2025-11-21,2025-12-03,Search,55567,3216,729,174,5164.94,16309.14,2.1577
CAMP01775,2025-04-18,2025-04-26,Social,25132,420,63,10,355.18,754.77,1.125
CAMP01776,2025-04-03,2025-04-25,Search,86314,4360,920,222,7099.14,16280.16,1.2933
CAMP01777,2025-12-17,2025-12-28,Social,31400,731,107,16,564.97,928.51,0.6435
CAMP01778,2025-05-01,2025-05-22,Influencer,43331,1464,245,51,1428.63,6107.93,3.2754
CAMP01779,2025-05-12,2025-05-24,Social,16291,389,71,15,262.39,986.57,2.7599
CAMP01780,2025-03-18,2025-04-08,Search,80211,3991,849,190,6016.15,19293.63,2.207
CAMP01781,2025-07-16,2025-07-28,Search,65302,3687,824,192,5599.4,14235.72,1.5424
CAMP01782,2025-01-26,2025-02-21,Search,22238,866,166,28,1298.09,2504.93,0.9297
CAMP01783,2025-09-30,2025-10-15,Social,42716,967,148,24,814.56,1487.04,0.8256
CAMP01784,2025-04-19,2025-04-25,Search,33528,1695,347,76,2556.97,5568.36,1.1777
CAMP01785,2025-03-18,2025-03-26,Search,41075,2354,504,119,3904.33,9633.24,1.4673
CAMP01786,2025-01-10,2025-02-01,Display,76026,776,80,11,523.73,824.13,0.5736
CAMP01787,2025-04-22,2025-05-09,Social,24792,496,85,9,301.18,629.98,1.0917
CAMP01788,2025-05-04,2025-05-25,Display,107980,974,100,14,598.43,810.19,0.3539
CAMP01789,2025-01-27,2025-02-05,Email,84803,6092,1538,296,6235.75,17466.33,1.801
CAMP01790,2025-09-25,2025-10-12,Search,15337,676,142,28,1111.34,2459.98,1.2135
CAMP01791,2025-06-07,2025-07-02,Social,39880,1189,194,36,878.98,3116.19,2.5452
CAMP01792,2025-10-12,2025-11-04,Email,62694,4605,1222,221,3965.48,13584.65,2.4257
CAMP01793,2025-09-20,2025-09-26,Search,38213,1682,319,63,2388.15,4960.34,1.0771
CAMP01794,2025-09-24,2025-10-20,Display,72580,826,80,12,477.91,861.09,0.8018
CAMP01795,2025-05-06,2025-06-01,Influencer,53335,2249,477,117,2477.44,9077.79,2.6642
CAMP01796,2025-03-14,2025-04-02,Display,51091,580,45,4,373.63,237.14,-0.3653
CAMP01797,2025-08-08,2025-09-02,Influencer,112039,4489,883,207,4827.55,19419.08,3.0226
CAMP01798,2025-09-21,2025-09-30,Social,28956,693,95,17,509.91,1240.3,1.4324
CAMP01799,2025-07-11,2025-07-19,Search,70214,4239,970,235,6423.46,15354.41,1.3904
CAMP01800,2025-04-28,2025-05-17,Display,80519,566,50,4,414.29,203.35,-0.5092
CAMP01801,2025-10-22,2025-11-02,Display,106493,1357,167,22,877.5,1671.93,0.9053
CAMP01802,2025-12-13,2025-12-25,Search,48901,1860,330,73,2326.32,5266.13,1.2637
CAMP01803,2025-11-26,2025-12-11,Influencer,89671,2615,428,93,3479.66,6310.57,0.8136
CAMP01804,2025-08-15,2025-08-22,Influencer,30012,958,171,39,1187.13,4389.08,2.6972
CAMP01805,2025-06-16,2025-06-25,Email,61051,4985,1361,310,3427.63,21568.6,5.2926
CAMP01806,2025-03-07,2025-03-26,Email,28784,1708,369,65,1249.51,5053.07,3.044
CAMP01807,2025-02-10,2025-02-24,Email,81965,6139,1533,302,5360.87,24906.72,3.646
CAMP01808,2025-06-30,2025-07-13,Social,25900,604,84,12,505.03,782.33,0.5491
CAMP01809,2025-10-30,2025-11-22,Search,130294,10110,2535,734,12799.06,65250.19,4.098
CAMP01810,2025-06-23,2025-07-01,Search,88499,3695,695,163,5344.59,14330.22,1.6813
CAMP01811,2025-08-09,2025-08-21,Influencer,78154,4061,878,229,4385.03,24204.72,4.5199
CAMP01812,2025-07-20,2025-08-07,Social,49211,1238,192,30,1010.65,2247.56,1.2239
CAMP01813,2025-02-26,2025-03-17,Influencer,41728,1630,301,65,1712.32,6322.51,2.6924
CAMP01814,2025-06-08,2025-07-04,Social,38075,1024,172,34,938.1,2282.57,1.4332
CAMP01815,2025-08-27,2025-09-06,Email,83368,5341,1288,208,4745.64,14740.61,2.1061
CAMP01816,2025-06-18,2025-06-26,Display,35525,391,34,3,250.36,186.32,-0.2558
CAMP01817,2025-03-24,2025-04-19,Search,60070,3051,698,167,4098.28,10140.06,1.4742
CAMP01818,2025-11-22,2025-12-07,Influencer,27860,1168,235,60,1503.0,4752.73,2.1622
CAMP01819,2025-07-18,2025-08-03,Email,78333,6781,1845,418,5160.31,31492.1,5.1028
CAMP01820,2025-04-22,2025-05-14,Email,45470,2814,642,118,2392.51,9793.1,3.0932
CAMP01821,2025-05-27,2025-06-16,Social,51358,1424,235,53,965.73,4197.18,3.3461
CAMP01822,2025-07-09,2025-07-20,Email,55096,4421,1102,222,4015.49,16394.68,3.0829
CAMP01823,2025-11-26,2025-12-17,Email,57596,3609,857,164,2266.0,9653.66,3.2602
CAMP01824,2025-12-04,2025-12-11,Email,79070,7298,2069,520,5412.65,24645.7,3.5534
CAMP01825,2025-12-19,2026-01-09,Search,100603,5777,1327,327,7420.27,23304.72,2.1407
CAMP01826,2025-08-16,2025-09-11,Social,27117,622,92,12,486.37,797.58,0.6399
CAMP01827,2025-12-22,2026-01-09,Social,80183,2124,374,58,1693.21,4540.81,1.6818
CAMP01828,2025-04-29,2025-05-23,Email,85477,4383,937,152,3270.11,10767.92,2.2928
CAMP01829,2025-06-02,2025-06-12,Email,65840,4088,945,187,2845.71,10914.15,2.8353
CAMP01830,2025-04-07,2025-04-24,Search,118023,8713,2210,593,14344.17,43610.17,2.0403
CAMP01831,2025-11-16,2025-11-27,Email,61048,4208,1005,184,3597.98,12205.65,2.3924
CAMP01832,2025-01-03,2025-01-21,Display,79515,1000,101,11,666.82,832.56,0.2486
CAMP01833,2025-05-30,2025-06-11,Social,66054,1529,234,31,1259.7,2935.4,1.3302
CAMP01834,2025-07-22,2025-08-07,Search,52889,2481,488,111,3319.58,10851.5,2.2689
CAMP01835,2025-11-25,2025-12-16,Search,41730,1988,428,87,2182.09,7122.53,2.2641
CAMP01836,2025-02-15,2025-03-14,Social,107062,4218,852,201,3801.83,12103.54,2.1836
CAMP01837,2025-10-07,2025-10-17,Email,48702,3155,798,158,2428.84,8741.87,2.5992
CAMP01838,2025-08-12,2025-08-29,Email,99526,6780,1694,346,5085.77,23692.71,3.6586
CAMP01839,2025-08-20,2025-09-07,Social,26412,589,80,13,554.11,804.21,0.4514
CAMP01840,2025-11-28,2025-12-24,Email,72956,4528,1082,206,3017.02,10059.67,2.3343
CAMP01841,2025-05-11,2025-05-23,Email,28967,1878,463,89,1555.5,4789.49,2.0791
CAMP01842,2025-04-11,2025-05-07,Email,72078,5779,1561,330,5035.79,16818.2,2.3397
CAMP01843,2025-06-14,2025-06-23,Social,83951,1499,181,25,1173.59,1574.06,0.3412
CAMP01844,2025-10-11,2025-11-04,Search,55787,2680,571,133,4058.21,10145.99,1.5001
CAMP01845,2025-11-04,2025-11-29,Social,105911,3289,604,108,3457.2,8699.29,1.5163
CAMP01846,2025-02-19,2025-03-04,Display,39882,395,35,4,319.29,227.42,-0.2877
CAMP01847,2025-05-05,2025-05-13,Email,43656,3987,1098,266,3075.68,16350.69,4.3161
CAMP01848,2025-06-18,2025-07-14,Search,21787,1123,224,49,1459.54,3100.99,1.1246
CAMP01849,2025-04-09,2025-05-06,Social,27438,461,63,11,384.27,745.41,0.9398
CAMP01850,2025-09-26,2025-10-14,Social,43393,1313,236,45,1198.15,3298.63,1.7531
CAMP01851,2025-10-23,2025-10-30,Display,23561,210,14,1,114.75,58.35,-0.4915
CAMP01852,2025-11-28,2025-12-19,Search,65030,3583,772,205,5600.81,16688.92,1.9797
CAMP01853,2025-05-15,2025-06-07,Social,93138,2407,400,71,2133.31,4480.18,1.1001
CAMP01854,2025-12-08,2025-12-14,Email,37333,2754,682,145,2134.65,8100.55,2.7948
CAMP01855,2025-02-12,2025-03-01,Search,44366,2305,491,109,2501.09,9705.31,2.8804
CAMP01856,2025-01-02,2025-01-15,Social,36150,1089,200,39,902.7,3183.75,2.5269
CAMP01857,2025-06-02,2025-06-28,Social,23890,492,70,11,346.85,1005.75,1.8997
CAMP01858,2025-10-30,2025-11-06,Display,99966,1527,173,30,1007.22,1366.18,0.3564
CAMP01859,2025-06-21,2025-07-16,Email,25186,1529,349,77,982.97,5504.66,4.6
CAMP01860,2025-04-01,2025-04-20,Email,69260,4896,1197,249,4467.37,15319.5,2.4292
CAMP01861,2025-09-12,2025-10-07,Search,80613,3829,782,171,5414.6,15527.36,1.8677
CAMP01862,2025-12-29,2026-01-21,Social,24566,501,59,7,354.49,438.95,0.2383
CAMP01863,2025-08-13,2025-09-06,Email,106873,6470,1475,273,5707.17,18809.47,2.2958
CAMP01864,2025-11-06,2025-11-17,Search,100198,4040,752,153,5828.87,10093.31,0.7316
CAMP01865,2025-05-01,2025-05-27,Influencer,5805,201,31,5,223.77,399.96,0.7874
CAMP01866,2025-10-16,2025-10-24,Display,69245,635,48,6,370.52,348.39,-0.0597
CAMP01867,2025-08-11,2025-08-17,Display,113342,1426,151,21,948.62,1417.58,0.4944
CAMP01868,2025-01-23,2025-02-03,Social,122464,3933,690,159,3501.42,10895.87,2.1118
CAMP01869,2025-06-05,2025-06-14,Email,60640,4189,1034,214,3819.9,17608.57,3.6097
CAMP01870,2025-07-26,2025-08-01,Display,64928,1008,90,16,570.3,966.66,0.695
CAMP01871,2025-03-13,2025-03-23,Influencer,30243,821,127,27,916.97,1899.88,1.0719
CAMP01872,2025-10-08,2025-10-30,Display,58998,658,55,7,496.98,384.76,-0.2258
CAMP01873,2025-03-15,2025-04-10,Search,35766,1842,401,90,2262.72,6137.99,1.7127
CAMP01874,2025-08-30,2025-09-23,Display,75030,1007,110,14,696.18,743.34,0.0677
CAMP01875,2025-06-04,2025-06-25,Email,89822,8908,2665,649,6404.4,34200.25,4.3401
CAMP01876,2025-12-16,2026-01-03,Search,85108,4515,980,260,5548.86,20986.99,2.7822
CAMP01877,2025-10-23,2025-11-13,Search,34254,1556,333,61,2244.8,4779.04,1.1289
CAMP01878,2025-10-29,2025-11-20,Influencer,36312,1568,302,79,1823.38,6625.37,2.6336
CAMP01879,2025-02-17,2025-03-06,Social,66241,2394,470,97,1761.09,6497.85,2.6897
CAMP01880,2025-08-25,2025-09-08,Display,79272,1063,126,22,600.49,1296.88,1.1597
CAMP01881,2025-06-15,2025-07-12,Email,53404,4552,1265,281,3450.12,17739.34,4.1417
CAMP01882,2025-04-07,2025-05-04,Search,47664,3091,711,163,4073.81,12829.14,2.1492
CAMP01883,2025-04-07,2025-04-16,Social,42159,1170,202,45,939.68,2818.67,1.9996
CAMP01884,2025-12-21,2026-01-17,Search,35966,1371,262,49,2197.89,4575.21,1.0816
CAMP01885,2025-05-28,2025-06-13,Search,20448,1507,376,110,2143.18,9212.37,3.2985
CAMP01886,2025-07-25,2025-08-10,Social,82528,3097,625,137,2787.52,9019.4,2.2356
CAMP01887,2025-01-24,2025-02-14,Social,52708,1151,153,23,1185.89,1600.65,0.3497
CAMP01888,2025-03-21,2025-03-30,Search,26183,1323,282,64,1905.45,5537.58,1.9062
CAMP01889,2025-09-23,2025-10-07,Search,74485,4129,920,206,5670.81,21433.12,2.7796
CAMP01890,2025-03-29,2025-04-25,Display,123603,1507,134,20,992.47,1037.13,0.045
CAMP01891,2025-05-31,2025-06-10,Social,80608,2074,355,70,1763.92,4576.92,1.5947
CAMP01892,2025-11-28,2025-12-04,Search,90657,5506,1340,297,7206.06,20635.79,1.8637
CAMP01893,2025-03-17,2025-03-29,Display,61093,680,63,8,517.66,529.67,0.0232
CAMP01894,2025-02-27,2025-03-17,Email,47961,4026,1117,255,3245.89,17768.08,4.474
CAMP01895,2025-04-14,2025-04-21,Display,19881,187,17,1,127.69,70.77,-0.4458
CAMP01896,2025-04-08,2025-04-19,Display,73305,987,100,11,656.59,694.95,0.0584
CAMP01897,2025-09-30,2025-10-08,Search,17828,1053,238,62,1704.69,4532.31,1.6587
CAMP01898,2025-03-08,2025-03-30,Social,23648,630,96,24,419.63,1405.66,2.3498
CAMP01899,2025-05-09,2025-05-22,Display,104033,1362,141,20,878.36,1224.89,0.3945
CAMP01900,2025-06-15,2025-06-27,Influencer,60688,2302,418,97,2384.26,6740.68,1.8272
CAMP01901,2025-08-28,2025-09-20,Social,56766,1268,202,40,1085.11,2386.94,1.1997
CAMP01902,2025-08-16,2025-09-01,Social,62814,1462,202,33,978.05,1960.8,1.0048
CAMP01903,2025-03-17,2025-03-23,Influencer,62715,1743,263,58,1977.51,4568.08,1.31
CAMP01904,2025-11-08,2025-12-05,Search,69630,5065,1252,360,6363.5,29807.19,3.6841
CAMP01905,2025-04-21,2025-05-13,Social,31431,646,108,21,546.18,1609.35,1.9466
CAMP01906,2025-01-26,2025-02-01,Social,33593,914,164,36,734.8,2339.99,2.1845
CAMP01907,2025-06-23,2025-07-16,Email,27077,1688,402,69,1273.07,4484.44,2.5225
CAMP01908,2025-08-27,2025-09-08,Social,46297,1329,246,52,1255.74,4106.18,2.2699
CAMP01909,2025-12-22,2026-01-01,Email,38645,2458,556,95,1486.24,6877.55,3.6275
CAMP01910,2025-10-26,2025-11-21,Search,34920,2882,787,255,3783.87,18323.6,3.8426
CAMP01911,2025-02-28,2025-03-25,Email,106141,8380,2252,483,8099.06,31825.89,2.9296
CAMP01912,2025-06-11,2025-06-17,Search,27863,1734,386,89,2913.18,6668.46,1.2891
CAMP01913,2025-09-07,2025-09-25,Social,55551,1293,173,31,1084.27,2451.96,1.2614
CAMP01914,2025-01-18,2025-02-08,Influencer,14663,424,60,7,472.79,635.61,0.3444
CAMP01915,2025-06-16,2025-06-24,Search,48908,2252,463,112,3495.48,8724.45,1.4959
CAMP01916,2025-10-22,2025-10-28,Influencer,104516,4094,765,204,4567.32,25544.91,4.593
CAMP01917,2025-01-19,2025-02-07,Search,113056,5264,1090,240,7607.33,16167.11,1.1252
CAMP01918,2025-11-06,2025-11-20,Search,25807,1576,400,119,1941.28,8960.33,3.6157
CAMP01919,2025-09-28,2025-10-25,Email,54287,3363,772,161,2760.35,8574.0,2.1061
CAMP01920,2025-06-28,2025-07-04,Email,82844,5961,1473,301,5827.85,18059.49,2.0988
CAMP01921,2025-04-11,2025-04-29,Display,74876,724,68,9,460.97,502.86,0.0909
CAMP01922,2025-04-27,2025-05-18,Social,75900,1897,305,57,1654.28,4405.03,1.6628
CAMP01923,2025-09-11,2025-09-25,Search,80242,3501,678,140,5253.22,7349.44,0.399
CAMP01924,2025-11-15,2025-11-25,Search,40296,2247,489,131,2996.07,10145.21,2.3862
CAMP01925,2025-04-01,2025-04-07,Display,49690,528,58,7,409.63,511.57,0.2489
CAMP01926,2025-10-07,2025-10-13,Social,50878,1127,165,32,842.68,1695.76,1.0123
CAMP01927,2025-05-03,2025-05-25,Social,58220,1313,222,42,1171.17,2473.17,1.1117
CAMP01928,2025-09-11,2025-10-06,Search,39272,2284,504,124,3461.76,8717.46,1.5182
CAMP01929,2025-04-24,2025-05-11,Social,88099,1720,228,31,1640.63,1695.53,0.0335
CAMP01930,2025-12-19,2026-01-03,Email,129162,8087,1925,375,6940.23,21325.23,2.0727
CAMP01931,2025-03-24,2025-04-11,Search,83430,2634,452,95,3857.54,6639.95,0.7213
CAMP01932,2025-05-06,2025-05-28,Email,41505,3892,1108,265,3006.42,19403.72,5.4541
CAMP01933,2025-10-01,2025-10-20,Social,41126,1211,209,48,1023.07,3896.42,2.8086
CAMP01934,2025-07-04,2025-07-14,Social,82432,2205,349,69,1985.57,4691.89,1.363
CAMP01935,2025-09-13,2025-09-21,Email,36294,2759,698,130,2304.5,8093.9,2.5122
CAMP01936,2025-11-14,2025-11-22,Email,120136,8268,2030,436,7064.05,33835.31,3.7898
CAMP01937,2025-07-21,2025-08-03,Email,139876,12122,3426,730,9296.23,61239.19,5.5875
CAMP01938,2025-01-01,2025-01-13,Email,132018,8656,2027,391,7360.35,23396.47,2.1787
CAMP01939,2025-12-20,2026-01-15,Display,122230,1290,132,15,783.35,879.82,0.1232
CAMP01940,2025-04-17,2025-05-05,Social,31592,708,107,20,556.31,1619.93,1.9119
CAMP01941,2025-12-27,2026-01-06,Email,48998,4149,1123,252,3696.98,18824.51,4.0919
CAMP01942,2025-03-28,2025-04-12,Search,68026,3862,884,234,5137.6,18566.57,2.6139
CAMP01943,2025-12-10,2026-01-06,Search,158645,10233,2393,601,14103.06,54768.93,2.8835
CAMP01944,2025-11-19,2025-12-01,Display,84380,1096,112,22,733.71,1258.01,0.7146
CAMP01945,2025-05-08,2025-06-04,Search,80327,6410,1722,489,8924.44,52321.59,4.8627
CAMP01946,2025-03-27,2025-04-23,Social,22361,435,65,10,325.97,721.26,1.2127
CAMP01947,2025-03-24,2025-04-10,Search,22293,1055,215,42,1540.53,3272.84,1.1245
CAMP01948,2025-04-21,2025-05-06,Search,55475,2784,558,132,3499.35,9846.16,1.8137
CAMP01949,2025-01-17,2025-02-08,Display,89028,1166,124,22,749.84,1611.34,1.1489
CAMP01950,2025-06-24,2025-07-15,Social,50755,1318,244,51,1012.63,4056.9,3.0063
CAMP01951,2025-07-20,2025-08-13,Search,59870,3401,762,185,4322.92,15523.33,2.5909
CAMP01952,2025-01-18,2025-02-04,Influencer,13519,459,75,10,414.6,922.63,1.2253
CAMP01953,2025-08-17,2025-09-02,Display,104798,1171,101,13,805.22,677.1,-0.1591
CAMP01954,2025-03-20,2025-04-16,Social,83182,2282,374,76,1517.66,6451.12,3.2507
CAMP01955,2025-04-20,2025-05-17,Email,116796,8813,2289,452,6052.03,33850.8,4.5933
CAMP01956,2025-09-16,2025-10-09,Search,46320,3462,890,227,4632.94,16330.34,2.5248
CAMP01957,2025-08-05,2025-08-28,Email,11812,917,238,49,727.87,3609.35,3.9588
CAMP01958,2025-03-25,2025-04-21,Social,43999,1286,221,42,1147.8,2812.87,1.4507
CAMP01959,2025-03-10,2025-03-22,Search,63844,3032,627,132,3426.98,11747.49,2.4279
CAMP01960,2025-06-19,2025-07-13,Display,73249,907,95,13,531.84,769.58,0.447
CAMP01961,2025-05-23,2025-06-02,Influencer,27095,845,120,23,864.76,1918.7,1.2188
CAMP01962,2025-12-10,2025-12-29,Display,37803,512,56,14,376.9,1183.74,2.1407
CAMP01963,2025-10-01,2025-10-11,Search,26338,2004,500,124,2718.51,10518.29,2.8691
CAMP01964,2025-12-24,2026-01-03,Search,20107,1291,331,89,1595.83,9091.38,4.697
CAMP01965,2025-12-05,2025-12-29,Search,18360,1103,266,62,1549.07,4750.3,2.0665
CAMP01966,2025-01-30,2025-02-08,Social,90362,1997,301,53,1330.33,4343.04,2.2646
CAMP01967,2025-03-30,2025-04-15,Search,57516,3013,671,172,5245.13,15676.45,1.9888
CAMP01968,2025-10-04,2025-10-13,Email,297534,23657,6328,1349,22976.09,100373.63,3.3686
CAMP01969,2025-11-15,2025-11-23,Search,12572,809,191,49,1180.71,3576.6,2.0292
CAMP01970,2025-10-02,2025-10-27,Social,62160,1290,179,32,1223.29,2012.14,0.6449
CAMP01971,2025-02-06,2025-02-20,Social,22105,474,87,11,351.73,780.59,1.2193
CAMP01972,2025-01-05,2025-01-24,Social,172817,2802,380,61,2216.72,3356.21,0.514
CAMP01973,2025-03-08,2025-03-28,Search,26760,1605,364,81,1975.7,6139.13,2.1073
CAMP01974,2025-12-01,2025-12-21,Social,82770,2352,399,79,1883.54,7944.08,3.2176
CAMP01975,2025-12-20,2026-01-07,Influencer,62361,1804,304,62,1520.6,5131.5,2.3747
CAMP01976,2025-05-24,2025-06-07,Influencer,59359,2226,451,102,2221.65,8774.72,2.9496
CAMP01977,2025-08-28,2025-09-03,Influencer,68434,2134,325,64,2306.64,6013.34,1.607
CAMP01978,2025-03-06,2025-03-22,Display,44314,469,38,5,334.09,339.42,0.016
CAMP01979,2025-10-31,2025-11-22,Social,106810,3410,588,110,2400.95,9603.17,2.9997
CAMP01980,2025-04-21,2025-04-28,Search,122157,7481,1702,450,11455.12,38893.99,2.3953
CAMP01981,2025-06-01,2025-06-10,Influencer,63916,1833,290,59,2227.57,4930.04,1.2132
CAMP01982,2025-03-22,2025-03-30,Search,25250,1265,250,58,1800.32,5194.99,1.8856
CAMP01983,2025-10-20,2025-10-27,Email,50690,3891,1004,210,3170.56,16190.4,4.1065
CAMP01984,2025-08-20,2025-08-26,Influencer,67370,2987,583,141,3432.8,12398.12,2.6117
CAMP01985,2025-10-24,2025-10-31,Influencer,70490,2200,372,92,2485.01,8045.81,2.2377
CAMP01986,2025-07-23,2025-08-01,Email,76222,5548,1443,273,5336.85,20808.99,2.8991
CAMP01987,2025-03-15,2025-03-27,Influencer,86099,3222,556,125,3540.65,9428.2,1.6628
CAMP01988,2025-11-10,2025-11-21,Search,25099,1288,285,65,1698.94,4324.23,1.5453
CAMP01989,2025-12-03,2025-12-25,Search,83432,3847,771,171,6010.96,13122.12,1.183
CAMP01990,2025-07-09,2025-08-05,Search,58280,3171,689,151,4312.89,11602.3,1.6901
CAMP01991,2025-06-28,2025-07-14,Social,107918,2207,328,55,2109.21,2659.33,0.2608
CAMP01992,2025-03-25,2025-04-10,Search,70462,5196,1381,386,7184.53,27134.74,2.7768
CAMP01993,2025-01-14,2025-02-05,Social,43128,1091,165,30,1145.72,1916.72,0.6729
CAMP01994,2025-06-01,2025-06-15,Email,114187,6525,1498,254,4757.42,16215.52,2.4085
CAMP01995,2025-09-02,2025-09-24,Email,61856,3519,814,144,2443.45,10579.73,3.3298
CAMP01996,2025-06-29,2025-07-16,Display,50910,589,54,9,333.72,689.0,1.0646
CAMP01997,2025-04-16,2025-05-05,Social,50461,1370,225,41,1028.21,2800.7,1.7239
CAMP01998,2025-12-24,2026-01-15,Email,15465,913,204,38,884.95,2222.16,1.5111
CAMP01999,2025-05-16,2025-06-02,Search,86767,4434,985,227,7509.89,17708.37,1.358
CAMP02000,2025-10-21,2025-10-30,Display,44637,529,53,8,359.86,616.46,0.7131
CAMP02001,2025-11-03,2025-11-15,Social,66022,1979,354,66,1443.14,5462.18,2.7849
CAMP02002,2025-02-11,2025-03-08,Influencer,51973,2271,437,93,2615.31,6359.32,1.4316
CAMP02003,2025-08-26,2025-09-06,Search,72113,3899,875,197,4911.14,15716.76,2.2002
CAMP02004,2025-08-25,2025-09-11,Influencer,116190,2715,428,73,3536.71,5517.32,0.56
CAMP02005,2025-09-18,2025-10-06,Influencer,56350,1795,275,58,2187.42,4781.29,1.1858
CAMP02006,2025-03-25,2025-04-17,Influencer,35620,1209,235,55,1361.69,3708.96,1.7238
CAMP02007,2025-10-08,2025-10-17,Email,95173,6119,1469,272,4049.31,19132.26,3.7248
CAMP02008,2025-05-18,2025-05-27,Display,93851,1205,132,29,786.09,2064.8,1.6267
CAMP02009,2025-01-10,2025-01-27,Social,25664,585,87,18,499.8,977.01,0.9548
CAMP02010,2025-10-10,2025-10-28,Display,29433,289,30,2,176.47,144.88,-0.179
CAMP02011,2025-06-08,2025-06-20,Search,127859,4695,872,173,6237.94,12214.29,0.9581
CAMP02012,2025-04-14,2025-04-27,Display,48102,474,54,8,300.1,511.6,0.7048
CAMP02013,2025-05-12,2025-05-26,Search,36081,1660,330,75,2119.95,5698.15,1.6879
CAMP02014,2025-09-12,2025-10-05,Search,57542,3367,796,199,4742.54,22646.44,3.7752
CAMP02015,2025-09-17,2025-09-30,Email,42106,3193,847,166,2406.95,10169.2,3.2249
CAMP02016,2025-10-30,2025-11-25,Search,26604,1779,429,123,2114.99,10570.42,3.9979
CAMP02017,2025-06-07,2025-06-25,Search,95163,4339,863,201,6526.75,17871.71,1.7382
CAMP02018,2025-08-17,2025-08-28,Social,77536,2361,402,102,2091.91,7468.25,2.5701
CAMP02019,2025-04-24,2025-05-03,Social,40034,986,143,22,867.76,1426.94,0.6444
CAMP02020,2025-02-15,2025-02-25,Display,73327,748,78,13,512.57,885.56,0.7277
CAMP02021,2025-02-22,2025-03-14,Influencer,45405,1829,376,102,2563.32,7001.52,1.7314
CAMP02022,2025-09-17,2025-09-28,Search,80956,5091,1223,296,6767.24,24873.68,2.6756
CAMP02023,2025-01-25,2025-02-11,Display,37392,569,65,13,342.6,879.22,1.5663
CAMP02024,2025-12-14,2025-12-27,Search,56844,2642,524,120,3889.52,10095.84,1.5957
CAMP02025,2025-11-12,2025-11-25,Social,57172,1120,162,28,849.91,2086.32,1.4548
CAMP02026,2025-05-08,2025-05-14,Search,55833,3694,893,229,3979.25,21903.99,4.5046
CAMP02027,2025-03-12,2025-04-05,Search,52380,2426,486,109,3899.51,8952.71,1.2959
CAMP02028,2025-08-20,2025-09-15,Display,63639,754,75,6,415.87,461.0,0.1085
CAMP02029,2025-07-15,2025-07-25,Display,75095,1185,148,22,1039.28,1280.82,0.2324
CAMP02030,2025-03-28,2025-04-10,Search,56788,2828,613,149,4071.75,12001.86,1.9476
CAMP02031,2025-05-28,2025-06-21,Display,77094,873,89,11,435.53,951.49,1.1847
CAMP02032,2025-01-06,2025-01-24,Email,118095,7942,1973,392,6676.65,31183.22,3.6705
CAMP02033,2025-03-26,2025-04-18,Social,83147,2339,374,82,1794.45,5979.41,2.3322
CAMP02034,2025-01-15,2025-02-04,Display,53715,827,91,17,507.37,898.0,0.7699
CAMP02035,2025-03-12,2025-03-24,Search,70832,3373,682,138,4588.68,9366.15,1.0411
CAMP02036,2025-08-07,2025-08-24,Email,10897,740,166,38,586.76,1891.56,2.2237
CAMP02037,2025-12-14,2026-01-07,Email,79429,6220,1645,352,4309.81,22392.87,4.1958
CAMP02038,2025-08-27,2025-09-23,Social,65972,1893,346,60,1622.23,5061.49,2.1201
CAMP02039,2025-01-15,2025-01-21,Search,21228,1240,280,58,1830.18,5992.86,2.2745
CAMP02040,2025-10-29,2025-11-21,Social,53644,1301,210,30,892.17,1718.45,0.9261
CAMP02041,2025-12-22,2026-01-06,Display,73032,1091,122,19,690.85,994.5,0.4395
CAMP02042,2025-01-06,2025-01-19,Search,28429,1569,349,80,2326.37,6936.57,1.9817
CAMP02043,2025-03-02,2025-03-13,Email,121270,7479,1711,302,5749.87,22992.8,2.9988
CAMP02044,2025-11-08,2025-11-20,Search,72934,3795,792,162,4982.23,10813.86,1.1705
CAMP02045,2025-09-17,2025-10-03,Social,75966,1598,229,36,1130.96,2928.46,1.5894
CAMP02046,2025-04-07,2025-04-20,Social,66557,1312,193,34,1019.81,2169.65,1.1275
CAMP02047,2025-12-07,2025-12-13,Social,104353,2330,364,70,1791.63,5229.32,1.9187
CAMP02048,2025-03-03,2025-03-30,Social,28087,711,99,16,610.53,1119.09,0.833
CAMP02049,2025-12-14,2025-12-31,Display,99204,1326,143,19,925.59,792.77,-0.1435
CAMP02050,2025-07-01,2025-07-23,Display,43881,437,46,6,292.2,334.99,0.1464
CAMP02051,2025-10-29,2025-11-22,Search,48473,3326,803,234,4632.33,19309.53,3.1684
CAMP02052,2025-05-12,2025-06-01,Social,48564,699,83,14,470.69,1040.05,1.2096
CAMP02053,2025-06-10,2025-07-01,Social,121811,2562,374,73,1947.37,4605.96,1.3652
CAMP02054,2025-04-23,2025-05-08,Email,124938,8708,2108,398,8319.18,31519.3,2.7888
CAMP02055,2025-04-20,2025-05-04,Search,40757,2736,633,185,3626.56,13548.99,2.736
CAMP02056,2025-02-28,2025-03-20,Search,72508,3273,621,122,4387.73,8985.06,1.0478
CAMP02057,2025-12-15,2026-01-11,Display,72711,949,85,9,518.03,558.48,0.0781
CAMP02058,2025-08-12,2025-08-20,Search,72772,6124,1704,524,8603.39,29332.17,2.4094
CAMP02059,2025-06-25,2025-07-14,Social,49656,1251,208,47,1145.18,3010.9,1.6292
CAMP02060,2025-07-15,2025-07-31,Influencer,67145,2051,349,71,1914.3,6433.26,2.3606
CAMP02061,2025-08-27,2025-09-11,Display,41767,506,45,3,336.8,172.04,-0.4892
CAMP02062,2025-12-14,2025-12-26,Search,47155,2832,624,139,4192.44,12705.75,2.0306
CAMP02063,2025-07-26,2025-08-15,Display,68228,632,53,6,396.4,397.45,0.0026
CAMP02064,2025-08-09,2025-08-16,Social,64962,1418,209,36,1009.9,2853.25,1.8253
CAMP02065,2025-09-18,2025-10-09,Display,61526,689,76,10,423.63,563.01,0.329
CAMP02066,2025-02-11,2025-03-08,Search,43023,2036,446,102,3187.93,11507.73,2.6098
CAMP02067,2025-10-15,2025-11-07,Influencer,46107,1719,352,71,2044.7,5715.07,1.7951
CAMP02068,2025-06-28,2025-07-05,Social,52378,1450,251,50,1277.65,4256.18,2.3313
CAMP02069,2025-01-26,2025-02-02,Search,45309,2820,648,169,3452.35,12968.2,2.7563
CAMP02070,2025-01-20,2025-01-30,Email,54563,5330,1567,381,4333.08,32948.38,6.6039
CAMP02071,2025-10-26,2025-11-03,Search,24908,1454,318,87,1732.84,6794.71,2.9211
CAMP02072,2025-02-23,2025-03-15,Search,30551,1652,341,77,1729.66,6810.48,2.9375
CAMP02073,2025-09-03,2025-09-17,Search,103050,5161,1064,234,7537.02,16313.82,1.1645
CAMP02074,2025-04-27,2025-05-21,Search,20278,1095,241,61,1311.07,5001.47,2.8148
CAMP02075,2025-11-26,2025-12-17,Display,48464,561,59,6,371.65,318.5,-0.143
CAMP02076,2025-01-07,2025-01-13,Social,24271,685,124,18,616.18,1745.03,1.832
CAMP02077,2025-09-19,2025-10-04,Email,79284,8324,2568,575,6251.18,38453.27,5.1514
CAMP02078,2025-06-20,2025-07-09,Social,57341,1372,207,44,1193.96,3074.79,1.5753
CAMP02079,2025-02-20,2025-03-08,Influencer,20519,874,166,40,1017.43,4504.64,3.4275
CAMP02080,2025-03-04,2025-03-10,Email,72707,5318,1354,256,4572.9,16793.06,2.6723
CAMP02081,2025-02-03,2025-02-18,Email,84136,4910,1136,230,3971.84,17056.51,3.2944
CAMP02082,2025-11-21,2025-11-29,Search,60729,4140,1044,258,6476.88,27423.14,3.234
CAMP02083,2025-12-16,2026-01-04,Search,194633,11068,2452,634,12666.11,51601.35,3.074
CAMP02084,2025-12-15,2026-01-06,Search,93699,4992,1167,261,6878.85,22910.45,2.3306
CAMP02085,2025-10-03,2025-10-11,Social,54357,1333,189,33,1111.42,2390.17,1.1506
CAMP02086,2025-06-03,2025-06-15,Social,42814,892,137,26,778.19,1618.63,1.08
CAMP02087,2025-07-07,2025-07-31,Social,33336,859,143,26,823.34,2077.96,1.5238
CAMP02088,2025-07-20,2025-08-16,Display,50484,749,81,18,482.73,1395.06,1.8899
CAMP02089,2025-04-06,2025-04-28,Search,79656,4561,978,252,7148.5,19872.7,1.78
CAMP02090,2025-09-18,2025-10-15,Social,35788,751,116,15,514.57,815.59,0.585
CAMP02091,2025-02-07,2025-02-14,Influencer,87111,2467,408,77,2353.93,7766.46,2.2994
CAMP02092,2025-04-22,2025-05-16,Social,44163,1806,373,82,1440.17,6431.3,3.4657
CAMP02093,2025-02-28,2025-03-10,Display,43892,494,44,13,366.7,928.7,1.5326
CAMP02094,2025-12-06,2025-12-19,Social,12452,316,52,9,210.53,581.61,1.7626
CAMP02095,2025-07-26,2025-08-08,Search,44601,3006,745,198,3915.3,15253.7,2.8959
CAMP02096,2025-08-20,2025-09-01,Influencer,28352,984,176,37,1069.42,3361.63,2.1434
CAMP02097,2025-02-01,2025-02-09,Email,35132,2668,687,151,1834.39,9989.06,4.4454
CAMP02098,2025-02-03,2025-02-21,Search,80763,3498,653,126,4955.42,10302.54,1.079
CAMP02099,2025-11-29,2025-12-14,Social,107120,2881,493,100,1851.15,5738.85,2.1002
CAMP02100,2025-09-05,2025-09-25,Search,129517,8904,2260,615,12615.93,41640.22,2.3006
CAMP02101,2025-11-12,2025-12-01,Email,37042,3339,973,182,2929.73,13623.14,3.65
CAMP02102,2025-04-09,2025-04-18,Social,89586,1646,237,25,1268.92,2259.81,0.7809
CAMP02103,2025-10-25,2025-11-15,Search,63618,4217,1000,289,6800.96,26113.31,2.8397
CAMP02104,2025-05-07,2025-05-14,Influencer,74511,2667,485,109,3055.08,12727.89,3.1661
CAMP02105,2025-10-24,2025-11-18,Search,29574,1863,417,94,2983.08,9123.03,2.0583
CAMP02106,2025-04-08,2025-05-01,Social,71679,1923,308,60,1161.54,4185.04,2.603
CAMP02107,2025-09-15,2025-10-03,Social,63387,1787,289,50,1539.99,4281.75,1.7804
CAMP02108,2025-05-07,2025-05-16,Email,73046,6246,1737,400,4972.69,22157.29,3.4558
CAMP02109,2025-04-28,2025-05-24,Influencer,64306,2491,488,112,3068.26,8098.07,1.6393
CAMP02110,2025-07-01,2025-07-07,Display,83014,807,81,9,503.68,598.4,0.1881
CAMP02111,2025-09-23,2025-10-16,Social,47660,1553,294,65,1208.9,4573.96,2.7836
CAMP02112,2025-03-22,2025-04-08,Social,101537,2767,434,82,2730.18,5781.23,1.1175
CAMP02113,2025-11-08,2025-11-23,Display,34733,298,30,2,180.67,156.03,-0.1364
CAMP02114,2025-04-23,2025-05-01,Search,82696,4945,1153,275,7039.98,18947.31,1.6914
CAMP02115,2025-07-01,2025-07-22,Display,33733,548,71,13,407.66,818.75,1.0084
CAMP02116,2025-03-14,2025-03-28,Email,95232,6875,1787,380,3813.46,28742.19,6.537
CAMP02117,2025-10-16,2025-10-25,Search,112649,5839,1251,272,7058.84,32209.91,3.5631
CAMP02118,2025-03-30,2025-04-18,Email,50330,3538,893,170,2033.2,11886.66,4.8463
CAMP02119,2025-09-15,2025-09-22,Email,35614,2422,606,120,1608.17,9555.87,4.9421
CAMP02120,2025-02-23,2025-03-08,Influencer,36531,1279,230,60,1455.2,5197.43,2.5716
CAMP02121,2025-11-28,2025-12-18,Search,109857,8731,2199,646,13027.27,69186.65,4.3109
CAMP02122,2025-04-29,2025-05-16,Email,151032,9976,2439,499,8096.17,38164.49,3.7139
CAMP02123,2025-10-01,2025-10-25,Display,145800,2678,348,62,1616.61,4025.45,1.4901
CAMP02124,2025-08-18,2025-09-10,Display,76564,756,70,11,447.76,641.4,0.4325
CAMP02125,2025-06-04,2025-06-10,Email,68304,4021,925,154,3373.52,10166.63,2.0137
CAMP02126,2025-04-27,2025-05-04,Display,57282,867,93,11,495.74,908.4,0.8324
CAMP02127,2025-02-17,2025-03-09,Search,69823,3396,743,169,5754.56,15675.72,1.7241
CAMP02128,2025-10-09,2025-10-31,Display,77242,1230,144,19,882.18,1315.92,0.4917
CAMP02129,2025-01-06,2025-02-01,Search,77175,3934,805,178,5052.95,17143.77,2.3928
CAMP02130,2025-09-28,2025-10-19,Search,50300,2729,599,154,4261.04,10630.41,1.4948
CAMP02131,2025-10-08,2025-10-19,Influencer,105264,3530,654,147,4167.33,12413.48,1.9788
CAMP02132,2025-05-29,2025-06-23,Influencer,83717,3996,909,244,4383.98,21718.12,3.954
CAMP02133,2025-06-28,2025-07-10,Social,69002,2222,428,81,2034.11,5568.38,1.7375
CAMP02134,2025-04-03,2025-04-23,Email,82473,5992,1614,355,4272.63,30422.85,6.1204
CAMP02135,2025-09-22,2025-10-01,Display,127026,1463,129,16,1001.1,1087.17,0.086
CAMP02136,2025-05-24,2025-06-14,Email,85638,3911,803,121,2814.1,7395.05,1.6279
CAMP02137,2025-12-03,2025-12-27,Social,114938,3031,490,90,2388.48,6366.26,1.6654
CAMP02138,2025-01-20,2025-02-15,Search,15728,756,165,37,1075.98,3781.21,2.5142
CAMP02139,2025-01-17,2025-02-13,Social,78122,2015,335,50,1770.39,3225.86,0.8221
CAMP02140,2025-11-02,2025-11-16,Search,33228,2461,633,195,3978.75,19330.49,3.8584
CAMP02141,2025-08-09,2025-08-26,Email,179699,16747,4780,1090,12332.15,65760.23,4.3324
CAMP02142,2025-09-07,2025-09-18,Search,8669,422,83,19,547.46,1486.47,1.7152
CAMP02143,2025-04-10,2025-04-23,Display,11298,168,11,0,113.89,0.0,-1.0
CAMP02144,2025-11-16,2025-11-26,Social,48882,1073,144,28,985.17,2038.48,1.0692
CAMP02145,2025-09-05,2025-09-27,Display,41262,379,40,2,284.84,158.79,-0.4425
CAMP02146,2025-05-02,2025-05-11,Influencer,15192,473,74,17,554.86,1431.67,1.5802
CAMP02147,2025-08-17,2025-09-06,Search,175656,11314,2671,657,13139.21,57265.79,3.3584
CAMP02148,2025-11-13,2025-12-04,Influencer,29882,986,172,45,1100.15,3693.83,2.3576
CAMP02149,2025-01-04,2025-01-13,Display,23689,298,30,2,187.62,131.86,-0.2972
CAMP02150,2025-02-17,2025-02-28,Email,38206,2928,784,171,1795.03,15885.69,7.8498
CAMP02151,2025-05-26,2025-06-13,Social,65139,2095,351,82,1627.44,4992.52,2.0677
CAMP02152,2025-01-15,2025-01-30,Search,123065,8324,2069,538,11271.05,42045.92,2.7304
CAMP02153,2025-08-18,2025-09-01,Search,82187,4052,852,171,6095.0,12948.54,1.1245
CAMP02154,2025-09-19,2025-09-29,Email,154510,14453,4165,980,12073.78,80103.5,5.6345
CAMP02155,2025-10-07,2025-10-24,Social,88022,1665,235,39,1297.2,3414.2,1.632
CAMP02156,2025-02-12,2025-02-18,Search,61694,3246,705,175,4658.11,14159.39,2.0397
CAMP02157,2025-05-20,2025-06-06,Influencer,29765,935,181,38,1201.83,3260.55,1.713
CAMP02158,2025-06-14,2025-06-30,Influencer,38539,1207,211,33,1261.1,2496.42,0.9796
CAMP02159,2025-05-05,2025-05-26,Email,55768,3546,899,195,2892.4,12413.03,3.2916
CAMP02160,2025-12-21,2025-12-27,Display,81768,1060,107,24,560.46,1208.84,1.1569
CAMP02161,2025-05-22,2025-06-04,Social,77232,2051,344,50,1461.51,4073.03,1.7869
CAMP02162,2025-09-15,2025-10-02,Search,50271,2356,458,85,3124.23,6343.46,1.0304
CAMP02163,2025-12-31,2026-01-14,Social,39446,1586,304,53,1277.04,4429.95,2.4689
CAMP02164,2025-06-01,2025-06-26,Search,58254,3666,944,245,4578.42,19030.51,3.1566
CAMP02165,2025-09-11,2025-10-03,Social,81877,2455,445,68,1662.4,5301.61,2.1891
CAMP02166,2025-09-24,2025-10-21,Display,92659,952,70,8,577.11,600.86,0.0412
CAMP02167,2025-09-08,2025-10-02,Search,49478,2679,581,130,2899.31,8175.68,1.8199
CAMP02168,2025-12-22,2026-01-13,Search,42501,2417,590,140,3212.3,12656.41,2.94
CAMP02169,2025-10-12,2025-10-29,Search,55215,3043,655,155,3696.36,13619.96,2.6847
CAMP02170,2025-04-15,2025-05-07,Search,51418,3406,830,213,4822.27,18597.57,2.8566
CAMP02171,2025-08-26,2025-09-07,Search,100787,6650,1632,430,10201.52,26416.46,1.5895
CAMP02172,2025-05-29,2025-06-21,Display,84438,1308,133,18,860.69,1029.92,0.1966
CAMP02173,2025-05-15,2025-06-06,Search,48146,2613,564,143,3494.38,10147.08,1.9038
CAMP02174,2025-10-11,2025-10-25,Display,105660,1484,153,15,824.1,1010.02,0.2256
CAMP02175,2025-03-20,2025-04-12,Search,76693,3532,740,151,4441.63,12412.89,1.7947
CAMP02176,2025-11-22,2025-12-16,Email,130997,8221,1940,364,5734.62,22267.25,2.883
CAMP02177,2025-07-03,2025-07-28,Display,171256,1878,165,23,1256.01,1806.16,0.438
CAMP02178,2025-07-09,2025-07-31,Influencer,32642,1529,296,75,1389.69,6150.04,3.4255
CAMP02179,2025-02-16,2025-03-01,Email,29628,2501,690,129,1675.08,9785.66,4.8419
CAMP02180,2025-08-15,2025-09-01,Email,54895,3694,895,191,2489.32,11755.35,3.7223
CAMP02181,2025-05-26,2025-06-17,Social,27659,822,136,33,681.44,2205.36,2.2363
CAMP02182,2025-08-13,2025-09-08,Search,37641,2187,476,128,3490.86,10695.11,2.0637
CAMP02183,2025-10-01,2025-10-16,Search,35652,1607,342,63,1946.09,5501.21,1.8268
CAMP02184,2025-08-06,2025-08-15,Search,77485,3361,682,141,3874.26,12288.05,2.1717
CAMP02185,2025-09-08,2025-09-28,Search,88431,4514,959,209,8318.03,15943.68,0.9168
CAMP02186,2025-12-02,2025-12-22,Social,40324,813,117,14,567.84,979.48,0.7249
CAMP02187,2025-10-31,2025-11-22,Social,47830,1325,236,52,1270.5,4609.84,2.6284
CAMP02188,2025-08-06,2025-08-28,Influencer,43533,2196,476,132,2428.77,8286.9,2.412
CAMP02189,2025-05-04,2025-05-23,Search,31401,1649,415,100,2884.97,9788.19,2.3928
CAMP02190,2025-05-02,2025-05-26,Display,162896,1910,184,23,1333.75,1514.88,0.1358
CAMP02191,2025-07-18,2025-08-11,Social,108376,2284,352,66,1806.06,3407.85,0.8869
CAMP02192,2025-08-15,2025-08-29,Influencer,125360,5405,1062,261,4955.53,25583.85,4.1627
CAMP02193,2025-06-26,2025-07-15,Influencer,123599,3445,530,91,3316.79,6744.41,1.0334
CAMP02194,2025-12-16,2026-01-02,Email,69081,4594,1167,240,4165.78,15411.03,2.6994
CAMP02195,2025-04-14,2025-05-04,Email,53759,4646,1328,304,3454.94,21412.36,5.1976
CAMP02196,2025-01-19,2025-02-07,Display,68567,831,77,7,614.8,434.37,-0.2935
CAMP02197,2025-06-29,2025-07-08,Search,19194,851,172,39,1102.14,2935.82,1.6637
CAMP02198,2025-06-11,2025-07-06,Display,28699,387,46,6,231.1,391.92,0.6959
CAMP02199,2025-01-05,2025-01-13,Display,111582,1211,102,15,908.35,926.79,0.0203
CAMP02200,2025-12-26,2026-01-06,Influencer,27069,1038,193,37,1165.66,3291.27,1.8235
CAMP02201,2025-09-07,2025-09-28,Search,65998,3530,747,167,5421.75,13713.68,1.5294
CAMP02202,2025-08-07,2025-08-25,Social,16218,384,58,9,355.58,724.1,1.0364
CAMP02203,2025-10-22,2025-11-08,Email,42844,3546,949,199,3163.69,11690.95,2.6954
CAMP02204,2025-01-21,2025-01-27,Search,30503,1477,296,61,2066.6,4519.01,1.1867
CAMP02205,2025-01-18,2025-02-14,Display,82689,1058,110,21,603.68,1194.03,0.9779
CAMP02206,2025-10-11,2025-11-07,Email,90381,5692,1394,273,3797.34,20710.43,4.4539
CAMP02207,2025-08-27,2025-09-07,Social,207131,5687,924,149,4577.29,12483.67,1.7273
CAMP02208,2025-12-03,2025-12-24,Email,62890,4821,1277,265,4518.54,20135.22,3.4561
CAMP02209,2025-05-16,2025-06-09,Search,74638,4116,911,232,5763.53,19761.75,2.4288
CAMP02210,2025-03-05,2025-03-24,Display,73133,935,101,12,578.58,784.71,0.3563
CAMP02211,2025-02-15,2025-02-27,Display,90155,1088,120,16,826.23,1071.46,0.2968
CAMP02212,2025-10-26,2025-11-09,Search,86216,4847,1067,251,6743.38,20985.08,2.112
CAMP02213,2025-08-19,2025-09-12,Social,84594,1835,264,34,1297.79,2673.63,1.0601
CAMP02214,2025-08-23,2025-09-09,Search,50544,2745,629,154,4380.32,11778.63,1.689
CAMP02215,2025-04-02,2025-04-23,Search,28764,2055,493,115,2571.54,9179.39,2.5696
CAMP02216,2025-09-13,2025-10-01,Search,81233,4458,945,217,7011.96,15425.11,1.1998
CAMP02217,2025-12-31,2026-01-26,Display,66295,604,56,6,364.52,424.01,0.1632
CAMP02218,2025-12-10,2026-01-06,Display,87040,1353,162,33,790.04,1887.89,1.3896
CAMP02219,2025-06-25,2025-07-19,Email,30769,1683,369,72,1522.32,6218.64,3.085
CAMP02220,2025-03-31,2025-04-11,Search,102600,6003,1359,359,7289.3,28494.31,2.9091
CAMP02221,2025-12-18,2026-01-13,Search,121467,4710,848,169,5803.59,15984.06,1.7542
CAMP02222,2025-10-25,2025-11-02,Search,26641,1580,363,78,3005.55,6735.33,1.241
CAMP02223,2025-09-30,2025-10-07,Influencer,52018,2921,670,195,3171.78,20200.74,5.3689
CAMP02224,2025-09-26,2025-10-08,Email,25277,1998,509,116,1793.15,7157.76,2.9917
CAMP02225,2025-01-09,2025-01-20,Search,72987,4812,1139,270,7224.92,20322.26,1.8128
CAMP02226,2025-11-01,2025-11-12,Influencer,57531,2049,362,66,2363.61,6083.68,1.5739
CAMP02227,2025-07-08,2025-07-17,Influencer,56609,2120,378,78,2224.35,5777.5,1.5974
CAMP02228,2025-10-05,2025-10-13,Email,54524,3761,955,190,3037.46,12395.54,3.0809
CAMP02229,2025-06-09,2025-07-06,Email,54479,4699,1281,310,3620.51,21592.04,4.9638
CAMP02230,2025-11-23,2025-12-08,Search,67739,4336,1020,260,6649.05,15638.09,1.3519
CAMP02231,2025-09-09,2025-09-21,Social,34436,937,157,26,738.31,1681.93,1.2781
CAMP02232,2025-05-17,2025-06-03,Search,40803,1990,432,116,2843.93,9776.36,2.4376
CAMP02233,2025-02-03,2025-02-26,Search,48909,2104,408,93,2725.01,8202.01,2.0099
CAMP02234,2025-12-26,2026-01-04,Influencer,66595,2442,461,121,2965.9,10019.54,2.3782
CAMP02235,2025-01-08,2025-01-16,Search,48603,2922,643,161,3915.45,11497.3,1.9364
CAMP02236,2025-10-18,2025-10-30,Search,36185,1589,313,69,1807.05,6469.8,2.5803
CAMP02237,2025-06-25,2025-07-10,Search,35832,1988,448,98,2416.21,8240.42,2.4105
CAMP02238,2025-03-02,2025-03-16,Search,64190,2967,607,132,4261.54,10133.04,1.3778
CAMP02239,2025-02-20,2025-03-10,Search,88831,3651,703,141,5255.0,11342.26,1.1584
CAMP02240,2025-01-29,2025-02-21,Influencer,104137,2504,377,69,2587.16,5224.23,1.0193
CAMP02241,2025-01-26,2025-02-08,Influencer,64979,2189,400,83,2557.88,6870.05,1.6858
CAMP02242,2025-08-06,2025-08-21,Influencer,112087,4724,936,207,4778.88,15917.86,2.3309
CAMP02243,2025-03-06,2025-03-16,Email,40521,3667,1061,252,3064.0,18175.78,4.932
CAMP02244,2025-04-29,2025-05-23,Influencer,45678,1126,213,35,1237.97,3329.6,1.6896
CAMP02245,2025-10-22,2025-11-16,Influencer,63693,2621,491,131,2410.87,12852.83,4.3312
CAMP02246,2025-01-19,2025-02-14,Email,77211,5570,1403,282,5097.17,19628.33,2.8508
CAMP02247,2025-09-19,2025-09-29,Social,34519,848,121,21,632.6,1658.43,1.6216
CAMP02248,2025-04-24,2025-05-17,Social,28329,846,133,32,680.31,2046.76,2.0086
CAMP02249,2025-11-29,2025-12-18,Search,37837,1971,419,99,2955.09,7617.41,1.5777
CAMP02250,2025-04-02,2025-04-23,Display,34887,392,45,5,266.27,312.5,0.1736
CAMP02251,2025-10-10,2025-11-05,Social,21822,579,108,21,554.54,1524.28,1.7487
CAMP02252,2025-01-15,2025-02-08,Email,8676,604,158,29,431.27,1652.17,2.8309
CAMP02253,2025-11-23,2025-12-20,Display,42133,439,41,5,298.42,388.09,0.3005
CAMP02254,2025-01-19,2025-01-26,Email,40091,2623,657,120,2262.53,5470.89,1.418
CAMP02255,2025-05-14,2025-06-02,Search,47331,2579,586,143,3572.99,12778.82,2.5765
CAMP02256,2025-09-27,2025-10-23,Email,49654,4316,1241,258,3681.89,17315.69,3.7029
CAMP02257,2025-08-15,2025-09-04,Search,74747,3133,607,119,4778.64,9989.89,1.0905
CAMP02258,2025-11-27,2025-12-11,Email,61240,3939,911,153,3929.63,8654.36,1.2023
CAMP02259,2025-09-12,2025-09-27,Search,76614,4925,1211,307,7968.63,33399.93,3.1914
CAMP02260,2025-11-05,2025-11-14,Search,40976,2500,589,149,3840.35,12249.59,2.1897
CAMP02261,2025-10-29,2025-11-19,Search,77694,3706,794,173,6306.06,15171.15,1.4058
CAMP02262,2025-01-07,2025-02-03,Search,39683,2490,589,145,3519.13,9624.69,1.735
CAMP02263,2025-11-01,2025-11-25,Display,50530,474,37,5,308.61,307.02,-0.0052
CAMP02264,2025-04-05,2025-04-19,Display,93925,1185,124,23,754.72,1318.92,0.7476
CAMP02265,2025-12-14,2025-12-21,Search,85046,5954,1559,395,7841.39,30482.68,2.8874
CAMP02266,2025-11-03,2025-11-22,Email,126578,6634,1429,235,4841.05,14948.95,2.088
CAMP02267,2025-01-28,2025-02-19,Influencer,67069,2506,480,109,2412.37,7323.57,2.0358
CAMP02268,2025-05-03,2025-05-15,Email,84417,6764,1806,393,5554.62,26238.41,3.7237
CAMP02269,2025-11-09,2025-11-25,Social,38044,763,131,19,722.12,1403.54,0.9436
CAMP02270,2025-02-16,2025-02-25,Display,74449,990,117,15,689.65,1095.5,0.5885
CAMP02271,2025-11-27,2025-12-20,Social,48619,1289,201,38,1113.98,2756.12,1.4741
CAMP02272,2025-02-12,2025-03-07,Influencer,37787,1385,235,51,1383.65,3078.07,1.2246
CAMP02273,2025-09-16,2025-09-27,Search,72703,4249,928,230,6277.4,19080.42,2.0395
CAMP02274,2025-04-27,2025-05-12,Search,60660,2986,607,131,4401.26,11085.32,1.5187
CAMP02275,2025-08-28,2025-09-24,Influencer,46652,1562,292,71,1588.87,6019.69,2.7887
CAMP02276,2025-03-22,2025-04-16,Social,130871,3555,603,110,3713.08,9522.33,1.5645
CAMP02277,2025-09-01,2025-09-23,Email,42308,3671,1059,234,3453.62,18469.93,4.348
CAMP02278,2025-01-08,2025-01-28,Influencer,34051,1327,241,60,1550.49,5401.94,2.484
CAMP02279,2025-09-07,2025-09-29,Influencer,66184,2834,526,122,3050.69,12396.38,3.0635
CAMP02280,2025-10-27,2025-11-08,Influencer,99586,3962,753,180,3844.87,19387.99,4.0426
CAMP02281,2025-12-01,2025-12-11,Search,63657,3737,871,214,4744.96,20383.01,3.2957
CAMP02282,2025-10-30,2025-11-11,Email,89012,6786,1787,375,5272.79,27473.77,4.2105
CAMP02283,2025-05-30,2025-06-05,Display,24472,414,50,9,259.53,559.25,1.1549
CAMP02284,2025-06-24,2025-07-10,Email,56128,3256,766,146,2730.33,10547.16,2.863
CAMP02285,2025-12-29,2026-01-14,Social,46744,1209,201,41,964.09,2948.44,2.0583
CAMP02286,2025-04-29,2025-05-20,Display,46457,672,85,13,469.92,828.9,0.7639
CAMP02287,2025-02-04,2025-02-25,Social,67019,2122,384,73,1620.29,5109.89,2.1537
CAMP02288,2025-03-27,2025-04-02,Search,63570,4364,1060,274,7290.81,21637.45,1.9678
CAMP02289,2025-05-14,2025-05-20,Social,56609,1332,213,36,1329.7,2752.2,1.0698
CAMP02290,2025-05-12,2025-05-27,Influencer,100899,3590,647,159,3461.25,11105.95,2.2087
CAMP02291,2025-04-11,2025-04-21,Email,80284,7123,1993,423,4969.96,34314.64,5.9044
CAMP02292,2025-11-20,2025-12-07,Email,15563,1330,375,97,920.28,7115.02,6.7314
CAMP02293,2025-09-24,2025-09-30,Social,50870,1296,210,38,1126.14,2076.99,0.8443
CAMP02294,2025-07-15,2025-08-02,Search,61991,3453,748,170,6575.21,13088.21,0.9905
CAMP02295,2025-04-15,2025-04-24,Email,30187,2567,738,163,2055.89,9905.94,3.8183
CAMP02296,2025-05-02,2025-05-17,Email,47722,4059,1149,231,4601.75,16655.92,2.6195
CAMP02297,2025-12-21,2026-01-08,Display,87404,1157,115,15,699.52,1079.68,0.5435
CAMP02298,2025-04-07,2025-04-27,Display,64215,814,82,13,468.85,666.6,0.4218
CAMP02299,2025-11-01,2025-11-26,Display,66845,1056,123,16,671.52,1034.06,0.5399
CAMP02300,2025-02-22,2025-03-14,Search,23583,1516,361,102,2098.74,8308.18,2.9587
CAMP02301,2025-08-15,2025-08-23,Search,96349,4050,801,179,6782.22,15803.27,1.3301
CAMP02302,2025-01-28,2025-02-17,Influencer,56806,1621,281,66,2099.89,5790.0,1.7573
CAMP02303,2025-02-01,2025-02-11,Social,121291,2713,392,71,2434.57,4368.97,0.7946
CAMP02304,2025-01-14,2025-01-25,Influencer,97909,3061,503,106,3509.01,10621.24,2.0268
CAMP02305,2025-03-16,2025-03-24,Email,63253,3526,812,142,3030.74,10522.41,2.4719
CAMP02306,2025-08-16,2025-08-22,Search,80546,4895,1106,298,5917.64,13268.86,1.2423
CAMP02307,2025-09-30,2025-10-24,Social,88353,2049,307,53,1305.31,3951.59,2.0273
CAMP02308,2025-08-30,2025-09-24,Search,65749,3551,727,166,5247.93,14053.73,1.678
CAMP02309,2025-07-05,2025-07-27,Search,12204,687,142,39,1038.87,2892.68,1.7844
CAMP02310,2025-04-22,2025-05-11,Email,63134,5925,1703,380,5535.24,25493.99,3.6058
CAMP02311,2025-10-18,2025-11-05,Display,45622,451,48,2,261.28,132.36,-0.4934
CAMP02312,2025-07-24,2025-08-17,Social,46674,1027,132,28,904.28,1722.69,0.905
CAMP02313,2025-12-26,2026-01-20,Social,86758,2156,331,49,1828.84,2794.04,0.5278
CAMP02314,2025-03-27,2025-04-15,Social,60313,1145,166,30,1003.9,2265.91,1.2571
CAMP02315,2025-06-29,2025-07-26,Influencer,142427,3671,562,109,3678.22,8433.37,1.2928
CAMP02316,2025-12-19,2025-12-25,Influencer,38785,1274,205,42,1878.58,3663.65,0.9502
CAMP02317,2025-05-25,2025-06-13,Social,84816,2649,449,99,2130.07,6924.86,2.251
CAMP02318,2025-07-09,2025-07-16,Social,24451,829,149,38,710.17,2738.51,2.8561
CAMP02319,2025-08-22,2025-09-18,Search,69532,4067,894,218,5538.07,13976.17,1.5237
CAMP02320,2025-09-04,2025-09-16,Display,121728,1460,161,25,1059.9,1386.63,0.3083
CAMP02321,2025-08-11,2025-08-31,Social,50325,1130,172,22,791.52,1706.15,1.1555
CAMP02322,2025-10-11,2025-10-17,Search,31023,1635,382,96,2105.48,6632.75,2.1502
CAMP02323,2025-04-02,2025-04-18,Search,32387,1872,460,128,2706.47,14785.08,4.4629
CAMP02324,2025-10-05,2025-10-16,Search,77447,5102,1207,315,5899.62,21312.69,2.6126
CAMP02325,2025-08-02,2025-08-08,Email,203992,18368,5193,1106,15439.62,67326.75,3.3606
CAMP02326,2025-08-19,2025-08-28,Social,35864,879,136,23,770.38,1481.55,0.9231
CAMP02327,2025-05-31,2025-06-09,Search,57381,2799,572,148,4129.69,12965.43,2.1396
CAMP02328,2025-04-18,2025-05-07,Influencer,43907,1345,221,36,1264.92,2667.49,1.1088
CAMP02329,2025-01-07,2025-01-13,Search,68336,3089,565,141,4935.62,10428.45,1.1129
CAMP02330,2025-07-26,2025-08-07,Search,52484,3005,659,149,4637.77,11268.65,1.4298
CAMP02331,2025-11-09,2025-11-25,Display,20235,234,21,0,123.36,0.0,-1.0
CAMP02332,2025-02-08,2025-02-20,Social,27196,645,97,13,618.79,960.01,0.5514
CAMP02333,2025-05-24,2025-06-04,Display,65857,788,75,10,553.57,561.53,0.0144
CAMP02334,2025-06-18,2025-07-02,Influencer,44802,1009,150,29,1043.93,1711.39,0.6394
CAMP02335,2025-06-05,2025-06-11,Influencer,93661,3131,537,124,3244.79,10093.97,2.1108
CAMP02336,2025-05-17,2025-05-28,Social,54532,1483,257,52,1131.0,2905.52,1.569
CAMP02337,2025-11-21,2025-12-13,Social,61546,1322,212,27,902.8,1681.83,0.8629
CAMP02338,2025-08-08,2025-08-21,Search,76774,3182,587,132,4609.05,10282.96,1.231
CAMP02339,2025-11-19,2025-12-01,Email,79176,5532,1374,268,4110.1,14731.29,2.5842
CAMP02340,2025-11-20,2025-12-11,Search,50194,2726,612,127,4318.91,10671.27,1.4708
CAMP02341,2025-07-15,2025-08-02,Search,32880,1687,338,82,2249.45,5484.43,1.4381
CAMP02342,2025-04-06,2025-04-22,Social,85937,3250,648,137,2428.94,9559.03,2.9355
CAMP02343,2025-03-16,2025-03-23,Search,49211,1982,355,70,2675.41,6230.78,1.3289
CAMP02344,2025-07-20,2025-08-12,Social,63733,1225,170,21,884.82,1323.64,0.4959
CAMP02345,2025-05-02,2025-05-18,Influencer,47560,1393,207,42,1641.3,3870.44,1.3582
CAMP02346,2025-03-26,2025-04-14,Email,72624,6573,1864,415,5554.53,26751.15,3.8161
CAMP02347,2025-08-24,2025-09-14,Social,99483,1862,253,37,1218.27,2868.75,1.3548
CAMP02348,2025-10-07,2025-10-31,Search,101873,4925,956,239,6872.8,19943.44,1.9018
CAMP02349,2025-08-29,2025-09-14,Email,51342,3179,754,146,2732.82,8772.86,2.2102
CAMP02350,2025-11-05,2025-11-18,Search,48213,3139,779,213,4426.48,14037.55,2.1713
CAMP02351,2025-10-16,2025-10-29,Search,40154,1925,412,104,2839.7,6580.84,1.3174
CAMP02352,2025-06-18,2025-06-24,Search,86246,4759,1067,270,6727.97,23399.66,2.478
CAMP02353,2025-12-24,2026-01-14,Social,84022,2834,491,85,2160.44,6956.56,2.22
CAMP02354,2025-09-26,2025-10-17,Display,52081,601,53,7,420.61,415.1,-0.0131
CAMP02355,2025-04-17,2025-05-05,Display,126542,1102,103,14,732.12,722.82,-0.0127
CAMP02356,2025-11-03,2025-11-25,Influencer,13710,496,85,17,551.28,1214.02,1.2022
CAMP02357,2025-01-15,2025-02-11,Influencer,42032,1925,407,89,1702.45,6541.41,2.8424
CAMP02358,2025-12-31,2026-01-07,Social,100705,2491,388,75,2339.62,4866.21,1.0799
CAMP02359,2025-09-22,2025-09-29,Display,74331,1032,107,16,748.74,1032.56,0.3791
CAMP02360,2025-11-28,2025-12-16,Social,46482,1327,228,35,997.38,2947.31,1.9551
CAMP02361,2025-05-27,2025-06-18,Search,8886,518,119,24,670.87,2281.83,2.4013
CAMP02362,2025-08-11,2025-09-01,Display,39993,635,78,12,473.57,921.64,0.9462
CAMP02363,2025-04-23,2025-05-17,Social,29401,649,84,10,467.75,691.39,0.4781
CAMP02364,2025-02-23,2025-03-15,Influencer,39984,1393,255,61,1455.39,5433.28,2.7332
CAMP02365,2025-08-04,2025-08-18,Search,115817,5662,1159,254,9763.31,18393.5,0.8839
CAMP02366,2025-07-27,2025-08-23,Influencer,138406,4429,794,177,4649.89,15223.78,2.274
CAMP02367,2025-02-12,2025-02-19,Search,37486,2966,762,216,3636.12,18652.27,4.1297
CAMP02368,2025-05-14,2025-05-27,Search,35433,2092,480,123,2549.02,7845.78,2.078
CAMP02369,2025-02-17,2025-03-09,Social,26987,882,175,34,680.45,2492.19,2.6626
CAMP02370,2025-04-24,2025-05-06,Email,70315,4821,1116,236,4013.81,11925.54,1.9711
CAMP02371,2025-08-15,2025-08-25,Social,75404,2127,374,54,1445.38,4298.26,1.9738
CAMP02372,2025-11-11,2025-11-22,Email,25476,1641,412,61,1358.96,4079.49,2.0019
CAMP02373,2025-05-15,2025-05-31,Search,25692,1177,226,46,1567.21,4731.54,2.0191
CAMP02374,2025-10-27,2025-11-07,Display,95945,985,93,8,749.6,499.84,-0.3332
CAMP02375,2025-09-20,2025-10-17,Display,79669,1262,121,22,700.65,1336.62,0.9077
CAMP02376,2025-02-02,2025-02-22,Search,19700,895,178,35,1223.3,3577.35,1.9243
CAMP02377,2025-01-23,2025-01-30,Email,62847,3036,584,96,1850.46,5234.99,1.829
CAMP02378,2025-06-06,2025-06-29,Display,40090,379,31,3,236.53,192.28,-0.1871
CAMP02379,2025-08-30,2025-09-07,Email,33601,3892,1278,310,3008.5,28300.14,8.4067
CAMP02380,2025-07-11,2025-07-17,Social,22734,666,104,18,500.75,1100.34,1.1974
CAMP02381,2025-10-22,2025-11-02,Influencer,29315,749,121,24,875.53,2040.87,1.331
CAMP02382,2025-06-09,2025-07-02,Display,86084,1328,159,29,819.03,2262.28,1.7621
CAMP02383,2025-11-15,2025-11-28,Social,29869,657,91,14,406.48,1287.71,2.168
CAMP02384,2025-03-08,2025-03-23,Display,36857,357,31,4,226.47,270.2,0.1931
CAMP02385,2025-06-27,2025-07-03,Search,67807,2555,487,98,4398.69,9216.46,1.0953
CAMP02386,2025-06-01,2025-06-10,Display,34297,520,60,8,353.38,493.93,0.3977
CAMP02387,2025-05-11,2025-06-06,Search,54827,2486,501,118,3574.43,10702.56,1.9942
CAMP02388,2025-12-04,2025-12-22,Email,13893,1625,536,122,1502.55,9410.94,5.2633
CAMP02389,2025-02-08,2025-02-15,Social,77207,1916,322,63,1467.25,5479.86,2.7348
CAMP02390,2025-10-29,2025-11-10,Email,92561,5556,1262,208,4706.83,12360.1,1.626
CAMP02391,2025-10-28,2025-11-07,Display,56826,766,73,10,426.86,731.77,0.7143
CAMP02392,2025-08-20,2025-09-12,Social,42613,1001,148,22,696.87,1365.62,0.9596
CAMP02393,2025-08-13,2025-09-07,Influencer,26523,885,160,40,993.26,4407.85,3.4378
CAMP02394,2025-12-24,2026-01-10,Search,77252,4037,854,201,5399.77,18176.82,2.3662
CAMP02395,2025-01-11,2025-02-06,Social,86033,2466,416,70,2267.73,5927.37,1.6138
CAMP02396,2025-07-31,2025-08-21,Search,55871,3307,773,181,4082.96,15623.61,2.8265
CAMP02397,2025-01-21,2025-02-17,Search,42055,2366,519,111,3018.63,7721.82,1.5581
CAMP02398,2025-03-03,2025-03-15,Social,65173,1147,147,19,938.5,1198.69,0.2772
CAMP02399,2025-11-17,2025-11-27,Influencer,65574,2614,506,125,3267.07,8576.22,1.625
CAMP02400,2025-09-13,2025-09-26,Email,79536,6139,1593,341,4509.14,21952.36,3.8684
CAMP02401,2025-12-02,2025-12-25,Social,44922,740,90,10,560.37,777.86,0.3881
CAMP02402,2025-10-02,2025-10-18,Influencer,105821,3263,566,122,3540.96,12720.78,2.5925
CAMP02403,2025-06-22,2025-07-09,Search,79992,3920,778,176,7226.48,14239.95,0.9705
CAMP02404,2025-09-22,2025-09-30,Display,93360,1099,103,14,589.52,1012.27,0.7171
CAMP02405,2025-09-23,2025-10-15,Display,51264,675,69,11,400.83,700.26,0.747
CAMP02406,2025-02-07,2025-03-03,Social,20679,594,101,21,464.89,1694.63,2.6452
CAMP02407,2025-10-08,2025-10-20,Email,80544,4789,1063,203,3737.89,13473.24,2.6045
CAMP02408,2025-02-24,2025-03-15,Display,103026,1158,134,18,772.53,1385.27,0.7932
CAMP02409,2025-03-13,2025-03-30,Influencer,83816,2953,540,118,3725.87,11315.82,2.0371
CAMP02410,2025-01-21,2025-01-31,Email,185591,14239,3637,766,11216.55,66745.91,4.9507
CAMP02411,2025-08-11,2025-08-28,Email,47445,4361,1237,288,3113.41,20678.29,5.6417
CAMP02412,2025-02-14,2025-02-22,Display,150018,2799,346,67,1871.01,5810.94,2.1058
CAMP02413,2025-10-10,2025-10-23,Social,79883,2217,355,54,1662.6,4265.72,1.5657
CAMP02414,2025-07-13,2025-07-19,Search,44864,2474,546,142,3315.19,13365.68,3.0316
CAMP02415,2025-12-16,2026-01-07,Influencer,31969,941,143,39,1245.24,2984.05,1.3964
CAMP02416,2025-03-05,2025-03-28,Social,23377,700,124,35,518.51,2698.81,4.2049
CAMP02417,2025-08-12,2025-09-08,Email,81192,5345,1307,246,4156.87,16899.79,3.0655
CAMP02418,2025-04-25,2025-05-09,Email,36342,3169,835,200,2962.47,10715.98,2.6172
CAMP02419,2025-05-30,2025-06-26,Social,28720,969,164,32,706.93,1802.9,1.5503
CAMP02420,2025-12-10,2026-01-04,Email,31044,1600,354,68,1167.9,4533.69,2.8819
CAMP02421,2025-04-28,2025-05-19,Social,63022,1453,240,47,1177.97,2952.12,1.5061
CAMP02422,2025-04-21,2025-05-16,Search,32959,1832,387,101,2724.6,8314.99,2.0518
CAMP02423,2025-02-19,2025-03-04,Email,24708,1783,461,92,1078.76,6525.89,5.0494
CAMP02424,2025-01-29,2025-02-04,Display,168551,1962,198,28,1448.15,2460.38,0.699
CAMP02425,2025-10-16,2025-10-22,Search,32240,1888,396,97,2487.16,6858.53,1.7576
CAMP02426,2025-02-23,2025-03-02,Social,36484,656,84,10,400.52,672.5,0.6791
CAMP02427,2025-01-10,2025-01-26,Social,39102,1089,209,34,776.58,2193.15,1.8241
CAMP02428,2025-02-07,2025-03-04,Display,78465,979,86,15,686.13,1008.76,0.4702
CAMP02429,2025-05-23,2025-06-19,Search,22151,1171,289,90,1524.9,8309.97,4.4495
CAMP02430,2025-05-03,2025-05-21,Display,103172,1203,110,12,770.32,785.86,0.0202
CAMP02431,2025-05-16,2025-05-27,Search,122093,5272,1032,229,7687.37,20892.17,1.7177
CAMP02432,2025-07-13,2025-08-01,Search,37862,2634,652,182,4443.51,12005.83,1.7019
CAMP02433,2025-10-20,2025-10-31,Search,49366,3037,685,181,4450.24,19260.08,3.3279
CAMP02434,2025-01-04,2025-01-16,Social,95261,2459,370,71,1835.14,6310.45,2.4387
CAMP02435,2025-12-03,2025-12-30,Social,46722,1168,191,36,1022.01,2326.68,1.2766
CAMP02436,2025-03-29,2025-04-07,Social,147914,5584,1049,223,5173.82,22378.14,3.3253
CAMP02437,2025-05-01,2025-05-12,Influencer,21040,880,163,29,914.16,3617.28,2.9569
CAMP02438,2025-03-25,2025-03-31,Email,51335,3783,953,220,2979.21,12214.75,3.1
CAMP02439,2025-02-25,2025-03-13,Search,43694,2328,503,126,2920.73,7821.51,1.6779
CAMP02440,2025-12-02,2025-12-27,Search,66269,3608,766,187,4975.09,13888.23,1.7916
CAMP02441,2025-11-30,2025-12-06,Search,20639,1129,270,67,1783.3,5483.93,2.0752
CAMP02442,2025-07-31,2025-08-17,Display,105951,1105,101,21,802.69,1249.65,0.5568
CAMP02443,2025-08-25,2025-09-12,Display,62720,673,63,10,342.63,680.22,0.9853
CAMP02444,2025-01-29,2025-02-09,Social,69382,1984,363,68,1675.11,4886.15,1.9169
CAMP02445,2025-01-19,2025-02-02,Search,36681,1997,414,93,2553.19,6663.2,1.6098
CAMP02446,2025-11-14,2025-12-03,Email,116284,8212,2049,419,6778.04,30093.86,3.4399
CAMP02447,2025-05-10,2025-05-21,Social,43167,1178,180,30,986.43,2034.59,1.0626
CAMP02448,2025-07-21,2025-08-02,Search,43201,1924,403,85,2598.95,6168.39,1.3734
CAMP02449,2025-07-04,2025-07-10,Social,43006,1311,213,39,1298.51,2470.43,0.9025
CAMP02450,2025-10-21,2025-10-28,Search,40313,1868,383,107,2649.92,8562.7,2.2313
CAMP02451,2025-11-05,2025-11-19,Display,54776,792,92,17,519.34,1113.32,1.1437
CAMP02452,2025-07-15,2025-07-23,Social,36860,918,134,24,870.32,1665.73,0.9139
CAMP02453,2025-08-13,2025-08-27,Social,66893,1778,294,60,1756.89,3248.68,0.8491
CAMP02454,2025-05-07,2025-05-25,Social,17038,375,48,10,245.18,642.26,1.6195
CAMP02455,2025-03-19,2025-03-30,Email,35339,2145,489,90,1591.0,7217.01,3.5361
CAMP02456,2025-04-16,2025-05-11,Display,50690,813,104,16,556.23,1354.72,1.4355
CAMP02457,2025-04-10,2025-04-16,Search,163193,8822,1895,462,13360.29,39045.66,1.9225
CAMP02458,2025-11-20,2025-12-08,Search,71197,3352,696,156,4611.35,10132.4,1.1973
CAMP02459,2025-08-17,2025-09-04,Email,120491,8144,2037,393,7193.29,24310.66,2.3796
CAMP02460,2025-12-28,2026-01-10,Search,79024,4114,884,216,5285.36,16787.56,2.1762
CAMP02461,2025-08-29,2025-09-21,Social,99941,2483,419,73,1851.51,6094.5,2.2916
CAMP02462,2025-12-15,2026-01-09,Search,86347,5181,1107,302,6332.31,25265.66,2.99
CAMP02463,2025-09-11,2025-09-21,Social,39231,922,149,20,802.2,997.67,0.2437
CAMP02464,2025-07-21,2025-08-13,Display,55802,871,117,18,481.7,1311.41,1.7225
CAMP02465,2025-11-17,2025-12-01,Search,34873,2278,528,133,2903.05,10267.84,2.5369
CAMP02466,2025-07-13,2025-07-23,Search,72797,3108,610,123,4138.98,10489.12,1.5342
CAMP02467,2025-12-11,2026-01-02,Email,40337,2366,559,117,2091.44,7093.95,2.3919
CAMP02468,2025-09-16,2025-09-25,Email,25404,1395,306,47,1152.23,3917.92,2.4003
CAMP02469,2025-01-09,2025-01-31,Search,76587,3700,794,188,4652.32,18415.06,2.9583
CAMP02470,2025-02-20,2025-03-11,Social,84430,1823,279,48,1650.44,3400.66,1.0605
CAMP02471,2025-01-27,2025-02-10,Search,17335,1214,317,72,1820.87,5262.22,1.8899
CAMP02472,2025-08-01,2025-08-27,Social,58120,1584,244,51,1623.85,3685.55,1.2696
CAMP02473,2025-07-19,2025-08-06,Email,84043,8114,2298,509,5906.31,38485.38,5.516
CAMP02474,2025-08-21,2025-09-05,Display,79580,914,100,17,566.31,1380.82,1.4383
CAMP02475,2025-05-24,2025-06-08,Influencer,66111,1738,274,55,2119.75,5460.67,1.5761
CAMP02476,2025-07-13,2025-07-23,Display,57441,663,74,4,336.21,220.22,-0.345
CAMP02477,2025-05-14,2025-05-29,Email,22388,2039,599,120,1407.88,7774.68,4.5223
CAMP02478,2025-10-01,2025-10-14,Social,67442,1325,204,40,933.18,2793.57,1.9936
CAMP02479,2025-03-16,2025-04-10,Display,46691,455,38,5,286.29,325.06,0.1354
CAMP02480,2025-05-14,2025-06-09,Email,117401,9356,2506,496,6400.04,29192.12,3.5612
CAMP02481,2025-03-04,2025-03-27,Social,145271,3451,512,98,2514.26,7026.06,1.7945
CAMP02482,2025-07-06,2025-07-27,Search,40463,2377,569,143,2922.11,12073.72,3.1318
CAMP02483,2025-09-28,2025-10-05,Social,19168,364,59,9,351.31,824.71,1.3475
CAMP02484,2025-03-26,2025-04-04,Email,37158,2448,577,117,1860.45,8826.85,3.7445
CAMP02485,2025-01-09,2025-02-05,Search,77132,4794,1123,297,5329.65,25406.19,3.767
CAMP02486,2025-03-21,2025-04-07,Search,64105,3872,937,232,6757.63,16222.02,1.4005
CAMP02487,2025-03-15,2025-03-25,Search,59660,3553,803,201,4565.49,16880.09,2.6973
CAMP02488,2025-05-12,2025-06-01,Search,32905,2155,502,132,3232.81,11493.18,2.5552
CAMP02489,2025-01-14,2025-02-08,Search,72147,3612,787,191,4852.24,15167.32,2.1258
CAMP02490,2025-12-15,2025-12-30,Search,73617,3395,671,145,5335.37,9696.87,0.8175
CAMP02491,2025-06-26,2025-07-18,Influencer,42096,936,119,16,1015.67,1582.59,0.5582
CAMP02492,2025-06-15,2025-07-02,Search,26518,1321,291,65,1759.4,5869.64,2.3362
CAMP02493,2025-03-24,2025-04-13,Email,25972,1810,469,68,1155.67,4098.94,2.5468
CAMP02494,2025-06-11,2025-06-23,Influencer,138549,4918,875,206,5364.76,19009.62,2.5434
CAMP02495,2025-12-29,2026-01-16,Email,19562,1373,352,69,1292.19,4779.1,2.6984
CAMP02496,2025-05-26,2025-06-09,Display,87589,981,92,16,724.72,1312.38,0.8109
CAMP02497,2025-04-09,2025-04-17,Search,55166,2316,450,92,3483.12,7190.74,1.0645
CAMP02498,2025-07-14,2025-08-04,Influencer,33859,1568,345,89,1670.49,8903.18,4.3297
CAMP02499,2025-05-11,2025-05-29,Email,43885,3636,964,197,3994.79,12290.77,2.0767
CAMP02500,2025-12-30,2026-01-12,Social,18221,481,84,18,455.89,996.25,1.1853
CAMP02501,2025-10-04,2025-10-26,Email,68701,4560,1048,204,3666.04,12773.33,2.4842
CAMP02502,2025-07-25,2025-08-12,Search,55051,2910,620,161,4139.99,10537.67,1.5453
CAMP02503,2025-06-04,2025-06-23,Search,102563,7014,1665,435,11398.99,47101.84,3.1321
CAMP02504,2025-08-10,2025-09-05,Search,47033,2222,458,85,3087.26,7383.43,1.3916
CAMP02505,2025-02-02,2025-02-10,Social,65503,1712,255,47,1502.91,4076.28,1.7123
CAMP02506,2025-07-25,2025-08-05,Social,47814,1124,169,26,771.75,1633.54,1.1167
CAMP02507,2025-12-30,2026-01-11,Social,61811,1217,180,29,1047.61,1997.58,0.9068
CAMP02508,2025-11-29,2025-12-05,Email,57727,3487,833,150,2531.38,10245.37,3.0473
CAMP02509,2025-04-27,2025-05-10,Search,163301,7378,1437,302,9172.71,27631.32,2.0123
CAMP02510,2025-01-04,2025-01-28,Social,34949,904,152,30,775.61,1771.23,1.2837
CAMP02511,2025-11-06,2025-11-23,Search,49102,2782,597,140,4100.55,10922.75,1.6637
CAMP02512,2025-12-31,2026-01-13,Influencer,45784,1224,209,43,1245.15,3794.37,2.0473
CAMP02513,2025-11-30,2025-12-26,Display,60445,754,79,7,515.49,430.85,-0.1642
CAMP02514,2025-09-02,2025-09-08,Social,56232,1245,182,34,1223.69,2082.7,0.702
CAMP02515,2025-02-22,2025-03-07,Search,97304,5395,1265,287,7066.77,19673.01,1.7839
CAMP02516,2025-06-06,2025-06-23,Email,59011,4023,1025,195,3486.46,13828.0,2.9662
CAMP02517,2025-08-06,2025-09-02,Search,35030,2358,595,186,3666.54,17527.15,3.7803
CAMP02518,2025-03-15,2025-04-05,Influencer,31130,1264,268,60,1559.28,4944.45,2.171
CAMP02519,2025-11-08,2025-11-28,Email,88400,6492,1623,329,5823.51,21770.8,2.7384
CAMP02520,2025-04-12,2025-04-19,Social,42469,929,125,22,657.42,1623.29,1.4692
CAMP02521,2025-08-13,2025-08-28,Search,27044,2267,622,178,3604.58,19059.05,4.2875
CAMP02522,2025-02-01,2025-02-11,Email,31923,2587,706,148,2055.24,13685.62,5.6589
CAMP02523,2025-10-15,2025-11-07,Search,84020,4615,1018,234,6411.95,18433.11,1.8748
CAMP02524,2025-08-11,2025-08-31,Social,84433,2237,364,68,1937.77,4238.87,1.1875
CAMP02525,2025-05-29,2025-06-11,Influencer,32020,1172,239,54,1361.92,5718.18,3.1986
CAMP02526,2025-06-22,2025-07-17,Email,121710,10641,3008,650,8869.13,38274.88,3.3155
CAMP02527,2025-01-05,2025-01-19,Social,56169,1683,287,62,1240.79,4295.89,2.4622
CAMP02528,2025-08-08,2025-08-16,Search,9897,588,146,29,1021.78,2295.37,1.2464
CAMP02529,2025-11-18,2025-11-25,Search,32641,2508,708,185,3953.25,15490.34,2.9184
CAMP02530,2025-09-19,2025-10-05,Search,36816,2069,470,121,2994.02,11625.73,2.883
CAMP02531,2025-07-03,2025-07-29,Search,173065,7959,1637,367,12361.36,28860.56,1.3347
CAMP02532,2025-09-03,2025-09-18,Search,60345,3344,740,179,4577.17,14546.89,2.1781
CAMP02533,2025-01-27,2025-02-08,Social,73709,1757,279,48,1207.96,2259.85,0.8708
CAMP02534,2025-08-02,2025-08-10,Email,60384,3772,849,140,3260.39,10163.94,2.1174
CAMP02535,2025-05-18,2025-06-06,Social,60746,1127,135,31,852.84,2124.22,1.4908
CAMP02536,2025-07-14,2025-08-04,Social,20051,624,118,17,492.68,862.57,0.7508
CAMP02537,2025-11-11,2025-11-23,Email,50378,4341,1237,273,3216.26,18549.73,4.7675
CAMP02538,2025-01-25,2025-02-12,Display,39034,390,33,2,253.07,109.3,-0.5681
CAMP02539,2025-01-29,2025-02-23,Social,19007,531,95,24,410.22,1441.82,2.5147
CAMP02540,2025-08-25,2025-09-08,Display,73026,782,78,14,399.85,754.64,0.8873
CAMP02541,2025-09-27,2025-10-15,Display,72238,808,95,15,475.6,1034.4,1.1749
CAMP02542,2025-08-09,2025-09-04,Social,17790,650,133,25,501.51,1465.01,1.9212
CAMP02543,2025-07-11,2025-07-17,Social,39735,1526,289,61,1093.7,4846.17,3.431
CAMP02544,2025-08-06,2025-09-01,Display,11394,133,6,1,83.03,84.57,0.0185
CAMP02545,2025-02-16,2025-02-25,Social,24567,553,86,18,374.27,1546.42,3.1318
CAMP02546,2025-10-18,2025-10-29,Display,53462,676,80,7,387.96,510.59,0.3161
CAMP02547,2025-07-03,2025-07-26,Search,56949,3896,952,258,4292.13,20513.78,3.7794
CAMP02548,2025-09-21,2025-10-10,Email,64600,3660,864,153,3111.29,8807.44,1.8308
CAMP02549,2025-12-06,2025-12-30,Social,30340,792,118,14,623.76,1156.08,0.8534
CAMP02550,2025-04-16,2025-04-24,Search,17741,1175,267,73,1444.31,5583.69,2.866
CAMP02551,2025-03-24,2025-04-19,Social,84536,2163,358,63,1576.21,5376.09,2.4108
CAMP02552,2025-09-29,2025-10-11,Social,67657,1805,301,57,1364.86,5625.2,3.1214
CAMP02553,2025-11-03,2025-11-09,Search,69430,2788,507,113,4413.46,6156.14,0.3949
CAMP02554,2025-05-10,2025-05-23,Search,25414,1579,377,106,1790.74,7332.95,3.0949
CAMP02555,2025-09-13,2025-10-03,Display,47037,463,40,2,293.33,122.32,-0.583
CAMP02556,2025-01-10,2025-02-03,Search,65291,2523,474,83,3518.29,7088.32,1.0147
CAMP02557,2025-06-18,2025-06-24,Search,119000,4472,827,165,5362.66,12856.87,1.3975
CAMP02558,2025-05-10,2025-05-29,Influencer,44841,1450,258,52,1780.34,5390.27,2.0277
CAMP02559,2025-11-30,2025-12-13,Social,135675,3586,585,105,2886.99,7539.0,1.6114
CAMP02560,2025-02-22,2025-02-28,Social,11398,285,51,9,218.49,647.2,1.9621
CAMP02561,2025-07-31,2025-08-13,Display,44709,734,89,14,505.75,1012.35,1.0017
CAMP02562,2025-11-22,2025-12-04,Search,25421,1318,285,62,1940.16,5416.72,1.7919
CAMP02563,2025-02-28,2025-03-09,Social,136867,2424,313,41,1706.56,2529.28,0.4821
CAMP02564,2025-03-23,2025-04-13,Social,78598,1516,221,46,1105.41,3022.58,1.7344
CAMP02565,2025-04-21,2025-05-12,Search,115420,8336,2077,578,11114.06,49701.21,3.4719
CAMP02566,2025-03-30,2025-04-22,Search,79623,4518,974,252,6338.16,15590.47,1.4598
CAMP02567,2025-07-19,2025-07-25,Social,26875,673,91,17,724.14,1076.71,0.4869
CAMP02568,2025-01-12,2025-01-31,Search,49531,3107,704,166,3896.45,11125.5,1.8553
CAMP02569,2025-05-30,2025-06-21,Social,115044,2631,387,82,1605.54,5625.03,2.5035
CAMP02570,2025-09-01,2025-09-22,Influencer,24117,872,159,42,1221.81,3087.33,1.5268
CAMP02571,2025-09-25,2025-10-17,Influencer,68046,1899,301,63,2265.38,5562.25,1.4553
CAMP02572,2025-11-15,2025-11-29,Social,125907,2134,300,43,2059.75,2591.23,0.258
CAMP02573,2025-02-18,2025-02-24,Search,76237,3899,872,194,6824.85,22447.83,2.2891
CAMP02574,2025-02-03,2025-02-16,Search,148021,11519,3080,942,16662.15,78597.64,3.7171
CAMP02575,2025-08-19,2025-08-30,Social,41110,974,162,30,851.29,2112.26,1.4812
CAMP02576,2025-03-22,2025-03-28,Search,52329,3417,791,224,4380.02,21619.85,3.936
CAMP02577,2025-05-03,2025-05-26,Search,130383,4156,687,126,6151.19,11901.22,0.9348
CAMP02578,2025-12-24,2026-01-03,Social,32569,770,122,29,489.33,2217.63,3.532
CAMP02579,2025-10-01,2025-10-17,Search,85498,6127,1525,408,11639.86,32990.03,1.8342
CAMP02580,2025-06-12,2025-06-18,Social,62246,1746,293,61,1477.35,4870.06,2.2965
CAMP02581,2025-03-27,2025-04-03,Display,84103,753,58,2,492.42,113.39,-0.7697
CAMP02582,2025-09-12,2025-09-28,Search,40529,1735,351,77,2243.15,5643.19,1.5157
CAMP02583,2025-05-08,2025-05-22,Social,35303,750,103,14,481.83,708.37,0.4702
CAMP02584,2025-08-18,2025-08-31,Display,30618,301,35,4,224.12,277.31,0.2373
CAMP02585,2025-10-03,2025-10-17,Email,31490,2469,674,163,1973.45,7648.61,2.8758
CAMP02586,2025-05-14,2025-05-22,Email,44507,3036,735,136,2390.55,9939.66,3.1579
CAMP02587,2025-02-05,2025-02-11,Search,57712,3849,951,256,5273.89,21821.7,3.1377
CAMP02588,2025-11-04,2025-11-20,Influencer,62586,2205,393,104,2581.3,11676.86,3.5236
CAMP02589,2025-12-07,2026-01-02,Email,28031,1682,380,75,1129.55,4939.88,3.3733
CAMP02590,2025-12-06,2025-12-24,Search,49431,2590,556,120,3419.18,6467.04,0.8914
CAMP02591,2025-03-19,2025-03-30,Search,35996,1658,353,83,2726.04,7605.78,1.79
CAMP02592,2025-12-04,2025-12-18,Search,91053,5801,1382,355,7506.64,27433.42,2.6546
CAMP02593,2025-01-29,2025-02-10,Display,55437,625,66,8,447.73,465.95,0.0407
CAMP02594,2025-04-17,2025-04-29,Search,60198,2624,522,95,3993.89,8546.96,1.14
CAMP02595,2025-08-24,2025-09-12,Social,72740,1395,219,42,1228.23,2981.59,1.4276
CAMP02596,2025-01-29,2025-02-04,Influencer,41231,1275,204,37,1524.57,2369.97,0.5545
CAMP02597,2025-11-20,2025-12-06,Email,53320,3328,776,120,2485.71,7226.44,1.9072
CAMP02598,2025-05-12,2025-05-27,Social,31508,1032,189,40,848.26,3386.62,2.9924
CAMP02599,2025-12-07,2025-12-26,Search,80545,3942,812,174,4963.6,18051.12,2.6367
CAMP02600,2025-11-16,2025-12-12,Search,149263,7577,1585,358,13818.9,20385.58,0.4752
CAMP02601,2025-03-01,2025-03-22,Email,52477,5064,1509,371,3409.75,26415.68,6.7471
CAMP02602,2025-09-08,2025-09-19,Social,94587,2710,477,86,2685.89,7777.98,1.8959
CAMP02603,2025-12-18,2026-01-09,Social,15835,439,72,10,383.19,507.69,0.3249
CAMP02604,2025-09-23,2025-10-04,Display,30601,437,50,7,287.7,529.32,0.8398
CAMP02605,2025-03-30,2025-04-13,Display,31615,291,36,2,189.44,111.45,-0.4117
CAMP02606,2025-11-21,2025-12-08,Social,82346,1983,311,60,1977.19,4250.85,1.1499
CAMP02607,2025-11-09,2025-11-16,Email,40065,1936,406,68,1433.58,4119.98,1.8739
CAMP02608,2025-01-24,2025-02-13,Social,67552,1860,305,50,1309.81,4416.17,2.3716
CAMP02609,2025-11-11,2025-11-27,Email,25883,1960,497,102,1624.07,8342.94,4.1371
CAMP02610,2025-10-06,2025-10-21,Email,55744,3440,763,144,2277.22,7604.08,2.3392
CAMP02611,2025-05-15,2025-06-07,Email,70467,5159,1289,252,4387.4,19264.97,3.391
CAMP02612,2025-06-05,2025-06-24,Search,76666,4796,1074,262,6619.95,23121.15,2.4926
CAMP02613,2025-02-18,2025-03-05,Influencer,63303,2041,329,71,2282.82,7974.32,2.4932
CAMP02614,2025-05-05,2025-05-19,Search,38220,2355,553,136,3268.01,8699.29,1.662
CAMP02615,2025-08-06,2025-08-19,Search,80908,3644,689,147,4279.16,11183.16,1.6134
CAMP02616,2025-04-13,2025-04-22,Search,74330,3314,650,164,5596.62,13872.14,1.4787
CAMP02617,2025-11-18,2025-12-02,Email,72639,5922,1527,313,5209.83,14661.58,1.8142
CAMP02618,2025-06-11,2025-06-21,Social,48865,946,136,20,650.55,1691.43,1.6
CAMP02619,2025-03-23,2025-04-13,Email,60169,4848,1362,276,4121.9,22136.7,4.3705
CAMP02620,2025-11-17,2025-12-11,Display,76822,963,85,11,612.78,853.59,0.393
CAMP02621,2025-04-11,2025-04-20,Email,46913,3971,1079,228,3025.5,13618.21,3.5011
CAMP02622,2025-10-17,2025-10-28,Search,47159,2610,607,135,3061.39,13885.75,3.5358
CAMP02623,2025-08-13,2025-08-27,Email,18391,1549,395,70,1087.07,5777.25,4.3145
CAMP02624,2025-09-16,2025-09-25,Email,45351,4140,1192,241,3207.81,10929.95,2.4073
CAMP02625,2025-02-15,2025-03-04,Social,40005,1310,238,49,1023.52,3964.81,2.8737
CAMP02626,2025-11-05,2025-11-12,Search,125313,8138,1999,527,10059.36,41972.52,3.1725
CAMP02627,2025-04-08,2025-05-02,Email,52336,3162,764,141,2952.14,8719.61,1.9537
CAMP02628,2025-08-29,2025-09-17,Email,81475,4845,1116,229,3387.5,18628.48,4.4992
CAMP02629,2025-05-06,2025-05-31,Search,51688,3200,768,191,3860.79,17432.59,3.5153
CAMP02630,2025-12-30,2026-01-13,Email,45270,2487,561,103,2143.45,6276.47,1.9282
CAMP02631,2025-07-29,2025-08-15,Social,112851,2697,411,75,2304.79,4824.81,1.0934
CAMP02632,2025-12-31,2026-01-07,Influencer,87769,2603,412,79,3354.58,7560.67,1.2538
CAMP02633,2025-02-13,2025-03-07,Social,74313,1531,217,42,1285.12,3484.77,1.7116
CAMP02634,2025-09-19,2025-09-25,Social,125707,3795,645,125,2655.12,11474.07,3.3215
CAMP02635,2025-05-21,2025-05-31,Search,81840,5616,1404,363,8557.88,23710.53,1.7706
CAMP02636,2025-09-25,2025-10-09,Email,94359,5941,1394,248,4752.81,15451.98,2.2511
CAMP02637,2025-11-26,2025-12-19,Influencer,41088,1608,309,72,1568.32,5323.51,2.3944
CAMP02638,2025-11-23,2025-12-04,Search,33415,2127,505,133,2904.59,11173.24,2.8468
CAMP02639,2025-07-07,2025-07-21,Email,104146,6670,1561,295,5239.36,20221.38,2.8595
CAMP02640,2025-06-24,2025-07-15,Influencer,23545,820,160,34,932.88,3178.74,2.4074
CAMP02641,2025-11-14,2025-12-06,Social,43834,835,112,16,639.06,935.68,0.4642
CAMP02642,2025-06-24,2025-07-14,Social,58903,1133,144,30,894.77,1890.28,1.1126
CAMP02643,2025-07-07,2025-07-20,Social,75991,1662,247,33,1372.06,2097.6,0.5288
CAMP02644,2025-12-12,2025-12-28,Search,47224,2180,443,92,3011.91,6234.5,1.0699
CAMP02645,2025-05-23,2025-05-30,Social,37638,940,162,34,641.88,2258.44,2.5185
CAMP02646,2025-03-18,2025-04-12,Email,68226,5144,1408,284,3709.18,21245.55,4.7278
CAMP02647,2025-07-30,2025-08-17,Search,52642,4331,1194,352,7368.02,42018.71,4.7028
CAMP02648,2025-06-06,2025-06-15,Email,72845,3432,700,114,2912.48,10833.27,2.7196
CAMP02649,2025-06-21,2025-07-08,Social,79346,1307,184,29,1449.48,2158.18,0.4889
CAMP02650,2025-07-24,2025-08-08,Social,130853,3818,692,139,3079.49,10060.6,2.267
CAMP02651,2025-05-26,2025-06-04,Social,27126,515,76,16,330.68,927.53,1.8049
CAMP02652,2025-03-06,2025-03-22,Search,74089,4712,1139,297,6264.49,30566.2,3.8793
CAMP02653,2025-08-24,2025-09-06,Social,12266,313,42,12,229.99,998.77,3.3427
CAMP02654,2025-06-01,2025-06-16,Social,42066,1237,202,38,782.69,2326.89,1.9729
CAMP02655,2025-04-18,2025-04-25,Email,62342,5205,1469,327,3523.74,26657.98,6.5653
CAMP02656,2025-02-06,2025-02-15,Social,47192,1215,218,41,1099.37,3269.93,1.9744
CAMP02657,2025-06-04,2025-06-11,Email,30720,1728,384,58,1171.07,3653.18,2.1195
CAMP02658,2025-08-29,2025-09-16,Social,29314,741,113,17,520.29,874.84,0.6814
CAMP02659,2025-07-24,2025-08-15,Influencer,51107,1325,209,34,1415.47,3309.15,1.3378
CAMP02660,2025-11-10,2025-12-01,Social,36379,902,129,22,706.83,1319.13,0.8663
CAMP02661,2025-12-07,2025-12-30,Social,82650,2982,581,133,2457.93,8356.32,2.3997
CAMP02662,2025-11-16,2025-12-01,Search,118115,5548,1182,266,7897.54,16092.07,1.0376
CAMP02663,2025-05-05,2025-05-15,Email,31316,1911,441,78,1985.55,6306.22,2.1761
CAMP02664,2025-02-25,2025-03-17,Search,92564,3406,601,123,4803.19,9772.9,1.0347
CAMP02665,2025-05-28,2025-06-07,Social,52305,1420,238,45,1303.47,2761.27,1.1184
CAMP02666,2025-04-10,2025-04-18,Search,133755,7324,1560,334,9043.8,26151.39,1.8916
CAMP02667,2025-04-03,2025-04-18,Search,130962,8479,1954,528,11171.72,40967.79,2.6671
CAMP02668,2025-09-06,2025-09-12,Influencer,42500,1277,230,52,1446.79,4401.17,2.042
CAMP02669,2025-08-25,2025-09-11,Email,83309,4516,1025,188,3173.51,11273.17,2.5523
CAMP02670,2025-01-19,2025-01-29,Search,47595,2965,690,183,3445.1,16647.99,3.8324
CAMP02671,2025-06-01,2025-06-12,Search,44477,2287,489,117,3874.36,7292.78,0.8823
CAMP02672,2025-09-13,2025-10-09,Social,78631,1945,324,54,1425.43,5652.57,2.9655
CAMP02673,2025-10-24,2025-11-11,Social,16531,572,99,24,569.0,1580.16,1.7771
CAMP02674,2025-07-30,2025-08-07,Social,80060,2254,367,81,2272.09,4951.2,1.1791
CAMP02675,2025-07-24,2025-08-17,Email,16979,1380,379,66,1138.88,4595.56,3.0352
CAMP02676,2025-01-27,2025-02-15,Influencer,73516,1984,308,51,2587.42,3588.59,0.3869
CAMP02677,2025-08-05,2025-08-13,Email,112192,10330,2931,672,7665.24,46664.86,5.0879
CAMP02678,2025-10-28,2025-11-17,Search,75798,3201,595,113,4308.06,8610.14,0.9986
CAMP02679,2025-12-24,2026-01-18,Social,27834,891,156,37,654.15,2868.47,3.385
CAMP02680,2025-01-22,2025-02-01,Influencer,95775,2760,495,98,2827.08,7467.86,1.6415
CAMP02681,2025-05-10,2025-06-03,Search,107424,5613,1190,294,7621.04,19829.03,1.6019
CAMP02682,2025-04-22,2025-05-05,Search,47711,1794,328,73,2320.21,5542.42,1.3888
CAMP02683,2025-12-07,2025-12-17,Search,36555,1979,421,90,3291.3,8251.51,1.5071
CAMP02684,2025-11-21,2025-12-05,Influencer,13994,347,53,7,360.54,478.93,0.3284
CAMP02685,2025-01-08,2025-01-17,Social,41102,975,157,27,885.8,1649.98,0.8627
CAMP02686,2025-08-31,2025-09-18,Display,22112,253,26,5,164.97,262.14,0.589
CAMP02687,2025-03-18,2025-04-05,Influencer,65499,3141,675,185,3785.26,16190.17,3.2772
CAMP02688,2025-08-25,2025-09-10,Display,63767,1087,143,17,659.23,1054.19,0.5991
CAMP02689,2025-11-01,2025-11-24,Social,45009,1089,174,28,814.37,1655.37,1.0327
CAMP02690,2025-09-26,2025-10-21,Search,41942,2431,569,140,3545.58,8768.63,1.4731
CAMP02691,2025-03-31,2025-04-25,Search,47554,2695,591,148,4718.41,10429.42,1.2104
CAMP02692,2025-07-16,2025-07-26,Email,76845,6595,1851,434,5269.67,30349.26,4.7592
CAMP02693,2025-03-23,2025-04-03,Search,31107,1911,416,110,2211.13,7138.26,2.2283
CAMP02694,2025-04-12,2025-04-25,Display,30356,335,36,2,207.7,120.64,-0.4192
CAMP02695,2025-03-05,2025-03-25,Display,59241,816,86,15,544.7,1088.11,0.9976
CAMP02696,2025-03-11,2025-04-03,Social,26783,691,85,21,487.54,1664.27,2.4136
CAMP02697,2025-11-01,2025-11-18,Social,69237,1524,220,37,1254.92,2592.19,1.0656
CAMP02698,2025-07-25,2025-08-11,Social,62458,1335,207,35,1027.14,2707.35,1.6358
CAMP02699,2025-07-11,2025-07-28,Social,139460,3459,543,116,2782.81,8301.81,1.9832
CAMP02700,2025-11-25,2025-12-20,Search,13545,666,138,21,909.49,1294.24,0.423
CAMP02701,2025-09-01,2025-09-14,Influencer,56982,1815,321,58,2366.31,4453.36,0.882
CAMP02702,2025-03-31,2025-04-16,Search,94995,5819,1339,342,9289.78,28112.41,2.0262
CAMP02703,2025-04-11,2025-04-27,Search,100384,6160,1366,339,8522.13,25382.87,1.9785
CAMP02704,2025-09-04,2025-10-01,Social,30522,802,133,19,668.18,1338.8,1.0037
CAMP02705,2025-09-01,2025-09-25,Search,51484,4513,1207,364,6129.21,32718.83,4.3382
CAMP02706,2025-12-18,2026-01-04,Email,49557,4158,1147,302,3830.78,24719.49,5.4529
CAMP02707,2025-06-05,2025-06-19,Display,48183,595,63,6,359.69,387.68,0.0778
CAMP02708,2025-12-23,2026-01-05,Email,29546,1771,427,75,1292.53,4193.33,2.2443
CAMP02709,2025-06-25,2025-07-08,Search,59726,2744,561,124,4143.02,10478.61,1.5292
CAMP02710,2025-12-21,2025-12-29,Social,38554,1246,237,48,1168.96,4205.69,2.5978
CAMP02711,2025-08-09,2025-08-24,Search,69616,3789,798,192,6094.16,13932.0,1.2861
CAMP02712,2025-11-08,2025-12-02,Email,90490,7083,1850,410,6379.02,31282.16,3.9039
CAMP02713,2025-05-11,2025-05-24,Influencer,29682,1340,255,72,1254.45,6163.53,3.9133
CAMP02714,2025-02-04,2025-02-23,Search,52447,2437,504,112,2367.12,10484.97,3.4294
CAMP02715,2025-05-31,2025-06-11,Display,22921,243,37,4,146.0,244.8,0.6767
CAMP02716,2025-12-06,2025-12-14,Influencer,105963,3444,596,144,4174.91,12933.14,2.0978
CAMP02717,2025-10-12,2025-10-30,Influencer,72809,2293,366,74,2761.35,7301.12,1.644
CAMP02718,2025-09-17,2025-10-07,Search,79381,3432,661,150,4251.98,10059.32,1.3658
CAMP02719,2025-01-15,2025-02-06,Search,174316,8860,1796,415,11865.88,31258.45,1.6343
CAMP02720,2025-06-22,2025-07-09,Search,82383,4123,880,205,5093.37,23181.95,3.5514
CAMP02721,2025-06-08,2025-06-28,Social,116295,2552,383,57,2181.97,3917.18,0.7952
CAMP02722,2025-08-03,2025-08-17,Social,72242,1565,246,41,1336.8,2788.04,1.0856
CAMP02723,2025-07-08,2025-08-03,Display,35801,547,71,16,314.82,755.32,1.3992
CAMP02724,2025-07-01,2025-07-23,Search,145649,8611,1985,488,12550.31,36587.1,1.9152
CAMP02725,2025-03-16,2025-04-05,Email,55837,3262,719,128,2609.34,8770.16,2.3611
CAMP02726,2025-03-27,2025-04-07,Display,18296,254,25,3,178.67,182.89,0.0236
CAMP02727,2025-12-23,2026-01-13,Social,45992,1134,181,34,863.34,2740.19,2.1739
CAMP02728,2025-11-27,2025-12-24,Email,130364,7097,1585,268,5794.23,17012.82,1.9362
CAMP02729,2025-01-27,2025-02-07,Search,28286,1899,462,123,2703.08,8086.44,1.9916
CAMP02730,2025-07-10,2025-07-20,Email,69015,5439,1419,334,4118.28,21235.39,4.1564
CAMP02731,2025-05-23,2025-06-18,Search,83729,4654,1062,253,5729.69,25988.81,3.5358
CAMP02732,2025-07-08,2025-07-19,Search,90509,5577,1327,322,7375.57,25331.42,2.4345
CAMP02733,2025-11-18,2025-11-30,Display,65127,1065,121,17,584.61,1299.38,1.2226
CAMP02734,2025-04-06,2025-04-28,Search,46069,4200,1158,344,6461.46,32832.57,4.0813
CAMP02735,2025-03-08,2025-04-02,Display,131954,1443,137,10,1039.26,656.07,-0.3687
CAMP02736,2025-03-10,2025-04-04,Search,26805,2043,502,132,2832.23,10872.05,2.8387
CAMP02737,2025-12-29,2026-01-21,Search,62947,3751,852,204,5518.75,13501.42,1.4465
CAMP02738,2025-01-06,2025-01-20,Search,58544,3328,776,184,4060.02,20862.55,4.1385
CAMP02739,2025-06-12,2025-06-28,Email,39227,2719,681,138,2055.27,7807.65,2.7988
CAMP02740,2025-02-05,2025-03-01,Social,113076,3668,661,143,2905.66,10382.0,2.573
CAMP02741,2025-08-12,2025-09-08,Email,69036,4339,993,169,3969.71,8695.08,1.1904
CAMP02742,2025-01-16,2025-02-06,Display,78990,1149,151,13,809.28,910.41,0.125
CAMP02743,2025-05-13,2025-05-30,Social,24223,692,104,16,576.02,1189.42,1.0649
CAMP02744,2025-05-29,2025-06-04,Email,15718,1166,303,67,966.19,5017.37,4.1929
CAMP02745,2025-01-15,2025-01-31,Email,106903,6792,1643,312,6413.71,20515.29,2.1987
CAMP02746,2025-11-05,2025-11-29,Search,92859,7252,1923,552,12453.62,40816.41,2.2775
CAMP02747,2025-11-18,2025-12-02,Social,119961,2713,427,80,2515.23,4628.06,0.84
CAMP02748,2025-07-22,2025-08-11,Social,56422,1587,249,63,1201.03,3687.01,2.0699
CAMP02749,2025-09-02,2025-09-16,Social,41434,1072,164,23,969.89,1188.72,0.2256
CAMP02750,2025-11-30,2025-12-17,Search,102471,4917,999,216,7466.98,14385.84,0.9266
CAMP02751,2025-03-03,2025-03-23,Display,51405,753,92,14,450.85,999.43,1.2168
CAMP02752,2025-02-16,2025-03-04,Influencer,55098,1891,358,82,1733.32,8278.22,3.7759
CAMP02753,2025-10-12,2025-10-26,Display,27448,246,22,0,180.38,0.0,-1.0
CAMP02754,2025-04-22,2025-05-10,Search,54343,3297,732,192,3697.45,10201.18,1.759
CAMP02755,2025-02-04,2025-02-22,Email,22140,1174,270,49,905.44,3283.37,2.6263
CAMP02756,2025-07-15,2025-08-03,Search,17437,863,162,36,1397.79,2754.8,0.9708
CAMP02757,2025-07-29,2025-08-15,Email,85091,6540,1634,331,4395.07,17437.55,2.9675
CAMP02758,2025-04-22,2025-05-11,Search,36980,2161,468,140,3061.27,10878.53,2.5536
CAMP02759,2025-09-04,2025-09-26,Search,174168,8258,1675,390,9144.25,32939.14,2.6022
CAMP02760,2025-06-15,2025-06-22,Email,63997,5464,1533,348,4673.22,18996.92,3.0651
CAMP02761,2025-10-01,2025-10-18,Display,49753,672,80,7,472.38,409.38,-0.1334
CAMP02762,2025-02-13,2025-02-22,Display,53012,457,44,1,281.67,71.66,-0.7456
CAMP02763,2025-03-20,2025-04-05,Social,72956,1454,194,27,1294.35,2000.48,0.5455
CAMP02764,2025-01-15,2025-01-26,Search,41169,3289,844,233,4920.44,18764.54,2.8136
CAMP02765,2025-11-13,2025-11-21,Social,118982,2529,406,72,2016.42,4222.95,1.0943
CAMP02766,2025-10-19,2025-10-31,Influencer,31673,1304,252,61,1362.03,4995.23,2.6675
CAMP02767,2025-11-27,2025-12-22,Search,23324,1285,289,64,1863.77,5137.23,1.7564
CAMP02768,2025-04-10,2025-04-23,Search,29848,2044,474,131,2960.06,10777.33,2.6409
CAMP02769,2025-09-30,2025-10-10,Email,77749,4578,1049,186,3687.62,12150.71,2.295
CAMP02770,2025-01-31,2025-02-09,Email,32180,2384,640,138,1602.93,9457.99,4.9004
CAMP02771,2025-04-28,2025-05-15,Influencer,54631,1740,300,77,1670.68,6188.3,2.7041
CAMP02772,2025-02-26,2025-03-12,Influencer,73133,2542,457,111,2816.31,10363.46,2.6798
CAMP02773,2025-02-04,2025-02-23,Search,146151,8858,2054,503,13743.76,43261.57,2.1477
CAMP02774,2025-02-17,2025-03-14,Social,86965,2389,417,89,2111.81,5115.22,1.4222
CAMP02775,2025-12-29,2026-01-06,Email,72492,4535,1072,202,4199.65,10910.32,1.5979
CAMP02776,2025-02-08,2025-03-03,Social,44241,1115,176,17,896.56,1337.63,0.492
CAMP02777,2025-12-19,2025-12-25,Influencer,152735,4157,683,132,4941.71,16060.57,2.25
CAMP02778,2025-02-11,2025-03-05,Display,45546,599,72,14,424.94,1035.93,1.4378
CAMP02779,2025-06-01,2025-06-08,Email,67010,5098,1318,271,4495.48,16385.5,2.6449
CAMP02780,2025-11-16,2025-12-11,Search,90334,4705,1006,246,6950.65,19013.99,1.7356
CAMP02781,2025-05-01,2025-05-07,Influencer,32061,1162,220,41,1037.52,3280.23,2.1616
CAMP02782,2025-04-15,2025-05-09,Influencer,29290,1438,319,86,1757.93,8122.72,3.6206
CAMP02783,2025-07-08,2025-07-25,Social,17987,357,41,4,303.21,288.31,-0.0491
CAMP02784,2025-04-21,2025-05-13,Influencer,10918,482,97,21,604.91,1760.11,1.9097
CAMP02785,2025-10-11,2025-10-19,Email,36934,2114,493,89,1802.45,7201.2,2.9952
CAMP02786,2025-11-29,2025-12-06,Email,53478,5117,1471,353,4396.89,21770.25,3.9513
CAMP02787,2025-12-07,2025-12-18,Influencer,70096,2330,431,70,2978.68,5669.48,0.9034
CAMP02788,2025-02-22,2025-03-21,Email,48019,3627,983,219,4312.45,14222.49,2.298
CAMP02789,2025-08-04,2025-08-29,Email,19025,1852,559,135,1484.89,7269.18,3.8954
CAMP02790,2025-01-23,2025-02-17,Email,21639,1333,316,58,822.3,3108.65,2.7804
CAMP02791,2025-04-03,2025-04-30,Search,20682,1455,345,95,1834.53,8234.91,3.4888
CAMP02792,2025-11-07,2025-11-14,Email,45138,3153,828,166,2386.48,8825.39,2.6981
CAMP02793,2025-12-25,2026-01-01,Display,100683,1476,182,26,952.31,1442.99,0.5153
CAMP02794,2025-11-30,2025-12-22,Display,42505,566,70,9,339.5,808.05,1.3801
CAMP02795,2025-07-25,2025-08-12,Search,20491,1131,243,59,1517.15,4063.22,1.6782
CAMP02796,2025-05-11,2025-05-23,Email,23003,1125,240,44,916.01,3809.68,3.159
CAMP02797,2025-04-30,2025-05-23,Display,96790,1279,140,18,763.11,1330.06,0.7429
CAMP02798,2025-03-01,2025-03-19,Display,35409,468,43,6,322.42,236.08,-0.2678
CAMP02799,2025-08-10,2025-09-03,Email,27786,2201,591,113,1680.71,6584.71,2.9178
CAMP02800,2025-07-12,2025-07-23,Display,91224,1143,115,14,793.14,838.7,0.0574
CAMP02801,2025-07-02,2025-07-23,Display,45470,490,50,4,355.03,226.82,-0.3611
CAMP02802,2025-11-01,2025-11-22,Email,151983,9456,2231,421,7023.01,33050.57,3.706
CAMP02803,2025-10-27,2025-11-08,Social,37250,765,97,15,673.52,1176.53,0.7468
CAMP02804,2025-03-19,2025-04-04,Search,56943,2397,479,102,3777.77,6627.47,0.7543
CAMP02805,2025-10-29,2025-11-22,Search,23471,1471,353,86,2151.65,7575.54,2.5208
CAMP02806,2025-07-15,2025-07-21,Search,82568,4614,999,228,6378.25,18749.86,1.9397
CAMP02807,2025-06-04,2025-06-12,Social,24824,447,61,11,403.93,870.11,1.1541
CAMP02808,2025-09-21,2025-10-08,Display,32834,458,50,7,300.9,506.69,0.6839
CAMP02809,2025-08-08,2025-09-02,Influencer,35767,1015,198,35,1104.03,2422.63,1.1944
CAMP02810,2025-07-02,2025-07-15,Influencer,26634,950,159,43,1172.36,4197.51,2.5804
CAMP02811,2025-08-01,2025-08-13,Search,92881,5471,1247,328,6697.31,26291.88,2.9257
CAMP02812,2025-03-12,2025-04-07,Display,81187,1170,130,23,593.25,1867.6,2.1481
CAMP02813,2025-03-19,2025-04-13,Search,71395,4645,1094,286,6343.77,21230.13,2.3466
CAMP02814,2025-12-18,2025-12-28,Search,52556,2709,557,122,4155.36,11136.87,1.6801
CAMP02815,2025-08-28,2025-09-03,Email,58352,3654,846,149,2986.79,11596.09,2.8825
CAMP02816,2025-05-03,2025-05-28,Search,16782,858,197,47,1278.44,3404.02,1.6626
CAMP02817,2025-10-13,2025-11-02,Display,43941,644,70,19,388.93,1262.69,2.2466
CAMP02818,2025-06-09,2025-06-26,Email,67735,3802,925,183,3429.78,8336.92,1.4307
CAMP02819,2025-11-13,2025-11-22,Search,57890,3012,640,148,4453.34,14109.0,2.1682
CAMP02820,2025-03-04,2025-03-26,Social,134511,3733,599,143,3084.51,10909.06,2.5367
CAMP02821,2025-09-19,2025-10-15,Influencer,30923,849,144,29,1136.25,3172.15,1.7918
CAMP02822,2025-07-05,2025-07-13,Search,155812,7198,1477,307,8364.47,22077.08,1.6394
CAMP02823,2025-05-18,2025-06-06,Display,35031,367,35,6,213.15,366.53,0.7196
CAMP02824,2025-11-02,2025-11-25,Display,63745,789,93,10,515.63,705.2,0.3676
CAMP02825,2025-07-24,2025-07-30,Email,100000,5336,1193,204,4412.72,17350.42,2.9319
CAMP02826,2025-01-18,2025-02-09,Display,50237,453,39,7,306.18,415.4,0.3567
CAMP02827,2025-08-30,2025-09-16,Social,58048,1775,315,67,1329.52,5928.03,3.4588
CAMP02828,2025-12-10,2025-12-16,Social,51761,896,121,18,629.76,1589.59,1.5241
CAMP02829,2025-07-23,2025-08-04,Email,112623,7058,1674,307,4602.87,20383.83,3.4285
CAMP02830,2025-10-22,2025-11-11,Email,119261,8349,2079,400,6779.54,27221.02,3.0152
CAMP02831,2025-05-16,2025-05-22,Search,79111,3835,810,177,5915.57,13858.75,1.3428
CAMP02832,2025-05-02,2025-05-24,Email,72838,4680,1130,212,3678.8,14057.26,2.8212
CAMP02833,2025-02-06,2025-03-02,Influencer,68643,2744,486,121,2408.25,6847.26,1.8433
CAMP02834,2025-06-15,2025-06-29,Social,16978,382,76,9,352.61,559.55,0.5869
CAMP02835,2025-09-30,2025-10-22,Social,67763,1857,306,69,1335.77,4798.33,2.5922
CAMP02836,2025-11-26,2025-12-14,Email,5712,440,121,27,393.1,1729.97,3.4008
CAMP02837,2025-05-07,2025-05-30,Social,92205,2027,294,50,1476.21,3462.81,1.3457
CAMP02838,2025-05-31,2025-06-19,Search,40053,2490,589,152,3723.13,12038.12,2.2333
CAMP02839,2025-12-24,2026-01-01,Email,76152,4735,1125,215,3407.86,16427.12,3.8204
CAMP02840,2025-06-03,2025-06-22,Influencer,56373,1961,316,62,1920.92,6674.95,2.4749
CAMP02841,2025-07-04,2025-07-29,Display,62544,677,71,5,350.32,259.9,-0.2581
CAMP02842,2025-08-08,2025-08-23,Email,55705,3357,762,143,2515.87,7857.92,2.1233
CAMP02843,2025-03-08,2025-04-03,Social,86005,2250,393,60,1747.62,5124.13,1.9321
CAMP02844,2025-08-17,2025-08-29,Email,104185,5142,1073,194,4049.19,11256.58,1.78
CAMP02845,2025-09-01,2025-09-22,Social,57740,1179,188,35,682.07,1718.49,1.5195
CAMP02846,2025-01-23,2025-02-18,Search,97618,4932,1072,261,7051.12,16242.49,1.3035
CAMP02847,2025-03-08,2025-03-18,Display,99536,1368,142,23,869.96,1554.27,0.7866
CAMP02848,2025-06-26,2025-07-03,Influencer,76333,2803,557,122,2587.01,14424.24,4.5756
CAMP02849,2025-04-29,2025-05-18,Social,62030,1433,230,37,1254.07,2740.15,1.185
CAMP02850,2025-01-25,2025-01-31,Search,45779,3279,825,234,3996.78,15665.06,2.9194
CAMP02851,2025-04-11,2025-04-25,Email,120867,6492,1417,251,5162.18,18344.86,2.5537
CAMP02852,2025-05-09,2025-06-04,Search,104780,5521,1199,278,9142.53,18897.22,1.067
CAMP02853,2025-05-26,2025-06-22,Email,58236,4170,1048,209,3513.38,11802.44,2.3593
CAMP02854,2025-02-21,2025-03-08,Search,25150,1100,215,40,1491.5,4146.44,1.78
CAMP02855,2025-02-04,2025-02-13,Social,20451,368,61,7,248.16,406.55,0.6383
CAMP02856,2025-11-19,2025-12-05,Email,74337,5402,1427,283,3982.18,21311.47,4.3517
CAMP02857,2025-06-16,2025-06-27,Search,64757,3282,676,167,4766.15,15686.1,2.2911
CAMP02858,2025-02-18,2025-03-15,Influencer,68230,2859,561,119,3734.62,10115.82,1.7087
CAMP02859,2025-01-27,2025-02-10,Search,32092,1576,343,83,2318.04,7495.1,2.2334
CAMP02860,2025-04-08,2025-04-29,Influencer,67869,2274,419,92,2592.86,6285.87,1.4243
CAMP02861,2025-09-25,2025-10-01,Search,97026,6614,1566,443,9806.93,36127.11,2.6838
CAMP02862,2025-11-21,2025-11-30,Email,24326,1309,312,63,959.28,2920.42,2.0444
CAMP02863,2025-03-08,2025-03-20,Social,116572,2926,475,88,2297.77,5646.1,1.4572
CAMP02864,2025-06-03,2025-06-09,Display,60278,849,89,16,634.67,1239.68,0.9533
CAMP02865,2025-11-29,2025-12-14,Influencer,90127,3116,563,131,2540.74,11895.9,3.6821
CAMP02866,2025-08-06,2025-08-25,Email,58472,3761,871,188,3813.71,11041.58,1.8952
CAMP02867,2025-02-06,2025-02-16,Social,60203,1775,333,60,1515.83,3869.02,1.5524
CAMP02868,2025-05-12,2025-06-02,Search,50641,2025,418,70,3272.36,6887.18,1.1047
CAMP02869,2025-12-07,2025-12-17,Search,64825,3354,685,163,3584.72,15787.03,3.404
CAMP02870,2025-05-13,2025-05-27,Email,59532,3508,782,128,2979.49,9395.3,2.1533
CAMP02871,2025-12-17,2026-01-08,Email,42416,3031,800,157,2035.05,7825.11,2.8452
CAMP02872,2025-10-06,2025-10-12,Email,99307,6492,1516,312,6221.01,17773.91,1.8571
CAMP02873,2025-06-11,2025-07-01,Email,82299,5127,1274,233,4589.05,18969.49,3.1336
CAMP02874,2025-03-12,2025-04-04,Social,46301,1331,251,41,1012.31,3816.65,2.7702
CAMP02875,2025-10-15,2025-10-30,Search,144734,8023,1832,458,13948.38,32714.48,1.3454
CAMP02876,2025-12-09,2025-12-25,Email,90558,6853,1784,361,5651.74,27291.5,3.8289
CAMP02877,2025-05-13,2025-05-30,Email,73629,5861,1633,348,5247.08,15469.29,1.9482
CAMP02878,2025-04-05,2025-05-01,Influencer,10999,286,49,13,315.91,1179.86,2.7348
CAMP02879,2025-10-02,2025-10-23,Search,73690,3824,800,200,5061.65,26933.23,4.321
CAMP02880,2025-06-11,2025-06-29,Search,38238,1990,440,99,2684.62,9207.39,2.4297
CAMP02881,2025-11-10,2025-11-26,Search,55078,3428,849,222,5871.14,19389.57,2.3025
CAMP02882,2025-08-15,2025-08-29,Display,32546,275,26,3,175.82,202.14,0.1497
CAMP02883,2025-02-21,2025-03-14,Search,51485,2960,688,162,4342.87,9500.18,1.1875
CAMP02884,2025-06-21,2025-07-18,Social,65648,2071,369,68,1238.07,4037.65,2.2612
CAMP02885,2025-07-14,2025-08-09,Social,23197,566,77,16,510.59,1276.96,1.5009
CAMP02886,2025-04-10,2025-04-27,Search,80581,4866,1117,274,6848.31,22818.64,2.332
CAMP02887,2025-04-30,2025-05-13,Display,53480,615,48,9,422.04,588.69,0.3949
CAMP02888,2025-04-08,2025-04-30,Influencer,19905,735,153,28,700.42,2779.44,2.9682
CAMP02889,2025-08-15,2025-09-09,Search,90688,5997,1396,386,8383.42,36011.28,3.2955
CAMP02890,2025-08-15,2025-09-06,Email,24983,1841,482,108,1678.01,6752.14,3.0239
CAMP02891,2025-05-01,2025-05-25,Social,112165,3887,714,145,2893.26,9851.76,2.4051
CAMP02892,2025-06-07,2025-06-25,Email,27081,1648,373,65,1233.07,3259.93,1.6438
CAMP02893,2025-10-15,2025-10-27,Display,76437,1070,83,15,824.44,872.51,0.0583
CAMP02894,2025-04-10,2025-04-29,Influencer,32464,1718,385,92,1798.15,8167.85,3.5424
CAMP02895,2025-03-14,2025-03-26,Email,105398,6953,1699,300,5851.94,21219.89,2.6261
CAMP02896,2025-09-22,2025-10-16,Social,59087,1440,227,24,1061.59,1773.36,0.6705
CAMP02897,2025-01-16,2025-01-24,Search,63448,3288,690,164,5076.11,14395.98,1.836
CAMP02898,2025-06-05,2025-06-11,Social,49962,1030,145,29,872.24,2573.83,1.9508
CAMP02899,2025-04-25,2025-05-02,Search,46725,2021,375,94,2625.09,7098.62,1.7041
CAMP02900,2025-02-26,2025-03-13,Email,44542,4535,1380,315,3245.64,19662.87,5.0582
CAMP02901,2025-03-20,2025-03-27,Influencer,58561,1868,308,63,2011.06,6168.13,2.0671
CAMP02902,2025-08-25,2025-09-12,Search,125152,8344,2045,568,12448.94,40813.94,2.2785
CAMP02903,2025-12-15,2025-12-30,Display,80217,1125,125,13,521.81,866.52,0.6606
CAMP02904,2025-12-06,2025-12-21,Search,103016,6745,1592,421,10015.91,38267.11,2.8206
CAMP02905,2025-06-10,2025-06-27,Display,48563,436,45,4,297.33,271.99,-0.0852
CAMP02906,2025-06-21,2025-07-12,Search,104768,5086,1033,245,7177.23,18335.74,1.5547
CAMP02907,2025-01-27,2025-02-10,Search,54254,3165,735,178,4476.8,10081.03,1.2518
CAMP02908,2025-12-06,2025-12-16,Search,60773,3462,764,189,5084.02,14125.64,1.7784
CAMP02909,2025-01-28,2025-02-18,Social,54094,1329,221,41,882.57,2127.19,1.4102
CAMP02910,2025-04-01,2025-04-14,Email,35043,2288,572,118,1786.95,7179.45,3.0177
CAMP02911,2025-07-07,2025-07-16,Search,124107,5605,1142,246,7742.22,20410.43,1.6363
CAMP02912,2025-06-14,2025-06-22,Display,78583,1049,99,19,772.71,1043.18,0.35
CAMP02913,2025-02-11,2025-02-28,Social,16552,384,69,12,317.86,1021.81,2.2147
CAMP02914,2025-07-03,2025-07-20,Search,32294,1328,239,55,2268.16,4335.55,0.9115
CAMP02915,2025-01-31,2025-02-08,Social,79217,1958,284,45,1455.0,2838.96,0.9512
CAMP02916,2025-02-16,2025-02-27,Email,70217,4036,882,168,3246.56,11073.35,2.4108
CAMP02917,2025-02-03,2025-03-01,Influencer,82850,3703,740,198,3762.72,18462.17,3.9066
CAMP02918,2025-09-15,2025-10-11,Display,37700,340,26,3,247.28,179.47,-0.2742
CAMP02919,2025-09-16,2025-10-13,Email,31979,1946,465,87,1696.46,8049.05,3.7446
CAMP02920,2025-09-08,2025-09-27,Social,86299,2307,390,61,1631.31,3862.24,1.3676
CAMP02921,2025-06-28,2025-07-24,Email,84388,5014,1197,235,4211.18,17069.27,3.0533
CAMP02922,2025-10-24,2025-11-09,Search,92326,7005,1758,464,9704.8,31518.41,2.2477
CAMP02923,2025-06-05,2025-06-14,Social,50584,1300,213,35,1292.9,2732.46,1.1134
CAMP02924,2025-10-14,2025-11-08,Social,123070,3094,512,87,2184.73,6752.37,2.0907
CAMP02925,2025-08-26,2025-09-13,Search,59119,3534,804,198,4876.45,11481.39,1.3545
CAMP02926,2025-04-23,2025-05-06,Display,141358,2664,323,67,1676.5,4634.79,1.7646
CAMP02927,2025-11-27,2025-12-17,Influencer,51421,1986,366,81,2547.95,8253.42,2.2392
CAMP02928,2025-11-26,2025-12-03,Email,108315,8490,2269,483,6709.87,28456.18,3.2409
CAMP02929,2025-09-14,2025-10-02,Email,47741,3573,895,154,2549.38,9936.65,2.8977
CAMP02930,2025-07-05,2025-08-01,Search,110833,5840,1227,279,8072.07,24727.31,2.0633
CAMP02931,2025-01-07,2025-01-13,Display,49818,814,107,11,578.91,770.7,0.3313
CAMP02932,2025-08-19,2025-09-09,Search,64816,4049,981,244,6345.47,21207.72,2.3422
CAMP02933,2025-04-09,2025-04-15,Display,45546,503,56,9,419.08,574.84,0.3717
CAMP02934,2025-09-16,2025-10-06,Email,72914,4433,1009,181,4385.98,13632.84,2.1083
CAMP02935,2025-03-25,2025-04-13,Search,41766,2393,507,132,3910.7,16138.35,3.1267
CAMP02936,2025-12-16,2025-12-22,Influencer,212057,7493,1388,302,9221.45,20447.21,1.2174
CAMP02937,2025-04-04,2025-04-22,Display,20001,186,16,0,119.08,0.0,-1.0
CAMP02938,2025-12-09,2025-12-29,Email,34430,1955,431,81,1647.9,4168.87,1.5298
CAMP02939,2025-06-16,2025-07-06,Search,62684,2565,491,110,4156.11,7202.03,0.7329
CAMP02940,2025-07-30,2025-08-07,Social,7364,189,25,6,169.46,365.95,1.1595
CAMP02941,2025-02-24,2025-03-05,Social,61304,1430,222,36,1153.69,2357.51,1.0435
CAMP02942,2025-03-02,2025-03-22,Display,107058,1049,80,15,651.42,1084.57,0.6649
CAMP02943,2025-06-16,2025-06-25,Social,80137,1619,239,42,1372.29,2159.45,0.5736
CAMP02944,2025-07-01,2025-07-11,Email,78362,5847,1477,317,4738.97,30002.63,5.331
CAMP02945,2025-07-10,2025-07-17,Email,140839,7923,1828,327,7045.89,18479.52,1.6227
CAMP02946,2025-07-11,2025-08-01,Email,28179,1609,378,77,1304.82,7162.81,4.4895
CAMP02947,2025-04-13,2025-05-05,Search,36819,1856,413,93,3117.02,8234.19,1.6417
CAMP02948,2025-01-07,2025-02-01,Email,35006,2564,625,137,2018.81,7158.74,2.546
CAMP02949,2025-10-10,2025-10-19,Social,38327,788,129,16,493.72,1000.88,1.0272
CAMP02950,2025-06-13,2025-07-08,Influencer,102592,2616,383,68,3225.81,4800.78,0.4882
CAMP02951,2025-06-01,2025-06-24,Display,33477,506,62,14,329.91,1306.35,2.9597
CAMP02952,2025-03-29,2025-04-17,Search,62537,3430,710,163,4461.44,12840.33,1.8781
CAMP02953,2025-09-16,2025-10-03,Display,23191,308,37,7,239.31,422.33,0.7648
CAMP02954,2025-12-15,2026-01-08,Search,115145,6096,1361,308,8206.45,19757.1,1.4075
CAMP02955,2025-07-29,2025-08-14,Influencer,71973,2381,435,93,2682.11,6390.22,1.3825
CAMP02956,2025-07-09,2025-07-30,Search,73068,4340,1000,260,6050.03,22738.88,2.7585
CAMP02957,2025-11-29,2025-12-19,Social,50022,1343,196,33,1190.75,2504.14,1.103
CAMP02958,2025-06-01,2025-06-10,Search,73022,4295,926,233,7298.18,19682.62,1.6969
CAMP02959,2025-03-07,2025-03-21,Social,42331,1182,230,42,982.82,3445.77,2.506
CAMP02960,2025-03-05,2025-03-26,Influencer,58117,1767,278,62,2008.71,5595.9,1.7858
CAMP02961,2025-03-14,2025-03-25,Display,9921,119,9,0,82.01,0.0,-1.0
CAMP02962,2025-05-18,2025-05-28,Email,81056,5001,1113,178,4353.1,12795.17,1.9393
CAMP02963,2025-11-19,2025-12-01,Search,51053,2459,521,135,3352.85,10886.88,2.2471
CAMP02964,2025-01-31,2025-02-15,Social,40337,671,73,7,451.67,527.59,0.1681
CAMP02965,2025-11-24,2025-12-03,Display,42427,366,31,1,236.16,76.51,-0.676
CAMP02966,2025-02-11,2025-02-26,Influencer,51245,2020,405,87,2164.74,7335.1,2.3884
CAMP02967,2025-06-19,2025-07-13,Display,59881,591,70,8,350.9,390.24,0.1121
CAMP02968,2025-03-24,2025-04-04,Influencer,25279,779,126,31,828.52,2745.75,2.314
CAMP02969,2025-06-25,2025-07-20,Display,21516,276,29,4,195.26,280.51,0.4366
CAMP02970,2025-06-29,2025-07-05,Email,90371,4847,1069,207,4283.01,10332.96,1.4125
CAMP02971,2025-11-23,2025-12-08,Influencer,44424,2185,446,112,2159.25,9135.6,3.2309
CAMP02972,2025-01-29,2025-02-07,Search,27052,1904,468,120,2480.25,10697.73,3.3132
CAMP02973,2025-05-07,2025-05-28,Email,48423,2350,529,84,1969.97,4426.72,1.2471
CAMP02974,2025-07-15,2025-07-23,Social,93719,2872,500,88,2556.6,6724.04,1.6301
CAMP02975,2025-02-05,2025-02-21,Social,20306,573,94,25,381.29,1909.79,4.0088
CAMP02976,2025-09-14,2025-09-23,Social,125644,3604,620,126,2606.78,9927.38,2.8083
CAMP02977,2025-04-14,2025-05-02,Social,74002,1422,201,27,1214.94,1384.75,0.1398
CAMP02978,2025-02-15,2025-03-12,Search,63094,3272,684,145,5497.83,14100.39,1.5647
CAMP02979,2025-12-11,2025-12-17,Display,66769,878,99,14,572.96,1021.08,0.7821
CAMP02980,2025-06-28,2025-07-18,Social,120366,2881,421,65,2260.39,4368.0,0.9324
CAMP02981,2025-09-07,2025-09-21,Search,150880,8889,2026,463,13442.64,33807.82,1.515
CAMP02982,2025-06-01,2025-06-09,Social,45287,1121,177,28,916.06,2104.48,1.2973
CAMP02983,2025-12-18,2026-01-08,Search,42919,2879,680,186,4486.4,14105.13,2.144
CAMP02984,2025-03-14,2025-03-25,Social,49544,902,104,18,700.72,1192.17,0.7014
CAMP02985,2025-12-27,2026-01-19,Email,66426,5456,1443,324,4319.77,21204.48,3.9087
CAMP02986,2025-08-03,2025-08-18,Search,63217,4115,1033,245,6067.0,17413.97,1.8703
CAMP02987,2025-01-24,2025-02-09,Email,47124,4331,1270,319,3130.53,21051.18,5.7245
CAMP02988,2025-10-07,2025-10-31,Search,40704,1540,275,44,2199.53,2957.44,0.3446
CAMP02989,2025-03-17,2025-03-24,Display,81165,659,46,6,527.1,321.77,-0.3895
CAMP02990,2025-10-24,2025-11-13,Search,36639,1739,354,80,2146.46,5906.82,1.7519
CAMP02991,2025-09-25,2025-10-13,Email,26188,2094,552,118,1839.76,7832.41,3.2573
CAMP02992,2025-07-09,2025-07-31,Search,31819,1643,342,81,2675.44,6630.67,1.4783
CAMP02993,2025-05-17,2025-06-13,Social,60147,2108,406,87,2223.05,6520.67,1.9332
CAMP02994,2025-09-13,2025-10-08,Influencer,21134,592,96,20,638.36,1831.36,1.8689
CAMP02995,2025-04-11,2025-04-23,Social,69508,1893,327,60,1538.91,4881.91,2.1723
CAMP02996,2025-09-08,2025-10-04,Influencer,145983,5326,978,237,6254.99,22272.07,2.5607
CAMP02997,2025-12-08,2025-12-25,Social,91090,2682,463,77,2122.88,5182.59,1.4413
CAMP02998,2025-10-01,2025-10-14,Display,40582,509,55,5,375.75,298.47,-0.2057
CAMP02999,2025-03-29,2025-04-04,Social,122579,2696,407,62,2098.97,4897.62,1.3333
CAMP03000,2025-01-25,2025-02-17,Display,55067,411,32,3,297.41,192.73,-0.352
CAMP03001,2025-07-08,2025-07-29,Search,32758,1753,366,81,2479.12,6677.89,1.6937
CAMP03002,2025-08-22,2025-08-29,Social,48887,1771,337,84,1425.75,6674.08,3.6811
CAMP03003,2025-02-26,2025-03-09,Search,93489,4681,964,219,6954.47,12360.1,0.7773
CAMP03004,2025-02-14,2025-02-26,Search,31644,1653,373,90,2417.77,6720.69,1.7797
CAMP03005,2025-01-24,2025-02-18,Social,15739,480,92,24,339.48,1555.14,3.5809
CAMP03006,2025-03-31,2025-04-14,Search,57281,2577,513,112,4885.27,8918.32,0.8256
CAMP03007,2025-12-13,2026-01-05,Influencer,64201,2304,423,94,2438.33,8715.77,2.5745
CAMP03008,2025-05-31,2025-06-10,Email,92235,7581,2127,413,6581.72,23451.07,2.5631
CAMP03009,2025-04-13,2025-04-24,Search,42226,2130,496,114,2875.39,12168.61,3.232
CAMP03010,2025-07-30,2025-08-22,Search,209882,12800,2880,722,19838.24,80783.23,3.0721
CAMP03011,2025-02-14,2025-03-03,Email,98605,6963,1766,353,4360.19,24296.45,4.5723
CAMP03012,2025-06-10,2025-06-26,Email,58237,4071,1009,198,3508.95,14915.35,3.2507
CAMP03013,2025-11-05,2025-11-22,Search,89922,5801,1420,379,9983.82,42375.28,3.2444
CAMP03014,2025-03-29,2025-04-09,Search,101166,3468,603,106,5072.64,10231.39,1.017
CAMP03015,2025-06-09,2025-07-05,Social,16366,394,59,6,411.63,370.25,-0.1005
CAMP03016,2025-08-16,2025-09-01,Search,82536,5565,1363,385,9418.15,31051.75,2.297
CAMP03017,2025-10-23,2025-11-15,Email,227284,19155,5311,1230,15789.0,87014.19,4.5111
CAMP03018,2025-08-28,2025-09-20,Social,43994,1078,184,30,713.59,2429.25,2.4043
CAMP03019,2025-08-13,2025-08-19,Display,17619,237,19,5,157.07,317.58,1.0219
CAMP03020,2025-05-08,2025-05-27,Social,46186,1448,249,57,1159.1,3855.07,2.3259
CAMP03021,2025-12-31,2026-01-25,Email,30365,1785,414,69,1315.04,3870.77,1.9435
CAMP03022,2025-09-01,2025-09-21,Email,68290,5971,1629,372,3979.47,38015.7,8.553
CAMP03023,2025-06-03,2025-06-15,Search,50406,2718,573,137,3684.62,12453.55,2.3799
CAMP03024,2025-08-03,2025-08-18,Influencer,56007,2229,426,111,3012.16,8457.14,1.8077
CAMP03025,2025-12-15,2025-12-26,Search,101469,4908,1027,228,6628.81,18142.87,1.737
CAMP03026,2025-06-11,2025-07-08,Display,18515,259,26,2,181.61,147.18,-0.1896
CAMP03027,2025-02-03,2025-03-01,Search,58200,2233,435,100,2588.79,7851.44,2.0329
CAMP03028,2025-02-08,2025-02-21,Display,45311,425,35,8,262.82,598.79,1.2783
CAMP03029,2025-05-01,2025-05-07,Influencer,46497,1700,311,76,2058.81,7908.54,2.8413
CAMP03030,2025-01-05,2025-01-27,Social,45722,1767,360,80,1423.24,5671.55,2.985
CAMP03031,2025-09-04,2025-09-12,Display,33365,440,40,6,323.89,409.65,0.2648
CAMP03032,2025-04-01,2025-04-14,Display,66695,1002,102,10,744.51,827.98,0.1121
CAMP03033,2025-02-18,2025-03-14,Email,52122,4007,1017,242,3822.65,13739.56,2.5943
CAMP03034,2025-06-26,2025-07-12,Search,106833,6089,1375,306,8633.62,19649.91,1.276
CAMP03035,2025-03-09,2025-03-27,Influencer,7520,294,59,9,335.38,792.25,1.3622
CAMP03036,2025-04-16,2025-05-08,Display,79371,795,61,14,473.01,1390.23,1.9391
CAMP03037,2025-02-16,2025-03-05,Display,18567,140,16,2,102.13,110.69,0.0838
CAMP03038,2025-05-24,2025-06-06,Search,83055,6302,1663,471,8066.18,38655.55,3.7923
CAMP03039,2025-01-24,2025-02-02,Display,5717,64,6,0,49.75,0.0,-1.0
CAMP03040,2025-06-19,2025-07-15,Display,110294,1753,201,27,1024.25,1650.69,0.6116
CAMP03041,2025-07-09,2025-07-18,Display,33650,371,42,10,230.4,566.66,1.4595
CAMP03042,2025-11-28,2025-12-12,Influencer,37638,1220,221,39,1581.09,3135.92,0.9834
CAMP03043,2025-09-03,2025-09-25,Influencer,37851,1039,168,34,1184.93,2844.41,1.4005
CAMP03044,2025-01-21,2025-02-11,Influencer,70119,2020,321,66,2420.2,4781.62,0.9757
CAMP03045,2025-04-30,2025-05-15,Email,19927,1110,225,36,774.21,2110.45,1.7259
CAMP03046,2025-07-13,2025-07-29,Search,24388,1536,376,90,1915.21,6503.48,2.3957
CAMP03047,2025-01-22,2025-02-10,Email,145103,11446,3104,675,8891.94,29887.35,2.3612
CAMP03048,2025-10-26,2025-11-15,Search,44670,2016,416,93,2459.74,6410.3,1.6061
CAMP03049,2025-04-18,2025-05-10,Social,23621,803,141,32,640.82,2119.78,2.3079
CAMP03050,2025-07-20,2025-08-15,Email,69970,4869,1223,251,3299.13,16466.21,3.9911
CAMP03051,2025-11-06,2025-12-03,Search,62606,3365,700,173,5251.88,12159.84,1.3153
CAMP03052,2025-11-26,2025-12-03,Influencer,47637,1297,205,41,1375.7,3345.6,1.4319
CAMP03053,2025-02-26,2025-03-22,Email,55567,4203,1106,245,3907.04,15383.92,2.9375
CAMP03054,2025-09-27,2025-10-21,Display,67474,940,107,18,660.18,821.19,0.2439
CAMP03055,2025-10-13,2025-10-26,Social,50784,1441,222,56,1091.41,4460.01,3.0865
CAMP03056,2025-11-18,2025-12-10,Email,36827,1963,433,83,1594.78,4981.04,2.1233
CAMP03057,2025-10-16,2025-10-23,Search,97246,6291,1500,382,6871.75,29464.05,3.2877
CAMP03058,2025-12-31,2026-01-18,Social,95964,3304,598,127,2935.86,9400.59,2.202
CAMP03059,2025-07-27,2025-08-10,Search,26208,1437,317,72,1973.48,6232.97,2.1584
CAMP03060,2025-03-17,2025-04-11,Influencer,108298,4562,858,207,5626.45,16050.78,1.8527
CAMP03061,2025-09-16,2025-10-06,Display,35839,324,28,3,232.11,228.86,-0.014
CAMP03062,2025-12-01,2025-12-19,Social,52788,1189,186,36,1018.42,2912.43,1.8598
CAMP03063,2025-06-28,2025-07-24,Display,67858,862,72,12,592.47,1106.14,0.867
CAMP03064,2025-07-19,2025-08-06,Search,87107,6465,1699,461,7440.4,31843.68,3.2798
CAMP03065,2025-10-26,2025-11-07,Social,79371,1998,322,58,1414.46,4479.32,2.1668
CAMP03066,2025-11-25,2025-12-10,Display,31833,323,30,10,194.67,667.7,2.4299
CAMP03067,2025-12-08,2025-12-15,Search,31947,1253,249,57,1695.66,5133.95,2.0277
CAMP03068,2025-06-25,2025-07-01,Email,76940,4863,1182,218,4014.27,13649.89,2.4003
CAMP03069,2025-02-12,2025-02-25,Influencer,62576,2364,465,100,2699.66,8328.94,2.0852
CAMP03070,2025-04-11,2025-05-01,Email,50353,4184,1165,259,4015.67,17543.35,3.3687
CAMP03071,2025-01-29,2025-02-16,Search,45033,2249,509,107,2864.52,11374.89,2.971
CAMP03072,2025-09-18,2025-09-29,Email,68136,3867,897,172,2569.06,8951.1,2.4842
CAMP03073,2025-04-25,2025-05-10,Search,53559,4414,1195,357,6313.48,32582.24,4.1607
CAMP03074,2025-06-13,2025-07-10,Search,94752,5959,1369,376,8494.13,30570.88,2.5991
CAMP03075,2025-07-07,2025-07-27,Influencer,75165,2460,456,99,3118.9,11051.85,2.5435
CAMP03076,2025-06-21,2025-07-04,Email,58909,4039,981,197,3073.94,13236.96,3.3062
CAMP03077,2025-09-15,2025-10-12,Email,63778,5098,1377,281,4362.96,16581.58,2.8005
CAMP03078,2025-04-20,2025-04-26,Search,70214,3234,647,151,4860.62,9373.65,0.9285
CAMP03079,2025-01-07,2025-01-27,Email,37675,2439,614,116,2122.31,9833.02,3.6332
CAMP03080,2025-07-27,2025-08-05,Search,103727,5388,1123,289,5752.52,21186.63,2.683
CAMP03081,2025-08-30,2025-09-06,Search,78032,3368,649,132,4165.67,12541.57,2.0107
CAMP03082,2025-07-17,2025-08-12,Social,28259,575,86,11,527.48,848.47,0.6085
CAMP03083,2025-09-04,2025-09-18,Influencer,46986,1522,259,51,1780.75,4545.26,1.5524
CAMP03084,2025-12-27,2026-01-08,Search,69298,4285,967,229,7089.59,16502.68,1.3277
CAMP03085,2025-01-27,2025-02-05,Social,62009,1386,228,35,1120.92,2098.06,0.8717
CAMP03086,2025-08-29,2025-09-05,Email,103519,7391,1845,393,5480.95,21638.27,2.9479
CAMP03087,2025-07-02,2025-07-16,Social,66009,1771,300,55,1781.77,4127.41,1.3165
CAMP03088,2025-05-02,2025-05-19,Influencer,79056,3271,600,141,3179.01,12762.18,3.0145
CAMP03089,2025-11-28,2025-12-19,Search,58653,3497,811,197,5126.63,12351.5,1.4093
CAMP03090,2025-10-19,2025-11-15,Social,73756,2103,401,75,1382.22,5833.31,3.2202
CAMP03091,2025-08-09,2025-08-26,Display,51515,638,65,14,492.18,839.72,0.7061
CAMP03092,2025-06-22,2025-07-07,Social,62111,1577,234,48,1258.62,2961.8,1.3532
CAMP03093,2025-04-05,2025-04-26,Email,46414,3168,791,163,2882.3,9667.68,2.3542
CAMP03094,2025-03-16,2025-04-04,Search,23350,1143,218,39,1495.26,2538.66,0.6978
CAMP03095,2025-11-19,2025-12-03,Social,151845,4284,795,152,3007.46,11472.5,2.8147
CAMP03096,2025-05-14,2025-06-06,Social,77626,1711,263,41,1228.56,2450.54,0.9946
CAMP03097,2025-02-23,2025-03-11,Email,26178,1528,352,49,1288.29,2970.11,1.3055
CAMP03098,2025-10-26,2025-11-14,Email,40851,2994,782,155,2718.18,9606.01,2.534
CAMP03099,2025-09-19,2025-10-06,Search,84920,4646,1047,243,5178.4,25114.56,3.8499
CAMP03100,2025-09-05,2025-09-14,Email,56438,5590,1673,386,4208.77,27242.09,5.4727
CAMP03101,2025-02-19,2025-03-10,Social,50440,1140,174,34,848.04,2661.91,2.1389
CAMP03102,2025-10-22,2025-11-09,Influencer,36238,1455,282,66,1568.11,6855.19,3.3716
CAMP03103,2025-03-10,2025-03-21,Display,129103,1872,211,31,1084.44,2343.84,1.1613
CAMP03104,2025-02-16,2025-03-11,Email,61426,3762,869,165,3055.31,9798.19,2.2069
CAMP03105,2025-06-12,2025-07-05,Display,13279,180,24,3,113.25,176.68,0.5601
CAMP03106,2025-06-29,2025-07-23,Email,20821,1202,284,47,1206.99,3014.27,1.4973
CAMP03107,2025-06-11,2025-06-29,Email,105510,6742,1607,306,5941.76,18749.14,2.1555
CAMP03108,2025-12-30,2026-01-16,Email,128499,8079,1960,405,5537.97,26453.82,3.7768
CAMP03109,2025-07-31,2025-08-15,Email,53225,3880,942,194,3409.85,17825.29,4.2276
CAMP03110,2025-06-20,2025-07-01,Email,93103,4790,1008,175,3906.22,14575.2,2.7313
CAMP03111,2025-03-08,2025-03-28,Display,34651,540,60,4,367.3,275.4,-0.2502
CAMP03112,2025-04-06,2025-04-23,Social,110289,3089,513,72,2366.69,4997.73,1.1117
CAMP03113,2025-09-13,2025-09-24,Influencer,27656,611,81,19,620.14,1550.87,1.5008
CAMP03114,2025-10-08,2025-10-18,Social,110807,2969,514,106,2468.3,6891.73,1.7921
CAMP03115,2025-08-28,2025-09-09,Influencer,42182,1879,366,87,1713.37,8633.56,4.0389
CAMP03116,2025-07-29,2025-08-07,Social,53950,1276,208,30,1194.14,3032.55,1.5395
CAMP03117,2025-05-25,2025-06-18,Social,54751,1360,225,40,917.6,2427.13,1.6451
CAMP03118,2025-01-04,2025-01-18,Influencer,109456,3722,664,142,4130.79,11338.41,1.7449
CAMP03119,2025-01-25,2025-02-15,Display,116973,1175,114,17,756.25,1244.6,0.6458
CAMP03120,2025-09-11,2025-09-29,Search,79686,4734,1116,297,7320.88,24633.06,2.3648
CAMP03121,2025-07-28,2025-08-09,Email,35741,2078,475,86,1706.38,4506.98,1.6413
CAMP03122,2025-02-28,2025-03-11,Display,81199,897,84,13,572.61,582.54,0.0173
CAMP03123,2025-09-25,2025-10-15,Social,45336,992,155,22,906.79,1818.45,1.0054
CAMP03124,2025-03-02,2025-03-19,Search,52219,4039,1059,281,6121.32,19070.73,2.1155
CAMP03125,2025-03-20,2025-04-13,Influencer,62925,2256,414,105,2570.77,6044.89,1.3514
CAMP03126,2025-04-09,2025-04-15,Social,93738,2455,415,77,1589.34,6305.36,2.9673
CAMP03127,2025-03-28,2025-04-15,Search,51689,2262,451,88,3376.07,5105.61,0.5123
CAMP03128,2025-09-26,2025-10-13,Social,63871,1464,236,43,1306.01,2464.97,0.8874
CAMP03129,2025-06-28,2025-07-24,Display,77173,826,83,11,494.58,735.05,0.4862
CAMP03130,2025-11-30,2025-12-17,Email,29103,1657,392,74,1324.38,4518.39,2.4117
CAMP03131,2025-06-29,2025-07-20,Social,15038,485,80,17,405.57,1160.2,1.8607
CAMP03132,2025-11-16,2025-12-10,Search,95737,4560,984,220,5755.12,15709.97,1.7297
CAMP03133,2025-05-01,2025-05-07,Display,49486,673,73,15,352.89,1014.35,1.8744
CAMP03134,2025-03-11,2025-03-22,Email,33227,2526,654,136,2161.71,7607.11,2.519
CAMP03135,2025-11-10,2025-11-24,Email,61726,3251,692,112,2750.22,7648.72,1.7811
CAMP03136,2025-03-12,2025-03-25,Search,91256,4057,802,163,6095.33,12410.88,1.0361
CAMP03137,2025-05-01,2025-05-16,Email,53608,3569,857,193,2696.87,16810.42,5.2333
CAMP03138,2025-04-10,2025-05-06,Search,152303,7842,1705,399,10413.82,44009.13,3.226
CAMP03139,2025-07-13,2025-07-19,Email,47901,3287,851,180,2685.34,10764.85,3.0087
CAMP03140,2025-07-31,2025-08-22,Social,60835,1454,252,41,1171.86,3416.02,1.915
CAMP03141,2025-03-28,2025-04-16,Social,86858,2600,463,85,2482.01,5428.24,1.187
CAMP03142,2025-05-08,2025-06-02,Email,32959,2172,563,105,1754.03,7284.77,3.1532
CAMP03143,2025-12-03,2025-12-20,Social,77320,1752,255,42,1486.22,3148.83,1.1187
CAMP03144,2025-12-23,2026-01-09,Social,62597,2055,400,77,1447.8,5553.04,2.8355
CAMP03145,2025-02-12,2025-02-21,Display,55735,969,107,24,609.67,1698.4,1.7858
CAMP03146,2025-11-26,2025-12-07,Social,69404,1989,352,77,1644.14,6096.78,2.7082
CAMP03147,2025-05-01,2025-05-27,Email,45803,3491,928,198,2728.33,8006.59,1.9346
CAMP03148,2025-11-16,2025-11-24,Social,102609,3239,618,132,2142.29,8046.41,2.756
CAMP03149,2025-09-21,2025-10-14,Search,55582,3320,793,206,4520.97,15555.74,2.4408
CAMP03150,2025-06-26,2025-07-09,Influencer,85640,2494,422,67,2286.82,5487.58,1.3997
CAMP03151,2025-10-02,2025-10-24,Influencer,175947,7278,1427,337,8892.62,29121.53,2.2748
CAMP03152,2025-05-25,2025-06-17,Search,71635,4368,1019,264,5582.73,18714.02,2.3521
CAMP03153,2025-05-12,2025-05-24,Social,66999,1646,267,40,1175.57,2532.88,1.1546
CAMP03154,2025-04-15,2025-05-04,Search,25322,1343,287,70,1892.44,6019.3,2.1807
CAMP03155,2025-03-18,2025-03-30,Social,37305,721,110,17,686.47,1258.54,0.8334
CAMP03156,2025-01-30,2025-02-20,Influencer,70226,2891,566,134,3048.87,11607.72,2.8072
CAMP03157,2025-11-25,2025-12-09,Social,33744,626,83,15,527.93,1301.67,1.4656
CAMP03158,2025-09-16,2025-10-01,Social,46642,969,146,20,753.78,1450.75,0.9246
CAMP03159,2025-06-14,2025-06-22,Email,47282,2368,472,77,1529.72,5370.63,2.5109
CAMP03160,2025-02-20,2025-03-18,Influencer,18048,639,131,39,671.56,3621.16,4.3922
CAMP03161,2025-04-01,2025-04-15,Email,27214,2540,753,181,2094.74,15534.73,6.4161
CAMP03162,2025-09-25,2025-10-20,Email,72706,5369,1398,296,4949.82,16946.3,2.4236
CAMP03163,2025-05-21,2025-06-02,Social,87741,2434,404,87,1781.27,6848.31,2.8446
CAMP03164,2025-12-04,2025-12-13,Display,55446,546,52,4,378.56,273.21,-0.2783
CAMP03165,2025-10-03,2025-10-10,Search,25007,2000,549,156,3057.11,12367.97,3.0456
CAMP03166,2025-11-10,2025-11-28,Search,32159,1816,392,76,2833.7,6299.11,1.2229
CAMP03167,2025-06-01,2025-06-21,Social,33479,1014,161,34,809.26,2718.45,2.3592
CAMP03168,2025-01-27,2025-02-05,Search,34004,2783,767,241,3734.03,19693.97,4.2742
CAMP03169,2025-06-27,2025-07-07,Social,118476,2312,335,55,1528.09,3500.23,1.2906
CAMP03170,2025-10-29,2025-11-17,Social,85347,1704,258,40,1706.42,2988.81,0.7515
CAMP03171,2025-06-02,2025-06-24,Search,93833,7748,2203,641,10904.67,49343.05,3.5249
CAMP03172,2025-07-14,2025-08-02,Search,43805,2383,533,127,3085.05,11513.63,2.7321
CAMP03173,2025-10-09,2025-10-23,Social,44054,1147,192,39,982.61,3118.57,2.1738
CAMP03174,2025-01-08,2025-01-27,Email,48722,3041,731,159,2890.69,11729.83,3.0578
CAMP03175,2025-03-31,2025-04-22,Email,15905,1297,359,72,928.82,3679.92,2.9619
CAMP03176,2025-04-12,2025-04-25,Influencer,63826,1859,321,69,2128.73,8791.95,3.1301
CAMP03177,2025-09-20,2025-10-06,Social,113085,3460,622,105,2479.66,7688.91,2.1008
CAMP03178,2025-12-14,2026-01-10,Search,74310,4245,947,239,6591.08,19949.03,2.0267
CAMP03179,2025-09-07,2025-10-01,Search,51807,2591,530,120,3511.58,14519.77,3.1348
CAMP03180,2025-07-20,2025-08-11,Social,62794,1595,255,43,1071.53,2837.2,1.6478
CAMP03181,2025-08-27,2025-09-19,Social,81884,2010,322,57,1601.3,4578.0,1.8589
CAMP03182,2025-04-29,2025-05-26,Search,28889,1882,474,113,2416.17,10467.54,3.3323
CAMP03183,2025-06-08,2025-06-28,Search,30084,1548,356,82,2899.97,6706.56,1.3126
CAMP03184,2025-09-14,2025-10-10,Search,46822,2721,636,144,3970.4,10298.77,1.5939
CAMP03185,2025-05-11,2025-05-24,Influencer,45480,1785,366,80,1884.44,6834.43,2.6268
CAMP03186,2025-09-02,2025-09-19,Display,90153,1198,119,13,870.13,788.16,-0.0942
CAMP03187,2025-09-25,2025-10-17,Influencer,99206,3454,583,116,3383.85,7421.56,1.1932
CAMP03188,2025-09-24,2025-10-18,Social,132287,3116,474,78,2688.57,5398.95,1.0081
CAMP03189,2025-06-23,2025-07-05,Display,38939,345,27,2,243.84,114.97,-0.5285
CAMP03190,2025-02-19,2025-03-04,Influencer,97307,3220,576,121,3601.56,11474.24,2.1859
CAMP03191,2025-05-19,2025-06-07,Display,29526,318,26,1,179.91,70.58,-0.6077
CAMP03192,2025-03-12,2025-03-29,Search,79998,4744,1061,268,6767.98,25644.9,2.7892
CAMP03193,2025-05-15,2025-06-10,Search,61365,3331,681,164,4889.38,12823.8,1.6228
CAMP03194,2025-02-26,2025-03-11,Display,41392,399,40,7,248.99,603.37,1.4233
CAMP03195,2025-11-04,2025-11-10,Influencer,28666,819,120,22,774.82,2208.02,1.8497
CAMP03196,2025-11-10,2025-12-06,Email,66627,3439,716,131,2968.34,9127.28,2.0749
CAMP03197,2025-12-18,2026-01-02,Social,19287,458,89,18,383.44,1253.76,2.2698
CAMP03198,2025-03-07,2025-04-02,Search,64747,3579,812,207,4186.2,17422.23,3.1618
CAMP03199,2025-02-16,2025-03-15,Social,64585,1680,273,37,1205.55,2400.35,0.9911
CAMP03200,2025-12-08,2025-12-29,Search,60187,2636,504,109,3648.32,8695.88,1.3835
CAMP03201,2025-03-01,2025-03-10,Search,35150,1736,364,100,2480.83,8907.28,2.5904
CAMP03202,2025-07-30,2025-08-20,Display,54514,722,74,9,455.92,533.47,0.1701
CAMP03203,2025-11-02,2025-11-26,Social,44137,860,104,16,631.3,1044.99,0.6553
CAMP03204,2025-10-31,2025-11-24,Social,14472,378,59,5,301.44,363.61,0.2062
CAMP03205,2025-08-10,2025-09-03,Email,28237,2064,562,142,1687.33,10973.64,5.5036
CAMP03206,2025-05-04,2025-05-23,Display,76625,798,74,17,540.03,1030.37,0.908
CAMP03207,2025-04-27,2025-05-13,Search,53807,3178,698,169,5668.4,16335.54,1.8819
CAMP03208,2025-06-27,2025-07-22,Search,56460,3583,900,232,5749.79,17539.47,2.0505
CAMP03209,2025-09-15,2025-10-06,Search,32038,1162,204,44,2267.58,3237.02,0.4275
CAMP03210,2025-03-22,2025-04-02,Search,70449,3370,692,152,5346.47,10669.96,0.9957
CAMP03211,2025-10-22,2025-11-17,Social,37175,1046,166,32,767.65,2019.42,1.6307
CAMP03212,2025-01-30,2025-02-16,Influencer,56128,2381,445,116,2470.67,10141.03,3.1046
CAMP03213,2025-10-20,2025-11-03,Social,106365,1983,285,35,1479.75,3263.1,1.2052
CAMP03214,2025-06-17,2025-06-23,Search,72775,4382,992,220,7443.08,19599.0,1.6332
CAMP03215,2025-11-17,2025-11-23,Search,89985,4674,980,232,6447.76,19146.37,1.9695
CAMP03216,2025-01-23,2025-02-15,Display,49765,681,81,14,401.28,800.16,0.994
CAMP03217,2025-11-05,2025-11-28,Search,96022,5414,1181,296,6953.72,29536.13,3.2475
CAMP03218,2025-03-18,2025-03-24,Social,17298,471,80,17,372.86,1253.74,2.3625
CAMP03219,2025-02-25,2025-03-12,Search,45399,2794,669,168,4415.87,15516.6,2.5138
CAMP03220,2025-11-05,2025-11-17,Display,43102,539,51,5,382.36,293.23,-0.2331
CAMP03221,2025-08-25,2025-09-03,Social,79405,2548,475,88,2251.12,4656.39,1.0685
CAMP03222,2025-09-16,2025-09-24,Email,21428,1481,345,67,1265.54,4473.48,2.5348
CAMP03223,2025-11-02,2025-11-14,Search,33249,1720,351,106,1913.97,9283.23,3.8502
CAMP03224,2025-04-28,2025-05-12,Social,72338,1995,329,71,1559.92,3808.71,1.4416
CAMP03225,2025-02-07,2025-02-18,Social,87692,3110,585,122,2782.72,8214.39,1.9519
CAMP03226,2025-09-17,2025-10-05,Search,53112,2777,583,131,4110.29,15241.52,2.7081
CAMP03227,2025-02-21,2025-03-10,Email,89778,7218,1966,404,5914.65,25900.6,3.3791
CAMP03228,2025-07-21,2025-07-30,Display,90478,1186,118,21,778.3,1802.03,1.3153
CAMP03229,2025-05-06,2025-05-27,Search,21695,1365,317,80,1814.18,6582.89,2.6286
CAMP03230,2025-07-10,2025-08-06,Display,61870,575,53,8,378.62,700.01,0.8488
CAMP03231,2025-08-02,2025-08-18,Email,3386,207,47,11,177.33,652.99,2.6823
CAMP03232,2025-05-29,2025-06-04,Social,120544,3530,564,104,2282.53,6796.44,1.9776
CAMP03233,2025-03-17,2025-03-28,Influencer,187989,6940,1271,283,8308.79,33561.14,3.0392
CAMP03234,2025-11-08,2025-11-15,Search,93025,7293,1917,566,11528.16,37729.06,2.2728
CAMP03235,2025-02-02,2025-02-10,Influencer,29702,991,175,39,1137.67,2967.63,1.6085
CAMP03236,2025-04-29,2025-05-26,Influencer,38822,1046,188,40,1343.2,2944.45,1.1921
CAMP03237,2025-02-08,2025-02-19,Social,52121,1445,271,46,922.32,2905.77,2.1505
CAMP03238,2025-02-03,2025-02-19,Search,65862,2963,583,119,4450.4,8939.27,1.0086
CAMP03239,2025-02-08,2025-03-01,Display,81899,1079,113,18,570.76,1116.08,0.9554
CAMP03240,2025-10-06,2025-10-17,Social,81364,2026,358,59,1682.57,3062.85,0.8203
CAMP03241,2025-04-26,2025-05-09,Email,52975,3172,726,151,2710.86,8493.3,2.1331
CAMP03242,2025-10-03,2025-10-19,Search,38656,2088,473,98,2405.1,9006.97,2.7449
CAMP03243,2025-07-28,2025-08-06,Email,136696,7954,1751,321,7282.36,22329.15,2.0662
CAMP03244,2025-02-10,2025-03-08,Search,50567,3690,911,263,5503.3,22133.66,3.0219
CAMP03245,2025-02-21,2025-03-11,Email,84387,4917,1106,202,4327.6,16059.23,2.7109
CAMP03246,2025-03-20,2025-04-09,Search,26888,1588,332,76,2317.14,5256.92,1.2687
CAMP03247,2025-05-06,2025-05-27,Social,60127,1432,214,36,1043.74,2486.43,1.3822
CAMP03248,2025-10-22,2025-11-17,Social,70586,1707,272,41,1264.09,2913.62,1.3049
CAMP03249,2025-05-19,2025-06-12,Search,175213,7497,1419,302,10018.36,29535.25,1.9481
CAMP03250,2025-08-11,2025-08-23,Social,92086,2165,364,60,1570.84,6236.76,2.9703
CAMP03251,2025-07-09,2025-07-21,Search,53025,2703,527,133,2985.77,11821.92,2.9594
CAMP03252,2025-08-17,2025-08-29,Search,29997,1828,418,104,2558.15,6025.34,1.3554
CAMP03253,2025-11-18,2025-11-28,Email,144116,12045,3256,728,8954.48,42038.19,3.6947
CAMP03254,2025-12-04,2025-12-13,Search,75348,4143,923,214,4971.43,19219.92,2.8661
CAMP03255,2025-01-31,2025-02-20,Email,53979,2849,637,103,2476.39,5512.36,1.226
CAMP03256,2025-01-21,2025-01-30,Social,24723,548,80,10,380.46,686.47,0.8043
CAMP03257,2025-10-23,2025-11-06,Email,28265,1601,358,60,1691.42,3796.18,1.2444
CAMP03258,2025-02-12,2025-03-11,Social,28398,785,129,20,648.32,1664.71,1.5677
CAMP03259,2025-02-13,2025-03-03,Display,131984,1700,182,28,936.81,1635.47,0.7458
CAMP03260,2025-02-27,2025-03-10,Influencer,150481,4600,793,161,4802.28,13539.2,1.8193
CAMP03261,2025-05-16,2025-05-25,Search,69638,3886,807,198,5187.62,15195.64,1.9292
CAMP03262,2025-03-12,2025-03-30,Social,87479,2014,298,49,1634.42,3638.57,1.2262
CAMP03263,2025-05-05,2025-05-15,Search,91839,5171,1193,294,8734.69,24731.31,1.8314
CAMP03264,2025-03-28,2025-04-21,Social,32505,804,120,28,654.39,2601.23,2.975
CAMP03265,2025-11-19,2025-11-29,Email,21332,1719,488,118,1227.43,7921.57,5.4538
CAMP03266,2025-05-01,2025-05-22,Search,50522,2824,606,154,4678.25,9245.93,0.9764
CAMP03267,2025-05-18,2025-06-06,Influencer,41880,1500,277,63,1435.89,5793.54,3.0348
CAMP03268,2025-06-10,2025-07-05,Email,56945,3066,699,109,2720.79,7425.09,1.729
CAMP03269,2025-02-08,2025-02-17,Social,195862,4327,646,101,4148.0,6691.36,0.6132
CAMP03270,2025-01-23,2025-02-19,Display,74220,794,77,15,585.84,1048.75,0.7902
CAMP03271,2025-09-22,2025-10-05,Social,54123,1001,130,18,900.2,1504.78,0.6716
CAMP03272,2025-02-17,2025-03-08,Display,30419,372,43,6,208.43,374.93,0.7988
CAMP03273,2025-03-18,2025-03-24,Search,35385,3021,863,297,3631.79,19746.97,4.4373
CAMP03274,2025-07-28,2025-08-22,Search,80314,4465,978,224,6586.19,22614.78,2.4337
CAMP03275,2025-12-08,2026-01-04,Search,22833,1307,308,69,1565.89,5770.43,2.6851
CAMP03276,2025-11-13,2025-12-02,Social,194172,5806,999,190,4712.61,12409.31,1.6332
CAMP03277,2025-10-16,2025-10-22,Social,57573,1728,313,63,1580.26,4615.13,1.9205
CAMP03278,2025-11-22,2025-12-11,Search,53345,3692,932,257,5703.83,16374.94,1.8709
CAMP03279,2025-05-19,2025-06-12,Search,36837,2185,507,132,2996.42,10895.5,2.6362
CAMP03280,2025-10-14,2025-11-02,Social,36523,903,150,23,680.2,1233.99,0.8142
CAMP03281,2025-02-18,2025-03-07,Influencer,40345,1503,316,73,1949.58,6572.91,2.3714
CAMP03282,2025-02-06,2025-02-21,Search,20399,1067,239,57,1452.37,3284.23,1.2613
CAMP03283,2025-10-08,2025-11-01,Email,34390,2236,533,101,1576.51,7531.44,3.7773
CAMP03284,2025-05-15,2025-06-10,Display,26264,445,54,9,334.55,478.76,0.4311
CAMP03285,2025-02-02,2025-02-24,Display,73638,930,87,17,581.92,871.11,0.497
CAMP03286,2025-06-19,2025-07-01,Social,30284,837,139,30,798.65,1902.21,1.3818
CAMP03287,2025-01-09,2025-01-19,Display,39707,456,39,6,338.89,441.06,0.3015
CAMP03288,2025-06-03,2025-06-15,Email,31557,2833,799,177,2276.85,10646.07,3.6758
CAMP03289,2025-04-24,2025-05-13,Display,43074,549,50,11,335.27,796.76,1.3765
CAMP03290,2025-03-06,2025-03-20,Search,117241,4962,971,202,8523.16,15599.85,0.8303
CAMP03291,2025-05-23,2025-06-07,Search,133074,9709,2443,662,13842.61,70098.37,4.064
CAMP03292,2025-12-01,2025-12-21,Social,34332,727,98,19,516.35,1334.39,1.5843
CAMP03293,2025-05-14,2025-05-25,Display,29651,291,21,4,179.45,273.93,0.5265
CAMP03294,2025-06-23,2025-07-15,Influencer,40382,1417,260,51,1780.98,4839.13,1.7171
CAMP03295,2025-10-15,2025-11-11,Email,16033,1082,271,59,981.66,3830.58,2.9021
CAMP03296,2025-07-18,2025-07-31,Social,26038,644,111,23,541.14,1676.38,2.0979
CAMP03297,2025-05-07,2025-05-31,Influencer,43381,1451,266,47,1624.2,4011.32,1.4697
CAMP03298,2025-02-10,2025-03-03,Influencer,102153,3927,751,168,5006.24,15709.93,2.1381
CAMP03299,2025-02-09,2025-02-18,Social,143391,4031,648,118,3436.61,8804.26,1.5619
CAMP03300,2025-11-09,2025-11-20,Email,47219,4360,1297,307,3691.37,21738.04,4.8889
CAMP03301,2025-05-15,2025-06-03,Search,37361,2850,690,209,4534.09,16049.28,2.5397
CAMP03302,2025-08-04,2025-08-28,Email,48355,2521,567,99,2153.0,8263.78,2.8383
CAMP03303,2025-03-21,2025-03-29,Search,40114,1742,341,69,2633.46,5486.03,1.0832
CAMP03304,2025-06-05,2025-06-13,Search,100248,7548,1871,526,10513.81,38532.75,2.665
CAMP03305,2025-08-25,2025-09-06,Social,125422,2810,424,82,1792.6,5882.42,2.2815
CAMP03306,2025-02-12,2025-02-26,Email,27859,2518,740,182,1859.23,12456.63,5.6999
CAMP03307,2025-01-17,2025-02-10,Search,12724,711,157,38,788.42,3139.35,2.9818
CAMP03308,2025-07-01,2025-07-25,Social,89041,2210,342,59,1867.35,3208.38,0.7181
CAMP03309,2025-04-14,2025-04-29,Email,75747,5071,1202,222,3809.29,14279.24,2.7485
CAMP03310,2025-05-10,2025-05-29,Influencer,27528,988,193,52,1216.39,4029.73,2.3129
CAMP03311,2025-09-03,2025-09-28,Search,41379,2433,550,145,3709.95,9382.52,1.529
CAMP03312,2025-12-24,2026-01-01,Search,98066,4969,991,231,7583.83,19254.91,1.5389
CAMP03313,2025-09-30,2025-10-06,Display,86946,1206,152,27,745.23,1348.52,0.8095
CAMP03314,2025-05-14,2025-05-21,Email,80175,4747,1085,193,4554.86,14430.45,2.1681
CAMP03315,2025-01-29,2025-02-08,Search,57455,2570,513,104,3739.75,10300.92,1.7544
CAMP03316,2025-04-15,2025-04-29,Display,148506,1646,157,27,1406.64,1567.44,0.1143
CAMP03317,2025-02-01,2025-02-08,Influencer,119773,4495,830,185,5266.73,13545.09,1.5718
CAMP03318,2025-02-28,2025-03-09,Search,28082,2236,599,169,4049.76,13433.6,2.3171
CAMP03319,2025-06-24,2025-06-30,Influencer,45640,2028,389,92,2409.43,8763.2,2.637
CAMP03320,2025-09-11,2025-09-26,Email,150072,9962,2446,484,8441.26,33971.13,3.0244
CAMP03321,2025-03-17,2025-04-03,Display,18769,198,21,2,128.13,148.06,0.1555
CAMP03322,2025-02-26,2025-03-24,Display,67380,765,86,17,539.94,1150.27,1.1304
CAMP03323,2025-07-16,2025-07-29,Email,109078,6349,1483,272,5035.3,13016.46,1.585
CAMP03324,2025-03-16,2025-04-03,Social,105468,2056,291,58,1520.81,4206.0,1.7656
CAMP03325,2025-08-17,2025-09-07,Email,21481,1490,359,74,1218.2,5115.87,3.1995
CAMP03326,2025-12-21,2026-01-16,Social,20998,594,102,14,427.67,912.41,1.1334
CAMP03327,2025-10-09,2025-11-05,Search,36855,2565,644,170,3655.82,11255.75,2.0789
CAMP03328,2025-06-05,2025-06-19,Search,79314,3843,805,171,7009.7,14694.07,1.0962
CAMP03329,2025-10-17,2025-10-28,Search,51801,2367,483,123,3174.67,9537.36,2.0042
CAMP03330,2025-03-24,2025-03-31,Search,30212,1344,287,63,1974.93,3866.12,0.9576
CAMP03331,2025-09-06,2025-09-29,Display,32116,450,43,6,284.2,384.49,0.3529
CAMP03332,2025-12-10,2025-12-24,Email,59692,4670,1232,267,3936.92,19846.54,4.0411
CAMP03333,2025-01-12,2025-01-30,Search,39100,1585,295,65,2295.33,4819.28,1.0996
CAMP03334,2025-07-14,2025-08-05,Search,56340,3841,955,250,7067.58,27565.92,2.9003
CAMP03335,2025-07-04,2025-07-17,Social,195419,5431,892,162,4636.35,10676.69,1.3028
CAMP03336,2025-09-12,2025-09-19,Social,32841,778,118,13,617.91,797.26,0.2903
CAMP03337,2025-09-25,2025-10-05,Search,110504,7482,1881,507,12251.54,37229.06,2.0387
CAMP03338,2025-03-04,2025-03-27,Email,36770,2579,619,111,2199.43,7150.59,2.2511
CAMP03339,2025-03-11,2025-03-22,Social,25818,902,156,35,773.69,1900.05,1.4558
CAMP03340,2025-06-18,2025-07-10,Social,73591,2149,349,67,1504.42,5655.22,2.7591
CAMP03341,2025-08-22,2025-09-14,Search,20281,1050,248,72,1798.9,4304.22,1.3927
CAMP03342,2025-08-14,2025-08-20,Email,23656,1843,500,94,1449.16,6457.55,3.4561
CAMP03343,2025-01-03,2025-01-29,Social,67554,1895,304,58,1419.44,3554.73,1.5043
CAMP03344,2025-02-28,2025-03-21,Email,72181,4889,1233,252,4105.49,15467.5,2.7675
CAMP03345,2025-05-27,2025-06-09,Display,35522,375,35,2,264.26,111.52,-0.578
CAMP03346,2025-12-18,2026-01-03,Social,69921,1754,277,37,1542.61,2552.04,0.6544
CAMP03347,2025-01-06,2025-01-17,Social,37227,944,138,16,686.14,1752.64,1.5543
CAMP03348,2025-09-18,2025-10-07,Social,31115,636,93,22,525.19,1677.3,2.1937
CAMP03349,2025-06-23,2025-07-12,Influencer,104235,4647,932,225,5422.39,16360.82,2.0173
CAMP03350,2025-07-14,2025-07-24,Search,91202,3861,780,177,5125.35,14221.55,1.7747
CAMP03351,2025-11-25,2025-12-07,Display,74115,893,91,14,771.17,1165.78,0.5117
CAMP03352,2025-05-17,2025-06-04,Email,40163,2872,744,167,1661.63,13177.16,6.9303
CAMP03353,2025-09-16,2025-09-24,Email,62375,4133,1047,202,3453.21,12669.39,2.6689
CAMP03354,2025-06-23,2025-07-17,Display,78934,1091,109,15,780.38,774.78,-0.0072
CAMP03355,2025-08-23,2025-08-29,Display,60081,755,78,8,557.43,514.07,-0.0778
CAMP03356,2025-03-21,2025-04-13,Social,8841,224,32,7,188.43,474.6,1.5187
CAMP03357,2025-11-17,2025-11-25,Influencer,13901,349,44,12,380.81,1258.14,2.3039
CAMP03358,2025-03-04,2025-03-13,Search,79040,3764,747,166,5838.67,12218.6,1.0927
CAMP03359,2025-05-29,2025-06-20,Search,83622,5107,1137,296,8761.26,21113.68,1.4099
CAMP03360,2025-06-17,2025-06-30,Social,22062,722,155,28,564.76,1592.52,1.8198
CAMP03361,2025-12-01,2025-12-22,Email,23712,1100,223,42,802.37,3324.91,3.1439
CAMP03362,2025-04-14,2025-05-06,Search,35490,1838,405,92,2673.28,4997.42,0.8694
CAMP03363,2025-09-09,2025-09-28,Display,37446,460,44,6,274.41,525.97,0.9167
CAMP03364,2025-05-13,2025-05-25,Display,30345,337,24,3,285.03,202.49,-0.2896
CAMP03365,2025-08-29,2025-09-17,Social,51594,1330,228,37,1132.71,2659.4,1.3478
CAMP03366,2025-01-07,2025-01-22,Email,50823,3989,1062,227,3382.88,15133.15,3.4735
CAMP03367,2025-06-24,2025-07-21,Search,32044,1500,321,85,1920.43,7651.57,2.9843
CAMP03368,2025-06-14,2025-06-27,Display,72392,881,77,10,586.22,689.12,0.1755
CAMP03369,2025-05-29,2025-06-20,Influencer,53178,1685,291,49,1768.74,3617.93,1.0455
CAMP03370,2025-02-17,2025-03-02,Social,66759,1478,238,38,1497.12,2684.45,0.7931
CAMP03371,2025-03-14,2025-04-01,Email,111457,8517,2216,442,6490.58,29804.24,3.5919
CAMP03372,2025-06-13,2025-06-21,Search,46975,2878,668,161,3539.4,16933.0,3.7841
CAMP03373,2025-11-30,2025-12-25,Email,40321,2550,578,119,1611.97,6784.21,3.2086
CAMP03374,2025-03-18,2025-03-27,Search,54541,2997,644,152,4660.66,12485.35,1.6789
CAMP03375,2025-03-27,2025-04-23,Influencer,76279,2710,528,111,2750.01,7829.56,1.8471
CAMP03376,2025-10-10,2025-11-04,Search,47309,2462,539,119,3706.86,8506.16,1.2947
CAMP03377,2025-04-19,2025-04-27,Search,55115,3029,666,163,4184.0,11695.17,1.7952
CAMP03378,2025-01-17,2025-01-29,Search,60463,4588,1146,332,7841.08,23564.38,2.0052
CAMP03379,2025-04-30,2025-05-14,Social,74432,1753,284,51,1484.77,3758.14,1.5311
CAMP03380,2025-02-19,2025-03-07,Social,43582,1008,152,29,669.32,2240.96,2.3481
CAMP03381,2025-10-08,2025-10-23,Email,42978,3567,965,222,2443.07,15887.13,5.5029
CAMP03382,2025-02-20,2025-03-08,Email,56526,5024,1430,315,4907.22,23265.62,3.7411
CAMP03383,2025-08-22,2025-09-02,Search,151152,9665,2334,579,12441.19,49222.95,2.9565
CAMP03384,2025-10-25,2025-11-05,Social,128143,3190,543,100,2710.53,7106.6,1.6218
CAMP03385,2025-06-24,2025-07-04,Search,37463,2135,428,102,3525.03,10063.09,1.8548
CAMP03386,2025-10-18,2025-10-26,Influencer,48327,1883,378,79,1785.53,6867.89,2.8464
CAMP03387,2025-03-30,2025-04-07,Influencer,64971,2571,491,122,2884.28,9222.81,2.1976
CAMP03388,2025-10-25,2025-11-19,Email,55016,3757,916,181,2908.77,11528.58,2.9634
CAMP03389,2025-10-01,2025-10-28,Display,71172,976,104,13,618.97,763.44,0.2334
CAMP03390,2025-12-01,2025-12-09,Email,140403,11078,2969,610,10012.55,34209.78,2.4167
CAMP03391,2025-07-15,2025-08-11,Search,14372,928,215,59,1310.7,6564.56,4.0084
CAMP03392,2025-03-05,2025-03-19,Search,18749,664,118,20,921.95,2229.1,1.4178
CAMP03393,2025-11-29,2025-12-10,Social,72520,1915,325,73,1378.85,5778.13,3.1905
CAMP03394,2025-05-19,2025-05-31,Search,140118,6690,1406,322,8677.29,22219.14,1.5606
CAMP03395,2025-09-10,2025-09-19,Display,17658,190,25,1,105.58,70.11,-0.336
CAMP03396,2025-01-20,2025-02-07,Display,21710,199,20,3,129.26,193.84,0.4996
CAMP03397,2025-12-03,2025-12-15,Influencer,97061,2550,374,68,3051.71,6252.82,1.049
CAMP03398,2025-07-11,2025-07-18,Influencer,19536,690,127,35,775.34,3162.57,3.0789
CAMP03399,2025-04-09,2025-04-21,Email,194967,19679,5889,1415,13680.12,86494.86,5.3227
CAMP03400,2025-08-31,2025-09-09,Display,46556,615,57,5,363.44,345.79,-0.0486
CAMP03401,2025-05-10,2025-05-20,Social,74365,2227,403,68,1885.02,5298.51,1.8109
CAMP03402,2025-10-01,2025-10-27,Search,43796,2070,427,90,3083.12,4811.3,0.5605
CAMP03403,2025-05-26,2025-06-18,Social,70531,2136,383,77,1413.93,4454.05,2.1501
CAMP03404,2025-03-05,2025-03-21,Search,90428,4533,963,228,6824.73,15434.38,1.2615
CAMP03405,2025-12-26,2026-01-17,Search,21941,1324,310,69,1827.55,6328.48,2.4628
CAMP03406,2025-09-05,2025-09-13,Display,128178,1568,158,21,1034.71,1629.52,0.5749
CAMP03407,2025-05-27,2025-06-23,Social,45400,1076,144,29,851.31,1868.37,1.1947
CAMP03408,2025-08-19,2025-09-02,Email,117976,9575,2537,584,7273.71,34346.28,3.722
CAMP03409,2025-02-13,2025-03-07,Social,56588,1398,242,41,1249.82,2327.74,0.8625
CAMP03410,2025-11-07,2025-11-18,Search,27982,1216,225,53,1824.64,4435.82,1.4311
CAMP03411,2025-06-25,2025-07-18,Social,122100,3504,600,128,2929.63,8034.5,1.7425
CAMP03412,2025-04-03,2025-04-09,Email,48403,3371,833,171,2149.05,14130.86,5.5754
CAMP03413,2025-03-01,2025-03-16,Search,83599,4441,1019,250,6823.56,18986.83,1.7825
CAMP03414,2025-05-31,2025-06-21,Display,20899,266,22,2,157.26,150.08,-0.0457
CAMP03415,2025-05-15,2025-06-04,Influencer,53573,1158,167,28,1123.33,1829.64,0.6288
CAMP03416,2025-03-07,2025-03-29,Email,74475,5308,1329,289,4570.78,19169.39,3.1939
CAMP03417,2025-12-25,2026-01-07,Search,47718,2047,396,67,2692.84,5505.39,1.0445
CAMP03418,2025-08-16,2025-09-05,Search,38268,2176,471,126,2709.65,8383.68,2.094
CAMP03419,2025-05-20,2025-06-06,Social,97939,2212,347,58,1467.34,4036.72,1.751
CAMP03420,2025-08-10,2025-08-24,Display,51042,729,95,20,594.38,1366.38,1.2988
CAMP03421,2025-06-10,2025-06-29,Search,46712,2243,496,128,3203.0,10706.9,2.3428
CAMP03422,2025-09-13,2025-09-25,Influencer,46644,2299,509,127,2609.96,9671.77,2.7057
CAMP03423,2025-01-23,2025-02-01,Social,55538,1651,277,45,1270.67,3923.21,2.0875
CAMP03424,2025-01-05,2025-01-19,Influencer,48729,1358,193,38,1410.1,2836.97,1.0119
CAMP03425,2025-07-09,2025-07-18,Influencer,112792,4150,761,170,5048.78,10625.08,1.1045
CAMP03426,2025-10-11,2025-10-28,Social,50959,1755,323,67,1306.68,4393.72,2.3625
CAMP03427,2025-06-21,2025-07-08,Search,38534,2345,541,132,2850.85,8788.17,2.0826
CAMP03428,2025-02-20,2025-03-12,Social,73628,1331,156,19,1465.1,1556.73,0.0625
CAMP03429,2025-10-17,2025-11-08,Email,37771,2475,605,130,1955.21,9957.45,4.0928
CAMP03430,2025-09-20,2025-10-15,Social,108382,3066,514,99,2596.78,6611.64,1.5461
CAMP03431,2025-01-27,2025-02-17,Email,30847,2641,726,165,2367.74,12988.58,4.4856
CAMP03432,2025-10-15,2025-10-24,Search,23744,1213,261,66,1787.31,3210.53,0.7963
CAMP03433,2025-10-10,2025-10-24,Email,59067,4410,1180,249,3656.39,14141.72,2.8677
CAMP03434,2025-07-17,2025-08-05,Search,31413,1885,446,127,3220.77,9767.68,2.0327
CAMP03435,2025-04-08,2025-04-14,Influencer,27882,1144,256,70,1118.16,4857.26,3.344
CAMP03436,2025-05-11,2025-05-29,Search,123367,8504,2212,596,12903.54,39150.22,2.0341
CAMP03437,2025-12-11,2025-12-21,Search,54763,3124,716,180,4657.96,13971.94,1.9996
CAMP03438,2025-01-01,2025-01-12,Email,64043,5365,1472,311,4798.51,19493.16,3.0623
CAMP03439,2025-07-19,2025-08-14,Display,20988,210,20,2,110.84,117.64,0.0613
CAMP03440,2025-03-06,2025-03-25,Influencer,62132,2047,378,88,2099.32,5776.65,1.7517
CAMP03441,2025-12-17,2025-12-30,Email,38053,2746,708,132,2286.24,8478.45,2.7085
CAMP03442,2025-05-11,2025-05-22,Email,63228,3571,789,131,2906.63,7365.61,1.5341
CAMP03443,2025-09-27,2025-10-20,Search,72095,3147,632,140,4702.09,12783.9,1.7188
CAMP03444,2025-02-27,2025-03-08,Influencer,60019,1996,345,80,2212.72,6756.48,2.0535
CAMP03445,2025-03-14,2025-03-23,Search,30328,1881,418,117,2481.54,9258.06,2.7308
CAMP03446,2025-09-14,2025-09-27,Search,96911,4909,1061,250,7148.96,18405.12,1.5745
CAMP03447,2025-12-28,2026-01-22,Search,86570,6450,1633,418,9663.08,37469.94,2.8776
CAMP03448,2025-09-13,2025-10-01,Social,75708,2218,378,84,2032.09,5268.48,1.5926
CAMP03449,2025-01-26,2025-02-21,Search,73742,3158,640,141,3875.38,12817.85,2.3075
CAMP03450,2025-06-03,2025-06-30,Display,75226,891,84,13,565.43,1301.37,1.3016
CAMP03451,2025-01-07,2025-01-23,Display,71212,833,80,12,667.81,1049.45,0.5715
CAMP03452,2025-06-17,2025-06-27,Display,41822,398,39,6,248.04,384.26,0.5492
CAMP03453,2025-05-11,2025-06-07,Search,70344,4032,867,233,6231.17,17586.87,1.8224
CAMP03454,2025-06-22,2025-07-06,Social,131971,3035,460,93,2601.17,5740.57,1.2069
CAMP03455,2025-05-20,2025-06-16,Influencer,107442,3234,567,118,3319.11,8658.13,1.6086
CAMP03456,2025-12-25,2026-01-05,Display,60518,800,76,11,580.55,505.83,-0.1287
CAMP03457,2025-05-07,2025-06-03,Search,44268,2071,444,100,2616.62,10913.99,3.171
CAMP03458,2025-10-08,2025-10-21,Search,130946,7604,1692,404,11222.56,30578.13,1.7247
CAMP03459,2025-02-10,2025-03-06,Social,33614,972,179,34,846.82,2867.95,2.3867
CAMP03460,2025-03-10,2025-03-19,Search,62228,3158,642,147,4211.12,13493.72,2.2043
CAMP03461,2025-06-08,2025-06-27,Search,68615,2911,568,123,3625.25,11827.2,2.2625
CAMP03462,2025-11-11,2025-12-01,Search,63523,3784,857,222,5097.52,20783.74,3.0772
CAMP03463,2025-08-13,2025-08-19,Email,67332,6837,2087,479,5117.72,34431.45,5.7279
CAMP03464,2025-04-09,2025-04-26,Social,29959,511,63,14,335.77,1333.42,2.9712
CAMP03465,2025-04-14,2025-05-04,Search,85480,4556,982,264,6796.75,19312.66,1.8415
CAMP03466,2025-12-23,2026-01-10,Search,32446,1673,350,79,2568.28,7498.48,1.9197
CAMP03467,2025-06-23,2025-07-11,Search,74988,4070,902,202,6329.84,15526.19,1.4529
CAMP03468,2025-07-24,2025-08-20,Display,54793,762,91,12,516.85,898.56,0.7385
CAMP03469,2025-12-22,2026-01-13,Search,53636,2866,606,144,3499.34,14005.92,3.0024
CAMP03470,2025-07-26,2025-08-11,Search,22520,1407,352,87,1775.36,7273.88,3.0971
CAMP03471,2025-01-19,2025-02-13,Display,34347,406,43,3,257.29,208.37,-0.1901
CAMP03472,2025-05-29,2025-06-08,Social,75651,2116,357,76,1826.22,6321.14,2.4613
CAMP03473,2025-09-05,2025-10-01,Search,23638,903,166,30,1248.14,2068.6,0.6573
CAMP03474,2025-08-22,2025-09-11,Search,58177,3579,864,226,4344.0,15908.1,2.6621
CAMP03475,2025-12-19,2026-01-06,Influencer,90900,3446,627,134,3558.53,10335.27,1.9044
CAMP03476,2025-03-22,2025-04-10,Search,134912,6992,1490,339,10677.19,29599.75,1.7722
CAMP03477,2025-01-22,2025-02-02,Display,127980,1696,160,17,1005.74,1022.25,0.0164
CAMP03478,2025-01-10,2025-01-29,Social,38463,1140,192,33,990.17,2990.73,2.0204
CAMP03479,2025-02-28,2025-03-23,Display,12425,118,9,1,75.26,60.15,-0.2008
CAMP03480,2025-09-02,2025-09-27,Email,51418,4163,1073,219,2981.16,19839.28,5.6549
CAMP03481,2025-11-05,2025-11-16,Email,89249,3958,787,140,2985.77,8152.3,1.7304
CAMP03482,2025-04-28,2025-05-20,Search,97239,6412,1580,401,10804.05,39934.05,2.6962
CAMP03483,2025-05-05,2025-05-28,Social,32619,817,137,22,669.62,1283.79,0.9172
CAMP03484,2025-04-15,2025-04-27,Influencer,82890,2408,371,78,2761.61,6512.87,1.3584
CAMP03485,2025-04-26,2025-05-16,Email,69865,3794,809,155,2742.79,11389.27,3.1524
CAMP03486,2025-09-14,2025-09-29,Email,49160,2969,699,134,2598.14,10348.8,2.9832
CAMP03487,2025-10-02,2025-10-25,Display,26054,204,18,2,129.17,167.62,0.2977
CAMP03488,2025-11-18,2025-12-09,Social,97493,2984,554,116,2490.35,7708.68,2.0954
CAMP03489,2025-06-15,2025-07-08,Display,88527,1115,122,19,708.38,1348.69,0.9039
CAMP03490,2025-12-11,2025-12-30,Search,55655,2367,412,91,3486.93,8108.63,1.3254
CAMP03491,2025-12-26,2026-01-06,Display,87686,849,66,3,579.97,156.58,-0.73
CAMP03492,2025-09-13,2025-10-05,Influencer,34869,1355,266,64,1516.25,6142.13,3.0509
CAMP03493,2025-06-11,2025-06-20,Social,128430,4474,853,176,3895.97,10625.01,1.7272
CAMP03494,2025-04-29,2025-05-13,Search,97415,6030,1374,342,9457.45,26297.55,1.7806
CAMP03495,2025-01-26,2025-02-11,Social,69721,1678,274,55,1204.87,5469.49,3.5395
CAMP03496,2025-02-04,2025-02-27,Email,56009,5186,1522,356,4618.14,20599.66,3.4606
CAMP03497,2025-07-29,2025-08-09,Influencer,46029,1542,298,60,1803.8,5315.2,1.9467
CAMP03498,2025-10-19,2025-10-29,Social,75962,1712,254,57,1380.08,3763.59,1.7271
CAMP03499,2025-06-10,2025-06-18,Email,72101,4543,1095,207,3493.6,13112.7,2.7533
CAMP03500,2025-09-13,2025-09-26,Email,32893,2475,625,138,1950.14,7801.5,3.0005
CAMP03501,2025-12-26,2026-01-21,Search,40705,1962,403,96,2554.92,8580.95,2.3586
CAMP03502,2025-03-09,2025-03-20,Influencer,57267,2478,489,112,2904.66,8109.36,1.7918
CAMP03503,2025-07-01,2025-07-24,Social,75078,2177,362,61,1741.93,5924.08,2.4009
CAMP03504,2025-07-20,2025-08-14,Social,29731,796,119,15,666.15,991.53,0.4884
CAMP03505,2025-04-15,2025-04-22,Social,43762,1361,250,60,1117.67,5457.89,3.8833
CAMP03506,2025-09-26,2025-10-03,Search,121779,5895,1195,280,6759.34,20761.34,2.0715
CAMP03507,2025-02-13,2025-03-12,Social,69691,1468,203,32,1398.17,2652.54,0.8972
CAMP03508,2025-10-01,2025-10-20,Search,57564,2598,535,128,3870.78,8987.56,1.3219
CAMP03509,2025-03-25,2025-04-12,Search,13311,573,114,25,905.55,1694.22,0.8709
CAMP03510,2025-03-02,2025-03-11,Email,92163,5927,1450,284,5055.69,20627.03,3.08
CAMP03511,2025-07-04,2025-07-27,Social,29017,1058,218,44,735.99,3277.11,3.4527
CAMP03512,2025-11-08,2025-12-02,Social,100231,4108,815,189,3223.08,11072.18,2.4353
CAMP03513,2025-12-13,2026-01-02,Influencer,129421,3033,438,80,3350.12,4959.57,0.4804
CAMP03514,2025-04-21,2025-04-28,Email,59183,3437,791,156,2222.49,11366.2,4.1142
CAMP03515,2025-04-22,2025-05-16,Display,48830,568,69,14,288.82,825.29,1.8575
CAMP03516,2025-10-19,2025-11-10,Email,22078,1356,288,64,988.87,5047.97,4.1048
CAMP03517,2025-10-20,2025-10-27,Display,68710,759,86,13,457.56,796.2,0.7401
CAMP03518,2025-07-02,2025-07-18,Social,165156,4028,640,127,2495.03,7615.73,2.0524
CAMP03519,2025-09-23,2025-10-08,Email,68752,3966,879,153,2705.64,10903.53,3.0299
CAMP03520,2025-07-01,2025-07-10,Email,63334,4549,1132,282,3522.43,16450.59,3.6702
CAMP03521,2025-09-30,2025-10-15,Email,74289,4678,1087,210,3972.17,12280.02,2.0915
CAMP03522,2025-11-13,2025-12-05,Social,95717,1951,295,45,1640.66,3466.6,1.1129
CAMP03523,2025-10-29,2025-11-15,Display,38126,431,40,3,346.29,161.06,-0.5349
CAMP03524,2025-03-24,2025-03-31,Search,43679,2474,548,144,3691.87,11774.1,2.1892
CAMP03525,2025-02-22,2025-02-28,Email,57293,3930,989,190,2533.86,18018.37,6.111
CAMP03526,2025-08-16,2025-08-31,Display,27225,270,18,0,167.71,0.0,-1.0
CAMP03527,2025-09-28,2025-10-24,Email,78574,7633,2245,526,6264.84,27803.38,3.438
CAMP03528,2025-05-07,2025-05-26,Social,85028,2195,374,72,1718.13,5223.3,2.0401
CAMP03529,2025-10-23,2025-11-19,Influencer,37659,1469,259,65,1827.74,5411.44,1.9607
CAMP03530,2025-07-26,2025-08-02,Social,86705,2398,389,74,1888.28,5088.45,1.6948
CAMP03531,2025-12-16,2025-12-30,Display,48943,558,56,8,338.53,443.36,0.3097
CAMP03532,2025-01-30,2025-02-14,Search,41967,2163,484,110,3595.73,7469.81,1.0774
CAMP03533,2025-02-25,2025-03-18,Social,155784,3251,484,83,2437.58,5179.54,1.1249
CAMP03534,2025-09-28,2025-10-06,Social,98000,2321,370,53,2050.46,2962.05,0.4446
CAMP03535,2025-01-26,2025-02-01,Social,36346,1156,204,32,830.08,2350.0,1.8311
CAMP03536,2025-04-17,2025-05-10,Search,33926,1302,227,49,1746.57,3751.48,1.1479
CAMP03537,2025-07-29,2025-08-19,Search,56903,3193,722,202,4343.63,14606.68,2.3628
CAMP03538,2025-01-06,2025-01-29,Social,131553,3724,582,108,3222.04,5971.3,0.8533
CAMP03539,2025-09-01,2025-09-27,Search,33286,1550,297,64,2061.9,4674.39,1.267
CAMP03540,2025-03-30,2025-04-10,Social,133612,3862,686,121,3593.61,7509.97,1.0898
CAMP03541,2025-05-27,2025-06-18,Social,144254,3520,547,102,2426.19,5180.54,1.1353
CAMP03542,2025-07-31,2025-08-21,Influencer,35458,1146,196,34,1470.77,2736.56,0.8606
CAMP03543,2025-07-25,2025-08-13,Influencer,41824,1354,219,47,1583.31,4924.17,2.11
CAMP03544,2025-03-20,2025-03-28,Social,118922,2890,458,67,1976.03,3814.57,0.9304
CAMP03545,2025-08-03,2025-08-10,Influencer,56433,1673,290,50,1931.26,4958.31,1.5674
CAMP03546,2025-07-22,2025-07-28,Social,44114,1016,165,28,823.11,1541.68,0.873
CAMP03547,2025-02-15,2025-02-27,Social,29208,742,110,22,634.56,1947.35,2.0688
CAMP03548,2025-02-04,2025-02-21,Email,91457,6965,1788,368,5454.95,19595.28,2.5922
CAMP03549,2025-07-30,2025-08-17,Display,68213,755,61,12,553.24,695.75,0.2576
CAMP03550,2025-09-05,2025-09-24,Search,21292,1110,235,51,1469.53,4048.96,1.7553
CAMP03551,2025-05-17,2025-06-04,Search,60447,2632,523,118,4520.79,11446.12,1.5319
CAMP03552,2025-07-14,2025-08-06,Social,63557,1926,346,50,1122.32,3818.0,2.4019
CAMP03553,2025-11-14,2025-12-05,Display,50623,718,83,16,503.78,1065.07,1.1142
CAMP03554,2025-11-10,2025-11-25,Search,15594,1202,312,89,1553.26,7388.03,3.7565
CAMP03555,2025-10-11,2025-11-01,Influencer,65662,2437,441,111,2431.63,8100.86,2.3315
CAMP03556,2025-11-20,2025-12-09,Display,87169,1075,120,14,657.3,945.63,0.4387
CAMP03557,2025-11-01,2025-11-21,Search,68523,3523,739,175,4010.22,13184.2,2.2877
CAMP03558,2025-04-04,2025-04-18,Display,28974,351,39,2,210.45,164.56,-0.2181
CAMP03559,2025-12-08,2026-01-03,Search,80618,4731,1114,279,7155.26,19932.95,1.7858
CAMP03560,2025-10-23,2025-11-19,Display,52725,508,64,10,308.18,650.99,1.1124
CAMP03561,2025-06-15,2025-06-22,Search,62619,4232,1041,282,6818.75,19175.02,1.8121
CAMP03562,2025-10-20,2025-11-06,Search,12358,441,80,15,504.64,889.56,0.7628
CAMP03563,2025-08-26,2025-09-04,Email,41209,3436,925,187,2844.95,10314.03,2.6254
CAMP03564,2025-07-05,2025-07-30,Social,108824,2604,408,76,1518.72,7283.5,3.7958
CAMP03565,2025-09-27,2025-10-11,Social,60354,1823,314,58,1236.03,5469.59,3.4251
CAMP03566,2025-02-19,2025-03-07,Email,91345,6454,1583,298,5278.45,16060.05,2.0426
CAMP03567,2025-02-11,2025-02-25,Display,73871,871,86,14,671.37,1174.52,0.7494
CAMP03568,2025-02-21,2025-03-17,Email,80899,6583,1790,386,6018.1,25596.22,3.2532
CAMP03569,2025-05-10,2025-05-29,Email,44838,3081,774,145,3088.77,9302.43,2.0117
CAMP03570,2025-12-07,2025-12-30,Social,116058,3401,601,126,2613.83,8824.94,2.3762
CAMP03571,2025-10-22,2025-11-08,Social,169689,5429,1018,227,3995.71,13789.5,2.4511
CAMP03572,2025-02-28,2025-03-16,Influencer,29551,1257,264,56,1196.2,5121.5,3.2815
CAMP03573,2025-10-11,2025-10-21,Search,69760,3152,627,149,4121.41,12009.63,1.914
CAMP03574,2025-01-20,2025-01-29,Influencer,38295,1325,212,45,1465.31,3686.03,1.5155
CAMP03575,2025-05-08,2025-05-18,Search,84986,3583,674,134,5389.15,12013.57,1.2292
CAMP03576,2025-04-24,2025-05-03,Search,18740,1157,272,66,1531.46,5376.47,2.5107
CAMP03577,2025-12-17,2026-01-08,Social,87651,1907,304,55,1562.19,4653.21,1.9786
CAMP03578,2025-08-20,2025-09-13,Search,59083,3682,863,220,4413.13,13243.11,2.0008
CAMP03579,2025-08-06,2025-08-20,Social,11689,240,33,3,182.43,232.38,0.2738
CAMP03580,2025-09-12,2025-10-08,Email,18747,1067,201,30,909.25,1410.76,0.5516
CAMP03581,2025-09-07,2025-09-24,Influencer,30778,864,134,32,1016.98,2986.95,1.9371
CAMP03582,2025-05-02,2025-05-14,Display,37938,329,26,5,184.55,324.67,0.7593
CAMP03583,2025-09-13,2025-10-04,Email,23108,2580,791,191,2444.54,10071.93,3.1202
CAMP03584,2025-10-27,2025-11-11,Social,53919,1554,248,62,966.91,4171.0,3.3137
CAMP03585,2025-03-04,2025-03-23,Search,58327,2954,654,158,3011.67,14308.44,3.751
CAMP03586,2025-02-16,2025-03-13,Social,95421,2662,440,76,1831.59,4345.53,1.3725
CAMP03587,2025-11-11,2025-12-02,Display,35719,521,65,13,387.23,753.69,0.9464
CAMP03588,2025-08-03,2025-08-10,Social,46887,1282,199,44,1037.35,3545.21,2.4176
CAMP03589,2025-06-13,2025-07-07,Email,47636,3767,999,222,3270.1,12320.07,2.7675
CAMP03590,2025-09-29,2025-10-24,Search,56049,2963,644,145,4279.54,14353.93,2.3541
CAMP03591,2025-05-24,2025-06-14,Email,69967,3974,914,181,3703.85,12460.62,2.3642
CAMP03592,2025-07-03,2025-07-14,Display,46652,530,51,11,351.6,958.8,1.727
CAMP03593,2025-11-27,2025-12-13,Social,14454,387,65,9,323.83,505.19,0.56
CAMP03594,2025-05-05,2025-05-29,Search,233191,12929,2857,689,22512.74,39956.12,0.7748
CAMP03595,2025-07-02,2025-07-15,Email,31698,1670,339,49,1249.85,3256.13,1.6052
CAMP03596,2025-11-07,2025-11-16,Email,53365,3508,845,170,2541.36,13496.65,4.3108
CAMP03597,2025-12-06,2025-12-15,Email,67978,6599,1923,442,5645.09,31108.41,4.5107
CAMP03598,2025-09-05,2025-09-23,Influencer,44016,1308,214,33,1302.98,3616.0,1.7752
CAMP03599,2025-06-27,2025-07-05,Display,93197,1107,92,17,694.55,897.82,0.2927
CAMP03600,2025-02-25,2025-03-22,Search,79933,8256,2435,848,11897.36,56097.5,3.7151
CAMP03601,2025-10-26,2025-11-01,Social,33813,1018,177,38,738.04,2933.1,2.9742
CAMP03602,2025-02-15,2025-03-11,Search,72292,3620,787,188,5140.01,12593.89,1.4502
CAMP03603,2025-08-13,2025-08-20,Email,89559,6208,1540,301,4889.71,19334.07,2.954
CAMP03604,2025-10-20,2025-10-30,Social,92344,2500,420,81,1890.36,8263.67,3.3715
CAMP03605,2025-04-30,2025-05-26,Email,69549,3543,762,125,2747.81,8987.75,2.2709
CAMP03606,2025-01-12,2025-01-20,Social,50131,932,130,20,623.73,1443.07,1.3136
CAMP03607,2025-05-25,2025-06-07,Social,50834,1684,317,69,1424.54,6046.78,3.2447
CAMP03608,2025-07-09,2025-07-25,Search,121503,6097,1325,332,8940.72,28467.92,2.1841
CAMP03609,2025-05-23,2025-06-14,Search,71623,3455,716,175,5131.78,16144.82,2.146
CAMP03610,2025-03-24,2025-04-17,Social,157294,3432,532,89,3030.63,5689.6,0.8774
CAMP03611,2025-03-24,2025-04-03,Social,75087,1544,233,35,1206.03,2754.32,1.2838
CAMP03612,2025-07-30,2025-08-25,Influencer,39357,1655,341,69,2539.29,6410.64,1.5246
CAMP03613,2025-02-07,2025-02-15,Search,49956,3201,741,180,4751.06,15261.81,2.2123
CAMP03614,2025-07-20,2025-08-11,Influencer,30649,850,133,24,787.46,1993.21,1.5312
CAMP03615,2025-12-05,2025-12-22,Search,89332,4361,872,194,5681.22,15306.99,1.6943
CAMP03616,2025-10-26,2025-11-02,Display,17374,163,13,3,94.5,205.22,1.1716
CAMP03617,2025-04-27,2025-05-21,Email,65174,3958,928,181,3215.86,11233.73,2.4932
CAMP03618,2025-02-21,2025-03-12,Influencer,59921,2136,385,81,2409.2,7751.9,2.2176
CAMP03619,2025-12-18,2026-01-11,Search,88595,4945,1088,246,7086.87,20080.2,1.8334
CAMP03620,2025-04-13,2025-05-05,Search,68824,5190,1383,420,8328.75,39133.55,3.6986
CAMP03621,2025-12-02,2025-12-12,Social,81410,2987,558,120,2427.65,7162.55,1.9504
CAMP03622,2025-11-30,2025-12-08,Display,24230,240,19,4,191.42,291.58,0.5232
CAMP03623,2025-04-19,2025-05-10,Display,47752,555,64,7,409.33,534.53,0.3059
CAMP03624,2025-04-13,2025-04-23,Influencer,56393,1758,300,59,1751.37,5277.24,2.0132
CAMP03625,2025-10-23,2025-11-01,Social,31905,711,105,18,540.33,1085.68,1.0093
CAMP03626,2025-05-21,2025-05-31,Influencer,79066,2881,495,120,2739.13,9711.02,2.5453
CAMP03627,2025-11-28,2025-12-16,Search,41825,2951,729,198,4320.61,13969.83,2.2333
CAMP03628,2025-04-15,2025-05-03,Email,171452,14118,3888,792,9254.04,50305.64,4.4361
CAMP03629,2025-03-26,2025-04-22,Search,49126,2525,519,89,3921.73,7126.32,0.8171
CAMP03630,2025-03-02,2025-03-15,Social,61539,1230,175,27,977.34,2601.24,1.6616
CAMP03631,2025-06-28,2025-07-24,Email,77211,4276,957,180,3955.36,16817.43,3.2518
CAMP03632,2025-03-27,2025-04-06,Social,34226,961,150,27,871.1,1880.73,1.159
CAMP03633,2025-01-02,2025-01-19,Search,74741,4002,875,216,4422.82,16712.1,2.7786
CAMP03634,2025-07-06,2025-07-25,Display,69708,635,49,9,391.53,489.05,0.2491
CAMP03635,2025-08-10,2025-08-21,Email,95524,7535,1966,410,6968.96,23794.64,2.4144
CAMP03636,2025-09-06,2025-09-21,Search,47523,2423,506,117,3285.65,10807.18,2.2892
CAMP03637,2025-09-04,2025-09-18,Search,76560,3255,618,136,4662.16,10031.0,1.1516
CAMP03638,2025-05-07,2025-05-15,Social,65016,2211,400,85,1823.46,4710.22,1.5831
CAMP03639,2025-12-30,2026-01-13,Social,40184,988,180,32,873.86,1891.7,1.1648
CAMP03640,2025-06-19,2025-07-03,Display,101896,1451,143,27,974.63,2098.6,1.1532
CAMP03641,2025-09-11,2025-10-03,Search,40970,2650,603,149,3429.08,16580.4,3.8352
CAMP03642,2025-06-22,2025-07-06,Search,79301,6176,1568,435,9397.8,38167.12,3.0613
CAMP03643,2025-04-01,2025-04-21,Email,55765,4022,1013,206,3311.7,15801.31,3.7714
CAMP03644,2025-08-13,2025-09-08,Search,27238,1572,340,84,1979.57,5808.46,1.9342
CAMP03645,2025-09-21,2025-10-16,Social,21823,401,50,5,323.99,334.15,0.0314
CAMP03646,2025-05-28,2025-06-04,Display,50377,411,27,4,210.88,256.95,0.2185
CAMP03647,2025-12-26,2026-01-05,Email,159561,11357,2914,630,6423.84,37131.06,4.7802
CAMP03648,2025-05-27,2025-06-11,Search,49628,2966,706,196,3744.7,19449.35,4.1938
CAMP03649,2025-04-14,2025-04-26,Influencer,113283,3928,726,159,4057.99,12801.54,2.1547
CAMP03650,2025-03-21,2025-04-04,Influencer,45918,1667,293,52,1348.85,3287.72,1.4374
CAMP03651,2025-05-21,2025-06-01,Email,102892,7876,2021,403,6271.31,24763.05,2.9486
CAMP03652,2025-09-19,2025-09-25,Display,77401,765,74,8,441.32,582.2,0.3192
CAMP03653,2025-06-14,2025-07-04,Search,22428,1325,331,92,1813.57,8828.2,3.8679
CAMP03654,2025-10-26,2025-11-18,Display,72381,1097,113,18,710.34,1138.1,0.6022
CAMP03655,2025-11-25,2025-12-13,Search,82115,4369,891,186,6655.9,12962.91,0.9476
CAMP03656,2025-05-13,2025-05-23,Social,117509,3940,747,153,2822.66,11847.2,3.1972
CAMP03657,2025-09-23,2025-09-30,Search,74134,4319,967,229,6514.84,18461.17,1.8337
CAMP03658,2025-06-02,2025-06-09,Social,32355,889,149,35,706.22,2457.02,2.4791
CAMP03659,2025-10-09,2025-10-20,Social,31608,781,125,18,516.58,1646.95,2.1882
CAMP03660,2025-11-02,2025-11-09,Display,18947,160,9,1,95.93,60.8,-0.3662
CAMP03661,2025-07-05,2025-08-01,Email,134471,10233,2732,604,9490.64,33926.34,2.5747
CAMP03662,2025-01-08,2025-01-28,Social,32975,717,94,14,451.45,1079.53,1.3913
CAMP03663,2025-09-05,2025-09-23,Search,48564,3126,746,186,4662.0,13591.66,1.9154
CAMP03664,2025-12-23,2026-01-09,Email,111624,8196,2118,428,7121.89,29967.85,3.2079
CAMP03665,2025-03-06,2025-03-29,Social,50745,1268,211,34,1110.48,2274.31,1.048
CAMP03666,2025-09-28,2025-10-19,Email,83040,5632,1421,270,4376.51,21085.92,3.818
CAMP03667,2025-02-08,2025-03-05,Social,93913,2258,394,63,1830.84,5473.45,1.9896
CAMP03668,2025-09-17,2025-09-26,Influencer,40708,1914,369,84,2365.74,8136.53,2.4393
CAMP03669,2025-06-20,2025-07-03,Search,58660,3405,782,198,5142.68,11750.44,1.2849
CAMP03670,2025-08-13,2025-08-28,Email,51044,3955,1037,244,3579.03,17915.42,4.0057
CAMP03671,2025-03-29,2025-04-19,Search,57865,3346,707,179,5511.72,17678.36,2.2074
CAMP03672,2025-09-07,2025-09-22,Search,79103,4350,927,222,5864.26,16433.17,1.8023
CAMP03673,2025-07-02,2025-07-27,Search,106574,4813,947,220,6567.01,18640.99,1.8386
CAMP03674,2025-01-25,2025-02-06,Influencer,59701,1789,299,47,1876.95,4919.4,1.621
CAMP03675,2025-12-28,2026-01-16,Display,126056,2191,262,43,1728.72,2512.37,0.4533
CAMP03676,2025-11-10,2025-11-21,Search,122914,5740,1188,268,8844.19,21850.24,1.4706
CAMP03677,2025-05-28,2025-06-10,Display,52341,528,46,7,301.7,421.87,0.3983
CAMP03678,2025-12-18,2026-01-09,Search,75593,4546,1054,253,7239.72,15345.41,1.1196
CAMP03679,2025-12-21,2026-01-07,Social,49336,1027,144,29,853.31,1693.23,0.9843
CAMP03680,2025-01-28,2025-02-04,Email,28810,2133,540,100,1471.88,7339.68,3.9866
CAMP03681,2025-10-14,2025-10-24,Display,64556,945,92,19,568.56,1103.03,0.94
CAMP03682,2025-04-29,2025-05-21,Social,43758,1354,248,39,1237.52,2624.52,1.1208
CAMP03683,2025-07-20,2025-08-16,Display,128656,1642,180,29,1019.38,2242.23,1.1996
CAMP03684,2025-12-10,2026-01-05,Display,105591,1700,194,25,1041.1,1265.66,0.2157
CAMP03685,2025-12-20,2026-01-11,Influencer,40086,1344,246,54,1580.7,4299.24,1.7198
CAMP03686,2025-02-17,2025-03-13,Social,24380,650,101,15,505.49,953.76,0.8868
CAMP03687,2025-06-08,2025-07-05,Social,62091,1322,196,31,999.78,1965.73,0.9662
CAMP03688,2025-10-04,2025-10-30,Email,30331,1848,457,82,1361.91,6025.25,3.4241
CAMP03689,2025-08-28,2025-09-07,Social,55969,1931,350,70,1396.68,5775.8,3.1354
CAMP03690,2025-12-02,2025-12-10,Search,102588,8032,2114,616,14314.97,59791.35,3.1768
CAMP03691,2025-11-28,2025-12-22,Display,48366,437,29,2,289.48,124.16,-0.5711
CAMP03692,2025-11-08,2025-11-26,Search,35328,2553,660,171,3803.82,13743.6,2.6131
CAMP03693,2025-04-05,2025-04-25,Search,162420,8429,1752,423,10049.26,34503.52,2.4334
CAMP03694,2025-10-24,2025-11-14,Email,28952,1892,473,99,1284.57,5504.89,3.2854
CAMP03695,2025-09-08,2025-09-17,Email,87698,6846,1839,401,5984.25,23383.01,2.9074
CAMP03696,2025-03-06,2025-03-21,Influencer,62059,2469,455,100,2322.64,9400.51,3.0473
CAMP03697,2025-09-24,2025-10-06,Social,45104,1107,185,35,1012.78,3308.53,2.2668
CAMP03698,2025-07-31,2025-08-17,Email,103034,4295,833,136,3857.77,7828.87,1.0294
CAMP03699,2025-10-22,2025-10-31,Influencer,61086,2185,381,90,2748.7,9430.69,2.431
CAMP03700,2025-08-13,2025-09-07,Influencer,14897,452,72,18,483.78,1478.22,2.0556
CAMP03701,2025-07-04,2025-07-29,Social,58434,1375,205,39,1154.41,2262.01,0.9595
CAMP03702,2025-07-09,2025-08-03,Search,43116,2507,549,149,3618.7,12687.66,2.5061
CAMP03703,2025-09-24,2025-10-07,Email,96822,8699,2517,575,5937.59,61223.8,9.3112
CAMP03704,2025-02-03,2025-02-27,Influencer,53230,2424,524,122,2574.05,11221.97,3.3597
CAMP03705,2025-08-30,2025-09-19,Social,37224,800,140,23,535.85,1134.79,1.1177
CAMP03706,2025-05-31,2025-06-27,Search,90870,5261,1153,297,7536.42,24234.18,2.2156
CAMP03707,2025-01-05,2025-01-18,Social,63760,1422,226,36,1079.32,1754.95,0.626
CAMP03708,2025-03-13,2025-04-05,Social,57258,1446,219,37,1072.34,1997.45,0.8627
CAMP03709,2025-05-23,2025-06-02,Email,70399,4784,1210,248,3192.16,12210.71,2.8252
CAMP03710,2025-11-12,2025-12-08,Social,105979,3317,580,114,3074.49,7302.63,1.3752
CAMP03711,2025-04-06,2025-04-26,Influencer,32984,1340,275,63,1522.25,5845.79,2.8402
CAMP03712,2025-03-06,2025-03-19,Search,80575,4500,1047,247,4480.3,23580.79,4.2632
CAMP03713,2025-08-08,2025-08-22,Social,81896,1850,278,63,1624.88,4416.41,1.718
CAMP03714,2025-06-13,2025-07-06,Display,42179,361,25,4,188.84,166.67,-0.1174
CAMP03715,2025-07-08,2025-07-26,Social,41415,719,85,17,557.78,1599.95,1.8684
CAMP03716,2025-07-19,2025-08-14,Social,43740,994,161,31,861.83,2309.6,1.6799
CAMP03717,2025-01-29,2025-02-04,Email,84244,6379,1711,357,5559.93,26888.85,3.8362
CAMP03718,2025-03-12,2025-03-21,Social,125866,2598,349,57,1965.94,3655.54,0.8594
CAMP03719,2025-06-25,2025-07-18,Display,51344,573,42,7,337.68,466.33,0.381
CAMP03720,2025-12-17,2025-12-27,Display,99735,1525,172,23,906.96,1542.19,0.7004
CAMP03721,2025-08-08,2025-09-01,Social,58643,1316,201,27,1046.46,2752.64,1.6304
CAMP03722,2025-05-27,2025-06-13,Social,49007,1226,200,36,913.83,1877.72,1.0548
CAMP03723,2025-11-15,2025-12-04,Display,55235,677,72,5,535.14,241.62,-0.5485
CAMP03724,2025-10-19,2025-11-02,Search,73403,4062,904,204,6516.7,17517.76,1.6881
CAMP03725,2025-10-31,2025-11-13,Social,27292,945,182,38,764.69,2145.98,1.8063
CAMP03726,2025-01-30,2025-02-26,Influencer,71592,2284,431,97,2621.08,6854.51,1.6151
CAMP03727,2025-05-16,2025-05-22,Email,92149,7774,2060,452,7510.89,26261.05,2.4964
CAMP03728,2025-07-01,2025-07-07,Display,145655,1162,89,6,789.83,374.28,-0.5261
CAMP03729,2025-04-03,2025-04-25,Email,15015,1033,217,40,812.53,2557.44,2.1475
CAMP03730,2025-03-24,2025-04-12,Search,103380,5419,1215,289,7542.46,28326.52,2.7556
CAMP03731,2025-10-10,2025-10-28,Email,63470,4619,1179,265,3457.53,18261.48,4.2817
CAMP03732,2025-09-12,2025-09-18,Display,69128,836,84,11,752.22,632.17,-0.1596
CAMP03733,2025-09-23,2025-10-08,Social,99279,2928,546,105,2358.94,7220.84,2.0611
CAMP03734,2025-06-21,2025-07-15,Display,97092,1295,140,21,888.53,1320.55,0.4862
CAMP03735,2025-04-29,2025-05-18,Email,30045,2278,592,141,1639.75,9052.17,4.5205
CAMP03736,2025-01-24,2025-02-17,Email,76662,5096,1248,225,3588.07,15955.7,3.4469
CAMP03737,2025-10-19,2025-11-09,Search,112921,6966,1624,400,12739.35,26441.41,1.0756
CAMP03738,2025-01-18,2025-01-29,Influencer,64543,2621,554,130,2747.56,11961.63,3.3535
CAMP03739,2025-06-17,2025-06-25,Email,109644,8345,2142,473,5808.46,28539.61,3.9135
CAMP03740,2025-11-08,2025-11-19,Display,63685,814,77,12,437.99,836.85,0.9107
CAMP03741,2025-06-29,2025-07-18,Email,34703,2722,726,159,1932.57,9030.91,3.673
CAMP03742,2025-09-15,2025-10-06,Social,72967,1825,285,50,1497.98,2647.42,0.7673
CAMP03743,2025-12-15,2026-01-08,Display,27775,321,27,4,188.72,202.07,0.0707
CAMP03744,2025-06-28,2025-07-06,Search,64611,3102,637,149,5482.13,14520.63,1.6487
CAMP03745,2025-04-23,2025-05-19,Social,62215,1226,166,31,1086.99,2155.22,0.9827
CAMP03746,2025-03-24,2025-04-16,Search,55763,2514,462,111,3206.83,9117.35,1.8431
CAMP03747,2025-08-29,2025-09-23,Influencer,21389,986,201,62,1065.92,4448.42,3.1733
CAMP03748,2025-09-04,2025-09-30,Influencer,112532,3620,652,135,4359.61,12081.18,1.7712
CAMP03749,2025-09-30,2025-10-11,Email,82742,5023,1203,190,4163.39,12095.26,1.9051
CAMP03750,2025-04-24,2025-05-10,Search,70706,4088,909,226,5293.62,18757.26,2.5434
CAMP03751,2025-06-06,2025-06-27,Social,48332,1551,283,45,1416.98,4099.54,1.8932
CAMP03752,2025-02-17,2025-03-02,Display,30298,389,42,5,265.07,365.12,0.3774
CAMP03753,2025-07-10,2025-08-02,Social,62645,1602,289,71,1398.0,5753.05,3.1152
CAMP03754,2025-09-02,2025-09-08,Display,83336,1000,92,10,659.96,580.04,-0.1211
CAMP03755,2025-09-25,2025-10-02,Display,29573,324,35,1,261.67,78.61,-0.6996
CAMP03756,2025-07-01,2025-07-27,Search,68821,4468,1064,256,6098.44,18172.13,1.9798
CAMP03757,2025-02-13,2025-03-10,Social,66419,1657,253,62,1508.9,5788.02,2.8359
CAMP03758,2025-02-23,2025-03-12,Search,10979,583,130,22,758.67,2113.23,1.7854
CAMP03759,2025-05-15,2025-06-01,Search,42750,2746,634,164,3575.02,16681.56,3.6661
CAMP03760,2025-10-25,2025-11-13,Search,178120,10964,2617,657,18126.92,67073.74,2.7002
CAMP03761,2025-04-05,2025-04-24,Influencer,78770,4119,923,232,5276.94,16466.82,2.1205
CAMP03762,2025-10-16,2025-11-06,Display,99081,1057,102,24,650.85,1437.33,1.2084
CAMP03763,2025-03-25,2025-04-12,Influencer,98547,2809,475,83,3310.03,6806.29,1.0563
CAMP03764,2025-12-01,2025-12-18,Search,89719,5088,1124,262,7395.8,29256.82,2.9559
CAMP03765,2025-02-02,2025-02-17,Search,87307,4012,796,154,5813.12,14685.32,1.5262
CAMP03766,2025-09-12,2025-09-20,Search,64613,5053,1368,389,8433.9,27483.75,2.2587
CAMP03767,2025-01-12,2025-02-03,Email,68271,5199,1354,268,4433.13,18544.29,3.1831
CAMP03768,2025-03-21,2025-04-13,Display,45369,559,55,8,393.96,557.66,0.4155
CAMP03769,2025-03-31,2025-04-25,Social,63141,1705,309,53,1272.82,2987.48,1.3471
CAMP03770,2025-05-25,2025-06-12,Social,138716,3340,527,80,2529.07,5350.05,1.1154
CAMP03771,2025-02-02,2025-02-12,Display,23604,291,29,5,158.83,248.76,0.5662
CAMP03772,2025-09-03,2025-09-23,Email,33306,2133,470,84,2139.37,4585.17,1.1432
CAMP03773,2025-01-31,2025-02-15,Display,92543,1317,146,26,906.04,1576.38,0.7399
CAMP03774,2025-11-16,2025-11-25,Influencer,47899,1490,233,43,1884.86,3963.42,1.1028
CAMP03775,2025-04-03,2025-04-22,Social,35588,589,84,11,586.53,498.61,-0.1499
CAMP03776,2025-11-15,2025-11-26,Social,17371,434,72,15,370.74,1262.27,2.4047
CAMP03777,2025-06-24,2025-07-16,Display,60780,805,91,9,562.15,740.33,0.317
CAMP03778,2025-04-14,2025-04-22,Search,66159,2199,361,70,2932.0,4596.92,0.5678
CAMP03779,2025-05-09,2025-06-01,Email,57677,3877,942,203,3219.27,12753.23,2.9615
CAMP03780,2025-07-07,2025-07-26,Search,28047,1173,233,53,1696.94,5001.61,1.9474
CAMP03781,2025-09-23,2025-09-29,Influencer,78358,2685,423,82,2258.28,7737.88,2.4264
CAMP03782,2025-03-17,2025-04-05,Email,50435,3038,725,139,2419.26,8934.7,2.6932
CAMP03783,2025-11-28,2025-12-08,Social,64546,1743,275,48,1331.32,3077.75,1.3118
CAMP03784,2025-10-29,2025-11-07,Search,44179,2594,625,164,3202.97,13229.98,3.1305
CAMP03785,2025-08-02,2025-08-28,Influencer,110187,4723,976,256,5741.82,20373.01,2.5482
CAMP03786,2025-02-03,2025-02-09,Email,64224,4257,1029,185,4139.83,12354.62,1.9843
CAMP03787,2025-11-25,2025-12-10,Search,81272,4666,1076,259,7785.84,25263.71,2.2448
CAMP03788,2025-05-17,2025-05-30,Email,32590,1921,413,82,1614.23,5456.67,2.3804
CAMP03789,2025-01-29,2025-02-25,Email,13578,956,239,45,705.11,2798.71,2.9692
CAMP03790,2025-11-24,2025-12-15,Social,98544,2350,389,73,1819.08,4266.46,1.3454
CAMP03791,2025-09-23,2025-10-02,Social,72686,2000,367,65,2244.14,4200.12,0.8716
CAMP03792,2025-04-04,2025-04-25,Search,114216,6648,1530,383,8173.59,31715.73,2.8803
CAMP03793,2025-07-06,2025-07-25,Search,86356,4391,1007,237,4973.62,19929.56,3.0071
CAMP03794,2025-02-10,2025-03-07,Search,30863,1399,294,61,1652.84,5255.03,2.1794
CAMP03795,2025-11-08,2025-11-20,Social,91529,2795,502,86,3347.6,7113.2,1.1249
CAMP03796,2025-01-19,2025-02-05,Display,107054,1194,122,13,721.33,833.15,0.155
CAMP03797,2025-12-26,2026-01-02,Search,66503,3400,726,170,4456.14,12797.85,1.872
CAMP03798,2025-10-09,2025-10-25,Social,25775,540,72,8,456.88,462.9,0.0132
CAMP03799,2025-10-01,2025-10-08,Display,70086,659,60,6,403.88,328.15,-0.1875
CAMP03800,2025-07-30,2025-08-07,Search,37039,2168,478,119,3419.67,10374.48,2.0338
CAMP03801,2025-12-21,2025-12-29,Display,55177,690,65,11,431.57,884.42,1.0493
CAMP03802,2025-04-12,2025-04-21,Search,25104,1306,279,72,1826.95,4810.27,1.633
CAMP03803,2025-07-11,2025-07-26,Display,31346,367,39,3,234.3,163.22,-0.3034
CAMP03804,2025-07-06,2025-08-02,Social,94614,2713,442,104,1937.73,7674.63,2.9606
CAMP03805,2025-11-24,2025-12-12,Social,23880,608,95,16,519.2,1074.8,1.0701
CAMP03806,2025-07-23,2025-08-15,Search,65774,4315,1021,262,5693.41,21089.07,2.7041
CAMP03807,2025-08-01,2025-08-08,Display,54062,823,97,12,631.71,715.96,0.1334
CAMP03808,2025-07-01,2025-07-20,Email,22162,1295,323,63,918.26,3384.72,2.686
CAMP03809,2025-03-07,2025-03-14,Email,55165,3652,881,178,3196.84,8036.77,1.514
CAMP03810,2025-04-19,2025-04-28,Display,48485,580,68,11,354.24,596.67,0.6844
CAMP03811,2025-11-30,2025-12-16,Search,14440,1142,308,83,1971.5,5418.87,1.7486
CAMP03812,2025-09-27,2025-10-03,Display,14703,215,22,1,138.33,96.04,-0.3057
CAMP03813,2025-01-21,2025-02-13,Search,106323,6315,1427,362,9592.95,39590.37,3.127
CAMP03814,2025-03-01,2025-03-20,Influencer,48816,1278,215,37,1325.26,3074.57,1.32
CAMP03815,2025-07-15,2025-08-10,Email,165572,9777,2234,407,6671.37,28177.48,3.2236
CAMP03816,2025-08-27,2025-09-11,Display,92838,1074,101,10,729.46,733.79,0.0059
CAMP03817,2025-06-12,2025-06-23,Search,67033,2660,519,119,4436.21,9446.55,1.1294
CAMP03818,2025-03-19,2025-04-11,Social,20954,595,107,25,497.03,2063.97,3.1526
CAMP03819,2025-08-27,2025-09-08,Display,70166,994,104,18,615.56,1482.71,1.4087
CAMP03820,2025-11-03,2025-11-12,Search,36437,1644,355,83,1972.39,7721.31,2.9147
CAMP03821,2025-07-30,2025-08-07,Search,62949,3226,693,197,3926.33,15518.94,2.9525
CAMP03822,2025-02-27,2025-03-19,Email,44676,3244,858,193,2298.11,11302.12,3.918
CAMP03823,2025-12-11,2025-12-23,Social,39104,970,152,19,725.67,1293.23,0.7821
CAMP03824,2025-04-21,2025-05-02,Search,20013,991,196,39,1116.41,3372.13,2.0205
CAMP03825,2025-09-23,2025-10-17,Search,27441,1389,290,68,1614.26,6096.11,2.7764
CAMP03826,2025-07-24,2025-08-15,Social,60117,1635,255,50,1218.6,4445.26,2.6478
CAMP03827,2025-06-13,2025-06-19,Social,75714,2116,311,70,1831.06,6001.65,2.2777
CAMP03828,2025-07-22,2025-08-02,Social,60535,1388,185,27,1244.81,2345.55,0.8843
CAMP03829,2025-08-06,2025-08-20,Email,68690,3625,815,137,3743.98,8783.46,1.346
CAMP03830,2025-09-08,2025-10-01,Social,57239,1495,221,34,1341.3,2093.97,0.5611
CAMP03831,2025-03-22,2025-04-12,Social,45493,1322,235,54,911.47,3187.92,2.4976
CAMP03832,2025-04-01,2025-04-10,Social,152438,5810,1121,221,5205.93,16246.92,2.1208
CAMP03833,2025-06-13,2025-06-27,Display,57003,778,93,18,463.33,1100.94,1.3761
CAMP03834,2025-01-12,2025-02-06,Search,22262,1289,311,68,2058.18,4477.42,1.1754
CAMP03835,2025-12-10,2026-01-01,Social,89858,2192,343,60,2113.09,4403.34,1.0838
CAMP03836,2025-10-30,2025-11-13,Search,44932,2267,484,107,3468.4,8100.84,1.3356
CAMP03837,2025-08-06,2025-08-20,Email,103712,6056,1372,269,5146.48,18352.09,2.5659
CAMP03838,2025-12-21,2026-01-16,Email,67203,3737,844,139,3080.77,8441.18,1.74
CAMP03839,2025-01-28,2025-02-08,Search,55911,3455,806,197,4754.2,16181.19,2.4036
CAMP03840,2025-10-20,2025-11-06,Search,150886,9441,2188,608,13247.63,52698.99,2.978
CAMP03841,2025-12-30,2026-01-15,Search,28708,1483,322,80,1962.52,6991.33,2.5624
CAMP03842,2025-06-26,2025-07-22,Search,29335,1507,319,75,2116.84,6379.54,2.0137
CAMP03843,2025-07-21,2025-07-30,Social,18071,487,95,16,344.27,1123.81,2.2643
CAMP03844,2025-01-19,2025-01-25,Email,47764,2952,667,111,2376.89,5757.03,1.4221
CAMP03845,2025-07-13,2025-07-26,Social,36983,807,104,11,745.77,675.29,-0.0945
CAMP03846,2025-12-27,2026-01-08,Influencer,44736,1653,290,63,1795.0,7314.98,3.0752
CAMP03847,2025-08-09,2025-08-16,Search,35803,2386,574,148,3554.35,11490.9,2.2329
CAMP03848,2025-11-04,2025-11-15,Email,33390,1955,444,93,1577.53,4664.21,1.9567
CAMP03849,2025-01-20,2025-02-04,Social,49055,1473,247,52,1136.88,3784.0,2.3284
CAMP03850,2025-01-16,2025-01-30,Search,57507,3523,825,197,5275.25,16986.19,2.22
CAMP03851,2025-03-25,2025-04-12,Social,43846,918,134,23,889.16,1588.75,0.7868
CAMP03852,2025-05-12,2025-05-30,Search,72705,3013,576,102,4632.99,8722.19,0.8826
CAMP03853,2025-07-25,2025-08-10,Influencer,25211,1190,243,57,1296.12,4773.02,2.6825
CAMP03854,2025-05-29,2025-06-21,Influencer,67376,2226,388,92,2179.01,9866.41,3.5279
CAMP03855,2025-01-19,2025-02-10,Email,55259,3500,809,162,2640.15,10097.89,2.8247
CAMP03856,2025-06-03,2025-06-28,Email,30111,2318,621,117,1869.23,7932.73,3.2438
CAMP03857,2025-05-12,2025-06-08,Social,40916,1459,267,56,1242.09,2816.47,1.2675
CAMP03858,2025-11-08,2025-12-01,Social,59021,1542,268,50,1203.38,4270.73,2.5489
CAMP03859,2025-10-26,2025-11-12,Influencer,9770,398,83,17,435.34,1406.78,2.2315
CAMP03860,2025-08-14,2025-09-09,Influencer,36443,1105,183,36,1121.7,2855.42,1.5456
CAMP03861,2025-10-17,2025-10-30,Display,77688,1341,163,30,839.45,2204.13,1.6257
CAMP03862,2025-12-17,2026-01-03,Email,96425,4789,994,176,3762.67,12608.74,2.351
CAMP03863,2025-05-20,2025-05-26,Social,19618,448,59,11,295.43,667.96,1.261
CAMP03864,2025-07-21,2025-08-02,Search,48619,2532,531,125,4156.3,10140.72,1.4398
CAMP03865,2025-09-29,2025-10-05,Display,39038,442,36,3,299.43,153.77,-0.4865
CAMP03866,2025-06-10,2025-06-25,Email,35621,2610,671,130,2066.32,7943.96,2.8445
CAMP03867,2025-03-05,2025-03-12,Social,33647,1296,261,51,987.99,4776.08,3.8341
CAMP03868,2025-10-02,2025-10-25,Search,69657,3806,804,174,5659.28,14800.99,1.6153
CAMP03869,2025-05-17,2025-06-05,Display,106005,1253,136,20,915.08,1258.8,0.3756
CAMP03870,2025-03-24,2025-04-20,Social,49450,1015,144,31,767.18,2221.76,1.896
CAMP03871,2025-09-25,2025-10-09,Social,91751,2511,372,62,1800.2,4854.73,1.6968
CAMP03872,2025-02-03,2025-02-22,Social,57589,1487,240,35,1119.53,1751.22,0.5642
CAMP03873,2025-10-22,2025-11-14,Search,32107,1682,333,73,2528.45,5163.53,1.0422
CAMP03874,2025-11-09,2025-11-16,Social,49003,848,89,9,681.46,972.71,0.4274
CAMP03875,2025-05-02,2025-05-27,Email,67548,5129,1371,321,4134.35,20089.49,3.8592
CAMP03876,2025-09-01,2025-09-23,Social,27434,771,156,24,545.47,1404.23,1.5743
CAMP03877,2025-02-08,2025-02-19,Display,41507,393,35,3,238.57,136.22,-0.429
CAMP03878,2025-02-20,2025-03-09,Email,97645,6398,1513,285,4935.88,22964.93,3.6527
CAMP03879,2025-04-01,2025-04-25,Search,34437,1329,256,54,1855.25,4812.63,1.5941
CAMP03880,2025-08-19,2025-08-31,Social,31550,993,194,41,736.65,2742.11,2.7224
CAMP03881,2025-06-03,2025-06-10,Email,52839,4136,1082,232,3887.97,11075.35,1.8486
CAMP03882,2025-05-28,2025-06-12,Search,50903,2528,518,97,3673.43,6500.69,0.7697
CAMP03883,2025-04-27,2025-05-09,Social,40004,783,92,13,520.14,1059.2,1.0364
CAMP03884,2025-12-18,2026-01-02,Display,58240,839,85,12,605.79,878.73,0.4506
CAMP03885,2025-08-06,2025-08-28,Display,78936,920,86,10,589.99,606.71,0.0283
CAMP03886,2025-01-07,2025-01-27,Display,41450,617,75,9,398.18,581.37,0.4601
CAMP03887,2025-07-02,2025-07-27,Social,55414,1446,239,47,1126.9,4269.71,2.7889
CAMP03888,2025-11-20,2025-11-29,Display,29349,335,39,4,254.15,248.52,-0.0222
CAMP03889,2025-03-16,2025-04-10,Influencer,56426,2006,378,72,2201.96,6550.41,1.9748
CAMP03890,2025-05-22,2025-05-31,Social,36106,854,148,17,663.38,1181.89,0.7816
CAMP03891,2025-03-02,2025-03-18,Social,33871,725,121,16,512.38,954.46,0.8628
CAMP03892,2025-11-08,2025-12-01,Search,97413,4729,918,185,4960.14,13572.07,1.7362
CAMP03893,2025-11-23,2025-12-14,Social,63074,1611,260,47,1442.44,3006.95,1.0846
CAMP03894,2025-01-04,2025-01-16,Display,32775,419,35,3,263.24,187.68,-0.287
CAMP03895,2025-01-27,2025-02-13,Display,113273,1422,150,21,971.15,1277.47,0.3154
CAMP03896,2025-11-07,2025-11-18,Influencer,32674,1275,239,60,1282.64,4123.46,2.2148
CAMP03897,2025-07-12,2025-08-01,Influencer,8111,224,22,4,276.9,333.63,0.2049
CAMP03898,2025-09-10,2025-10-06,Search,55251,2475,465,94,3070.98,9098.02,1.9626
CAMP03899,2025-02-11,2025-03-07,Social,84551,2035,350,72,1301.49,4813.87,2.6987
CAMP03900,2025-02-10,2025-02-24,Social,55060,1265,182,32,1129.0,2348.03,1.0797
CAMP03901,2025-03-12,2025-03-20,Search,24642,1163,262,50,1891.05,4096.52,1.1663
CAMP03902,2025-02-21,2025-03-20,Influencer,38828,1696,365,88,1847.45,9347.81,4.0598
CAMP03903,2025-03-14,2025-04-09,Influencer,16597,529,87,14,530.76,1470.01,1.7696
CAMP03904,2025-10-27,2025-11-15,Search,59957,3800,943,235,6594.41,23435.65,2.5539
CAMP03905,2025-06-24,2025-07-21,Search,40782,2295,543,148,3616.07,19252.19,4.3241
CAMP03906,2025-09-27,2025-10-04,Influencer,65236,2275,422,104,2717.25,9402.42,2.4603
CAMP03907,2025-12-19,2026-01-05,Email,25637,2328,648,145,1709.85,9718.28,4.6837
CAMP03908,2025-09-30,2025-10-19,Search,65284,4143,972,273,5925.46,20416.75,2.4456
CAMP03909,2025-09-07,2025-09-26,Search,40239,2299,527,126,3625.92,11674.67,2.2198
CAMP03910,2025-01-20,2025-02-02,Influencer,82499,2873,551,129,3303.44,8279.72,1.5064
CAMP03911,2025-03-16,2025-03-30,Search,28840,2176,581,175,3434.58,14033.17,3.0858
CAMP03912,2025-01-16,2025-02-03,Social,51998,1003,156,26,850.34,1860.57,1.188
CAMP03913,2025-10-27,2025-11-06,Search,49006,2835,645,160,3722.09,15109.31,3.0594
CAMP03914,2025-09-28,2025-10-21,Search,96636,5550,1203,289,8175.01,22384.9,1.7382
CAMP03915,2025-08-14,2025-08-28,Display,32559,396,36,4,246.71,365.97,0.4834
CAMP03916,2025-09-26,2025-10-12,Display,50007,811,107,19,461.49,1624.53,2.5202
CAMP03917,2025-12-03,2025-12-14,Search,52105,3007,652,161,3394.15,15638.49,3.6075
CAMP03918,2025-07-05,2025-07-27,Search,50770,2801,569,160,3434.07,12258.68,2.5697
CAMP03919,2025-06-10,2025-06-25,Search,54108,2966,693,167,4930.96,15497.06,2.1428
CAMP03920,2025-02-26,2025-03-09,Social,69330,1908,318,59,1523.58,4260.17,1.7962
CAMP03921,2025-02-18,2025-03-03,Social,77433,1978,277,54,1748.05,3286.69,0.8802
CAMP03922,2025-04-02,2025-04-21,Display,46930,491,35,4,293.58,343.91,0.1714
CAMP03923,2025-06-01,2025-06-12,Search,48217,2934,677,156,4208.16,12913.91,2.0688
CAMP03924,2025-08-02,2025-08-13,Social,71077,2093,386,83,1706.92,4324.81,1.5337
CAMP03925,2025-07-12,2025-08-01,Search,83335,4219,917,200,7293.36,16684.57,1.2876
CAMP03926,2025-03-21,2025-04-10,Search,36635,1791,382,94,2374.82,9529.62,3.0128
CAMP03927,2025-04-24,2025-05-08,Search,43899,2376,505,134,3505.59,9046.98,1.5807
CAMP03928,2025-05-21,2025-05-29,Search,18864,961,198,40,1516.4,3006.71,0.9828
CAMP03929,2025-07-22,2025-08-15,Email,59549,4919,1400,337,3495.52,19698.83,4.6355
CAMP03930,2025-10-26,2025-11-07,Email,80184,4401,1011,197,3611.16,9219.53,1.5531
CAMP03931,2025-12-26,2026-01-17,Search,78399,3556,700,154,4712.72,11187.13,1.3738
CAMP03932,2025-12-28,2026-01-23,Influencer,27171,1270,260,67,1309.98,5840.57,3.4585
CAMP03933,2025-01-31,2025-02-20,Influencer,37453,1422,274,65,1354.25,6131.36,3.5275
CAMP03934,2025-03-05,2025-03-30,Social,38535,888,128,16,760.07,981.06,0.2907
CAMP03935,2025-10-06,2025-10-31,Search,103642,4916,1037,231,6947.45,16587.71,1.3876
CAMP03936,2025-10-26,2025-11-04,Email,21588,1613,404,99,1777.9,6690.13,2.7629
CAMP03937,2025-12-04,2025-12-13,Social,42944,1245,202,37,914.61,3145.71,2.4394
CAMP03938,2025-06-23,2025-07-08,Search,97408,7120,1830,500,12911.87,45006.17,2.4856
CAMP03939,2025-10-03,2025-10-15,Search,53247,2847,579,141,3955.01,14034.43,2.5485
CAMP03940,2025-05-10,2025-05-30,Search,47072,2356,485,117,3276.06,10321.18,2.1505
CAMP03941,2025-07-23,2025-08-10,Search,60717,3019,630,159,3906.73,14534.35,2.7203
CAMP03942,2025-03-27,2025-04-08,Email,36053,2464,596,111,2074.75,6105.25,1.9426
CAMP03943,2025-06-23,2025-07-13,Display,87223,868,74,11,536.48,687.6,0.2817
CAMP03944,2025-11-14,2025-12-10,Email,64260,5820,1618,385,4465.57,18544.82,3.1528
CAMP03945,2025-11-03,2025-11-17,Display,82630,994,112,15,785.2,1077.47,0.3722
CAMP03946,2025-11-30,2025-12-26,Social,60555,1198,170,37,986.28,3548.73,2.5981
CAMP03947,2025-05-24,2025-06-13,Social,52810,1704,294,65,1205.62,3945.0,2.2722
CAMP03948,2025-11-16,2025-11-30,Email,93450,6047,1470,271,4090.8,13861.54,2.3885
CAMP03949,2025-07-25,2025-08-18,Email,66503,4080,994,162,3007.73,11258.17,2.7431
CAMP03950,2025-09-01,2025-09-12,Display,91716,1094,110,18,757.27,1216.79,0.6068
CAMP03951,2025-08-28,2025-09-07,Search,47001,2313,512,130,3750.05,9423.01,1.5128
CAMP03952,2025-07-31,2025-08-24,Search,37571,2367,578,143,3844.2,14312.34,2.7231
CAMP03953,2025-12-22,2026-01-18,Social,107487,2631,407,80,2126.17,5543.37,1.6072
CAMP03954,2025-10-16,2025-10-29,Influencer,46198,1442,251,47,1881.24,6076.79,2.2302
CAMP03955,2025-12-05,2025-12-13,Display,100096,2068,261,55,1617.38,3722.96,1.3018
CAMP03956,2025-05-18,2025-05-25,Email,48390,3471,904,175,3464.09,11454.14,2.3065
CAMP03957,2025-10-14,2025-10-29,Display,43796,572,51,8,403.26,479.01,0.1878
CAMP03958,2025-10-25,2025-11-14,Display,88360,870,89,9,475.43,672.54,0.4146
CAMP03959,2025-10-27,2025-11-13,Social,24151,654,98,21,487.45,1553.02,2.186
CAMP03960,2025-02-13,2025-02-25,Email,18250,1425,415,83,1137.09,4558.47,3.0089
CAMP03961,2025-03-04,2025-03-21,Search,45215,2063,463,111,2851.46,9665.7,2.3897
CAMP03962,2025-10-14,2025-11-08,Display,24204,349,39,2,269.43,144.71,-0.4629
CAMP03963,2025-03-25,2025-04-02,Search,175778,8931,1914,438,12223.48,31031.09,1.5386
CAMP03964,2025-08-20,2025-08-28,Search,10421,406,82,15,524.28,1123.58,1.1431
CAMP03965,2025-05-10,2025-05-30,Social,94045,2634,462,84,2149.71,5581.05,1.5962
CAMP03966,2025-03-31,2025-04-21,Social,55674,1161,179,31,777.1,2158.24,1.7773
CAMP03967,2025-10-13,2025-10-30,Influencer,75186,2301,391,81,2579.67,6527.29,1.5303
CAMP03968,2025-02-17,2025-02-25,Search,82835,6568,1750,501,9287.26,37661.45,3.0552
CAMP03969,2025-10-18,2025-10-24,Social,100693,3240,594,110,2462.55,7026.48,1.8533
CAMP03970,2025-12-27,2026-01-10,Social,70390,1813,310,67,1417.21,5552.02,2.9176
CAMP03971,2025-12-22,2026-01-12,Social,127683,3175,504,81,2710.38,7201.12,1.6569
CAMP03972,2025-12-06,2025-12-31,Social,175071,4080,658,102,3366.65,8475.45,1.5175
CAMP03973,2025-08-19,2025-09-15,Social,25659,536,67,14,433.71,1032.6,1.3809
CAMP03974,2025-01-21,2025-02-11,Influencer,97331,3267,577,121,4317.1,12227.31,1.8323
CAMP03975,2025-11-29,2025-12-16,Email,28253,2446,657,137,1806.29,9766.51,4.4069
CAMP03976,2025-01-27,2025-02-14,Email,71306,4814,1225,253,3895.14,16273.17,3.1778
CAMP03977,2025-05-21,2025-06-02,Search,18649,864,183,40,1333.52,3418.54,1.5635
CAMP03978,2025-07-12,2025-08-03,Search,56846,3918,948,269,5921.9,24673.53,3.1665
CAMP03979,2025-03-02,2025-03-21,Display,50114,436,33,5,285.56,293.45,0.0276
CAMP03980,2025-10-24,2025-11-20,Email,114555,8589,2265,452,6192.89,34255.38,4.5314
CAMP03981,2025-06-01,2025-06-07,Social,95962,1963,248,37,1583.21,2618.03,0.6536
CAMP03982,2025-02-05,2025-02-18,Social,40238,1101,183,33,1129.28,2012.53,0.7821
CAMP03983,2025-12-29,2026-01-22,Email,21548,1277,299,60,1069.84,3882.15,2.6287
CAMP03984,2025-07-19,2025-08-09,Social,96584,2359,374,77,2056.94,6958.14,2.3828
CAMP03985,2025-01-13,2025-01-26,Email,65564,4445,1140,239,4149.26,15827.82,2.8146
CAMP03986,2025-07-04,2025-07-23,Search,51286,2495,511,110,3778.73,8990.5,1.3792
CAMP03987,2025-03-12,2025-03-27,Search,16055,682,152,27,882.47,2119.94,1.4023
CAMP03988,2025-10-13,2025-10-22,Display,122908,1888,206,34,1035.0,2547.51,1.4614
CAMP03989,2025-11-02,2025-11-18,Social,81036,1364,183,30,1083.15,1915.81,0.7687
CAMP03990,2025-02-20,2025-03-09,Email,35077,2239,538,96,1948.2,5425.33,1.7848
CAMP03991,2025-10-10,2025-10-18,Search,74430,3620,740,191,4985.02,15137.04,2.0365
CAMP03992,2025-08-24,2025-09-12,Search,53732,3058,686,175,5430.42,13776.25,1.5369
CAMP03993,2025-02-16,2025-03-03,Email,52682,4201,1149,241,3467.53,15823.97,3.5635
CAMP03994,2025-01-18,2025-02-12,Social,69412,1676,254,46,1191.29,3543.47,1.9745
CAMP03995,2025-04-03,2025-04-27,Search,68017,3371,699,163,5369.63,14351.41,1.6727
CAMP03996,2025-11-12,2025-11-19,Social,84950,1624,236,38,1137.11,2820.31,1.4802
CAMP03997,2025-11-28,2025-12-06,Search,24752,1204,261,58,1728.24,5492.85,2.1783
CAMP03998,2025-02-21,2025-03-08,Social,106707,3112,487,86,2696.95,7123.87,1.6415
CAMP03999,2025-10-11,2025-10-28,Email,39221,2759,671,138,2174.0,12207.98,4.6154
CAMP04000,2025-06-20,2025-07-13,Search,48038,3031,711,200,3869.29,21915.74,4.664
CAMP04001,2025-06-29,2025-07-09,Display,18692,215,22,2,150.36,111.51,-0.2584
CAMP04002,2025-09-14,2025-09-30,Email,41910,3132,823,156,3009.14,14151.44,3.7028
CAMP04003,2025-11-21,2025-12-14,Influencer,17056,786,178,37,959.19,3831.46,2.9945
CAMP04004,2025-07-17,2025-07-26,Search,75552,3493,711,165,3901.42,9486.98,1.4317
CAMP04005,2025-12-19,2026-01-03,Display,26506,439,61,8,346.53,559.22,0.6138
CAMP04006,2025-09-05,2025-09-15,Influencer,98321,4068,779,168,4312.36,13745.13,2.1874
CAMP04007,2025-07-11,2025-08-04,Email,55725,4047,1042,205,3171.56,10444.65,2.2932
CAMP04008,2025-03-25,2025-04-16,Social,51210,1488,278,51,1293.73,4274.32,2.3039
CAMP04009,2025-03-29,2025-04-08,Social,75906,1900,315,61,1436.79,4413.87,2.072
CAMP04010,2025-09-01,2025-09-07,Search,34589,2372,589,176,3853.38,16274.01,3.2233
CAMP04011,2025-01-16,2025-02-04,Display,25655,422,51,7,282.14,413.94,0.4671
CAMP04012,2025-09-29,2025-10-06,Display,35982,432,40,4,303.24,311.28,0.0265
CAMP04013,2025-09-01,2025-09-13,Influencer,49913,1650,258,64,2060.4,4554.87,1.2107
CAMP04014,2025-01-17,2025-02-02,Social,115518,2952,441,85,2082.18,5402.59,1.5947
CAMP04015,2025-10-23,2025-11-17,Search,70441,2817,545,92,3246.67,7143.03,1.2001
CAMP04016,2025-08-19,2025-09-03,Search,30906,2116,515,153,3289.58,11445.14,2.4792
CAMP04017,2025-10-11,2025-11-03,Email,65700,5445,1435,277,3615.65,15445.77,3.2719
CAMP04018,2025-05-24,2025-06-09,Social,12755,244,35,5,203.55,311.58,0.5307
CAMP04019,2025-10-20,2025-11-01,Search,77860,3133,581,125,4890.28,9919.53,1.0284
CAMP04020,2025-04-01,2025-04-14,Social,72464,2012,345,73,1451.32,4322.84,1.9786
CAMP04021,2025-10-28,2025-11-06,Social,69314,1594,262,48,1451.83,3309.76,1.2797
CAMP04022,2025-02-18,2025-03-03,Social,57333,1656,322,74,1187.98,4858.19,3.0895
CAMP04023,2025-08-14,2025-08-24,Social,15182,272,37,6,217.26,411.01,0.8918
CAMP04024,2025-02-01,2025-02-10,Display,41436,444,45,7,263.2,344.99,0.3108
CAMP04025,2025-03-25,2025-04-11,Influencer,40237,1468,298,59,1587.71,4954.46,2.1205
CAMP04026,2025-11-20,2025-11-27,Search,70794,3753,866,200,4163.68,15080.73,2.622
CAMP04027,2025-02-06,2025-02-26,Display,14117,182,13,3,138.07,160.03,0.159
CAMP04028,2025-06-04,2025-06-21,Influencer,52902,1711,318,59,1820.14,5967.09,2.2784
CAMP04029,2025-03-01,2025-03-23,Search,163696,10051,2279,558,13011.16,61112.83,3.697
CAMP04030,2025-02-11,2025-02-24,Search,60421,2258,433,97,2991.01,6029.4,1.0158
CAMP04031,2025-11-06,2025-11-18,Search,95491,4349,909,199,6310.14,16414.35,1.6013
CAMP04032,2025-05-18,2025-05-28,Email,18102,1397,376,74,1123.8,4955.69,3.4098
CAMP04033,2025-12-21,2026-01-17,Social,20118,439,71,11,311.11,713.0,1.2918
CAMP04034,2025-12-16,2025-12-30,Social,55146,1219,172,26,1161.69,1308.4,0.1263
CAMP04035,2025-01-26,2025-02-07,Search,61982,4131,982,274,6994.1,24249.61,2.4672
CAMP04036,2025-12-11,2026-01-05,Search,64602,4790,1199,330,6614.36,24059.73,2.6375
CAMP04037,2025-07-13,2025-08-01,Search,16113,988,242,66,1200.68,5553.32,3.6251
CAMP04038,2025-01-16,2025-02-01,Social,10939,257,43,9,182.48,648.55,2.5541
CAMP04039,2025-05-18,2025-05-26,Social,95061,3046,567,124,2386.64,11084.1,3.6442
CAMP04040,2025-08-03,2025-08-09,Search,11109,593,126,30,818.93,1833.76,1.2392
CAMP04041,2025-04-25,2025-05-06,Social,20752,426,64,7,392.44,491.49,0.2524
CAMP04042,2025-05-18,2025-06-03,Search,67057,3515,741,190,5416.76,14865.01,1.7443
CAMP04043,2025-07-02,2025-07-10,Social,28558,810,144,21,648.08,1675.22,1.5849
CAMP04044,2025-08-08,2025-08-18,Email,27318,1957,520,108,1474.5,7489.63,4.0794
CAMP04045,2025-02-28,2025-03-13,Social,44480,1030,142,27,912.4,1474.26,0.6158
CAMP04046,2025-08-23,2025-09-02,Email,31349,2598,697,174,2576.94,11788.91,3.5748
CAMP04047,2025-03-12,2025-04-06,Display,39806,565,55,8,448.27,538.35,0.201
CAMP04048,2025-06-20,2025-07-14,Influencer,30995,1284,269,67,1634.23,4182.85,1.5595
CAMP04049,2025-01-06,2025-01-14,Email,89492,6681,1746,370,5164.78,26464.96,4.1241
CAMP04050,2025-09-25,2025-10-01,Display,78309,947,70,8,711.9,514.46,-0.2773
CAMP04051,2025-04-29,2025-05-25,Email,24663,2076,575,129,1888.54,11705.6,5.1982
CAMP04052,2025-04-23,2025-05-15,Search,101894,7045,1755,476,9497.2,38281.49,3.0308
CAMP04053,2025-09-14,2025-09-28,Search,39855,2055,447,103,3639.79,8744.69,1.4025
CAMP04054,2025-06-04,2025-06-12,Social,43139,889,163,16,633.86,1057.7,0.6687
CAMP04055,2025-10-21,2025-11-06,Influencer,19456,682,132,28,707.82,2250.78,2.1799
CAMP04056,2025-11-14,2025-12-02,Email,102362,7215,1803,370,5905.52,21572.16,2.6529
CAMP04057,2025-06-06,2025-06-27,Email,133841,8717,2056,397,6863.56,20898.68,2.0449
CAMP04058,2025-08-23,2025-08-29,Social,83160,2373,414,69,2024.92,5066.17,1.5019
CAMP04059,2025-03-12,2025-03-18,Search,22848,1185,253,69,1617.91,5272.95,2.2591
CAMP04060,2025-01-28,2025-02-15,Display,75057,887,88,14,442.52,1208.5,1.731
CAMP04061,2025-11-05,2025-11-26,Social,66819,1516,237,51,1375.13,3148.05,1.2893
CAMP04062,2025-11-04,2025-11-23,Display,19237,233,24,3,157.14,204.87,0.3037
CAMP04063,2025-04-08,2025-04-26,Social,19264,481,71,10,343.2,654.1,0.9059
CAMP04064,2025-12-16,2026-01-07,Social,134002,2498,318,56,1547.77,4381.19,1.8306
CAMP04065,2025-05-05,2025-05-27,Social,120188,3952,710,152,2900.77,10635.82,2.6666
CAMP04066,2025-08-10,2025-09-05,Influencer,135263,4266,755,154,4719.61,14418.09,2.0549
CAMP04067,2025-12-04,2025-12-14,Display,189879,2532,253,32,1746.01,1819.78,0.0423
CAMP04068,2025-10-28,2025-11-19,Social,31922,769,146,27,650.56,2352.3,2.6158
CAMP04069,2025-05-05,2025-05-12,Display,83120,1170,138,23,874.11,1777.04,1.033
CAMP04070,2025-09-27,2025-10-17,Email,56750,3312,733,133,2758.46,10325.06,2.7431
CAMP04071,2025-12-11,2026-01-04,Influencer,38263,1374,248,54,1661.08,5000.12,2.0102
CAMP04072,2025-10-19,2025-11-09,Search,43269,3618,974,282,4140.87,23284.0,4.623
CAMP04073,2025-05-20,2025-06-06,Social,51371,1198,188,38,1150.65,2420.37,1.1035
CAMP04074,2025-07-06,2025-07-13,Influencer,106821,2871,446,88,3117.19,9580.02,2.0733
CAMP04075,2025-01-22,2025-02-18,Search,51423,3416,833,233,5109.48,22303.83,3.3652
CAMP04076,2025-06-17,2025-07-07,Search,64967,3554,803,183,4999.31,10198.69,1.04
CAMP04077,2025-11-23,2025-12-13,Email,48200,3844,1034,232,2843.11,14363.98,4.0522
CAMP04078,2025-05-04,2025-05-27,Influencer,98691,4067,795,183,4684.52,14012.87,1.9913
CAMP04079,2025-06-01,2025-06-15,Email,71488,4776,1107,216,3631.9,11392.25,2.1367
CAMP04080,2025-04-22,2025-05-14,Email,22632,1264,296,52,898.98,4060.42,3.5167
CAMP04081,2025-07-27,2025-08-04,Search,26246,2052,510,140,3016.07,11101.87,2.6809
CAMP04082,2025-02-07,2025-03-05,Influencer,16740,711,137,31,663.67,2962.92,3.4644
CAMP04083,2025-04-28,2025-05-23,Display,46612,524,51,7,361.36,443.54,0.2274
CAMP04084,2025-09-16,2025-09-25,Social,77517,2220,366,77,1391.23,7128.62,4.124
CAMP04085,2025-11-17,2025-11-29,Social,44354,1300,231,42,1035.11,3210.95,2.102
CAMP04086,2025-05-30,2025-06-17,Social,94452,2544,439,80,2019.89,6740.36,2.337
CAMP04087,2025-03-10,2025-04-06,Display,13061,189,30,5,109.49,352.86,2.2228
CAMP04088,2025-02-22,2025-02-28,Email,37753,3217,895,195,2664.94,16442.64,5.17
CAMP04089,2025-04-12,2025-04-25,Influencer,115657,4360,828,198,4842.38,18174.56,2.7532
CAMP04090,2025-10-14,2025-11-03,Search,62791,3587,791,199,4432.79,17838.01,3.0241
CAMP04091,2025-03-22,2025-03-30,Search,72501,4578,1055,306,5011.5,26687.87,4.3253
CAMP04092,2025-05-14,2025-05-26,Display,48294,603,56,10,374.92,662.1,0.766
CAMP04093,2025-07-15,2025-08-06,Email,65080,4189,975,183,3984.57,12138.1,2.0463
CAMP04094,2025-05-11,2025-06-02,Search,80653,4671,1040,231,6716.05,21616.74,2.2187
CAMP04095,2025-02-22,2025-03-05,Search,22483,1250,282,82,1941.94,6672.59,2.436
CAMP04096,2025-04-28,2025-05-08,Display,52480,550,58,7,319.81,466.3,0.4581
CAMP04097,2025-04-13,2025-05-09,Display,56702,782,79,16,480.87,955.25,0.9865
CAMP04098,2025-06-08,2025-06-14,Social,84374,2100,328,49,1862.73,3333.72,0.7897
CAMP04099,2025-05-24,2025-06-13,Display,67434,732,66,9,442.73,528.11,0.1928
CAMP04100,2025-01-24,2025-02-18,Display,87331,872,69,10,530.92,594.82,0.1204
CAMP04101,2025-08-20,2025-08-29,Search,28595,1639,332,100,2548.5,7713.68,2.0268
CAMP04102,2025-05-31,2025-06-09,Social,22084,420,54,5,342.96,307.61,-0.1031
CAMP04103,2025-08-07,2025-08-18,Display,55211,625,65,9,417.12,517.74,0.2412
CAMP04104,2025-09-11,2025-09-24,Display,180963,2173,229,37,1429.72,2315.34,0.6194
CAMP04105,2025-03-29,2025-04-14,Social,60941,1535,260,45,999.2,2319.63,1.3215
CAMP04106,2025-09-03,2025-09-11,Email,44061,2859,694,129,2144.83,8546.86,2.9849
CAMP04107,2025-02-06,2025-02-27,Display,71790,546,45,3,348.32,270.03,-0.2248
CAMP04108,2025-12-31,2026-01-06,Social,30361,656,79,16,552.02,1062.51,0.9248
CAMP04109,2025-12-26,2026-01-03,Search,92694,4107,836,192,6593.09,17678.53,1.6814
CAMP04110,2025-04-22,2025-05-06,Search,53795,3693,868,252,5104.98,18472.08,2.6184
CAMP04111,2025-05-22,2025-06-15,Email,83225,7429,2103,426,6170.38,32193.57,4.2174
CAMP04112,2025-09-19,2025-10-02,Influencer,30409,1465,327,82,1699.66,8198.1,3.8234
CAMP04113,2025-12-14,2026-01-01,Email,37127,2370,544,92,1677.3,10217.65,5.0917
CAMP04114,2025-11-05,2025-11-22,Email,9491,525,102,21,439.05,1420.27,2.2349
CAMP04115,2025-02-07,2025-02-14,Social,70058,1761,269,48,1074.15,3393.69,2.1594
CAMP04116,2025-10-07,2025-10-19,Social,114667,2506,371,58,2236.89,3513.37,0.5706
CAMP04117,2025-01-20,2025-01-31,Search,22247,1306,306,84,1773.84,8277.33,3.6663
CAMP04118,2025-07-23,2025-07-30,Search,66895,5780,1612,485,8379.45,35302.07,3.2129
CAMP04119,2025-10-25,2025-11-15,Display,41718,434,41,5,275.72,376.5,0.3655
CAMP04120,2025-10-02,2025-10-18,Search,96044,6499,1576,450,9399.37,44665.41,3.752
CAMP04121,2025-05-26,2025-06-06,Influencer,18051,582,90,13,894.61,972.02,0.0865
CAMP04122,2025-08-31,2025-09-17,Email,44596,3755,1028,234,3280.47,17436.38,4.3152
CAMP04123,2025-03-18,2025-04-08,Search,54950,2969,652,164,5635.96,15135.56,1.6855
CAMP04124,2025-04-28,2025-05-22,Email,85174,6263,1640,320,5195.49,12615.35,1.4281
CAMP04125,2025-04-10,2025-05-05,Search,118164,7399,1738,443,11277.7,32523.72,1.8839
CAMP04126,2025-10-19,2025-10-27,Display,134400,1905,206,20,1306.25,1387.94,0.0625
CAMP04127,2025-02-28,2025-03-23,Social,115936,2868,443,83,2490.97,4961.6,0.9918
CAMP04128,2025-05-11,2025-05-29,Search,79443,5867,1510,421,7634.84,39941.5,4.2315
CAMP04129,2025-01-14,2025-02-08,Search,18284,863,171,45,1381.06,5315.89,2.8491
CAMP04130,2025-04-15,2025-05-11,Social,51746,1553,280,52,1394.57,4638.46,2.3261
CAMP04131,2025-04-28,2025-05-05,Influencer,87124,2158,319,64,2366.07,6864.15,1.9011
CAMP04132,2025-02-11,2025-02-20,Email,105715,6062,1416,274,4517.12,19964.23,3.4197
CAMP04133,2025-06-23,2025-07-16,Display,21970,220,18,2,145.73,154.18,0.058
CAMP04134,2025-03-20,2025-04-10,Social,72563,1329,176,30,1001.35,2473.79,1.4705
CAMP04135,2025-06-02,2025-06-10,Search,97413,5586,1268,334,7207.05,19905.4,1.7619
CAMP04136,2025-01-08,2025-02-02,Search,69116,3597,776,181,5734.58,13980.02,1.4378
CAMP04137,2025-05-21,2025-05-30,Display,121018,1124,100,13,688.26,1124.53,0.6339
CAMP04138,2025-02-21,2025-03-18,Display,19476,242,21,2,171.73,126.05,-0.266
CAMP04139,2025-10-16,2025-10-31,Social,24903,478,67,11,339.32,623.01,0.8361
CAMP04140,2025-01-10,2025-01-24,Social,75350,2415,452,94,1771.02,8357.05,3.7188
CAMP04141,2025-06-28,2025-07-21,Email,50297,3004,679,137,2167.26,8969.22,3.1385
CAMP04142,2025-05-15,2025-06-02,Search,44591,2351,471,118,3169.74,9039.48,1.8518
CAMP04143,2025-12-06,2025-12-29,Social,54132,1532,262,54,1160.33,3871.98,2.337
CAMP04144,2025-07-14,2025-08-07,Email,104121,6750,1643,334,4776.89,17998.09,2.7677
CAMP04145,2025-12-11,2025-12-30,Search,77648,3499,686,156,4216.56,10116.46,1.3992
CAMP04146,2025-10-31,2025-11-18,Email,53856,3073,691,124,3272.03,9536.05,1.9144
CAMP04147,2025-06-18,2025-07-13,Social,12600,317,49,9,227.39,674.22,1.965
CAMP04148,2025-08-27,2025-09-06,Search,43519,2765,650,152,3501.68,8527.08,1.4351
CAMP04149,2025-06-28,2025-07-04,Influencer,63120,2208,393,85,2625.19,8029.72,2.0587
CAMP04150,2025-08-03,2025-08-09,Email,59023,3508,826,164,2979.37,11023.81,2.7
CAMP04151,2025-12-10,2025-12-25,Social,42366,775,90,21,642.6,1708.84,1.6593
CAMP04152,2025-08-17,2025-09-08,Social,31651,709,104,14,599.35,880.64,0.4693
CAMP04153,2025-06-18,2025-07-05,Search,66915,4489,1103,254,5235.12,19770.81,2.7766
CAMP04154,2025-06-24,2025-07-18,Social,108523,3997,757,163,3400.74,14199.76,3.1755
CAMP04155,2025-02-07,2025-02-23,Email,35060,2810,764,160,2479.81,11100.11,3.4762
CAMP04156,2025-09-27,2025-10-23,Email,80664,6222,1631,354,6270.13,20342.39,2.2443
CAMP04157,2025-07-14,2025-07-31,Social,29061,714,124,28,614.86,1853.83,2.015
CAMP04158,2025-08-26,2025-09-03,Social,35407,672,94,7,539.83,499.35,-0.075
CAMP04159,2025-02-28,2025-03-25,Email,112496,8275,2145,446,6968.25,30249.57,3.3411
CAMP04160,2025-12-06,2025-12-13,Display,45034,517,55,4,299.91,259.46,-0.1349
CAMP04161,2025-01-22,2025-02-06,Social,97510,2176,308,56,1848.95,3817.86,1.0649
CAMP04162,2025-11-27,2025-12-20,Display,60985,884,93,18,511.56,1257.63,1.4584
CAMP04163,2025-08-04,2025-08-28,Social,89573,1710,273,41,1412.67,2764.6,0.957
CAMP04164,2025-04-27,2025-05-21,Email,48895,4786,1388,333,3953.7,25314.21,5.4027
CAMP04165,2025-10-01,2025-10-16,Display,22169,239,23,1,126.78,62.62,-0.5061
CAMP04166,2025-03-22,2025-04-03,Social,31461,832,138,26,786.33,2076.47,1.6407
CAMP04167,2025-12-20,2025-12-27,Influencer,39391,1739,338,90,1490.5,7131.26,3.7845
CAMP04168,2025-09-04,2025-10-01,Display,87503,967,96,11,652.73,783.77,0.2008
CAMP04169,2025-08-24,2025-09-01,Display,82273,1025,101,6,605.69,442.32,-0.2697
CAMP04170,2025-05-05,2025-05-11,Social,75889,1525,189,36,1037.04,2311.03,1.2285
CAMP04171,2025-12-01,2025-12-13,Social,30133,748,141,34,704.73,2637.67,2.7428
CAMP04172,2025-07-19,2025-08-02,Email,72044,5255,1291,247,4008.24,13657.43,2.4073
CAMP04173,2025-01-04,2025-01-16,Display,86490,1327,156,17,883.22,950.4,0.0761
CAMP04174,2025-06-20,2025-06-26,Influencer,99786,2633,415,76,3506.81,7666.08,1.1861
CAMP04175,2025-12-16,2025-12-29,Email,58059,3158,685,129,2814.7,7944.8,1.8226
CAMP04176,2025-02-20,2025-03-13,Search,38784,1641,283,68,2057.22,5727.16,1.7839
CAMP04177,2025-03-19,2025-04-10,Search,72089,2493,431,85,3889.94,5204.48,0.3379
CAMP04178,2025-03-05,2025-03-13,Search,28204,1416,331,86,1951.34,7635.82,2.9131
CAMP04179,2025-11-21,2025-12-18,Email,65311,5294,1392,290,4099.9,28019.13,5.8341
CAMP04180,2025-05-15,2025-06-01,Search,19790,931,196,45,1126.52,5596.34,3.9678
CAMP04181,2025-08-10,2025-08-18,Search,19517,1171,245,58,1590.84,4526.65,1.8454
CAMP04182,2025-12-17,2026-01-06,Social,77384,1571,218,24,1348.34,1398.12,0.0369
CAMP04183,2025-08-10,2025-08-29,Search,85044,5037,1136,276,6245.91,28160.61,3.5086
CAMP04184,2025-09-28,2025-10-17,Social,47547,1136,153,23,924.19,1623.12,0.7563
CAMP04185,2025-10-18,2025-11-05,Display,60073,723,68,10,513.52,704.79,0.3725
CAMP04186,2025-04-14,2025-04-24,Search,45886,2740,639,154,4337.15,15864.81,2.6579
CAMP04187,2025-03-16,2025-04-06,Search,182460,9495,2029,478,13692.98,45424.19,2.3173
CAMP04188,2025-01-25,2025-02-21,Social,61653,1257,172,29,1113.12,2267.57,1.0371
CAMP04189,2025-10-06,2025-10-19,Search,57225,2417,455,102,4020.61,7836.79,0.9492
CAMP04190,2025-12-21,2026-01-10,Social,43162,1109,190,20,1147.01,1759.03,0.5336
CAMP04191,2025-03-16,2025-04-10,Social,46680,872,115,16,740.67,966.89,0.3054
CAMP04192,2025-07-25,2025-08-03,Search,89039,4435,882,194,5704.71,14198.92,1.489
CAMP04193,2025-12-12,2026-01-08,Social,23741,828,150,23,616.28,1554.75,1.5228
CAMP04194,2025-08-05,2025-08-27,Display,39008,621,60,9,476.96,564.17,0.1828
CAMP04195,2025-12-10,2026-01-04,Social,66851,1854,304,47,1313.47,2714.42,1.0666
CAMP04196,2025-10-08,2025-10-26,Influencer,54971,1742,284,60,1978.03,4657.03,1.3544
CAMP04197,2025-06-25,2025-07-07,Search,20724,936,197,36,1456.45,1878.08,0.2895
CAMP04198,2025-10-14,2025-11-08,Display,33218,436,57,6,331.68,349.75,0.0545
CAMP04199,2025-06-28,2025-07-21,Social,107053,2184,288,43,2085.13,3405.82,0.6334
CAMP04200,2025-09-30,2025-10-24,Search,76908,4327,963,258,6066.48,19769.52,2.2588
CAMP04201,2025-12-04,2025-12-28,Display,60029,756,69,10,559.68,710.98,0.2703
CAMP04202,2025-04-19,2025-05-02,Social,119428,3302,567,116,2306.02,9796.87,3.2484
CAMP04203,2025-12-14,2025-12-28,Search,33621,1487,294,60,2168.1,4643.98,1.142
CAMP04204,2025-01-11,2025-01-26,Influencer,40999,1350,246,47,1376.42,3536.63,1.5694
CAMP04205,2025-12-29,2026-01-25,Social,63515,1291,211,31,1018.52,2932.79,1.8795
CAMP04206,2025-12-31,2026-01-12,Email,21054,1960,548,112,1769.58,7345.76,3.1511
CAMP04207,2025-02-04,2025-03-02,Display,42024,556,53,7,398.61,355.96,-0.107
CAMP04208,2025-01-23,2025-02-09,Social,28388,789,132,19,754.46,1222.99,0.621
CAMP04209,2025-06-11,2025-06-27,Social,52543,1435,258,62,1091.02,4834.88,3.4315
CAMP04210,2025-08-28,2025-09-09,Influencer,97443,3495,602,121,4056.01,11593.84,1.8584
CAMP04211,2025-05-10,2025-06-06,Influencer,89773,4234,901,250,4080.99,19198.49,3.7044
CAMP04212,2025-09-19,2025-10-15,Search,61153,3978,914,234,5731.88,15356.99,1.6792
CAMP04213,2025-04-06,2025-04-28,Social,91222,2341,396,82,1447.6,4617.25,2.1896
CAMP04214,2025-06-12,2025-06-24,Email,42767,4052,1194,290,3439.47,20208.82,4.8756
CAMP04215,2025-07-22,2025-08-05,Email,93841,5203,1074,195,3983.63,13928.8,2.4965
CAMP04216,2025-06-13,2025-07-03,Search,17728,1045,237,50,1361.48,4272.69,2.1383
CAMP04217,2025-06-18,2025-06-28,Search,137461,7961,1754,400,12452.49,25647.51,1.0596
CAMP04218,2025-11-08,2025-11-20,Display,25247,315,36,7,216.37,475.17,1.1961
CAMP04219,2025-08-20,2025-09-14,Display,16627,207,12,0,146.74,0.0,-1.0
CAMP04220,2025-08-28,2025-09-15,Search,38594,2623,662,170,3446.04,17993.59,4.2215
CAMP04221,2025-08-08,2025-08-28,Social,31835,663,91,20,515.44,1616.85,2.1368
CAMP04222,2025-01-30,2025-02-09,Social,92800,2404,378,60,2231.81,4334.77,0.9423
CAMP04223,2025-12-07,2025-12-27,Influencer,74077,2565,465,113,2922.03,11322.16,2.8748
CAMP04224,2025-06-25,2025-07-06,Email,43378,3534,935,205,2186.36,15176.24,5.9413
CAMP04225,2025-08-20,2025-09-14,Email,71319,4859,1204,225,4416.65,9556.81,1.1638
CAMP04226,2025-03-28,2025-04-08,Search,63976,3388,733,185,5080.21,15514.22,2.0539
CAMP04227,2025-06-06,2025-06-17,Search,36628,2193,521,135,3028.63,12608.43,3.1631
CAMP04228,2025-01-21,2025-02-11,Search,43432,1976,415,85,3014.74,6729.65,1.2322
CAMP04229,2025-01-18,2025-02-05,Email,33157,2664,697,143,2470.67,7190.33,1.9103
CAMP04230,2025-04-18,2025-05-03,Search,51701,3368,827,216,6295.77,17970.51,1.8544
CAMP04231,2025-09-08,2025-10-02,Email,51127,3899,1001,220,2234.81,15836.12,6.0861
CAMP04232,2025-04-19,2025-05-04,Search,41676,1726,310,52,2081.62,4093.81,0.9666
CAMP04233,2025-09-29,2025-10-24,Social,76781,1765,287,59,1745.36,4526.18,1.5933
CAMP04234,2025-07-23,2025-08-18,Social,55427,1259,200,26,1060.32,1575.73,0.4861
CAMP04235,2025-02-02,2025-02-19,Email,92200,5879,1442,272,4638.75,17766.52,2.83
CAMP04236,2025-09-21,2025-10-08,Search,118932,7681,1837,506,12294.68,34056.38,1.77
CAMP04237,2025-01-19,2025-01-29,Social,25929,565,87,19,398.38,1233.76,2.0969
CAMP04238,2025-03-18,2025-04-03,Display,77858,644,55,10,433.29,614.09,0.4173
CAMP04239,2025-07-06,2025-07-14,Email,36144,3257,896,202,2493.52,8890.33,2.5654
CAMP04240,2025-12-14,2025-12-28,Social,36437,879,138,25,740.29,1910.42,1.5806
CAMP04241,2025-01-08,2025-02-03,Influencer,50464,1632,276,55,1659.59,4173.75,1.5149
CAMP04242,2025-01-17,2025-01-26,Social,45903,1003,141,27,744.91,1591.58,1.1366
CAMP04243,2025-09-04,2025-09-26,Display,77820,480,44,5,313.12,260.11,-0.1693
CAMP04244,2025-07-17,2025-08-04,Influencer,36284,1137,187,37,997.64,2951.73,1.9587
CAMP04245,2025-03-07,2025-03-24,Social,16007,342,48,9,305.63,757.99,1.4801
CAMP04246,2025-08-19,2025-09-13,Influencer,148924,5560,1061,243,7103.07,24187.0,2.4051
CAMP04247,2025-02-20,2025-03-01,Search,84723,4750,1022,244,5797.3,19715.61,2.4008
CAMP04248,2025-11-28,2025-12-13,Social,65901,1499,213,37,1135.04,2613.88,1.3029
CAMP04249,2025-11-19,2025-12-16,Email,39117,2601,648,137,2005.44,9816.85,3.8951
CAMP04250,2025-11-25,2025-12-12,Social,56716,1468,248,36,1111.36,2797.07,1.5168
CAMP04251,2025-02-03,2025-02-17,Search,112493,4878,971,215,5565.63,13467.34,1.4197
CAMP04252,2025-06-01,2025-06-25,Influencer,117999,4019,702,159,4263.45,20114.69,3.7179
CAMP04253,2025-06-22,2025-07-19,Search,173456,8836,1893,420,10209.96,30779.44,2.0146
CAMP04254,2025-05-26,2025-06-17,Search,26194,1426,310,69,1916.52,5614.7,1.9296
CAMP04255,2025-12-13,2026-01-02,Display,44328,645,81,12,490.67,791.07,0.6122
CAMP04256,2025-07-27,2025-08-22,Display,48485,827,109,12,605.02,579.25,-0.0426
CAMP04257,2025-09-07,2025-09-18,Email,89409,6469,1652,344,4231.97,27149.55,5.4153
CAMP04258,2025-12-23,2025-12-30,Social,66127,2196,402,81,2165.06,5107.64,1.3591
CAMP04259,2025-09-13,2025-10-01,Display,88706,801,59,9,490.29,747.86,0.5253
CAMP04260,2025-08-20,2025-09-01,Influencer,34081,1122,193,43,1392.62,3313.11,1.379
CAMP04261,2025-09-28,2025-10-14,Search,101196,5756,1297,324,8856.68,25016.6,1.8246
CAMP04262,2025-02-02,2025-02-19,Social,60341,1536,252,45,1240.97,3041.79,1.4511
CAMP04263,2025-11-16,2025-12-02,Social,96055,2864,493,118,1894.57,13640.65,6.1999
CAMP04264,2025-11-17,2025-12-14,Influencer,50580,1951,363,90,2063.93,8389.63,3.0649
CAMP04265,2025-10-04,2025-10-30,Social,130157,3963,704,133,3560.71,8773.25,1.4639
CAMP04266,2025-11-22,2025-12-03,Search,73319,3163,563,137,4718.66,13170.56,1.7912
CAMP04267,2025-11-16,2025-12-01,Influencer,61633,2897,568,144,2822.66,12737.26,3.5125
CAMP04268,2025-09-14,2025-09-25,Influencer,47074,1853,358,82,2176.58,6389.63,1.9356
CAMP04269,2025-12-08,2025-12-30,Search,36471,1554,292,62,2583.84,5111.35,0.9782
CAMP04270,2025-09-01,2025-09-15,Search,66658,3146,615,160,3935.7,8964.13,1.2776
CAMP04271,2025-09-24,2025-10-02,Search,66996,3183,707,181,5066.91,10757.05,1.123
CAMP04272,2025-08-30,2025-09-22,Social,188520,4619,740,138,3938.91,9694.48,1.4612
CAMP04273,2025-11-20,2025-11-29,Search,92670,4193,840,194,6755.49,17103.04,1.5317
CAMP04274,2025-12-20,2025-12-26,Display,108007,1253,127,14,777.87,877.92,0.1286
CAMP04275,2025-02-08,2025-03-05,Email,63303,5132,1432,302,4248.7,21221.09,3.9947
CAMP04276,2025-10-27,2025-11-05,Social,76086,1707,260,49,1206.84,3679.58,2.0489
CAMP04277,2025-05-19,2025-05-26,Social,45401,1064,158,25,756.03,2055.32,1.7186
CAMP04278,2025-11-25,2025-12-01,Influencer,73046,1827,273,50,1992.41,4373.58,1.1951
CAMP04279,2025-12-08,2025-12-14,Display,61056,1016,125,14,723.43,1434.33,0.9827
CAMP04280,2025-03-27,2025-04-17,Display,20379,230,21,2,159.95,109.58,-0.3149
CAMP04281,2025-03-21,2025-04-10,Search,42344,2339,522,128,3144.14,13852.34,3.4058
CAMP04282,2025-04-02,2025-04-12,Email,140505,8664,1997,345,7562.31,18918.24,1.5016
CAMP04283,2025-11-09,2025-11-26,Social,30222,728,120,21,560.55,1581.74,1.8218
CAMP04284,2025-06-29,2025-07-16,Email,64044,4450,1137,225,3984.43,18318.64,3.5976
CAMP04285,2025-05-28,2025-06-06,Search,20289,881,157,33,1308.54,3129.38,1.3915
CAMP04286,2025-11-02,2025-11-21,Search,32706,2170,546,137,2759.43,12202.14,3.422
CAMP04287,2025-02-28,2025-03-06,Social,79731,1884,289,48,1369.96,3248.79,1.3714
CAMP04288,2025-08-13,2025-09-08,Search,53398,3758,892,243,4636.39,16972.57,2.6607
CAMP04289,2025-04-03,2025-04-24,Social,27656,646,102,16,558.66,1020.81,0.8272
CAMP04290,2025-12-03,2025-12-14,Email,88646,8130,2301,547,6003.7,39921.18,5.6494
CAMP04291,2025-07-31,2025-08-11,Search,77914,5070,1221,328,6343.85,23966.42,2.7779
CAMP04292,2025-10-28,2025-11-14,Display,22826,322,36,8,188.09,584.9,2.1097
CAMP04293,2025-12-28,2026-01-13,Social,85670,2021,299,40,1283.38,3168.05,1.4685
CAMP04294,2025-09-30,2025-10-24,Influencer,38312,1682,342,85,2104.85,5770.89,1.7417
CAMP04295,2025-06-10,2025-07-07,Social,33105,1030,199,37,934.09,3131.31,2.3523
CAMP04296,2025-01-25,2025-02-14,Display,23117,368,37,5,220.94,563.04,1.5484
CAMP04297,2025-12-17,2026-01-07,Display,37075,399,44,8,291.38,567.35,0.9471
CAMP04298,2025-07-11,2025-08-06,Email,48891,3980,1070,235,2680.81,13482.66,4.0293
CAMP04299,2025-05-20,2025-06-05,Social,87592,2584,443,79,1953.29,4115.56,1.107
CAMP04300,2025-08-21,2025-08-27,Display,37770,648,81,14,456.82,1000.73,1.1906
CAMP04301,2025-12-13,2025-12-24,Social,89668,2313,349,64,1974.13,4287.18,1.1717
CAMP04302,2025-10-07,2025-10-17,Search,58511,2561,490,103,3782.63,14095.8,2.7265
CAMP04303,2025-03-30,2025-04-18,Display,33694,383,35,2,251.44,113.93,-0.5469
CAMP04304,2025-05-07,2025-05-27,Influencer,76521,2456,416,100,3152.94,7230.4,1.2932
CAMP04305,2025-08-21,2025-09-13,Email,29203,1708,429,76,1395.84,6561.11,3.7005
CAMP04306,2025-11-28,2025-12-06,Social,61448,1246,160,36,1042.68,2461.67,1.3609
CAMP04307,2025-11-26,2025-12-11,Search,95246,5555,1294,322,7270.17,20900.11,1.8748
CAMP04308,2025-11-20,2025-12-03,Search,58257,3307,775,185,4597.34,18012.55,2.918
CAMP04309,2025-07-19,2025-07-30,Display,82040,1020,123,17,770.59,1297.76,0.6841
CAMP04310,2025-08-25,2025-09-07,Search,81874,4618,1017,244,5710.86,25158.46,3.4054
CAMP04311,2025-02-09,2025-02-15,Email,65440,3994,910,182,3454.33,11242.03,2.2545
CAMP04312,2025-04-25,2025-05-18,Search,66581,4531,1058,263,6544.04,17859.59,1.7291
CAMP04313,2025-11-17,2025-12-11,Social,54646,1036,139,19,856.29,1443.73,0.686
CAMP04314,2025-09-22,2025-10-03,Social,29923,620,94,12,486.7,741.57,0.5237
CAMP04315,2025-10-21,2025-11-09,Social,34197,1119,192,38,812.31,2483.87,2.0578
CAMP04316,2025-07-04,2025-07-30,Email,48496,3323,815,164,3062.46,10272.78,2.3544
CAMP04317,2025-10-21,2025-11-12,Social,37859,1001,178,28,756.17,2210.09,1.9227
CAMP04318,2025-06-17,2025-07-01,Search,145463,9218,2149,571,12105.29,31788.49,1.626
CAMP04319,2025-08-02,2025-08-20,Display,78706,821,69,9,447.87,598.66,0.3367
CAMP04320,2025-11-20,2025-12-04,Email,97010,7090,1833,371,5551.23,22722.96,3.0933
CAMP04321,2025-03-25,2025-04-10,Search,80577,6164,1593,461,7866.46,42012.01,4.3407
CAMP04322,2025-08-04,2025-08-13,Social,87452,1927,285,54,1522.92,4391.19,1.8834
CAMP04323,2025-04-10,2025-04-17,Display,59267,616,61,10,339.95,771.95,1.2708
CAMP04324,2025-07-02,2025-07-10,Social,28381,596,80,15,420.07,831.12,0.9785
CAMP04325,2025-12-01,2025-12-13,Display,51307,685,68,7,431.39,369.72,-0.143
CAMP04326,2025-06-26,2025-07-06,Search,84638,4899,1126,291,7242.1,26831.93,2.705
CAMP04327,2025-08-28,2025-09-23,Influencer,18880,666,124,25,739.76,2159.04,1.9186
CAMP04328,2025-01-04,2025-01-12,Search,77650,4362,977,233,5560.16,14967.96,1.692
CAMP04329,2025-07-31,2025-08-24,Social,126874,2276,340,59,1881.52,3250.09,0.7274
CAMP04330,2025-05-04,2025-05-28,Social,48946,1216,192,38,890.13,3030.47,2.4045
CAMP04331,2025-10-04,2025-10-10,Social,53725,1403,215,46,1243.79,2880.49,1.3159
CAMP04332,2025-10-23,2025-11-17,Email,79419,4386,979,173,3493.75,11522.83,2.2981
CAMP04333,2025-07-31,2025-08-27,Influencer,41526,1120,168,29,1196.76,2207.61,0.8447
CAMP04334,2025-10-17,2025-10-28,Search,59319,2828,565,134,3601.89,7755.0,1.153
CAMP04335,2025-03-18,2025-04-04,Display,42117,555,56,10,417.35,655.14,0.5698
CAMP04336,2025-12-27,2026-01-15,Search,90847,5614,1307,323,7205.11,20822.09,1.8899
CAMP04337,2025-02-04,2025-02-26,Search,42036,1794,361,73,2829.57,6471.78,1.2872
CAMP04338,2025-07-31,2025-08-14,Search,77866,4228,879,210,6641.72,16300.42,1.4542
CAMP04339,2025-05-20,2025-06-09,Social,137328,3607,601,120,3204.63,10500.12,2.2765
CAMP04340,2025-05-22,2025-06-16,Search,69675,3893,866,208,5612.77,20276.81,2.6126
CAMP04341,2025-01-25,2025-02-13,Social,50792,1573,291,61,1474.54,4379.2,1.9699
CAMP04342,2025-04-18,2025-05-05,Social,34215,665,86,16,486.5,1246.92,1.563
CAMP04343,2025-02-27,2025-03-26,Social,147995,3318,484,69,2202.56,4914.44,1.2312
CAMP04344,2025-11-04,2025-11-17,Search,97307,4673,951,210,6775.06,17487.77,1.5812
CAMP04345,2025-02-18,2025-03-03,Search,49198,2565,552,132,2885.16,10359.68,2.5907
CAMP04346,2025-03-08,2025-03-25,Email,28603,1437,299,56,1248.83,3226.85,1.5839
CAMP04347,2025-02-26,2025-03-11,Influencer,59975,2800,600,142,3438.95,12205.9,2.5493
CAMP04348,2025-05-22,2025-06-01,Search,55005,3968,1016,255,6593.14,21731.06,2.296
CAMP04349,2025-01-23,2025-02-12,Social,47167,976,143,20,676.79,1377.51,1.0354
CAMP04350,2025-10-17,2025-11-02,Search,59942,3285,771,198,4684.14,14801.19,2.1599
CAMP04351,2025-02-13,2025-03-02,Search,25767,1398,295,73,1964.47,4315.07,1.1966
CAMP04352,2025-04-11,2025-05-02,Email,62983,5276,1509,350,4186.47,24899.49,4.9476
CAMP04353,2025-03-12,2025-03-25,Social,36890,1028,177,36,785.69,2184.81,1.7808
CAMP04354,2025-09-12,2025-09-27,Search,84199,5098,1159,287,7021.85,21448.82,2.0546
CAMP04355,2025-09-12,2025-09-21,Influencer,68014,3012,620,156,3043.52,11173.79,2.6713
CAMP04356,2025-02-03,2025-02-14,Influencer,20457,732,130,24,921.72,1761.26,0.9108
CAMP04357,2025-04-28,2025-05-09,Search,91728,4537,968,218,5807.05,13473.79,1.3202
CAMP04358,2025-07-11,2025-07-17,Display,30726,282,18,4,160.57,212.25,0.3219
CAMP04359,2025-03-22,2025-04-09,Search,109239,4657,872,183,6583.97,12663.52,0.9234
CAMP04360,2025-08-07,2025-08-19,Email,40661,2861,714,144,2533.96,8567.9,2.3812
CAMP04361,2025-12-25,2026-01-10,Display,10064,120,16,1,85.16,56.17,-0.3404
CAMP04362,2025-11-24,2025-12-12,Email,31199,2313,557,116,2217.8,5984.53,1.6984
CAMP04363,2025-04-12,2025-05-09,Display,59720,810,90,18,567.02,1174.78,1.0718
CAMP04364,2025-06-20,2025-07-03,Social,65141,1289,191,31,929.81,2438.19,1.6222
CAMP04365,2025-01-09,2025-01-25,Influencer,10696,476,92,22,540.77,1663.08,2.0754
CAMP04366,2025-06-28,2025-07-25,Search,114965,4980,963,192,6530.61,12111.43,0.8546
CAMP04367,2025-07-08,2025-07-28,Influencer,75309,2742,561,119,2696.79,7348.31,1.7248
CAMP04368,2025-01-01,2025-01-23,Display,79629,1027,95,24,637.77,1329.55,1.0847
CAMP04369,2025-12-17,2026-01-05,Social,21759,470,77,16,322.34,1022.95,2.1735
CAMP04370,2025-05-26,2025-06-16,Display,90911,1311,153,18,966.21,1100.65,0.1391
CAMP04371,2025-10-01,2025-10-17,Social,40844,887,147,23,668.54,1479.17,1.2125
CAMP04372,2025-02-27,2025-03-25,Search,99443,6579,1608,417,8550.09,25048.33,1.9296
CAMP04373,2025-06-12,2025-06-20,Search,31424,2095,513,119,3238.0,8726.39,1.695
CAMP04374,2025-03-22,2025-04-14,Social,106460,2380,368,71,1657.91,6399.68,2.8601
CAMP04375,2025-07-25,2025-08-10,Search,20535,1134,251,74,1637.57,5227.44,2.1922
CAMP04376,2025-11-08,2025-11-28,Email,20657,1517,453,108,1146.2,7615.77,5.6444
CAMP04377,2025-09-18,2025-10-10,Search,89639,4771,1017,247,6247.63,16318.6,1.612
CAMP04378,2025-09-21,2025-09-30,Social,184670,5557,926,192,3730.34,12339.43,2.3079
CAMP04379,2025-10-17,2025-11-10,Email,70926,4211,997,178,4208.19,13015.43,2.0929
CAMP04380,2025-01-27,2025-02-20,Social,37313,723,103,18,571.03,1016.73,0.7805
CAMP04381,2025-12-07,2025-12-15,Search,30995,1763,399,106,2519.46,8905.84,2.5348
CAMP04382,2025-12-18,2026-01-03,Search,90711,3721,730,151,4310.23,10946.32,1.5396
CAMP04383,2025-12-25,2026-01-14,Search,37519,2280,526,137,3361.18,7940.38,1.3624
CAMP04384,2025-10-07,2025-10-30,Influencer,39914,1198,170,32,1432.13,2923.59,1.0414
CAMP04385,2025-04-08,2025-05-03,Social,54924,1290,171,36,957.41,3557.08,2.7153
CAMP04386,2025-06-01,2025-06-23,Display,20297,263,23,2,176.88,141.33,-0.201
CAMP04387,2025-12-17,2025-12-31,Search,78079,5600,1373,381,7706.18,29124.38,2.7794
CAMP04388,2025-03-27,2025-04-17,Search,69263,5138,1337,367,7501.51,33890.73,3.5179
CAMP04389,2025-11-06,2025-11-14,Display,55257,675,74,8,484.66,621.06,0.2814
CAMP04390,2025-07-29,2025-08-15,Search,43815,2839,675,178,4113.64,13840.54,2.3645
CAMP04391,2025-05-27,2025-06-03,Email,14655,975,229,36,682.94,1961.23,1.8717
CAMP04392,2025-01-01,2025-01-23,Email,30641,1804,410,67,871.78,3580.24,3.1068
CAMP04393,2025-01-29,2025-02-25,Email,51369,4616,1318,298,3717.61,15316.29,3.1199
CAMP04394,2025-07-29,2025-08-10,Search,84506,4471,985,232,6576.08,19828.71,2.0153
CAMP04395,2025-06-01,2025-06-20,Influencer,30153,1211,227,51,1546.08,4415.02,1.8556
CAMP04396,2025-01-11,2025-01-30,Social,21791,545,103,10,448.9,794.69,0.7703
CAMP04397,2025-06-14,2025-06-29,Influencer,74992,2535,461,90,2543.51,5616.66,1.2082
CAMP04398,2025-06-10,2025-06-26,Social,30123,664,110,23,490.8,1598.47,2.2569
CAMP04399,2025-02-04,2025-02-14,Search,77034,4765,1111,266,6151.0,18196.55,1.9583
CAMP04400,2025-04-13,2025-04-19,Influencer,47007,1207,184,40,1530.79,3902.41,1.5493
CAMP04401,2025-07-29,2025-08-08,Display,22996,330,41,7,233.67,555.52,1.3774
CAMP04402,2025-04-13,2025-04-25,Display,52838,710,72,11,568.76,691.7,0.2162
CAMP04403,2025-01-08,2025-01-27,Social,148149,4625,859,176,3424.34,12630.26,2.6884
CAMP04404,2025-09-19,2025-10-11,Search,54346,2499,483,102,3255.04,9102.37,1.7964
CAMP04405,2025-06-14,2025-07-02,Influencer,52951,1771,309,69,1775.86,8237.11,3.6384
CAMP04406,2025-07-09,2025-07-16,Search,101355,6246,1434,380,7362.86,23702.62,2.2192
CAMP04407,2025-04-27,2025-05-03,Search,50029,3104,747,192,4533.87,12914.8,1.8485
CAMP04408,2025-06-23,2025-07-16,Email,12994,729,159,34,527.2,1935.08,2.6705
CAMP04409,2025-04-26,2025-05-10,Email,69679,3418,692,120,2769.07,5962.76,1.1533
CAMP04410,2025-04-08,2025-04-19,Social,64955,1918,320,57,1877.68,4100.19,1.1836
CAMP04411,2025-11-26,2025-12-04,Social,30313,820,149,34,679.59,2327.82,2.4253
CAMP04412,2025-03-27,2025-04-10,Display,131554,2135,248,43,1729.78,3338.74,0.9302
CAMP04413,2025-08-23,2025-08-30,Influencer,40786,1728,344,75,2149.02,4445.5,1.0686
CAMP04414,2025-12-05,2025-12-23,Display,14155,165,19,3,114.9,193.84,0.687
CAMP04415,2025-08-04,2025-08-12,Influencer,54199,2212,426,96,2010.67,8030.9,2.9941
CAMP04416,2025-04-17,2025-05-10,Influencer,55036,1463,209,30,1714.85,3974.7,1.3178
CAMP04417,2025-11-13,2025-12-08,Social,104247,3292,613,115,3155.09,7260.75,1.3013
CAMP04418,2025-02-25,2025-03-11,Search,48501,1942,348,75,3278.21,6735.92,1.0548
CAMP04419,2025-03-03,2025-03-22,Search,81298,4000,812,171,4907.5,13086.63,1.6667
CAMP04420,2025-03-22,2025-04-05,Search,56866,2445,487,112,3127.21,8739.33,1.7946
CAMP04421,2025-03-31,2025-04-07,Social,71461,1710,253,47,1255.41,3000.23,1.3898
CAMP04422,2025-09-26,2025-10-13,Influencer,101874,3748,677,152,3729.65,14314.65,2.8381
CAMP04423,2025-10-19,2025-11-12,Social,66716,1227,179,22,950.5,1576.8,0.6589
CAMP04424,2025-10-02,2025-10-17,Social,16103,482,85,23,387.53,1962.75,4.0648
CAMP04425,2025-10-07,2025-10-20,Influencer,41177,1072,158,34,1127.84,3284.84,1.9125
CAMP04426,2025-02-14,2025-03-04,Social,26232,568,80,20,457.72,1304.23,1.8494
CAMP04427,2025-10-19,2025-11-12,Email,75527,6543,1785,398,4617.62,23005.65,3.9821
CAMP04428,2025-07-31,2025-08-26,Display,154080,1692,155,21,1071.73,1437.16,0.341
CAMP04429,2025-06-23,2025-07-01,Display,107129,1328,138,32,650.66,2282.17,2.5075
CAMP04430,2025-04-30,2025-05-25,Influencer,44316,1658,304,77,1852.14,7347.89,2.9672
CAMP04431,2025-07-14,2025-08-07,Display,14694,226,33,4,178.12,248.8,0.3968
CAMP04432,2025-10-03,2025-10-20,Email,47952,3574,963,204,2211.02,12292.0,4.5594
CAMP04433,2025-11-26,2025-12-11,Influencer,30921,1240,261,73,1360.43,5646.24,3.1503
CAMP04434,2025-06-10,2025-06-22,Social,66213,1568,262,45,1448.51,3327.82,1.2974
CAMP04435,2025-02-17,2025-03-14,Search,73574,3093,568,124,4686.38,12788.08,1.7288
CAMP04436,2025-06-24,2025-07-19,Social,139237,2875,420,63,2175.53,4809.52,1.2107
CAMP04437,2025-08-15,2025-08-29,Email,40125,2701,651,115,1984.86,7553.27,2.8054
CAMP04438,2025-01-22,2025-02-10,Social,81163,2571,485,105,2088.53,6955.84,2.3305
CAMP04439,2025-07-29,2025-08-11,Display,54381,615,57,6,362.99,487.35,0.3426
CAMP04440,2025-09-19,2025-10-09,Social,48836,813,130,18,568.1,1096.05,0.9293
CAMP04441,2025-07-25,2025-08-08,Email,51014,4748,1366,305,4522.33,18874.18,3.1736
CAMP04442,2025-08-14,2025-09-01,Search,58851,3651,819,243,4999.71,17634.76,2.5272
CAMP04443,2025-10-15,2025-11-04,Social,58618,1489,233,47,1527.18,2956.19,0.9357
CAMP04444,2025-12-12,2025-12-30,Social,29637,593,87,17,474.58,1199.17,1.5268
CAMP04445,2025-05-31,2025-06-12,Search,51669,2075,389,92,2698.26,6437.71,1.3859
CAMP04446,2025-03-17,2025-04-04,Email,72148,4311,1026,193,2911.41,17094.4,4.8715
CAMP04447,2025-10-19,2025-10-29,Display,123421,1661,163,30,1489.01,1868.49,0.2549
CAMP04448,2025-09-16,2025-10-04,Influencer,47868,1738,326,68,1844.33,5815.56,2.1532
CAMP04449,2025-02-01,2025-02-16,Social,62464,1655,274,51,1358.68,2946.3,1.1685
CAMP04450,2025-09-23,2025-10-05,Display,33928,476,39,7,310.81,540.5,0.739
CAMP04451,2025-08-24,2025-09-12,Email,57389,4735,1296,290,4021.18,19497.51,3.8487
CAMP04452,2025-11-19,2025-12-09,Search,71681,5041,1236,314,6645.94,23327.52,2.51
CAMP04453,2025-11-11,2025-12-01,Email,36872,3126,825,202,2678.28,14207.16,4.3046
CAMP04454,2025-01-30,2025-02-22,Email,76233,5363,1301,248,5133.55,14066.72,1.7402
CAMP04455,2025-12-01,2025-12-23,Social,144014,4007,683,122,2912.59,7454.18,1.5593
CAMP04456,2025-06-08,2025-06-15,Social,77425,2224,393,70,1700.06,6103.32,2.5901
CAMP04457,2025-12-03,2025-12-14,Social,88340,2618,484,102,2033.26,7171.76,2.5272
CAMP04458,2025-09-26,2025-10-12,Display,107033,1223,113,12,697.16,609.09,-0.1263
CAMP04459,2025-03-12,2025-04-06,Email,21310,1261,304,49,938.59,3157.19,2.3638
CAMP04460,2025-10-25,2025-11-17,Search,29332,2311,596,173,3974.92,11923.96,1.9998
CAMP04461,2025-02-27,2025-03-19,Display,41285,558,63,9,374.01,708.63,0.8947
CAMP04462,2025-10-07,2025-11-01,Display,38492,402,40,2,378.86,162.32,-0.5716
CAMP04463,2025-01-14,2025-02-08,Search,53289,2187,401,94,3724.81,8027.8,1.1552
CAMP04464,2025-06-19,2025-07-01,Email,27415,1856,464,99,1314.74,7643.12,4.8134
CAMP04465,2025-04-09,2025-04-26,Social,44007,1182,222,44,969.34,3441.81,2.5507
CAMP04466,2025-02-26,2025-03-08,Search,38780,1823,374,67,2653.22,5105.22,0.9242
CAMP04467,2025-10-01,2025-10-14,Email,42225,3359,922,188,3368.12,12894.91,2.8285
CAMP04468,2025-09-26,2025-10-10,Display,54381,638,60,9,340.63,531.67,0.5608
CAMP04469,2025-09-05,2025-09-19,Email,53507,3244,716,131,2553.57,10167.92,2.9818
CAMP04470,2025-05-24,2025-06-12,Display,79725,831,72,8,421.68,425.46,0.009
CAMP04471,2025-01-26,2025-02-10,Search,51238,2976,648,157,4472.8,12461.8,1.7861
CAMP04472,2025-04-25,2025-05-15,Influencer,113344,3387,538,108,3475.2,8641.89,1.4867
CAMP04473,2025-08-08,2025-08-14,Display,47862,536,50,6,392.63,419.55,0.0686
CAMP04474,2025-12-10,2025-12-26,Social,33426,821,139,22,708.73,1253.68,0.7689
CAMP04475,2025-04-17,2025-05-03,Influencer,32396,1058,169,36,1212.12,3718.77,2.068
CAMP04476,2025-02-22,2025-03-19,Influencer,112174,2729,423,77,3037.75,5882.24,0.9364
CAMP04477,2025-05-06,2025-05-13,Social,100985,2934,492,101,2692.13,6842.96,1.5418
CAMP04478,2025-08-05,2025-08-22,Display,52666,617,60,12,395.6,831.48,1.1018
CAMP04479,2025-02-09,2025-02-21,Display,50714,749,86,12,553.53,667.41,0.2057
CAMP04480,2025-07-01,2025-07-11,Display,24017,274,21,3,149.82,182.76,0.2199
CAMP04481,2025-07-09,2025-08-02,Display,48733,582,54,9,363.7,533.51,0.4669
CAMP04482,2025-08-15,2025-08-25,Social,59042,1003,135,14,937.79,842.59,-0.1015
CAMP04483,2025-01-10,2025-01-22,Social,104940,2115,305,46,1570.18,3305.42,1.1051
CAMP04484,2025-11-24,2025-12-13,Email,91997,6869,1783,360,4792.93,26770.92,4.5855
CAMP04485,2025-06-24,2025-07-07,Email,37950,2131,467,80,1675.03,5192.18,2.0998
CAMP04486,2025-12-07,2025-12-14,Email,136658,7692,1689,303,5140.56,20501.39,2.9882
CAMP04487,2025-10-05,2025-10-17,Search,52154,3213,764,200,5155.85,19373.7,2.7576
CAMP04488,2025-11-19,2025-12-14,Search,68252,3799,843,190,5388.18,14515.67,1.694
CAMP04489,2025-12-22,2026-01-07,Social,47582,1363,236,47,1011.93,3250.78,2.2125
CAMP04490,2025-01-01,2025-01-12,Social,23431,623,108,18,421.44,1439.43,2.4155
CAMP04491,2025-03-29,2025-04-21,Display,69018,876,94,11,611.26,777.41,0.2718
CAMP04492,2025-06-07,2025-06-21,Display,106159,1454,162,17,989.73,1079.87,0.0911
CAMP04493,2025-12-07,2026-01-03,Email,117534,8851,2255,458,8319.66,29736.73,2.5743
CAMP04494,2025-05-29,2025-06-20,Social,67145,1698,269,45,1617.78,2863.64,0.7701
CAMP04495,2025-09-01,2025-09-10,Search,65305,3240,680,171,4334.25,12617.98,1.9112
CAMP04496,2025-07-07,2025-07-19,Search,106510,5432,1137,263,6305.38,20712.26,2.2849
CAMP04497,2025-02-12,2025-03-10,Social,53182,1547,250,38,1116.03,2398.52,1.1492
CAMP04498,2025-04-11,2025-04-26,Display,44802,633,69,17,394.49,715.62,0.814
CAMP04499,2025-10-25,2025-11-13,Social,35689,880,153,25,724.81,1685.62,1.3256
CAMP04500,2025-08-22,2025-09-12,Search,94503,4250,808,190,6297.9,18440.79,1.9281
CAMP04501,2025-09-27,2025-10-22,Influencer,47564,1588,283,51,1822.5,4617.2,1.5334
CAMP04502,2025-08-17,2025-09-09,Email,87156,5752,1461,289,5589.29,16341.73,1.9238
CAMP04503,2025-07-02,2025-07-25,Search,69885,3078,634,141,4736.16,9604.46,1.0279
CAMP04504,2025-10-14,2025-10-26,Display,79141,926,88,13,877.75,718.37,-0.1816
CAMP04505,2025-02-21,2025-02-27,Display,61045,476,44,4,334.22,243.64,-0.271
CAMP04506,2025-12-29,2026-01-06,Search,46631,2352,468,116,3977.39,11023.48,1.7715
CAMP04507,2025-09-21,2025-10-01,Social,87517,1463,169,30,1051.01,2623.54,1.4962
CAMP04508,2025-01-27,2025-02-02,Social,46588,1214,186,33,1122.07,2080.16,0.8539
CAMP04509,2025-06-01,2025-06-18,Influencer,39635,1231,231,39,1435.12,3217.42,1.2419
CAMP04510,2025-07-05,2025-07-23,Social,43904,841,110,18,638.1,1349.39,1.1147
CAMP04511,2025-08-11,2025-09-06,Email,54181,4156,1098,215,3084.08,16483.39,4.3447
CAMP04512,2025-11-02,2025-11-20,Email,105423,8869,2404,533,7225.48,28620.58,2.9611
CAMP04513,2025-05-07,2025-06-01,Email,58053,3050,671,112,2579.84,7125.19,1.7619
CAMP04514,2025-08-02,2025-08-21,Search,34235,1982,408,116,2540.64,8966.23,2.5291
CAMP04515,2025-11-10,2025-12-05,Search,75675,3490,711,154,4809.3,11551.29,1.4019
CAMP04516,2025-12-18,2026-01-07,Search,37359,1603,292,54,2510.54,5992.99,1.3871
CAMP04517,2025-01-11,2025-01-19,Display,51073,551,47,5,319.51,453.34,0.4189
CAMP04518,2025-01-17,2025-02-02,Display,28483,295,29,1,179.25,58.73,-0.6724
CAMP04519,2025-06-26,2025-07-20,Influencer,34944,1550,317,80,1749.24,9131.44,4.2202
CAMP04520,2025-12-09,2025-12-23,Email,64900,4908,1298,279,4203.39,16680.85,2.9684
CAMP04521,2025-06-11,2025-06-21,Email,25229,1319,280,48,1124.76,2652.95,1.3587
CAMP04522,2025-06-11,2025-06-25,Search,123350,6834,1506,359,10380.61,31465.67,2.0312
CAMP04523,2025-03-11,2025-03-30,Influencer,69571,2579,503,106,2797.68,8246.27,1.9475
CAMP04524,2025-08-03,2025-08-12,Social,28733,486,64,9,388.29,731.74,0.8845
CAMP04525,2025-12-09,2025-12-31,Display,138990,1372,124,12,761.57,810.17,0.0638
CAMP04526,2025-03-20,2025-03-30,Influencer,34095,1623,315,80,1600.64,6982.0,3.362
CAMP04527,2025-06-15,2025-06-23,Email,58275,3296,733,114,2378.39,6090.74,1.5609
CAMP04528,2025-08-12,2025-09-01,Social,56373,1098,152,27,749.17,2286.0,2.0514
CAMP04529,2025-03-20,2025-03-26,Email,33839,1960,455,78,1501.43,4714.62,2.1401
CAMP04530,2025-07-14,2025-08-10,Influencer,69579,2411,460,112,2687.94,10520.0,2.9138
CAMP04531,2025-08-27,2025-09-14,Social,50397,1358,239,41,1266.38,2693.03,1.1266
CAMP04532,2025-12-23,2026-01-03,Search,45083,1935,379,68,3001.4,4374.91,0.4576
CAMP04533,2025-09-28,2025-10-06,Social,49278,1352,221,53,1192.96,3931.86,2.2959
CAMP04534,2025-02-10,2025-03-09,Search,68031,2855,541,128,5350.91,12107.41,1.2627
CAMP04535,2025-07-27,2025-08-08,Search,58015,3126,657,164,4371.48,9734.88,1.2269
CAMP04536,2025-12-06,2025-12-29,Display,129982,1774,202,27,962.0,1773.8,0.8439
CAMP04537,2025-06-08,2025-07-04,Social,76029,1502,209,25,1159.07,2200.37,0.8984
CAMP04538,2025-09-09,2025-09-17,Influencer,40212,955,145,18,923.86,1229.55,0.3309
CAMP04539,2025-05-12,2025-05-21,Search,39139,1698,328,66,2530.77,4721.37,0.8656
CAMP04540,2025-11-01,2025-11-11,Influencer,33506,1288,214,49,1494.32,5542.64,2.7091
CAMP04541,2025-09-15,2025-10-06,Email,44010,2607,587,119,2426.48,8841.14,2.6436
CAMP04542,2025-04-04,2025-04-29,Email,53611,4816,1390,285,3880.39,16869.19,3.3473
CAMP04543,2025-10-18,2025-11-13,Influencer,22083,886,170,35,1180.78,3034.31,1.5698
CAMP04544,2025-12-20,2026-01-04,Search,120002,8524,2136,559,14031.42,46663.66,2.3257
CAMP04545,2025-04-12,2025-04-23,Search,43834,2987,737,197,4417.28,14236.53,2.2229
CAMP04546,2025-03-16,2025-04-04,Search,128125,6007,1207,279,7243.55,19898.83,1.7471
CAMP04547,2025-10-08,2025-10-14,Display,36521,448,53,9,352.12,490.95,0.3943
CAMP04548,2025-11-07,2025-11-23,Social,65265,1440,229,29,1194.37,2072.35,0.7351
CAMP04549,2025-01-04,2025-01-18,Display,47405,658,57,5,461.27,364.57,-0.2096
CAMP04550,2025-12-26,2026-01-03,Social,70360,1912,313,64,1426.26,4725.7,2.3134
CAMP04551,2025-11-21,2025-12-13,Influencer,49088,1440,208,33,1615.6,3402.03,1.1057
CAMP04552,2025-03-25,2025-04-11,Influencer,40256,1352,221,48,1533.77,5343.02,2.4836
CAMP04553,2025-09-03,2025-09-20,Social,45487,1402,259,63,1061.0,3672.47,2.4613
CAMP04554,2025-11-28,2025-12-05,Display,52797,375,25,4,226.69,338.05,0.4912
CAMP04555,2025-05-07,2025-05-16,Display,51628,702,74,7,489.24,574.77,0.1748
CAMP04556,2025-12-31,2026-01-08,Search,111227,7367,1845,501,8619.34,34293.58,2.9787
CAMP04557,2025-02-24,2025-03-12,Social,30361,705,118,25,518.0,1732.97,2.3455
CAMP04558,2025-08-19,2025-08-29,Email,71917,6780,1975,466,5456.0,23963.22,3.3921
CAMP04559,2025-01-02,2025-01-14,Search,39981,2238,495,123,2971.22,9420.55,2.1706
CAMP04560,2025-06-22,2025-07-17,Email,85608,5273,1283,257,4285.42,15897.59,2.7097
CAMP04561,2025-12-24,2025-12-30,Search,33914,2554,644,161,3441.96,10571.2,2.0713
CAMP04562,2025-11-28,2025-12-11,Email,40420,3766,1065,248,3287.16,15518.73,3.721
CAMP04563,2025-06-23,2025-07-13,Search,142312,8711,1976,464,13462.02,31747.92,1.3583
CAMP04564,2025-09-22,2025-09-29,Display,18446,246,22,4,170.75,284.46,0.6659
CAMP04565,2025-06-23,2025-07-02,Search,79105,3935,834,196,4766.1,16981.05,2.5629
CAMP04566,2025-02-18,2025-03-14,Search,23226,1095,220,58,1669.78,4336.93,1.5973
CAMP04567,2025-08-03,2025-08-15,Influencer,59795,1651,273,52,1886.56,4704.5,1.4937
CAMP04568,2025-10-17,2025-10-29,Email,79942,7311,2154,476,5892.98,32372.06,4.4933
CAMP04569,2025-11-02,2025-11-23,Email,50032,3170,760,147,2493.8,8394.3,2.3661
CAMP04570,2025-02-24,2025-03-10,Search,27539,1906,484,148,2866.6,11836.29,3.129
CAMP04571,2025-02-07,2025-02-19,Social,115370,3023,512,102,2397.07,6221.88,1.5956
CAMP04572,2025-08-04,2025-08-20,Display,80220,1356,150,23,830.23,1731.42,1.0855
CAMP04573,2025-05-25,2025-06-21,Search,34919,2519,636,177,3251.59,14860.05,3.5701
CAMP04574,2025-05-23,2025-06-13,Influencer,38143,1278,223,54,1238.66,5272.18,3.2564
CAMP04575,2025-03-16,2025-04-08,Search,59340,2656,527,106,3269.16,7857.19,1.4034
CAMP04576,2025-12-16,2026-01-11,Social,31322,738,119,24,568.84,1871.61,2.2902
CAMP04577,2025-07-16,2025-08-11,Search,58510,3400,719,190,6433.06,13926.96,1.1649
CAMP04578,2025-06-01,2025-06-08,Display,62801,677,63,8,444.02,522.13,0.1759
CAMP04579,2025-09-20,2025-10-12,Display,38743,583,52,11,379.88,838.77,1.208
CAMP04580,2025-02-16,2025-02-24,Search,35315,1914,433,123,3275.77,10742.11,2.2793
CAMP04581,2025-06-01,2025-06-20,Social,103753,2137,321,51,1459.94,3738.92,1.561
CAMP04582,2025-06-29,2025-07-11,Social,39870,929,156,33,592.85,2330.82,2.9316
CAMP04583,2025-03-15,2025-04-04,Influencer,58017,1461,206,35,1823.14,2550.84,0.3991
CAMP04584,2025-08-04,2025-08-28,Social,107885,2865,460,101,2323.23,8839.83,2.805
CAMP04585,2025-06-13,2025-06-26,Email,43829,1831,374,66,1149.59,4398.32,2.826
CAMP04586,2025-10-25,2025-11-04,Search,52192,3185,740,190,5098.86,15289.13,1.9985
CAMP04587,2025-07-30,2025-08-09,Search,129735,7541,1689,430,8865.89,36606.77,3.1289
CAMP04588,2025-08-04,2025-08-31,Search,89618,4779,1063,253,6477.93,18870.22,1.913
CAMP04589,2025-06-10,2025-07-06,Search,42376,1884,351,79,2446.73,4699.99,0.9209
CAMP04590,2025-06-29,2025-07-19,Social,53675,1089,156,34,789.14,3000.23,2.8019
CAMP04591,2025-12-10,2025-12-31,Display,25463,464,75,12,329.91,862.04,1.613
CAMP04592,2025-04-30,2025-05-08,Display,58397,554,42,4,433.31,214.98,-0.5039
CAMP04593,2025-09-27,2025-10-04,Search,87114,4037,788,178,5932.2,12868.01,1.1692
CAMP04594,2025-04-23,2025-05-08,Email,82737,5897,1518,300,5793.97,19457.22,2.3582
CAMP04595,2025-03-05,2025-03-31,Display,81079,1090,109,17,777.91,1362.15,0.751
CAMP04596,2025-10-31,2025-11-27,Search,17842,1231,291,87,1570.1,5718.75,2.6423
CAMP04597,2025-06-09,2025-06-16,Email,24337,2081,601,128,1521.7,10026.7,5.5891
CAMP04598,2025-10-25,2025-11-17,Email,50406,3969,1033,248,3109.75,12650.42,3.068
CAMP04599,2025-10-02,2025-10-24,Influencer,77969,3207,628,134,3003.85,10939.46,2.6418
CAMP04600,2025-12-11,2026-01-02,Social,133969,2959,410,64,2241.61,4138.17,0.8461
CAMP04601,2025-09-30,2025-10-07,Display,35624,622,77,10,356.84,553.51,0.5511
CAMP04602,2025-01-12,2025-01-25,Influencer,49438,1956,366,75,1857.01,7045.66,2.7941
CAMP04603,2025-09-01,2025-09-08,Search,104924,6210,1455,341,7150.39,22243.81,2.1109
CAMP04604,2025-10-30,2025-11-08,Search,58252,3259,745,164,4469.66,11275.67,1.5227
CAMP04605,2025-03-23,2025-04-05,Display,32895,387,39,5,242.13,323.38,0.3356
CAMP04606,2025-12-25,2026-01-06,Social,49264,1180,177,30,856.06,2630.38,2.0727
CAMP04607,2025-06-03,2025-06-18,Social,132436,3494,581,111,2514.09,9477.12,2.7696
CAMP04608,2025-09-17,2025-09-25,Email,65944,5037,1254,289,4392.75,19058.91,3.3387
CAMP04609,2025-04-20,2025-04-27,Display,16872,285,44,6,208.0,413.76,0.9892
CAMP04610,2025-03-30,2025-04-13,Display,29172,359,46,5,306.82,367.28,0.1971
CAMP04611,2025-09-06,2025-09-26,Social,99788,2735,458,77,2464.36,4528.66,0.8377
CAMP04612,2025-09-11,2025-10-02,Email,34056,2385,593,113,1857.28,10040.83,4.4062
CAMP04613,2025-03-25,2025-04-12,Search,142298,10210,2565,692,12104.48,45722.06,2.7773
CAMP04614,2025-11-10,2025-12-04,Display,56592,792,88,9,488.84,523.56,0.071
CAMP04615,2025-05-22,2025-06-11,Search,93840,4669,979,223,6234.71,19215.77,2.0821
CAMP04616,2025-04-14,2025-04-23,Social,37445,807,107,28,592.17,1623.42,1.7415
CAMP04617,2025-03-02,2025-03-14,Email,31252,2355,616,140,1620.58,8706.97,4.3727
CAMP04618,2025-08-09,2025-08-21,Search,40774,2356,516,120,3102.9,7910.81,1.5495
CAMP04619,2025-12-20,2025-12-30,Search,28121,1541,350,86,2274.06,6734.64,1.9615
CAMP04620,2025-07-26,2025-08-19,Social,41111,803,123,15,634.75,970.84,0.5295
CAMP04621,2025-04-13,2025-05-01,Display,48057,705,82,17,617.0,974.48,0.5794
CAMP04622,2025-02-03,2025-02-11,Social,52293,1403,209,40,1147.42,3723.44,2.2451
CAMP04623,2025-06-03,2025-06-25,Display,49588,579,58,3,460.35,187.99,-0.5916
CAMP04624,2025-11-05,2025-11-13,Search,135605,5759,1124,281,8202.89,25441.75,2.1016
CAMP04625,2025-12-01,2025-12-07,Search,20459,1725,461,152,2240.34,11606.63,4.1807
CAMP04626,2025-07-24,2025-08-13,Search,92468,6042,1507,394,8062.25,31247.4,2.8758
CAMP04627,2025-08-25,2025-09-17,Search,108991,6874,1596,382,10884.81,26587.95,1.4427
CAMP04628,2025-09-03,2025-09-20,Email,30244,1978,466,84,1329.13,7056.66,4.3092
CAMP04629,2025-09-20,2025-10-08,Search,47178,2324,509,99,3679.4,7858.89,1.1359
CAMP04630,2025-01-24,2025-02-06,Influencer,123621,3968,651,146,4064.33,15470.59,2.8064
CAMP04631,2025-02-27,2025-03-10,Search,69033,5503,1462,401,10445.33,33513.23,2.2084
CAMP04632,2025-09-23,2025-10-11,Search,45820,2063,405,91,2778.81,6724.69,1.42
CAMP04633,2025-08-15,2025-08-25,Display,56169,554,53,8,392.52,532.62,0.3569
CAMP04634,2025-07-28,2025-08-13,Search,34421,1880,392,101,2527.01,6923.29,1.7397
CAMP04635,2025-08-21,2025-08-29,Search,94904,7216,1900,532,9421.52,38403.04,3.0761
CAMP04636,2025-11-30,2025-12-12,Search,36631,1482,310,54,2102.87,3276.13,0.5579
CAMP04637,2025-08-12,2025-08-31,Display,78258,1134,119,12,780.38,768.26,-0.0155
CAMP04638,2025-10-08,2025-10-26,Email,70191,3734,808,151,2606.51,13386.67,4.1359
CAMP04639,2025-09-11,2025-10-05,Search,67695,3822,878,222,6017.9,19394.0,2.2227
CAMP04640,2025-07-25,2025-08-13,Social,38913,1007,169,31,696.61,2323.23,2.3351
CAMP04641,2025-04-06,2025-04-30,Social,62840,1548,259,49,1158.04,3774.91,2.2597
CAMP04642,2025-04-22,2025-05-12,Email,38768,2455,583,98,1977.06,7336.86,2.711
CAMP04643,2025-03-15,2025-03-25,Search,64246,2942,581,130,4179.82,11737.08,1.808
CAMP04644,2025-04-21,2025-05-12,Email,122308,6621,1429,258,5034.41,16668.86,2.311
CAMP04645,2025-06-30,2025-07-10,Social,96395,2633,435,98,1922.48,8087.72,3.2069
CAMP04646,2025-05-18,2025-06-04,Social,43285,1205,193,30,1045.74,2699.69,1.5816
CAMP04647,2025-01-26,2025-02-18,Social,118622,2303,346,60,1695.68,2903.81,0.7125
CAMP04648,2025-01-25,2025-02-08,Search,16825,1085,240,72,1353.74,4714.48,2.4826
CAMP04649,2025-07-25,2025-08-19,Email,174980,15009,4162,909,14811.18,60737.92,3.1008
CAMP04650,2025-05-09,2025-05-15,Social,186541,4026,616,113,3620.56,8484.55,1.3434
CAMP04651,2025-02-14,2025-03-10,Display,23293,287,24,1,178.53,87.27,-0.5112
CAMP04652,2025-06-08,2025-06-17,Display,37896,490,58,11,305.67,771.8,1.5249
CAMP04653,2025-03-26,2025-04-17,Email,49684,3161,761,162,2607.93,11436.52,3.3853
CAMP04654,2025-01-31,2025-02-21,Display,67558,1134,135,20,741.44,1212.32,0.6351
CAMP04655,2025-10-10,2025-10-31,Display,76649,691,57,7,407.04,484.64,0.1906
CAMP04656,2025-10-25,2025-11-21,Influencer,52345,1319,179,38,1546.26,2769.76,0.7913
CAMP04657,2025-03-27,2025-04-19,Search,49021,3548,901,227,3891.35,17581.61,3.5181
CAMP04658,2025-12-22,2026-01-08,Email,86808,5417,1286,252,4594.89,13482.88,1.9343
CAMP04659,2025-08-25,2025-09-08,Social,63788,1857,327,65,1610.28,4603.89,1.8591
CAMP04660,2025-06-25,2025-07-06,Social,104265,2155,324,53,1847.73,3686.6,0.9952
CAMP04661,2025-10-27,2025-11-04,Email,81320,5452,1344,259,4695.09,15095.56,2.2152
CAMP04662,2025-08-11,2025-09-06,Search,65546,3704,804,176,5947.69,14303.49,1.4049
CAMP04663,2025-02-01,2025-02-20,Display,18694,240,28,3,171.86,240.51,0.3995
CAMP04664,2025-11-28,2025-12-23,Email,87406,9519,2974,725,7222.41,45725.11,5.331
CAMP04665,2025-05-04,2025-05-21,Search,72802,3588,716,176,5284.16,15073.29,1.8525
CAMP04666,2025-04-09,2025-04-28,Search,61121,2622,516,115,3508.59,7751.58,1.2093
CAMP04667,2025-07-08,2025-07-17,Social,20976,581,98,17,435.25,1205.62,1.7699
CAMP04668,2025-12-24,2026-01-16,Search,151600,8745,1965,500,10996.79,39894.64,2.6278
CAMP04669,2025-06-20,2025-07-17,Display,106293,1218,131,17,833.49,1361.07,0.633
CAMP04670,2025-05-04,2025-05-30,Search,37255,2015,432,117,2803.65,9780.8,2.4886
CAMP04671,2025-06-09,2025-06-22,Search,43310,3109,779,211,3803.67,16213.9,3.2627
CAMP04672,2025-03-05,2025-03-22,Email,115248,12184,3900,960,10131.12,75616.02,6.4637
CAMP04673,2025-10-14,2025-10-29,Email,23565,1614,440,105,1444.17,5248.23,2.6341
CAMP04674,2025-02-25,2025-03-11,Email,31915,2211,550,105,1483.86,6085.48,3.1011
CAMP04675,2025-09-10,2025-10-02,Social,50382,1518,242,43,1067.04,3016.27,1.8268
CAMP04676,2025-12-18,2026-01-10,Social,80663,2291,395,77,1843.02,4991.43,1.7083
CAMP04677,2025-06-19,2025-07-12,Search,43213,2217,469,109,2829.44,8078.8,1.8553
CAMP04678,2025-11-03,2025-11-16,Search,59828,3818,900,250,5154.75,18617.21,2.6117
CAMP04679,2025-03-23,2025-04-05,Influencer,108384,4334,831,192,4553.46,17020.18,2.7379
CAMP04680,2025-02-11,2025-03-09,Social,30185,1166,233,51,872.91,2854.98,2.2706
CAMP04681,2025-04-25,2025-05-10,Search,56487,3061,668,158,4840.35,10308.59,1.1297
CAMP04682,2025-06-18,2025-07-11,Social,37701,757,115,26,643.36,2075.11,2.2254
CAMP04683,2025-11-03,2025-11-21,Email,24742,1350,285,45,1213.16,2968.48,1.4469
CAMP04684,2025-07-28,2025-08-13,Display,109311,1110,102,9,661.28,455.46,-0.3112
CAMP04685,2025-11-26,2025-12-08,Search,42846,2527,575,140,3253.68,11712.33,2.5997
CAMP04686,2025-09-28,2025-10-09,Display,68789,682,68,7,467.15,546.86,0.1706
CAMP04687,2025-10-16,2025-10-30,Search,50397,3287,775,217,4932.06,21556.02,3.3706
CAMP04688,2025-04-09,2025-04-30,Search,40236,2656,638,176,3868.13,12635.82,2.2666
CAMP04689,2025-10-29,2025-11-24,Email,7431,529,144,23,408.87,1687.04,3.1261
CAMP04690,2025-04-13,2025-05-10,Display,71592,722,76,10,486.48,639.86,0.3153
CAMP04691,2025-01-08,2025-01-17,Social,45275,1300,200,42,1237.14,3253.82,1.6301
CAMP04692,2025-03-28,2025-04-07,Email,31596,2450,642,138,1847.59,10720.2,4.8023
CAMP04693,2025-04-15,2025-04-25,Display,35371,280,17,1,216.99,79.65,-0.6329
CAMP04694,2025-06-26,2025-07-18,Social,42644,1410,239,42,980.6,2868.47,1.9252
CAMP04695,2025-07-30,2025-08-24,Social,33585,708,93,9,653.77,605.37,-0.074
CAMP04696,2025-06-22,2025-07-06,Display,161991,2326,251,28,1393.55,1657.83,0.1896
CAMP04697,2025-07-12,2025-07-22,Display,102007,1016,100,13,666.74,728.69,0.0929
CAMP04698,2025-01-07,2025-01-28,Social,67992,1565,241,39,1249.16,3253.79,1.6048
CAMP04699,2025-09-29,2025-10-06,Search,83090,3925,824,207,6313.65,21791.43,2.4515
CAMP04700,2025-08-20,2025-08-30,Influencer,84976,2468,402,89,2701.84,7820.83,1.8946
CAMP04701,2025-04-03,2025-04-27,Social,76026,1654,253,47,1329.78,2636.73,0.9828
CAMP04702,2025-02-25,2025-03-10,Search,74879,4144,915,186,6150.79,18287.75,1.9732
CAMP04703,2025-05-30,2025-06-17,Social,86920,2546,404,89,2093.78,6145.92,1.9353
CAMP04704,2025-10-15,2025-10-21,Social,45696,1232,208,36,879.51,2494.98,1.8368
CAMP04705,2025-07-10,2025-07-25,Display,24299,321,29,4,203.49,270.53,0.3295
CAMP04706,2025-07-03,2025-07-17,Search,38825,1775,353,68,3027.15,5624.06,0.8579
CAMP04707,2025-02-20,2025-03-08,Search,42247,1929,397,94,3546.19,7213.18,1.0341
CAMP04708,2025-07-23,2025-08-06,Social,73617,1674,252,61,1194.68,4066.01,2.4034
CAMP04709,2025-07-28,2025-08-16,Email,52487,4580,1250,293,3516.24,18893.04,4.3731
CAMP04710,2025-04-18,2025-05-01,Social,49575,1275,231,43,787.62,2800.21,2.5553
CAMP04711,2025-10-04,2025-10-23,Influencer,90693,3134,525,100,4456.06,7633.27,0.713
CAMP04712,2025-08-29,2025-09-16,Email,48002,2886,688,110,2073.69,5616.43,1.7084
CAMP04713,2025-07-05,2025-07-19,Search,64676,4080,918,256,4592.16,25052.04,4.4554
CAMP04714,2025-10-13,2025-10-28,Search,43169,1492,272,43,2158.91,3806.75,0.7633
CAMP04715,2025-09-01,2025-09-18,Influencer,66732,2072,330,60,2151.98,5036.61,1.3405
CAMP04716,2025-07-22,2025-08-05,Search,33601,1921,429,118,2825.49,10287.11,2.6408
CAMP04717,2025-01-31,2025-02-08,Display,74352,1104,141,24,999.13,1944.95,0.9466
CAMP04718,2025-01-27,2025-02-11,Search,117856,6266,1355,318,9485.08,24711.3,1.6053
CAMP04719,2025-09-14,2025-10-02,Display,84385,865,86,10,543.72,658.34,0.2108
CAMP04720,2025-04-13,2025-04-25,Social,80660,1332,155,27,1293.94,2346.04,0.8131
CAMP04721,2025-04-28,2025-05-05,Social,85424,2138,321,58,1622.58,4051.86,1.4972
CAMP04722,2025-02-17,2025-03-01,Search,127957,6446,1312,276,10555.32,20404.35,0.9331
CAMP04723,2025-02-01,2025-02-09,Social,105621,3372,609,127,3095.0,8115.91,1.6223
CAMP04724,2025-01-02,2025-01-23,Social,20379,470,72,22,393.52,1425.53,2.6225
CAMP04725,2025-08-18,2025-09-05,Email,96092,6474,1557,284,4992.64,18468.82,2.6992
CAMP04726,2025-01-23,2025-02-02,Search,25162,1468,322,83,1591.37,5958.45,2.7442
CAMP04727,2025-10-15,2025-11-06,Social,48222,1124,168,38,929.34,2541.08,1.7343
CAMP04728,2025-10-29,2025-11-04,Search,30353,2102,505,120,2988.62,11098.21,2.7135
CAMP04729,2025-05-18,2025-06-06,Social,48525,1214,190,28,1055.3,1686.45,0.5981
CAMP04730,2025-07-14,2025-08-10,Email,89384,6078,1510,312,4518.51,17400.58,2.851
CAMP04731,2025-03-10,2025-04-05,Social,29068,499,88,15,412.89,1116.58,1.7043
CAMP04732,2025-02-10,2025-03-04,Search,72372,2910,550,123,3976.4,8745.76,1.1994
CAMP04733,2025-09-10,2025-09-19,Email,67509,5046,1326,278,4406.0,18321.34,3.1583
CAMP04734,2025-10-05,2025-10-15,Search,79625,4462,970,227,6106.86,17677.11,1.8946
CAMP04735,2025-12-24,2026-01-06,Search,31370,1489,293,64,1799.35,5828.08,2.239
CAMP04736,2025-02-24,2025-03-14,Social,21857,445,68,13,389.87,966.32,1.4786
CAMP04737,2025-01-25,2025-02-01,Search,116312,5928,1253,277,7199.38,18413.4,1.5576
CAMP04738,2025-03-31,2025-04-25,Email,51177,4203,1130,236,3643.09,16024.44,3.3986
CAMP04739,2025-07-18,2025-08-13,Search,48434,2204,440,100,3259.33,8310.89,1.5499
CAMP04740,2025-12-11,2025-12-30,Social,31797,662,95,12,536.0,667.11,0.2446
CAMP04741,2025-09-07,2025-09-19,Search,41131,1488,256,50,1908.35,3790.02,0.986
CAMP04742,2025-12-24,2026-01-01,Display,57907,790,79,13,621.17,800.69,0.289
CAMP04743,2025-10-06,2025-10-30,Email,37154,1860,398,60,1314.4,3969.73,2.0202
CAMP04744,2025-07-13,2025-08-05,Email,149787,10498,2672,535,9616.61,42387.98,3.4078
CAMP04745,2025-01-08,2025-02-02,Display,110988,1167,90,13,863.28,793.6,-0.0807
CAMP04746,2025-05-21,2025-06-05,Search,134837,10317,2681,725,16014.92,61934.8,2.8673
CAMP04747,2025-11-06,2025-11-20,Email,51728,2901,652,124,2600.27,5583.31,1.1472
CAMP04748,2025-06-13,2025-07-08,Search,53522,2563,533,115,3486.5,11704.22,2.357
CAMP04749,2025-06-30,2025-07-21,Social,63665,1739,278,53,1383.0,2894.17,1.0927
CAMP04750,2025-02-23,2025-03-10,Display,37091,475,60,11,282.21,471.27,0.6699
CAMP04751,2025-01-28,2025-02-18,Display,43066,493,49,10,346.23,718.18,1.0743
CAMP04752,2025-07-09,2025-07-22,Search,43505,2720,647,175,3744.11,10570.35,1.8232
CAMP04753,2025-09-29,2025-10-10,Social,43683,1178,204,34,857.17,2513.73,1.9326
CAMP04754,2025-01-15,2025-02-02,Display,27907,318,32,5,195.15,306.47,0.5704
CAMP04755,2025-04-18,2025-04-26,Social,130308,2768,430,72,2197.47,5922.46,1.6951
CAMP04756,2025-11-16,2025-12-11,Social,31001,985,174,41,679.56,2057.33,2.0274
CAMP04757,2025-11-01,2025-11-11,Search,48321,2278,469,96,3208.51,8616.6,1.6855
CAMP04758,2025-01-29,2025-02-14,Social,66555,1694,251,47,1318.09,3298.39,1.5024
CAMP04759,2025-08-12,2025-08-27,Search,148196,6605,1244,261,8872.27,16035.4,0.8074
CAMP04760,2025-09-28,2025-10-12,Email,31810,3037,898,215,2222.25,13962.02,5.2828
CAMP04761,2025-12-18,2026-01-01,Search,58161,4073,1062,260,5977.96,22746.08,2.805
CAMP04762,2025-10-14,2025-11-10,Email,64832,4822,1269,285,3822.37,23617.86,5.1789
CAMP04763,2025-05-24,2025-06-10,Social,140062,3013,458,66,2817.53,5460.41,0.938
CAMP04764,2025-07-09,2025-07-24,Influencer,25704,1194,243,74,1088.28,6536.99,5.0067
CAMP04765,2025-06-27,2025-07-09,Influencer,71364,2055,323,67,2166.1,6272.59,1.8958
CAMP04766,2025-04-18,2025-05-08,Email,68000,5350,1394,282,5362.0,19176.96,2.5765
CAMP04767,2025-07-01,2025-07-16,Search,55933,3299,703,170,3964.4,13380.21,2.3751
CAMP04768,2025-02-19,2025-02-27,Social,85588,2234,392,68,1725.43,5398.56,2.1288
CAMP04769,2025-05-28,2025-06-16,Display,16188,195,17,0,130.31,0.0,-1.0
CAMP04770,2025-11-10,2025-11-28,Social,77669,2570,430,78,1828.13,4381.0,1.3964
CAMP04771,2025-05-26,2025-06-02,Email,58959,2711,552,88,2667.65,5048.66,0.8925
CAMP04772,2025-02-06,2025-02-21,Social,97897,1746,193,31,1304.13,1341.94,0.029
CAMP04773,2025-07-04,2025-07-23,Influencer,42409,1329,257,58,1612.67,6357.44,2.9422
CAMP04774,2025-05-25,2025-06-10,Search,18900,861,177,38,1103.97,2812.8,1.5479
CAMP04775,2025-04-26,2025-05-06,Display,31642,387,40,3,309.59,236.97,-0.2346
CAMP04776,2025-01-14,2025-01-20,Search,46363,2138,472,112,2543.8,7970.35,2.1332
CAMP04777,2025-06-17,2025-07-01,Social,75087,1652,215,39,1114.42,2000.39,0.795
CAMP04778,2025-01-27,2025-02-11,Influencer,48261,2031,409,98,2018.1,9334.31,3.6253
CAMP04779,2025-09-27,2025-10-09,Display,76817,863,83,17,719.8,1184.85,0.6461
CAMP04780,2025-02-06,2025-03-05,Search,60867,2883,589,129,3410.41,9398.63,1.7559
CAMP04781,2025-08-16,2025-08-28,Influencer,80951,3419,690,163,4170.94,13175.16,2.1588
CAMP04782,2025-05-26,2025-06-20,Social,34543,774,127,18,498.47,1364.92,1.7382
CAMP04783,2025-06-25,2025-07-21,Search,71343,3588,783,190,4444.64,18506.1,3.1637
CAMP04784,2025-06-16,2025-06-25,Search,20431,1306,291,73,1676.53,4945.77,1.95
CAMP04785,2025-07-01,2025-07-18,Social,108516,3543,654,162,2549.3,10743.88,3.2144
CAMP04786,2025-02-27,2025-03-18,Search,110853,6502,1421,329,8333.9,25985.62,2.1181
CAMP04787,2025-09-17,2025-10-01,Search,87586,4226,890,186,5336.98,13955.62,1.6149
CAMP04788,2025-06-30,2025-07-09,Display,86783,1103,124,13,654.76,863.99,0.3196
CAMP04789,2025-03-03,2025-03-20,Search,56772,2772,566,133,3494.8,9321.1,1.6671
CAMP04790,2025-11-01,2025-11-21,Display,44964,650,70,9,380.48,968.92,1.5466
CAMP04791,2025-10-05,2025-10-16,Social,22288,771,132,26,565.01,1737.05,2.0744
CAMP04792,2025-01-08,2025-01-30,Search,37253,2169,524,120,3605.8,8361.33,1.3189
CAMP04793,2025-08-15,2025-08-23,Display,76147,1058,112,17,577.69,1119.17,0.9373
CAMP04794,2025-12-16,2025-12-24,Search,114684,6700,1491,380,9053.77,35074.43,2.874
CAMP04795,2025-09-27,2025-10-06,Search,37491,1751,332,70,2681.59,7347.58,1.74
CAMP04796,2025-03-05,2025-03-23,Influencer,54279,1668,293,62,2357.56,4828.96,1.0483
CAMP04797,2025-02-22,2025-03-09,Email,20033,1294,325,70,1034.21,4348.92,3.2051
CAMP04798,2025-01-01,2025-01-24,Display,74370,878,86,12,575.75,669.09,0.1621
CAMP04799,2025-02-20,2025-03-04,Social,72642,1457,200,30,1138.19,1736.62,0.5258
CAMP04800,2025-06-14,2025-06-25,Display,49067,447,40,7,287.57,404.12,0.4053
CAMP04801,2025-08-31,2025-09-16,Email,111993,11087,3285,781,9441.42,56698.5,5.0053
CAMP04802,2025-04-17,2025-05-07,Search,126771,6791,1502,351,9489.75,33908.31,2.5732
CAMP04803,2025-08-20,2025-09-08,Social,72258,2377,445,92,2367.39,6626.1,1.7989
CAMP04804,2025-02-13,2025-02-19,Social,41412,1344,257,56,884.48,3560.05,3.025
CAMP04805,2025-02-19,2025-03-11,Display,34566,372,38,10,282.22,564.46,1.0001
CAMP04806,2025-10-18,2025-11-11,Social,54209,1895,383,89,1622.86,4379.82,1.6988
CAMP04807,2025-06-14,2025-06-24,Social,62716,1158,180,27,1166.66,1467.51,0.2579
CAMP04808,2025-09-08,2025-09-30,Influencer,53207,1753,302,64,1614.57,5571.14,2.4505
CAMP04809,2025-01-02,2025-01-09,Email,39819,3015,802,169,2696.29,10258.69,2.8047
CAMP04810,2025-06-13,2025-06-23,Search,25495,1214,260,50,1273.97,4202.5,2.2987
CAMP04811,2025-12-23,2026-01-16,Influencer,114697,3103,520,118,3670.91,10663.83,1.905
CAMP04812,2025-09-06,2025-09-19,Social,24827,613,100,18,542.57,1106.97,1.0402
CAMP04813,2025-03-01,2025-03-25,Social,87439,2013,311,54,1790.8,4977.9,1.7797
CAMP04814,2025-07-05,2025-07-26,Search,49795,3346,798,219,4195.78,20860.47,3.9718
CAMP04815,2025-09-13,2025-09-22,Display,67302,689,71,10,441.43,768.09,0.74
CAMP04816,2025-01-16,2025-02-05,Social,24344,881,182,42,753.3,2161.35,1.8692
CAMP04817,2025-05-17,2025-06-12,Social,43721,871,111,19,697.33,1300.27,0.8646
CAMP04818,2025-03-01,2025-03-23,Social,78473,2145,322,57,1516.33,4639.91,2.06
CAMP04819,2025-04-27,2025-05-24,Search,28461,1782,418,97,2558.39,7674.69,1.9998
CAMP04820,2025-04-29,2025-05-19,Email,37762,3108,868,183,2050.98,12685.67,5.1852
CAMP04821,2025-12-06,2025-12-16,Social,31489,717,103,21,615.8,1334.54,1.1672
CAMP04822,2025-06-15,2025-06-30,Search,110578,5574,1193,298,8888.1,29390.38,2.3067
CAMP04823,2025-02-18,2025-03-07,Display,36218,461,43,7,232.85,349.02,0.4989
CAMP04824,2025-04-05,2025-04-19,Display,36275,543,59,10,286.97,492.44,0.716
CAMP04825,2025-12-26,2026-01-13,Search,32404,1394,257,47,1695.5,4416.39,1.6048
CAMP04826,2025-07-12,2025-08-04,Search,62671,3389,765,198,5083.07,18441.75,2.6281
CAMP04827,2025-08-28,2025-09-07,Influencer,77163,3555,743,164,3804.6,13614.72,2.5785
CAMP04828,2025-03-18,2025-04-04,Search,63526,3420,750,160,4900.41,12735.05,1.5988
CAMP04829,2025-10-25,2025-11-06,Display,76774,1077,116,11,651.32,556.42,-0.1457
CAMP04830,2025-02-16,2025-02-27,Social,143762,3207,497,89,2850.05,6573.11,1.3063
CAMP04831,2025-11-18,2025-12-15,Influencer,47403,1646,289,66,1883.13,5436.83,1.8871
CAMP04832,2025-05-15,2025-06-01,Social,53021,1781,311,55,1436.22,3452.12,1.4036
CAMP04833,2025-11-12,2025-12-04,Search,183453,9643,2078,474,13375.24,42504.82,2.1779
CAMP04834,2025-10-16,2025-10-28,Email,86982,5772,1429,272,5603.21,24553.58,3.3821
CAMP04835,2025-12-18,2025-12-29,Display,33699,514,62,18,299.42,1066.29,2.5612
CAMP04836,2025-11-12,2025-11-30,Search,138103,6492,1333,299,9204.68,25084.3,1.7252
CAMP04837,2025-11-28,2025-12-04,Search,107866,6395,1468,328,10229.18,31892.16,2.1178
CAMP04838,2025-11-04,2025-11-12,Email,53776,3760,919,156,2690.98,14261.38,4.2997
CAMP04839,2025-10-24,2025-11-17,Influencer,34097,810,120,21,800.76,2727.12,2.4057
CAMP04840,2025-12-04,2025-12-19,Email,37474,2386,594,110,1657.85,7404.94,3.4666
CAMP04841,2025-05-28,2025-06-18,Search,73783,3561,728,156,5172.64,13928.58,1.6927
CAMP04842,2025-11-12,2025-11-18,Influencer,85703,2637,448,107,3381.04,7745.78,1.2909
CAMP04843,2025-07-18,2025-08-10,Influencer,56759,1429,224,44,1568.15,3680.23,1.3469
CAMP04844,2025-04-08,2025-04-25,Display,31171,333,43,3,223.97,192.78,-0.1393
CAMP04845,2025-12-17,2026-01-10,Search,62965,3416,772,178,4872.8,16575.85,2.4017
CAMP04846,2025-07-09,2025-07-18,Social,40592,1061,154,34,667.08,2305.51,2.4561
CAMP04847,2025-05-27,2025-06-09,Influencer,39751,1452,284,47,1474.88,3083.3,1.0905
CAMP04848,2025-01-28,2025-02-22,Display,62179,602,59,9,313.3,534.6,0.7064
CAMP04849,2025-07-15,2025-07-28,Display,96536,1082,99,15,749.0,754.38,0.0072
CAMP04850,2025-03-09,2025-03-21,Email,41324,2580,619,128,2233.4,6107.29,1.7345
CAMP04851,2025-02-14,2025-03-13,Influencer,88240,2834,508,107,2112.11,10495.35,3.9691
CAMP04852,2025-01-10,2025-02-03,Search,27012,1642,378,92,1849.27,7172.44,2.8785
CAMP04853,2025-12-27,2026-01-04,Social,98714,2661,440,76,2386.88,5758.97,1.4128
CAMP04854,2025-03-27,2025-04-11,Influencer,34026,1062,182,36,1325.83,2409.81,0.8176
CAMP04855,2025-12-03,2025-12-21,Display,85662,833,69,8,630.47,413.32,-0.3444
CAMP04856,2025-10-11,2025-10-20,Social,46091,823,112,18,699.92,1276.11,0.8232
CAMP04857,2025-05-26,2025-06-10,Social,32836,920,130,24,698.9,1745.76,1.4979
CAMP04858,2025-07-06,2025-07-19,Social,44964,1059,156,22,710.85,1441.18,1.0274
CAMP04859,2025-07-21,2025-08-14,Social,41070,934,132,25,859.87,1937.31,1.253
CAMP04860,2025-01-02,2025-01-28,Search,108992,6776,1666,392,11338.81,33021.71,1.9123
CAMP04861,2025-07-26,2025-08-01,Social,77035,2197,392,75,1845.63,6336.41,2.4332
CAMP04862,2025-06-01,2025-06-20,Social,33865,962,183,41,752.27,2814.22,2.741
CAMP04863,2025-07-26,2025-08-07,Display,57065,761,72,8,525.52,722.22,0.3743
CAMP04864,2025-01-09,2025-01-26,Search,54007,2294,442,116,2926.87,12015.9,3.1054
CAMP04865,2025-12-29,2026-01-24,Email,33593,2214,594,117,1676.89,5505.16,2.283
CAMP04866,2025-01-28,2025-02-19,Social,47868,1749,354,78,1114.63,4895.79,3.3923
CAMP04867,2025-05-08,2025-05-27,Social,72875,2075,330,65,1262.28,4762.86,2.7732
CAMP04868,2025-04-17,2025-05-05,Email,53417,3829,952,189,2468.34,13707.54,4.5533
CAMP04869,2025-06-03,2025-06-22,Influencer,59430,1609,275,53,1858.38,4485.29,1.4135
CAMP04870,2025-07-17,2025-08-11,Social,59039,2015,370,61,1491.26,3853.01,1.5837
CAMP04871,2025-11-03,2025-11-15,Social,82458,2094,358,63,1297.25,3408.26,1.6273
CAMP04872,2025-06-22,2025-07-17,Search,91197,5088,1144,256,6402.75,19531.8,2.0505
CAMP04873,2025-11-02,2025-11-24,Display,42753,436,38,4,275.33,240.56,-0.1263
CAMP04874,2025-05-14,2025-05-26,Email,50798,3403,821,164,2558.51,13052.9,4.1018
CAMP04875,2025-08-15,2025-08-29,Search,72533,3499,764,194,4886.1,17456.54,2.5727
CAMP04876,2025-09-14,2025-10-06,Search,41409,1960,401,89,3265.82,7559.58,1.3148
CAMP04877,2025-04-30,2025-05-07,Social,41012,844,142,22,731.64,1716.03,1.3455
CAMP04878,2025-02-07,2025-02-22,Social,30501,708,99,18,705.97,1163.59,0.6482
CAMP04879,2025-07-21,2025-08-09,Influencer,118880,4985,1008,246,6869.22,22072.27,2.2132
CAMP04880,2025-07-19,2025-07-30,Search,103988,5077,1055,247,5881.7,18569.21,2.1571
CAMP04881,2025-06-29,2025-07-22,Influencer,80003,3735,777,196,4512.71,18468.51,3.0926
CAMP04882,2025-09-27,2025-10-06,Email,120685,8210,2063,402,7399.94,21332.7,1.8828
CAMP04883,2025-03-08,2025-03-21,Display,40571,529,41,4,388.28,254.71,-0.344
CAMP04884,2025-11-08,2025-12-01,Search,20843,1435,376,99,2253.35,8614.16,2.8228
CAMP04885,2025-07-18,2025-07-26,Social,58337,1557,253,44,1325.23,3391.63,1.5593
CAMP04886,2025-07-02,2025-07-08,Social,21723,649,118,24,593.81,1419.79,1.391
CAMP04887,2025-05-01,2025-05-15,Email,45204,2863,685,140,2345.03,7868.16,2.3552
CAMP04888,2025-03-23,2025-04-03,Influencer,28514,1146,200,40,1186.16,3529.08,1.9752
CAMP04889,2025-03-25,2025-04-06,Email,31866,2404,617,142,2309.21,7496.31,2.2463
CAMP04890,2025-04-06,2025-04-13,Influencer,51447,1704,274,63,1974.7,5332.73,1.7005
CAMP04891,2025-09-05,2025-09-25,Search,25877,2398,671,208,3521.39,17362.13,3.9305
CAMP04892,2025-07-14,2025-08-07,Search,25999,1323,290,64,1998.99,5666.43,1.8346
CAMP04893,2025-07-12,2025-07-24,Display,49968,669,85,16,404.45,1015.99,1.512
CAMP04894,2025-10-26,2025-11-12,Email,17370,1392,389,76,1227.83,3721.28,2.0308
CAMP04895,2025-06-07,2025-06-13,Social,67146,1809,309,63,1690.25,4052.1,1.3973
CAMP04896,2025-12-18,2025-12-25,Search,48197,2247,451,88,3262.58,5457.69,0.6728
CAMP04897,2025-03-28,2025-04-10,Display,57357,586,46,6,329.69,292.29,-0.1134
CAMP04898,2025-07-08,2025-07-23,Email,31563,2136,508,87,1555.46,4561.46,1.9325
CAMP04899,2025-08-02,2025-08-26,Social,107870,2126,315,48,1825.75,3345.08,0.8322
CAMP04900,2025-06-18,2025-07-02,Display,107139,1138,106,9,685.36,473.17,-0.3096
CAMP04901,2025-05-06,2025-05-27,Influencer,134505,3952,654,131,3702.12,12470.92,2.3686
CAMP04902,2025-11-08,2025-11-29,Search,89720,3987,777,173,5520.54,13321.06,1.413
CAMP04903,2025-11-18,2025-12-01,Search,27288,1559,360,89,2308.35,5857.76,1.5376
CAMP04904,2025-06-22,2025-07-15,Display,83404,812,71,9,575.03,530.26,-0.0779
CAMP04905,2025-05-04,2025-05-29,Social,40132,1205,242,47,844.71,4355.26,4.1559
CAMP04906,2025-08-30,2025-09-13,Social,79030,2339,424,89,2164.41,5194.16,1.3998
CAMP04907,2025-05-20,2025-06-10,Social,32159,599,92,18,404.73,1332.43,2.2921
CAMP04908,2025-06-21,2025-07-13,Email,52729,5546,1671,401,3123.75,24498.73,6.8427
CAMP04909,2025-11-03,2025-11-14,Display,57948,791,96,13,507.13,690.76,0.3621
CAMP04910,2025-12-05,2025-12-25,Social,29842,908,180,36,704.79,2665.19,2.7815
CAMP04911,2025-05-31,2025-06-20,Social,66317,1854,327,62,1640.59,5727.02,2.4908
CAMP04912,2025-11-02,2025-11-10,Email,41143,2757,692,122,2041.25,9640.58,3.7229
CAMP04913,2025-09-09,2025-09-17,Email,66387,4131,977,206,3634.45,16316.28,3.4893
CAMP04914,2025-06-03,2025-06-09,Social,54225,1139,173,32,920.56,1975.2,1.1457
CAMP04915,2025-05-12,2025-06-04,Social,53886,1201,171,30,1015.05,1492.03,0.4699
CAMP04916,2025-12-24,2026-01-18,Influencer,117443,5267,1064,279,6215.25,24022.32,2.8651
CAMP04917,2025-04-11,2025-05-01,Search,38563,1952,408,92,3143.86,8165.79,1.5974
CAMP04918,2025-05-19,2025-06-03,Display,88297,1173,125,12,1010.17,759.54,-0.2481
CAMP04919,2025-05-04,2025-05-15,Search,73794,3266,696,161,3988.66,11233.9,1.8165
CAMP04920,2025-05-19,2025-06-12,Email,127956,8197,1857,365,7184.02,20341.09,1.8314
CAMP04921,2025-03-09,2025-03-15,Email,46743,3872,1033,221,2369.38,13414.48,4.6616
CAMP04922,2025-03-21,2025-04-01,Influencer,33295,1517,294,70,1705.31,5931.48,2.4782
CAMP04923,2025-04-10,2025-04-16,Email,52782,4837,1418,294,4157.5,14253.78,2.4284
CAMP04924,2025-01-28,2025-02-08,Search,121940,6217,1294,297,10210.16,23954.44,1.3461
CAMP04925,2025-03-22,2025-04-17,Email,78418,5990,1547,329,4446.79,17984.08,3.0443
CAMP04926,2025-04-19,2025-05-03,Search,47504,1913,375,80,3011.68,8402.64,1.79
CAMP04927,2025-03-06,2025-03-22,Social,99272,2954,523,99,1863.57,5766.2,2.0942
CAMP04928,2025-04-26,2025-05-07,Influencer,84793,2806,506,115,2685.54,9930.98,2.6979
CAMP04929,2025-01-13,2025-01-27,Display,112083,1483,134,23,1045.3,1408.15,0.3471
CAMP04930,2025-10-17,2025-11-04,Display,107604,876,70,4,607.23,287.29,-0.5269
CAMP04931,2025-05-24,2025-06-11,Search,49206,2604,550,140,4338.37,11264.42,1.5965
CAMP04932,2025-05-17,2025-06-09,Email,62551,4208,988,192,3244.07,14905.55,3.5947
CAMP04933,2025-09-24,2025-10-13,Search,46359,2363,500,110,3397.11,7912.05,1.3291
CAMP04934,2025-02-20,2025-03-04,Display,74705,962,113,20,521.0,1477.76,1.8364
CAMP04935,2025-02-26,2025-03-20,Search,73114,5318,1335,387,7806.79,26038.68,2.3354
CAMP04936,2025-12-11,2025-12-28,Search,43925,2100,457,108,2504.28,7513.47,2.0003
CAMP04937,2025-07-04,2025-07-24,Social,5024,108,13,2,91.62,141.74,0.547
CAMP04938,2025-12-22,2026-01-15,Display,92710,1114,122,14,553.28,826.56,0.4939
CAMP04939,2025-01-16,2025-02-04,Search,39285,2157,484,115,2759.52,9542.59,2.4581
CAMP04940,2025-08-22,2025-09-11,Email,59578,4277,1047,208,3038.57,13877.86,3.5672
CAMP04941,2025-09-30,2025-10-17,Email,94982,5117,1165,202,3515.14,11253.09,2.2013
CAMP04942,2025-06-12,2025-06-30,Search,58626,3158,690,173,5597.47,10473.13,0.871
CAMP04943,2025-09-18,2025-10-15,Search,55890,3548,859,235,5732.54,21227.12,2.7029
CAMP04944,2025-02-20,2025-02-27,Email,54768,3036,710,138,2453.03,8050.56,2.2819
CAMP04945,2025-03-14,2025-04-08,Influencer,114267,4820,976,228,6040.79,17326.27,1.8682
CAMP04946,2025-01-12,2025-01-24,Display,16572,190,24,3,107.3,198.73,0.8521
CAMP04947,2025-06-17,2025-07-08,Social,23010,507,86,12,474.79,985.44,1.0755
CAMP04948,2025-03-08,2025-03-16,Influencer,90509,2899,475,109,2845.19,8187.22,1.8776
CAMP04949,2025-10-08,2025-11-03,Social,53907,1394,226,41,952.93,2399.61,1.5181
CAMP04950,2025-04-05,2025-04-20,Email,112482,7716,1821,362,6305.04,25029.94,2.9698
CAMP04951,2025-08-07,2025-08-29,Display,85705,948,89,8,454.19,595.6,0.3113
CAMP04952,2025-04-17,2025-04-30,Influencer,79603,2575,416,89,2474.94,7271.27,1.938
CAMP04953,2025-06-19,2025-07-05,Social,66330,1912,331,71,1322.64,6602.66,3.992
CAMP04954,2025-07-27,2025-08-09,Search,25751,1651,374,99,2062.62,8433.24,3.0886
CAMP04955,2025-11-14,2025-11-20,Social,58338,1160,167,28,956.76,1815.93,0.898
CAMP04956,2025-09-29,2025-10-06,Search,30111,1493,300,70,2319.23,4550.1,0.9619
CAMP04957,2025-07-25,2025-08-19,Influencer,13586,526,120,32,576.06,2781.01,3.8276
CAMP04958,2025-10-31,2025-11-18,Email,112565,7408,1808,358,4952.15,25802.18,4.2103
CAMP04959,2025-04-17,2025-04-23,Social,43830,941,132,24,751.87,1925.43,1.5609
CAMP04960,2025-01-11,2025-02-07,Search,65746,5467,1471,433,9902.48,27853.75,1.8128
CAMP04961,2025-11-07,2025-11-16,Social,24274,465,57,8,349.82,734.28,1.099
CAMP04962,2025-01-12,2025-01-21,Influencer,22802,615,110,22,724.35,1874.14,1.5873
CAMP04963,2025-09-05,2025-09-12,Display,92993,1631,215,37,1215.47,2429.07,0.9985
CAMP04964,2025-10-02,2025-10-12,Social,89176,2071,340,57,1699.07,3269.15,0.9241
CAMP04965,2025-12-31,2026-01-20,Influencer,35019,1100,217,54,1172.69,5833.97,3.9749
CAMP04966,2025-08-01,2025-08-23,Email,86499,6595,1685,338,4485.34,19707.44,3.3937
CAMP04967,2025-07-10,2025-07-19,Social,68517,1604,236,37,1246.59,2584.15,1.073
CAMP04968,2025-04-29,2025-05-18,Social,34578,832,146,24,556.44,1659.79,1.9829
CAMP04969,2025-05-09,2025-05-25,Social,41990,955,147,38,805.28,2785.29,2.4588
CAMP04970,2025-12-13,2025-12-20,Search,79606,4956,1093,259,6265.2,25416.92,3.0568
CAMP04971,2025-01-20,2025-01-30,Search,47570,2628,609,136,4169.95,12395.64,1.9726
CAMP04972,2025-05-03,2025-05-19,Search,14210,872,215,54,1476.67,4175.24,1.8275
CAMP04973,2025-04-12,2025-04-28,Email,19176,1646,475,107,1584.07,6709.31,3.2355
CAMP04974,2025-11-04,2025-11-12,Search,65709,4223,987,253,5338.02,18118.67,2.3943
CAMP04975,2025-04-09,2025-04-25,Display,14182,113,10,1,91.23,60.52,-0.3366
CAMP04976,2025-04-29,2025-05-17,Influencer,40298,1200,208,37,1604.43,3045.69,0.8983
CAMP04977,2025-04-28,2025-05-13,Email,21564,1501,355,74,1207.19,5491.64,3.5491
CAMP04978,2025-08-17,2025-08-26,Display,60890,675,53,11,485.93,739.81,0.5225
CAMP04979,2025-11-13,2025-12-04,Display,40884,590,57,5,431.52,314.69,-0.2707
CAMP04980,2025-09-22,2025-10-05,Social,110814,2812,440,78,2590.13,5371.84,1.074
CAMP04981,2025-05-17,2025-06-03,Influencer,9573,362,79,19,443.17,1654.8,2.734
CAMP04982,2025-05-05,2025-05-18,Influencer,101586,3412,600,110,3723.58,7669.17,1.0596
CAMP04983,2025-12-19,2025-12-28,Search,39015,2217,480,111,3287.5,12462.98,2.791
CAMP04984,2025-01-31,2025-02-07,Social,9229,240,35,7,153.55,508.23,2.3099
CAMP04985,2025-10-02,2025-10-25,Influencer,81838,2150,356,73,2437.93,6303.12,1.5854
CAMP04986,2025-03-18,2025-03-24,Display,82942,1223,133,19,804.39,1325.59,0.6479
CAMP04987,2025-06-05,2025-06-22,Search,48070,2380,523,135,3327.2,15294.95,3.5969
CAMP04988,2025-12-23,2026-01-03,Social,52108,1177,172,33,897.35,3019.37,2.3648
CAMP04989,2025-12-10,2026-01-06,Email,68197,3910,868,149,2903.77,9054.14,2.1181
CAMP04990,2025-07-30,2025-08-24,Search,94011,4582,940,230,6027.93,20973.85,2.4794
CAMP04991,2025-12-11,2025-12-30,Display,41005,397,30,8,233.75,486.02,1.0792
CAMP04992,2025-04-14,2025-04-26,Search,25758,1173,227,51,1642.08,2948.97,0.7959
CAMP04993,2025-10-08,2025-10-19,Social,14171,357,64,13,230.3,1072.44,3.6567
CAMP04994,2025-03-31,2025-04-06,Email,53819,3396,796,164,2927.94,11018.11,2.7631
CAMP04995,2025-12-31,2026-01-07,Social,23658,617,86,12,396.92,985.07,1.4818
CAMP04996,2025-05-10,2025-06-02,Search,46667,2454,551,131,4082.13,9234.97,1.2623
CAMP04997,2025-07-07,2025-07-26,Email,57205,5037,1383,316,3283.63,26709.68,7.1342
CAMP04998,2025-09-08,2025-09-26,Influencer,15650,555,93,25,632.16,1598.24,1.5282
CAMP04999,2025-11-02,2025-11-25,Social,131452,3948,705,135,3353.16,9707.78,1.8951
CAMP05000,2025-04-12,2025-04-30,Influencer,116380,3110,522,98,4281.54,8151.84,0.904
CAMP05001,2025-07-08,2025-07-18,Display,77316,883,74,10,632.95,632.13,-0.0013
CAMP05002,2025-11-14,2025-12-05,Social,23273,585,93,15,497.28,1348.14,1.711
CAMP05003,2025-08-08,2025-08-27,Search,77625,4288,980,262,5865.83,21471.6,2.6605
CAMP05004,2025-02-07,2025-02-17,Display,67232,729,81,14,591.93,778.65,0.3154
CAMP05005,2025-09-09,2025-10-03,Email,49981,2735,629,100,2372.74,7236.67,2.0499
CAMP05006,2025-02-03,2025-02-12,Display,27380,379,33,5,219.44,300.45,0.3692
CAMP05007,2025-05-10,2025-05-31,Social,38808,912,122,15,650.34,850.91,0.3084
CAMP05008,2025-07-03,2025-07-29,Search,19739,1488,379,96,2108.75,9728.48,3.6134
CAMP05009,2025-12-13,2025-12-26,Email,51243,4983,1518,343,4317.92,19715.44,3.566
CAMP05010,2025-12-23,2026-01-05,Search,36008,2085,524,132,3585.99,10615.23,1.9602
CAMP05011,2025-04-13,2025-04-29,Display,39421,460,61,10,321.13,699.1,1.177
CAMP05012,2025-11-26,2025-12-22,Email,30085,2437,611,138,1962.14,10125.28,4.1603
CAMP05013,2025-04-11,2025-05-02,Influencer,29823,928,162,34,771.23,3352.44,3.3469
CAMP05014,2025-07-07,2025-07-17,Search,39718,1966,421,97,2950.76,6829.11,1.3144
CAMP05015,2025-10-10,2025-10-20,Email,47265,2998,720,143,2287.64,8335.86,2.6439
CAMP05016,2025-02-16,2025-03-09,Search,60353,3440,750,197,4031.73,14707.3,2.6479
CAMP05017,2025-08-14,2025-09-02,Search,100541,5792,1287,324,6804.75,24085.88,2.5396
CAMP05018,2025-05-24,2025-06-05,Search,54684,3304,745,190,4964.49,18137.35,2.6534
CAMP05019,2025-07-20,2025-08-09,Search,41958,2605,623,151,4156.7,16000.85,2.8494
CAMP05020,2025-05-28,2025-06-19,Search,115838,4589,857,151,6410.33,12022.25,0.8754
CAMP05021,2025-09-28,2025-10-23,Social,42563,1038,179,22,831.44,1534.94,0.8461
CAMP05022,2025-03-28,2025-04-17,Email,35332,3054,851,197,2297.08,16756.83,6.2948
CAMP05023,2025-11-09,2025-12-02,Search,31119,1373,261,61,1854.88,4643.64,1.5035
CAMP05024,2025-02-12,2025-02-28,Search,23825,1040,208,40,1760.73,3492.22,0.9834
CAMP05025,2025-06-12,2025-06-26,Search,34935,1860,416,91,2261.27,8379.73,2.7058
CAMP05026,2025-01-05,2025-01-17,Social,27511,527,83,5,403.25,286.02,-0.2907
CAMP05027,2025-07-06,2025-07-19,Search,25731,1154,251,43,1334.45,3632.39,1.722
CAMP05028,2025-11-07,2025-11-18,Display,65291,649,54,12,399.47,1084.81,1.7156
CAMP05029,2025-09-21,2025-10-14,Email,25959,1797,448,87,1675.34,7768.69,3.6371
CAMP05030,2025-11-11,2025-11-25,Social,50023,1252,189,37,1068.07,2791.08,1.6132
CAMP05031,2025-04-03,2025-04-09,Social,57979,1612,266,49,1550.81,3242.64,1.0909
CAMP05032,2025-07-16,2025-08-08,Display,30155,285,24,3,193.64,161.9,-0.1639
CAMP05033,2025-12-12,2025-12-28,Social,127540,3092,472,103,2536.92,6789.36,1.6762
CAMP05034,2025-08-17,2025-08-27,Email,101747,4995,1091,181,4307.25,9772.86,1.2689
CAMP05035,2025-12-04,2025-12-27,Search,60197,3167,685,162,4834.02,14452.42,1.9897
CAMP05036,2025-08-19,2025-09-13,Search,30308,1478,307,75,1996.63,7885.19,2.9492
CAMP05037,2025-08-27,2025-09-02,Social,81333,2103,324,63,1815.36,4250.38,1.3413
CAMP05038,2025-12-01,2025-12-07,Display,49855,770,84,8,534.59,498.76,-0.067
CAMP05039,2025-10-08,2025-10-26,Search,52803,3791,964,257,5349.52,26343.88,3.9245
CAMP05040,2025-09-17,2025-09-26,Display,106924,922,72,7,713.37,337.94,-0.5263
CAMP05041,2025-07-14,2025-07-26,Email,70286,4144,953,163,3411.22,12989.12,2.8078
CAMP05042,2025-10-04,2025-10-22,Influencer,61653,2300,424,92,2203.6,7817.23,2.5475
CAMP05043,2025-05-12,2025-06-02,Display,91031,880,75,11,583.05,827.41,0.4191
CAMP05044,2025-11-29,2025-12-10,Search,46880,2840,673,156,4401.76,13146.27,1.9866
CAMP05045,2025-12-24,2026-01-07,Social,79313,2071,324,48,1317.56,2718.38,1.0632
CAMP05046,2025-05-03,2025-05-16,Influencer,35892,1317,231,54,1211.66,4215.36,2.479
CAMP05047,2025-05-14,2025-05-29,Email,68241,4655,1134,224,4237.54,14504.22,2.4228
CAMP05048,2025-11-17,2025-11-26,Social,46244,1582,280,45,1512.66,2856.07,0.8881
CAMP05049,2025-11-04,2025-11-22,Display,41637,603,62,12,454.6,933.88,1.0543
CAMP05050,2025-11-25,2025-12-01,Social,50278,1261,217,34,1140.32,2225.55,0.9517
CAMP05051,2025-09-22,2025-10-10,Display,53244,670,72,2,360.5,148.4,-0.5883
CAMP05052,2025-08-11,2025-09-05,Search,68580,2992,567,122,3749.58,12547.68,2.3464
CAMP05053,2025-01-28,2025-02-17,Influencer,68157,2223,383,88,3100.91,7187.6,1.3179
CAMP05054,2025-12-15,2025-12-26,Search,57699,3227,698,168,4197.42,12265.92,1.9223
CAMP05055,2025-12-17,2026-01-07,Email,10929,753,172,38,561.93,3329.79,4.9256
CAMP05056,2025-08-25,2025-09-07,Social,60311,1229,176,36,936.12,2908.57,2.107
CAMP05057,2025-04-23,2025-05-12,Email,61809,3979,902,167,3302.31,10392.11,2.1469
CAMP05058,2025-08-07,2025-08-31,Influencer,30518,892,150,35,1146.8,3979.24,2.4699
CAMP05059,2025-10-02,2025-10-10,Email,27629,1828,469,88,1249.25,5291.19,3.2355
CAMP05060,2025-03-27,2025-04-22,Search,93268,4071,810,181,5350.32,12662.4,1.3667
CAMP05061,2025-12-08,2026-01-01,Display,60970,985,123,16,558.0,911.49,0.6335
CAMP05062,2025-06-14,2025-07-10,Social,28440,486,56,9,502.51,694.15,0.3814
CAMP05063,2025-12-07,2025-12-14,Search,14329,901,194,56,1476.24,4845.23,2.2821
CAMP05064,2025-09-06,2025-09-25,Search,33660,2277,564,147,3296.05,10625.97,2.2238
CAMP05065,2025-12-29,2026-01-24,Email,72612,7612,2245,569,5770.41,42922.07,6.4383
CAMP05066,2025-07-10,2025-08-02,Email,39680,2831,704,147,2586.13,11298.78,3.369
CAMP05067,2025-01-10,2025-01-22,Influencer,99631,3085,504,117,3694.45,9264.9,1.5078
CAMP05068,2025-07-14,2025-07-29,Influencer,11770,421,75,17,489.42,1773.16,2.623
CAMP05069,2025-05-27,2025-06-23,Social,42532,1304,240,56,1014.66,4395.95,3.3324
CAMP05070,2025-03-21,2025-04-08,Influencer,48173,1584,274,54,1540.23,4215.22,1.7367
CAMP05071,2025-09-18,2025-10-03,Email,54746,3905,1018,208,3269.96,13089.97,3.0031
CAMP05072,2025-01-14,2025-02-10,Social,29622,767,127,27,540.9,1760.76,2.2552
CAMP05073,2025-09-29,2025-10-22,Search,60793,2981,569,144,3800.0,13884.33,2.6538
CAMP05074,2025-04-05,2025-04-21,Search,44880,3348,878,256,4922.95,19425.76,2.946
CAMP05075,2025-11-25,2025-12-04,Search,54542,2938,657,148,3499.02,12630.87,2.6098
CAMP05076,2025-10-12,2025-11-05,Search,102417,7364,1882,538,8117.06,32257.31,2.974
CAMP05077,2025-04-16,2025-05-12,Search,47391,2977,690,185,4294.75,18513.03,3.3106
CAMP05078,2025-08-13,2025-09-02,Influencer,23338,895,192,44,939.69,3447.48,2.6687
CAMP05079,2025-08-07,2025-08-31,Search,43955,1858,348,74,2480.06,4422.96,0.7834
CAMP05080,2025-09-10,2025-09-29,Display,30873,382,52,1,283.57,60.79,-0.7856
CAMP05081,2025-08-29,2025-09-06,Influencer,79035,2190,354,62,2633.41,4970.4,0.8874
CAMP05082,2025-06-23,2025-07-04,Social,87961,2301,361,80,1712.41,6082.31,2.5519
CAMP05083,2025-09-09,2025-10-01,Social,43091,1245,229,47,897.33,2536.53,1.8268
CAMP05084,2025-09-17,2025-10-05,Social,40879,1238,202,30,992.51,1915.8,0.9303
CAMP05085,2025-04-17,2025-05-10,Search,25392,1194,235,50,1631.96,4187.47,1.5659
CAMP05086,2025-02-06,2025-02-24,Search,52251,3972,1049,291,5917.94,26451.13,3.4697
CAMP05087,2025-07-17,2025-07-29,Search,48005,1776,307,57,2705.26,3955.92,0.4623
CAMP05088,2025-12-27,2026-01-23,Search,68594,3390,695,149,4246.71,9246.49,1.1773
CAMP05089,2025-06-19,2025-06-29,Social,109661,2540,396,70,2001.27,3645.87,0.8218
CAMP05090,2025-05-31,2025-06-20,Email,37047,3106,869,189,2482.55,15517.07,5.2505
CAMP05091,2025-10-11,2025-11-07,Display,96518,815,80,6,499.61,289.58,-0.4204
CAMP05092,2025-04-10,2025-05-01,Display,35207,507,48,6,274.57,358.83,0.3069
CAMP05093,2025-05-21,2025-06-15,Email,126903,8794,2182,423,7070.73,23397.16,2.309
CAMP05094,2025-12-19,2025-12-31,Social,31807,1065,174,44,759.71,3475.88,3.5753
CAMP05095,2025-08-18,2025-08-28,Display,90823,1211,124,12,804.38,756.71,-0.0593
CAMP05096,2025-10-28,2025-11-06,Display,68652,797,85,11,552.89,701.02,0.2679
CAMP05097,2025-09-30,2025-10-25,Influencer,69411,2028,333,59,2161.78,5230.34,1.4195
CAMP05098,2025-08-29,2025-09-05,Search,28899,1601,344,77,2270.02,5809.62,1.5593
CAMP05099,2025-06-30,2025-07-27,Social,46363,1347,240,55,1182.16,3028.87,1.5621
CAMP05100,2025-07-03,2025-07-25,Email,77532,4376,985,185,4913.37,13301.32,1.7072
CAMP05101,2025-11-10,2025-12-03,Search,110649,5452,1170,255,11153.97,24368.03,1.1847
CAMP05102,2025-11-15,2025-12-12,Social,28852,723,120,15,538.53,1192.16,1.2137
CAMP05103,2025-05-29,2025-06-12,Search,103168,8524,2320,683,11001.44,53105.1,3.8271
CAMP05104,2025-07-28,2025-08-11,Search,147554,5654,1025,198,6986.41,14355.0,1.0547
CAMP05105,2025-10-16,2025-11-09,Display,87758,1124,124,18,743.46,1498.36,1.0154
CAMP05106,2025-10-01,2025-10-27,Influencer,42717,1527,271,53,1427.84,4367.37,2.0587
CAMP05107,2025-08-27,2025-09-09,Display,73277,1192,128,16,698.93,917.73,0.313
CAMP05108,2025-12-08,2025-12-30,Influencer,14286,594,119,30,559.39,2864.71,4.1211
CAMP05109,2025-03-20,2025-04-15,Social,37224,983,155,36,866.97,1899.41,1.1909
CAMP05110,2025-03-28,2025-04-04,Social,96853,2512,437,82,1958.36,4807.19,1.4547
CAMP05111,2025-09-14,2025-10-07,Search,123508,7230,1624,424,10204.47,36711.91,2.5976
CAMP05112,2025-02-03,2025-02-22,Search,100639,4951,1083,240,6694.27,21624.29,2.2303
CAMP05113,2025-05-18,2025-06-07,Search,37910,2319,541,129,3032.42,7686.35,1.5347
CAMP05114,2025-07-19,2025-08-13,Search,44503,2711,616,168,3809.04,13889.59,2.6465
CAMP05115,2025-06-22,2025-07-07,Display,59988,536,54,3,255.38,210.66,-0.1751
CAMP05116,2025-05-03,2025-05-15,Search,86470,4532,978,224,4961.28,13721.37,1.7657
CAMP05117,2025-08-11,2025-09-01,Email,15300,1458,447,101,989.79,8206.56,7.2912
CAMP05118,2025-08-04,2025-08-20,Influencer,41277,1552,282,62,1807.13,4247.06,1.3502
CAMP05119,2025-06-08,2025-06-15,Influencer,87383,3560,702,182,3865.81,18255.24,3.7222
CAMP05120,2025-08-28,2025-09-11,Search,33232,2070,552,148,3099.13,10677.48,2.4453
CAMP05121,2025-04-11,2025-05-06,Display,71379,901,92,14,496.31,901.54,0.8165
CAMP05122,2025-02-13,2025-02-19,Display,73300,798,75,10,466.2,502.35,0.0775
CAMP05123,2025-10-20,2025-11-15,Search,140005,7265,1515,349,9711.15,25021.62,1.5766
CAMP05124,2025-05-26,2025-06-20,Search,163605,9554,2250,534,14201.71,36848.23,1.5946
CAMP05125,2025-05-28,2025-06-06,Social,41308,1090,190,38,899.86,2521.04,1.8016
CAMP05126,2025-12-11,2025-12-26,Display,122677,1640,153,16,1019.78,722.32,-0.2917
CAMP05127,2025-05-15,2025-06-10,Display,31949,493,57,8,347.46,525.3,0.5118
CAMP05128,2025-08-06,2025-08-22,Email,25991,2006,521,106,1541.52,5407.13,2.5077
CAMP05129,2025-01-03,2025-01-25,Search,47955,3357,846,236,4146.81,20555.72,3.957
CAMP05130,2025-10-18,2025-11-08,Influencer,99975,2871,421,81,2584.26,8782.24,2.3984
CAMP05131,2025-12-07,2025-12-29,Search,20788,1517,402,111,2037.26,10315.74,4.0635
CAMP05132,2025-04-11,2025-05-06,Display,31040,348,33,6,186.93,424.24,1.2695
CAMP05133,2025-02-08,2025-02-19,Influencer,77386,2842,526,127,3198.26,9700.8,2.0331
CAMP05134,2025-02-26,2025-03-19,Social,42148,1202,221,49,894.38,2493.03,1.7874
CAMP05135,2025-08-01,2025-08-25,Social,47801,1439,234,49,1003.88,3167.63,2.1554
CAMP05136,2025-11-11,2025-11-25,Search,41545,2421,550,146,3514.42,13265.53,2.7746
CAMP05137,2025-05-12,2025-05-23,Search,44377,2547,563,130,4072.92,10503.49,1.5789
CAMP05138,2025-03-23,2025-04-12,Search,59393,3190,667,154,3907.38,16093.02,3.1186
CAMP05139,2025-11-21,2025-12-09,Display,49246,811,103,16,432.01,824.72,0.909
CAMP05140,2025-10-02,2025-10-25,Search,175293,9289,2057,500,10486.71,31689.33,2.0219
CAMP05141,2025-07-06,2025-07-17,Social,7265,174,18,5,159.98,409.84,1.5618
CAMP05142,2025-08-02,2025-08-15,Social,111536,2256,320,48,1825.14,2979.38,0.6324
CAMP05143,2025-03-10,2025-03-22,Influencer,16536,551,92,24,579.81,1929.3,2.3275
CAMP05144,2025-01-07,2025-01-19,Social,37191,1198,222,47,1026.39,2457.24,1.3941
CAMP05145,2025-05-20,2025-05-27,Social,56471,1416,222,32,1256.79,2117.65,0.685
CAMP05146,2025-07-11,2025-07-20,Display,78257,969,99,15,669.43,861.56,0.287
CAMP05147,2025-12-03,2025-12-15,Email,61789,4252,1059,186,3974.94,13326.02,2.3525
CAMP05148,2025-04-12,2025-05-03,Social,24992,625,93,10,623.52,763.87,0.2251
CAMP05149,2025-11-01,2025-11-07,Search,105204,5984,1343,289,9635.82,21650.72,1.2469
CAMP05150,2025-04-12,2025-04-28,Search,66333,2813,566,118,4479.46,9692.16,1.1637
CAMP05151,2025-02-24,2025-03-07,Influencer,14586,494,89,20,550.0,1980.31,2.6006
CAMP05152,2025-05-23,2025-06-10,Email,94986,9634,2853,737,8483.85,50185.27,4.9154
CAMP05153,2025-08-21,2025-09-06,Email,17413,1099,261,49,741.24,3199.32,3.3162
CAMP05154,2025-05-04,2025-05-13,Search,53869,2670,565,132,3241.58,8234.87,1.5404
CAMP05155,2025-10-04,2025-10-30,Email,59632,2901,633,98,2508.64,7666.8,2.0562
CAMP05156,2025-06-03,2025-06-16,Influencer,15790,379,60,13,426.65,1045.95,1.4515
CAMP05157,2025-06-03,2025-06-20,Influencer,72936,2270,369,68,2741.94,5273.44,0.9233
CAMP05158,2025-02-25,2025-03-24,Social,28536,784,119,26,610.54,1749.4,1.8653
CAMP05159,2025-11-09,2025-11-17,Search,81326,3753,738,135,4462.64,8486.71,0.9017
CAMP05160,2025-06-05,2025-06-13,Influencer,64706,1878,315,59,2877.07,3919.78,0.3624
CAMP05161,2025-08-25,2025-09-17,Display,110423,1370,127,18,981.26,969.79,-0.0117
CAMP05162,2025-05-21,2025-06-04,Search,24856,1811,505,133,2440.08,13412.16,4.4966
CAMP05163,2025-06-15,2025-07-12,Social,64534,1448,234,45,1344.05,2694.45,1.0047
CAMP05164,2025-01-13,2025-02-07,Email,44962,2436,551,96,1921.93,5666.99,1.9486
CAMP05165,2025-08-05,2025-09-01,Search,94287,5511,1297,309,7969.17,25378.38,2.1846
CAMP05166,2025-05-08,2025-05-20,Search,142492,7118,1536,356,9483.61,20803.13,1.1936
CAMP05167,2025-06-27,2025-07-09,Social,56814,1701,281,51,1402.93,3997.89,1.8497
CAMP05168,2025-04-28,2025-05-18,Social,29555,863,144,29,712.31,1287.52,0.8075
CAMP05169,2025-10-24,2025-11-04,Influencer,49215,1587,281,55,1814.88,4239.61,1.336
CAMP05170,2025-04-05,2025-04-14,Email,82178,7488,2097,476,6569.44,31040.4,3.725
CAMP05171,2025-05-09,2025-06-01,Email,128904,12878,3801,916,10108.62,47181.71,3.6675
CAMP05172,2025-03-18,2025-04-14,Influencer,143999,5409,974,231,8359.75,19901.92,1.3807
CAMP05173,2025-03-01,2025-03-17,Social,98778,1765,222,36,1161.45,3065.46,1.6393
CAMP05174,2025-06-18,2025-07-07,Social,72426,1355,186,28,1229.9,1729.45,0.4062
CAMP05175,2025-04-04,2025-04-10,Search,65381,3881,904,231,5851.7,16210.06,1.7701
CAMP05176,2025-08-04,2025-08-10,Display,63961,1000,125,18,740.33,1353.25,0.8279
CAMP05177,2025-06-25,2025-07-14,Display,149941,1661,151,22,1104.63,2066.54,0.8708
CAMP05178,2025-02-19,2025-03-09,Social,74107,1726,267,38,1286.47,2435.18,0.8929
CAMP05179,2025-04-23,2025-05-09,Email,36083,3040,800,163,2670.42,9653.54,2.615
CAMP05180,2025-03-26,2025-04-20,Social,62041,1933,371,77,1700.23,4798.73,1.8224
CAMP05181,2025-07-11,2025-07-24,Display,70967,984,117,23,696.23,1754.26,1.5197
CAMP05182,2025-11-30,2025-12-16,Social,10956,293,55,11,196.96,873.97,3.4373
CAMP05183,2025-08-19,2025-09-08,Influencer,28796,1055,196,43,1204.04,3034.23,1.52
CAMP05184,2025-05-18,2025-06-05,Email,67047,3442,787,143,2710.4,8007.72,1.9544
CAMP05185,2025-05-07,2025-05-15,Social,109831,2761,440,85,1931.33,5107.36,1.6445
CAMP05186,2025-09-01,2025-09-10,Social,58684,1752,333,75,1378.1,5685.15,3.1254
CAMP05187,2025-11-28,2025-12-09,Social,22266,773,142,33,521.64,2049.37,2.9287
CAMP05188,2025-11-01,2025-11-16,Social,48902,960,138,24,847.61,2140.56,1.5254
CAMP05189,2025-09-10,2025-09-19,Social,51095,1045,162,31,904.84,1830.06,1.0225
CAMP05190,2025-09-21,2025-10-17,Email,24401,2092,533,121,1809.5,5478.78,2.0278
CAMP05191,2025-07-03,2025-07-25,Social,38457,972,177,46,914.02,3398.37,2.718
CAMP05192,2025-06-23,2025-07-19,Search,84297,3864,763,186,4986.07,14010.08,1.8098
CAMP05193,2025-08-06,2025-08-26,Influencer,46788,2333,502,139,2638.79,11200.82,3.2447
CAMP05194,2025-08-11,2025-09-03,Email,79919,4682,1056,177,3364.14,11413.5,2.3927
CAMP05195,2025-08-18,2025-09-08,Display,39292,496,49,7,339.99,470.97,0.3852
CAMP05196,2025-04-09,2025-04-17,Display,63356,851,108,21,549.4,1283.29,1.3358
CAMP05197,2025-09-16,2025-10-09,Social,96994,3109,543,123,2303.31,8706.42,2.78
CAMP05198,2025-11-13,2025-11-25,Social,85011,1901,294,41,1592.5,2892.26,0.8162
CAMP05199,2025-07-07,2025-07-31,Display,40314,459,42,9,271.28,571.49,1.1066
CAMP05200,2025-12-13,2025-12-26,Display,98600,1241,132,18,824.34,1259.34,0.5277
CAMP05201,2025-06-29,2025-07-10,Social,63478,1250,193,27,1150.02,2697.64,1.3457
CAMP05202,2025-12-22,2026-01-16,Search,41490,2256,483,125,3873.4,9064.55,1.3402
CAMP05203,2025-09-12,2025-09-30,Email,24827,1688,428,91,1295.71,6977.58,4.3851
CAMP05204,2025-07-02,2025-07-17,Email,99455,8567,2396,564,6027.44,39952.99,5.6285
CAMP05205,2025-08-03,2025-08-25,Influencer,26377,1070,193,42,1339.95,3826.85,1.856
CAMP05206,2025-03-12,2025-03-19,Email,99478,6634,1598,321,6208.34,18121.4,1.9189
CAMP05207,2025-02-06,2025-03-02,Social,42891,1007,151,28,998.01,1784.15,0.7877
CAMP05208,2025-02-24,2025-03-19,Search,54777,2998,638,145,3791.81,11715.48,2.0897
CAMP05209,2025-04-29,2025-05-18,Influencer,45775,1309,215,41,1136.98,3432.27,2.0188
CAMP05210,2025-10-30,2025-11-06,Influencer,90229,2848,429,95,2782.95,8763.7,2.1491
CAMP05211,2025-10-05,2025-10-21,Social,72623,2214,430,84,1683.54,5629.18,2.3437
CAMP05212,2025-11-11,2025-12-04,Influencer,17205,679,130,28,699.05,2584.78,2.6976
CAMP05213,2025-10-03,2025-10-16,Email,89136,6922,1753,388,5346.51,22866.44,3.2769
CAMP05214,2025-02-26,2025-03-14,Search,38953,1822,342,89,2969.22,7062.66,1.3786
CAMP05215,2025-06-30,2025-07-24,Influencer,27095,1051,216,48,1116.64,3992.91,2.5758
CAMP05216,2025-03-05,2025-03-16,Search,78016,4314,953,231,6031.94,16770.68,1.7803
CAMP05217,2025-08-15,2025-08-27,Social,50192,1166,190,39,871.95,2369.56,1.7175
CAMP05218,2025-09-15,2025-09-30,Influencer,41263,1492,280,74,1604.67,7549.8,3.7049
CAMP05219,2025-06-11,2025-07-08,Search,47905,2528,581,154,3660.63,13625.99,2.7223
CAMP05220,2025-12-21,2026-01-16,Social,24204,483,71,13,421.31,942.97,1.2382
CAMP05221,2025-01-11,2025-01-30,Social,59814,2148,434,109,1459.26,8105.56,4.5546
CAMP05222,2025-02-05,2025-02-11,Social,126667,3056,475,81,2185.45,4588.19,1.0994
CAMP05223,2025-11-24,2025-12-21,Social,34198,895,161,35,813.64,2307.32,1.8358
CAMP05224,2025-03-12,2025-03-30,Email,43418,1970,411,60,1757.82,4309.61,1.4517
CAMP05225,2025-08-22,2025-09-06,Email,98713,9694,2924,672,8005.38,31170.65,2.8937
CAMP05226,2025-07-19,2025-08-13,Social,43968,1059,150,29,814.12,2197.4,1.6991
CAMP05227,2025-02-16,2025-03-06,Influencer,59707,1597,256,49,1717.26,4088.85,1.381
CAMP05228,2025-04-12,2025-05-02,Influencer,31738,965,149,34,1136.67,3426.2,2.0142
CAMP05229,2025-12-30,2026-01-15,Email,162871,10891,2710,494,8653.02,30128.5,2.4818
CAMP05230,2025-12-23,2026-01-18,Email,81723,5896,1474,327,4640.13,17132.72,2.6923
CAMP05231,2025-01-14,2025-02-05,Social,70661,1695,280,55,1458.2,3312.98,1.272
CAMP05232,2025-10-13,2025-11-01,Display,30092,347,24,6,248.51,438.54,0.7647
CAMP05233,2025-05-25,2025-06-15,Display,19641,224,27,6,159.96,461.85,1.8873
CAMP05234,2025-02-25,2025-03-21,Search,29792,2319,579,149,3302.45,8649.38,1.6191
CAMP05235,2025-05-03,2025-05-28,Influencer,68811,2477,450,104,3170.69,9808.11,2.0934
CAMP05236,2025-08-29,2025-09-09,Email,48638,2899,643,105,2606.77,7081.56,1.7166
CAMP05237,2025-06-25,2025-07-18,Search,88683,3909,760,155,5992.44,9529.26,0.5902
CAMP05238,2025-01-22,2025-02-11,Social,55579,1630,253,48,1438.41,3311.21,1.302
CAMP05239,2025-01-03,2025-01-15,Email,57691,3846,904,176,3031.91,14368.84,3.7392
CAMP05240,2025-04-04,2025-04-27,Display,45500,566,58,7,352.24,419.33,0.1905
CAMP05241,2025-07-08,2025-07-27,Display,8262,102,7,1,66.51,68.11,0.0241
CAMP05242,2025-08-23,2025-09-10,Display,29773,344,34,6,217.41,485.06,1.2311
CAMP05243,2025-03-08,2025-03-24,Display,69821,922,104,19,553.38,1496.11,1.7036
CAMP05244,2025-01-23,2025-02-01,Influencer,91749,4093,870,236,4339.52,21076.85,3.857
CAMP05245,2025-01-18,2025-01-25,Search,59009,4097,1002,250,5686.11,25107.0,3.4155
CAMP05246,2025-02-18,2025-03-16,Social,130923,3675,618,116,2915.07,8605.75,1.9522
CAMP05247,2025-11-08,2025-11-28,Email,38820,2705,664,114,1924.95,6802.93,2.5341
CAMP05248,2025-05-13,2025-05-25,Display,31087,446,62,3,309.25,213.36,-0.3101
CAMP05249,2025-04-27,2025-05-16,Social,127425,3332,533,99,2700.41,7535.28,1.7904
CAMP05250,2025-11-02,2025-11-20,Social,42691,1086,166,34,853.11,2702.16,2.1674
CAMP05251,2025-10-01,2025-10-24,Social,21515,500,66,9,355.31,607.14,0.7088
CAMP05252,2025-05-31,2025-06-14,Email,60192,4362,1110,234,5187.56,15287.87,1.947
CAMP05253,2025-11-03,2025-11-30,Influencer,16657,569,102,20,598.47,1663.18,1.7791
CAMP05254,2025-07-15,2025-08-04,Email,67039,8214,2650,658,6997.45,36289.53,4.1861
CAMP05255,2025-08-10,2025-08-23,Email,164579,10168,2398,470,7951.39,28898.86,2.6344
CAMP05256,2025-12-18,2025-12-30,Social,129300,2791,414,62,2043.01,5834.37,1.8558
CAMP05257,2025-01-28,2025-02-06,Email,95494,4435,903,153,3074.53,10833.02,2.5235
CAMP05258,2025-11-18,2025-11-26,Social,24768,662,107,19,682.0,1119.83,0.642
CAMP05259,2025-01-31,2025-02-15,Display,69424,825,78,9,492.66,614.61,0.2475
CAMP05260,2025-11-28,2025-12-21,Email,78656,6142,1609,348,5209.55,21653.25,3.1565
CAMP05261,2025-12-11,2025-12-21,Social,157236,3910,698,130,2720.12,8833.17,2.2473
CAMP05262,2025-11-22,2025-12-15,Search,133341,8496,2040,542,13311.69,37790.19,1.8389
CAMP05263,2025-03-23,2025-04-06,Display,121675,1037,91,12,618.67,857.32,0.3857
CAMP05264,2025-12-20,2026-01-08,Influencer,52864,1956,391,88,2144.16,8509.0,2.9685
CAMP05265,2025-12-03,2025-12-19,Social,118211,3675,672,127,2626.51,10278.29,2.9133
CAMP05266,2025-06-27,2025-07-05,Display,50909,568,55,9,361.18,485.4,0.3439
CAMP05267,2025-09-28,2025-10-11,Email,43169,3270,863,193,2289.74,14354.82,5.2692
CAMP05268,2025-03-07,2025-03-28,Influencer,78299,2827,518,125,2403.37,8637.57,2.5939
CAMP05269,2025-05-23,2025-05-29,Search,46577,2863,654,169,4329.53,16057.1,2.7087
CAMP05270,2025-08-13,2025-09-04,Influencer,50852,1606,284,56,1596.98,5276.75,2.3042
CAMP05271,2025-09-07,2025-09-30,Influencer,86705,3122,579,122,3420.05,9360.02,1.7368
CAMP05272,2025-02-14,2025-03-10,Influencer,14281,351,47,10,436.36,736.26,0.6873
CAMP05273,2025-01-26,2025-02-20,Email,58707,3517,831,167,2959.08,11010.03,2.7208
CAMP05274,2025-10-18,2025-10-28,Search,23927,1529,362,101,1785.25,8939.49,4.0074
CAMP05275,2025-06-24,2025-07-06,Display,12925,135,12,0,107.7,0.0,-1.0
CAMP05276,2025-10-22,2025-11-15,Search,87333,7093,1895,521,13089.77,45178.42,2.4514
CAMP05277,2025-12-26,2026-01-13,Display,93953,1201,124,22,793.44,1421.76,0.7919
CAMP05278,2025-07-14,2025-07-30,Email,51880,3339,779,166,2761.57,13050.47,3.7257
CAMP05279,2025-05-05,2025-05-24,Search,88975,5948,1410,391,8030.68,30373.2,2.7821
CAMP05280,2025-07-22,2025-08-04,Email,61983,3812,973,204,3002.46,12998.72,3.3294
CAMP05281,2025-04-11,2025-04-18,Search,65021,3331,721,142,4625.46,8448.72,0.8266
CAMP05282,2025-08-03,2025-08-15,Social,128036,3427,554,96,2899.38,7593.83,1.6191
CAMP05283,2025-07-04,2025-07-27,Search,37941,1767,359,83,2566.64,6208.65,1.419
CAMP05284,2025-08-24,2025-09-18,Search,13399,603,128,31,753.02,3162.45,3.1997
CAMP05285,2025-03-16,2025-04-02,Search,29104,1612,367,87,2016.48,9427.14,3.675
CAMP05286,2025-02-11,2025-02-26,Display,52913,800,95,24,449.77,1441.39,2.2047
CAMP05287,2025-08-24,2025-09-02,Display,75157,839,74,13,499.46,705.12,0.4118
CAMP05288,2025-09-27,2025-10-19,Social,53823,1271,186,39,782.94,2218.54,1.8336
CAMP05289,2025-12-19,2026-01-05,Social,79278,1822,275,47,1452.27,4111.03,1.8308
CAMP05290,2025-01-21,2025-01-29,Display,30050,464,54,8,308.64,456.96,0.4806
CAMP05291,2025-10-20,2025-11-14,Influencer,109682,4172,761,195,4518.88,14287.81,2.1618
CAMP05292,2025-03-14,2025-03-29,Display,77671,926,82,9,451.1,563.38,0.2489
CAMP05293,2025-10-05,2025-10-12,Social,77874,2338,422,84,1669.98,5678.76,2.4005
CAMP05294,2025-10-20,2025-11-16,Influencer,127205,5166,1036,248,6666.76,20437.55,2.0656
CAMP05295,2025-12-31,2026-01-11,Social,64858,1261,174,35,920.59,2509.1,1.7255
CAMP05296,2025-07-07,2025-07-28,Email,63662,4780,1217,245,3514.2,17587.77,4.0048
CAMP05297,2025-11-27,2025-12-06,Social,108428,2684,403,75,2250.97,4844.96,1.1524
CAMP05298,2025-12-29,2026-01-20,Social,57471,1081,165,17,763.38,984.3,0.2894
CAMP05299,2025-07-07,2025-07-15,Influencer,34830,987,158,28,1085.98,2215.68,1.0403
CAMP05300,2025-08-28,2025-09-13,Social,67627,2580,545,117,1908.74,5926.06,2.1047
CAMP05301,2025-10-29,2025-11-11,Email,14352,1084,287,65,894.3,4375.75,3.8929
CAMP05302,2025-12-17,2025-12-30,Search,65137,4013,958,253,5367.27,27001.25,4.0307
CAMP05303,2025-07-25,2025-08-15,Social,37883,1010,163,29,978.79,1953.33,0.9957
CAMP05304,2025-11-16,2025-12-02,Search,18951,1117,270,66,1369.79,4102.37,1.9949
CAMP05305,2025-05-11,2025-06-02,Display,75561,879,77,12,550.67,944.94,0.716
CAMP05306,2025-07-08,2025-07-24,Influencer,91667,3576,671,150,4613.2,11784.38,1.5545
CAMP05307,2025-02-10,2025-03-04,Influencer,44203,1475,257,56,1907.29,4165.6,1.184
CAMP05308,2025-09-26,2025-10-12,Search,41596,2193,464,109,2985.43,9230.09,2.0917
CAMP05309,2025-02-10,2025-02-18,Social,134547,3518,541,103,2643.13,6120.51,1.3156
CAMP05310,2025-10-10,2025-11-01,Social,108449,3091,536,103,2716.81,7606.54,1.7998
CAMP05311,2025-03-01,2025-03-17,Search,25332,1200,280,61,1696.59,4399.07,1.5929
CAMP05312,2025-10-27,2025-11-08,Social,47648,762,102,14,523.48,995.46,0.9016
CAMP05313,2025-07-29,2025-08-24,Social,38359,970,152,33,832.99,2495.31,1.9956
CAMP05314,2025-05-13,2025-05-27,Search,80279,5117,1256,305,8091.2,26204.1,2.2386
CAMP05315,2025-02-24,2025-03-15,Email,43673,2737,650,111,2086.83,6392.23,2.0631
CAMP05316,2025-01-27,2025-02-02,Display,17679,172,16,2,99.14,136.94,0.3813
CAMP05317,2025-04-16,2025-04-24,Search,48314,2700,635,163,3503.86,15261.95,3.3558
CAMP05318,2025-08-27,2025-09-11,Influencer,100633,2759,433,71,2729.33,5493.45,1.0127
CAMP05319,2025-01-18,2025-01-26,Social,39229,1071,189,35,919.1,2533.29,1.7563
CAMP05320,2025-09-17,2025-10-09,Influencer,59538,2896,567,137,3697.35,11975.69,2.239
CAMP05321,2025-04-27,2025-05-04,Social,73794,1577,243,32,1350.44,2287.91,0.6942
CAMP05322,2025-12-12,2026-01-06,Display,86731,859,92,10,461.1,611.95,0.3272
CAMP05323,2025-08-31,2025-09-06,Display,75917,910,99,16,554.28,1014.55,0.8304
CAMP05324,2025-10-27,2025-11-22,Search,29921,1509,316,68,2172.93,4738.61,1.1807
CAMP05325,2025-06-18,2025-07-01,Influencer,95322,2631,431,73,3346.95,8451.71,1.5252
CAMP05326,2025-10-28,2025-11-16,Search,117345,4645,842,165,7093.46,17848.13,1.5161
CAMP05327,2025-04-04,2025-04-16,Display,68504,761,81,13,429.19,814.68,0.8982
CAMP05328,2025-03-17,2025-03-29,Social,83408,2735,462,86,1593.19,8254.9,4.1814
CAMP05329,2025-05-30,2025-06-24,Influencer,90199,4070,847,206,4078.7,19387.73,3.7534
CAMP05330,2025-10-01,2025-10-19,Social,57635,1650,273,44,1173.5,3208.86,1.7344
CAMP05331,2025-07-01,2025-07-12,Display,35338,271,23,3,206.73,210.55,0.0185
CAMP05332,2025-08-16,2025-08-27,Email,76663,3598,725,109,3225.95,8311.37,1.5764
CAMP05333,2025-09-23,2025-10-05,Email,58404,4309,1157,234,3663.81,18187.73,3.9642
CAMP05334,2025-09-27,2025-10-06,Social,38419,819,113,18,733.06,1389.3,0.8952
CAMP05335,2025-03-06,2025-03-25,Search,82069,4276,941,207,5104.75,16280.8,2.1893
CAMP05336,2025-06-21,2025-07-12,Search,94700,5416,1186,276,7633.19,19281.29,1.526
CAMP05337,2025-06-04,2025-06-18,Social,37836,1091,187,39,990.16,2340.78,1.364
CAMP05338,2025-08-23,2025-09-03,Display,25196,241,21,1,164.67,58.06,-0.6474
CAMP05339,2025-12-07,2025-12-30,Social,42686,1267,198,46,888.16,3941.27,3.4376
CAMP05340,2025-11-19,2025-11-27,Search,44004,1818,364,66,2751.55,7104.54,1.582
CAMP05341,2025-10-30,2025-11-11,Influencer,77606,2789,515,128,3037.63,10607.69,2.4921
CAMP05342,2025-04-05,2025-04-23,Email,111585,8436,2160,464,6324.87,31191.3,3.9315
CAMP05343,2025-04-04,2025-04-28,Search,34685,1793,394,103,2330.04,9336.56,3.007
CAMP05344,2025-03-05,2025-03-30,Display,29943,415,37,3,231.05,136.26,-0.4103
CAMP05345,2025-04-06,2025-04-25,Display,38679,383,33,3,222.57,212.85,-0.0437
CAMP05346,2025-01-18,2025-01-31,Search,130041,7292,1661,395,9299.26,32243.43,2.4673
CAMP05347,2025-07-11,2025-08-01,Display,85595,862,74,12,533.44,794.17,0.4888
CAMP05348,2025-09-02,2025-09-16,Email,159643,9338,2075,374,6915.5,20121.28,1.9096
CAMP05349,2025-11-25,2025-12-05,Email,30880,1604,343,75,1414.66,6677.05,3.7199
CAMP05350,2025-06-08,2025-06-26,Social,69679,1983,311,56,1587.92,5131.39,2.2315
CAMP05351,2025-03-04,2025-03-31,Social,36058,929,136,20,760.02,1521.74,1.0022
CAMP05352,2025-05-26,2025-06-20,Social,78614,1907,294,59,1700.61,4113.47,1.4188
CAMP05353,2025-02-14,2025-02-22,Influencer,70929,1950,303,62,2173.77,4305.94,0.9809
CAMP05354,2025-07-11,2025-07-28,Search,16198,928,213,52,1248.28,4821.27,2.8623
CAMP05355,2025-03-16,2025-04-07,Search,44041,2706,635,164,4587.01,12316.58,1.6851
CAMP05356,2025-03-09,2025-03-31,Display,60250,853,83,11,565.49,768.61,0.3592
CAMP05357,2025-06-12,2025-07-09,Display,41090,643,68,8,372.19,535.33,0.4383
CAMP05358,2025-08-30,2025-09-10,Search,98462,5433,1165,286,6441.08,24867.36,2.8607
CAMP05359,2025-06-19,2025-07-16,Email,102567,6378,1539,281,4922.03,21683.21,3.4053
CAMP05360,2025-08-25,2025-09-03,Social,18085,472,76,14,352.67,824.11,1.3368
CAMP05361,2025-02-10,2025-02-26,Influencer,56877,2344,430,106,3025.87,6672.53,1.2052
CAMP05362,2025-12-06,2025-12-29,Display,34870,404,39,7,253.65,453.18,0.7866
CAMP05363,2025-06-25,2025-07-12,Influencer,57378,1303,173,29,1460.72,2248.28,0.5392
CAMP05364,2025-06-30,2025-07-17,Email,63825,4816,1221,266,3533.09,16488.66,3.6669
CAMP05365,2025-04-28,2025-05-20,Display,108787,1283,128,15,714.75,1201.91,0.6816
CAMP05366,2025-01-31,2025-02-25,Influencer,31869,1145,217,45,1367.22,3994.79,1.9218
CAMP05367,2025-03-02,2025-03-14,Email,29072,2528,754,161,2117.08,12803.12,5.0475
CAMP05368,2025-07-20,2025-07-30,Influencer,74407,2562,455,102,2695.65,9642.16,2.5769
CAMP05369,2025-07-21,2025-08-16,Email,144830,9270,2200,432,8902.16,37844.41,3.2511
CAMP05370,2025-01-14,2025-02-02,Email,19990,1157,278,53,1059.24,4194.7,2.9601
CAMP05371,2025-07-10,2025-07-20,Search,82867,5094,1157,303,6592.49,33911.55,4.144
CAMP05372,2025-01-04,2025-01-14,Search,93159,6986,1817,511,10847.36,39522.9,2.6436
CAMP05373,2025-08-21,2025-09-13,Social,72781,1777,265,46,1553.45,3092.78,0.9909
CAMP05374,2025-02-10,2025-03-09,Display,49946,445,34,4,300.78,243.59,-0.1901
CAMP05375,2025-02-19,2025-03-10,Display,73894,1055,117,16,921.77,1001.01,0.086
CAMP05376,2025-06-06,2025-07-01,Influencer,45623,1393,226,49,1729.94,4027.63,1.3282
CAMP05377,2025-11-10,2025-12-01,Search,69967,4013,821,204,5836.76,15192.56,1.6029
CAMP05378,2025-02-28,2025-03-07,Display,31298,286,21,1,194.89,77.04,-0.6047
CAMP05379,2025-09-26,2025-10-12,Display,61637,740,80,9,503.21,542.45,0.078
CAMP05380,2025-11-21,2025-12-11,Influencer,53296,1470,250,51,1571.9,5220.64,2.3212
CAMP05381,2025-07-26,2025-08-16,Search,29273,2364,627,174,3677.1,19916.52,4.4164
CAMP05382,2025-08-04,2025-08-31,Email,92891,5067,1090,186,4422.93,10161.72,1.2975
CAMP05383,2025-08-19,2025-08-28,Search,28126,1624,340,90,2317.79,6717.56,1.8983
CAMP05384,2025-07-17,2025-07-26,Search,64145,3764,834,211,5165.21,23048.91,3.4623
CAMP05385,2025-02-03,2025-02-27,Social,58238,1386,236,34,1026.46,2107.37,1.053
CAMP05386,2025-09-14,2025-09-22,Social,40306,976,150,34,714.95,2836.42,2.9673
CAMP05387,2025-08-22,2025-09-01,Display,79090,980,109,14,644.28,995.97,0.5459
CAMP05388,2025-02-25,2025-03-20,Influencer,106206,4182,793,183,5392.26,16921.27,2.1381
CAMP05389,2025-06-27,2025-07-08,Email,39572,3694,1061,235,3325.43,13241.0,2.9817
CAMP05390,2025-03-30,2025-04-12,Search,32050,2033,507,140,2702.98,11068.27,3.0948
CAMP05391,2025-12-19,2025-12-30,Social,79672,1713,268,36,1341.69,2691.64,1.0062
CAMP05392,2025-05-01,2025-05-09,Influencer,85132,2912,502,116,2476.4,10676.83,3.3114
CAMP05393,2025-10-23,2025-11-01,Influencer,25162,1030,188,39,1088.12,4006.05,2.6816
CAMP05394,2025-10-29,2025-11-24,Search,110674,5106,1035,235,6695.59,17499.17,1.6135
CAMP05395,2025-06-20,2025-07-13,Search,79159,3888,818,189,5062.65,15689.06,2.099
CAMP05396,2025-09-22,2025-10-15,Social,58926,1576,269,56,1549.51,4049.45,1.6134
CAMP05397,2025-09-24,2025-10-12,Display,69808,1093,124,23,599.26,1588.62,1.651
CAMP05398,2025-03-02,2025-03-19,Display,44568,595,52,4,340.96,276.29,-0.1897
CAMP05399,2025-01-28,2025-02-14,Search,30591,1269,226,38,1734.36,3280.28,0.8913
CAMP05400,2025-03-27,2025-04-05,Email,149237,8567,1913,333,7348.34,18300.44,1.4904
CAMP05401,2025-02-27,2025-03-16,Search,86251,5467,1303,343,8627.43,23126.9,1.6806
CAMP05402,2025-06-07,2025-06-17,Influencer,45123,1229,186,33,1397.84,3255.15,1.3287
CAMP05403,2025-02-09,2025-02-21,Search,34489,1791,393,91,2479.33,7124.09,1.8734
CAMP05404,2025-03-31,2025-04-14,Email,25276,1282,250,49,877.26,3868.45,3.4097
CAMP05405,2025-10-02,2025-10-12,Influencer,40757,1339,256,48,1871.98,3668.17,0.9595
CAMP05406,2025-03-04,2025-03-31,Social,106422,1989,279,54,1662.92,4632.16,1.7856
CAMP05407,2025-05-18,2025-06-13,Search,55919,3372,764,172,4530.56,14518.45,2.2046
CAMP05408,2025-02-20,2025-03-13,Search,40588,1959,423,94,1832.55,10686.13,4.8313
CAMP05409,2025-01-15,2025-02-11,Influencer,66320,2354,444,87,2493.44,10890.6,3.3677
CAMP05410,2025-09-24,2025-10-13,Social,88998,3335,698,147,2818.16,8922.59,2.1661
CAMP05411,2025-12-05,2025-12-20,Influencer,96689,4450,964,253,5364.12,18874.18,2.5186
CAMP05412,2025-11-19,2025-11-28,Display,82250,852,82,13,566.11,902.28,0.5938
CAMP05413,2025-07-13,2025-08-08,Search,21916,1336,286,84,1919.37,7212.02,2.7575
CAMP05414,2025-01-22,2025-02-14,Email,11577,960,279,70,753.92,4799.17,5.3656
CAMP05415,2025-04-22,2025-05-10,Social,96778,2424,413,63,2171.94,4506.21,1.0747
CAMP05416,2025-01-31,2025-02-19,Email,13256,830,180,46,536.64,2242.79,3.1793
CAMP05417,2025-08-04,2025-08-15,Email,159186,10682,2634,471,8859.94,33406.98,2.7706
CAMP05418,2025-03-20,2025-04-03,Influencer,78893,3251,643,161,3636.55,13253.25,2.6445
CAMP05419,2025-04-29,2025-05-11,Social,59535,1738,310,53,1576.17,3510.58,1.2273
CAMP05420,2025-04-15,2025-04-27,Influencer,69668,2514,476,103,3050.74,10283.78,2.3709
CAMP05421,2025-08-03,2025-08-13,Email,45336,3478,860,190,3072.27,12873.32,3.1902
CAMP05422,2025-11-03,2025-11-23,Influencer,83841,3761,780,194,3251.39,15301.07,3.706
CAMP05423,2025-01-27,2025-02-12,Email,16643,687,126,15,559.01,928.43,0.6608
CAMP05424,2025-06-24,2025-07-20,Social,15743,442,81,16,368.41,1053.07,1.8584
CAMP05425,2025-06-09,2025-06-30,Social,46168,1178,190,32,922.16,1672.13,0.8133
CAMP05426,2025-05-30,2025-06-17,Search,78040,2985,522,109,4844.35,10181.54,1.1017
CAMP05427,2025-06-22,2025-06-28,Social,16677,581,118,29,516.16,1970.02,2.8167
CAMP05428,2025-08-09,2025-08-30,Influencer,117614,4852,963,236,5250.12,25386.05,3.8353
CAMP05429,2025-01-20,2025-02-10,Display,60284,791,90,13,462.48,946.34,1.0462
CAMP05430,2025-03-11,2025-03-18,Search,77057,4269,972,223,7232.22,14044.83,0.942
CAMP05431,2025-08-25,2025-09-06,Search,114345,5773,1208,285,8364.72,22971.69,1.7463
CAMP05432,2025-10-18,2025-11-07,Search,37571,2422,556,140,4027.33,12022.48,1.9852
CAMP05433,2025-09-18,2025-10-01,Display,38435,441,54,12,351.31,794.95,1.2628
CAMP05434,2025-03-12,2025-04-01,Search,59173,2563,516,107,3474.35,10981.03,2.1606
CAMP05435,2025-09-19,2025-10-16,Search,37160,2397,558,134,3079.47,12267.46,2.9836
CAMP05436,2025-05-06,2025-05-15,Search,73737,4436,980,253,6166.23,20343.62,2.2992
CAMP05437,2025-05-19,2025-06-03,Search,108888,4412,806,153,6040.14,17716.48,1.9331
CAMP05438,2025-09-07,2025-09-18,Search,73328,4559,1119,290,7100.23,30871.63,3.348
CAMP05439,2025-12-28,2026-01-11,Search,63635,3316,677,147,4473.96,9251.79,1.0679
CAMP05440,2025-01-24,2025-02-20,Email,51990,2584,547,91,2319.93,7174.04,2.0924
CAMP05441,2025-02-07,2025-03-03,Display,55320,600,63,6,375.3,375.43,0.0003
CAMP05442,2025-11-04,2025-11-15,Display,50683,608,55,8,343.27,578.33,0.6848
CAMP05443,2025-09-13,2025-10-06,Social,59321,1638,286,48,1051.56,2996.73,1.8498
CAMP05444,2025-10-26,2025-11-04,Search,59901,4893,1277,385,5969.05,37793.41,5.3316
CAMP05445,2025-11-24,2025-12-20,Influencer,78323,2814,515,105,2974.8,9943.52,2.3426
CAMP05446,2025-06-14,2025-07-05,Social,77252,1528,213,28,1302.62,1903.17,0.461
CAMP05447,2025-02-02,2025-02-12,Search,32505,1432,309,67,1809.92,6344.01,2.5051
CAMP05448,2025-06-30,2025-07-06,Social,52254,1181,174,30,801.08,1961.62,1.4487
CAMP05449,2025-06-14,2025-06-28,Influencer,26159,925,170,34,942.74,3731.69,2.9583
CAMP05450,2025-04-18,2025-05-05,Influencer,23081,575,84,16,571.4,1584.47,1.773
CAMP05451,2025-05-30,2025-06-15,Email,90076,7039,1833,368,5132.24,21955.88,3.278
CAMP05452,2025-10-03,2025-10-23,Search,116449,5653,1178,247,7309.31,26161.79,2.5792
CAMP05453,2025-02-26,2025-03-11,Influencer,64491,2172,415,98,2745.18,6920.58,1.521
CAMP05454,2025-12-25,2026-01-08,Social,112031,2595,386,63,1711.52,4190.7,1.4485
CAMP05455,2025-05-17,2025-06-03,Influencer,148203,4170,686,139,3800.88,14152.82,2.7236
CAMP05456,2025-04-04,2025-04-30,Display,15792,154,14,2,105.37,98.18,-0.0682
CAMP05457,2025-09-29,2025-10-14,Social,83052,2149,301,64,1770.55,4900.34,1.7677
CAMP05458,2025-07-13,2025-07-30,Influencer,34677,1068,179,39,1084.56,3709.43,2.4202
CAMP05459,2025-06-23,2025-07-01,Influencer,31018,1186,203,50,1133.13,4094.43,2.6134
CAMP05460,2025-02-02,2025-02-27,Influencer,31741,1082,162,52,1294.92,4729.79,2.6526
CAMP05461,2025-06-04,2025-06-17,Search,36072,2141,514,129,2879.37,9840.77,2.4177
CAMP05462,2025-10-19,2025-10-28,Display,113925,975,96,12,597.4,704.07,0.1786
CAMP05463,2025-03-23,2025-04-06,Search,53273,2328,432,96,3067.61,8733.05,1.8469
CAMP05464,2025-12-10,2025-12-22,Influencer,62420,2413,454,112,2456.36,10165.53,3.1385
CAMP05465,2025-05-12,2025-05-28,Social,63818,1429,232,41,1303.39,2984.51,1.2898
CAMP05466,2025-03-15,2025-03-25,Social,26651,933,177,47,771.45,3127.69,3.0543
CAMP05467,2025-03-01,2025-03-28,Search,91601,4603,918,186,6150.53,13802.21,1.2441
CAMP05468,2025-01-16,2025-02-05,Email,40860,2424,568,117,1914.45,7015.32,2.6644
CAMP05469,2025-12-18,2025-12-27,Search,45183,2148,424,99,2996.69,9945.78,2.3189
CAMP05470,2025-03-19,2025-04-03,Influencer,133508,5138,923,235,6038.49,19367.28,2.2073
CAMP05471,2025-10-02,2025-10-29,Social,11900,261,42,4,182.23,238.26,0.3075
CAMP05472,2025-06-02,2025-06-21,Search,29441,1225,237,45,1602.15,3320.61,1.0726
CAMP05473,2025-06-06,2025-06-26,Email,68637,3822,828,141,3310.33,7916.28,1.3914
CAMP05474,2025-10-19,2025-10-25,Search,45511,3152,778,211,4650.12,16574.09,2.5642
CAMP05475,2025-12-21,2025-12-27,Social,75915,2654,528,122,1939.31,8854.06,3.5656
CAMP05476,2025-07-28,2025-08-06,Social,35132,883,137,33,660.75,3239.3,3.9025
CAMP05477,2025-07-19,2025-08-03,Search,147562,6356,1316,275,10570.49,18284.05,0.7297
CAMP05478,2025-02-02,2025-03-01,Email,78639,4769,1071,192,4000.28,10428.08,1.6068
CAMP05479,2025-07-17,2025-07-25,Search,46800,2731,631,155,3517.73,16252.88,3.6203
CAMP05480,2025-04-04,2025-04-26,Social,103117,2841,490,94,2439.43,7872.93,2.2274
CAMP05481,2025-01-15,2025-01-25,Email,129947,10058,2654,548,10912.94,40114.95,2.6759
CAMP05482,2025-12-21,2026-01-13,Search,104984,5775,1246,299,6758.8,25691.82,2.8012
CAMP05483,2025-11-26,2025-12-06,Search,26694,1525,357,78,2954.22,6260.36,1.1191
CAMP05484,2025-08-04,2025-08-29,Display,50309,657,65,12,427.32,798.45,0.8685
CAMP05485,2025-07-14,2025-08-06,Influencer,56173,2087,404,101,2511.66,6009.26,1.3925
CAMP05486,2025-05-03,2025-05-11,Search,73134,3058,593,115,4182.13,12080.78,1.8887
CAMP05487,2025-04-04,2025-04-21,Display,110504,1398,128,18,1029.38,1121.5,0.0895
CAMP05488,2025-11-22,2025-12-05,Social,38087,1106,209,44,783.73,3796.1,3.8436
CAMP05489,2025-02-13,2025-03-11,Social,56788,1724,315,59,1467.16,4412.79,2.0077
CAMP05490,2025-02-14,2025-03-13,Display,56206,836,87,16,545.64,1004.71,0.8413
CAMP05491,2025-05-26,2025-06-11,Search,111543,6318,1398,323,8379.67,22393.43,1.6724
CAMP05492,2025-06-06,2025-06-12,Search,75782,5376,1309,354,7002.66,34319.27,3.9009
CAMP05493,2025-03-17,2025-03-31,Search,18435,817,161,25,1179.76,2475.38,1.0982
CAMP05494,2025-10-19,2025-11-12,Display,13601,147,17,3,87.86,178.05,1.0265
CAMP05495,2025-10-16,2025-11-09,Search,88626,5723,1371,359,9691.13,32213.69,2.324
CAMP05496,2025-04-02,2025-04-17,Display,49320,638,75,8,462.82,515.28,0.1133
CAMP05497,2025-06-06,2025-06-14,Social,92195,2418,391,68,1477.52,4508.22,2.0512
CAMP05498,2025-02-15,2025-03-03,Social,85268,2315,387,82,1764.88,5832.68,2.3049
CAMP05499,2025-11-01,2025-11-12,Search,106733,6194,1363,333,10510.01,24420.95,1.3236
CAMP05500,2025-12-05,2025-12-28,Social,68006,1872,326,64,1741.6,3767.91,1.1635
CAMP05501,2025-07-01,2025-07-13,Social,97989,2083,321,62,1299.89,3974.52,2.0576
CAMP05502,2025-08-17,2025-08-24,Display,48233,510,40,8,357.67,353.02,-0.013
CAMP05503,2025-02-16,2025-03-08,Email,54935,3192,697,117,2501.21,7246.92,1.8974
CAMP05504,2025-11-15,2025-12-06,Social,52895,1678,300,61,1374.87,4959.4,2.6072
CAMP05505,2025-02-19,2025-03-06,Search,82388,4574,1008,246,5381.39,20563.86,2.8213
CAMP05506,2025-09-06,2025-09-30,Email,108888,8447,2238,440,7439.8,27546.85,2.7026
CAMP05507,2025-10-20,2025-10-28,Email,61177,4451,1107,227,3430.66,14212.53,3.1428
CAMP05508,2025-03-07,2025-04-01,Influencer,45283,1726,306,65,1954.46,6460.56,2.3055
CAMP05509,2025-04-27,2025-05-23,Display,63242,756,75,14,533.33,856.37,0.6057
CAMP05510,2025-09-04,2025-09-22,Influencer,70239,2348,397,110,2240.98,8427.28,2.7605
CAMP05511,2025-03-25,2025-04-07,Email,57877,3855,932,185,2896.23,12785.57,3.4146
CAMP05512,2025-01-23,2025-02-18,Search,19852,1183,266,73,1914.24,5606.79,1.929
CAMP05513,2025-04-02,2025-04-23,Social,88217,3151,551,125,3340.45,9145.04,1.7377
CAMP05514,2025-07-19,2025-08-09,Social,47538,1391,241,49,1189.21,3631.33,2.0536
CAMP05515,2025-01-09,2025-01-29,Search,48303,2397,507,128,3387.03,10455.41,2.0869
CAMP05516,2025-05-28,2025-06-24,Social,71049,1568,220,40,1586.37,2869.69,0.809
CAMP05517,2025-01-02,2025-01-28,Search,48686,2583,534,123,3770.64,9992.46,1.6501
CAMP05518,2025-06-22,2025-07-02,Influencer,49562,1928,389,91,2291.43,7330.34,2.199
CAMP05519,2025-08-10,2025-08-31,Search,87911,4983,1084,269,7113.34,22253.88,2.1285
CAMP05520,2025-10-28,2025-11-13,Influencer,48697,1293,202,42,1039.48,4017.66,2.8651
CAMP05521,2025-08-06,2025-08-24,Social,26938,752,137,22,491.8,2188.67,3.4503
CAMP05522,2025-08-30,2025-09-08,Social,29435,618,98,20,565.8,1253.19,1.2149
CAMP05523,2025-12-16,2026-01-10,Social,87543,2976,579,111,2532.92,10493.59,3.1429
CAMP05524,2025-07-19,2025-08-15,Search,120970,6091,1304,317,8329.9,30687.38,2.684
CAMP05525,2025-08-18,2025-09-13,Social,66515,1431,212,31,1006.15,1921.76,0.91
CAMP05526,2025-03-07,2025-04-02,Social,129086,2445,295,39,1888.19,3361.02,0.78
CAMP05527,2025-07-17,2025-07-31,Search,49071,3322,832,248,5481.6,15654.94,1.8559
CAMP05528,2025-06-03,2025-06-29,Display,159589,2760,328,53,1746.67,3620.93,1.073
CAMP05529,2025-11-26,2025-12-21,Influencer,108359,3732,699,155,3485.23,11815.18,2.3901
CAMP05530,2025-05-07,2025-05-18,Email,49659,3513,831,180,3251.69,10908.14,2.3546
CAMP05531,2025-03-22,2025-04-08,Display,35199,465,60,14,406.33,808.52,0.9898
CAMP05532,2025-05-09,2025-05-19,Search,122688,5493,1109,244,8187.49,19569.66,1.3902
CAMP05533,2025-05-11,2025-06-03,Email,123396,9277,2402,532,7950.52,45862.93,4.7685
CAMP05534,2025-02-13,2025-03-05,Influencer,56700,2838,600,159,3253.95,12430.4,2.8201
CAMP05535,2025-07-08,2025-07-31,Email,56196,4121,1059,218,3327.94,10243.72,2.0781
CAMP05536,2025-10-16,2025-11-04,Social,91410,2579,439,90,1946.1,6076.23,2.1223
CAMP05537,2025-05-27,2025-06-06,Search,71598,3320,689,141,5511.01,14148.06,1.5672
CAMP05538,2025-08-07,2025-09-01,Influencer,53188,1403,222,40,1328.54,2757.76,1.0758
CAMP05539,2025-01-27,2025-02-06,Social,113895,2209,301,42,1958.18,2412.55,0.232
CAMP05540,2025-12-28,2026-01-12,Search,22455,1352,336,82,1798.72,5799.36,2.2242
CAMP05541,2025-11-22,2025-12-01,Social,16508,585,93,22,469.6,1599.2,2.4055
CAMP05542,2025-10-13,2025-10-24,Influencer,60331,2278,457,106,2628.32,7961.77,2.0292
CAMP05543,2025-04-02,2025-04-10,Search,23289,1112,236,57,1747.92,5889.95,2.3697
CAMP05544,2025-10-22,2025-11-02,Search,23447,1117,239,55,1546.1,4947.33,2.1999
CAMP05545,2025-04-23,2025-05-10,Search,72708,4216,981,234,4913.86,20515.93,3.1751
CAMP05546,2025-06-13,2025-06-29,Search,12299,720,159,37,981.62,2530.23,1.5776
CAMP05547,2025-10-11,2025-11-06,Display,53283,576,58,13,434.89,784.73,0.8044
CAMP05548,2025-12-20,2025-12-29,Display,81801,1049,125,14,720.1,791.52,0.0992
CAMP05549,2025-01-24,2025-02-07,Search,61912,3653,796,202,5045.41,20044.98,2.9729
CAMP05550,2025-06-02,2025-06-19,Influencer,46258,1368,213,45,1472.88,4755.82,2.2289
CAMP05551,2025-12-27,2026-01-15,Email,48338,3721,943,197,2488.65,10542.09,3.2361
CAMP05552,2025-08-16,2025-09-09,Influencer,31808,982,174,41,825.76,3380.35,3.0936
CAMP05553,2025-05-05,2025-05-17,Influencer,26257,922,169,41,1243.04,3157.58,1.5402
CAMP05554,2025-08-13,2025-08-24,Email,90803,5897,1426,280,5860.0,18004.41,2.0724
CAMP05555,2025-10-10,2025-11-06,Social,54290,1584,261,54,1210.17,4237.47,2.5015
CAMP05556,2025-06-20,2025-07-16,Search,92826,3948,780,167,6628.67,13303.0,1.0069
CAMP05557,2025-06-29,2025-07-18,Influencer,48775,1499,232,51,1628.9,4304.05,1.6423
CAMP05558,2025-06-21,2025-07-01,Influencer,111662,3409,587,117,3540.61,9913.57,1.8
CAMP05559,2025-08-15,2025-08-27,Search,27121,1434,299,60,1936.64,4262.73,1.2011
CAMP05560,2025-06-08,2025-06-17,Display,76342,730,69,7,580.79,533.44,-0.0815
CAMP05561,2025-05-03,2025-05-16,Email,11846,1054,310,67,828.25,4230.41,4.1076
CAMP05562,2025-04-20,2025-04-28,Display,53904,738,90,8,523.21,537.98,0.0282
CAMP05563,2025-05-27,2025-06-21,Social,118552,3359,587,101,2964.11,6576.72,1.2188
CAMP05564,2025-08-28,2025-09-22,Search,69596,3872,838,202,5081.1,14919.57,1.9363
CAMP05565,2025-05-15,2025-05-23,Social,37471,1426,319,86,1253.81,5417.05,3.3205
CAMP05566,2025-01-18,2025-02-04,Display,125195,1730,179,19,961.11,863.26,-0.1018
CAMP05567,2025-02-04,2025-03-01,Influencer,76240,2270,365,84,2708.04,8196.8,2.0268
CAMP05568,2025-11-19,2025-12-05,Display,59391,651,81,11,407.87,737.57,0.8083
CAMP05569,2025-06-29,2025-07-21,Influencer,72249,1846,314,60,1833.59,5449.74,1.9722
CAMP05570,2025-08-30,2025-09-14,Search,95022,4938,1044,244,6522.67,21334.73,2.2709
CAMP05571,2025-07-20,2025-08-04,Email,167282,13449,3462,760,10475.47,54613.7,4.2135
CAMP05572,2025-06-21,2025-07-08,Display,52304,802,85,10,495.64,579.68,0.1696
CAMP05573,2025-12-16,2026-01-10,Display,24698,243,21,1,179.63,59.84,-0.6669
CAMP05574,2025-04-18,2025-05-06,Email,61098,5429,1537,341,3738.14,22435.76,5.0019
CAMP05575,2025-06-23,2025-07-12,Email,46878,2765,670,130,2533.75,5960.24,1.3523
CAMP05576,2025-02-25,2025-03-11,Search,90014,4587,972,238,6419.8,22481.57,2.5019
CAMP05577,2025-03-06,2025-03-14,Social,65821,1464,214,29,1187.52,2226.74,0.8751
CAMP05578,2025-01-16,2025-02-06,Search,60214,3613,797,184,4915.52,12523.09,1.5477
CAMP05579,2025-08-04,2025-08-13,Social,62643,2248,437,88,1867.57,5912.83,2.1661
CAMP05580,2025-04-06,2025-04-15,Social,63687,2024,343,73,1711.59,4829.82,1.8218
CAMP05581,2025-11-21,2025-12-11,Social,57743,2045,370,74,1960.39,6605.14,2.3693
CAMP05582,2025-08-12,2025-08-29,Email,16408,1180,288,60,1001.48,3602.13,2.5968
CAMP05583,2025-09-01,2025-09-18,Search,81016,5250,1281,331,8071.49,34253.61,3.2438
CAMP05584,2025-06-16,2025-07-12,Display,47488,514,41,6,254.79,348.31,0.367
CAMP05585,2025-02-01,2025-02-07,Display,44777,390,33,4,227.98,275.28,0.2075
CAMP05586,2025-10-01,2025-10-12,Email,41360,2949,761,142,2523.54,10544.73,3.1785
CAMP05587,2025-04-28,2025-05-10,Email,32306,2323,620,122,2008.25,8817.89,3.3908
CAMP05588,2025-03-30,2025-04-11,Social,72964,964,118,17,838.73,1378.56,0.6436
CAMP05589,2025-03-06,2025-03-17,Search,147764,8371,1757,418,11772.12,26434.96,1.2456
CAMP05590,2025-08-12,2025-09-01,Search,194669,11386,2567,631,15618.72,39479.48,1.5277
CAMP05591,2025-08-24,2025-09-05,Search,11507,458,79,12,676.77,1060.0,0.5663
CAMP05592,2025-02-26,2025-03-08,Display,104525,1199,118,15,769.85,947.5,0.2308
CAMP05593,2025-11-03,2025-11-12,Display,39199,402,39,1,235.43,51.82,-0.7799
CAMP05594,2025-02-21,2025-03-04,Email,120156,10097,2770,612,8423.42,42475.98,4.0426
CAMP05595,2025-07-08,2025-07-17,Search,34028,1219,207,48,1715.85,2693.67,0.5699
CAMP05596,2025-10-31,2025-11-24,Display,28518,374,36,7,202.23,499.24,1.4687
CAMP05597,2025-12-18,2026-01-10,Social,95924,2356,392,71,1664.08,3976.16,1.3894
CAMP05598,2025-12-07,2025-12-19,Social,92366,2641,485,85,2454.54,5464.06,1.2261
CAMP05599,2025-01-18,2025-02-08,Display,89180,1199,131,15,868.26,1001.22,0.1531
CAMP05600,2025-08-07,2025-08-27,Social,70567,1374,193,33,977.71,2418.13,1.4733
CAMP05601,2025-07-01,2025-07-21,Search,25643,931,154,32,1179.86,2109.01,0.7875
CAMP05602,2025-05-04,2025-05-20,Email,50839,2209,443,71,1719.98,6514.18,2.7874
CAMP05603,2025-05-31,2025-06-11,Email,119126,8839,2346,456,5534.24,32656.83,4.9009
CAMP05604,2025-10-21,2025-11-10,Influencer,52278,1172,164,24,1409.64,2373.28,0.6836
CAMP05605,2025-07-17,2025-08-09,Search,103628,6276,1488,381,8671.17,28219.05,2.2544
CAMP05606,2025-08-05,2025-08-31,Social,27779,873,150,29,683.01,1996.03,1.9224
CAMP05607,2025-10-29,2025-11-19,Search,109225,5861,1271,305,7555.06,43057.0,4.6991
CAMP05608,2025-08-05,2025-08-29,Email,89950,8720,2642,652,7560.99,45292.89,4.9903
CAMP05609,2025-12-04,2025-12-21,Email,51774,3598,897,189,2911.84,8901.4,2.057
CAMP05610,2025-07-17,2025-08-09,Social,67169,2759,583,144,2233.31,9902.43,3.434
CAMP05611,2025-03-14,2025-03-24,Influencer,69062,2448,464,97,2336.7,7764.48,2.3228
CAMP05612,2025-06-04,2025-06-27,Search,102886,4137,764,143,5784.54,13150.13,1.2733
CAMP05613,2025-07-21,2025-08-07,Social,105674,2266,355,62,1581.25,4104.36,1.5956
CAMP05614,2025-10-21,2025-11-04,Influencer,53555,1340,195,37,1456.11,2348.36,0.6128
CAMP05615,2025-04-09,2025-04-19,Display,117551,1177,124,15,826.82,1393.57,0.6855
CAMP05616,2025-03-20,2025-04-08,Email,58557,6203,1909,477,4895.22,32228.71,5.5837
CAMP05617,2025-09-24,2025-10-20,Display,6981,52,3,1,40.52,84.09,1.0753
CAMP05618,2025-08-06,2025-08-26,Social,23034,531,80,11,401.49,747.38,0.8615
CAMP05619,2025-02-04,2025-02-10,Email,45894,2995,703,147,2419.45,8495.47,2.5113
CAMP05620,2025-01-06,2025-01-24,Search,45102,2849,666,189,3812.28,14688.12,2.8528
CAMP05621,2025-09-21,2025-09-29,Social,42788,935,124,16,889.18,1236.95,0.3911
CAMP05622,2025-10-10,2025-10-25,Display,79969,937,98,9,661.33,647.08,-0.0215
CAMP05623,2025-06-20,2025-07-01,Email,52984,3948,1018,204,3620.37,10747.03,1.9685
CAMP05624,2025-02-22,2025-03-07,Influencer,84404,2447,407,62,3389.58,6344.95,0.8719
CAMP05625,2025-09-03,2025-09-10,Social,28684,773,121,19,589.22,1446.0,1.4541
CAMP05626,2025-12-05,2025-12-20,Email,56946,3318,706,124,2765.69,6898.14,1.4942
CAMP05627,2025-01-11,2025-02-07,Social,40378,1032,151,32,725.1,2385.04,2.2893
CAMP05628,2025-05-04,2025-05-15,Social,21594,524,75,17,424.22,1076.79,1.5383
CAMP05629,2025-05-16,2025-06-11,Search,83036,5668,1352,359,9002.65,26549.43,1.9491
CAMP05630,2025-12-30,2026-01-17,Influencer,62029,2466,496,106,2452.11,8201.92,2.3448
CAMP05631,2025-12-06,2025-12-29,Search,63215,3488,773,169,5572.07,11928.11,1.1407
CAMP05632,2025-05-01,2025-05-28,Social,36664,863,133,27,667.17,1946.71,1.9179
CAMP05633,2025-01-07,2025-01-19,Influencer,113509,4017,715,152,5457.84,9005.74,0.6501
CAMP05634,2025-01-02,2025-01-16,Search,32236,2012,466,111,3472.27,8351.18,1.4051
CAMP05635,2025-11-05,2025-11-13,Search,17426,719,145,25,891.96,1750.38,0.9624
CAMP05636,2025-03-23,2025-04-19,Influencer,36810,1067,175,36,1267.78,3727.39,1.9401
CAMP05637,2025-01-04,2025-01-26,Search,31997,1728,401,104,2946.13,9281.24,2.1503
CAMP05638,2025-01-18,2025-02-09,Social,76266,1979,295,61,1626.5,4187.86,1.5748
CAMP05639,2025-08-05,2025-08-31,Influencer,110012,4204,810,161,4188.02,12216.75,1.9171
CAMP05640,2025-04-23,2025-05-08,Search,58283,3418,708,179,4612.31,11681.8,1.5327
CAMP05641,2025-06-24,2025-07-04,Search,66205,3599,799,196,4787.3,21852.63,3.5647
CAMP05642,2025-11-01,2025-11-22,Search,105054,5270,1134,237,5283.78,20102.73,2.8046
CAMP05643,2025-08-05,2025-08-18,Search,13551,871,193,45,1006.06,4791.02,3.7622
CAMP05644,2025-08-30,2025-09-26,Search,95133,4409,888,191,5675.5,14690.35,1.5884
CAMP05645,2025-11-19,2025-12-04,Social,21549,597,95,15,473.5,1018.52,1.151
CAMP05646,2025-11-02,2025-11-11,Email,20654,1612,473,96,1196.29,7415.35,5.1986
CAMP05647,2025-01-23,2025-02-19,Influencer,78530,2229,378,67,2386.17,7197.03,2.0161
CAMP05648,2025-05-14,2025-06-03,Influencer,84196,2620,472,105,2492.31,9867.16,2.959
CAMP05649,2025-02-28,2025-03-16,Search,79945,6972,1893,564,10853.95,41921.93,2.8624
CAMP05650,2025-03-19,2025-04-15,Email,81313,7386,2063,495,5473.12,29893.76,4.4619
CAMP05651,2025-09-23,2025-10-06,Search,29256,1891,469,120,2618.05,9139.02,2.4908
CAMP05652,2025-05-11,2025-05-31,Email,101778,9403,2687,617,6942.5,46054.02,5.6336
CAMP05653,2025-05-15,2025-06-11,Email,89055,6028,1453,282,5516.32,14358.19,1.6029
CAMP05654,2025-08-17,2025-09-02,Social,45170,1579,309,72,1190.44,4653.78,2.9093
CAMP05655,2025-09-23,2025-10-09,Search,84036,4419,977,219,6405.39,13754.26,1.1473
CAMP05656,2025-09-17,2025-10-09,Influencer,38443,1582,283,57,1729.27,5062.17,1.9273
CAMP05657,2025-01-04,2025-01-18,Social,53996,1316,186,28,876.5,2012.46,1.296
CAMP05658,2025-11-19,2025-12-09,Search,68112,2966,565,131,4278.76,8005.98,0.8711
CAMP05659,2025-03-29,2025-04-09,Email,18975,1297,345,73,940.56,4865.57,4.1731
CAMP05660,2025-09-25,2025-10-05,Display,29356,439,45,8,310.37,398.12,0.2827
CAMP05661,2025-10-09,2025-10-20,Email,57019,3772,913,181,2497.3,11220.82,3.4932
CAMP05662,2025-05-31,2025-06-21,Social,126440,3511,592,112,2805.64,9237.33,2.2924
CAMP05663,2025-07-14,2025-07-26,Display,63350,429,33,6,301.57,282.27,-0.064
CAMP05664,2025-05-13,2025-05-20,Search,41786,2057,428,100,2710.67,10096.6,2.7248
CAMP05665,2025-02-23,2025-03-13,Influencer,100587,3447,620,139,3378.78,11589.86,2.4302
CAMP05666,2025-10-06,2025-10-22,Influencer,50817,1439,224,48,1625.22,4484.0,1.759
CAMP05667,2025-06-20,2025-07-16,Search,74070,5070,1269,357,5425.64,31332.94,4.775
CAMP05668,2025-09-02,2025-09-29,Email,37944,2903,762,159,2428.64,9054.94,2.7284
CAMP05669,2025-06-20,2025-07-09,Social,39562,1094,189,35,1396.66,2316.64,0.6587
CAMP05670,2025-06-05,2025-06-27,Influencer,75595,2208,369,83,2765.92,7336.16,1.6523
CAMP05671,2025-12-10,2026-01-01,Search,48568,4435,1305,397,5915.16,30641.78,4.1802
CAMP05672,2025-09-07,2025-09-23,Email,35878,2331,552,121,2206.47,9244.86,3.1899
CAMP05673,2025-12-13,2025-12-20,Influencer,47783,1588,317,67,1914.48,5042.73,1.634
CAMP05674,2025-10-06,2025-10-18,Influencer,210075,8361,1634,401,8451.49,40272.91,3.7652
CAMP05675,2025-08-15,2025-08-30,Social,82779,1956,312,60,1277.32,5126.12,3.0132
CAMP05676,2025-08-11,2025-09-04,Email,84713,6798,1851,382,4887.04,42467.49,7.6898
CAMP05677,2025-12-13,2025-12-28,Email,65449,5549,1524,341,4527.01,17402.62,2.8442
CAMP05678,2025-04-06,2025-04-30,Influencer,66858,2257,383,71,2425.45,4090.19,0.6864
CAMP05679,2025-05-03,2025-05-16,Social,73392,1412,197,35,1240.63,3483.65,1.808
CAMP05680,2025-11-11,2025-11-27,Influencer,80202,2566,433,85,3614.51,7765.84,1.1485
CAMP05681,2025-08-10,2025-09-06,Display,49754,696,76,13,420.67,798.93,0.8992
CAMP05682,2025-08-18,2025-08-24,Email,79941,6601,1801,362,5740.99,31476.37,4.4827
CAMP05683,2025-12-27,2026-01-10,Search,27489,1495,301,64,2134.43,4217.62,0.976
CAMP05684,2025-08-23,2025-09-17,Email,53987,4040,1030,220,3545.98,15206.45,3.2884
CAMP05685,2025-02-24,2025-03-21,Display,83541,1197,129,22,632.36,1300.35,1.0563
CAMP05686,2025-07-16,2025-07-27,Influencer,34296,1841,419,115,2226.36,13281.94,4.9658
CAMP05687,2025-04-14,2025-05-10,Email,104428,9322,2629,576,9180.65,36712.72,2.9989
CAMP05688,2025-03-10,2025-04-02,Display,77821,959,78,11,649.64,552.1,-0.1501
CAMP05689,2025-01-15,2025-02-04,Search,11446,916,260,70,1306.93,5860.13,3.4839
CAMP05690,2025-07-14,2025-08-05,Influencer,44104,1621,306,67,1492.72,5049.48,2.3827
CAMP05691,2025-07-23,2025-08-11,Search,38667,1766,384,71,2932.25,4562.39,0.5559
CAMP05692,2025-06-06,2025-06-16,Email,59822,3760,899,180,2696.34,12996.58,3.8201
CAMP05693,2025-12-29,2026-01-23,Display,64393,993,116,13,651.53,915.2,0.4047
CAMP05694,2025-08-01,2025-08-20,Display,58268,705,54,6,501.16,340.16,-0.3213
CAMP05695,2025-04-28,2025-05-12,Search,114106,5997,1263,295,8060.29,22607.55,1.8048
CAMP05696,2025-12-08,2025-12-15,Social,59249,1452,226,33,1160.55,2761.46,1.3794
CAMP05697,2025-09-25,2025-10-06,Social,24471,618,92,16,585.19,1048.4,0.7916
CAMP05698,2025-11-01,2025-11-17,Display,49390,445,40,5,307.77,284.48,-0.0757
CAMP05699,2025-10-06,2025-10-17,Social,42321,1238,223,49,740.37,3472.36,3.69
CAMP05700,2025-01-20,2025-02-14,Search,56300,3071,663,132,4387.13,8991.68,1.0496
CAMP05701,2025-01-03,2025-01-30,Search,55196,2628,538,129,4017.43,10851.65,1.7011
CAMP05702,2025-03-11,2025-03-28,Email,33014,1838,404,67,1572.2,3901.47,1.4815
CAMP05703,2025-01-21,2025-02-16,Search,103558,5877,1275,281,8913.49,20183.42,1.2644
CAMP05704,2025-01-02,2025-01-25,Display,39413,448,28,4,313.18,283.75,-0.094
CAMP05705,2025-07-15,2025-08-10,Social,47111,1132,147,27,929.1,1743.39,0.8764
CAMP05706,2025-03-06,2025-03-31,Social,60678,2231,415,95,2363.6,7328.46,2.1006
CAMP05707,2025-10-22,2025-10-30,Search,82604,5152,1199,312,6831.14,29965.51,3.3866
CAMP05708,2025-01-04,2025-01-20,Display,52484,377,39,4,201.57,303.58,0.5061
CAMP05709,2025-04-13,2025-04-30,Display,66860,794,95,19,446.22,1352.0,2.0299
CAMP05710,2025-01-01,2025-01-14,Search,146715,7045,1429,332,8966.57,31649.48,2.5297
CAMP05711,2025-02-14,2025-02-24,Influencer,74993,2210,326,68,2578.44,5431.81,1.1066
CAMP05712,2025-01-13,2025-01-30,Email,56593,3579,863,176,2974.59,8897.09,1.991
CAMP05713,2025-07-01,2025-07-23,Search,56325,3335,750,199,5111.24,15342.7,2.0018
CAMP05714,2025-02-03,2025-02-19,Search,74168,3581,772,164,5599.25,12393.19,1.2134
CAMP05715,2025-07-27,2025-08-06,Social,67083,2046,393,87,1681.43,5672.05,2.3733
CAMP05716,2025-12-08,2026-01-02,Search,59625,3307,725,184,5047.52,16133.11,2.1962
CAMP05717,2025-07-23,2025-08-13,Social,55946,1909,334,76,1672.13,5906.18,2.5321
CAMP05718,2025-09-29,2025-10-24,Display,12663,170,14,5,129.12,324.29,1.5115
CAMP05719,2025-09-30,2025-10-25,Search,46440,1809,343,69,2400.71,4812.38,1.0046
CAMP05720,2025-08-05,2025-08-27,Display,56845,712,85,10,418.38,602.15,0.4392
CAMP05721,2025-11-14,2025-12-06,Display,52510,597,64,6,378.21,469.14,0.2404
CAMP05722,2025-01-30,2025-02-11,Email,115275,7286,1655,321,6177.3,24953.51,3.0395
CAMP05723,2025-10-21,2025-11-09,Display,56271,626,57,8,362.6,430.83,0.1882
CAMP05724,2025-06-01,2025-06-19,Social,66811,1793,315,50,1494.92,3115.36,1.084
CAMP05725,2025-04-21,2025-05-13,Social,24689,538,102,14,405.67,1148.89,1.8321
CAMP05726,2025-01-04,2025-01-10,Search,17442,661,117,24,766.02,1985.14,1.5915
CAMP05727,2025-07-13,2025-07-24,Social,50220,1010,139,21,782.62,1354.36,0.7305
CAMP05728,2025-03-03,2025-03-29,Search,95400,5134,1071,247,7542.08,18112.32,1.4015
CAMP05729,2025-09-24,2025-10-03,Display,106848,1345,152,24,1070.3,1641.11,0.5333
CAMP05730,2025-11-17,2025-12-04,Search,101534,6610,1631,412,8625.22,40319.61,3.6746
CAMP05731,2025-03-01,2025-03-07,Social,104292,2932,500,91,2806.38,5476.36,0.9514
CAMP05732,2025-09-06,2025-10-01,Display,56002,623,59,8,391.48,666.55,0.7026
CAMP05733,2025-05-24,2025-06-17,Influencer,71078,2616,506,106,2756.91,9272.39,2.3633
CAMP05734,2025-02-13,2025-03-09,Social,73697,1576,234,41,1075.65,2141.64,0.991
CAMP05735,2025-11-30,2025-12-10,Email,57276,3613,860,178,2889.75,11147.44,2.8576
CAMP05736,2025-07-28,2025-08-06,Social,27479,871,174,37,690.69,3444.3,3.9868
CAMP05737,2025-12-15,2025-12-25,Influencer,51111,1468,257,47,1279.34,4577.22,2.5778
CAMP05738,2025-12-27,2026-01-23,Display,31679,524,67,10,301.96,676.07,1.2389
CAMP05739,2025-09-05,2025-09-26,Social,66185,1711,291,60,1200.61,3946.3,2.2869
CAMP05740,2025-01-15,2025-02-10,Influencer,24340,818,132,23,971.49,2210.73,1.2756
CAMP05741,2025-10-12,2025-10-28,Search,25965,1083,205,47,1694.63,3348.05,0.9757
CAMP05742,2025-08-20,2025-09-12,Search,106437,6279,1407,367,8372.03,29665.67,2.5434
CAMP05743,2025-02-04,2025-03-02,Influencer,54779,1819,317,69,1790.11,5940.63,2.3186
CAMP05744,2025-02-10,2025-02-19,Display,35975,473,38,4,214.9,238.71,0.1108
CAMP05745,2025-09-21,2025-10-03,Social,97229,2655,437,90,2159.55,5649.43,1.616
CAMP05746,2025-09-17,2025-10-07,Search,43588,2521,533,133,4125.05,9625.74,1.3335
CAMP05747,2025-10-18,2025-10-25,Social,69334,2108,394,71,1603.25,4689.12,1.9248
CAMP05748,2025-01-07,2025-02-03,Social,148487,3174,467,76,2471.16,6456.52,1.6127
CAMP05749,2025-05-20,2025-06-16,Search,20323,1237,302,71,1391.48,5128.49,2.6856
CAMP05750,2025-09-29,2025-10-13,Search,27958,1306,274,60,1456.66,3667.54,1.5178
CAMP05751,2025-06-28,2025-07-16,Search,19320,854,166,30,1239.83,3237.05,1.6109
CAMP05752,2025-03-31,2025-04-21,Influencer,124080,4358,773,160,4574.05,14679.02,2.2092
CAMP05753,2025-01-09,2025-01-25,Search,140818,8456,1952,493,12795.03,33809.37,1.6424
CAMP05754,2025-12-13,2026-01-04,Search,55368,3937,1012,288,5271.32,28023.89,4.3163
CAMP05755,2025-09-23,2025-10-09,Search,41783,1327,236,43,1832.76,3665.25,0.9999
CAMP05756,2025-03-21,2025-04-11,Email,35232,1892,421,69,1499.4,4086.94,1.7257
CAMP05757,2025-05-30,2025-06-15,Email,106644,9445,2628,570,6246.1,40330.01,5.4568
CAMP05758,2025-07-24,2025-08-05,Email,13028,947,235,58,624.39,3787.1,5.0653
CAMP05759,2025-12-14,2026-01-06,Social,77821,2321,393,70,1753.71,3593.05,1.0488
CAMP05760,2025-12-21,2025-12-30,Email,59283,3741,876,170,3380.49,9520.35,1.8163
CAMP05761,2025-08-22,2025-09-01,Social,61252,1771,326,57,1839.51,3574.96,0.9434
CAMP05762,2025-02-28,2025-03-10,Social,59980,1959,321,68,1485.63,4888.36,2.2904
CAMP05763,2025-01-03,2025-01-10,Email,44892,2098,410,66,1699.27,3617.49,1.1288
CAMP05764,2025-04-12,2025-05-01,Search,82994,3587,727,182,4713.13,13805.31,1.9291
CAMP05765,2025-06-23,2025-07-12,Search,30042,1525,305,75,1921.96,6745.47,2.5097
CAMP05766,2025-12-06,2025-12-14,Search,75364,4758,1146,312,6341.51,26391.46,3.1617
CAMP05767,2025-01-05,2025-01-18,Influencer,38391,1475,271,56,1647.29,3940.93,1.3924
CAMP05768,2025-03-21,2025-04-08,Influencer,134841,5590,1056,277,5628.5,18616.48,2.3075
CAMP05769,2025-08-05,2025-08-11,Search,89072,4772,1030,249,9429.48,20731.06,1.1985
CAMP05770,2025-05-16,2025-05-28,Influencer,172898,5867,1000,219,5765.55,18984.95,2.2928
CAMP05771,2025-04-13,2025-04-22,Email,70318,5029,1312,243,3475.37,16769.49,3.8252
CAMP05772,2025-02-01,2025-02-07,Search,70782,3851,794,167,4989.02,11314.43,1.2679
CAMP05773,2025-01-12,2025-02-07,Search,34633,1615,353,69,2127.86,4547.2,1.137
CAMP05774,2025-10-29,2025-11-09,Search,85427,4244,895,188,5786.53,14030.47,1.4247
CAMP05775,2025-03-18,2025-04-02,Search,55320,3204,756,165,4394.6,9669.06,1.2002
CAMP05776,2025-12-18,2026-01-09,Search,80713,3858,798,178,5151.44,16018.24,2.1095
CAMP05777,2025-08-24,2025-09-02,Influencer,30708,1372,278,79,1676.99,7217.84,3.304
CAMP05778,2025-10-02,2025-10-09,Influencer,77908,3146,585,136,3473.84,9014.9,1.5951
CAMP05779,2025-07-18,2025-08-04,Display,53210,524,48,8,308.7,426.47,0.3815
CAMP05780,2025-07-17,2025-08-10,Display,22527,200,13,2,138.85,134.4,-0.032
CAMP05781,2025-05-09,2025-06-01,Email,61339,6441,1933,466,5883.0,28140.57,3.7834
CAMP05782,2025-12-09,2026-01-03,Search,119997,5162,987,220,6152.08,23744.05,2.8595
CAMP05783,2025-05-30,2025-06-06,Email,49986,3723,934,186,3042.57,11332.74,2.7247
CAMP05784,2025-04-10,2025-04-26,Social,63823,1814,309,52,987.72,3567.29,2.6116
CAMP05785,2025-06-02,2025-06-26,Social,72438,1835,304,65,1865.52,4297.1,1.3034
CAMP05786,2025-08-07,2025-08-27,Social,43381,1403,248,52,1175.8,4419.8,2.759
CAMP05787,2025-09-30,2025-10-24,Email,60452,2838,563,96,2484.7,7373.97,1.9678
CAMP05788,2025-05-17,2025-06-11,Search,21596,1020,194,43,1426.24,2943.3,1.0637
CAMP05789,2025-06-26,2025-07-17,Social,72150,1495,198,34,1088.88,2769.08,1.5431
CAMP05790,2025-12-06,2025-12-18,Social,139278,4174,739,150,3252.49,10743.98,2.3033
CAMP05791,2025-03-30,2025-04-13,Influencer,83205,2860,519,123,3826.26,13480.16,2.5231
CAMP05792,2025-04-01,2025-04-16,Display,37243,405,38,7,246.75,506.18,1.0514
CAMP05793,2025-04-02,2025-04-10,Social,66858,1359,193,25,1057.86,1439.94,0.3612
CAMP05794,2025-11-21,2025-12-08,Social,26142,661,109,23,525.02,1925.94,2.6683
CAMP05795,2025-12-22,2025-12-28,Search,53907,2996,696,157,3661.37,15253.47,3.1661
CAMP05796,2025-09-06,2025-09-17,Social,158612,4390,697,138,3238.33,13426.0,3.146
CAMP05797,2025-12-12,2025-12-29,Search,67963,4974,1195,334,7858.41,34740.08,3.4208
CAMP05798,2025-12-14,2025-12-31,Email,17011,1043,230,44,805.46,2495.63,2.0984
CAMP05799,2025-02-28,2025-03-27,Search,10460,524,116,17,729.95,1473.73,1.0189
CAMP05800,2025-01-31,2025-02-16,Influencer,50837,1927,373,92,2270.64,6714.19,1.957
CAMP05801,2025-08-17,2025-09-10,Display,41600,438,47,8,318.15,502.41,0.5792
CAMP05802,2025-10-26,2025-11-09,Search,64067,3036,620,133,4224.52,12523.17,1.9644
CAMP05803,2025-04-13,2025-04-20,Display,32178,351,34,3,223.79,236.81,0.0582
CAMP05804,2025-10-09,2025-10-25,Email,103567,6072,1384,248,4927.28,15411.25,2.1277
CAMP05805,2025-02-01,2025-02-16,Email,41582,2957,719,135,2092.94,8863.66,3.235
CAMP05806,2025-05-09,2025-05-24,Social,60864,1228,189,29,1057.42,2027.37,0.9173
CAMP05807,2025-02-11,2025-03-05,Search,66922,2529,469,79,3541.87,5321.59,0.5025
CAMP05808,2025-04-06,2025-04-13,Search,108482,10122,2896,906,14001.07,81611.22,4.8289
CAMP05809,2025-02-20,2025-03-04,Social,22848,498,81,18,292.44,798.43,1.7302
CAMP05810,2025-11-17,2025-12-09,Display,37208,445,57,8,282.72,492.46,0.7419
CAMP05811,2025-07-01,2025-07-22,Search,39633,2728,697,181,4578.63,14540.92,2.1758
CAMP05812,2025-02-20,2025-02-28,Email,82207,5236,1202,267,3670.73,16101.98,3.3866
CAMP05813,2025-07-01,2025-07-23,Search,22605,1099,219,43,1589.98,3467.52,1.1809
CAMP05814,2025-10-30,2025-11-20,Influencer,61527,2468,476,106,2860.77,8445.12,1.952
CAMP05815,2025-03-30,2025-04-18,Search,28550,1401,294,62,1971.5,3954.72,1.0059
CAMP05816,2025-08-07,2025-08-29,Display,21681,342,50,9,227.82,542.22,1.38
CAMP05817,2025-12-22,2026-01-11,Email,23140,1878,545,136,1403.66,9038.38,5.4392
CAMP05818,2025-09-29,2025-10-23,Search,83272,4091,893,215,6428.06,15076.51,1.3454
CAMP05819,2025-07-30,2025-08-22,Influencer,51957,1611,278,58,1803.32,4919.29,1.7279
CAMP05820,2025-05-06,2025-05-14,Search,106535,4327,794,180,7166.21,17463.14,1.4369
CAMP05821,2025-06-09,2025-06-27,Search,23176,1005,200,44,1171.62,4045.89,2.4532
CAMP05822,2025-02-23,2025-03-02,Email,104854,8660,2347,506,5866.96,32404.11,4.5232
CAMP05823,2025-09-29,2025-10-23,Search,35842,1671,334,76,2203.69,6678.07,2.0304
CAMP05824,2025-11-23,2025-12-02,Social,76760,2163,368,61,2146.55,4760.26,1.2176
CAMP05825,2025-01-26,2025-02-15,Influencer,88283,3500,659,171,4379.58,20324.7,3.6408
CAMP05826,2025-07-05,2025-07-26,Search,36418,1889,414,94,2809.83,6739.02,1.3984
CAMP05827,2025-10-01,2025-10-25,Display,68195,935,101,15,576.55,925.59,0.6054
CAMP05828,2025-02-18,2025-03-02,Social,17289,417,81,17,301.68,1233.41,3.0885
CAMP05829,2025-07-09,2025-07-19,Search,98127,6773,1672,443,9040.57,44074.3,3.8752
CAMP05830,2025-11-01,2025-11-19,Email,52677,3186,744,134,2270.66,7718.24,2.3991
CAMP05831,2025-02-02,2025-02-09,Social,41648,1007,148,24,829.63,1505.28,0.8144
CAMP05832,2025-11-28,2025-12-19,Search,142895,7219,1570,371,10944.9,33767.84,2.0853
CAMP05833,2025-10-19,2025-10-26,Search,79131,4256,967,227,7843.47,14916.43,0.9018
CAMP05834,2025-03-19,2025-04-08,Social,136633,3017,448,73,2533.01,4803.1,0.8962
CAMP05835,2025-08-05,2025-08-14,Display,57968,725,65,14,458.51,1013.84,1.2112
CAMP05836,2025-11-29,2025-12-24,Email,41701,3293,876,192,2264.43,13441.07,4.9357
CAMP05837,2025-07-09,2025-07-19,Search,79147,5104,1226,341,6275.35,26625.34,3.2428
CAMP05838,2025-11-11,2025-11-20,Social,91695,2402,450,80,1654.99,5962.96,2.603
CAMP05839,2025-03-28,2025-04-07,Influencer,52234,1693,289,67,1935.49,7824.36,3.0426
CAMP05840,2025-05-20,2025-06-16,Influencer,151252,4376,727,160,4409.29,14638.56,2.3199
CAMP05841,2025-03-12,2025-04-07,Display,43560,603,69,9,325.6,770.3,1.3658
CAMP05842,2025-08-12,2025-09-02,Search,28953,1444,327,84,1881.25,8152.66,3.3336
CAMP05843,2025-05-07,2025-05-19,Social,43624,958,157,26,704.9,1601.71,1.2723
CAMP05844,2025-03-20,2025-04-04,Social,43653,947,145,30,745.25,2509.92,2.3679
CAMP05845,2025-04-22,2025-05-19,Search,48768,2847,664,165,3398.42,13055.17,2.8415
CAMP05846,2025-01-03,2025-01-16,Search,55778,3604,867,235,4802.27,15928.2,2.3168
CAMP05847,2025-01-03,2025-01-22,Social,78337,2084,324,62,1665.33,3735.3,1.243
CAMP05848,2025-02-10,2025-02-27,Search,32284,1861,407,94,3260.66,6691.25,1.0521
CAMP05849,2025-08-09,2025-08-28,Influencer,67159,2060,339,63,1957.77,4738.06,1.4201
CAMP05850,2025-03-13,2025-03-28,Email,10346,806,214,48,744.29,3822.07,4.1352
CAMP05851,2025-09-03,2025-09-10,Search,74789,3650,757,179,4624.95,15989.23,2.4572
CAMP05852,2025-01-26,2025-02-22,Email,54335,4381,1190,272,3733.93,23085.24,5.1826
CAMP05853,2025-04-04,2025-04-21,Social,28679,710,106,24,544.11,1746.05,2.209
CAMP05854,2025-08-12,2025-08-21,Search,57363,3054,653,153,3808.67,15311.55,3.0202
CAMP05855,2025-08-28,2025-09-04,Search,53855,2946,649,143,3912.75,9987.68,1.5526
CAMP05856,2025-03-19,2025-04-05,Email,124319,6117,1295,210,5011.1,12374.62,1.4694
CAMP05857,2025-03-15,2025-03-27,Search,42602,3712,1052,331,5266.51,29295.4,4.5626
CAMP05858,2025-02-10,2025-03-09,Search,67818,3875,946,230,5222.27,18033.22,2.4531
CAMP05859,2025-04-22,2025-05-04,Influencer,71344,2777,515,129,3298.56,10969.52,2.3255
CAMP05860,2025-09-24,2025-09-30,Social,68105,1415,190,33,1002.45,2111.51,1.1063
CAMP05861,2025-06-28,2025-07-12,Display,62501,812,98,17,538.31,1123.75,1.0876
CAMP05862,2025-07-22,2025-08-11,Social,44175,1091,156,26,791.66,1728.58,1.1835
CAMP05863,2025-05-21,2025-06-17,Search,47030,2688,608,147,3413.42,13396.11,2.9245
CAMP05864,2025-10-19,2025-11-14,Social,65323,2576,479,86,1949.58,6447.56,2.3072
CAMP05865,2025-11-05,2025-11-24,Social,45698,1820,359,66,1433.01,3732.57,1.6047
CAMP05866,2025-05-17,2025-06-06,Search,15180,951,227,55,1877.89,4390.98,1.3383
CAMP05867,2025-09-06,2025-09-27,Email,37285,2591,668,152,1971.35,9690.71,3.9158
CAMP05868,2025-08-13,2025-09-06,Email,67587,4045,937,185,4547.08,10592.28,1.3295
CAMP05869,2025-01-29,2025-02-04,Influencer,104651,4673,947,220,4211.84,18144.05,3.3079
CAMP05870,2025-04-20,2025-05-14,Display,71636,878,94,16,691.39,797.16,0.153
CAMP05871,2025-04-01,2025-04-14,Search,38294,1890,389,84,2758.05,6724.67,1.4382
CAMP05872,2025-01-19,2025-02-11,Search,49419,3300,827,209,4844.84,17070.55,2.5234
CAMP05873,2025-10-13,2025-11-01,Social,55597,1134,182,33,919.16,2077.87,1.2606
CAMP05874,2025-05-16,2025-06-07,Search,142904,8390,1935,482,14305.85,42492.56,1.9703
CAMP05875,2025-12-30,2026-01-20,Influencer,80728,2941,542,113,2563.1,12436.23,3.852
CAMP05876,2025-11-14,2025-12-02,Influencer,25230,1006,193,40,1130.56,4048.26,2.5808
CAMP05877,2025-03-09,2025-03-26,Email,20539,1957,560,132,1911.75,10360.17,4.4192
CAMP05878,2025-04-27,2025-05-17,Search,51312,2866,656,176,4314.4,15394.71,2.5682
CAMP05879,2025-10-31,2025-11-24,Social,44045,1386,236,49,1063.06,4134.68,2.8894
CAMP05880,2025-06-13,2025-06-28,Display,116159,1157,122,18,820.11,1267.46,0.5455
CAMP05881,2025-05-15,2025-06-09,Social,75162,1760,252,44,1368.23,3568.33,1.608
CAMP05882,2025-08-18,2025-09-10,Display,80171,614,44,3,442.79,208.03,-0.5302
CAMP05883,2025-12-18,2026-01-10,Display,40569,506,50,5,370.91,358.51,-0.0334
CAMP05884,2025-07-06,2025-07-14,Search,48866,2339,483,100,2573.48,8362.92,2.2497
CAMP05885,2025-06-17,2025-06-24,Social,89921,2702,470,82,2414.34,5453.77,1.2589
CAMP05886,2025-02-08,2025-03-01,Email,79652,6124,1598,362,5373.14,24800.4,3.6156
CAMP05887,2025-06-13,2025-07-07,Influencer,27583,1424,313,84,1409.22,6893.69,3.8918
CAMP05888,2025-10-31,2025-11-07,Display,39671,454,51,7,290.61,524.74,0.8057
CAMP05889,2025-02-18,2025-02-28,Search,74656,4806,1176,311,6013.24,24787.4,3.1221
CAMP05890,2025-06-22,2025-07-19,Email,71287,5375,1338,272,3507.83,14522.46,3.14
CAMP05891,2025-03-06,2025-03-27,Email,97390,6629,1662,323,5280.28,24581.16,3.6553
CAMP05892,2025-10-12,2025-10-18,Influencer,60631,2751,561,141,3586.36,13215.67,2.685
CAMP05893,2025-08-31,2025-09-25,Display,104573,1303,139,18,963.36,1570.85,0.6306
CAMP05894,2025-02-06,2025-02-27,Display,56442,587,58,7,323.7,435.24,0.3446
CAMP05895,2025-09-25,2025-10-13,Search,14480,820,192,44,1388.19,3994.72,1.8776
CAMP05896,2025-05-20,2025-06-11,Social,37535,678,104,12,552.74,1033.29,0.8694
CAMP05897,2025-07-31,2025-08-15,Display,119304,1526,160,21,888.66,1144.99,0.2884
CAMP05898,2025-12-13,2025-12-20,Search,23365,1911,509,162,2063.96,14193.48,5.8768
CAMP05899,2025-09-05,2025-09-25,Influencer,26396,838,146,26,854.73,1758.65,1.0576
CAMP05900,2025-08-26,2025-09-19,Search,83190,4862,1090,282,6874.33,22996.15,2.3452
CAMP05901,2025-08-17,2025-09-07,Display,92535,1428,157,21,1146.61,1231.7,0.0742
CAMP05902,2025-10-27,2025-11-20,Display,42925,480,47,3,341.98,200.77,-0.4129
CAMP05903,2025-12-28,2026-01-23,Influencer,5093,174,30,6,203.23,497.61,1.4485
CAMP05904,2025-05-04,2025-05-26,Display,43337,537,60,8,462.75,532.95,0.1517
CAMP05905,2025-01-08,2025-01-26,Social,39299,931,137,16,751.95,1058.35,0.4075
CAMP05906,2025-11-12,2025-11-18,Social,61025,1038,143,20,784.21,1646.19,1.0992
CAMP05907,2025-12-02,2025-12-27,Search,76149,4524,1045,251,6168.44,25226.78,3.0897
CAMP05908,2025-09-05,2025-09-22,Search,17331,838,158,35,1130.09,2353.27,1.0824
CAMP05909,2025-05-06,2025-05-19,Email,18198,1641,478,108,1369.33,7456.35,4.4453
CAMP05910,2025-06-14,2025-07-01,Email,48669,2584,567,97,2236.0,6100.19,1.7282
CAMP05911,2025-04-07,2025-04-21,Email,47507,2569,556,93,1930.1,5610.73,1.907
CAMP05912,2025-12-09,2025-12-25,Email,21486,1462,362,65,1375.6,4137.02,2.0074
CAMP05913,2025-10-05,2025-10-31,Email,81465,4766,1087,204,3731.36,12035.46,2.2255
CAMP05914,2025-05-13,2025-06-08,Search,45037,2240,488,108,2937.51,8924.02,2.038
CAMP05915,2025-10-17,2025-11-02,Social,41263,918,133,17,662.55,1219.81,0.8411
CAMP05916,2025-05-24,2025-06-19,Search,84439,3147,583,126,4542.93,8612.72,0.8959
CAMP05917,2025-05-03,2025-05-09,Email,92213,5078,1084,205,4506.32,16007.29,2.5522
CAMP05918,2025-08-21,2025-09-02,Display,58757,928,104,12,540.78,837.42,0.5485
CAMP05919,2025-01-17,2025-02-08,Search,44726,2849,658,179,4207.27,17316.55,3.1159
CAMP05920,2025-10-10,2025-10-16,Display,95288,1231,115,25,851.45,1686.68,0.981
CAMP05921,2025-01-11,2025-01-29,Influencer,38430,1187,217,52,1191.98,4404.83,2.6954
CAMP05922,2025-02-18,2025-02-25,Social,69225,1544,236,38,972.63,2595.49,1.6685
CAMP05923,2025-01-26,2025-02-07,Social,52260,1567,280,61,1457.63,4908.2,2.3672
CAMP05924,2025-11-13,2025-12-04,Email,64631,4154,968,198,3215.67,19678.39,5.1195
CAMP05925,2025-08-16,2025-08-22,Search,66049,4247,1040,290,6015.77,20769.08,2.4524
CAMP05926,2025-03-08,2025-03-22,Social,56652,1107,164,29,817.48,2303.57,1.8179
CAMP05927,2025-02-23,2025-03-06,Search,59339,3885,891,232,6958.57,13873.4,0.9937
CAMP05928,2025-11-18,2025-12-05,Influencer,45903,1349,245,42,1336.36,3841.8,1.8748
CAMP05929,2025-01-13,2025-02-04,Search,101251,6241,1458,362,9305.68,23889.32,1.5672
CAMP05930,2025-04-13,2025-04-30,Display,22743,267,25,1,176.21,69.46,-0.6058
CAMP05931,2025-03-25,2025-04-12,Search,11842,464,75,20,631.74,1731.6,1.741
CAMP05932,2025-01-19,2025-01-30,Influencer,60054,2982,607,162,3246.1,20524.0,5.3227
CAMP05933,2025-01-29,2025-02-13,Search,4448,197,43,8,244.34,518.33,1.1213
CAMP05934,2025-02-10,2025-02-21,Email,129137,8910,2237,445,5308.53,28137.32,4.3004
CAMP05935,2025-12-12,2025-12-22,Search,60584,3112,705,171,3986.22,17354.68,3.3537
CAMP05936,2025-07-19,2025-08-03,Email,122183,8447,2080,428,5453.48,20108.79,2.6873
CAMP05937,2025-03-03,2025-03-14,Display,64987,749,74,8,455.3,521.91,0.1463
CAMP05938,2025-03-22,2025-04-18,Search,90500,4551,932,203,6455.48,16312.48,1.5269
CAMP05939,2025-04-26,2025-05-13,Search,80404,5595,1422,393,6215.9,33104.54,4.3258
CAMP05940,2025-06-21,2025-07-03,Social,70084,1875,304,50,1738.16,3593.89,1.0676
CAMP05941,2025-01-16,2025-01-27,Display,61868,856,78,10,452.19,754.31,0.6681
CAMP05942,2025-06-26,2025-07-02,Social,53502,1113,157,24,853.72,2183.89,1.5581
CAMP05943,2025-03-18,2025-04-11,Display,22180,263,32,3,186.52,271.79,0.4572
CAMP05944,2025-07-31,2025-08-10,Display,19424,249,27,3,151.16,204.66,0.3539
CAMP05945,2025-10-30,2025-11-06,Display,132168,1954,208,45,1271.18,3144.56,1.4737
CAMP05946,2025-06-04,2025-06-23,Social,90704,2010,318,50,2142.23,4070.66,0.9002
CAMP05947,2025-07-11,2025-07-30,Social,47551,772,112,18,557.37,1455.76,1.6118
CAMP05948,2025-08-13,2025-08-24,Social,26392,511,66,12,465.24,916.67,0.9703
CAMP05949,2025-11-26,2025-12-12,Social,50380,1003,147,26,796.54,1744.15,1.1897
CAMP05950,2025-12-29,2026-01-12,Email,74118,5325,1374,279,3864.49,24849.51,5.4302
CAMP05951,2025-02-14,2025-02-26,Email,34408,1632,314,47,1313.42,2783.16,1.119
CAMP05952,2025-01-09,2025-01-26,Search,35836,1824,368,87,2140.62,6031.62,1.8177
CAMP05953,2025-08-01,2025-08-19,Influencer,51473,2221,425,90,2474.07,6354.52,1.5684
CAMP05954,2025-02-07,2025-02-21,Social,120969,3194,525,108,2476.67,5368.72,1.1677
CAMP05955,2025-06-03,2025-06-30,Search,97395,7190,1867,481,9026.58,36962.38,3.0948
CAMP05956,2025-12-03,2025-12-29,Influencer,54614,1980,396,91,2183.53,7202.38,2.2985
CAMP05957,2025-03-16,2025-04-04,Social,111884,2761,445,73,2414.83,5454.84,1.2589
CAMP05958,2025-02-06,2025-03-04,Influencer,161038,6283,1205,281,7308.52,25409.38,2.4767
CAMP05959,2025-04-23,2025-04-29,Search,44390,2532,529,118,4167.22,11332.19,1.7194
CAMP05960,2025-01-19,2025-02-06,Email,33629,2437,624,114,1740.05,6479.98,2.724
CAMP05961,2025-10-15,2025-11-07,Search,98446,6387,1540,397,7749.8,28929.96,2.733
CAMP05962,2025-01-24,2025-02-08,Email,51483,3445,875,153,2383.03,9137.88,2.8346
CAMP05963,2025-09-17,2025-09-29,Search,66678,3615,745,182,5198.02,15801.68,2.0399
CAMP05964,2025-05-13,2025-06-07,Search,12219,943,243,70,1235.5,4488.23,2.6327
CAMP05965,2025-09-27,2025-10-19,Social,58775,1650,255,46,1486.89,3389.44,1.2795
CAMP05966,2025-12-23,2026-01-01,Search,115877,8423,2116,599,9979.23,50110.79,4.0215
CAMP05967,2025-06-03,2025-06-15,Email,37722,2893,780,173,1731.11,11703.15,5.7605
CAMP05968,2025-12-06,2025-12-15,Email,108296,9320,2548,526,7052.77,37907.95,4.3749
CAMP05969,2025-02-16,2025-02-23,Influencer,51246,1869,364,80,2993.34,7664.65,1.5606
CAMP05970,2025-03-22,2025-04-09,Social,90266,1820,256,39,1405.7,2704.83,0.9242
CAMP05971,2025-06-01,2025-06-12,Search,87892,5696,1406,361,7782.33,33335.09,3.2834
CAMP05972,2025-03-01,2025-03-26,Search,86040,5467,1300,359,7562.7,26628.03,2.521
CAMP05973,2025-12-01,2025-12-07,Display,8622,82,6,1,60.57,76.92,0.2699
CAMP05974,2025-05-12,2025-05-23,Display,95472,1073,93,15,608.05,1100.91,0.8106
CAMP05975,2025-01-13,2025-02-07,Social,16788,510,85,28,369.82,1878.1,4.0784
CAMP05976,2025-06-07,2025-06-21,Social,88536,2786,509,91,2194.63,5854.87,1.6678
CAMP05977,2025-07-24,2025-08-18,Social,34983,943,165,29,686.58,1738.33,1.5319
CAMP05978,2025-09-08,2025-10-01,Influencer,41010,1341,226,42,1542.11,4968.39,2.2218
CAMP05979,2025-06-11,2025-06-28,Influencer,77855,2415,379,75,2722.77,7138.08,1.6216
CAMP05980,2025-12-29,2026-01-20,Influencer,103351,2998,514,110,3141.5,9093.21,1.8945
CAMP05981,2025-04-15,2025-05-03,Social,48487,999,141,25,833.23,1577.72,0.8935
CAMP05982,2025-06-02,2025-06-29,Search,103313,5466,1237,324,8253.15,28035.92,2.397
CAMP05983,2025-06-20,2025-07-02,Social,88207,2195,371,68,2027.45,4705.18,1.3207
CAMP05984,2025-06-22,2025-07-16,Social,88814,1979,299,55,1356.37,4572.82,2.3714
CAMP05985,2025-03-07,2025-03-17,Email,44843,3204,771,159,2511.11,12517.87,3.985
CAMP05986,2025-01-28,2025-02-08,Social,28817,629,86,13,561.81,988.82,0.7601
CAMP05987,2025-02-11,2025-02-24,Search,85931,4058,789,180,7620.67,11492.73,0.5081
CAMP05988,2025-10-19,2025-10-26,Email,45973,3148,809,163,2219.61,10444.21,3.7054
CAMP05989,2025-05-24,2025-06-06,Search,28942,1601,369,81,2318.2,7280.01,2.1404
CAMP05990,2025-09-30,2025-10-22,Social,212818,4228,585,76,3147.8,5432.22,0.7257
CAMP05991,2025-05-26,2025-06-01,Search,65681,3247,670,142,4635.48,10433.95,1.2509
CAMP05992,2025-10-12,2025-11-04,Search,101147,4937,1085,257,6100.5,18922.0,2.1017
CAMP05993,2025-03-21,2025-04-10,Display,100500,1297,122,18,890.54,1170.26,0.3141
CAMP05994,2025-12-06,2026-01-02,Display,82090,800,67,7,571.45,488.11,-0.1458
CAMP05995,2025-05-22,2025-06-06,Display,21039,279,32,4,180.6,268.57,0.4871
CAMP05996,2025-11-17,2025-12-07,Social,52004,1259,203,36,1138.95,2417.63,1.1227
CAMP05997,2025-10-04,2025-10-22,Email,126741,11149,3036,622,9670.51,41813.83,3.3238
CAMP05998,2025-01-14,2025-01-29,Search,69969,4626,1119,273,7480.27,25368.82,2.3914
CAMP05999,2025-11-14,2025-11-28,Search,27330,1544,321,84,2358.89,5960.45,1.5268
CAMP06000,2025-03-08,2025-03-31,Influencer,14128,511,78,25,612.39,2028.6,2.3126
CAMP06001,2025-05-10,2025-06-06,Email,128161,7332,1682,308,4835.64,17649.25,2.6498
CAMP06002,2025-03-29,2025-04-23,Social,72218,2626,513,113,1979.09,7667.96,2.8745
CAMP06003,2025-12-22,2026-01-12,Social,22309,686,131,31,498.84,2393.59,3.7983
CAMP06004,2025-01-21,2025-02-02,Display,114477,1079,96,13,799.45,799.2,-0.0003
CAMP06005,2025-02-02,2025-02-13,Social,32951,894,162,26,581.99,1668.69,1.8672
CAMP06006,2025-02-25,2025-03-04,Social,32444,792,106,22,565.04,1353.87,1.3961
CAMP06007,2025-02-26,2025-03-10,Social,62365,2186,393,76,1693.72,5947.52,2.5115
CAMP06008,2025-06-20,2025-07-05,Search,68431,2826,522,124,4546.89,9616.49,1.115
CAMP06009,2025-04-23,2025-05-16,Social,146561,3688,631,122,3352.68,8325.99,1.4834
CAMP06010,2025-01-14,2025-01-25,Social,105550,2224,339,61,2191.6,3068.4,0.4001
CAMP06011,2025-03-10,2025-04-04,Influencer,34324,1255,261,59,2129.52,5496.88,1.5813
CAMP06012,2025-12-05,2025-12-29,Social,68156,1345,201,33,1061.93,1826.13,0.7196
CAMP06013,2025-12-07,2025-12-20,Social,123653,3911,730,166,2982.62,11497.61,2.8549
CAMP06014,2025-05-05,2025-05-18,Social,27175,667,113,20,521.0,1191.44,1.2868
CAMP06015,2025-02-14,2025-02-21,Social,40326,1066,180,37,905.05,1919.73,1.1211
CAMP06016,2025-01-19,2025-02-06,Display,35670,582,67,5,368.39,307.34,-0.1657
CAMP06017,2025-09-25,2025-10-16,Social,73698,2201,366,73,1798.41,5759.01,2.2023
CAMP06018,2025-08-17,2025-09-01,Social,97851,3035,531,114,2252.19,6542.84,1.9051
CAMP06019,2025-07-03,2025-07-25,Email,47258,3372,868,165,2281.41,8624.92,2.7805
CAMP06020,2025-01-28,2025-02-20,Display,52839,631,68,13,405.38,804.45,0.9844
CAMP06021,2025-07-21,2025-08-13,Social,55440,1610,293,54,1193.66,4668.08,2.9107
CAMP06022,2025-08-20,2025-09-06,Search,100313,7929,2018,573,13807.74,47639.62,2.4502
CAMP06023,2025-07-05,2025-07-26,Email,39651,3334,921,198,2663.32,13182.99,3.9498
CAMP06024,2025-12-24,2026-01-18,Search,18061,932,212,54,1306.53,4859.03,2.719
CAMP06025,2025-12-12,2025-12-23,Search,62531,3168,708,168,5523.45,15984.03,1.8938
CAMP06026,2025-03-27,2025-04-19,Influencer,121337,6219,1378,352,5413.25,36749.29,5.7888
CAMP06027,2025-01-12,2025-01-23,Display,158473,1318,124,14,868.8,1275.48,0.4681
CAMP06028,2025-06-01,2025-06-20,Search,76097,3424,678,135,4602.72,14693.58,2.1924
CAMP06029,2025-03-21,2025-04-08,Search,42356,2944,694,181,4222.23,14897.03,2.5282
CAMP06030,2025-03-27,2025-04-08,Search,75978,4015,854,202,4721.9,15515.49,2.2859
CAMP06031,2025-11-07,2025-11-28,Search,40139,2114,451,119,3348.28,9108.13,1.7202
CAMP06032,2025-01-17,2025-01-23,Display,97020,1389,144,21,925.22,1348.29,0.4573
CAMP06033,2025-06-27,2025-07-12,Search,32229,1343,264,50,1819.99,3756.93,1.0643
CAMP06034,2025-08-18,2025-09-12,Search,69748,5066,1296,361,7231.16,21470.98,1.9692
CAMP06035,2025-02-22,2025-03-10,Display,125727,1367,134,9,838.2,602.83,-0.2808
CAMP06036,2025-07-18,2025-07-29,Display,93461,1045,107,12,595.1,809.12,0.3596
CAMP06037,2025-11-01,2025-11-14,Display,72454,796,82,6,610.33,497.0,-0.1857
CAMP06038,2025-12-22,2026-01-12,Influencer,18687,553,85,19,701.91,2129.92,2.0345
CAMP06039,2025-10-15,2025-10-21,Social,39269,1351,239,45,1307.22,3032.11,1.3195
CAMP06040,2025-01-10,2025-01-28,Social,115917,3636,666,151,3155.14,7715.47,1.4454
CAMP06041,2025-07-09,2025-07-21,Influencer,57014,1673,263,46,2216.24,3504.92,0.5815
CAMP06042,2025-07-16,2025-07-25,Influencer,83010,3159,601,140,5150.26,11502.74,1.2334
CAMP06043,2025-10-04,2025-10-24,Search,49789,3642,956,245,5699.25,22163.96,2.8889
CAMP06044,2025-05-23,2025-06-02,Display,81879,899,75,12,520.68,841.25,0.6157
CAMP06045,2025-11-23,2025-12-07,Social,64418,1165,138,22,639.87,1309.98,1.0473
CAMP06046,2025-12-17,2025-12-29,Display,109306,1348,135,20,776.57,1146.31,0.4761
CAMP06047,2025-03-29,2025-04-18,Search,95376,4358,869,180,5628.64,12983.35,1.3067
CAMP06048,2025-05-31,2025-06-17,Display,109293,1070,104,10,727.87,636.22,-0.1259
CAMP06049,2025-10-21,2025-10-27,Influencer,44626,1647,302,67,2065.2,6378.73,2.0887
CAMP06050,2025-08-17,2025-09-12,Search,41934,2244,464,110,3573.98,7471.22,1.0904
CAMP06051,2025-10-03,2025-10-28,Search,30747,1225,266,57,1887.76,4023.88,1.1316
CAMP06052,2025-05-03,2025-05-27,Email,129332,8529,2082,398,8149.73,26948.89,2.3067
CAMP06053,2025-03-20,2025-04-12,Display,46862,445,48,8,196.09,443.89,1.2637
CAMP06054,2025-04-21,2025-05-13,Influencer,33029,1182,219,52,1259.06,4824.38,2.8317
CAMP06055,2025-12-14,2025-12-25,Email,80462,4699,1024,181,3626.54,16660.21,3.594
CAMP06056,2025-06-10,2025-07-02,Influencer,11681,496,91,21,461.13,2022.03,3.3849
CAMP06057,2025-01-14,2025-02-01,Display,46546,612,57,11,370.65,775.62,1.0926
CAMP06058,2025-06-16,2025-06-22,Email,57607,4579,1254,257,3446.44,18276.74,4.3031
CAMP06059,2025-12-20,2026-01-16,Influencer,21440,677,99,28,778.53,2634.82,2.3844
CAMP06060,2025-12-27,2026-01-03,Search,61460,4024,1002,238,7199.88,22232.5,2.0879
CAMP06061,2025-01-02,2025-01-13,Search,37766,2832,698,190,3178.62,16044.7,4.0477
CAMP06062,2025-10-09,2025-10-27,Social,109117,3528,662,130,2915.88,8597.53,1.9485
CAMP06063,2025-08-08,2025-08-18,Search,100386,6921,1646,438,9816.65,40321.0,3.1074
CAMP06064,2025-12-06,2025-12-31,Email,95882,6157,1491,284,5970.43,20757.26,2.4767
CAMP06065,2025-07-08,2025-07-26,Display,53808,638,70,13,480.0,951.75,0.9828
CAMP06066,2025-05-16,2025-05-25,Search,59626,4363,1052,283,6039.88,34188.35,4.6604
CAMP06067,2025-02-25,2025-03-07,Social,74088,1679,246,36,1253.96,2934.94,1.3405
CAMP06068,2025-05-27,2025-06-07,Influencer,61520,1983,309,63,2038.08,4513.99,1.2148
CAMP06069,2025-06-12,2025-06-19,Influencer,25690,761,127,23,1035.38,1563.87,0.5104
CAMP06070,2025-10-31,2025-11-22,Display,42946,618,67,10,468.99,752.69,0.6049
CAMP06071,2025-11-16,2025-11-26,Social,59096,2295,431,108,2308.73,8663.4,2.7525
CAMP06072,2025-08-30,2025-09-18,Display,57560,632,55,4,430.16,266.45,-0.3806
CAMP06073,2025-10-25,2025-10-31,Search,44263,2640,612,133,3151.94,12201.57,2.8711
CAMP06074,2025-07-13,2025-08-03,Social,132416,4126,736,158,3070.62,10323.04,2.3619
CAMP06075,2025-04-05,2025-04-30,Influencer,81161,3279,649,150,4574.48,14287.32,2.1233
CAMP06076,2025-10-05,2025-10-14,Influencer,72410,2690,497,102,3350.87,11615.34,2.4664
CAMP06077,2025-06-18,2025-06-25,Social,31875,970,182,35,829.5,3035.33,2.6592
CAMP06078,2025-04-09,2025-04-18,Social,17321,434,70,15,361.75,1075.48,1.973
CAMP06079,2025-01-20,2025-02-07,Social,50613,1103,172,27,805.74,1866.72,1.3168
CAMP06080,2025-04-21,2025-05-02,Email,84702,4538,1056,192,3585.8,13357.33,2.7251
CAMP06081,2025-01-14,2025-02-08,Search,28280,1519,359,82,2270.55,7759.91,2.4176
CAMP06082,2025-11-01,2025-11-19,Search,80736,3626,696,143,4840.1,9644.52,0.9926
CAMP06083,2025-01-17,2025-01-28,Email,65896,4864,1262,260,4078.11,19894.45,3.8784
CAMP06084,2025-01-20,2025-02-07,Search,33524,1987,465,121,3390.78,8057.34,1.3762
CAMP06085,2025-12-31,2026-01-12,Search,63383,4441,1131,311,6601.32,20050.33,2.0373
CAMP06086,2025-09-17,2025-10-06,Search,69733,2840,483,107,3903.64,8355.59,1.1405
CAMP06087,2025-11-17,2025-12-05,Email,92291,7039,1814,376,5266.53,31170.13,4.9185
CAMP06088,2025-07-09,2025-07-19,Social,97480,3286,599,125,2610.83,9544.72,2.6558
CAMP06089,2025-11-20,2025-12-02,Social,86695,2771,495,103,2353.04,9524.93,3.0479
CAMP06090,2025-02-14,2025-02-25,Search,37096,1883,390,96,3133.71,8703.78,1.7775
CAMP06091,2025-02-03,2025-02-21,Display,72407,812,71,10,560.93,751.69,0.3401
CAMP06092,2025-01-15,2025-02-03,Social,64509,1616,231,42,1605.95,2618.25,0.6303
CAMP06093,2025-06-07,2025-06-14,Social,107730,3018,476,83,2529.01,5341.77,1.1122
CAMP06094,2025-12-20,2026-01-04,Search,67845,3660,778,193,5926.17,13067.08,1.205
CAMP06095,2025-08-17,2025-08-24,Display,38137,519,50,2,337.52,115.65,-0.6574
CAMP06096,2025-04-27,2025-05-24,Social,58846,1396,209,38,1410.52,2401.8,0.7028
CAMP06097,2025-01-04,2025-01-25,Email,40047,2321,518,97,1876.53,8242.95,3.3927
CAMP06098,2025-01-29,2025-02-23,Social,72491,2150,360,73,2013.97,5981.21,1.9699
CAMP06099,2025-07-04,2025-07-24,Search,111707,4827,961,207,6640.41,15928.31,1.3987
CAMP06100,2025-04-07,2025-04-14,Social,25834,607,99,15,503.41,979.89,0.9465
CAMP06101,2025-12-02,2025-12-26,Email,45355,2883,682,125,2107.83,7066.34,2.3524
CAMP06102,2025-07-27,2025-08-22,Social,16509,590,112,25,419.84,1840.56,3.384
CAMP06103,2025-08-05,2025-08-31,Social,30652,689,115,16,552.71,1095.86,0.9827
CAMP06104,2025-10-31,2025-11-17,Email,47640,2973,753,134,2410.39,9420.31,2.9082
CAMP06105,2025-09-04,2025-09-10,Search,68704,4287,1047,270,5179.68,22670.3,3.3768
CAMP06106,2025-05-15,2025-05-30,Email,85712,5769,1435,295,4919.71,19517.81,2.9673
CAMP06107,2025-03-05,2025-03-13,Display,52360,609,66,3,461.42,235.79,-0.489
CAMP06108,2025-03-24,2025-04-14,Social,101861,2417,373,63,2184.58,4784.27,1.19
CAMP06109,2025-08-16,2025-08-26,Social,53504,1711,315,66,1137.27,4914.61,3.3214
CAMP06110,2025-06-28,2025-07-25,Email,99154,5319,1181,219,3717.26,16277.72,3.379
CAMP06111,2025-07-09,2025-07-24,Influencer,113957,3854,700,159,4279.04,17643.5,3.1232
CAMP06112,2025-04-02,2025-04-21,Search,45116,2223,470,114,3338.66,8645.45,1.5895
CAMP06113,2025-02-28,2025-03-14,Display,90991,869,81,12,627.35,805.23,0.2835
CAMP06114,2025-08-20,2025-09-01,Email,82024,5928,1492,302,4014.64,16172.95,3.0285
CAMP06115,2025-03-02,2025-03-08,Search,74321,5003,1258,346,6938.58,23718.15,2.4183
CAMP06116,2025-04-13,2025-04-30,Email,117744,9447,2515,541,7430.42,34055.32,3.5832
CAMP06117,2025-08-15,2025-09-07,Social,99725,2362,355,60,1434.27,3889.57,1.7119
CAMP06118,2025-01-10,2025-01-23,Influencer,99993,3077,484,102,3610.76,12098.14,2.3506
CAMP06119,2025-12-27,2026-01-17,Display,101229,1508,163,26,1108.02,1888.12,0.704
CAMP06120,2025-10-18,2025-10-30,Display,83975,1148,128,30,764.27,1667.82,1.1822
CAMP06121,2025-02-28,2025-03-20,Influencer,75015,3192,634,145,3423.24,10239.99,1.9913
CAMP06122,2025-05-18,2025-06-04,Social,59006,1530,247,44,1187.14,3103.18,1.614
CAMP06123,2025-01-16,2025-02-11,Search,43514,2653,623,156,3300.05,12687.23,2.8446
CAMP06124,2025-06-12,2025-07-03,Search,96961,4876,1065,225,7500.99,13703.66,0.8269
CAMP06125,2025-10-05,2025-10-20,Display,41184,803,106,19,452.11,1384.57,2.0625
CAMP06126,2025-04-17,2025-05-06,Email,33711,2069,485,82,1525.29,5094.63,2.3401
CAMP06127,2025-02-01,2025-02-26,Display,28854,333,27,5,161.61,295.83,0.8305
CAMP06128,2025-08-21,2025-09-13,Email,39371,2148,472,91,1844.28,5374.23,1.914
CAMP06129,2025-03-28,2025-04-10,Search,47953,3179,752,207,5380.18,17714.32,2.2925
CAMP06130,2025-02-28,2025-03-26,Email,24435,1864,471,94,1770.46,6326.01,2.5731
CAMP06131,2025-06-09,2025-06-25,Search,25829,1236,234,47,1796.02,4859.75,1.7058
CAMP06132,2025-03-06,2025-04-02,Search,133014,7833,1825,438,13692.85,32708.17,1.3887
CAMP06133,2025-10-02,2025-10-17,Email,73036,4669,1090,238,4013.04,21627.5,4.3893
CAMP06134,2025-03-23,2025-04-08,Influencer,72961,2314,380,67,2924.06,5893.41,1.0155
CAMP06135,2025-07-13,2025-08-06,Influencer,57634,2388,494,122,2357.77,11486.52,3.8718
CAMP06136,2025-03-06,2025-03-31,Display,16801,180,11,1,137.7,72.17,-0.4759
CAMP06137,2025-05-04,2025-05-22,Display,43680,699,72,10,433.56,630.46,0.4541
CAMP06138,2025-11-04,2025-11-15,Social,47403,1319,229,37,910.68,2405.22,1.6411
CAMP06139,2025-09-05,2025-09-30,Display,48429,613,60,11,491.61,844.38,0.7176
CAMP06140,2025-04-16,2025-05-12,Email,82051,5010,1239,226,4066.52,15486.89,2.8084
CAMP06141,2025-02-18,2025-03-14,Display,47995,661,72,8,411.63,659.16,0.6013
CAMP06142,2025-12-31,2026-01-20,Display,61601,943,119,13,568.66,646.44,0.1368
CAMP06143,2025-01-07,2025-01-23,Display,64942,795,78,6,595.71,358.6,-0.398
CAMP06144,2025-10-04,2025-10-17,Email,66046,3780,777,128,2543.45,7508.13,1.9519
CAMP06145,2025-05-26,2025-06-05,Email,97845,7395,1960,404,4730.35,26953.45,4.698
CAMP06146,2025-04-28,2025-05-11,Display,95230,1048,94,17,744.56,1102.38,0.4806
CAMP06147,2025-08-13,2025-08-25,Influencer,74042,2519,453,111,3002.98,9301.81,2.0975
CAMP06148,2025-01-26,2025-02-17,Influencer,28185,971,163,33,921.24,2246.58,1.4386
CAMP06149,2025-10-04,2025-10-27,Social,93922,2161,334,63,1751.12,4363.99,1.4921
CAMP06150,2025-08-11,2025-09-06,Search,40758,2248,498,110,2954.64,7335.01,1.4825
CAMP06151,2025-04-20,2025-04-28,Social,86240,2021,327,62,1514.64,3946.68,1.6057
CAMP06152,2025-08-31,2025-09-21,Search,45155,2684,562,160,4563.49,14102.48,2.0903
CAMP06153,2025-04-28,2025-05-15,Display,107276,1104,98,18,737.68,1382.29,0.8738
CAMP06154,2025-07-25,2025-08-12,Influencer,165428,6116,1086,217,6279.36,13225.49,1.1062
CAMP06155,2025-07-11,2025-07-30,Social,55241,1319,193,35,1086.2,2446.22,1.2521
CAMP06156,2025-07-20,2025-08-02,Social,62863,1728,258,46,1495.13,3464.04,1.3169
CAMP06157,2025-05-12,2025-05-24,Search,95644,5779,1372,327,7457.83,24284.46,2.2562
CAMP06158,2025-07-20,2025-08-11,Search,79309,5215,1260,345,9118.91,26946.54,1.955
CAMP06159,2025-11-19,2025-12-07,Influencer,38633,1843,396,102,2812.26,10708.84,2.8079
CAMP06160,2025-02-08,2025-03-02,Display,72920,805,75,4,534.69,261.66,-0.5106
CAMP06161,2025-09-18,2025-10-08,Display,54121,484,38,9,332.71,777.5,1.3369
CAMP06162,2025-08-08,2025-08-15,Search,44784,3330,888,257,4707.97,25664.36,4.4513
CAMP06163,2025-10-12,2025-11-06,Search,78224,4886,1125,285,6643.18,19404.12,1.9209
CAMP06164,2025-07-07,2025-07-20,Social,131899,2550,342,50,2183.93,3741.7,0.7133
CAMP06165,2025-01-23,2025-02-18,Social,35917,872,143,24,488.16,1124.31,1.3032
CAMP06166,2025-06-30,2025-07-07,Email,41925,2496,576,109,1368.55,9032.2,5.5998
CAMP06167,2025-12-24,2026-01-10,Email,135188,11866,3329,765,9042.6,44385.13,3.9084
CAMP06168,2025-10-07,2025-11-03,Social,89272,2206,333,74,1834.94,3909.43,1.1305
CAMP06169,2025-04-10,2025-05-04,Search,111743,7468,1803,481,9579.08,45379.51,3.7374
CAMP06170,2025-08-22,2025-09-04,Email,48447,3656,958,207,2826.18,18005.97,5.3711
CAMP06171,2025-01-11,2025-02-07,Social,42833,963,155,20,807.19,1204.82,0.4926
CAMP06172,2025-08-13,2025-08-29,Search,39564,2249,510,118,3295.47,9136.47,1.7724
CAMP06173,2025-01-05,2025-01-25,Search,80228,5888,1466,396,8370.82,43074.16,4.1458
CAMP06174,2025-07-07,2025-07-24,Social,45320,1179,204,38,918.69,2745.84,1.9889
CAMP06175,2025-09-02,2025-09-20,Search,91436,4165,838,185,5354.93,13695.42,1.5575
CAMP06176,2025-09-05,2025-09-11,Email,25341,2596,803,172,2453.05,14173.76,4.778
CAMP06177,2025-04-26,2025-05-09,Search,41893,2529,581,146,2733.51,12261.48,3.4856
CAMP06178,2025-10-01,2025-10-09,Social,65344,1323,184,30,1138.14,2507.5,1.2032
CAMP06179,2025-10-25,2025-11-17,Search,29853,2082,528,147,2794.49,11431.56,3.0908
CAMP06180,2025-12-12,2025-12-18,Search,48598,2330,459,109,3594.25,9379.71,1.6096
CAMP06181,2025-07-05,2025-07-18,Influencer,27883,734,99,22,960.39,2657.65,1.7673
CAMP06182,2025-05-24,2025-06-20,Search,60090,3048,645,145,3954.22,11215.07,1.8362
CAMP06183,2025-01-03,2025-01-13,Influencer,50105,1475,218,46,1635.03,4043.52,1.4731
CAMP06184,2025-09-25,2025-10-06,Email,84935,8207,2448,580,6337.37,42681.65,5.7349
CAMP06185,2025-12-11,2025-12-25,Social,46080,1219,201,37,999.9,2189.24,1.1895
CAMP06186,2025-12-27,2026-01-20,Display,62573,781,81,6,520.13,373.94,-0.2811
CAMP06187,2025-05-02,2025-05-23,Email,61467,3895,940,184,3648.77,14410.66,2.9495
CAMP06188,2025-10-27,2025-11-16,Social,28861,671,107,18,468.65,1174.4,1.5059
CAMP06189,2025-07-02,2025-07-17,Search,56250,4353,1138,319,6057.62,25811.79,3.261
CAMP06190,2025-12-18,2026-01-14,Influencer,67898,2257,408,98,2877.47,8257.29,1.8696
CAMP06191,2025-06-08,2025-06-25,Search,22619,1579,408,111,2609.4,8001.99,2.0666
CAMP06192,2025-03-31,2025-04-19,Influencer,47583,1250,212,38,1463.35,3081.98,1.1061
CAMP06193,2025-12-14,2026-01-09,Email,108395,7119,1748,366,6126.85,27213.9,3.4417
CAMP06194,2025-02-16,2025-03-13,Display,60660,546,38,6,330.39,400.81,0.2131
CAMP06195,2025-03-12,2025-03-30,Social,60419,1217,184,20,1040.52,1642.67,0.5787
CAMP06196,2025-02-25,2025-03-22,Social,154215,3863,632,110,3476.45,8754.29,1.5182
CAMP06197,2025-12-06,2025-12-17,Display,59268,1116,132,22,743.17,1512.5,1.0352
CAMP06198,2025-04-17,2025-05-06,Search,48065,3159,730,193,5207.1,16509.71,2.1706
CAMP06199,2025-02-04,2025-02-18,Social,11349,308,36,5,180.2,324.16,0.7989
CAMP06200,2025-09-04,2025-09-21,Search,107908,7957,2038,570,10489.27,52527.36,4.0077
CAMP06201,2025-04-02,2025-04-15,Search,61496,3870,858,223,5471.17,15542.96,1.8409
CAMP06202,2025-05-18,2025-05-28,Email,61358,4985,1331,304,4356.0,21007.99,3.8228
CAMP06203,2025-04-20,2025-05-03,Email,77521,5965,1614,318,6492.98,21835.82,2.363
CAMP06204,2025-02-19,2025-03-09,Influencer,32156,1587,351,111,1955.17,9535.46,3.877
CAMP06205,2025-11-25,2025-12-22,Search,78119,3024,606,130,4371.05,10444.95,1.3896
CAMP06206,2025-11-23,2025-12-12,Search,46286,2349,453,93,2593.23,8691.71,2.3517
CAMP06207,2025-07-12,2025-07-29,Influencer,97466,3315,593,121,3709.79,10990.96,1.9627
CAMP06208,2025-10-01,2025-10-19,Social,80785,2117,344,64,1558.91,4902.7,2.145
CAMP06209,2025-10-31,2025-11-16,Search,117122,5304,1089,230,6388.52,18655.43,1.9201
CAMP06210,2025-01-18,2025-01-25,Search,24387,958,182,32,1434.2,2193.42,0.5294
CAMP06211,2025-06-15,2025-07-01,Influencer,90646,3684,693,193,3664.99,13997.07,2.8191
CAMP06212,2025-01-12,2025-02-08,Search,54103,3572,854,225,4138.19,20364.46,3.9211
CAMP06213,2025-11-23,2025-12-09,Email,99008,5811,1321,258,5691.55,14825.17,1.6048
CAMP06214,2025-09-12,2025-09-27,Influencer,73189,2494,418,86,3514.51,9043.95,1.5733
CAMP06215,2025-11-18,2025-12-04,Influencer,72051,1723,270,46,2077.54,3278.28,0.578
CAMP06216,2025-06-02,2025-06-25,Influencer,41545,1194,195,35,1471.83,3061.71,1.0802
CAMP06217,2025-11-10,2025-12-03,Search,46230,2346,510,102,2769.44,9721.9,2.5104
CAMP06218,2025-12-27,2026-01-15,Search,74330,4038,914,216,6285.56,12396.84,0.9723
CAMP06219,2025-03-12,2025-03-18,Display,50512,560,47,3,411.56,192.84,-0.5314
CAMP06220,2025-08-06,2025-08-16,Display,50582,649,74,8,428.18,717.02,0.6746
CAMP06221,2025-05-26,2025-06-09,Search,95700,6028,1402,363,7796.08,27264.3,2.4972
CAMP06222,2025-05-12,2025-05-20,Search,72807,3955,876,202,5654.14,17351.15,2.0688
CAMP06223,2025-01-31,2025-02-14,Search,64751,3736,846,202,5530.06,17031.94,2.0799
CAMP06224,2025-12-01,2025-12-16,Social,85246,1569,211,36,1314.59,2389.21,0.8175
CAMP06225,2025-07-27,2025-08-11,Email,36207,2167,491,88,1895.47,5036.82,1.6573
CAMP06226,2025-06-02,2025-06-29,Influencer,56097,2319,440,108,2411.69,7736.58,2.2079
CAMP06227,2025-03-29,2025-04-24,Email,73763,4314,1013,155,3495.42,7610.69,1.1773
CAMP06228,2025-05-29,2025-06-10,Social,34309,817,124,16,505.02,1026.08,1.0318
CAMP06229,2025-09-06,2025-09-13,Social,17754,422,58,14,396.66,822.28,1.073
CAMP06230,2025-04-12,2025-04-20,Email,72225,4765,1140,249,4350.79,13829.5,2.1786
CAMP06231,2025-06-24,2025-07-02,Email,53627,3560,873,180,2660.74,12828.73,3.8215
CAMP06232,2025-08-07,2025-08-27,Social,98920,1997,300,51,1747.89,3670.09,1.0997
CAMP06233,2025-11-27,2025-12-08,Influencer,29408,1211,237,58,1453.27,6297.68,3.3335
CAMP06234,2025-03-25,2025-04-06,Influencer,48916,2075,414,92,2417.68,6669.17,1.7585
CAMP06235,2025-06-06,2025-07-03,Email,51985,3412,834,153,2049.62,9710.27,3.7376
CAMP06236,2025-10-30,2025-11-09,Social,66373,1742,286,46,1507.9,3203.81,1.1247
CAMP06237,2025-01-07,2025-01-28,Display,104811,1258,112,12,1099.01,578.32,-0.4738
CAMP06238,2025-02-09,2025-03-07,Search,108387,6656,1536,373,10299.1,33685.29,2.2707
CAMP06239,2025-12-26,2026-01-18,Social,61701,1532,244,41,1101.58,2456.18,1.2297
CAMP06240,2025-02-23,2025-03-04,Influencer,36651,1951,408,91,2201.28,8041.72,2.6532
CAMP06241,2025-12-13,2026-01-09,Social,116882,3566,633,114,3046.38,9981.02,2.2764
CAMP06242,2025-10-11,2025-10-23,Social,28495,671,110,21,517.88,1263.25,1.4393
CAMP06243,2025-06-12,2025-06-20,Social,8065,156,21,1,121.03,87.61,-0.2761
CAMP06244,2025-08-14,2025-08-28,Email,100908,8944,2536,532,7039.71,36576.35,4.1957
CAMP06245,2025-11-01,2025-11-21,Search,121399,6132,1308,308,10301.84,25627.62,1.4877
CAMP06246,2025-06-28,2025-07-14,Social,34259,595,77,13,436.21,1177.33,1.699
CAMP06247,2025-03-21,2025-04-03,Social,27297,811,153,33,685.67,2758.42,3.023
CAMP06248,2025-12-26,2026-01-15,Display,60763,579,54,4,401.67,225.8,-0.4378
CAMP06249,2025-06-27,2025-07-16,Search,38854,1979,446,100,2993.54,7390.79,1.4689
CAMP06250,2025-05-15,2025-05-25,Display,56528,566,44,0,310.81,0.0,-1.0
CAMP06251,2025-01-30,2025-02-08,Search,57165,3147,671,162,3797.29,10805.12,1.8455
CAMP06252,2025-01-19,2025-02-03,Search,19611,1181,264,58,1861.3,5258.77,1.8253
CAMP06253,2025-12-26,2026-01-22,Social,20685,526,93,18,414.99,1134.95,1.7349
CAMP06254,2025-09-12,2025-10-01,Social,85526,1791,278,48,1553.09,3456.31,1.2254
CAMP06255,2025-02-12,2025-03-11,Email,28216,2009,541,111,1806.43,5355.53,1.9647
CAMP06256,2025-06-20,2025-07-12,Search,27542,1746,443,115,2583.6,7611.49,1.9461
CAMP06257,2025-01-02,2025-01-27,Email,38439,3325,936,224,2653.14,13012.31,3.9045
CAMP06258,2025-01-11,2025-01-28,Display,73190,948,86,10,604.46,691.11,0.1434
CAMP06259,2025-06-07,2025-06-26,Search,46961,1842,351,65,2783.78,7496.42,1.6929
CAMP06260,2025-09-22,2025-10-11,Search,64155,3917,937,233,4477.53,15668.61,2.4994
CAMP06261,2025-06-20,2025-07-14,Email,89429,6581,1751,362,5233.73,24177.25,3.6195
CAMP06262,2025-12-15,2025-12-29,Search,70244,3850,879,214,4930.34,19542.58,2.9637
CAMP06263,2025-06-15,2025-07-02,Social,105413,2266,332,43,1456.54,3041.68,1.0883
CAMP06264,2025-12-31,2026-01-13,Social,40594,976,165,28,903.74,2096.04,1.3193
CAMP06265,2025-09-22,2025-10-12,Social,32335,953,162,28,712.56,2417.09,2.3921
CAMP06266,2025-07-07,2025-07-20,Social,23237,624,100,11,509.52,688.0,0.3503
CAMP06267,2025-03-31,2025-04-07,Social,21387,475,75,15,416.21,1309.13,2.1454
CAMP06268,2025-01-28,2025-02-21,Social,78458,1585,239,40,1025.4,3206.69,2.1273
CAMP06269,2025-01-21,2025-01-28,Search,69166,4648,1097,294,6245.68,26771.93,3.2865
CAMP06270,2025-11-26,2025-12-22,Social,95480,2009,268,44,1715.95,2780.0,0.6201
CAMP06271,2025-01-14,2025-01-26,Display,71231,1020,130,14,756.19,856.99,0.1333
CAMP06272,2025-09-03,2025-09-15,Search,76003,3849,806,172,5620.45,11070.99,0.9698
CAMP06273,2025-06-27,2025-07-16,Search,77627,3902,830,193,4834.81,14765.71,2.054
CAMP06274,2025-03-13,2025-03-26,Search,51797,3297,752,221,4417.22,16200.64,2.6676
CAMP06275,2025-11-06,2025-11-19,Search,61722,3312,692,155,4901.0,12285.64,1.5068
CAMP06276,2025-07-05,2025-07-22,Search,32752,1592,339,67,2182.57,5392.63,1.4708
CAMP06277,2025-08-13,2025-08-23,Email,51868,4176,1157,231,3042.08,14479.42,3.7597
CAMP06278,2025-01-26,2025-02-18,Email,97006,6275,1510,303,4824.56,21558.87,3.4686
CAMP06279,2025-11-13,2025-11-27,Search,48845,1840,319,63,2736.86,7278.99,1.6596
CAMP06280,2025-10-13,2025-10-20,Display,106844,1483,142,14,944.46,948.14,0.0039
CAMP06281,2025-02-25,2025-03-06,Email,87411,6299,1556,335,6112.68,20992.98,2.4343
CAMP06282,2025-07-19,2025-08-05,Social,74199,1532,236,37,1345.59,2318.7,0.7232
CAMP06283,2025-11-11,2025-11-23,Email,33125,1906,425,64,1545.05,4620.68,1.9906
CAMP06284,2025-06-19,2025-07-12,Email,51170,2795,595,112,2559.89,7016.57,1.741
CAMP06285,2025-11-15,2025-12-03,Search,36387,1948,422,86,2623.76,8370.85,2.1904
CAMP06286,2025-11-18,2025-12-07,Email,61642,4565,1131,234,3187.19,13781.25,3.3239
CAMP06287,2025-02-05,2025-02-13,Email,82655,7559,2184,496,6191.23,26720.56,3.3159
CAMP06288,2025-01-30,2025-02-14,Email,33930,2831,824,175,2513.85,14026.91,4.5799
CAMP06289,2025-06-20,2025-06-26,Social,29250,1107,231,49,827.42,4279.28,4.1718
CAMP06290,2025-04-10,2025-04-28,Search,46559,2299,489,105,3253.0,7618.6,1.342
CAMP06291,2025-11-29,2025-12-19,Social,44271,1241,225,38,968.22,2137.81,1.208
CAMP06292,2025-02-18,2025-03-12,Search,52457,3611,876,223,6073.44,14645.56,1.4114
CAMP06293,2025-07-28,2025-08-08,Email,73839,4551,1085,209,3559.38,16026.93,3.5027
CAMP06294,2025-11-04,2025-11-29,Search,129331,7265,1564,390,9872.04,29675.72,2.006
CAMP06295,2025-07-12,2025-07-27,Email,68585,5186,1419,276,3689.86,18739.93,4.0788
CAMP06296,2025-08-12,2025-08-22,Search,76111,4357,935,220,5460.9,17177.3,2.1455
CAMP06297,2025-04-07,2025-04-26,Display,24389,195,8,1,112.41,71.77,-0.3615
CAMP06298,2025-04-24,2025-05-03,Search,24375,1347,310,64,1969.21,5413.71,1.7492
CAMP06299,2025-04-11,2025-04-24,Social,55046,1022,150,26,715.4,1888.17,1.6393
CAMP06300,2025-03-10,2025-04-01,Email,83182,5362,1240,234,5032.06,13195.82,1.6223
CAMP06301,2025-04-14,2025-05-01,Search,26084,1520,321,93,2507.74,9088.92,2.6243
CAMP06302,2025-12-26,2026-01-18,Search,68550,3430,715,169,5236.76,10459.48,0.9973
CAMP06303,2025-12-01,2025-12-11,Email,85479,7187,1997,437,5726.88,25569.8,3.4649
CAMP06304,2025-01-15,2025-01-24,Social,35552,840,131,26,712.6,2073.06,1.9091
CAMP06305,2025-02-21,2025-02-28,Email,90998,7540,2039,444,6977.18,29738.69,3.2623
CAMP06306,2025-04-21,2025-05-13,Email,30114,2050,518,105,1596.11,6936.05,3.3456
CAMP06307,2025-10-12,2025-10-27,Display,65575,814,83,6,483.17,458.97,-0.0501
CAMP06308,2025-08-31,2025-09-16,Search,49732,2477,515,121,3009.11,10549.16,2.5057
CAMP06309,2025-01-04,2025-01-27,Influencer,20317,929,200,54,1097.29,3946.05,2.5962
CAMP06310,2025-12-02,2025-12-21,Search,88904,5119,1163,262,6679.38,23045.27,2.4502
CAMP06311,2025-10-12,2025-10-31,Social,43663,1545,304,61,1173.83,3592.32,2.0603
CAMP06312,2025-06-21,2025-07-15,Social,87939,2850,546,113,2168.08,5964.27,1.7509
CAMP06313,2025-01-15,2025-02-11,Email,114474,9048,2416,491,7629.22,36750.13,3.817
CAMP06314,2025-08-01,2025-08-25,Display,63331,999,114,13,607.33,691.5,0.1386
CAMP06315,2025-07-21,2025-08-13,Social,61330,1230,161,30,935.81,2121.21,1.2667
CAMP06316,2025-01-05,2025-01-30,Display,58127,620,46,6,465.67,446.82,-0.0405
CAMP06317,2025-04-26,2025-05-05,Email,104866,6314,1393,260,4559.68,16049.14,2.5198
CAMP06318,2025-06-19,2025-07-07,Social,70347,1827,324,59,1419.9,3991.61,1.8112
CAMP06319,2025-01-13,2025-01-20,Social,157457,3948,581,104,3428.86,7927.94,1.3121
CAMP06320,2025-07-05,2025-07-21,Search,34539,1553,317,61,2213.32,4203.13,0.899
CAMP06321,2025-02-11,2025-02-26,Search,84075,5167,1164,306,9262.72,22635.98,1.4438
CAMP06322,2025-06-24,2025-07-10,Search,19675,1170,267,62,1586.03,3802.7,1.3976
CAMP06323,2025-02-04,2025-02-22,Social,27807,788,139,34,651.98,2647.72,3.061
CAMP06324,2025-07-21,2025-08-09,Display,88937,938,77,7,686.94,393.1,-0.4278
CAMP06325,2025-04-24,2025-05-20,Search,90776,4360,880,192,5677.85,12401.26,1.1841
CAMP06326,2025-03-18,2025-04-01,Social,54244,1405,223,35,1437.86,2203.39,0.5324
CAMP06327,2025-04-07,2025-04-16,Search,40599,2730,653,168,3824.13,12685.56,2.3172
CAMP06328,2025-10-19,2025-11-08,Social,170691,5566,995,204,4010.05,13502.18,2.3671
CAMP06329,2025-09-16,2025-10-09,Display,35908,537,51,6,409.67,351.06,-0.1431
CAMP06330,2025-05-17,2025-06-13,Social,78008,2084,329,56,1547.79,5483.03,2.5425
CAMP06331,2025-11-26,2025-12-07,Display,53623,676,76,10,431.91,741.08,0.7158
CAMP06332,2025-08-28,2025-09-19,Search,41897,3381,903,278,4264.14,28877.45,5.7722
CAMP06333,2025-10-22,2025-10-29,Email,85301,6822,1757,385,6360.3,31543.17,3.9594
CAMP06334,2025-12-14,2026-01-06,Display,119681,1233,117,14,822.21,774.11,-0.0585
CAMP06335,2025-09-08,2025-10-01,Email,65217,4901,1294,278,3725.42,18530.64,3.9741
CAMP06336,2025-07-13,2025-08-08,Display,30053,428,52,12,280.24,712.82,1.5436
CAMP06337,2025-01-11,2025-02-01,Search,78104,3747,741,177,4541.44,15956.12,2.5134
CAMP06338,2025-11-22,2025-12-19,Social,19914,662,109,16,512.04,1116.46,1.1804
CAMP06339,2025-08-30,2025-09-23,Social,139267,3803,629,117,2816.92,5456.9,0.9372
CAMP06340,2025-05-25,2025-06-01,Email,72086,4198,987,191,3535.89,11608.64,2.2831
CAMP06341,2025-08-27,2025-09-12,Social,89130,2115,353,74,1999.08,4304.58,1.1533
CAMP06342,2025-03-14,2025-04-09,Search,21241,1076,225,54,1542.22,4820.82,2.1259
CAMP06343,2025-08-12,2025-08-28,Search,102169,6226,1437,352,9267.28,21093.48,1.2761
CAMP06344,2025-01-09,2025-01-15,Display,28336,537,68,12,323.16,874.24,1.7053
CAMP06345,2025-03-26,2025-04-13,Search,71406,3895,862,199,4325.34,13456.35,2.1111
CAMP06346,2025-06-16,2025-06-24,Email,52009,4463,1247,264,3038.52,15859.7,4.2195
CAMP06347,2025-06-01,2025-06-12,Social,49394,889,120,24,772.94,879.4,0.1377
CAMP06348,2025-09-03,2025-09-12,Influencer,28599,891,144,32,888.02,2445.31,1.7537
CAMP06349,2025-02-11,2025-03-01,Social,25389,688,106,22,601.58,1725.34,1.868
CAMP06350,2025-06-18,2025-06-26,Email,79946,6309,1728,351,4521.82,21756.45,3.8114
CAMP06351,2025-10-21,2025-11-14,Influencer,12385,438,85,24,480.8,2376.32,3.9424
CAMP06352,2025-03-31,2025-04-11,Email,43995,3119,754,145,2392.41,11801.91,3.9331
CAMP06353,2025-02-01,2025-02-21,Influencer,27942,941,156,42,965.05,3753.47,2.8894
CAMP06354,2025-11-03,2025-11-29,Search,39121,2438,582,148,4112.99,10586.47,1.5739
CAMP06355,2025-05-28,2025-06-11,Email,155323,17327,5436,1380,12248.83,84314.65,5.8835
CAMP06356,2025-12-02,2025-12-28,Social,29071,841,145,36,616.76,2281.82,2.6997
CAMP06357,2025-06-07,2025-06-26,Display,64119,860,93,16,590.23,962.89,0.6314
CAMP06358,2025-04-27,2025-05-22,Social,64837,1721,304,59,1545.2,3800.04,1.4593
CAMP06359,2025-07-17,2025-07-25,Search,64992,2745,534,91,4774.43,7741.35,0.6214
CAMP06360,2025-04-13,2025-05-09,Search,74833,3862,826,180,6596.95,16128.06,1.4448
CAMP06361,2025-11-07,2025-11-18,Social,50509,1897,375,106,1558.81,7939.67,4.0934
CAMP06362,2025-06-10,2025-07-03,Search,40743,1600,275,64,2288.57,6352.34,1.7757
CAMP06363,2025-03-15,2025-04-08,Search,85602,6056,1488,409,8401.52,35414.13,3.2152
CAMP06364,2025-10-10,2025-10-24,Email,59618,4276,1104,207,3063.27,15473.23,4.0512
CAMP06365,2025-10-08,2025-10-26,Display,37018,404,31,3,239.74,228.35,-0.0475
CAMP06366,2025-04-27,2025-05-04,Search,83683,6486,1760,506,8598.42,35455.24,3.1235
CAMP06367,2025-04-11,2025-04-21,Email,54242,3628,895,179,3920.09,11148.29,1.8439
CAMP06368,2025-04-08,2025-04-17,Social,41797,971,155,32,659.49,3218.46,3.8802
CAMP06369,2025-08-01,2025-08-23,Display,103297,1418,138,18,919.21,1206.37,0.3124
CAMP06370,2025-04-04,2025-04-10,Display,86074,1204,132,23,738.49,1800.09,1.4375
CAMP06371,2025-06-02,2025-06-12,Social,95451,2991,504,82,1811.93,5049.52,1.7868
CAMP06372,2025-10-14,2025-11-07,Display,46603,705,65,12,354.16,913.4,1.5791
CAMP06373,2025-01-16,2025-02-05,Search,69377,3648,796,202,5096.14,12804.28,1.5125
CAMP06374,2025-08-22,2025-09-16,Search,67356,3727,867,219,6109.39,17946.02,1.9374
CAMP06375,2025-09-11,2025-09-27,Social,78543,1873,317,60,1171.59,5143.31,3.39
CAMP06376,2025-11-30,2025-12-20,Search,32630,1813,418,108,2743.4,7455.5,1.7176
CAMP06377,2025-01-21,2025-02-06,Social,58149,1373,219,34,1107.0,1869.19,0.6885
CAMP06378,2025-07-02,2025-07-16,Influencer,27636,728,117,20,848.66,1668.74,0.9663
CAMP06379,2025-06-01,2025-06-15,Email,77021,5321,1307,265,4665.5,15606.97,2.3452
CAMP06380,2025-03-06,2025-03-16,Search,35876,2095,504,132,2392.22,11514.15,3.8132
CAMP06381,2025-07-18,2025-07-27,Display,52883,708,77,11,430.36,614.79,0.4285
CAMP06382,2025-05-01,2025-05-25,Social,57732,1608,275,51,1196.55,3463.84,1.8949
CAMP06383,2025-08-18,2025-09-12,Social,57829,1907,363,71,1655.76,3748.19,1.2637
CAMP06384,2025-01-11,2025-01-24,Display,46702,584,54,10,386.39,711.49,0.8414
CAMP06385,2025-07-28,2025-08-23,Search,90118,5219,1165,307,8319.28,19858.69,1.3871
CAMP06386,2025-11-29,2025-12-19,Search,115063,6065,1323,315,8627.33,23137.5,1.6819
CAMP06387,2025-04-12,2025-05-02,Social,20813,517,78,8,491.97,592.88,0.2051
CAMP06388,2025-06-03,2025-06-20,Email,12824,796,181,31,668.52,1911.51,1.8593
CAMP06389,2025-05-06,2025-05-21,Social,87572,1230,144,20,892.8,1364.4,0.5282
CAMP06390,2025-09-03,2025-09-23,Influencer,54898,1875,309,57,2256.19,3933.37,0.7434
CAMP06391,2025-09-02,2025-09-25,Search,48945,3089,719,168,4295.13,14790.31,2.4435
CAMP06392,2025-11-19,2025-12-01,Display,78663,861,82,14,508.75,928.43,0.8249
CAMP06393,2025-05-21,2025-06-08,Social,69540,1621,251,48,1041.39,3123.57,1.9994
CAMP06394,2025-04-02,2025-04-26,Display,93017,1042,105,18,743.3,1215.59,0.6354
CAMP06395,2025-02-19,2025-02-28,Search,24920,1912,518,149,2614.7,10126.19,2.8728
CAMP06396,2025-10-22,2025-11-02,Search,76430,3939,807,178,5229.49,15084.7,1.8845
CAMP06397,2025-04-19,2025-05-07,Email,38441,2693,729,147,2186.3,8418.7,2.8507
CAMP06398,2025-07-13,2025-07-24,Influencer,77637,2464,407,80,2453.13,5487.95,1.2371
CAMP06399,2025-05-15,2025-06-11,Search,111154,5739,1268,293,7642.62,24361.01,2.1875
CAMP06400,2025-08-18,2025-09-03,Search,88363,4836,1104,249,5785.72,20977.46,2.6257
CAMP06401,2025-01-31,2025-02-20,Search,15484,1119,293,69,1583.31,6438.72,3.0666
CAMP06402,2025-07-09,2025-08-05,Email,88709,6700,1712,345,4507.75,24456.37,4.4254
CAMP06403,2025-07-23,2025-08-12,Search,111492,4786,899,185,6610.22,14752.09,1.2317
CAMP06404,2025-01-24,2025-02-02,Social,44746,1278,219,41,1131.49,3018.07,1.6673
CAMP06405,2025-03-22,2025-04-12,Social,42874,1190,192,33,1176.56,2502.74,1.1272
CAMP06406,2025-03-08,2025-03-31,Email,20315,1552,395,88,918.17,7100.51,6.7333
CAMP06407,2025-11-25,2025-12-05,Search,14518,1156,321,95,2003.49,6487.92,2.2383
CAMP06408,2025-11-09,2025-12-06,Search,86563,3952,799,185,4000.23,15856.73,2.964
CAMP06409,2025-07-31,2025-08-07,Email,77539,5346,1311,263,4743.22,15345.09,2.2352
CAMP06410,2025-05-04,2025-05-15,Search,49212,2722,611,172,3094.75,12188.24,2.9384
CAMP06411,2025-05-01,2025-05-13,Search,60224,2681,523,129,3491.32,11879.35,2.4025
CAMP06412,2025-09-28,2025-10-10,Social,72929,1583,229,32,1146.2,1526.15,0.3315
CAMP06413,2025-09-07,2025-09-19,Social,106682,2431,371,69,1739.01,3994.42,1.297
CAMP06414,2025-11-27,2025-12-18,Display,89427,1191,120,13,852.35,705.9,-0.1718
CAMP06415,2025-06-02,2025-06-08,Social,117777,2427,340,50,2096.33,2325.22,0.1092
CAMP06416,2025-12-09,2026-01-03,Social,24406,742,130,30,573.03,2438.57,3.2556
CAMP06417,2025-04-09,2025-04-17,Display,52723,629,58,8,421.87,531.95,0.2609
CAMP06418,2025-06-07,2025-06-20,Search,100094,5265,1109,232,6853.77,17091.74,1.4938
CAMP06419,2025-03-29,2025-04-09,Search,69005,2629,459,82,3500.12,5227.69,0.4936
CAMP06420,2025-02-15,2025-03-02,Social,37437,953,156,27,730.58,2498.58,2.42
CAMP06421,2025-07-16,2025-07-24,Search,32440,1659,339,70,2643.04,6335.38,1.397
CAMP06422,2025-12-07,2025-12-19,Search,69060,3116,618,130,4794.72,12162.15,1.5366
CAMP06423,2025-06-24,2025-07-18,Search,57849,3971,1003,270,5662.27,16322.37,1.8827
CAMP06424,2025-09-05,2025-09-20,Display,22758,211,24,5,117.86,278.47,1.3627
CAMP06425,2025-09-22,2025-10-16,Email,94975,5917,1412,266,5357.72,19858.49,2.7065
CAMP06426,2025-09-15,2025-10-12,Search,39258,1638,315,60,2390.87,3149.66,0.3174
CAMP06427,2025-11-15,2025-11-27,Social,44682,914,139,31,783.75,1871.39,1.3877
CAMP06428,2025-05-07,2025-05-28,Search,62744,3391,758,171,4784.77,14078.9,1.9424
CAMP06429,2025-11-30,2025-12-14,Search,72028,2435,416,75,2900.64,5971.68,1.0587
CAMP06430,2025-05-15,2025-05-25,Social,47096,805,103,13,627.22,1218.57,0.9428
CAMP06431,2025-06-24,2025-07-17,Email,67172,4705,1169,267,3998.2,18752.52,3.6902
CAMP06432,2025-06-05,2025-06-14,Search,28922,1457,283,60,2524.26,5520.18,1.1869
CAMP06433,2025-12-19,2025-12-28,Email,20773,1794,474,98,1238.62,6705.05,4.4133
CAMP06434,2025-02-21,2025-03-08,Email,66017,3835,879,164,2701.24,12487.75,3.623
CAMP06435,2025-07-17,2025-08-11,Display,73161,1002,122,16,681.0,1159.43,0.7025
CAMP06436,2025-07-14,2025-07-24,Search,50990,3750,982,264,5300.71,18191.45,2.4319
CAMP06437,2025-11-27,2025-12-22,Social,40051,1048,181,41,798.9,3888.09,3.8668
CAMP06438,2025-11-26,2025-12-05,Search,57326,4052,983,260,5126.18,25901.84,4.0529
CAMP06439,2025-03-26,2025-04-19,Influencer,120920,4315,795,170,3965.49,13793.37,2.4784
CAMP06440,2025-08-31,2025-09-21,Search,25858,1318,273,59,1795.46,4391.23,1.4457
CAMP06441,2025-06-27,2025-07-11,Display,48307,471,43,6,333.48,397.19,0.191
CAMP06442,2025-01-03,2025-01-25,Social,43543,1408,269,62,1095.61,2910.69,1.6567
CAMP06443,2025-11-04,2025-11-18,Display,28654,443,51,8,267.08,509.91,0.9092
CAMP06444,2025-04-02,2025-04-08,Email,91588,7462,2032,454,5824.06,47372.32,7.1339
CAMP06445,2025-06-28,2025-07-14,Email,90060,7461,1926,450,4814.5,31471.26,5.5368
CAMP06446,2025-05-08,2025-05-25,Display,33751,478,40,5,320.11,332.12,0.0375
CAMP06447,2025-05-24,2025-06-13,Email,49021,3870,1032,216,3472.95,17449.08,4.0243
CAMP06448,2025-10-06,2025-10-24,Search,57186,3292,776,181,5557.46,20071.91,2.6117
CAMP06449,2025-09-20,2025-09-28,Social,102857,3474,614,130,1924.71,10660.08,4.5385
CAMP06450,2025-12-15,2026-01-02,Search,113097,7648,1812,485,13265.53,39242.56,1.9582
CAMP06451,2025-08-29,2025-09-18,Email,48915,4012,1076,229,2759.19,16674.88,5.0434
CAMP06452,2025-07-09,2025-08-04,Social,66114,1687,264,43,1087.25,2467.69,1.2697
CAMP06453,2025-03-30,2025-04-23,Email,160865,11579,2940,613,10190.98,32490.26,2.1881
CAMP06454,2025-08-20,2025-09-14,Display,45913,516,48,4,348.58,287.37,-0.1756
CAMP06455,2025-05-22,2025-05-31,Influencer,77599,2823,517,122,3699.0,9005.48,1.4346
CAMP06456,2025-01-22,2025-02-13,Display,47856,514,58,10,365.6,652.4,0.7845
CAMP06457,2025-10-31,2025-11-17,Email,109388,13328,4465,1176,12285.43,57705.0,3.697
CAMP06458,2025-08-12,2025-08-30,Social,74203,2017,317,55,1649.35,4083.68,1.4759
CAMP06459,2025-09-19,2025-10-14,Search,79927,3246,588,119,5886.13,10441.81,0.774
CAMP06460,2025-11-09,2025-11-27,Social,95215,2878,512,89,2127.42,7075.93,2.3261
CAMP06461,2025-09-08,2025-10-03,Search,31546,1479,320,69,1913.43,5564.97,1.9084
CAMP06462,2025-04-28,2025-05-14,Influencer,55726,1473,236,43,1518.51,2843.77,0.8727
CAMP06463,2025-09-08,2025-09-26,Search,117534,4910,1008,225,6186.49,15107.53,1.442
CAMP06464,2025-02-07,2025-02-28,Email,65730,5488,1515,317,3739.47,17637.9,3.7167
CAMP06465,2025-10-12,2025-10-25,Influencer,50220,1159,165,30,1407.58,3145.95,1.235
CAMP06466,2025-06-04,2025-06-29,Social,63795,1580,261,38,1284.32,2758.22,1.1476
CAMP06467,2025-02-18,2025-03-07,Display,85268,621,50,3,477.93,199.58,-0.5824
CAMP06468,2025-07-27,2025-08-16,Display,73569,866,98,18,643.84,1074.09,0.6683
CAMP06469,2025-01-21,2025-02-11,Search,80563,6958,1960,596,12185.74,42584.68,2.4946
CAMP06470,2025-10-09,2025-10-22,Social,25750,728,122,22,637.55,1842.21,1.8895
CAMP06471,2025-01-05,2025-01-29,Influencer,19037,712,124,26,516.41,2154.81,3.1727
CAMP06472,2025-01-30,2025-02-17,Search,161951,9225,2063,537,12542.84,62470.69,3.9806
CAMP06473,2025-02-01,2025-02-27,Social,95156,2323,365,64,1590.3,4530.08,1.8486
CAMP06474,2025-11-14,2025-11-26,Search,74319,3680,802,187,4303.47,15028.8,2.4923
CAMP06475,2025-01-19,2025-01-28,Email,35285,2006,435,91,1303.4,7133.21,4.4728
CAMP06476,2025-05-21,2025-06-05,Email,104984,9382,2645,585,8757.26,34325.44,2.9197
CAMP06477,2025-05-03,2025-05-25,Search,41391,2054,378,96,2690.12,7936.43,1.9502
CAMP06478,2025-12-02,2025-12-18,Email,47071,3623,955,178,3372.31,10163.03,2.0137
CAMP06479,2025-12-06,2025-12-22,Social,104757,2277,358,56,1648.18,2490.46,0.511
CAMP06480,2025-10-30,2025-11-06,Search,40553,2603,621,172,3791.28,15248.81,3.0221
CAMP06481,2025-08-16,2025-08-22,Search,52732,3325,776,185,4582.41,18668.59,3.074
CAMP06482,2025-03-31,2025-04-20,Search,42933,2151,474,109,3296.64,8011.56,1.4302
CAMP06483,2025-12-30,2026-01-25,Search,110098,4381,834,162,6903.27,12019.82,0.7412
CAMP06484,2025-08-24,2025-09-04,Social,74109,1782,297,49,1704.56,3195.3,0.8746
CAMP06485,2025-09-08,2025-09-19,Influencer,56201,2007,372,85,1820.14,8744.2,3.8041
CAMP06486,2025-09-25,2025-10-21,Social,47416,1038,134,23,1041.08,1505.56,0.4462
CAMP06487,2025-04-18,2025-05-12,Display,52985,534,41,7,309.22,457.08,0.4782
CAMP06488,2025-11-23,2025-12-11,Search,85220,5136,1199,325,7207.08,33220.74,3.6095
CAMP06489,2025-08-17,2025-08-29,Social,44349,877,137,25,871.55,1874.24,1.1505
CAMP06490,2025-12-13,2025-12-29,Influencer,58605,1915,327,73,2347.66,5610.45,1.3898
CAMP06491,2025-02-08,2025-03-04,Influencer,37394,1723,353,86,1613.72,6776.38,3.1992
CAMP06492,2025-01-14,2025-01-26,Search,5765,396,84,25,512.12,2050.09,3.0031
CAMP06493,2025-07-04,2025-07-23,Search,57168,3212,672,172,3987.86,13967.92,2.5026
CAMP06494,2025-05-28,2025-06-06,Email,15005,731,132,24,643.99,1784.56,1.7711
CAMP06495,2025-07-05,2025-07-12,Search,220587,15349,3810,1041,17902.35,79441.01,3.4375
CAMP06496,2025-10-27,2025-11-04,Influencer,60523,2183,399,85,2464.3,6790.38,1.7555
CAMP06497,2025-08-09,2025-08-19,Search,103228,4757,977,212,6641.7,15911.78,1.3957
CAMP06498,2025-10-08,2025-10-27,Email,38703,2429,589,102,2082.11,7076.63,2.3988
CAMP06499,2025-06-07,2025-06-16,Influencer,21382,762,144,33,776.6,2640.07,2.3995
CAMP06500,2025-05-27,2025-06-22,Influencer,34277,1230,210,42,1274.92,3435.65,1.6948
CAMP06501,2025-10-11,2025-10-19,Social,122616,2899,472,100,2272.42,5564.58,1.4487
CAMP06502,2025-03-25,2025-04-02,Email,59389,4766,1244,271,3944.64,13960.55,2.5391
CAMP06503,2025-05-27,2025-06-09,Social,71636,1507,220,39,1220.32,3362.31,1.7553
CAMP06504,2025-10-09,2025-11-05,Search,38441,1621,330,73,2205.53,5088.59,1.3072
CAMP06505,2025-04-13,2025-04-29,Search,102079,5654,1242,290,7804.32,27866.48,2.5706
CAMP06506,2025-09-08,2025-09-16,Social,25000,670,98,19,599.33,1298.02,1.1658
CAMP06507,2025-02-26,2025-03-24,Search,79778,4279,947,231,5976.36,23477.13,2.9283
CAMP06508,2025-03-09,2025-04-03,Search,100991,7997,2107,623,11156.51,37315.37,2.3447
CAMP06509,2025-07-16,2025-08-08,Influencer,65370,1791,277,53,2106.44,4501.38,1.137
CAMP06510,2025-09-24,2025-09-30,Search,64443,4822,1262,357,7315.88,29341.21,3.0106
CAMP06511,2025-07-24,2025-08-02,Display,58145,718,86,10,438.8,561.47,0.2796
CAMP06512,2025-07-14,2025-07-22,Search,144814,8921,2032,485,11740.08,43708.36,2.723
CAMP06513,2025-09-28,2025-10-25,Social,78048,2132,369,68,2139.31,4535.32,1.12
CAMP06514,2025-11-04,2025-11-27,Search,28543,2126,553,153,3134.86,9831.77,2.1363
CAMP06515,2025-04-12,2025-04-26,Social,65604,1595,231,48,1463.46,2693.32,0.8404
CAMP06516,2025-01-23,2025-01-29,Social,24199,513,91,15,440.85,1040.31,1.3598
CAMP06517,2025-03-27,2025-04-02,Display,89425,1410,169,22,909.04,1850.39,1.0355
CAMP06518,2025-07-24,2025-07-31,Search,90030,5059,1109,254,5629.77,17899.59,2.1795
CAMP06519,2025-02-11,2025-03-08,Social,100603,3568,638,139,3053.37,8123.93,1.6606
CAMP06520,2025-06-11,2025-06-23,Social,61498,1637,248,44,1476.25,3148.11,1.1325
CAMP06521,2025-02-27,2025-03-10,Social,93354,2329,362,64,1944.89,4014.58,1.0642
CAMP06522,2025-04-08,2025-04-28,Influencer,31635,989,163,37,1047.85,2379.29,1.2706
CAMP06523,2025-12-29,2026-01-04,Display,69802,802,83,9,485.14,575.21,0.1857
CAMP06524,2025-01-10,2025-01-19,Social,31397,1093,214,38,768.86,2428.92,2.1591
CAMP06525,2025-01-16,2025-01-31,Search,37804,1825,380,78,2678.89,5476.39,1.0443
CAMP06526,2025-09-08,2025-09-27,Email,101107,6251,1495,271,5076.77,17799.64,2.5061
CAMP06527,2025-01-16,2025-01-29,Influencer,103120,3158,528,102,3296.77,8377.54,1.5411
CAMP06528,2025-10-20,2025-11-11,Display,81887,1164,121,26,797.88,2160.33,1.7076
CAMP06529,2025-06-21,2025-07-04,Email,75263,4293,984,168,3740.83,11840.89,2.1653
CAMP06530,2025-01-25,2025-02-17,Social,32135,630,97,12,543.16,696.56,0.2824
CAMP06531,2025-06-16,2025-06-26,Display,111761,1482,143,27,1155.32,1774.25,0.5357
CAMP06532,2025-02-12,2025-03-06,Display,21291,302,41,6,215.7,441.8,1.0482
CAMP06533,2025-08-27,2025-09-18,Search,41767,2085,421,109,2693.93,7872.91,1.9225
CAMP06534,2025-12-25,2026-01-14,Search,71614,3987,855,231,5093.07,14842.56,1.9143
CAMP06535,2025-03-06,2025-03-30,Social,70117,2082,370,65,1824.95,4381.68,1.401
CAMP06536,2025-01-13,2025-02-09,Influencer,123657,4228,708,163,4895.13,13373.39,1.732
CAMP06537,2025-02-16,2025-02-23,Search,47578,2566,568,131,3822.26,9810.13,1.5666
CAMP06538,2025-02-23,2025-03-15,Social,48079,1092,173,26,779.02,2100.99,1.697
CAMP06539,2025-06-12,2025-06-22,Influencer,61871,2249,442,92,2991.11,8257.51,1.7607
CAMP06540,2025-06-30,2025-07-08,Social,13963,301,45,8,223.65,696.26,2.1132
CAMP06541,2025-06-28,2025-07-09,Search,14626,700,147,32,846.26,2146.76,1.5368
CAMP06542,2025-01-28,2025-02-24,Email,54594,4529,1225,266,3029.33,16251.2,4.3646
CAMP06543,2025-05-06,2025-05-16,Search,35398,2771,700,181,3936.11,12101.62,2.0745
CAMP06544,2025-12-15,2025-12-25,Display,31301,279,27,6,213.62,454.64,1.1283
CAMP06545,2025-10-31,2025-11-12,Email,114169,7410,1827,364,7139.04,24302.95,2.4042
CAMP06546,2025-07-17,2025-07-26,Social,54867,1598,274,52,1078.55,3493.45,2.239
CAMP06547,2025-04-08,2025-04-26,Search,51835,2744,564,114,3915.99,7778.97,0.9865
CAMP06548,2025-12-06,2025-12-18,Display,33795,433,46,8,307.08,523.74,0.7055
CAMP06549,2025-06-27,2025-07-11,Email,113575,9153,2488,557,6061.69,46121.39,6.6087
CAMP06550,2025-05-16,2025-06-02,Social,48724,902,127,21,704.71,1705.05,1.4195
CAMP06551,2025-11-04,2025-11-30,Email,67383,4598,1181,251,3677.07,15832.48,3.3057
CAMP06552,2025-12-30,2026-01-16,Display,69798,913,105,12,605.74,1069.07,0.7649
CAMP06553,2025-09-04,2025-09-27,Social,103365,2685,415,70,2032.49,5551.66,1.7315
CAMP06554,2025-05-26,2025-06-21,Search,59108,2268,417,79,3214.08,4828.93,0.5024
CAMP06555,2025-02-18,2025-03-14,Display,15626,190,18,1,141.16,75.0,-0.4687
CAMP06556,2025-03-18,2025-04-05,Search,92002,5094,1135,263,7897.54,22630.19,1.8655
CAMP06557,2025-02-03,2025-02-09,Search,30050,1887,439,119,2713.24,8614.24,2.1749
CAMP06558,2025-07-05,2025-08-01,Social,30995,539,88,10,377.89,676.79,0.791
CAMP06559,2025-07-31,2025-08-26,Email,81669,4907,1119,215,3894.12,16346.24,3.1977
CAMP06560,2025-03-01,2025-03-13,Email,27256,3023,993,257,2071.02,18184.23,7.7803
CAMP06561,2025-09-15,2025-09-29,Search,40285,3155,844,245,4329.57,22001.94,4.0818
CAMP06562,2025-05-31,2025-06-16,Display,66842,729,81,9,430.77,554.15,0.2864
CAMP06563,2025-11-07,2025-12-02,Search,57918,4083,995,258,4542.05,18813.77,3.1421
CAMP06564,2025-12-19,2026-01-06,Search,81940,4242,884,208,6414.96,15444.33,1.4075
CAMP06565,2025-03-23,2025-04-01,Email,46161,4150,1160,265,4310.29,22137.19,4.1359
CAMP06566,2025-01-03,2025-01-28,Search,40814,1886,382,104,3074.43,8989.56,1.924
CAMP06567,2025-12-20,2026-01-09,Social,99988,2380,355,56,2025.52,3049.42,0.5055
CAMP06568,2025-11-30,2025-12-23,Email,64511,5277,1471,324,5726.98,19346.34,2.3781
CAMP06569,2025-01-18,2025-01-28,Search,78336,3883,796,162,5900.23,13344.49,1.2617
CAMP06570,2025-01-04,2025-01-31,Search,78313,3444,705,154,5604.87,10675.5,0.9047
CAMP06571,2025-10-27,2025-11-08,Influencer,95305,2914,495,95,3280.46,8147.47,1.4836
CAMP06572,2025-03-08,2025-03-28,Display,87360,901,76,12,620.08,1057.82,0.7059
CAMP06573,2025-04-18,2025-04-28,Search,77007,3877,839,174,5221.66,13407.0,1.5676
CAMP06574,2025-11-14,2025-12-08,Influencer,43843,1574,271,60,1503.5,4434.5,1.9495
CAMP06575,2025-07-24,2025-07-31,Display,90806,1159,122,14,785.93,983.43,0.2513
CAMP06576,2025-01-22,2025-02-02,Search,41778,2165,480,103,2888.86,5688.91,0.9693
CAMP06577,2025-06-03,2025-06-16,Display,96517,1301,155,18,1017.96,1311.1,0.288
CAMP06578,2025-12-09,2025-12-21,Social,165211,3252,479,83,3131.79,7559.71,1.4139
CAMP06579,2025-01-31,2025-02-18,Email,83489,7462,2087,454,6338.92,29539.3,3.66
CAMP06580,2025-07-25,2025-08-08,Email,75979,6733,1866,466,5537.2,29596.26,4.345
CAMP06581,2025-03-03,2025-03-13,Social,65725,1655,250,43,1222.36,2795.84,1.2872
CAMP06582,2025-08-07,2025-08-17,Search,100198,5772,1255,319,7784.28,29690.44,2.8142
CAMP06583,2025-12-02,2025-12-16,Search,40725,1691,321,63,2417.33,3801.47,0.5726
CAMP06584,2025-02-06,2025-02-15,Social,36108,944,143,30,815.17,1960.62,1.4052
CAMP06585,2025-04-09,2025-05-04,Search,55352,3154,704,175,3695.42,16965.11,3.5908
CAMP06586,2025-08-30,2025-09-05,Display,52403,742,85,10,428.82,534.12,0.2456
CAMP06587,2025-08-31,2025-09-16,Search,51197,4199,1093,291,6523.96,27749.88,3.2535
CAMP06588,2025-06-11,2025-07-08,Search,67871,3007,609,137,4082.44,10338.98,1.5325
CAMP06589,2025-08-08,2025-08-27,Display,39282,402,41,8,269.03,602.37,1.239
CAMP06590,2025-08-02,2025-08-28,Search,41294,2142,459,117,2963.94,10007.82,2.3765
CAMP06591,2025-05-11,2025-05-31,Display,70772,711,64,9,488.76,594.61,0.2166
CAMP06592,2025-07-29,2025-08-23,Social,103623,2903,503,101,2361.52,5761.13,1.4396
CAMP06593,2025-07-18,2025-07-27,Social,103464,2246,338,61,1876.86,4180.51,1.2274
CAMP06594,2025-08-16,2025-08-25,Social,99850,2839,459,70,2577.32,5052.07,0.9602
CAMP06595,2025-01-20,2025-01-29,Display,65701,611,56,7,348.41,464.41,0.3329
CAMP06596,2025-04-26,2025-05-21,Influencer,87920,2720,445,96,3869.17,10558.28,1.7288
CAMP06597,2025-01-13,2025-01-30,Social,49998,1655,309,66,1305.87,4191.01,2.2094
CAMP06598,2025-08-05,2025-08-23,Display,126994,1931,202,37,1217.37,2891.23,1.375
CAMP06599,2025-08-17,2025-08-30,Influencer,72021,2709,551,138,3295.86,12288.5,2.7285
CAMP06600,2025-07-16,2025-07-29,Display,66888,867,88,17,454.09,1167.02,1.57
CAMP06601,2025-09-19,2025-10-09,Social,69509,1657,271,45,1302.17,3993.81,2.067
CAMP06602,2025-08-11,2025-08-22,Search,98322,5891,1329,349,8359.19,36630.9,3.3821
CAMP06603,2025-01-17,2025-02-05,Search,55284,3033,681,147,5714.71,10738.31,0.8791
CAMP06604,2025-11-10,2025-12-05,Email,87067,5879,1444,286,4457.46,18218.56,3.0872
CAMP06605,2025-08-18,2025-09-02,Search,44728,2651,615,163,3476.37,15429.52,3.4384
CAMP06606,2025-06-22,2025-07-14,Social,54680,1393,249,47,1283.41,3935.1,2.0661
CAMP06607,2025-08-31,2025-09-08,Search,50891,3560,853,254,4691.13,19754.92,3.2111
CAMP06608,2025-07-27,2025-08-18,Email,59162,3752,927,173,3307.57,9061.49,1.7396
CAMP06609,2025-03-04,2025-03-29,Search,43339,2093,432,78,2585.97,5076.86,0.9632
CAMP06610,2025-06-06,2025-07-03,Email,32455,2454,603,137,1948.7,10230.21,4.2498
CAMP06611,2025-05-12,2025-05-21,Email,31629,2019,481,94,1768.68,6126.67,2.464
CAMP06612,2025-01-13,2025-01-24,Social,37272,1040,168,28,600.81,1480.54,1.4642
CAMP06613,2025-08-26,2025-09-08,Search,63168,3277,717,170,5837.88,12137.47,1.0791
CAMP06614,2025-09-29,2025-10-20,Influencer,85726,3281,590,153,3934.29,14519.04,2.6904
CAMP06615,2025-09-10,2025-09-17,Email,102047,7122,1804,348,6016.72,24159.7,3.0154
CAMP06616,2025-03-08,2025-03-24,Search,30329,1498,299,69,1921.22,6352.04,2.3063
CAMP06617,2025-06-07,2025-06-21,Email,70755,5598,1447,332,5210.62,24838.29,3.7669
CAMP06618,2025-04-05,2025-04-14,Search,119193,4725,924,180,6426.86,17831.24,1.7745
CAMP06619,2025-01-20,2025-01-30,Social,45898,1161,213,36,794.17,2817.96,2.5483
CAMP06620,2025-02-08,2025-02-18,Search,42086,2205,472,115,3397.93,8357.04,1.4595
CAMP06621,2025-01-07,2025-01-16,Influencer,146465,6010,1138,269,7653.04,17580.57,1.2972
CAMP06622,2025-05-08,2025-05-29,Search,115337,6050,1359,333,9049.46,17888.96,0.9768
CAMP06623,2025-08-10,2025-08-26,Social,27290,875,132,25,645.94,1413.31,1.188
CAMP06624,2025-01-23,2025-02-15,Email,57942,4388,1159,263,3391.23,18133.24,4.3471
CAMP06625,2025-09-24,2025-10-03,Search,33279,1482,283,60,2130.73,6088.78,1.8576
CAMP06626,2025-06-13,2025-06-27,Influencer,91604,3213,576,129,2917.59,9728.7,2.3345
CAMP06627,2025-09-21,2025-10-13,Search,26883,1332,274,65,1371.84,4756.58,2.4673
CAMP06628,2025-02-14,2025-02-25,Influencer,28168,1184,258,73,1237.99,6093.81,3.9223
CAMP06629,2025-03-31,2025-04-06,Email,62405,4225,1002,211,3290.36,13117.96,2.9868
CAMP06630,2025-11-05,2025-11-16,Social,118464,2435,350,60,1863.34,5161.29,1.7699
CAMP06631,2025-04-01,2025-04-08,Search,89912,6070,1483,369,8288.94,32610.96,2.9343
CAMP06632,2025-08-28,2025-09-03,Social,32623,829,133,27,660.75,1811.02,1.7409
CAMP06633,2025-04-21,2025-05-07,Social,31126,849,134,33,628.74,2202.86,2.5036
CAMP06634,2025-12-09,2025-12-22,Search,68105,3020,595,125,3701.17,12363.84,2.3405
CAMP06635,2025-05-16,2025-06-01,Influencer,94045,4643,964,262,5088.33,19139.01,2.7614
CAMP06636,2025-12-05,2025-12-18,Display,58957,745,87,9,458.24,540.97,0.1805
CAMP06637,2025-09-19,2025-09-28,Display,31575,488,72,15,312.3,887.36,1.8414
CAMP06638,2025-04-03,2025-04-21,Search,69739,3266,615,136,4305.47,9480.06,1.2019
CAMP06639,2025-03-09,2025-04-05,Social,46511,1065,172,27,828.09,2005.14,1.4214
CAMP06640,2025-04-17,2025-05-12,Social,103618,2011,262,36,1555.07,2110.37,0.3571
CAMP06641,2025-11-01,2025-11-20,Email,48047,4498,1262,282,3575.93,15022.27,3.2009
CAMP06642,2025-06-23,2025-07-09,Search,54072,3464,798,205,4719.88,19544.91,3.141
CAMP06643,2025-05-21,2025-06-03,Search,83485,5041,1123,302,6261.76,21233.59,2.391
CAMP06644,2025-05-15,2025-05-24,Influencer,68529,1848,295,74,1723.55,5514.8,2.1997
CAMP06645,2025-08-31,2025-09-13,Search,109925,8921,2418,669,11919.75,44116.26,2.7011
CAMP06646,2025-02-19,2025-03-12,Search,146730,8536,1927,450,11157.47,32704.4,1.9312
CAMP06647,2025-08-26,2025-09-02,Search,61293,2549,492,100,4311.81,7281.79,0.6888
CAMP06648,2025-09-22,2025-09-29,Email,7253,465,123,25,387.78,1512.15,2.8995
CAMP06649,2025-04-03,2025-04-23,Search,75239,3598,757,180,4951.57,12106.37,1.445
CAMP06650,2025-05-25,2025-06-19,Search,67720,4222,995,235,6232.21,23146.4,2.714
CAMP06651,2025-11-25,2025-12-05,Search,109100,6182,1382,335,7722.58,21997.2,1.8484
CAMP06652,2025-07-14,2025-07-22,Social,110365,4149,824,206,4216.04,16518.7,2.9181
CAMP06653,2025-07-16,2025-08-01,Influencer,40924,1205,187,37,1414.43,3848.41,1.7208
CAMP06654,2025-10-10,2025-10-16,Influencer,46384,1841,378,95,2026.99,7655.59,2.7768
CAMP06655,2025-05-19,2025-06-15,Search,96781,5694,1331,362,9361.21,38357.82,3.0975
CAMP06656,2025-03-05,2025-03-14,Social,96811,2729,475,96,2298.93,7957.56,2.4614
CAMP06657,2025-02-24,2025-03-10,Display,143672,1904,204,35,1421.39,2269.06,0.5964
CAMP06658,2025-02-19,2025-03-05,Search,57645,3042,679,173,5025.03,15380.59,2.0608
CAMP06659,2025-07-05,2025-07-14,Display,100128,1439,147,18,1220.52,1164.37,-0.046
CAMP06660,2025-06-30,2025-07-26,Influencer,80192,3509,703,159,3961.77,10794.28,1.7246
CAMP06661,2025-05-16,2025-06-06,Search,99550,4792,959,217,7241.51,16744.85,1.3123
CAMP06662,2025-06-08,2025-07-01,Influencer,57548,2607,547,132,2944.55,11028.92,2.7455
CAMP06663,2025-01-23,2025-02-06,Social,36894,904,136,23,747.21,1480.46,0.9813
CAMP06664,2025-12-31,2026-01-20,Email,15311,776,166,30,703.67,2288.18,2.2518
CAMP06665,2025-12-30,2026-01-06,Search,32960,1690,362,78,2326.97,5967.12,1.5643
CAMP06666,2025-09-11,2025-09-19,Display,81399,686,50,9,559.65,568.22,0.0153
CAMP06667,2025-04-24,2025-05-07,Email,43724,3097,780,153,2371.99,10294.15,3.3399
CAMP06668,2025-04-11,2025-05-05,Search,58109,2630,548,117,3691.23,9282.58,1.5148
CAMP06669,2025-11-12,2025-12-01,Display,75933,984,107,10,705.34,935.33,0.3261
CAMP06670,2025-02-12,2025-02-18,Social,17793,469,78,16,355.72,1279.7,2.5975
CAMP06671,2025-10-30,2025-11-10,Display,46552,506,43,7,333.14,545.38,0.6371
CAMP06672,2025-01-25,2025-02-21,Email,96074,7111,1845,384,6474.33,19306.18,1.982
CAMP06673,2025-07-29,2025-08-20,Email,133579,14093,4402,1107,10700.6,78433.33,6.3298
CAMP06674,2025-12-23,2026-01-04,Search,45232,2447,502,112,2895.67,6868.21,1.3719
CAMP06675,2025-07-17,2025-08-06,Display,35508,480,57,6,361.98,330.73,-0.0863
CAMP06676,2025-11-12,2025-12-02,Display,43983,605,71,10,371.66,524.75,0.4119
CAMP06677,2025-02-07,2025-02-22,Search,87003,4057,816,181,4996.4,14659.42,1.934
CAMP06678,2025-04-02,2025-04-15,Search,46757,2400,502,119,3463.97,6680.19,0.9285
CAMP06679,2025-07-26,2025-08-21,Email,80110,3669,730,119,2755.78,8330.73,2.023
CAMP06680,2025-09-11,2025-10-05,Search,50663,3851,1013,286,6172.35,26293.11,3.2598
CAMP06681,2025-08-18,2025-08-24,Email,69266,3888,896,173,2522.36,11617.77,3.6059
CAMP06682,2025-07-04,2025-07-21,Social,98653,3034,502,97,2238.76,7813.9,2.4903
CAMP06683,2025-05-17,2025-05-30,Email,47378,4294,1222,273,3779.22,15879.01,3.2017
CAMP06684,2025-01-03,2025-01-10,Email,44122,3053,754,160,2435.03,11146.98,3.5778
CAMP06685,2025-11-01,2025-11-12,Social,98878,3059,528,106,2201.06,9424.03,3.2816
CAMP06686,2025-11-01,2025-11-19,Display,19483,244,23,6,140.95,375.79,1.6661
CAMP06687,2025-06-27,2025-07-19,Social,24994,718,135,23,452.93,1517.21,2.3498
CAMP06688,2025-04-13,2025-04-23,Display,82638,706,57,6,404.38,446.83,0.105
CAMP06689,2025-06-14,2025-06-22,Influencer,82106,2627,429,91,3384.62,10486.2,2.0982
CAMP06690,2025-07-07,2025-07-27,Display,38335,372,32,4,300.51,222.09,-0.261
CAMP06691,2025-12-13,2025-12-25,Search,95716,5267,1120,303,7791.79,31144.9,2.9971
CAMP06692,2025-09-25,2025-10-09,Influencer,43013,1540,255,55,1669.08,5065.68,2.035
CAMP06693,2025-06-05,2025-06-16,Social,42027,1024,162,23,731.81,2252.21,2.0776
CAMP06694,2025-02-05,2025-02-17,Display,57180,715,79,11,398.94,637.05,0.5969
CAMP06695,2025-09-22,2025-10-03,Influencer,41013,1375,246,52,1927.75,4687.04,1.4314
CAMP06696,2025-10-11,2025-11-07,Influencer,38238,1117,181,33,1286.08,2435.0,0.8934
CAMP06697,2025-08-08,2025-08-25,Email,54211,4753,1325,282,3523.89,16631.02,3.7195
CAMP06698,2025-11-12,2025-12-08,Search,30185,1423,289,58,2280.97,4013.03,0.7594
CAMP06699,2025-04-18,2025-05-10,Social,56281,1685,262,46,1324.7,2852.72,1.1535
CAMP06700,2025-11-26,2025-12-05,Display,30705,369,40,7,194.08,529.79,1.7298
CAMP06701,2025-03-23,2025-04-07,Search,71191,3254,656,134,4224.68,12339.43,1.9208
CAMP06702,2025-12-07,2025-12-15,Search,87180,5020,1143,287,6310.61,15879.12,1.5163
CAMP06703,2025-08-31,2025-09-27,Search,80481,3421,692,142,5328.47,10459.75,0.963
CAMP06704,2025-12-02,2025-12-18,Email,12238,1014,251,56,637.29,2698.21,3.2339
CAMP06705,2025-06-05,2025-06-21,Influencer,79680,4023,868,213,4469.07,16237.76,2.6334
CAMP06706,2025-07-20,2025-08-08,Search,33178,1788,390,97,2556.45,8666.62,2.3901
CAMP06707,2025-01-14,2025-02-06,Display,38498,505,50,8,365.33,613.85,0.6803
CAMP06708,2025-12-30,2026-01-20,Social,15730,317,53,13,242.34,805.32,2.3231
CAMP06709,2025-07-23,2025-08-18,Email,20789,2085,660,173,1410.97,10290.38,6.2931
CAMP06710,2025-07-12,2025-08-06,Display,27158,333,33,3,252.04,174.23,-0.3087
CAMP06711,2025-12-21,2025-12-30,Influencer,43524,1662,320,78,1845.42,6932.01,2.7563
CAMP06712,2025-09-03,2025-09-26,Influencer,36548,1148,226,42,1283.5,3075.7,1.3963
CAMP06713,2025-02-07,2025-02-24,Social,78540,2179,377,63,1814.59,4763.5,1.6251
CAMP06714,2025-09-24,2025-10-17,Email,46084,2858,651,108,2005.89,6026.25,2.0043
CAMP06715,2025-01-31,2025-02-21,Influencer,25741,790,139,30,984.73,3168.41,2.2175
CAMP06716,2025-08-26,2025-09-03,Social,38407,801,102,18,674.15,933.1,0.3841
CAMP06717,2025-09-10,2025-09-22,Influencer,54191,2231,476,106,2900.99,9238.56,2.1846
CAMP06718,2025-03-12,2025-04-02,Search,64099,4102,1011,248,6264.08,19838.26,2.167
CAMP06719,2025-01-20,2025-01-26,Social,22258,445,57,11,379.89,700.52,0.844
CAMP06720,2025-06-19,2025-07-13,Influencer,60864,1931,342,81,2309.77,5852.89,1.534
CAMP06721,2025-01-15,2025-02-03,Search,136900,8659,2069,503,10055.35,45377.74,3.5128
CAMP06722,2025-08-26,2025-09-22,Social,30212,869,157,29,871.25,1972.72,1.2642
CAMP06723,2025-11-04,2025-11-25,Search,82589,3614,713,151,5360.15,18815.33,2.5102
CAMP06724,2025-07-09,2025-07-20,Search,83890,4990,1150,272,7392.42,26010.87,2.5186
CAMP06725,2025-02-17,2025-03-08,Search,29314,1244,236,53,1688.44,2955.31,0.7503
CAMP06726,2025-01-29,2025-02-21,Social,103897,4186,816,180,3317.91,13094.04,2.9465
CAMP06727,2025-04-10,2025-05-02,Social,45549,1047,174,33,872.43,1895.26,1.1724
CAMP06728,2025-06-08,2025-07-01,Social,95436,2525,401,77,2054.87,4530.35,1.2047
CAMP06729,2025-04-28,2025-05-24,Email,29847,2739,793,165,2072.62,17382.23,7.3866
CAMP06730,2025-10-11,2025-10-17,Social,48916,1068,140,13,840.26,864.21,0.0285
CAMP06731,2025-02-14,2025-03-04,Search,44253,2219,459,97,3499.0,7290.02,1.0835
CAMP06732,2025-04-16,2025-04-22,Email,40570,2560,637,121,2324.71,8158.2,2.5093
CAMP06733,2025-05-20,2025-06-11,Influencer,86341,3252,602,130,2852.25,11154.23,2.9107
CAMP06734,2025-05-23,2025-06-03,Email,61281,3242,740,121,2872.79,7073.2,1.4621
CAMP06735,2025-01-30,2025-02-15,Influencer,46965,1654,339,96,1725.01,9320.52,4.4032
CAMP06736,2025-09-11,2025-09-23,Display,66754,894,104,12,527.51,615.08,0.166
CAMP06737,2025-11-27,2025-12-15,Influencer,128647,3807,596,129,3613.23,12967.44,2.5889
CAMP06738,2025-10-21,2025-11-12,Social,129228,3733,693,144,2525.4,8537.0,2.3805
CAMP06739,2025-11-11,2025-12-07,Display,61690,702,59,8,488.34,457.98,-0.0622
CAMP06740,2025-10-29,2025-11-09,Social,81482,1841,299,53,1467.19,4496.48,2.0647
CAMP06741,2025-10-14,2025-10-31,Email,24005,1758,446,92,1350.84,6480.58,3.7974
CAMP06742,2025-01-18,2025-02-05,Email,35918,2176,535,108,1557.26,8451.87,4.4274
CAMP06743,2025-11-24,2025-12-01,Display,51705,411,29,2,267.73,186.19,-0.3046
CAMP06744,2025-07-28,2025-08-18,Search,42846,2823,676,177,4389.76,12260.52,1.793
CAMP06745,2025-04-18,2025-05-03,Influencer,87829,2970,558,105,3316.17,8694.91,1.622
CAMP06746,2025-01-01,2025-01-14,Display,48844,589,52,9,349.98,454.17,0.2977
CAMP06747,2025-11-18,2025-11-27,Display,30141,327,21,4,271.84,252.19,-0.0723
CAMP06748,2025-08-11,2025-08-27,Search,87293,4340,912,216,6484.27,12328.13,0.9012
CAMP06749,2025-08-21,2025-09-08,Influencer,24529,1025,210,50,937.25,4354.79,3.6463
CAMP06750,2025-12-24,2026-01-04,Social,33677,978,158,27,775.59,2368.03,2.0532
CAMP06751,2025-08-09,2025-08-22,Social,23256,504,79,11,360.23,828.94,1.3011
CAMP06752,2025-07-24,2025-08-18,Display,100576,1292,137,14,862.2,868.92,0.0078
CAMP06753,2025-10-27,2025-11-08,Search,71916,4545,1041,263,5777.32,31047.29,4.374
CAMP06754,2025-11-24,2025-12-18,Social,35069,722,85,21,592.94,1427.7,1.4078
CAMP06755,2025-01-27,2025-02-09,Social,69074,2084,364,59,1966.85,3274.03,0.6646
CAMP06756,2025-09-19,2025-09-29,Search,80176,3905,820,190,6460.5,19247.48,1.9793
CAMP06757,2025-09-13,2025-09-26,Display,29210,454,49,11,286.5,645.63,1.2535
CAMP06758,2025-05-12,2025-05-21,Email,27539,1860,456,92,1505.39,6084.45,3.0418
CAMP06759,2025-07-11,2025-08-01,Search,82434,4272,923,240,6849.54,16885.03,1.4651
CAMP06760,2025-07-15,2025-08-04,Search,76565,3961,843,216,5834.84,16316.63,1.7964
CAMP06761,2025-01-23,2025-02-19,Influencer,40989,1402,238,49,1359.47,3990.22,1.9351
CAMP06762,2025-09-03,2025-09-27,Search,36425,1948,379,91,2695.14,6427.32,1.3848
CAMP06763,2025-05-19,2025-05-29,Social,18906,373,44,8,243.63,503.93,1.0684
CAMP06764,2025-05-03,2025-05-28,Search,106492,8403,2212,650,11164.25,45478.69,3.0736
CAMP06765,2025-12-28,2026-01-10,Search,41467,2367,517,129,2860.06,9324.47,2.2602
CAMP06766,2025-05-28,2025-06-23,Display,72413,872,89,13,606.7,953.09,0.5709
CAMP06767,2025-07-31,2025-08-27,Social,113858,2181,283,57,2300.79,4282.23,0.8612
CAMP06768,2025-07-11,2025-07-17,Social,53335,1060,155,21,943.22,1953.49,1.0711
CAMP06769,2025-11-30,2025-12-13,Influencer,50931,1574,255,50,1655.75,4985.85,2.0112
CAMP06770,2025-11-30,2025-12-10,Display,50923,741,81,12,424.6,1046.75,1.4653
CAMP06771,2025-02-07,2025-02-20,Search,84259,4038,819,194,5441.32,14257.28,1.6202
CAMP06772,2025-04-02,2025-04-10,Social,30280,867,150,30,628.95,1887.64,2.0013
CAMP06773,2025-10-16,2025-11-08,Social,80032,1999,293,42,1355.56,3650.77,1.6932
CAMP06774,2025-09-01,2025-09-11,Email,30315,2952,888,182,2308.06,13631.92,4.9062
CAMP06775,2025-02-20,2025-03-01,Influencer,66772,2632,489,95,3137.94,7036.06,1.2423
CAMP06776,2025-03-11,2025-03-30,Influencer,112968,3528,590,137,4108.21,12580.73,2.0623
CAMP06777,2025-05-19,2025-05-26,Social,114395,2945,474,98,2680.6,8577.81,2.2
CAMP06778,2025-05-23,2025-05-29,Email,81232,4102,837,134,3232.49,7355.1,1.2754
CAMP06779,2025-10-14,2025-10-26,Social,64433,1970,346,71,1775.19,5328.18,2.0015
CAMP06780,2025-04-03,2025-04-22,Email,105174,7043,1677,317,6700.98,18316.32,1.7334
CAMP06781,2025-09-27,2025-10-08,Search,34900,1467,293,64,2112.33,4466.17,1.1143
CAMP06782,2025-05-25,2025-06-19,Social,24998,638,105,15,512.36,1279.21,1.4967
CAMP06783,2025-07-13,2025-07-21,Display,79794,729,63,8,483.71,584.9,0.2092
CAMP06784,2025-05-28,2025-06-14,Social,51569,1167,178,30,815.17,2593.57,2.1816
CAMP06785,2025-05-10,2025-06-01,Social,73932,1863,321,72,1531.57,4963.84,2.241
CAMP06786,2025-04-01,2025-04-27,Search,114393,6670,1544,379,7951.67,31333.89,2.9405
CAMP06787,2025-05-21,2025-05-31,Display,80074,882,80,8,505.07,464.7,-0.0799
CAMP06788,2025-11-07,2025-11-17,Search,97647,5680,1342,341,6853.74,27704.8,3.0423
CAMP06789,2025-07-07,2025-07-22,Search,69099,4214,1002,236,6641.82,19645.18,1.9578
CAMP06790,2025-03-30,2025-04-16,Display,56010,679,70,6,417.44,548.72,0.3145
CAMP06791,2025-05-11,2025-05-27,Display,30438,465,52,9,280.75,474.85,0.6914
CAMP06792,2025-05-24,2025-06-02,Search,42637,2776,616,164,4003.55,11426.1,1.854
CAMP06793,2025-12-18,2026-01-10,Display,48429,633,59,5,422.6,336.66,-0.2034
CAMP06794,2025-05-03,2025-05-09,Social,136554,4003,706,160,3204.76,12063.02,2.7641
CAMP06795,2025-10-10,2025-11-04,Email,39451,4620,1431,376,3448.81,19444.49,4.638
CAMP06796,2025-07-18,2025-07-29,Search,46624,3364,853,227,5629.16,15679.98,1.7855
CAMP06797,2025-08-11,2025-08-23,Search,127304,6831,1525,356,8967.24,25982.6,1.8975
CAMP06798,2025-12-01,2025-12-09,Email,50644,2700,605,106,2025.41,6508.14,2.2132
CAMP06799,2025-07-29,2025-08-22,Email,62995,5540,1487,293,4472.48,15065.34,2.3685
CAMP06800,2025-01-27,2025-02-05,Search,25508,1361,319,62,2186.52,5087.93,1.327
CAMP06801,2025-07-27,2025-08-03,Social,35347,1068,187,43,827.74,2967.86,2.5855
CAMP06802,2025-12-19,2026-01-04,Email,48119,2318,513,92,1417.87,6640.07,3.6831
CAMP06803,2025-09-02,2025-09-29,Display,8712,104,8,2,65.21,108.98,0.6712
CAMP06804,2025-04-13,2025-04-30,Display,53187,568,56,9,364.98,653.85,0.7915
CAMP06805,2025-02-08,2025-02-26,Display,39977,391,34,4,275.01,379.12,0.3786
CAMP06806,2025-12-30,2026-01-09,Search,131656,9917,2635,741,15365.18,55744.26,2.628
CAMP06807,2025-01-08,2025-01-25,Search,191324,9375,1963,460,12861.29,35129.8,1.7314
CAMP06808,2025-08-25,2025-09-17,Social,67173,1995,383,65,1642.64,4435.26,1.7001
CAMP06809,2025-09-06,2025-09-19,Email,80472,5839,1499,328,5047.92,24054.3,3.7652
CAMP06810,2025-11-29,2025-12-10,Social,60960,1516,233,43,1249.85,3034.55,1.4279
CAMP06811,2025-08-23,2025-09-02,Social,38237,897,135,30,654.49,2367.51,2.6173
CAMP06812,2025-07-31,2025-08-20,Social,67781,1497,210,39,1267.22,2284.09,0.8024
CAMP06813,2025-07-19,2025-08-09,Search,87245,3751,747,158,5344.69,9611.67,0.7984
CAMP06814,2025-01-04,2025-01-30,Search,43137,2010,400,79,3223.27,6659.56,1.0661
CAMP06815,2025-08-25,2025-08-31,Email,42430,3419,903,208,2229.92,12338.04,4.533
CAMP06816,2025-12-08,2025-12-30,Search,10818,750,188,47,1006.48,3808.52,2.784
CAMP06817,2025-07-01,2025-07-15,Display,111419,1279,126,19,903.79,1293.18,0.4308
CAMP06818,2025-02-20,2025-03-11,Search,57941,2935,590,149,4677.9,9786.25,1.092
CAMP06819,2025-12-05,2025-12-31,Email,60987,4073,962,207,3117.3,13445.5,3.3132
CAMP06820,2025-09-15,2025-09-26,Email,56080,3766,852,149,3477.25,11229.06,2.2293
CAMP06821,2025-06-27,2025-07-24,Search,30792,1674,347,86,2395.82,5505.41,1.2979
CAMP06822,2025-11-29,2025-12-23,Email,66316,4822,1248,249,4321.02,14511.09,2.3583
CAMP06823,2025-06-08,2025-06-14,Social,55102,1630,296,63,1340.44,4259.54,2.1777
CAMP06824,2025-07-17,2025-08-01,Email,36559,3728,1167,280,3538.25,19428.52,4.491
CAMP06825,2025-06-12,2025-07-08,Email,185687,10483,2343,442,8249.63,30543.48,2.7024
CAMP06826,2025-07-29,2025-08-14,Display,79173,1023,108,13,647.22,850.76,0.3145
CAMP06827,2025-12-25,2026-01-06,Email,99327,9441,2647,579,6151.39,39698.01,5.4535
CAMP06828,2025-06-12,2025-06-29,Search,86693,4587,983,211,6171.79,13260.94,1.1486
CAMP06829,2025-01-09,2025-01-25,Social,89533,1516,189,30,1315.0,1890.45,0.4376
CAMP06830,2025-07-19,2025-08-02,Influencer,21046,634,108,28,700.85,2615.3,2.7316
CAMP06831,2025-11-06,2025-11-22,Social,76257,1602,240,34,1485.34,3199.05,1.1537
CAMP06832,2025-02-19,2025-03-05,Search,21410,1173,278,72,1982.41,4937.72,1.4908
CAMP06833,2025-06-29,2025-07-07,Display,56465,535,52,8,401.23,583.55,0.4544
CAMP06834,2025-02-26,2025-03-07,Social,40609,837,109,18,573.89,1046.58,0.8237
CAMP06835,2025-01-12,2025-01-18,Search,66127,3461,723,162,3819.25,16386.45,3.2905
CAMP06836,2025-10-16,2025-10-24,Social,86740,1925,283,46,1455.27,3379.78,1.3224
CAMP06837,2025-10-02,2025-10-15,Social,66583,1430,233,50,1567.95,3417.82,1.1798
CAMP06838,2025-04-05,2025-04-17,Display,27737,437,46,8,264.83,464.55,0.7541
CAMP06839,2025-07-11,2025-07-30,Email,51767,3120,719,124,2837.87,8651.34,2.0485
CAMP06840,2025-10-10,2025-11-04,Influencer,69966,2191,385,81,2439.09,7633.13,2.1295
CAMP06841,2025-07-20,2025-08-01,Social,117990,2272,317,43,1897.08,3136.45,0.6533
CAMP06842,2025-10-06,2025-10-30,Display,39540,347,39,5,231.75,454.69,0.962
CAMP06843,2025-02-05,2025-02-17,Display,72748,797,83,10,631.48,578.66,-0.0836
CAMP06844,2025-04-16,2025-05-12,Influencer,50710,1703,295,58,2002.03,7271.33,2.632
CAMP06845,2025-08-08,2025-08-26,Display,53633,601,61,12,379.12,1226.12,2.2341
CAMP06846,2025-01-20,2025-02-14,Influencer,38033,1209,243,53,1369.82,6151.28,3.4906
CAMP06847,2025-11-07,2025-11-23,Search,18355,967,200,46,1487.95,2714.06,0.824
CAMP06848,2025-06-07,2025-06-19,Search,64093,3516,754,180,5449.21,18198.63,2.3397
CAMP06849,2025-03-11,2025-03-19,Social,67826,1621,235,41,1319.82,3597.69,1.7259
CAMP06850,2025-05-17,2025-05-30,Display,39227,545,65,12,317.33,773.64,1.438
CAMP06851,2025-11-24,2025-12-18,Email,36898,2468,617,117,1935.78,5965.59,2.0817
CAMP06852,2025-09-19,2025-10-04,Display,119738,1284,112,16,776.92,1238.14,0.5937
CAMP06853,2025-04-12,2025-05-09,Search,65453,4596,1120,320,7288.16,24896.84,2.4161
CAMP06854,2025-12-22,2025-12-29,Social,53448,1195,178,37,742.88,2797.37,2.7656
CAMP06855,2025-11-14,2025-11-22,Search,29096,1450,272,56,2065.61,5012.69,1.4267
CAMP06856,2025-03-01,2025-03-21,Social,38743,875,117,18,549.61,1252.15,1.2783
CAMP06857,2025-12-17,2026-01-04,Influencer,91152,3969,780,216,4468.98,19270.57,3.3121
CAMP06858,2025-02-19,2025-03-03,Search,13180,599,126,26,941.94,2363.17,1.5088
CAMP06859,2025-05-28,2025-06-15,Social,110363,3694,675,157,2533.14,10890.91,3.2994
CAMP06860,2025-12-28,2026-01-09,Influencer,53512,2180,413,97,2382.68,8120.41,2.4081
CAMP06861,2025-11-01,2025-11-16,Social,107713,1803,243,35,1240.27,2273.04,0.8327
CAMP06862,2025-12-30,2026-01-23,Search,21205,1459,364,75,2274.84,6110.25,1.686
CAMP06863,2025-02-07,2025-02-15,Email,32838,2503,653,141,1900.41,9776.63,4.1445
CAMP06864,2025-11-24,2025-12-16,Influencer,40015,1162,194,40,1477.12,3047.89,1.0634
CAMP06865,2025-05-15,2025-06-10,Search,106941,5502,1195,268,7715.62,20440.8,1.6493
CAMP06866,2025-06-08,2025-06-15,Search,48751,2442,508,117,3923.91,9258.85,1.3596
CAMP06867,2025-08-02,2025-08-08,Display,76064,936,75,11,657.42,622.52,-0.0531
CAMP06868,2025-04-25,2025-05-20,Influencer,48219,1745,320,79,1760.27,5934.91,2.3716
CAMP06869,2025-04-04,2025-04-21,Search,31135,1974,490,136,2879.61,12178.32,3.2292
CAMP06870,2025-05-16,2025-05-24,Search,41434,2264,499,121,3226.22,9794.63,2.0359
CAMP06871,2025-12-25,2026-01-13,Search,31486,1318,259,58,1657.41,5671.23,2.4217
CAMP06872,2025-12-17,2026-01-04,Display,133038,1577,165,20,1112.05,1430.69,0.2865
CAMP06873,2025-08-20,2025-09-02,Email,153462,9733,2278,419,6963.0,32545.87,3.6741
CAMP06874,2025-10-20,2025-11-06,Search,41556,2184,471,113,2749.65,12881.64,3.6848
CAMP06875,2025-03-30,2025-04-23,Search,19413,1063,222,54,1577.84,4224.1,1.6771
CAMP06876,2025-01-21,2025-02-02,Search,72882,4531,1105,289,5978.09,20142.18,2.3693
CAMP06877,2025-04-01,2025-04-14,Influencer,14832,497,84,20,476.67,1651.54,2.4647
CAMP06878,2025-02-27,2025-03-21,Display,49528,498,41,8,300.79,451.4,0.5007
CAMP06879,2025-03-31,2025-04-06,Social,40462,1151,197,42,1046.66,2908.63,1.779
CAMP06880,2025-04-03,2025-04-17,Social,51617,1146,171,19,775.58,1836.76,1.3682
CAMP06881,2025-02-21,2025-03-12,Influencer,56148,1299,194,46,1162.04,4831.41,3.1577
CAMP06882,2025-10-04,2025-10-21,Social,71442,1593,259,39,1540.38,2674.11,0.736
CAMP06883,2025-05-03,2025-05-28,Email,26570,1964,525,102,1734.8,5993.95,2.4551
CAMP06884,2025-04-06,2025-04-27,Search,39505,2242,525,127,3037.61,9496.2,2.1262
CAMP06885,2025-04-20,2025-05-09,Search,59940,4246,1039,300,5712.51,23864.86,3.1776
CAMP06886,2025-06-05,2025-06-19,Search,46675,3362,889,278,5127.56,19780.86,2.8578
CAMP06887,2025-06-25,2025-07-19,Social,36504,1021,172,29,849.25,1558.12,0.8347
CAMP06888,2025-04-27,2025-05-05,Display,123259,1325,142,16,913.14,1229.21,0.3461
CAMP06889,2025-03-31,2025-04-24,Social,48492,1034,160,20,728.78,1255.47,0.7227
CAMP06890,2025-02-02,2025-02-22,Social,60038,1392,239,43,988.96,2727.67,1.7581
CAMP06891,2025-11-10,2025-11-20,Display,130900,1285,129,16,753.61,1426.86,0.8934
CAMP06892,2025-02-02,2025-02-09,Social,40994,777,116,17,630.79,1504.17,1.3846
CAMP06893,2025-12-18,2026-01-09,Influencer,100383,3670,663,166,5129.49,14292.01,1.7862
CAMP06894,2025-03-07,2025-03-26,Social,115930,2940,482,78,2316.82,4839.12,1.0887
CAMP06895,2025-01-17,2025-01-31,Social,18703,392,60,12,285.68,811.7,1.8413
CAMP06896,2025-10-17,2025-11-02,Search,42481,1809,351,74,2177.42,5757.25,1.6441
CAMP06897,2025-10-23,2025-11-11,Social,55440,1160,185,29,920.42,1889.85,1.0532
CAMP06898,2025-04-02,2025-04-21,Influencer,117584,5026,1004,253,5282.61,19238.11,2.6418
CAMP06899,2025-05-09,2025-05-17,Search,68480,3104,611,133,4036.85,12812.84,2.174
CAMP06900,2025-08-26,2025-09-07,Search,11106,550,119,20,852.37,1466.89,0.721
CAMP06901,2025-08-22,2025-08-28,Email,68738,5032,1242,259,4848.78,20449.11,3.2174
CAMP06902,2025-10-31,2025-11-27,Display,68249,624,50,8,454.76,575.64,0.2658
CAMP06903,2025-10-23,2025-11-13,Influencer,36157,1243,228,42,1364.05,3195.7,1.3428
CAMP06904,2025-05-18,2025-06-04,Display,52790,545,41,7,329.78,497.47,0.5085
CAMP06905,2025-06-11,2025-06-30,Search,67046,2983,614,165,3950.56,11061.79,1.8001
CAMP06906,2025-02-17,2025-03-15,Email,30299,2099,481,100,1749.59,6602.01,2.7735
CAMP06907,2025-02-19,2025-03-18,Search,106200,5897,1313,314,8411.21,29973.4,2.5635
CAMP06908,2025-01-08,2025-01-19,Influencer,81827,2855,524,124,2037.72,8392.74,3.1187
CAMP06909,2025-10-17,2025-10-26,Social,67930,1470,221,34,1598.45,2349.14,0.4696
CAMP06910,2025-02-22,2025-03-20,Search,38408,1757,347,78,2480.85,6226.78,1.5099
CAMP06911,2025-02-22,2025-03-18,Display,54098,685,74,13,523.3,815.91,0.5592
CAMP06912,2025-01-25,2025-02-04,Social,62490,1618,246,40,1235.03,3526.97,1.8558
CAMP06913,2025-01-06,2025-01-19,Display,28744,321,32,7,225.17,444.98,0.9762
CAMP06914,2025-07-25,2025-08-06,Display,8051,97,15,2,53.23,141.49,1.6581
CAMP06915,2025-11-30,2025-12-19,Search,38936,1949,403,94,2190.8,6453.05,1.9455
CAMP06916,2025-05-27,2025-06-16,Social,74660,1674,259,35,1418.89,3033.17,1.1377
CAMP06917,2025-11-10,2025-11-23,Email,120122,8787,2219,490,8019.37,33911.7,3.2287
CAMP06918,2025-12-29,2026-01-06,Search,54376,3063,674,166,3724.25,12597.66,2.3826
CAMP06919,2025-02-12,2025-03-03,Search,87305,4979,1159,270,8758.65,18581.67,1.1215
CAMP06920,2025-10-16,2025-10-29,Display,145498,2672,332,54,1729.91,4762.52,1.753
CAMP06921,2025-02-13,2025-03-09,Influencer,79249,2502,433,94,2997.45,7626.2,1.5442
CAMP06922,2025-02-02,2025-02-13,Influencer,152363,5134,836,172,5639.54,15915.49,1.8221
CAMP06923,2025-03-04,2025-03-29,Display,84010,900,82,9,521.47,543.97,0.0431
CAMP06924,2025-11-23,2025-12-19,Social,31569,943,182,37,660.24,3225.25,3.885
CAMP06925,2025-10-31,2025-11-16,Search,97788,5265,1199,300,7774.49,30867.58,2.9704
CAMP06926,2025-09-29,2025-10-12,Social,80865,2327,413,71,1747.21,4854.68,1.7785
CAMP06927,2025-05-15,2025-06-07,Email,105996,7672,1962,375,5805.27,29563.51,4.0925
CAMP06928,2025-09-09,2025-09-20,Social,93745,2383,345,70,1677.09,4647.69,1.7713
CAMP06929,2025-02-20,2025-03-11,Social,44259,1398,228,37,1059.68,2710.4,1.5578
CAMP06930,2025-01-22,2025-02-07,Search,48476,3180,788,207,3924.17,17642.13,3.4958
CAMP06931,2025-08-09,2025-09-05,Social,31055,708,90,19,512.17,1682.98,2.286
CAMP06932,2025-04-07,2025-04-19,Search,68786,4042,925,217,4758.93,13341.3,1.8034
CAMP06933,2025-02-28,2025-03-09,Search,17177,1183,281,74,1593.44,6621.06,3.1552
CAMP06934,2025-04-17,2025-04-30,Search,39176,1650,323,52,2335.77,2724.63,0.1665
CAMP06935,2025-09-02,2025-09-27,Influencer,78596,3445,661,147,3629.35,12277.4,2.3828
CAMP06936,2025-02-19,2025-02-28,Search,24923,1477,342,86,1586.31,7389.32,3.6582
CAMP06937,2025-08-18,2025-09-13,Influencer,20075,633,105,22,697.69,1150.01,0.6483
CAMP06938,2025-05-21,2025-05-28,Display,103438,984,91,8,684.37,473.69,-0.3078
CAMP06939,2025-02-08,2025-03-07,Influencer,136634,4445,738,122,5102.3,12368.75,1.4242
CAMP06940,2025-01-10,2025-02-06,Display,46935,557,52,7,390.47,541.81,0.3876
CAMP06941,2025-04-12,2025-05-04,Social,72607,1471,205,31,1364.94,2412.32,0.7673
CAMP06942,2025-09-29,2025-10-23,Display,91998,1297,144,30,786.81,2062.53,1.6214
CAMP06943,2025-08-26,2025-09-14,Influencer,68680,2646,520,113,3306.68,10719.64,2.2418
CAMP06944,2025-09-03,2025-09-16,Display,35132,414,37,2,261.14,123.3,-0.5278
CAMP06945,2025-02-03,2025-02-22,Search,65097,3701,863,209,5194.32,18994.68,2.6568
CAMP06946,2025-09-26,2025-10-12,Email,5353,302,66,15,172.84,1201.29,5.9503
CAMP06947,2025-11-23,2025-12-16,Influencer,40844,1364,236,48,1842.54,4640.88,1.5187
CAMP06948,2025-10-26,2025-11-03,Email,38968,3413,932,210,2455.96,11697.77,3.763
CAMP06949,2025-07-20,2025-08-03,Search,85930,6581,1701,497,8472.51,34230.59,3.0402
CAMP06950,2025-10-11,2025-10-21,Social,20312,477,59,11,344.81,651.13,0.8884
CAMP06951,2025-01-02,2025-01-10,Search,56730,3587,867,229,4566.75,15866.77,2.4744
CAMP06952,2025-09-05,2025-09-30,Email,56951,4193,1125,257,2864.44,21644.14,6.5562
CAMP06953,2025-08-04,2025-08-13,Search,36581,2286,543,123,2879.36,7898.12,1.743
CAMP06954,2025-08-01,2025-08-15,Social,24922,804,156,31,803.91,1856.04,1.3088
CAMP06955,2025-03-14,2025-04-04,Email,61398,4422,1130,207,4740.48,14717.22,2.1046
CAMP06956,2025-10-30,2025-11-13,Social,53435,1550,257,49,1154.25,3767.8,2.2643
CAMP06957,2025-09-13,2025-10-07,Display,36496,427,47,6,336.43,294.64,-0.1242
CAMP06958,2025-08-04,2025-08-10,Search,21228,1016,192,35,1032.79,2350.97,1.2763
CAMP06959,2025-06-21,2025-06-28,Search,36540,1770,370,79,2714.59,7626.3,1.8094
CAMP06960,2025-08-15,2025-08-25,Search,28561,1524,334,94,2207.52,7828.59,2.5463
CAMP06961,2025-04-30,2025-05-24,Influencer,73994,2418,387,82,2397.65,5637.93,1.3514
CAMP06962,2025-01-30,2025-02-22,Search,24836,1636,355,75,2251.34,5634.58,1.5028
CAMP06963,2025-12-04,2025-12-15,Influencer,64116,1986,341,69,2247.66,5804.54,1.5825
CAMP06964,2025-06-25,2025-07-13,Search,52088,3132,713,174,3878.24,11909.46,2.0708
CAMP06965,2025-04-30,2025-05-17,Social,18042,375,55,11,309.52,540.02,0.7447
CAMP06966,2025-04-23,2025-05-08,Social,72719,1874,297,39,1854.23,2444.19,0.3182
CAMP06967,2025-10-16,2025-11-08,Search,57290,3801,869,216,5968.43,19967.71,2.3456
CAMP06968,2025-09-20,2025-10-03,Search,68015,3909,919,253,4902.83,19647.46,3.0074
CAMP06969,2025-02-18,2025-03-14,Social,56368,1407,203,34,1116.81,2803.01,1.5098
CAMP06970,2025-06-22,2025-06-30,Search,21040,1156,275,64,2654.23,5033.53,0.8964
CAMP06971,2025-02-21,2025-03-08,Search,77392,4360,979,234,5388.49,18732.96,2.4765
CAMP06972,2025-07-02,2025-07-29,Social,44353,1107,171,31,1025.48,2670.02,1.6037
CAMP06973,2025-05-17,2025-06-02,Search,73550,4566,1140,287,8305.31,18164.86,1.1871
CAMP06974,2025-11-27,2025-12-05,Email,105033,8878,2507,527,7688.89,33429.22,3.3477
CAMP06975,2025-03-23,2025-04-08,Search,80893,4671,1036,227,7182.39,14667.55,1.0422
CAMP06976,2025-05-10,2025-05-18,Email,96297,7413,1861,360,6403.39,26385.66,3.1206
CAMP06977,2025-09-05,2025-09-30,Influencer,81973,3530,733,167,3693.12,15226.68,3.123
CAMP06978,2025-03-23,2025-04-02,Search,15561,725,132,26,840.78,2211.84,1.6307
CAMP06979,2025-03-20,2025-03-30,Email,104812,7435,1844,395,4721.95,28347.28,5.0033
CAMP06980,2025-05-31,2025-06-22,Email,32519,2147,538,121,1604.69,8853.46,4.5172
CAMP06981,2025-11-01,2025-11-21,Email,103490,4542,927,137,3626.44,9580.86,1.6419
CAMP06982,2025-06-23,2025-07-08,Email,113067,7416,1827,371,6632.46,27447.09,3.1383
CAMP06983,2025-11-13,2025-11-24,Influencer,33169,1289,256,55,1367.34,4957.96,2.626
CAMP06984,2025-11-15,2025-11-21,Display,92040,889,87,14,629.7,693.18,0.1008
CAMP06985,2025-08-07,2025-08-25,Display,114501,1021,104,11,609.56,796.15,0.3061
CAMP06986,2025-10-24,2025-11-01,Social,13835,305,21,4,225.75,286.14,0.2675
CAMP06987,2025-04-23,2025-05-05,Search,65650,4489,1112,283,6128.66,16779.96,1.7379
CAMP06988,2025-12-15,2026-01-04,Display,24664,304,23,3,171.32,146.21,-0.1466
CAMP06989,2025-06-06,2025-06-22,Email,86049,7400,2078,439,5401.23,31588.39,4.8484
CAMP06990,2025-08-05,2025-08-21,Influencer,32162,1352,251,53,1287.82,4323.5,2.3572
CAMP06991,2025-04-22,2025-05-05,Search,54672,3408,805,197,6021.14,18489.38,2.0707
CAMP06992,2025-03-31,2025-04-23,Influencer,37573,1400,269,61,1717.22,5134.67,1.9901
CAMP06993,2025-04-20,2025-04-27,Search,65318,2846,588,114,4564.96,8101.85,0.7748
CAMP06994,2025-07-30,2025-08-19,Display,124750,1694,174,32,924.57,2233.73,1.416
CAMP06995,2025-12-24,2026-01-06,Influencer,80948,2617,439,98,2659.13,8272.79,2.1111
CAMP06996,2025-03-24,2025-04-19,Social,55277,1486,245,40,963.61,2661.68,1.7622
CAMP06997,2025-08-17,2025-09-11,Social,42539,1021,162,29,821.15,2291.37,1.7904
CAMP06998,2025-06-02,2025-06-12,Search,128099,6681,1481,320,8789.27,21856.75,1.4868
CAMP06999,2025-11-19,2025-11-26,Email,72348,5897,1598,322,4600.28,12547.36,1.7275
CAMP07000,2025-08-09,2025-08-20,Email,79568,6676,1796,405,3875.59,28282.28,6.2975
CAMP07001,2025-04-02,2025-04-10,Influencer,27379,957,187,41,1247.81,4083.96,2.2729
CAMP07002,2025-05-17,2025-06-10,Social,56110,1100,156,34,1193.51,2369.91,0.9857
CAMP07003,2025-02-20,2025-02-26,Search,54625,3390,759,179,5553.38,18442.84,2.321
CAMP07004,2025-11-25,2025-12-19,Social,29236,688,97,17,557.21,1079.71,0.9377
CAMP07005,2025-08-21,2025-08-31,Search,102266,6504,1549,393,8487.02,21798.41,1.5684
CAMP07006,2025-06-13,2025-06-25,Influencer,32815,975,184,29,932.3,2894.25,2.1044
CAMP07007,2025-08-16,2025-08-30,Email,139644,8323,1957,380,6111.92,22093.29,2.6148
CAMP07008,2025-09-07,2025-09-13,Display,52131,566,58,9,416.01,572.88,0.3771
CAMP07009,2025-12-28,2026-01-23,Social,54266,1274,188,30,1091.97,2149.91,0.9688
CAMP07010,2025-08-20,2025-08-26,Social,32338,614,90,16,560.32,1413.63,1.5229
CAMP07011,2025-04-26,2025-05-22,Influencer,58816,1326,172,31,1760.76,2420.18,0.3745
CAMP07012,2025-01-24,2025-02-20,Email,41505,2085,437,67,1270.22,4879.92,2.8418
CAMP07013,2025-06-17,2025-07-08,Search,93200,4892,1087,242,6979.61,18326.24,1.6257
CAMP07014,2025-03-19,2025-04-12,Search,53524,2752,621,155,4786.37,11945.67,1.4958
CAMP07015,2025-09-18,2025-09-30,Display,139320,1728,184,21,1111.01,1116.59,0.005
CAMP07016,2025-01-31,2025-02-10,Search,82769,6593,1734,521,8346.47,35863.85,3.2969
CAMP07017,2025-01-16,2025-02-07,Search,138191,7946,1726,468,10350.47,40957.49,2.9571
CAMP07018,2025-07-06,2025-08-02,Search,21446,1251,274,54,1744.7,3945.52,1.2614
CAMP07019,2025-07-08,2025-07-29,Influencer,26380,683,105,22,575.73,1979.73,2.4386
CAMP07020,2025-08-26,2025-09-12,Email,28189,2023,528,115,1669.34,9675.47,4.796
CAMP07021,2025-12-16,2026-01-08,Search,93564,3841,745,157,6565.92,14732.83,1.2438
CAMP07022,2025-03-31,2025-04-07,Search,67444,4214,1006,254,6296.3,18479.8,1.935
CAMP07023,2025-11-27,2025-12-14,Display,22108,304,34,10,205.81,746.89,2.629
CAMP07024,2025-09-12,2025-09-20,Social,52281,1456,242,42,1039.22,3261.4,2.1383
CAMP07025,2025-04-30,2025-05-23,Email,29613,2057,508,101,1645.96,6985.42,3.244
CAMP07026,2025-09-29,2025-10-14,Search,70265,3485,711,169,5414.19,13138.49,1.4267
CAMP07027,2025-02-11,2025-02-23,Search,64757,3516,729,162,3966.45,9377.86,1.3643
CAMP07028,2025-02-01,2025-02-21,Email,35426,3128,841,178,2205.95,14699.66,5.6636
CAMP07029,2025-06-25,2025-07-21,Influencer,55621,1834,324,73,1872.08,6136.32,2.2778
CAMP07030,2025-01-08,2025-02-02,Search,71919,5372,1423,402,6714.1,27561.22,3.105
CAMP07031,2025-06-06,2025-06-22,Email,95172,6404,1586,320,6511.55,21854.89,2.3563
CAMP07032,2025-11-24,2025-12-01,Social,36213,854,142,28,652.73,1810.68,1.774
CAMP07033,2025-12-29,2026-01-08,Social,44572,1253,202,40,879.55,2552.69,1.9023
CAMP07034,2025-06-21,2025-07-06,Email,31226,2713,758,153,2015.51,8491.93,3.2133
CAMP07035,2025-07-11,2025-07-19,Social,47960,983,129,24,826.8,1753.3,1.1206
CAMP07036,2025-02-03,2025-03-01,Display,21341,318,39,5,280.71,269.88,-0.0386
CAMP07037,2025-10-14,2025-11-01,Display,133808,1954,209,33,1117.13,2799.29,1.5058
CAMP07038,2025-07-09,2025-08-04,Social,62965,1378,198,34,1100.86,3330.41,2.0253
CAMP07039,2025-03-14,2025-04-08,Influencer,95209,2951,481,96,3657.82,7594.6,1.0763
CAMP07040,2025-01-21,2025-02-11,Search,53897,3299,736,208,3943.15,13451.67,2.4114
CAMP07041,2025-08-22,2025-09-10,Search,78170,4193,897,201,6104.66,16412.46,1.6885
CAMP07042,2025-11-27,2025-12-18,Search,75875,4683,1065,266,7954.88,20472.75,1.5736
CAMP07043,2025-06-09,2025-07-01,Search,65277,3463,747,162,4329.14,10821.42,1.4997
CAMP07044,2025-04-20,2025-05-10,Display,37920,537,44,8,362.59,639.71,0.7643
CAMP07045,2025-11-20,2025-12-10,Influencer,73299,2352,393,64,2508.94,6200.64,1.4714
CAMP07046,2025-07-13,2025-07-24,Email,56432,4393,1124,232,2874.81,16426.04,4.7138
CAMP07047,2025-03-28,2025-04-18,Influencer,55832,1701,289,60,1952.8,4288.34,1.196
CAMP07048,2025-10-01,2025-10-24,Display,120239,1350,119,15,759.46,781.1,0.0285
CAMP07049,2025-03-18,2025-03-31,Search,52505,2702,570,118,3949.97,10014.96,1.5355
CAMP07050,2025-08-05,2025-08-20,Search,57700,3303,731,170,4343.03,16921.85,2.8963
CAMP07051,2025-07-10,2025-07-16,Search,45623,2167,402,92,2591.13,8477.97,2.2719
CAMP07052,2025-12-06,2025-12-24,Display,42030,467,50,9,270.29,622.24,1.3021
CAMP07053,2025-08-01,2025-08-10,Search,51200,2381,477,96,3234.94,7165.39,1.215
CAMP07054,2025-07-30,2025-08-21,Email,48623,2914,683,109,2388.01,7963.48,2.3348
CAMP07055,2025-07-26,2025-08-05,Search,52738,2973,632,167,4236.36,18712.84,3.4172
CAMP07056,2025-05-01,2025-05-25,Email,65167,3969,887,144,3528.88,9258.24,1.6236
CAMP07057,2025-08-29,2025-09-15,Search,52417,2435,469,103,2861.7,7232.2,1.5272
CAMP07058,2025-09-08,2025-09-16,Search,14130,673,132,28,1090.74,1954.53,0.7919
CAMP07059,2025-03-23,2025-04-15,Social,38185,1093,172,28,868.23,1671.5,0.9252
CAMP07060,2025-12-17,2025-12-31,Display,34315,394,29,6,276.71,511.23,0.8475
CAMP07061,2025-07-21,2025-07-31,Influencer,145947,3818,565,112,3668.47,6893.37,0.8791
CAMP07062,2025-04-19,2025-05-07,Search,26630,1362,300,69,1697.91,4684.37,1.7589
CAMP07063,2025-03-08,2025-03-22,Email,31175,2605,727,172,2071.24,11298.4,4.4549
CAMP07064,2025-08-09,2025-08-17,Search,30614,2349,587,174,3423.73,11201.11,2.2716
CAMP07065,2025-05-19,2025-06-09,Display,42611,462,44,5,260.65,337.14,0.2935
CAMP07066,2025-03-13,2025-04-03,Search,80085,4402,993,251,6472.06,13509.2,1.0873
CAMP07067,2025-11-09,2025-11-22,Email,56779,3959,965,206,2982.43,13154.17,3.4106
CAMP07068,2025-07-18,2025-08-01,Social,115579,3599,624,120,3059.91,7145.29,1.3351
CAMP07069,2025-05-21,2025-06-10,Search,99579,4736,1004,229,5116.13,18870.85,2.6885
CAMP07070,2025-03-17,2025-03-29,Influencer,102639,3571,650,142,4115.35,12457.99,2.0272
CAMP07071,2025-07-19,2025-08-10,Email,9784,588,130,26,534.21,2066.21,2.8678
CAMP07072,2025-09-12,2025-09-30,Social,18992,421,46,7,303.7,435.96,0.4355
CAMP07073,2025-09-30,2025-10-18,Email,95848,4935,1061,191,4048.43,12954.91,2.2
CAMP07074,2025-05-01,2025-05-27,Search,105025,4159,760,146,4909.79,10993.41,1.2391
CAMP07075,2025-10-12,2025-10-28,Social,73223,1625,250,44,848.61,3127.44,2.6854
CAMP07076,2025-05-16,2025-05-25,Social,59636,1347,234,29,859.46,1763.73,1.0521
CAMP07077,2025-04-24,2025-05-11,Display,27815,218,25,4,131.69,272.07,1.066
CAMP07078,2025-12-24,2026-01-15,Email,119552,9257,2476,520,6825.65,36552.22,4.3551
CAMP07079,2025-06-14,2025-06-25,Social,39255,1009,163,31,847.44,1731.36,1.043
CAMP07080,2025-08-20,2025-09-07,Display,107216,1588,191,39,1136.35,2447.49,1.1538
CAMP07081,2025-07-14,2025-07-23,Social,65305,1586,232,46,1271.14,3429.69,1.6981
CAMP07082,2025-03-10,2025-03-30,Influencer,79408,2355,387,66,3057.81,5613.13,0.8357
CAMP07083,2025-11-30,2025-12-25,Search,79408,4525,1027,262,7632.74,21550.47,1.8234
CAMP07084,2025-03-04,2025-03-21,Social,33850,816,146,33,665.9,2276.32,2.4184
CAMP07085,2025-08-22,2025-09-03,Search,11388,608,119,35,831.54,2632.32,2.1656
CAMP07086,2025-09-22,2025-10-12,Social,41466,1083,189,42,963.79,3045.54,2.16
CAMP07087,2025-05-23,2025-06-09,Search,47269,3184,771,200,4536.43,19468.52,3.2916
CAMP07088,2025-06-23,2025-07-10,Email,30607,2121,516,91,1824.63,5779.56,2.1675
CAMP07089,2025-09-13,2025-09-21,Social,33621,672,97,14,492.42,956.03,0.9415
CAMP07090,2025-04-03,2025-04-25,Email,32165,2388,562,116,1499.89,6291.77,3.1948
CAMP07091,2025-05-14,2025-05-21,Search,47961,3005,684,171,4554.82,13142.08,1.8853
CAMP07092,2025-09-29,2025-10-14,Email,54921,4946,1379,335,4388.64,24275.16,4.5314
CAMP07093,2025-04-01,2025-04-13,Display,38689,433,38,7,253.37,451.55,0.7822
CAMP07094,2025-09-05,2025-10-02,Search,48745,2755,641,167,5636.03,12923.76,1.2931
CAMP07095,2025-07-17,2025-07-29,Social,113465,2156,300,49,1655.23,3428.77,1.0715
CAMP07096,2025-11-18,2025-12-01,Email,23913,2168,630,140,1829.75,8053.83,3.4016
CAMP07097,2025-05-20,2025-06-09,Search,75893,3173,597,134,5096.89,13791.01,1.7058
CAMP07098,2025-04-01,2025-04-15,Social,77587,1600,237,36,1372.05,1786.96,0.3024
CAMP07099,2025-04-18,2025-05-05,Search,85491,4362,886,223,5404.15,19135.59,2.5409
CAMP07100,2025-01-31,2025-02-22,Display,152709,2202,242,34,1298.13,2439.96,0.8796
CAMP07101,2025-11-14,2025-12-04,Search,50205,2220,479,111,3623.85,9158.5,1.5273
CAMP07102,2025-03-16,2025-04-07,Social,23264,498,86,15,391.98,1088.6,1.7772
CAMP07103,2025-10-14,2025-10-23,Search,144550,8280,1829,462,12030.05,29719.63,1.4704
CAMP07104,2025-02-28,2025-03-08,Social,50924,1260,199,33,1222.74,2608.2,1.1331
CAMP07105,2025-04-22,2025-05-05,Search,39610,1461,264,62,2317.96,5507.78,1.3761
CAMP07106,2025-06-11,2025-07-03,Influencer,32156,1365,283,81,1522.65,7334.44,3.8169
CAMP07107,2025-11-21,2025-12-13,Search,61134,4608,1148,317,6205.89,20161.77,2.2488
CAMP07108,2025-05-07,2025-05-29,Social,71824,2501,461,87,1660.53,6769.36,3.0766
CAMP07109,2025-11-28,2025-12-21,Email,9109,710,173,46,520.52,2627.7,4.0482
CAMP07110,2025-03-15,2025-04-09,Social,78541,2684,487,117,2527.6,9997.82,2.9555
CAMP07111,2025-08-04,2025-08-11,Display,109977,1235,111,10,785.87,650.33,-0.1725
CAMP07112,2025-03-30,2025-04-14,Search,74898,3660,789,177,4708.31,12300.33,1.6125
CAMP07113,2025-10-09,2025-11-02,Search,40972,3136,809,226,3817.86,16521.29,3.3274
CAMP07114,2025-01-08,2025-01-18,Influencer,71662,2887,537,122,2939.55,9232.03,2.1406
CAMP07115,2025-04-15,2025-05-08,Search,28973,1845,440,103,2505.38,7950.03,2.1732
CAMP07116,2025-03-17,2025-04-06,Social,49830,1634,283,53,1353.83,3399.96,1.5114
CAMP07117,2025-12-22,2026-01-07,Social,74510,1884,298,53,1366.34,4267.27,2.1231
CAMP07118,2025-01-28,2025-02-08,Display,31035,402,46,8,275.73,758.54,1.751
CAMP07119,2025-12-21,2026-01-05,Search,43071,3014,719,207,4407.24,18658.91,3.2337
CAMP07120,2025-06-24,2025-07-19,Display,104119,1427,141,34,1241.81,2208.54,0.7785
CAMP07121,2025-08-14,2025-09-06,Display,58936,796,90,17,435.39,1046.07,1.4026
CAMP07122,2025-07-06,2025-07-15,Email,46664,3546,919,167,2950.47,13998.61,3.7445
CAMP07123,2025-11-05,2025-11-19,Search,49700,2311,461,108,2437.07,6775.45,1.7802
CAMP07124,2025-12-26,2026-01-15,Search,49360,2881,691,171,3613.64,12913.21,2.5735
CAMP07125,2025-10-17,2025-10-27,Search,65070,3584,770,181,4478.7,11584.64,1.5866
CAMP07126,2025-05-14,2025-06-06,Search,62375,3903,947,268,4150.23,19552.06,3.7111
CAMP07127,2025-10-01,2025-10-10,Influencer,52579,1862,349,70,2513.75,4238.74,0.6862
CAMP07128,2025-07-16,2025-08-03,Social,52077,1148,173,30,707.88,2121.84,1.9975
CAMP07129,2025-02-03,2025-03-01,Email,4206,269,72,17,226.62,977.78,3.3146
CAMP07130,2025-11-04,2025-11-28,Email,81520,6341,1731,405,6281.44,26126.7,3.1593
CAMP07131,2025-02-22,2025-03-08,Search,61227,3234,691,158,4329.26,13495.74,2.1173
CAMP07132,2025-10-01,2025-10-27,Social,87141,2518,439,80,2123.66,6167.76,1.9043
CAMP07133,2025-11-19,2025-12-05,Email,61988,2907,629,103,2451.87,6493.2,1.6483
CAMP07134,2025-03-15,2025-04-04,Email,39914,3196,834,189,2336.3,13704.38,4.8658
CAMP07135,2025-03-31,2025-04-19,Email,31321,2603,691,145,2048.76,11793.49,4.7564
CAMP07136,2025-04-16,2025-05-09,Display,53340,584,57,9,367.43,553.51,0.5064
CAMP07137,2025-04-02,2025-04-16,Search,54014,2219,411,86,3374.43,6509.45,0.9291
CAMP07138,2025-01-31,2025-02-08,Email,50428,4122,1094,231,3033.93,14990.81,3.9411
CAMP07139,2025-06-29,2025-07-11,Email,53150,3193,763,152,2499.02,9263.54,2.7069
CAMP07140,2025-04-02,2025-04-14,Search,41054,3099,804,238,4157.99,21780.66,4.2383
CAMP07141,2025-12-20,2025-12-30,Influencer,20600,1171,270,83,1192.83,11089.25,8.2966
CAMP07142,2025-10-08,2025-10-27,Display,64119,767,99,11,455.02,683.36,0.5018
CAMP07143,2025-11-10,2025-12-03,Display,39530,534,65,9,330.22,797.53,1.4151
CAMP07144,2025-05-16,2025-06-10,Search,40942,2377,548,123,3386.09,9756.01,1.8812
CAMP07145,2025-04-04,2025-04-10,Social,20106,420,62,11,378.17,778.4,1.0583
CAMP07146,2025-11-05,2025-12-01,Search,46672,2706,640,156,3633.02,10675.84,1.9386
CAMP07147,2025-05-15,2025-06-08,Search,66705,3012,568,121,4850.0,9481.02,0.9548
CAMP07148,2025-09-02,2025-09-28,Search,53125,2170,407,75,3245.81,5561.8,0.7135
CAMP07149,2025-06-08,2025-06-20,Email,46986,4081,1154,227,3107.51,14109.44,3.5404
CAMP07150,2025-04-05,2025-04-19,Display,26110,392,37,5,241.79,341.31,0.4116
CAMP07151,2025-09-24,2025-10-02,Social,95013,1906,285,44,1366.75,3075.11,1.2499
CAMP07152,2025-12-24,2026-01-04,Email,43901,2822,666,147,2171.39,9224.71,3.2483
CAMP07153,2025-11-23,2025-12-13,Social,57811,1277,208,38,955.89,1944.1,1.0338
CAMP07154,2025-11-07,2025-11-24,Influencer,35077,969,163,33,1026.34,2567.15,1.5013
CAMP07155,2025-08-16,2025-09-03,Search,98859,5935,1372,339,7835.51,24921.55,2.1806
CAMP07156,2025-01-25,2025-02-20,Email,101847,4482,912,140,3024.8,9093.68,2.0064
CAMP07157,2025-11-05,2025-11-14,Influencer,51962,1427,217,43,1671.27,3043.53,0.8211
CAMP07158,2025-06-23,2025-07-19,Email,88719,6948,1830,395,6011.71,28009.95,3.6592
CAMP07159,2025-12-26,2026-01-16,Email,53615,3308,768,115,2656.07,7704.58,1.9007
CAMP07160,2025-04-06,2025-04-15,Search,44521,2988,756,192,4607.95,12107.22,1.6275
CAMP07161,2025-08-24,2025-09-18,Social,55364,1158,185,32,845.24,2002.43,1.3691
CAMP07162,2025-07-11,2025-07-29,Social,13740,305,42,10,219.02,942.82,3.3047
CAMP07163,2025-09-13,2025-09-19,Search,103661,7304,1813,476,10730.19,40834.66,2.8056
CAMP07164,2025-05-30,2025-06-19,Search,109366,5539,1178,267,9080.85,20991.91,1.3117
CAMP07165,2025-10-23,2025-11-17,Display,93360,1206,123,18,707.92,1254.75,0.7724
CAMP07166,2025-01-06,2025-01-20,Display,165817,1166,100,8,610.05,463.23,-0.2407
CAMP07167,2025-10-14,2025-10-25,Search,32798,2089,521,127,2307.47,9953.25,3.3135
CAMP07168,2025-11-22,2025-12-16,Influencer,162054,6591,1249,281,7359.47,22044.61,1.9954
CAMP07169,2025-05-27,2025-06-20,Search,91192,5887,1334,317,8742.85,21653.0,1.4767
CAMP07170,2025-06-07,2025-06-14,Search,48035,2739,639,164,4571.41,13299.71,1.9093
CAMP07171,2025-10-23,2025-11-08,Social,72297,2964,618,158,2067.94,10062.38,3.8659
CAMP07172,2025-04-09,2025-05-04,Influencer,33512,1290,236,60,1429.81,5016.08,2.5082
CAMP07173,2025-03-01,2025-03-22,Social,57055,1290,197,42,1076.98,3475.56,2.2271
CAMP07174,2025-05-12,2025-05-19,Social,91207,2376,409,85,2095.84,5418.56,1.5854
CAMP07175,2025-10-30,2025-11-12,Social,95017,2769,470,93,2650.8,6235.67,1.3524
CAMP07176,2025-04-21,2025-05-17,Email,159443,8032,1606,271,5804.69,12279.9,1.1155
CAMP07177,2025-08-18,2025-08-24,Influencer,64521,2272,386,77,2535.42,5588.18,1.204
CAMP07178,2025-12-12,2026-01-08,Search,68322,2130,372,62,3208.61,4431.64,0.3812
CAMP07179,2025-02-11,2025-03-10,Influencer,97017,3502,702,163,4405.67,14299.78,2.2458
CAMP07180,2025-01-29,2025-02-14,Email,78618,4506,1037,189,3541.88,10764.15,2.0391
CAMP07181,2025-06-29,2025-07-08,Display,54127,756,73,18,458.97,1405.56,2.0624
CAMP07182,2025-08-28,2025-09-19,Display,51716,563,62,7,299.99,461.86,0.5396
CAMP07183,2025-09-24,2025-10-14,Social,37228,1321,233,46,1096.48,3146.59,1.8697
CAMP07184,2025-02-12,2025-02-21,Search,38989,2632,664,171,4118.43,16556.85,3.0202
CAMP07185,2025-11-07,2025-12-03,Display,81465,884,87,8,508.02,500.88,-0.0141
CAMP07186,2025-12-06,2025-12-22,Social,52255,1679,305,60,1380.49,3636.49,1.6342
CAMP07187,2025-03-28,2025-04-04,Search,61587,2629,516,118,3923.63,9432.32,1.404
CAMP07188,2025-08-19,2025-09-05,Search,117722,5327,1101,235,6843.88,14108.3,1.0614
CAMP07189,2025-12-19,2026-01-14,Influencer,41233,1399,257,51,1183.47,3342.73,1.8245
CAMP07190,2025-01-16,2025-01-31,Influencer,39990,1553,291,70,1641.98,6294.99,2.8338
CAMP07191,2025-09-07,2025-10-02,Search,51505,2129,392,98,3209.01,5472.05,0.7052
CAMP07192,2025-07-17,2025-07-28,Display,18944,250,24,2,112.44,145.04,0.2899
CAMP07193,2025-02-26,2025-03-16,Search,55628,3029,681,149,4430.88,12448.77,1.8095
CAMP07194,2025-11-10,2025-11-21,Influencer,121550,5021,987,250,4372.89,20866.67,3.7718
CAMP07195,2025-05-21,2025-06-08,Email,27150,2480,717,170,2307.72,11950.77,4.1786
CAMP07196,2025-11-16,2025-12-05,Display,80580,1075,107,14,740.92,671.62,-0.0935
CAMP07197,2025-01-02,2025-01-12,Search,19112,1078,245,63,1260.65,6259.33,3.9652
CAMP07198,2025-02-03,2025-02-27,Influencer,24650,792,137,26,736.96,2325.81,2.156
CAMP07199,2025-07-20,2025-07-29,Social,132957,2728,397,57,1733.77,3971.59,1.2907
CAMP07200,2025-03-26,2025-04-21,Search,92614,4813,999,218,6566.02,13900.43,1.117
CAMP07201,2025-06-17,2025-07-05,Social,46347,1252,229,49,853.08,3064.66,2.5925
CAMP07202,2025-04-15,2025-05-01,Influencer,55832,1710,292,74,1913.17,4879.69,1.5506
CAMP07203,2025-05-27,2025-06-15,Email,24167,2011,510,107,1463.22,8596.77,4.8752
CAMP07204,2025-07-19,2025-08-12,Display,94220,1020,97,20,618.52,1338.42,1.1639
CAMP07205,2025-08-28,2025-09-04,Social,47245,929,137,14,903.57,1045.46,0.157
CAMP07206,2025-03-15,2025-03-25,Search,85452,4437,1003,202,7562.3,12129.75,0.604
CAMP07207,2025-10-03,2025-10-18,Social,28703,738,116,19,530.47,1316.99,1.4827
CAMP07208,2025-04-27,2025-05-07,Display,79321,1007,120,17,573.1,1009.82,0.762
CAMP07209,2025-01-07,2025-01-24,Social,81447,2120,349,60,1520.27,4775.08,2.1409
CAMP07210,2025-05-14,2025-06-07,Display,58370,887,104,17,481.26,1273.23,1.6456
CAMP07211,2025-01-24,2025-02-08,Email,106414,9574,2639,583,8449.67,34707.64,3.1076
CAMP07212,2025-02-15,2025-03-05,Social,29349,1103,225,51,958.56,3357.85,2.503
CAMP07213,2025-03-04,2025-03-18,Influencer,17589,489,76,13,547.17,965.53,0.7646
CAMP07214,2025-02-27,2025-03-10,Search,79084,5496,1362,382,8259.12,37778.43,3.5741
CAMP07215,2025-03-01,2025-03-25,Search,100606,7628,1963,567,9396.5,44940.39,3.7827
CAMP07216,2025-12-28,2026-01-06,Social,72014,2043,306,50,1992.37,4203.84,1.11
CAMP07217,2025-03-02,2025-03-12,Display,25967,345,35,4,190.99,281.16,0.4721
CAMP07218,2025-03-31,2025-04-12,Search,50303,2033,391,87,3185.25,7037.7,1.2095
CAMP07219,2025-05-23,2025-06-18,Influencer,61622,1922,311,54,2040.78,4030.5,0.975
CAMP07220,2025-11-13,2025-11-23,Social,33394,559,76,12,586.08,1066.49,0.8197
CAMP07221,2025-04-26,2025-05-23,Social,42565,1381,227,53,1222.55,2960.56,1.4216
CAMP07222,2025-06-08,2025-06-20,Influencer,144636,5254,970,222,5237.96,19496.94,2.7222
CAMP07223,2025-09-14,2025-10-05,Influencer,49899,1920,381,93,2517.32,7605.64,2.0213
CAMP07224,2025-01-23,2025-02-17,Search,136235,8505,2007,526,10795.33,41916.03,2.8828
CAMP07225,2025-10-27,2025-11-07,Influencer,19756,786,169,41,861.91,3103.74,2.601
CAMP07226,2025-05-20,2025-06-06,Social,53586,1623,313,55,1073.17,3998.39,2.7258
CAMP07227,2025-09-03,2025-09-16,Influencer,39912,1228,200,39,1347.25,3093.44,1.2961
CAMP07228,2025-08-16,2025-08-28,Search,40027,1782,330,70,2590.97,6165.93,1.3798
CAMP07229,2025-06-30,2025-07-07,Display,67852,1029,113,13,723.36,746.24,0.0316
CAMP07230,2025-09-17,2025-09-25,Search,127305,7075,1632,394,9715.22,41475.07,3.2691
CAMP07231,2025-05-17,2025-06-11,Search,54500,3046,612,142,3575.85,9875.07,1.7616
CAMP07232,2025-04-26,2025-05-19,Influencer,59744,2282,438,100,2580.67,7226.77,1.8003
CAMP07233,2025-08-13,2025-08-29,Search,43969,2752,645,149,3741.23,8983.32,1.4012
CAMP07234,2025-03-04,2025-03-16,Social,18734,458,65,4,304.22,280.3,-0.0786
CAMP07235,2025-02-17,2025-03-03,Display,98909,1069,113,19,788.26,1122.03,0.4234
CAMP07236,2025-12-23,2025-12-29,Search,68124,3258,664,153,4169.9,10215.05,1.4497
CAMP07237,2025-05-13,2025-05-31,Search,40579,2687,645,169,2983.35,14056.17,3.7115
CAMP07238,2025-01-10,2025-01-24,Email,53497,3754,967,205,3150.59,11372.72,2.6097
CAMP07239,2025-08-19,2025-09-03,Social,58731,1324,188,35,967.92,2527.29,1.6111
CAMP07240,2025-08-12,2025-08-28,Social,116647,3747,666,153,3081.59,13220.44,3.2901
CAMP07241,2025-08-24,2025-09-13,Search,63974,4157,1012,256,6014.32,23115.74,2.8435
CAMP07242,2025-05-07,2025-05-26,Email,49910,3591,878,178,2304.92,12170.49,4.2802
CAMP07243,2025-09-28,2025-10-23,Email,19811,1051,211,43,772.35,3013.45,2.9017
CAMP07244,2025-01-13,2025-02-09,Display,24569,245,20,3,190.61,181.24,-0.0492
CAMP07245,2025-02-10,2025-02-26,Influencer,54677,2047,358,80,2422.24,4899.8,1.0228
CAMP07246,2025-08-12,2025-08-20,Display,19105,235,25,3,195.12,201.28,0.0316
CAMP07247,2025-04-24,2025-05-18,Email,34683,1944,462,83,1538.33,4869.54,2.1655
CAMP07248,2025-06-07,2025-06-30,Display,51583,482,40,7,285.44,497.84,0.7441
CAMP07249,2025-09-16,2025-09-23,Email,85570,6267,1638,347,6660.61,18470.01,1.773
CAMP07250,2025-08-31,2025-09-22,Display,85428,705,64,6,474.23,325.27,-0.3141
CAMP07251,2025-11-14,2025-12-01,Email,33855,2211,529,118,1968.04,7537.87,2.8301
CAMP07252,2025-04-13,2025-04-30,Social,39259,1028,175,32,863.12,2148.41,1.4891
CAMP07253,2025-05-31,2025-06-15,Search,58279,3979,966,255,5469.03,24372.4,3.4564
CAMP07254,2025-03-26,2025-04-05,Search,123031,7203,1617,376,10758.91,25157.93,1.3383
CAMP07255,2025-07-26,2025-08-16,Social,63095,1596,259,44,1236.22,3525.65,1.852
CAMP07256,2025-04-29,2025-05-05,Social,51581,1441,240,43,1206.14,2752.06,1.2817
CAMP07257,2025-08-06,2025-08-26,Email,157941,14229,3994,939,8037.43,68803.42,7.5604
CAMP07258,2025-10-08,2025-10-25,Display,12948,211,13,2,135.54,112.69,-0.1686
CAMP07259,2025-10-19,2025-11-10,Influencer,71129,2255,423,90,2266.82,7003.76,2.0897
CAMP07260,2025-10-19,2025-11-06,Social,110994,2370,335,57,1917.73,3223.83,0.6811
CAMP07261,2025-02-20,2025-02-27,Search,20729,1419,357,97,1851.49,8240.46,3.4507
CAMP07262,2025-07-29,2025-08-17,Social,123527,3483,631,128,3030.35,9524.1,2.1429
CAMP07263,2025-11-07,2025-11-17,Search,39147,2893,711,230,4021.11,18130.15,3.5087
CAMP07264,2025-07-21,2025-08-01,Display,109361,1041,93,13,733.95,860.71,0.1727
CAMP07265,2025-06-24,2025-06-30,Search,44445,2759,646,161,3453.17,14372.54,3.1621
CAMP07266,2025-03-30,2025-04-20,Social,28296,687,108,24,545.16,1344.41,1.4661
CAMP07267,2025-01-04,2025-01-10,Social,97450,2053,345,61,1720.76,4107.57,1.3871
CAMP07268,2025-06-26,2025-07-08,Social,30783,884,162,20,796.97,1412.13,0.7719
CAMP07269,2025-03-08,2025-04-01,Display,35106,331,28,5,210.24,294.47,0.4006
CAMP07270,2025-01-20,2025-01-30,Search,28920,1723,401,122,2340.82,10202.97,3.3587
CAMP07271,2025-08-28,2025-09-06,Social,47657,939,120,20,777.59,1779.1,1.288
CAMP07272,2025-08-15,2025-09-11,Email,56720,3775,937,190,2536.73,17367.35,5.8464
CAMP07273,2025-01-03,2025-01-15,Display,115039,1483,134,21,1219.76,1805.1,0.4799
CAMP07274,2025-07-16,2025-08-09,Social,44435,822,117,14,700.66,1004.95,0.4343
CAMP07275,2025-12-19,2025-12-30,Influencer,66712,2298,419,109,2801.96,10507.21,2.75
CAMP07276,2025-10-09,2025-10-24,Search,115253,6141,1376,341,8699.36,26869.02,2.0886
CAMP07277,2025-08-09,2025-08-18,Search,106205,5253,1052,230,6147.54,22962.74,2.7353
CAMP07278,2025-12-16,2026-01-10,Social,52449,1370,225,42,1144.67,3464.45,2.0266
CAMP07279,2025-07-25,2025-08-20,Search,94048,5254,1186,313,7074.34,30336.56,3.2883
CAMP07280,2025-04-24,2025-04-30,Search,118536,5107,1018,197,7366.31,15110.66,1.0513
CAMP07281,2025-08-30,2025-09-22,Influencer,14178,400,79,18,463.5,1819.28,2.9251
CAMP07282,2025-12-05,2025-12-18,Search,73495,6161,1630,473,8392.71,32854.3,2.9146
CAMP07283,2025-11-17,2025-12-05,Social,73869,2449,411,104,2096.22,5100.85,1.4334
CAMP07284,2025-06-04,2025-07-01,Search,23305,1493,332,88,2010.16,9005.02,3.4798
CAMP07285,2025-02-17,2025-03-04,Social,112584,3108,506,89,2925.12,6033.46,1.0626
CAMP07286,2025-09-22,2025-10-18,Search,56244,2662,548,102,3737.22,9889.59,1.6462
CAMP07287,2025-02-02,2025-02-17,Display,103182,1251,128,20,769.94,1117.48,0.4514
CAMP07288,2025-06-23,2025-07-02,Display,20126,197,16,2,134.34,101.95,-0.2411
CAMP07289,2025-02-25,2025-03-18,Social,115747,3223,568,118,3059.49,7285.83,1.3814
CAMP07290,2025-05-18,2025-05-24,Social,110278,2565,417,83,1881.04,6104.52,2.2453
CAMP07291,2025-01-30,2025-02-21,Influencer,73726,2185,365,75,2668.68,6139.94,1.3007
CAMP07292,2025-07-24,2025-07-30,Search,32997,2313,532,151,2796.71,11906.72,3.2574
CAMP07293,2025-06-07,2025-06-30,Social,29691,808,130,27,703.85,1854.86,1.6353
CAMP07294,2025-03-19,2025-04-06,Search,98550,6435,1590,430,7205.55,33735.18,3.6818
CAMP07295,2025-09-01,2025-09-08,Search,5851,346,91,19,494.65,1615.95,2.2669
CAMP07296,2025-06-04,2025-06-21,Social,45118,1080,162,31,826.38,2420.44,1.929
CAMP07297,2025-05-11,2025-06-02,Search,48446,2807,658,157,3075.11,11340.21,2.6877
CAMP07298,2025-03-20,2025-04-14,Search,102047,4463,895,190,6016.98,14063.03,1.3372
CAMP07299,2025-06-03,2025-06-24,Display,42380,531,42,3,410.44,189.25,-0.5389
CAMP07300,2025-07-20,2025-07-30,Email,45284,3035,756,154,2263.84,7893.04,2.4866
CAMP07301,2025-01-27,2025-02-14,Email,77428,7179,2053,474,4735.71,43015.34,8.0832
CAMP07302,2025-02-19,2025-03-07,Influencer,67294,2473,434,108,3177.76,8978.99,1.8256
CAMP07303,2025-06-23,2025-07-14,Display,99604,1183,136,23,917.08,1885.08,1.0555
CAMP07304,2025-05-19,2025-06-12,Search,52183,2604,519,124,3595.52,11592.08,2.224
CAMP07305,2025-06-25,2025-07-18,Social,77264,2745,502,104,2442.71,5471.12,1.2398
CAMP07306,2025-01-14,2025-02-10,Social,71417,1867,311,52,1806.42,4237.65,1.3459
CAMP07307,2025-06-20,2025-07-12,Influencer,86368,3099,566,137,3482.36,14399.87,3.1351
CAMP07308,2025-03-21,2025-04-10,Display,47873,672,71,9,511.28,566.66,0.1083
CAMP07309,2025-05-31,2025-06-26,Email,60241,3963,955,190,3278.94,12173.08,2.7125
CAMP07310,2025-02-10,2025-02-22,Influencer,45061,1717,304,71,1520.12,4734.06,2.1143
CAMP07311,2025-03-13,2025-03-28,Email,92490,6557,1687,323,5470.37,21348.05,2.9025
CAMP07312,2025-12-10,2025-12-30,Email,61936,3473,810,135,2977.07,10403.36,2.4945
CAMP07313,2025-03-24,2025-04-06,Email,72964,5171,1329,259,5282.59,15501.53,1.9345
CAMP07314,2025-12-15,2026-01-08,Search,90595,4349,920,192,6241.37,15385.9,1.4651
CAMP07315,2025-03-21,2025-04-14,Social,79224,1921,300,44,1299.49,3110.92,1.394
CAMP07316,2025-03-25,2025-04-05,Social,48815,1883,353,86,1824.62,5887.64,2.2268
CAMP07317,2025-07-17,2025-08-11,Search,62991,3258,697,176,4745.99,14660.7,2.0891
CAMP07318,2025-09-02,2025-09-18,Influencer,42382,1290,227,39,1171.17,4453.73,2.8028
CAMP07319,2025-11-03,2025-11-27,Search,84420,5249,1209,326,7763.83,24018.55,2.0936
CAMP07320,2025-11-12,2025-12-02,Search,59724,3708,852,182,4292.98,11947.06,1.7829
CAMP07321,2025-03-19,2025-04-03,Search,66635,3888,877,201,6188.38,15115.82,1.4426
CAMP07322,2025-11-23,2025-12-10,Influencer,86410,3220,585,139,4308.1,11738.19,1.7247
CAMP07323,2025-07-04,2025-07-23,Display,76078,913,82,7,566.28,532.36,-0.0599
CAMP07324,2025-07-30,2025-08-19,Search,44719,1982,363,76,3231.4,7005.05,1.1678
CAMP07325,2025-09-29,2025-10-19,Social,30263,670,122,22,537.34,1625.17,2.0245
CAMP07326,2025-10-21,2025-11-06,Social,48286,1211,227,46,1027.83,3244.7,2.1568
CAMP07327,2025-09-01,2025-09-23,Influencer,34784,1612,348,82,1718.79,5176.42,2.0117
CAMP07328,2025-02-13,2025-02-28,Search,57703,2326,431,79,3629.19,6356.37,0.7515
CAMP07329,2025-12-06,2025-12-27,Social,59185,1555,266,42,1258.98,3794.49,2.0139
CAMP07330,2025-03-09,2025-03-15,Social,13974,302,46,8,262.17,778.76,1.9704
CAMP07331,2025-08-10,2025-08-22,Email,70681,5356,1458,329,4570.07,14879.73,2.2559
CAMP07332,2025-08-24,2025-09-07,Social,117656,2622,387,76,1719.78,4723.5,1.7466
CAMP07333,2025-08-11,2025-08-28,Influencer,80269,3733,778,172,3813.92,12578.03,2.2979
CAMP07334,2025-12-18,2026-01-08,Social,56050,1834,315,62,1597.29,4799.77,2.0049
CAMP07335,2025-04-12,2025-05-09,Social,62433,1901,329,61,1742.45,4299.67,1.4676
CAMP07336,2025-10-30,2025-11-18,Search,33089,1626,331,81,2545.24,6923.03,1.72
CAMP07337,2025-12-17,2026-01-13,Search,17191,948,194,50,1286.06,4499.51,2.4987
CAMP07338,2025-03-18,2025-03-30,Social,44216,1092,179,28,1005.39,2024.01,1.0132
CAMP07339,2025-11-18,2025-11-27,Social,40055,1484,251,64,1237.69,4222.9,2.4119
CAMP07340,2025-10-27,2025-11-23,Display,41836,463,34,6,318.2,377.03,0.1849
CAMP07341,2025-03-04,2025-03-18,Social,71186,1929,304,59,1543.26,4471.74,1.8976
CAMP07342,2025-04-21,2025-05-05,Email,41656,2572,614,126,2085.26,9095.18,3.3617
CAMP07343,2025-08-28,2025-09-18,Display,58939,616,70,11,343.84,704.74,1.0496
CAMP07344,2025-11-11,2025-12-05,Email,30525,2431,652,136,2105.11,10869.23,4.1633
CAMP07345,2025-04-15,2025-05-03,Email,29195,2490,680,150,1893.29,10882.93,4.7482
CAMP07346,2025-01-10,2025-01-23,Search,114536,7734,1888,489,10943.3,37165.26,2.3962
CAMP07347,2025-11-25,2025-12-03,Email,21529,1385,325,69,1391.98,4887.4,2.5111
CAMP07348,2025-12-06,2025-12-29,Search,81880,3919,796,190,6268.58,12824.51,1.0458
CAMP07349,2025-09-22,2025-10-08,Influencer,80341,3139,606,122,3106.73,9134.96,1.9404
CAMP07350,2025-05-01,2025-05-08,Email,68134,5242,1321,265,4086.86,14000.43,2.4257
CAMP07351,2025-09-06,2025-09-16,Email,74247,4755,1103,222,4599.2,15076.66,2.2781
CAMP07352,2025-09-30,2025-10-13,Social,72444,2589,489,104,1953.03,5202.58,1.6639
CAMP07353,2025-01-31,2025-02-15,Search,60260,3398,733,196,5438.17,14332.84,1.6356
CAMP07354,2025-10-28,2025-11-10,Social,65317,1516,226,41,1148.72,2850.09,1.4811
CAMP07355,2025-11-13,2025-11-19,Influencer,59693,1695,298,52,1823.48,3948.61,1.1654
CAMP07356,2025-03-25,2025-04-07,Social,62743,1677,288,59,1146.81,2856.95,1.4912
CAMP07357,2025-09-04,2025-09-25,Email,96686,6828,1707,314,5952.22,20152.48,2.3857
CAMP07358,2025-08-24,2025-09-14,Search,64736,4347,1068,255,6331.28,15838.85,1.5017
CAMP07359,2025-11-02,2025-11-27,Search,29895,1582,346,79,2575.72,8565.67,2.3255
CAMP07360,2025-06-29,2025-07-06,Search,19881,923,186,30,1780.44,2455.24,0.379
CAMP07361,2025-12-20,2026-01-16,Search,150278,7262,1479,326,10646.49,27178.08,1.5528
CAMP07362,2025-10-02,2025-10-21,Email,20542,1396,328,67,1125.02,4590.99,3.0808
CAMP07363,2025-11-20,2025-12-08,Social,28566,817,148,27,641.02,2126.98,2.3181
CAMP07364,2025-07-27,2025-08-08,Influencer,82815,2615,445,91,2540.16,7747.77,2.0501
CAMP07365,2025-02-26,2025-03-13,Email,92299,8831,2553,617,6671.92,44197.33,5.6244
CAMP07366,2025-01-05,2025-01-18,Email,71406,7585,2331,566,6339.76,29977.07,3.7284
CAMP07367,2025-11-27,2025-12-04,Search,86030,4392,945,232,6601.32,16593.37,1.5136
CAMP07368,2025-07-19,2025-07-28,Influencer,25612,982,196,45,1131.13,4670.72,3.1293
CAMP07369,2025-02-13,2025-03-01,Email,41837,2960,746,149,2092.95,8039.63,2.8413
CAMP07370,2025-06-23,2025-07-19,Search,92485,6357,1541,411,8177.78,38518.91,3.7102
CAMP07371,2025-11-12,2025-11-18,Search,38855,1995,400,91,3200.8,5798.84,0.8117
CAMP07372,2025-06-01,2025-06-23,Social,125384,2734,408,71,2431.38,5899.31,1.4263
CAMP07373,2025-09-17,2025-10-05,Social,82961,2246,349,69,1507.94,5873.89,2.8953
CAMP07374,2025-04-04,2025-04-21,Search,141716,6358,1267,270,8732.49,23891.5,1.7359
CAMP07375,2025-11-11,2025-11-29,Social,79181,2460,463,99,1717.5,6901.23,3.0182
CAMP07376,2025-10-17,2025-11-03,Search,62144,4865,1283,366,5677.59,35694.97,5.287
CAMP07377,2025-05-26,2025-06-03,Display,36828,512,52,12,257.6,777.73,2.0191
CAMP07378,2025-08-18,2025-08-28,Search,38241,1394,246,38,1936.55,2657.85,0.3725
CAMP07379,2025-01-04,2025-01-28,Email,57547,3189,740,154,2346.67,9644.13,3.1097
CAMP07380,2025-07-21,2025-07-30,Display,57984,920,119,21,630.14,1390.99,1.2074
CAMP07381,2025-10-13,2025-11-07,Search,58574,3302,746,168,4716.23,14593.85,2.0944
CAMP07382,2025-04-30,2025-05-08,Display,35504,624,74,12,469.02,956.45,1.0393
CAMP07383,2025-09-12,2025-09-26,Display,59974,729,75,10,372.85,785.22,1.106
CAMP07384,2025-12-22,2026-01-18,Email,103754,7001,1747,308,6515.47,14417.99,1.2129
CAMP07385,2025-07-05,2025-07-31,Email,22815,1796,465,93,1637.27,6248.62,2.8165
CAMP07386,2025-05-05,2025-06-01,Search,67845,4366,1045,288,4806.76,27362.39,4.6925
CAMP07387,2025-03-24,2025-04-06,Search,84479,3476,652,161,5359.43,13739.09,1.5635
CAMP07388,2025-04-07,2025-04-21,Email,39237,2535,611,110,2278.36,8865.74,2.8913
CAMP07389,2025-05-02,2025-05-13,Email,140757,11169,2996,609,8515.59,39263.87,3.6108
CAMP07390,2025-01-07,2025-01-25,Search,83926,3960,788,162,5480.27,12715.13,1.3202
CAMP07391,2025-01-27,2025-02-05,Display,49682,455,40,5,298.39,273.75,-0.0826
CAMP07392,2025-12-19,2026-01-07,Social,24741,662,100,19,479.97,1252.35,1.6092
CAMP07393,2025-10-10,2025-10-26,Search,42365,1803,329,75,2300.55,6072.7,1.6397
CAMP07394,2025-12-25,2026-01-04,Display,75095,1074,123,18,860.67,1447.88,0.6823
CAMP07395,2025-07-08,2025-07-15,Search,32176,1559,303,68,2038.9,4140.73,1.0309
CAMP07396,2025-08-29,2025-09-24,Search,45657,1898,360,65,2762.65,5707.14,1.0658
CAMP07397,2025-11-01,2025-11-19,Social,87379,2042,320,47,1582.83,3162.47,0.998
CAMP07398,2025-01-04,2025-01-12,Display,53998,717,80,9,403.76,641.7,0.5893
CAMP07399,2025-02-20,2025-03-06,Email,14854,1201,340,65,992.51,4195.05,3.2267
CAMP07400,2025-04-29,2025-05-24,Social,96618,2418,383,61,2482.78,3402.85,0.3706
CAMP07401,2025-07-01,2025-07-18,Display,69396,677,67,8,422.78,411.28,-0.0272
CAMP07402,2025-01-23,2025-02-01,Social,120240,1894,246,46,1605.48,5729.7,2.5688
CAMP07403,2025-10-11,2025-10-26,Influencer,51119,1916,395,88,2106.93,7492.47,2.5561
CAMP07404,2025-10-08,2025-10-20,Search,17844,890,185,45,1312.39,3021.08,1.302
CAMP07405,2025-05-18,2025-06-02,Display,40687,474,45,5,329.72,314.61,-0.0458
CAMP07406,2025-10-23,2025-11-14,Email,26094,2239,614,138,1611.3,9013.75,4.5941
CAMP07407,2025-06-19,2025-07-13,Email,75242,5294,1299,259,4337.78,14040.09,2.2367
CAMP07408,2025-11-19,2025-12-06,Social,64215,1444,221,27,1218.45,2132.94,0.7505
CAMP07409,2025-12-24,2026-01-10,Influencer,53153,1934,372,80,1955.56,5147.94,1.6325
CAMP07410,2025-01-15,2025-01-28,Search,90078,5712,1349,368,8270.13,33776.18,3.0841
CAMP07411,2025-06-04,2025-06-16,Search,65807,4026,909,226,6336.71,17865.29,1.8193
CAMP07412,2025-07-17,2025-08-08,Display,34472,399,43,6,233.66,410.26,0.7558
CAMP07413,2025-11-13,2025-11-23,Search,49421,3563,907,250,7201.36,21336.3,1.9628
CAMP07414,2025-01-15,2025-02-11,Email,87759,6157,1598,333,5523.13,24872.54,3.5033
CAMP07415,2025-03-04,2025-03-21,Search,51243,2911,651,158,3190.07,12569.37,2.9402
CAMP07416,2025-11-28,2025-12-25,Search,50625,2944,672,168,4470.69,18346.43,3.1037
CAMP07417,2025-12-08,2025-12-16,Search,86206,5047,1157,296,6757.11,33291.81,3.9269
CAMP07418,2025-12-22,2026-01-01,Search,107695,3912,682,118,5359.57,10706.12,0.9976
CAMP07419,2025-07-14,2025-07-28,Search,17077,1291,322,94,1855.07,8041.72,3.335
CAMP07420,2025-04-02,2025-04-21,Search,152623,7383,1493,319,9136.86,26509.15,1.9013
CAMP07421,2025-09-15,2025-10-06,Social,56314,1409,210,35,1044.89,2596.29,1.4847
CAMP07422,2025-01-30,2025-02-15,Email,85529,6035,1471,321,4438.78,20517.62,3.6224
CAMP07423,2025-01-23,2025-02-15,Search,16680,1187,295,100,1916.66,7657.87,2.9954
CAMP07424,2025-04-26,2025-05-08,Display,61427,793,74,12,445.07,948.82,1.1318
CAMP07425,2025-12-06,2025-12-18,Influencer,59218,2177,443,95,2007.2,8029.93,3.0006
CAMP07426,2025-07-30,2025-08-20,Influencer,137234,5436,1040,223,5836.16,20661.77,2.5403
CAMP07427,2025-02-05,2025-02-11,Search,17196,1004,210,59,1383.9,5173.59,2.7384
CAMP07428,2025-03-07,2025-03-22,Search,64291,3547,796,187,4132.79,18488.51,3.4736
CAMP07429,2025-03-22,2025-03-28,Social,19736,437,88,8,360.55,459.49,0.2744
CAMP07430,2025-07-30,2025-08-06,Display,9016,78,9,2,50.28,117.75,1.3419
CAMP07431,2025-04-14,2025-05-04,Social,85795,2059,303,39,1812.55,2669.8,0.473
CAMP07432,2025-10-21,2025-11-09,Email,93463,6261,1518,268,4490.87,15750.06,2.5071
CAMP07433,2025-09-18,2025-09-24,Influencer,45787,1537,275,64,1595.32,5495.39,2.4447
CAMP07434,2025-09-14,2025-09-27,Display,81288,955,89,18,657.52,1088.06,0.6548
CAMP07435,2025-07-22,2025-08-10,Social,38765,878,127,21,707.75,1310.22,0.8512
CAMP07436,2025-03-13,2025-04-07,Email,95183,7208,1865,401,6601.46,31346.78,3.7485
CAMP07437,2025-04-11,2025-04-19,Search,23237,1066,219,51,1890.86,4167.03,1.2038
CAMP07438,2025-04-14,2025-04-30,Social,25366,713,108,20,565.86,1098.74,0.9417
CAMP07439,2025-04-14,2025-05-06,Search,69288,4720,1148,301,7065.71,28969.87,3.1001
CAMP07440,2025-01-12,2025-01-27,Search,72661,3331,635,144,4240.87,7786.64,0.8361
CAMP07441,2025-07-25,2025-08-02,Search,144636,9332,2267,600,13732.02,55886.13,3.0698
CAMP07442,2025-07-31,2025-08-23,Search,116131,7157,1613,421,8843.92,37319.59,3.2198
CAMP07443,2025-07-04,2025-07-28,Display,56078,608,73,13,338.86,1104.19,2.2585
CAMP07444,2025-04-20,2025-05-14,Display,47135,423,41,4,277.07,332.13,0.1987
CAMP07445,2025-03-21,2025-04-15,Search,93108,7248,1873,543,10608.37,38413.51,2.6211
CAMP07446,2025-05-04,2025-05-15,Search,25867,1533,354,97,2267.92,7083.87,2.1235
CAMP07447,2025-12-01,2025-12-28,Email,80876,6204,1593,319,4878.99,23620.77,3.8413
CAMP07448,2025-08-25,2025-09-03,Search,111865,5644,1174,276,9872.76,19609.01,0.9862
CAMP07449,2025-12-02,2025-12-10,Search,162981,11402,2771,755,17264.75,70897.04,3.1065
CAMP07450,2025-12-03,2025-12-30,Search,95411,7107,1789,501,10233.77,48985.65,3.7867
CAMP07451,2025-07-25,2025-08-17,Search,101989,5609,1260,299,6536.16,22058.44,2.3748
CAMP07452,2025-11-10,2025-11-23,Search,58383,2936,624,147,4037.63,13381.06,2.3141
CAMP07453,2025-02-25,2025-03-19,Influencer,39446,1367,266,46,1109.85,3814.96,2.4374
CAMP07454,2025-05-24,2025-06-05,Search,75072,3627,798,173,5819.94,13693.05,1.3528
CAMP07455,2025-10-28,2025-11-03,Search,125284,5192,1028,206,6919.72,14523.74,1.0989
CAMP07456,2025-11-26,2025-12-03,Social,95441,2535,424,78,1966.61,4536.62,1.3068
CAMP07457,2025-06-26,2025-07-08,Social,160702,3411,532,98,2889.11,6686.26,1.3143
CAMP07458,2025-12-16,2025-12-27,Social,79726,1452,203,26,1312.82,1892.67,0.4417
CAMP07459,2025-02-15,2025-03-13,Email,78444,5537,1372,261,4735.38,17202.21,2.6327
CAMP07460,2025-07-13,2025-07-26,Search,48121,2291,431,95,3552.92,7970.29,1.2433
CAMP07461,2025-03-15,2025-03-22,Search,32752,1543,310,65,2097.54,4858.77,1.3164
CAMP07462,2025-06-18,2025-06-28,Social,45492,1501,268,58,1451.06,5400.59,2.7218
CAMP07463,2025-06-17,2025-07-14,Display,44314,331,34,4,204.38,306.52,0.4998
CAMP07464,2025-11-17,2025-11-25,Search,82704,3872,784,171,5828.03,16881.35,1.8966
CAMP07465,2025-10-23,2025-11-11,Influencer,44820,1425,236,41,1545.57,3788.34,1.4511
CAMP07466,2025-03-02,2025-03-23,Influencer,26400,859,155,33,1046.34,3269.56,2.1248
CAMP07467,2025-03-28,2025-04-13,Search,101245,3699,668,142,5414.78,14846.96,1.7419
CAMP07468,2025-07-19,2025-08-03,Email,14329,938,246,37,768.25,2414.56,2.1429
CAMP07469,2025-06-08,2025-06-23,Influencer,51796,1919,352,81,2109.61,9120.64,3.3234
CAMP07470,2025-11-12,2025-12-04,Email,64077,5220,1418,337,3461.44,20403.04,4.8944
CAMP07471,2025-10-02,2025-10-08,Display,66139,733,64,5,534.62,360.6,-0.3255
CAMP07472,2025-08-19,2025-08-28,Search,62603,3204,672,169,5217.79,19438.55,2.7254
CAMP07473,2025-08-19,2025-09-06,Search,61715,4631,1204,346,6210.89,25839.72,3.1604
CAMP07474,2025-11-20,2025-11-29,Display,79204,1032,112,18,614.23,1392.26,1.2667
CAMP07475,2025-02-09,2025-02-19,Email,89553,7725,2155,475,6062.57,28307.98,3.6693
CAMP07476,2025-02-04,2025-02-13,Email,65356,5276,1469,329,4109.39,20134.4,3.8996
CAMP07477,2025-01-18,2025-02-02,Search,56620,2998,654,125,4154.13,8396.95,1.0213
CAMP07478,2025-07-02,2025-07-28,Search,68925,3972,869,208,4524.98,16588.59,2.666
CAMP07479,2025-11-01,2025-11-16,Social,81315,1603,229,43,1197.16,2732.78,1.2827
CAMP07480,2025-01-16,2025-02-03,Social,33739,778,128,29,612.26,1961.46,2.2036
CAMP07481,2025-05-11,2025-05-21,Search,163490,6138,1136,249,9208.18,24465.92,1.657
CAMP07482,2025-06-11,2025-06-27,Influencer,47530,2109,425,102,1980.06,7223.09,2.6479
CAMP07483,2025-03-07,2025-03-19,Search,86023,4900,1077,260,6305.51,19202.59,2.0454
CAMP07484,2025-04-16,2025-05-01,Display,86397,1177,115,16,941.88,931.2,-0.0113
CAMP07485,2025-01-09,2025-01-31,Email,105408,8480,2219,514,7800.19,32267.42,3.1367
CAMP07486,2025-05-06,2025-05-25,Influencer,38575,1104,215,52,1358.35,5053.93,2.7206
CAMP07487,2025-04-30,2025-05-23,Display,59136,865,100,16,486.48,1501.05,2.0855
CAMP07488,2025-09-22,2025-10-08,Search,70541,4043,889,196,5232.08,20713.51,2.9589
CAMP07489,2025-03-16,2025-04-12,Influencer,41024,1587,266,71,1694.97,5676.2,2.3488
CAMP07490,2025-01-16,2025-02-07,Search,72566,3829,857,208,4332.78,16395.95,2.7842
CAMP07491,2025-02-28,2025-03-14,Search,57480,3372,739,196,4003.56,14149.08,2.5341
CAMP07492,2025-06-13,2025-06-19,Search,45512,2377,517,125,2779.48,11002.08,2.9583
CAMP07493,2025-08-20,2025-09-04,Email,89941,7157,1970,434,5144.75,26535.75,4.1578
CAMP07494,2025-01-18,2025-02-12,Social,219326,6016,1000,185,4246.85,10928.79,1.5734
CAMP07495,2025-06-09,2025-06-24,Email,75912,7009,1947,444,5186.75,24082.93,3.6432
CAMP07496,2025-09-07,2025-09-24,Social,89210,2192,357,55,1634.72,3263.44,0.9963
CAMP07497,2025-03-04,2025-03-15,Search,60266,3968,979,247,6095.75,24388.97,3.001
CAMP07498,2025-04-25,2025-05-10,Influencer,94657,4414,845,199,5602.38,18084.45,2.228
CAMP07499,2025-11-23,2025-12-12,Email,38562,2773,714,136,1926.51,6764.11,2.5111
CAMP07500,2025-04-14,2025-04-24,Search,33098,1355,252,50,2103.53,3501.29,0.6645
CAMP07501,2025-03-27,2025-04-19,Social,47795,1247,202,37,1073.41,3127.78,1.9139
CAMP07502,2025-06-16,2025-06-28,Social,38018,1002,157,25,731.15,1837.58,1.5133
CAMP07503,2025-10-26,2025-11-10,Email,75279,5631,1478,289,4424.31,20428.41,3.6173
CAMP07504,2025-10-14,2025-10-31,Search,69138,4546,1066,263,5113.0,19677.56,2.8485
CAMP07505,2025-10-31,2025-11-25,Social,67221,1762,302,46,1441.74,2276.02,0.5787
CAMP07506,2025-03-21,2025-04-09,Social,26617,681,125,22,677.64,1979.07,1.9205
CAMP07507,2025-12-22,2026-01-14,Influencer,36648,1168,206,39,1333.62,3631.33,1.7229
CAMP07508,2025-07-22,2025-08-09,Search,48350,2166,466,107,2881.77,7311.57,1.5372
CAMP07509,2025-09-24,2025-10-13,Email,53208,3238,739,121,2457.4,11079.68,3.5087
CAMP07510,2025-05-03,2025-05-11,Social,62760,1285,153,31,1104.56,2371.36,1.1469
CAMP07511,2025-10-24,2025-11-07,Social,72305,2438,451,97,2126.61,5981.4,1.8126
CAMP07512,2025-01-18,2025-01-31,Email,21480,1378,327,64,1049.4,3305.45,2.1498
CAMP07513,2025-12-07,2025-12-17,Influencer,72477,1905,289,52,2035.75,4131.82,1.0296
CAMP07514,2025-02-24,2025-03-04,Search,73035,6742,1872,599,8577.77,49187.33,4.7343
CAMP07515,2025-06-08,2025-06-26,Email,33018,2951,821,191,2521.74,14844.97,4.8868
CAMP07516,2025-01-30,2025-02-22,Social,127107,2508,377,62,2054.35,4278.36,1.0826
CAMP07517,2025-08-08,2025-08-17,Search,36021,1617,327,68,2323.93,5070.1,1.1817
CAMP07518,2025-11-11,2025-11-28,Influencer,53156,2090,378,89,2526.51,8245.14,2.2635
CAMP07519,2025-12-10,2025-12-22,Search,59588,3471,781,183,4924.66,13964.66,1.8357
CAMP07520,2025-03-22,2025-04-08,Search,49482,2999,695,197,3391.95,16145.53,3.76
CAMP07521,2025-11-27,2025-12-05,Search,39607,2222,475,127,3823.25,10882.14,1.8463
CAMP07522,2025-12-03,2025-12-18,Display,76353,1105,126,19,732.27,1535.71,1.0972
CAMP07523,2025-03-24,2025-04-09,Influencer,30890,1476,334,97,1563.85,6902.14,3.4136
CAMP07524,2025-01-14,2025-02-06,Influencer,53951,1843,322,59,1765.23,4659.65,1.6397
CAMP07525,2025-07-20,2025-08-04,Display,70282,1377,166,27,830.68,1582.93,0.9056
CAMP07526,2025-07-01,2025-07-23,Social,37251,821,127,19,608.25,1167.35,0.9192
CAMP07527,2025-12-27,2026-01-21,Email,46174,2547,585,107,1770.49,8593.01,3.8535
CAMP07528,2025-03-05,2025-03-23,Search,29066,1570,320,66,2740.0,4938.9,0.8025
CAMP07529,2025-05-15,2025-05-28,Email,60346,4734,1286,274,4459.35,22616.81,4.0718
CAMP07530,2025-07-04,2025-07-24,Social,66178,2037,346,75,1364.59,6148.95,3.5061
CAMP07531,2025-11-26,2025-12-06,Search,55149,3002,692,172,3828.82,14237.94,2.7186
CAMP07532,2025-08-11,2025-08-27,Search,57078,3502,815,208,5107.47,18699.16,2.6611
CAMP07533,2025-06-28,2025-07-14,Influencer,36588,2084,466,150,2314.5,14434.59,5.2366
CAMP07534,2025-01-29,2025-02-22,Email,100909,7157,1799,383,5280.09,19670.61,2.7254
CAMP07535,2025-05-31,2025-06-15,Search,23067,1328,300,80,1630.08,7813.25,3.7932
CAMP07536,2025-05-14,2025-06-08,Search,80395,4129,877,212,5631.79,15745.83,1.7959
CAMP07537,2025-04-07,2025-05-04,Social,30862,752,114,25,821.27,1532.05,0.8655
CAMP07538,2025-07-03,2025-07-16,Search,139094,10589,2736,771,16056.71,70060.11,3.3633
CAMP07539,2025-07-24,2025-08-08,Social,45525,1292,230,48,988.16,4095.73,3.1448
CAMP07540,2025-05-17,2025-06-03,Influencer,86773,2868,517,96,2860.26,7624.15,1.6655
CAMP07541,2025-10-02,2025-10-22,Display,77056,686,54,7,475.47,404.83,-0.1486
CAMP07542,2025-01-25,2025-02-05,Display,104990,914,69,6,562.22,335.91,-0.4025
CAMP07543,2025-05-23,2025-06-03,Influencer,48361,1664,297,66,1679.63,4311.0,1.5666
CAMP07544,2025-09-28,2025-10-06,Search,59559,2270,385,64,3056.75,6050.46,0.9794
CAMP07545,2025-09-16,2025-10-08,Email,85425,8231,2384,546,7648.35,46129.01,5.0312
CAMP07546,2025-10-29,2025-11-25,Social,39518,1219,201,49,880.47,3606.62,3.0962
CAMP07547,2025-05-12,2025-06-03,Display,47111,797,99,12,562.28,746.22,0.3271
CAMP07548,2025-12-04,2025-12-25,Social,135904,4263,778,157,3905.47,11477.27,1.9388
CAMP07549,2025-01-18,2025-01-24,Email,23470,2082,538,105,1877.43,8878.12,3.7289
CAMP07550,2025-02-24,2025-03-15,Email,51177,3370,815,172,3034.66,13525.49,3.457
CAMP07551,2025-08-07,2025-08-17,Social,31219,604,99,13,556.95,1195.8,1.1471
CAMP07552,2025-12-31,2026-01-13,Influencer,81979,3061,591,148,3676.07,9266.67,1.5208
CAMP07553,2025-08-07,2025-08-13,Search,42808,1752,318,70,2698.2,5300.84,0.9646
CAMP07554,2025-02-08,2025-03-07,Influencer,77241,3231,634,152,4440.11,12992.31,1.9261
CAMP07555,2025-05-18,2025-06-06,Search,30456,1802,428,116,2362.84,11243.81,3.7586
CAMP07556,2025-06-14,2025-07-11,Search,43863,2481,558,135,3505.22,11761.92,2.3555
CAMP07557,2025-04-05,2025-04-12,Email,123375,10298,2821,607,8276.35,53439.87,5.4569
CAMP07558,2025-03-21,2025-03-30,Search,51372,2468,503,120,3513.5,10573.44,2.0094
CAMP07559,2025-01-01,2025-01-19,Social,94372,2177,342,56,1638.17,4899.41,1.9908
CAMP07560,2025-08-04,2025-08-13,Email,96939,6526,1619,313,5876.07,25877.18,3.4038
CAMP07561,2025-09-13,2025-10-09,Search,60370,2387,410,80,3608.72,6937.25,0.9224
CAMP07562,2025-08-29,2025-09-14,Display,61827,1011,120,20,704.2,1276.77,0.8131
CAMP07563,2025-10-04,2025-10-14,Email,89905,7319,1920,401,6194.57,25661.86,3.1426
CAMP07564,2025-02-24,2025-03-03,Display,80491,668,57,11,435.0,724.43,0.6654
CAMP07565,2025-05-23,2025-06-15,Search,35882,1551,302,60,2681.19,5552.52,1.0709
CAMP07566,2025-08-17,2025-08-28,Display,121350,1579,164,20,911.43,1297.52,0.4236
CAMP07567,2025-12-29,2026-01-04,Search,38534,2253,483,118,3193.25,10771.65,2.3733
CAMP07568,2025-01-06,2025-01-28,Social,100194,2662,428,85,2209.44,5479.38,1.48
CAMP07569,2025-11-12,2025-11-22,Social,54656,1742,340,76,1282.2,5485.86,3.2785
CAMP07570,2025-07-29,2025-08-17,Email,38011,2641,653,109,2320.1,7778.78,2.3528
CAMP07571,2025-07-08,2025-07-24,Display,142913,1671,163,28,1027.99,1583.35,0.5402
CAMP07572,2025-12-09,2025-12-20,Social,147401,3484,556,119,3493.1,9203.83,1.6349
CAMP07573,2025-08-06,2025-08-24,Email,23799,1603,419,96,1208.57,5957.27,3.9292
CAMP07574,2025-09-16,2025-10-07,Display,70016,821,63,10,628.0,718.68,0.1444
CAMP07575,2025-02-03,2025-02-18,Email,69912,6568,1861,424,4643.15,27538.8,4.9311
CAMP07576,2025-10-08,2025-10-20,Email,48442,2842,671,142,1913.61,9008.12,3.7074
CAMP07577,2025-02-04,2025-02-10,Email,31427,2227,526,104,1362.89,6740.91,3.946
CAMP07578,2025-05-18,2025-06-08,Display,32153,532,68,17,327.31,1428.05,3.363
CAMP07579,2025-10-16,2025-10-23,Display,32006,473,50,5,263.87,293.79,0.1134
CAMP07580,2025-10-13,2025-11-07,Social,53249,1921,396,92,1369.53,7965.88,4.8165
CAMP07581,2025-12-24,2026-01-05,Influencer,72979,2494,445,98,2840.94,6373.96,1.2436
CAMP07582,2025-10-12,2025-10-28,Social,101813,2103,308,51,1888.2,3087.54,0.6352
CAMP07583,2025-06-24,2025-07-20,Email,59584,4067,963,182,2858.57,10738.39,2.7566
CAMP07584,2025-09-04,2025-09-16,Display,26009,370,35,4,306.87,273.19,-0.1098
CAMP07585,2025-05-09,2025-05-24,Social,148670,3945,674,126,3139.06,8540.24,1.7206
CAMP07586,2025-08-11,2025-08-19,Display,56016,590,59,6,403.78,317.44,-0.2138
CAMP07587,2025-03-23,2025-03-30,Social,27445,514,76,10,410.99,1027.76,1.5007
CAMP07588,2025-08-05,2025-08-22,Influencer,79506,3710,703,183,4120.09,16634.81,3.0375
CAMP07589,2025-07-07,2025-07-18,Influencer,17930,1005,208,51,1130.89,4335.82,2.834
CAMP07590,2025-03-19,2025-03-27,Influencer,117235,3277,531,122,3030.84,11265.61,2.717
CAMP07591,2025-01-30,2025-02-19,Display,46022,613,75,5,318.08,315.9,-0.0069
CAMP07592,2025-08-16,2025-08-28,Influencer,107492,3785,678,155,4103.47,10907.7,1.6582
CAMP07593,2025-10-03,2025-10-27,Search,44403,2390,524,120,3472.85,8920.19,1.5686
CAMP07594,2025-11-29,2025-12-25,Display,100964,1184,107,13,805.89,888.64,0.1027
CAMP07595,2025-12-07,2025-12-20,Influencer,17870,556,86,16,629.68,1556.2,1.4714
CAMP07596,2025-08-09,2025-08-16,Email,70939,5032,1243,241,4394.16,17586.78,3.0023
CAMP07597,2025-06-09,2025-07-03,Search,69845,4215,961,210,5866.82,16058.63,1.7372
CAMP07598,2025-10-18,2025-10-26,Search,89232,4866,1050,248,6237.68,19535.87,2.1319
CAMP07599,2025-07-02,2025-07-24,Email,62717,5090,1356,272,3700.46,18592.11,4.0243
CAMP07600,2025-01-17,2025-01-23,Search,86454,6078,1490,411,6999.67,36727.41,4.247
CAMP07601,2025-10-03,2025-10-16,Display,86104,1065,111,17,734.17,1338.72,0.8234
CAMP07602,2025-10-28,2025-11-08,Search,46103,2950,670,162,3650.93,9258.57,1.5359
CAMP07603,2025-08-12,2025-08-24,Search,58781,3975,973,240,4679.32,18175.84,2.8843
CAMP07604,2025-12-01,2025-12-24,Email,21172,1286,308,55,1126.82,3777.74,2.3526
CAMP07605,2025-07-10,2025-07-26,Email,112921,7250,1730,334,6981.58,17968.38,1.5737
CAMP07606,2025-01-26,2025-02-01,Search,46437,2699,575,141,3448.83,11291.69,2.2741
CAMP07607,2025-08-29,2025-09-15,Email,63049,4322,1082,218,3770.38,12242.84,2.2471
CAMP07608,2025-05-01,2025-05-07,Search,124451,6622,1430,358,8125.78,29177.42,2.5907
CAMP07609,2025-01-23,2025-02-14,Search,73460,3601,778,168,4599.84,11365.84,1.4709
CAMP07610,2025-07-09,2025-07-19,Search,154201,7279,1491,337,12101.29,27409.47,1.265
CAMP07611,2025-09-19,2025-10-03,Social,53113,1020,141,25,899.84,1427.83,0.5868
CAMP07612,2025-04-04,2025-04-23,Display,20110,256,24,1,187.89,65.02,-0.6539
CAMP07613,2025-06-07,2025-06-17,Search,36219,2176,493,136,3035.6,9714.76,2.2003
CAMP07614,2025-01-02,2025-01-17,Social,49024,1624,313,60,1320.59,4734.0,2.5848
CAMP07615,2025-12-01,2025-12-22,Social,38567,1233,231,41,965.65,3126.46,2.2377
CAMP07616,2025-07-19,2025-08-02,Social,65742,1655,246,44,1152.05,2846.99,1.4712
CAMP07617,2025-09-16,2025-09-26,Social,73439,2254,420,91,1500.27,5424.43,2.6156
CAMP07618,2025-02-16,2025-03-01,Social,79731,2406,428,80,1931.72,4328.09,1.2405
CAMP07619,2025-04-27,2025-05-05,Search,80876,4945,1143,299,8212.21,25295.63,2.0802
CAMP07620,2025-10-28,2025-11-16,Search,70404,4188,930,221,5359.59,18472.26,2.4466
CAMP07621,2025-12-01,2025-12-07,Social,77415,2364,440,74,1825.93,4886.65,1.6763
CAMP07622,2025-01-30,2025-02-25,Social,24820,663,115,19,523.55,1399.42,1.6729
CAMP07623,2025-10-05,2025-10-19,Search,131527,5001,958,187,8365.31,19310.83,1.3084
CAMP07624,2025-12-02,2025-12-09,Search,87532,5831,1347,358,9326.55,30046.89,2.2217
CAMP07625,2025-10-24,2025-11-14,Social,27486,516,74,16,439.16,1171.64,1.6679
CAMP07626,2025-11-08,2025-12-01,Email,107595,7741,1927,377,5949.91,27282.6,3.5854
CAMP07627,2025-11-13,2025-12-05,Influencer,45579,1390,219,51,1511.36,5113.22,2.3832
CAMP07628,2025-02-03,2025-02-27,Email,67074,4035,917,176,2917.48,11572.6,2.9666
CAMP07629,2025-12-24,2026-01-10,Display,116405,1453,165,18,1095.67,1401.07,0.2787
CAMP07630,2025-08-05,2025-08-11,Search,53315,2317,459,111,3338.06,7807.85,1.339
CAMP07631,2025-03-18,2025-03-27,Search,46410,2983,693,163,4019.06,12135.43,2.0195
CAMP07632,2025-01-26,2025-02-21,Influencer,36488,1087,181,41,1290.23,2691.73,1.0862
CAMP07633,2025-12-14,2026-01-03,Display,55966,628,61,10,395.71,776.04,0.9611
CAMP07634,2025-12-18,2026-01-08,Display,14780,149,11,2,92.14,142.59,0.5475
CAMP07635,2025-07-04,2025-07-10,Search,91363,5891,1378,370,7286.7,30449.11,3.1787
CAMP07636,2025-06-25,2025-07-09,Display,51373,801,94,16,405.21,1082.07,1.6704
CAMP07637,2025-02-25,2025-03-08,Email,139008,11401,3048,639,9117.96,48367.16,4.3046
CAMP07638,2025-09-03,2025-09-16,Search,52881,3469,870,226,5215.99,23168.59,3.4418
CAMP07639,2025-05-31,2025-06-13,Email,53948,3620,919,191,2591.53,10738.01,3.1435
CAMP07640,2025-06-18,2025-07-12,Social,45249,1070,167,25,716.78,1746.55,1.4367
CAMP07641,2025-02-21,2025-02-28,Email,112874,5223,1019,160,4180.44,10035.74,1.4006
CAMP07642,2025-10-10,2025-10-19,Social,43299,1081,178,40,708.42,2945.44,3.1578
CAMP07643,2025-06-19,2025-07-03,Influencer,27920,983,183,39,1056.75,4374.27,3.1394
CAMP07644,2025-02-24,2025-03-15,Search,29223,1427,274,67,2045.62,4731.93,1.3132
CAMP07645,2025-10-29,2025-11-04,Social,92346,3281,618,138,2724.59,9268.69,2.4019
CAMP07646,2025-06-01,2025-06-21,Search,17436,919,201,58,1374.72,3361.89,1.4455
CAMP07647,2025-04-14,2025-05-09,Display,73741,794,67,13,544.04,1000.16,0.8384
CAMP07648,2025-10-23,2025-10-29,Email,44532,3268,844,170,2265.01,9498.05,3.1934
CAMP07649,2025-07-10,2025-07-20,Display,133239,1612,176,26,919.1,1425.15,0.5506
CAMP07650,2025-02-12,2025-03-04,Social,6930,160,23,4,108.88,278.44,1.5573
CAMP07651,2025-06-18,2025-06-26,Social,29780,703,115,29,500.15,1949.48,2.8978
CAMP07652,2025-02-22,2025-03-09,Influencer,40894,1057,139,24,1156.63,1892.06,0.6358
CAMP07653,2025-09-08,2025-10-05,Display,88432,1474,187,30,851.01,2456.47,1.8865
CAMP07654,2025-01-31,2025-02-19,Search,51963,1885,350,64,2654.98,4948.3,0.8638
CAMP07655,2025-03-31,2025-04-07,Influencer,90093,3005,559,123,3532.91,12470.51,2.5298
CAMP07656,2025-02-27,2025-03-25,Search,37395,1466,266,57,2358.83,3777.38,0.6014
CAMP07657,2025-10-26,2025-11-18,Social,135497,3690,593,120,3034.65,7223.88,1.3805
CAMP07658,2025-02-08,2025-02-14,Search,67838,4619,1118,282,6431.0,20980.6,2.2624
CAMP07659,2025-07-29,2025-08-05,Email,70281,4447,1085,195,3265.17,13732.87,3.2059
CAMP07660,2025-05-29,2025-06-05,Search,84880,4505,976,251,5318.34,24035.72,3.5194
CAMP07661,2025-09-10,2025-09-29,Social,35872,951,151,28,710.81,1876.48,1.6399
CAMP07662,2025-07-20,2025-08-12,Influencer,37365,1218,207,53,1260.09,4140.2,2.2856
CAMP07663,2025-05-17,2025-05-30,Display,39313,499,53,7,385.39,411.9,0.0688
CAMP07664,2025-06-29,2025-07-16,Search,61746,3594,828,184,6216.35,15933.33,1.5631
CAMP07665,2025-02-06,2025-02-21,Social,35570,862,124,14,711.02,1211.69,0.7042
CAMP07666,2025-01-08,2025-01-17,Social,94008,1979,273,45,1375.55,2975.94,1.1635
CAMP07667,2025-03-14,2025-03-23,Search,44317,3099,777,216,4200.76,24612.09,4.859
CAMP07668,2025-06-09,2025-07-02,Social,95084,2605,428,82,2103.01,4804.09,1.2844
CAMP07669,2025-01-25,2025-02-04,Influencer,70908,2836,517,116,3412.0,8375.91,1.4548
CAMP07670,2025-04-06,2025-04-28,Search,51030,2889,643,164,4127.23,11247.98,1.7253
CAMP07671,2025-03-12,2025-04-08,Display,56547,637,73,12,368.57,721.66,0.958
CAMP07672,2025-07-16,2025-08-05,Email,36155,2502,589,117,1839.98,8595.78,3.6717
CAMP07673,2025-07-28,2025-08-16,Email,98873,9460,2717,637,8123.55,47362.53,4.8303
CAMP07674,2025-12-10,2026-01-05,Influencer,57162,1946,345,80,1829.76,6397.4,2.4963
CAMP07675,2025-05-02,2025-05-14,Email,33825,2481,634,129,1909.07,10240.21,4.364
CAMP07676,2025-12-11,2026-01-05,Social,36341,966,159,33,715.34,2589.35,2.6197
CAMP07677,2025-05-13,2025-06-07,Social,90227,2074,301,50,1652.09,4796.52,1.9033
CAMP07678,2025-02-08,2025-02-18,Display,70770,1138,117,17,771.03,1243.03,0.6122
CAMP07679,2025-05-31,2025-06-26,Email,47383,2280,440,62,1710.53,3785.69,1.2132
CAMP07680,2025-01-18,2025-01-25,Display,34753,446,55,11,299.98,619.23,1.0642
CAMP07681,2025-07-26,2025-08-17,Search,161389,9368,2084,479,12266.16,34896.98,1.845
CAMP07682,2025-04-23,2025-04-29,Influencer,56331,1770,313,72,1967.7,7316.71,2.7184
CAMP07683,2025-01-21,2025-02-03,Social,47326,982,153,23,858.48,1474.62,0.7177
CAMP07684,2025-01-21,2025-02-10,Search,74994,4964,1179,305,6561.24,29057.75,3.4287
CAMP07685,2025-11-20,2025-12-06,Influencer,83911,3065,563,127,3346.08,9319.73,1.7853
CAMP07686,2025-11-11,2025-11-27,Display,45065,523,47,6,323.76,410.85,0.269
CAMP07687,2025-02-13,2025-03-06,Social,38468,970,167,31,915.03,1902.17,1.0788
CAMP07688,2025-01-31,2025-02-13,Social,50806,1650,308,70,1287.05,3416.08,1.6542
CAMP07689,2025-08-29,2025-09-22,Display,35755,381,27,3,233.76,201.78,-0.1368
CAMP07690,2025-07-04,2025-07-18,Search,27036,1432,317,83,1713.56,8775.39,4.1211
CAMP07691,2025-05-29,2025-06-09,Display,80461,1108,117,13,923.53,782.31,-0.1529
CAMP07692,2025-09-08,2025-09-26,Search,69790,3520,728,170,4593.22,15971.49,2.4772
CAMP07693,2025-06-12,2025-07-02,Search,29993,1353,281,67,1689.73,6119.54,2.6216
CAMP07694,2025-02-11,2025-02-26,Search,26110,1541,357,83,2473.45,8063.81,2.2601
CAMP07695,2025-01-06,2025-01-31,Influencer,92259,2719,453,80,3383.47,5449.94,0.6108
CAMP07696,2025-03-02,2025-03-29,Search,45802,2473,563,138,2919.92,10673.8,2.6555
CAMP07697,2025-10-02,2025-10-12,Search,69842,3991,885,261,6874.55,23552.27,2.426
CAMP07698,2025-10-05,2025-10-15,Email,40177,2725,668,141,2317.8,7198.8,2.1059
CAMP07699,2025-08-01,2025-08-24,Social,67766,1681,253,55,1511.55,3233.68,1.1393
CAMP07700,2025-11-06,2025-11-18,Display,136029,1486,125,20,955.88,980.35,0.0256
CAMP07701,2025-08-18,2025-09-02,Social,52472,1301,226,36,928.06,2037.19,1.1951
CAMP07702,2025-12-24,2026-01-13,Display,64014,985,117,20,671.99,1455.0,1.1652
CAMP07703,2025-07-28,2025-08-15,Influencer,31486,1883,462,134,2100.99,12324.02,4.8658
CAMP07704,2025-10-30,2025-11-23,Search,64744,2780,545,109,3472.05,6960.48,1.0047
CAMP07705,2025-11-26,2025-12-09,Display,78951,1082,116,18,701.09,1350.02,0.9256
CAMP07706,2025-10-01,2025-10-11,Email,97998,6778,1715,359,5563.47,22938.94,3.1231
CAMP07707,2025-12-04,2025-12-27,Social,75161,2082,336,64,1627.0,4961.67,2.0496
CAMP07708,2025-02-23,2025-03-15,Search,23544,1041,220,47,1442.49,3489.79,1.4193
CAMP07709,2025-04-24,2025-05-14,Email,56209,4462,1204,260,3523.45,17430.6,3.947
CAMP07710,2025-02-20,2025-03-12,Display,47229,495,44,8,363.49,455.12,0.2521
CAMP07711,2025-08-06,2025-09-02,Email,84306,6860,1834,393,5969.41,24565.04,3.1152
CAMP07712,2025-02-25,2025-03-13,Email,80179,6482,1749,345,5065.01,23054.51,3.5517
CAMP07713,2025-07-27,2025-08-09,Influencer,24536,1134,227,58,1383.06,5364.73,2.8789
CAMP07714,2025-09-03,2025-09-12,Influencer,60908,2479,496,124,2397.46,8202.03,2.4211
CAMP07715,2025-07-19,2025-08-08,Search,51256,3490,853,228,5825.16,16315.11,1.8008
CAMP07716,2025-08-18,2025-08-30,Email,66890,4101,975,184,3321.46,11000.84,2.312
CAMP07717,2025-01-18,2025-01-24,Search,115990,6461,1352,314,9308.96,31044.94,2.335
CAMP07718,2025-05-25,2025-06-18,Search,25782,1116,237,47,1688.1,5127.04,2.0372
CAMP07719,2025-06-21,2025-07-07,Search,35685,2464,611,161,3153.42,14791.69,3.6907
CAMP07720,2025-10-06,2025-10-14,Display,62648,808,82,8,555.36,354.77,-0.3612
CAMP07721,2025-10-05,2025-10-26,Social,124828,3070,476,76,1913.83,5565.54,1.9081
CAMP07722,2025-01-05,2025-01-24,Search,128110,5583,1098,235,7297.9,18886.34,1.5879
CAMP07723,2025-03-18,2025-04-08,Search,99536,4556,906,206,4999.36,14863.72,1.9731
CAMP07724,2025-02-15,2025-02-27,Email,86857,4695,971,162,3229.48,10134.25,2.138
CAMP07725,2025-07-24,2025-08-16,Email,99485,7197,1842,401,7557.26,27429.23,2.6295
CAMP07726,2025-04-13,2025-04-21,Email,79623,5298,1292,225,5108.4,18184.68,2.5598
CAMP07727,2025-04-09,2025-04-23,Search,59601,3089,645,142,4920.37,8681.23,0.7643
CAMP07728,2025-10-12,2025-10-26,Influencer,52734,1463,239,42,2088.77,3713.48,0.7778
CAMP07729,2025-05-17,2025-05-25,Search,57562,3256,680,146,4135.1,11851.67,1.8661
CAMP07730,2025-05-27,2025-06-10,Search,67738,3981,962,219,5152.2,16194.28,2.1432
CAMP07731,2025-12-20,2025-12-28,Social,53854,1828,357,67,1340.47,4384.99,2.2712
CAMP07732,2025-02-16,2025-03-05,Search,13829,616,107,30,886.28,2365.56,1.6691
CAMP07733,2025-08-09,2025-08-22,Search,50797,2788,620,152,3789.99,15167.01,3.0019
CAMP07734,2025-09-14,2025-09-20,Search,60227,3835,901,211,4913.36,18968.66,2.8606
CAMP07735,2025-01-02,2025-01-08,Social,51216,1188,210,34,891.39,3145.33,2.5286
CAMP07736,2025-05-12,2025-05-20,Search,53275,3239,744,186,4312.95,17976.98,3.1681
CAMP07737,2025-03-04,2025-03-24,Social,67926,1464,178,32,1029.26,2538.22,1.4661
CAMP07738,2025-08-22,2025-09-01,Email,45741,4504,1330,335,3576.01,29560.38,7.2663
CAMP07739,2025-04-22,2025-05-13,Email,41536,3113,831,156,2584.89,12459.6,3.8202
CAMP07740,2025-07-15,2025-07-26,Search,95499,5284,1175,308,6996.45,32946.26,3.709
CAMP07741,2025-09-06,2025-09-12,Email,29370,2427,627,112,1956.01,7402.08,2.7843
CAMP07742,2025-12-11,2025-12-28,Social,33432,777,95,19,662.78,1586.62,1.3939
CAMP07743,2025-02-26,2025-03-25,Influencer,10014,196,26,2,181.25,169.49,-0.0649
CAMP07744,2025-10-04,2025-10-10,Search,84234,4524,1031,231,7890.47,17170.16,1.1761
CAMP07745,2025-03-04,2025-03-30,Social,23019,589,96,16,471.25,1099.6,1.3334
CAMP07746,2025-10-14,2025-10-25,Social,46343,1443,249,53,1030.24,3392.79,2.2932
CAMP07747,2025-06-22,2025-07-04,Influencer,86140,3189,558,120,3049.41,9409.44,2.0857
CAMP07748,2025-05-28,2025-06-24,Social,34855,731,118,25,515.48,1689.21,2.277
CAMP07749,2025-02-11,2025-03-03,Social,80436,1618,233,40,1563.16,3298.11,1.1099
CAMP07750,2025-08-16,2025-08-25,Email,82296,5333,1274,245,4831.0,17817.39,2.6881
CAMP07751,2025-07-29,2025-08-18,Email,53781,3311,815,147,3002.36,8343.94,1.7791
CAMP07752,2025-01-30,2025-02-21,Display,25988,256,17,2,141.82,182.28,0.2853
CAMP07753,2025-08-26,2025-09-03,Search,76933,4048,863,184,5164.94,17711.05,2.4291
CAMP07754,2025-07-30,2025-08-24,Influencer,30221,1275,245,63,1408.75,6074.23,3.3118
CAMP07755,2025-01-28,2025-02-11,Social,43754,1420,270,50,1408.62,3603.44,1.5581
CAMP07756,2025-10-21,2025-11-08,Email,67548,4966,1283,271,3873.4,24363.96,5.2901
CAMP07757,2025-03-30,2025-04-05,Influencer,15963,620,111,30,658.12,2440.21,2.7078
CAMP07758,2025-05-15,2025-06-04,Display,26505,445,47,4,317.84,333.91,0.0506
CAMP07759,2025-12-23,2026-01-06,Search,58374,2970,605,135,4203.58,12211.89,1.9051
CAMP07760,2025-03-06,2025-03-22,Email,20889,1789,509,122,1444.96,7460.45,4.1631
CAMP07761,2025-04-13,2025-05-07,Search,34788,1945,447,117,2605.82,9933.26,2.812
CAMP07762,2025-12-06,2025-12-30,Influencer,35067,1312,244,60,1501.39,5404.27,2.5995
CAMP07763,2025-11-22,2025-11-28,Email,81873,5469,1308,260,4081.15,14225.63,2.4857
CAMP07764,2025-05-23,2025-06-17,Display,51360,551,41,5,371.41,276.87,-0.2545
CAMP07765,2025-09-01,2025-09-19,Social,144340,3627,550,102,2608.27,6713.73,1.574
CAMP07766,2025-01-10,2025-01-19,Social,62120,1163,164,24,861.89,1586.18,0.8404
CAMP07767,2025-08-23,2025-08-31,Display,53036,678,83,11,488.21,562.85,0.1529
CAMP07768,2025-05-17,2025-05-27,Search,64655,3757,890,195,4690.87,15281.24,2.2577
CAMP07769,2025-05-12,2025-05-30,Display,66012,833,103,18,599.71,1100.15,0.8345
CAMP07770,2025-07-31,2025-08-26,Email,86564,4523,991,175,3623.02,10679.24,1.9476
CAMP07771,2025-07-13,2025-07-29,Email,96838,8831,2425,560,7046.8,49499.31,6.0244
CAMP07772,2025-06-22,2025-07-07,Display,55280,731,74,5,535.66,362.73,-0.3228
CAMP07773,2025-02-14,2025-02-24,Email,60433,4045,1006,188,3205.61,12752.84,2.9783
CAMP07774,2025-08-16,2025-08-28,Display,52331,613,49,2,515.95,155.35,-0.6989
CAMP07775,2025-01-10,2025-01-25,Influencer,71498,3050,627,138,3698.3,11823.91,2.1971
CAMP07776,2025-05-02,2025-05-13,Social,27925,691,119,23,615.52,1693.97,1.7521
CAMP07777,2025-10-24,2025-11-20,Search,53019,4531,1290,366,6355.18,27659.56,3.3523
CAMP07778,2025-03-08,2025-03-15,Search,41276,2203,488,124,3608.49,11619.49,2.22
CAMP07779,2025-03-21,2025-04-16,Display,64703,645,54,7,521.24,363.66,-0.3023
CAMP07780,2025-05-07,2025-05-17,Social,83537,2152,335,49,1495.93,3820.64,1.554
CAMP07781,2025-10-07,2025-10-25,Search,17621,944,203,44,1453.47,2641.48,0.8174
CAMP07782,2025-06-07,2025-06-22,Email,75054,4438,987,181,3358.11,9711.61,1.892
CAMP07783,2025-10-15,2025-10-28,Email,110278,5003,1020,166,2822.07,10519.7,2.7277
CAMP07784,2025-11-22,2025-12-19,Email,57731,4002,945,193,3060.67,12264.45,3.0071
CAMP07785,2025-10-20,2025-11-02,Email,32462,2169,516,110,1956.34,6428.9,2.2862
CAMP07786,2025-02-28,2025-03-07,Influencer,24728,1076,218,55,1180.11,4025.68,2.4113
CAMP07787,2025-02-12,2025-02-24,Search,28838,1581,366,84,1824.38,8049.9,3.4124
CAMP07788,2025-10-23,2025-11-04,Email,39722,3100,814,186,2973.6,13676.88,3.5994
CAMP07789,2025-02-26,2025-03-18,Search,93445,5054,1083,243,7290.6,24256.13,2.327
CAMP07790,2025-11-05,2025-11-25,Social,14894,510,104,35,387.22,2776.6,6.1706
CAMP07791,2025-09-21,2025-10-08,Influencer,19522,582,101,29,503.66,2101.18,3.1718
CAMP07792,2025-08-23,2025-09-05,Email,44155,3345,860,161,3506.67,8647.84,1.4661
CAMP07793,2025-08-28,2025-09-04,Search,125309,7151,1585,368,9669.47,26312.66,1.7212
CAMP07794,2025-11-09,2025-11-23,Social,101342,2441,397,71,2407.66,5806.5,1.4117
CAMP07795,2025-12-22,2026-01-04,Search,59073,3342,767,185,4752.06,19862.35,3.1797
CAMP07796,2025-06-14,2025-06-22,Search,66313,4094,911,229,6047.91,17764.7,1.9373
CAMP07797,2025-11-17,2025-11-26,Search,54413,2484,489,109,3879.84,9654.93,1.4885
CAMP07798,2025-06-22,2025-07-15,Search,55341,2859,634,165,3842.68,11828.05,2.0781
CAMP07799,2025-04-20,2025-05-07,Search,20545,1379,340,82,1632.77,6920.94,3.2388
CAMP07800,2025-11-27,2025-12-15,Influencer,67187,3055,637,176,3443.28,20432.64,4.9341
CAMP07801,2025-10-24,2025-11-13,Email,65704,3556,751,128,2838.0,11302.93,2.9827
CAMP07802,2025-01-27,2025-02-20,Display,72054,965,115,13,625.04,813.83,0.302
CAMP07803,2025-03-17,2025-04-06,Email,25396,1632,380,84,1349.53,5335.86,2.9539
CAMP07804,2025-03-13,2025-04-06,Email,56413,4154,1044,208,3707.66,18733.26,4.0526
CAMP07805,2025-05-06,2025-05-26,Social,54543,1175,191,33,948.5,2237.06,1.3585
CAMP07806,2025-10-09,2025-10-16,Social,79795,2897,539,121,2336.43,7279.63,2.1157
CAMP07807,2025-05-31,2025-06-11,Search,64285,2816,581,140,3239.91,10422.96,2.2171
CAMP07808,2025-06-14,2025-07-05,Social,42725,1036,171,32,823.25,2071.31,1.516
CAMP07809,2025-01-10,2025-01-30,Search,66707,3296,652,153,5661.81,14409.31,1.545
CAMP07810,2025-10-14,2025-11-07,Email,66013,5053,1313,265,4165.07,20932.9,4.0258
CAMP07811,2025-06-27,2025-07-09,Display,39498,497,59,12,262.34,751.61,1.865
CAMP07812,2025-07-03,2025-07-10,Email,64845,4601,1133,234,3820.32,14045.87,2.6766
CAMP07813,2025-11-04,2025-11-28,Influencer,30855,1238,268,59,1620.87,5583.97,2.445
CAMP07814,2025-03-10,2025-03-20,Search,118897,5416,1069,214,6908.92,19919.33,1.8831
CAMP07815,2025-02-15,2025-03-11,Display,46622,761,84,15,413.11,848.45,1.0538
CAMP07816,2025-12-14,2026-01-03,Email,42361,3753,1076,248,3080.18,17680.7,4.7402
CAMP07817,2025-02-01,2025-02-14,Influencer,136567,5052,994,222,4224.15,17357.3,3.1091
CAMP07818,2025-03-05,2025-03-24,Influencer,40748,1498,281,58,1813.0,5628.43,2.1045
CAMP07819,2025-08-11,2025-08-18,Search,88453,4759,1013,238,7001.12,18554.74,1.6503
CAMP07820,2025-02-20,2025-03-12,Search,58499,2701,550,129,3768.13,11968.98,2.1764
CAMP07821,2025-10-14,2025-10-24,Social,59686,1681,286,48,1333.89,3609.97,1.7063
CAMP07822,2025-11-25,2025-12-09,Search,139605,8350,1896,486,13079.29,41122.96,2.1441
CAMP07823,2025-12-17,2025-12-29,Email,76253,5768,1501,300,4800.97,18536.11,2.8609
CAMP07824,2025-06-14,2025-07-09,Social,13891,310,46,8,230.47,519.36,1.2535
CAMP07825,2025-07-28,2025-08-14,Social,56278,1407,224,40,1356.95,2886.54,1.1272
CAMP07826,2025-09-07,2025-10-01,Email,61833,3763,853,168,3168.96,12377.54,2.9059
CAMP07827,2025-03-02,2025-03-13,Email,42396,2673,626,121,2743.14,9268.48,2.3788
CAMP07828,2025-02-22,2025-03-14,Email,11797,797,175,22,758.63,1554.55,1.0492
CAMP07829,2025-09-27,2025-10-08,Display,100080,1449,141,19,1023.91,1159.41,0.1323
CAMP07830,2025-01-18,2025-01-27,Influencer,27431,818,142,22,748.96,1951.88,1.6061
CAMP07831,2025-12-13,2025-12-20,Email,40854,2669,629,113,2358.24,7595.27,2.2207
CAMP07832,2025-04-19,2025-05-03,Social,79690,2393,412,76,1966.48,4263.14,1.1679
CAMP07833,2025-11-15,2025-12-07,Social,23459,381,43,5,285.78,395.9,0.3853
CAMP07834,2025-02-03,2025-02-14,Email,70942,5684,1521,323,4265.22,24216.56,4.6777
CAMP07835,2025-01-12,2025-01-22,Social,51569,1440,234,45,951.74,2612.82,1.7453
CAMP07836,2025-05-07,2025-05-18,Search,158462,8209,1761,407,11784.05,37723.12,2.2012
CAMP07837,2025-11-09,2025-11-24,Email,35342,2923,777,164,2308.27,10378.19,3.4961
CAMP07838,2025-03-28,2025-04-21,Social,101647,2824,462,82,2377.23,5630.11,1.3683
CAMP07839,2025-02-01,2025-02-19,Search,43521,1981,424,105,2514.31,9045.7,2.5977
CAMP07840,2025-08-05,2025-08-25,Email,59575,5119,1402,321,4017.01,20677.91,4.1476
CAMP07841,2025-02-28,2025-03-06,Search,74769,3412,669,147,5096.26,13594.83,1.6676
CAMP07842,2025-12-06,2025-12-26,Social,63750,1736,273,44,1200.7,3007.08,1.5044
CAMP07843,2025-07-24,2025-08-14,Social,46976,898,140,26,680.85,2000.44,1.9382
CAMP07844,2025-10-01,2025-10-18,Social,58879,1433,225,33,1077.52,2219.67,1.06
CAMP07845,2025-07-22,2025-08-09,Influencer,41389,1466,276,53,1309.68,3740.33,1.8559
CAMP07846,2025-06-28,2025-07-04,Email,60631,4892,1342,303,3455.19,20002.5,4.7891
CAMP07847,2025-10-26,2025-11-08,Display,90887,1243,130,21,788.85,987.79,0.2522
CAMP07848,2025-10-04,2025-10-31,Search,57542,3189,711,176,3414.86,18332.31,4.3684
CAMP07849,2025-08-30,2025-09-11,Display,67031,790,84,11,564.85,877.46,0.5534
CAMP07850,2025-01-16,2025-01-27,Display,72613,896,83,11,630.41,568.82,-0.0977
CAMP07851,2025-11-28,2025-12-06,Search,50378,3073,719,178,4047.09,13144.39,2.2479
CAMP07852,2025-07-30,2025-08-26,Influencer,46489,2056,399,102,2805.51,9107.02,2.2461
CAMP07853,2025-04-12,2025-05-03,Influencer,29863,925,153,38,1065.6,3700.78,2.473
CAMP07854,2025-03-26,2025-04-19,Display,89908,974,85,14,591.34,920.23,0.5562
CAMP07855,2025-05-08,2025-05-26,Email,45814,3375,839,194,3332.31,12269.23,2.6819
CAMP07856,2025-06-06,2025-06-25,Search,26285,1260,257,63,2041.75,6832.72,2.3465
CAMP07857,2025-10-03,2025-10-10,Email,36931,1961,427,78,1613.35,5056.85,2.1344
CAMP07858,2025-01-09,2025-01-17,Social,32735,710,133,22,612.43,1433.88,1.3413
CAMP07859,2025-09-26,2025-10-06,Search,131465,7056,1607,382,11099.19,26433.26,1.3815
CAMP07860,2025-12-13,2025-12-23,Search,59837,4207,1029,287,4877.57,33427.08,5.8532
CAMP07861,2025-02-02,2025-02-09,Search,20133,1173,258,63,1781.48,5368.38,2.0134
CAMP07862,2025-07-12,2025-07-28,Email,22695,1853,475,106,1450.55,5590.67,2.8542
CAMP07863,2025-07-27,2025-08-07,Search,86069,5052,1131,278,7748.81,20970.37,1.7063
CAMP07864,2025-11-09,2025-11-27,Search,59412,2868,594,149,4019.33,10611.84,1.6402
CAMP07865,2025-12-08,2025-12-25,Search,81320,5303,1268,324,6956.39,26658.23,2.8322
CAMP07866,2025-02-03,2025-02-22,Email,59632,3775,890,171,3178.72,13931.88,3.3829
CAMP07867,2025-09-12,2025-09-29,Search,106742,7370,1748,500,11264.71,42205.08,2.7467
CAMP07868,2025-06-07,2025-06-19,Influencer,111370,3765,660,130,4212.92,11663.26,1.7685
CAMP07869,2025-11-28,2025-12-09,Influencer,123894,4294,770,159,4438.72,11152.75,1.5126
CAMP07870,2025-09-08,2025-09-21,Social,3654,108,17,4,92.79,309.4,2.3344
CAMP07871,2025-09-26,2025-10-11,Search,45557,2304,470,119,3321.64,10954.73,2.298
CAMP07872,2025-06-24,2025-07-05,Social,45887,1237,189,35,1022.05,2076.85,1.032
CAMP07873,2025-06-15,2025-07-11,Display,92920,1173,116,12,875.24,736.29,-0.1588
CAMP07874,2025-08-16,2025-08-28,Social,92891,2027,292,58,1632.11,4122.5,1.5259
CAMP07875,2025-12-17,2025-12-23,Display,48011,422,27,6,252.44,392.87,0.5563
CAMP07876,2025-05-30,2025-06-15,Email,53358,3621,909,175,2889.72,10406.82,2.6013
CAMP07877,2025-10-24,2025-11-13,Social,87960,2168,348,58,1564.59,4220.38,1.6974
CAMP07878,2025-02-23,2025-03-12,Email,79759,5023,1197,210,3905.76,15317.96,2.9219
CAMP07879,2025-12-11,2025-12-18,Email,57715,3952,974,201,3289.36,10388.29,2.1581
CAMP07880,2025-05-31,2025-06-10,Social,143564,2998,451,75,2153.37,5418.09,1.5161
CAMP07881,2025-11-30,2025-12-21,Search,63152,3289,755,169,3819.78,18120.16,3.7438
CAMP07882,2025-04-11,2025-04-28,Display,59196,772,86,10,462.67,688.01,0.487
CAMP07883,2025-12-15,2025-12-28,Social,62815,1596,233,43,1152.29,2620.81,1.2744
CAMP07884,2025-01-24,2025-01-30,Social,37509,657,93,13,542.54,895.14,0.6499
CAMP07885,2025-05-29,2025-06-15,Email,3476,229,57,13,164.86,777.33,3.7151
CAMP07886,2025-04-22,2025-05-06,Search,24386,1241,298,73,1326.7,6344.3,3.782
CAMP07887,2025-07-03,2025-07-22,Influencer,80844,2942,506,94,3677.42,8429.93,1.2923
CAMP07888,2025-05-24,2025-06-15,Email,76063,4390,983,182,3606.99,8071.78,1.2378
CAMP07889,2025-02-02,2025-02-18,Search,33119,1652,343,96,2611.59,8424.65,2.2259
CAMP07890,2025-04-04,2025-04-23,Social,27579,744,136,36,601.79,2787.12,3.6314
CAMP07891,2025-11-30,2025-12-06,Email,48743,3795,959,205,2384.91,14023.46,4.8801
CAMP07892,2025-10-11,2025-10-30,Search,28047,1179,209,46,1721.85,3667.85,1.1302
CAMP07893,2025-03-24,2025-04-06,Email,31817,1935,453,97,1474.66,6355.62,3.3099
CAMP07894,2025-08-24,2025-09-01,Display,26162,331,36,6,255.8,313.72,0.2264
CAMP07895,2025-07-09,2025-08-03,Social,66782,2000,351,76,1289.03,5306.85,3.1169
CAMP07896,2025-03-28,2025-04-04,Influencer,25745,1397,301,93,1546.15,5984.82,2.8708
CAMP07897,2025-11-08,2025-11-23,Social,87326,2049,315,49,1671.11,3142.92,0.8807
CAMP07898,2025-02-16,2025-03-06,Social,49234,1516,280,52,1153.27,3844.17,2.3333
CAMP07899,2025-07-20,2025-07-30,Email,74719,4779,1158,220,3729.85,15388.99,3.1259
CAMP07900,2025-01-30,2025-02-23,Display,58813,920,102,18,509.91,1312.65,1.5743
CAMP07901,2025-02-16,2025-03-12,Email,67857,5095,1333,254,4015.72,14014.59,2.4899
CAMP07902,2025-07-09,2025-08-01,Influencer,53339,2245,432,105,1856.93,6653.33,2.583
CAMP07903,2025-08-21,2025-08-30,Display,56403,658,74,6,398.97,360.79,-0.0957
CAMP07904,2025-07-16,2025-08-02,Email,43517,2376,519,82,1973.08,3985.54,1.02
CAMP07905,2025-02-03,2025-02-16,Search,149688,10050,2352,597,13127.92,28239.9,1.1511
CAMP07906,2025-08-26,2025-09-16,Email,38696,2302,513,92,1969.64,6016.15,2.0544
CAMP07907,2025-04-17,2025-05-08,Social,78066,1826,303,53,1471.53,3890.1,1.6436
CAMP07908,2025-11-10,2025-11-16,Social,51417,892,133,19,716.61,1403.26,0.9582
CAMP07909,2025-08-01,2025-08-27,Search,36280,1860,370,83,2487.94,7085.15,1.8478
CAMP07910,2025-07-12,2025-07-22,Display,25053,367,54,7,268.18,496.73,0.8522
CAMP07911,2025-08-27,2025-09-21,Email,67934,4052,1004,188,2623.71,9249.73,2.5254
CAMP07912,2025-06-20,2025-07-04,Social,51724,1177,212,34,760.12,2470.15,2.2497
CAMP07913,2025-06-01,2025-06-11,Search,29502,1317,271,66,1722.9,4862.52,1.8223
CAMP07914,2025-05-15,2025-06-08,Search,29002,1485,336,74,1475.06,5481.71,2.7163
CAMP07915,2025-11-25,2025-12-05,Email,48794,3555,868,170,3306.76,9492.49,1.8706
CAMP07916,2025-01-16,2025-01-23,Search,156415,7676,1540,358,8187.3,27935.76,2.4121
CAMP07917,2025-09-13,2025-10-02,Influencer,47194,1524,262,60,1820.44,5984.18,2.2872
CAMP07918,2025-04-25,2025-05-14,Social,60353,1248,187,30,1255.84,1599.73,0.2738
CAMP07919,2025-02-17,2025-02-26,Influencer,30656,1223,235,57,1154.94,7404.06,5.4108
CAMP07920,2025-02-16,2025-02-25,Social,58255,1410,228,52,1051.13,4320.57,3.1104
CAMP07921,2025-05-22,2025-06-11,Email,40018,2558,603,112,2190.82,7124.94,2.2522
CAMP07922,2025-10-23,2025-10-29,Email,108636,7503,1917,386,5586.79,26637.63,3.768
CAMP07923,2025-12-01,2025-12-14,Social,53847,1490,250,43,1268.24,3492.83,1.7541
CAMP07924,2025-08-06,2025-08-27,Influencer,7803,252,45,7,273.91,598.09,1.1835
CAMP07925,2025-05-04,2025-05-20,Social,98983,3032,523,104,2578.27,6309.47,1.4472
CAMP07926,2025-12-10,2026-01-02,Display,63484,592,66,5,499.82,295.33,-0.4091
CAMP07927,2025-02-10,2025-02-16,Email,69838,3994,903,184,3173.9,10796.19,2.4016
CAMP07928,2025-08-12,2025-08-27,Social,42288,1075,200,29,888.45,2481.83,1.7934
CAMP07929,2025-06-01,2025-06-18,Search,99805,5771,1391,317,7810.62,24672.69,2.1589
CAMP07930,2025-07-29,2025-08-22,Email,112250,4998,1040,169,3308.47,14073.84,3.2539
CAMP07931,2025-06-03,2025-06-28,Search,29992,1295,279,60,1869.24,3978.05,1.1282
CAMP07932,2025-11-14,2025-11-23,Email,73156,6676,1994,426,4422.18,30430.55,5.8813
CAMP07933,2025-06-10,2025-07-03,Email,23712,1596,395,76,1173.96,4168.54,2.5508
CAMP07934,2025-07-30,2025-08-07,Email,114709,8742,2222,453,6355.4,35209.93,4.5402
CAMP07935,2025-10-06,2025-10-19,Search,73834,4964,1233,327,6855.92,22195.42,2.2374
CAMP07936,2025-09-17,2025-10-01,Social,40054,787,116,25,655.47,1949.57,1.9743
CAMP07937,2025-10-25,2025-11-21,Social,23307,584,99,18,549.04,956.74,0.7426
CAMP07938,2025-09-27,2025-10-17,Display,30111,336,30,6,189.6,373.2,0.9684
CAMP07939,2025-02-15,2025-03-09,Social,19583,524,62,7,497.89,607.52,0.2202
CAMP07940,2025-09-02,2025-09-19,Display,34439,340,26,2,261.58,112.39,-0.5703
CAMP07941,2025-11-10,2025-11-21,Display,107159,1795,195,21,1107.38,1365.17,0.2328
CAMP07942,2025-09-28,2025-10-11,Search,76975,5349,1323,340,6823.83,28679.62,3.2029
CAMP07943,2025-02-22,2025-03-02,Social,52594,1209,192,34,1023.94,1984.25,0.9379
CAMP07944,2025-03-27,2025-04-14,Social,51012,1086,179,37,845.74,2166.28,1.5614
CAMP07945,2025-04-04,2025-04-11,Social,109200,2849,473,88,2721.62,4895.14,0.7986
CAMP07946,2025-07-21,2025-08-03,Email,81408,5145,1253,228,4023.12,15442.31,2.8384
CAMP07947,2025-07-20,2025-07-27,Search,25880,1367,305,75,2413.08,6947.89,1.8793
CAMP07948,2025-09-27,2025-10-10,Email,116929,8131,2005,400,5007.21,22421.68,3.4779
CAMP07949,2025-11-21,2025-12-07,Email,110976,8325,2179,501,5557.11,39256.35,6.0642
CAMP07950,2025-12-20,2026-01-09,Search,24672,1415,319,49,2091.07,4709.69,1.2523
CAMP07951,2025-05-13,2025-05-30,Search,37364,1839,350,96,2840.44,7045.02,1.4803
CAMP07952,2025-08-18,2025-09-02,Search,63588,4264,997,273,6405.32,19214.85,1.9998
CAMP07953,2025-03-05,2025-03-31,Influencer,13635,448,71,14,449.04,1644.58,2.6624
CAMP07954,2025-09-14,2025-10-11,Search,60585,2698,572,120,3747.26,9327.11,1.489
CAMP07955,2025-09-30,2025-10-13,Email,51163,4187,1114,252,3419.96,19866.63,4.809
CAMP07956,2025-11-22,2025-12-17,Email,52414,4703,1277,264,3925.35,17534.36,3.467
CAMP07957,2025-01-23,2025-02-08,Social,104291,3007,514,106,2921.88,6244.2,1.137
CAMP07958,2025-11-24,2025-12-21,Social,81872,2299,383,67,1553.05,4178.1,1.6903
CAMP07959,2025-06-22,2025-07-01,Email,95949,4390,873,135,3472.92,6908.96,0.9894
CAMP07960,2025-11-26,2025-12-02,Search,146740,8628,1918,460,10518.63,38141.23,2.6261
CAMP07961,2025-08-23,2025-09-16,Search,139255,10172,2512,676,13505.0,47721.68,2.5336
CAMP07962,2025-06-09,2025-06-24,Social,54019,1107,165,29,964.38,2326.17,1.4121
CAMP07963,2025-10-25,2025-11-11,Search,13155,858,201,50,1079.26,3608.1,2.3431
CAMP07964,2025-08-29,2025-09-10,Social,84430,2421,407,83,2220.25,5571.63,1.5095
CAMP07965,2025-09-04,2025-09-28,Search,24358,1474,356,78,2169.77,5905.15,1.7216
CAMP07966,2025-05-06,2025-05-25,Email,90199,7911,2249,509,6056.52,23690.62,2.9116
CAMP07967,2025-08-29,2025-09-25,Search,90932,6326,1628,429,8112.56,35586.15,3.3865
CAMP07968,2025-02-19,2025-02-28,Influencer,57316,2035,390,84,2115.95,6277.56,1.9668
CAMP07969,2025-05-20,2025-06-10,Display,92382,1073,98,15,636.27,890.22,0.3991
CAMP07970,2025-10-18,2025-11-09,Search,24118,1859,486,142,2366.59,13228.14,4.5895
CAMP07971,2025-01-25,2025-02-16,Social,168238,4120,635,123,3531.58,9403.63,1.6627
CAMP07972,2025-09-12,2025-09-25,Search,57545,2785,532,125,3901.4,16270.81,3.1705
CAMP07973,2025-04-12,2025-04-27,Email,57066,3923,1030,213,2889.89,12642.72,3.3748
CAMP07974,2025-07-26,2025-08-05,Search,62695,4280,1019,269,7378.08,20870.42,1.8287
CAMP07975,2025-03-31,2025-04-16,Email,54138,3964,998,207,2515.89,13974.56,4.5545
CAMP07976,2025-01-22,2025-01-31,Search,75847,4147,923,204,5609.83,14787.3,1.636
CAMP07977,2025-04-27,2025-05-24,Search,147914,8529,1811,437,12330.75,39355.07,2.1916
CAMP07978,2025-06-29,2025-07-18,Social,45952,1258,200,37,913.21,2752.34,2.0139
CAMP07979,2025-09-04,2025-09-20,Email,110324,6658,1614,290,4868.38,23314.15,3.7889
CAMP07980,2025-05-28,2025-06-21,Social,77648,2512,460,93,2052.1,5190.08,1.5292
CAMP07981,2025-11-09,2025-12-04,Influencer,33195,929,143,27,1029.87,2253.3,1.1879
CAMP07982,2025-10-11,2025-11-06,Search,102468,5090,1072,261,6459.49,23587.01,2.6515
CAMP07983,2025-12-26,2026-01-03,Search,49062,2981,728,174,4337.86,15054.91,2.4706
CAMP07984,2025-12-18,2025-12-28,Email,33752,2913,766,172,2159.98,9583.69,3.4369
CAMP07985,2025-05-28,2025-06-24,Email,26205,1887,506,106,1564.73,8202.21,4.2419
CAMP07986,2025-10-14,2025-10-21,Email,91305,10461,3354,868,7418.06,44900.27,5.0528
CAMP07987,2025-02-25,2025-03-15,Search,13761,623,123,32,766.94,2209.28,1.8806
CAMP07988,2025-08-22,2025-09-16,Display,17880,313,29,8,222.29,396.97,0.7858
CAMP07989,2025-04-05,2025-04-20,Search,30981,2006,457,119,2595.24,9119.82,2.5141
CAMP07990,2025-05-28,2025-06-21,Email,38948,2283,526,91,2095.8,5218.14,1.4898
CAMP07991,2025-02-16,2025-02-28,Search,130766,5067,956,188,9584.28,16381.65,0.7092
CAMP07992,2025-07-06,2025-07-12,Social,35766,872,121,29,875.99,2038.73,1.3273
CAMP07993,2025-05-17,2025-06-03,Display,96566,919,79,7,541.18,410.74,-0.241
CAMP07994,2025-02-05,2025-02-22,Social,27408,485,65,13,342.44,1101.86,2.2177
CAMP07995,2025-02-03,2025-03-02,Search,41705,2406,538,137,3225.83,14609.01,3.5288
CAMP07996,2025-01-02,2025-01-19,Search,58660,3176,684,164,4040.38,13661.9,2.3813
CAMP07997,2025-06-28,2025-07-24,Search,81261,5238,1187,300,7046.75,21326.34,2.0264
CAMP07998,2025-10-28,2025-11-18,Search,31249,1274,233,43,1602.95,3796.96,1.3687
CAMP07999,2025-09-06,2025-10-01,Search,30278,1783,397,93,2746.57,6905.96,1.5144
CAMP08000,2025-03-03,2025-03-13,Display,66844,1204,144,19,732.5,1132.72,0.5464
CAMP08001,2025-03-14,2025-03-29,Email,52604,3570,851,190,2815.16,15997.76,4.6827
CAMP08002,2025-05-28,2025-06-22,Search,40798,1625,281,53,2250.84,4543.53,1.0186
CAMP08003,2025-03-24,2025-04-02,Search,90665,4962,1106,272,8243.97,24093.83,1.9226
CAMP08004,2025-09-20,2025-10-11,Social,164910,4672,787,160,3425.47,11942.44,2.4864
CAMP08005,2025-05-22,2025-05-31,Influencer,65078,2898,579,138,3446.57,10660.98,2.0932
CAMP08006,2025-06-18,2025-06-27,Display,71176,756,79,10,413.97,668.54,0.6149
CAMP08007,2025-04-18,2025-05-03,Search,189205,12133,2803,678,21837.73,57767.69,1.6453
CAMP08008,2025-06-10,2025-06-26,Social,97282,2485,394,67,2001.07,3644.98,0.8215
CAMP08009,2025-07-04,2025-07-18,Display,45550,672,83,16,367.38,1018.37,1.772
CAMP08010,2025-05-18,2025-06-03,Display,38084,436,40,6,271.35,362.98,0.3377
CAMP08011,2025-12-29,2026-01-21,Search,32916,1315,245,47,1538.36,3319.74,1.158
CAMP08012,2025-01-07,2025-01-30,Influencer,111550,3681,633,137,5033.52,10810.48,1.1477
CAMP08013,2025-02-27,2025-03-22,Search,40350,2579,585,154,3843.94,17194.39,3.4731
CAMP08014,2025-05-01,2025-05-08,Influencer,62613,1936,323,76,1915.6,8872.5,3.6317
CAMP08015,2025-01-17,2025-01-25,Email,41383,2378,544,109,2097.9,7599.65,2.6225
CAMP08016,2025-06-17,2025-07-03,Email,100791,6257,1444,271,5210.38,16624.24,2.1906
CAMP08017,2025-02-12,2025-03-01,Display,15944,173,17,1,125.45,51.43,-0.59
CAMP08018,2025-09-11,2025-10-02,Social,45412,1056,144,20,972.46,1580.36,0.6251
CAMP08019,2025-03-07,2025-03-19,Influencer,53342,1661,303,64,1580.6,4330.02,1.7395
CAMP08020,2025-07-01,2025-07-19,Influencer,95912,2856,443,73,3250.03,7055.71,1.171
CAMP08021,2025-03-13,2025-04-07,Search,56798,3369,717,176,4896.79,11677.53,1.3847
CAMP08022,2025-11-12,2025-12-06,Search,88358,5301,1212,310,7043.43,24365.57,2.4593
CAMP08023,2025-10-08,2025-10-28,Display,119287,1570,173,23,1085.62,1422.28,0.3101
CAMP08024,2025-05-14,2025-05-30,Search,24707,2036,558,145,3198.32,14871.81,3.6499
CAMP08025,2025-08-12,2025-08-31,Email,92533,4773,1091,183,5145.39,10981.53,1.1342
CAMP08026,2025-05-18,2025-06-12,Display,93869,1131,115,9,668.14,388.91,-0.4179
CAMP08027,2025-02-14,2025-03-12,Display,29142,293,26,2,181.18,167.92,-0.0732
CAMP08028,2025-05-20,2025-06-12,Search,18362,1125,267,57,1790.32,5674.84,2.1697
CAMP08029,2025-06-21,2025-07-02,Display,20983,267,19,1,171.75,81.41,-0.526
CAMP08030,2025-07-01,2025-07-21,Social,66882,2074,370,68,1365.59,4295.81,2.1458
CAMP08031,2025-09-01,2025-09-07,Display,21233,344,31,2,202.32,114.61,-0.4335
CAMP08032,2025-09-28,2025-10-16,Search,74016,4651,1059,272,5557.86,17110.32,2.0786
CAMP08033,2025-05-10,2025-05-22,Search,41412,2799,673,181,3972.57,13788.22,2.4709
CAMP08034,2025-11-13,2025-11-28,Display,104820,1113,111,15,695.03,747.28,0.0752
CAMP08035,2025-01-14,2025-02-06,Email,103883,5908,1331,227,4682.66,14927.87,2.1879
CAMP08036,2025-03-22,2025-04-09,Search,100461,7218,1781,468,10440.58,37741.92,2.6149
CAMP08037,2025-10-08,2025-10-16,Display,26923,274,31,4,185.99,280.43,0.5078
CAMP08038,2025-04-11,2025-05-08,Influencer,55518,2665,530,141,2883.29,10169.04,2.5269
CAMP08039,2025-12-05,2025-12-12,Display,25716,330,30,8,218.1,551.8,1.53
CAMP08040,2025-06-14,2025-07-02,Search,23945,1174,246,62,1682.82,6130.43,2.643
CAMP08041,2025-12-08,2025-12-25,Social,83682,1998,322,54,2116.37,3128.21,0.4781
CAMP08042,2025-03-14,2025-04-10,Social,74725,1810,277,50,1274.91,4110.34,2.224
CAMP08043,2025-05-01,2025-05-19,Search,166292,8331,1737,401,12089.07,27911.28,1.3088
CAMP08044,2025-11-29,2025-12-22,Influencer,52508,1916,351,78,2004.05,6928.25,2.4571
CAMP08045,2025-09-27,2025-10-08,Search,73947,4109,906,226,5585.71,16041.51,1.8719
CAMP08046,2025-12-02,2025-12-29,Social,16720,540,108,24,390.19,1682.22,3.3113
CAMP08047,2025-07-23,2025-08-14,Email,53834,3997,1030,234,3460.29,13375.6,2.8655
CAMP08048,2025-11-11,2025-11-29,Influencer,56624,1707,289,58,1738.11,4608.52,1.6515
CAMP08049,2025-09-25,2025-10-14,Social,45123,1035,145,27,950.17,2518.48,1.6506
CAMP08050,2025-11-11,2025-11-26,Display,16487,166,14,2,122.49,144.09,0.1763
CAMP08051,2025-01-15,2025-01-28,Search,47438,3252,824,225,4249.55,18885.52,3.4441
CAMP08052,2025-09-11,2025-09-27,Social,29832,846,134,19,795.05,1566.75,0.9706
CAMP08053,2025-06-29,2025-07-19,Email,13560,811,197,39,637.57,3025.31,3.7451
CAMP08054,2025-05-23,2025-06-01,Social,47025,1050,146,15,848.77,1285.47,0.5145
CAMP08055,2025-07-12,2025-07-23,Email,113976,7263,1672,301,6083.05,13513.18,1.2214
CAMP08056,2025-10-05,2025-10-11,Email,73064,4581,1073,198,3845.84,10407.57,1.7062
CAMP08057,2025-02-23,2025-03-01,Email,50568,4991,1509,335,4188.16,25225.25,5.023
CAMP08058,2025-03-31,2025-04-06,Email,24979,1556,351,65,1357.5,4440.03,2.2707
CAMP08059,2025-06-29,2025-07-20,Display,69507,757,73,10,493.07,651.6,0.3215
CAMP08060,2025-10-26,2025-11-12,Display,45606,399,39,6,252.66,365.5,0.4466
CAMP08061,2025-01-08,2025-02-03,Search,39210,1627,300,61,2509.64,4190.17,0.6696
CAMP08062,2025-10-08,2025-11-02,Influencer,79829,2982,567,112,2781.69,9168.32,2.296
CAMP08063,2025-06-13,2025-07-01,Influencer,87578,1959,267,48,2002.85,3225.72,0.6106
CAMP08064,2025-06-01,2025-06-13,Social,163465,4330,739,139,3999.27,9252.6,1.3136
CAMP08065,2025-04-07,2025-05-02,Influencer,28928,763,123,24,724.36,2155.97,1.9764
CAMP08066,2025-09-02,2025-09-21,Search,42992,3573,992,309,5769.95,23586.49,3.0878
CAMP08067,2025-05-16,2025-06-06,Influencer,137191,4758,877,199,4898.82,14643.07,1.9891
CAMP08068,2025-01-13,2025-01-19,Email,51341,3374,802,165,2822.01,14810.03,4.248
CAMP08069,2025-02-26,2025-03-12,Search,34736,1884,451,106,2857.78,7572.01,1.6496
CAMP08070,2025-10-27,2025-11-11,Email,11194,604,120,20,388.31,1453.17,2.7423
CAMP08071,2025-08-06,2025-08-29,Display,39113,511,50,8,355.03,485.37,0.3671
CAMP08072,2025-07-05,2025-07-12,Social,31029,722,116,23,573.98,1568.91,1.7334
CAMP08073,2025-04-09,2025-04-16,Influencer,58853,2000,388,80,2352.12,7147.04,2.0386
CAMP08074,2025-02-23,2025-03-19,Social,78002,2324,396,83,1842.84,5246.9,1.8472
CAMP08075,2025-04-17,2025-05-03,Social,85359,2545,424,87,1733.9,5427.17,2.13
CAMP08076,2025-11-20,2025-11-26,Display,97312,1299,127,21,941.9,1181.6,0.2545
CAMP08077,2025-10-28,2025-11-21,Social,31573,904,164,34,646.61,2625.87,3.061
CAMP08078,2025-11-22,2025-12-12,Search,43490,2254,488,119,3457.85,8797.88,1.5443
CAMP08079,2025-02-13,2025-02-28,Social,42339,1196,220,49,1153.66,3843.96,2.332
CAMP08080,2025-11-06,2025-11-13,Influencer,56312,1710,308,47,2017.66,4140.95,1.0524
CAMP08081,2025-12-20,2026-01-16,Email,30450,1502,319,55,965.44,4546.96,3.7097
CAMP08082,2025-06-30,2025-07-13,Search,63635,3045,624,131,4373.07,11334.59,1.5919
CAMP08083,2025-02-10,2025-03-05,Search,126953,7094,1559,383,9318.01,31432.08,2.3733
CAMP08084,2025-04-24,2025-05-12,Search,81788,5966,1478,437,9217.11,46407.91,4.035
CAMP08085,2025-04-17,2025-04-24,Search,115274,7299,1731,463,11403.96,49448.31,3.3361
CAMP08086,2025-11-09,2025-12-02,Search,83603,4574,991,243,7299.89,25436.39,2.4845
CAMP08087,2025-10-01,2025-10-27,Social,30286,590,98,17,448.52,1247.4,1.7811
CAMP08088,2025-09-02,2025-09-13,Social,36994,929,119,21,726.71,1321.08,0.8179
CAMP08089,2025-08-05,2025-08-26,Email,57944,5400,1542,358,3696.74,23896.76,5.4643
CAMP08090,2025-12-25,2026-01-18,Social,53844,1148,160,24,839.15,2002.81,1.3867
CAMP08091,2025-03-06,2025-03-31,Display,72760,669,69,7,430.2,549.3,0.2768
CAMP08092,2025-10-07,2025-10-28,Search,79461,5573,1392,395,6677.63,40973.5,5.1359
CAMP08093,2025-06-29,2025-07-21,Social,76224,1829,273,56,1547.23,3511.14,1.2693
CAMP08094,2025-01-02,2025-01-10,Search,72311,3553,681,160,4870.27,15001.14,2.0801
CAMP08095,2025-02-28,2025-03-11,Email,51378,3600,900,180,3039.75,11353.36,2.735
CAMP08096,2025-06-14,2025-07-08,Display,127855,1416,132,18,849.33,1352.71,0.5927
CAMP08097,2025-05-25,2025-06-08,Email,68666,4010,895,162,4090.1,9100.54,1.225
CAMP08098,2025-12-03,2025-12-15,Email,78799,5287,1334,260,3547.3,19256.83,4.4286
CAMP08099,2025-08-26,2025-09-12,Email,45113,3360,837,184,2656.08,12278.46,3.6228
CAMP08100,2025-06-30,2025-07-11,Influencer,55726,1749,315,56,1767.44,4553.46,1.5763
CAMP08101,2025-03-14,2025-04-05,Social,17503,436,80,15,387.22,1171.29,2.0249
CAMP08102,2025-12-05,2025-12-13,Social,37215,1429,272,64,1122.19,4776.59,3.2565
CAMP08103,2025-12-04,2025-12-27,Display,112184,1007,96,15,720.33,1208.75,0.6781
CAMP08104,2025-04-30,2025-05-06,Display,81908,1093,135,16,661.77,1017.41,0.5374
CAMP08105,2025-06-05,2025-06-28,Social,33990,747,105,23,563.89,1477.23,1.6197
CAMP08106,2025-01-07,2025-01-30,Social,30529,742,109,25,505.77,1973.24,2.9015
CAMP08107,2025-04-06,2025-04-24,Search,52367,2559,554,135,3807.47,11515.58,2.0245
CAMP08108,2025-04-01,2025-04-08,Display,20078,258,23,1,171.02,83.97,-0.509
CAMP08109,2025-11-13,2025-12-10,Search,43670,2249,468,116,3760.65,9654.88,1.5673
CAMP08110,2025-08-02,2025-08-27,Display,106872,1055,89,8,799.18,432.37,-0.459
CAMP08111,2025-10-18,2025-11-12,Search,44343,3016,746,190,4175.25,15986.4,2.8288
CAMP08112,2025-01-16,2025-01-30,Email,41220,3968,1172,262,3173.4,17264.04,4.4402
CAMP08113,2025-03-22,2025-03-28,Search,80671,3631,734,171,4826.48,13431.49,1.7829
CAMP08114,2025-07-25,2025-07-31,Display,30382,322,31,4,194.32,207.94,0.0701
CAMP08115,2025-09-05,2025-09-29,Social,38644,1065,166,44,905.39,3029.39,2.346
CAMP08116,2025-01-14,2025-01-31,Influencer,47092,1336,209,27,1496.48,2967.53,0.983
CAMP08117,2025-02-19,2025-03-12,Search,51709,2674,572,127,4723.02,10092.56,1.1369
CAMP08118,2025-12-26,2026-01-08,Social,63803,1890,327,65,1373.74,3618.48,1.634
CAMP08119,2025-12-26,2026-01-03,Search,75684,4583,1049,254,6009.13,21427.43,2.5658
CAMP08120,2025-07-29,2025-08-10,Email,33429,2048,512,101,1334.09,6345.08,3.7561
CAMP08121,2025-07-21,2025-07-31,Social,54896,1477,252,44,1070.68,2723.55,1.5438
CAMP08122,2025-04-11,2025-04-22,Influencer,49321,1635,321,80,2274.6,6198.9,1.7253
CAMP08123,2025-05-15,2025-06-08,Search,128015,6527,1359,295,7744.29,27954.67,2.6097
CAMP08124,2025-12-27,2026-01-15,Email,47900,3370,835,169,2367.19,11461.74,3.8419
CAMP08125,2025-06-18,2025-07-04,Search,120574,9329,2392,641,11935.56,45445.44,2.8076
CAMP08126,2025-08-02,2025-08-11,Email,118517,7127,1633,296,5080.35,20974.59,3.1286
CAMP08127,2025-03-14,2025-03-31,Search,62651,3551,821,225,4991.19,16236.13,2.253
CAMP08128,2025-02-20,2025-03-02,Search,54929,3320,746,175,5111.45,14383.59,1.814
CAMP08129,2025-04-22,2025-05-18,Influencer,182135,7088,1325,290,7288.68,23146.56,2.1757
CAMP08130,2025-08-28,2025-09-05,Search,11669,696,152,30,1113.84,2108.52,0.893
CAMP08131,2025-10-05,2025-10-11,Search,41485,2095,471,93,2571.13,5475.57,1.1296
CAMP08132,2025-12-18,2026-01-01,Social,89414,2271,362,63,1789.8,4494.33,1.5111
CAMP08133,2025-06-20,2025-07-07,Influencer,70153,2542,427,99,2582.38,9783.3,2.7885
CAMP08134,2025-12-03,2025-12-29,Email,32068,2409,609,137,1994.14,8600.19,3.3127
CAMP08135,2025-11-26,2025-12-14,Influencer,35476,1514,298,68,1673.83,5562.13,2.323
CAMP08136,2025-10-12,2025-10-29,Social,31553,926,159,36,652.74,2567.52,2.9334
CAMP08137,2025-04-03,2025-04-14,Email,170828,13817,3820,841,11146.1,53048.11,3.7593
CAMP08138,2025-10-24,2025-10-30,Display,35296,396,42,5,299.61,227.54,-0.2405
CAMP08139,2025-03-27,2025-04-19,Email,49955,2650,607,104,2035.58,6766.44,2.3241
CAMP08140,2025-03-25,2025-04-05,Search,53070,2881,631,144,3902.73,10875.16,1.7866
CAMP08141,2025-07-21,2025-08-07,Email,52131,3146,692,135,2671.16,11049.04,3.1364
CAMP08142,2025-01-30,2025-02-19,Search,107829,5625,1199,286,6825.23,22499.18,2.2965
CAMP08143,2025-03-05,2025-03-25,Search,61258,3987,970,228,5355.01,20187.01,2.7697
CAMP08144,2025-05-22,2025-06-10,Search,106838,7776,1990,541,10288.04,40517.24,2.9383
CAMP08145,2025-07-02,2025-07-09,Search,59054,3207,704,164,3727.24,12690.3,2.4047
CAMP08146,2025-07-04,2025-07-31,Search,40970,2404,547,137,3095.76,7993.69,1.5821
CAMP08147,2025-04-26,2025-05-05,Social,55527,1832,357,77,1644.27,5428.48,2.3015
CAMP08148,2025-01-13,2025-01-22,Social,33071,974,155,34,740.07,2775.96,2.7509
CAMP08149,2025-07-30,2025-08-14,Influencer,172045,7354,1386,351,8142.64,27331.56,2.3566
CAMP08150,2025-06-13,2025-07-08,Search,50722,2301,458,89,3057.2,5807.37,0.8996
CAMP08151,2025-07-23,2025-08-09,Search,61276,2831,549,109,4004.07,7768.88,0.9402
CAMP08152,2025-01-22,2025-02-03,Email,29014,1354,277,36,1271.94,2428.72,0.9095
CAMP08153,2025-05-21,2025-06-10,Influencer,54318,1788,312,64,2571.53,5927.65,1.3051
CAMP08154,2025-09-30,2025-10-09,Search,21190,1214,252,71,1666.53,4364.67,1.619
CAMP08155,2025-09-12,2025-10-08,Social,56420,1573,245,50,1178.58,3423.31,1.9046
CAMP08156,2025-03-05,2025-03-21,Search,138406,10614,2746,786,16180.98,63279.33,2.9107
CAMP08157,2025-03-22,2025-03-31,Influencer,82414,2617,415,100,2519.58,7867.83,2.1227
CAMP08158,2025-05-25,2025-06-09,Social,141122,4353,818,177,3408.88,11990.09,2.5173
CAMP08159,2025-09-21,2025-10-07,Social,108187,2788,458,66,2220.48,4286.03,0.9302
CAMP08160,2025-12-22,2026-01-18,Email,15133,1132,280,60,781.98,4883.38,5.2449
CAMP08161,2025-04-06,2025-04-28,Influencer,45729,1436,256,48,1807.48,4634.51,1.5641
CAMP08162,2025-04-02,2025-04-10,Influencer,53918,1440,210,45,1886.05,3446.68,0.8275
CAMP08163,2025-04-12,2025-05-06,Display,73453,835,83,12,450.99,739.64,0.64
CAMP08164,2025-10-12,2025-11-04,Social,19366,830,163,36,757.74,3257.13,3.2985
CAMP08165,2025-06-30,2025-07-16,Influencer,35385,1166,200,28,1066.36,2476.5,1.3224
CAMP08166,2025-03-28,2025-04-10,Influencer,45798,2197,473,115,2611.03,6983.97,1.6748
CAMP08167,2025-08-30,2025-09-10,Search,60279,3684,887,228,4949.76,15834.78,2.1991
CAMP08168,2025-07-25,2025-08-01,Display,92714,867,68,9,517.85,506.49,-0.0219
CAMP08169,2025-06-27,2025-07-14,Display,43606,577,40,4,393.12,229.66,-0.4158
CAMP08170,2025-12-31,2026-01-10,Display,31664,312,25,3,210.78,204.25,-0.031
CAMP08171,2025-09-23,2025-10-06,Social,173893,3750,527,93,3001.19,7553.24,1.5167
CAMP08172,2025-09-25,2025-10-03,Influencer,24223,1030,219,55,1086.2,4625.67,3.2586
CAMP08173,2025-07-29,2025-08-24,Social,75132,1891,299,49,1576.67,3743.34,1.3742
CAMP08174,2025-09-27,2025-10-07,Social,56719,1224,168,28,966.96,2087.6,1.1589
CAMP08175,2025-03-27,2025-04-22,Display,111279,1147,101,17,677.34,1259.18,0.859
CAMP08176,2025-11-22,2025-12-03,Search,63354,4203,1016,269,4998.73,21622.29,3.3256
CAMP08177,2025-11-05,2025-11-15,Email,62669,3849,877,168,3188.78,10267.05,2.2197
CAMP08178,2025-07-02,2025-07-18,Display,31669,382,36,5,219.8,260.01,0.1829
CAMP08179,2025-12-14,2026-01-03,Search,52439,4021,1010,294,6263.77,25146.76,3.0146
CAMP08180,2025-04-07,2025-04-16,Search,56528,3165,718,185,4534.25,16413.85,2.62
CAMP08181,2025-04-01,2025-04-28,Social,104890,2449,382,78,2046.19,5158.53,1.521
CAMP08182,2025-09-04,2025-09-24,Display,60788,716,68,13,486.77,765.59,0.5728
CAMP08183,2025-06-03,2025-06-25,Social,33542,683,94,14,599.1,890.88,0.487
CAMP08184,2025-04-16,2025-04-24,Display,65785,816,68,6,514.42,388.21,-0.2453
CAMP08185,2025-06-20,2025-07-06,Influencer,57438,1783,323,62,2589.9,4793.02,0.8507
CAMP08186,2025-10-28,2025-11-24,Social,117168,3038,446,92,2407.4,9040.0,2.7551
CAMP08187,2025-12-22,2026-01-07,Social,39505,763,104,19,564.37,1492.33,1.6442
CAMP08188,2025-06-09,2025-06-19,Search,85149,4808,1100,277,6955.46,31163.51,3.4804
CAMP08189,2025-06-13,2025-07-10,Display,74498,607,30,5,462.08,234.08,-0.4934
CAMP08190,2025-04-04,2025-04-16,Search,23091,1038,194,44,1439.9,3622.23,1.5156
CAMP08191,2025-04-17,2025-05-13,Social,81570,2415,432,82,2527.49,6662.37,1.636
CAMP08192,2025-09-22,2025-10-19,Search,102055,4717,936,222,7154.11,21041.09,1.9411
CAMP08193,2025-02-11,2025-02-19,Social,56244,1565,265,56,1078.47,5007.63,3.6433
CAMP08194,2025-04-07,2025-05-01,Display,97772,1008,94,18,731.51,1157.93,0.5829
CAMP08195,2025-10-06,2025-11-02,Influencer,68856,1750,283,51,1876.81,4302.78,1.2926
CAMP08196,2025-03-01,2025-03-15,Email,25635,1539,363,68,1357.81,4806.37,2.5398
CAMP08197,2025-04-16,2025-04-26,Display,91957,1007,104,18,756.94,1096.62,0.4488
CAMP08198,2025-11-23,2025-12-19,Search,53072,2862,665,161,4489.32,12979.28,1.8911
CAMP08199,2025-12-06,2025-12-21,Display,56477,651,59,6,450.23,417.56,-0.0726
CAMP08200,2025-04-10,2025-04-20,Influencer,63147,2291,439,120,2093.24,8120.5,2.8794
CAMP08201,2025-05-30,2025-06-24,Influencer,24486,846,140,26,1016.56,2735.71,1.6911
CAMP08202,2025-02-22,2025-03-14,Social,91059,1710,233,31,1648.22,1601.18,-0.0285
CAMP08203,2025-01-31,2025-02-18,Social,66283,2127,363,86,1571.77,5703.33,2.6286
CAMP08204,2025-06-21,2025-07-08,Search,94591,6647,1787,482,11239.65,40778.02,2.6281
CAMP08205,2025-07-18,2025-08-14,Search,91945,5504,1258,317,6712.99,23078.72,2.4379
CAMP08206,2025-09-27,2025-10-13,Search,68352,3132,634,143,4060.02,12505.5,2.0802
CAMP08207,2025-12-01,2025-12-18,Search,51094,2659,594,134,3734.25,11894.96,2.1854
CAMP08208,2025-03-27,2025-04-21,Email,124175,7601,1785,312,5857.26,26166.58,3.4674
CAMP08209,2025-08-28,2025-09-14,Display,67849,742,76,11,438.26,682.47,0.5572
CAMP08210,2025-03-29,2025-04-11,Display,61050,881,92,15,457.78,965.48,1.109
CAMP08211,2025-11-30,2025-12-12,Display,36076,424,41,3,298.0,240.25,-0.1938
CAMP08212,2025-02-20,2025-03-12,Social,20634,496,75,14,356.49,1017.04,1.8529
CAMP08213,2025-04-30,2025-05-21,Display,49544,672,55,9,471.36,784.51,0.6644
CAMP08214,2025-03-13,2025-03-25,Social,75798,1789,279,44,1615.37,3241.92,1.0069
CAMP08215,2025-04-24,2025-05-14,Search,80395,4678,1028,258,5882.86,23703.04,3.0292
CAMP08216,2025-01-17,2025-01-25,Social,46110,1464,257,48,1174.83,2704.17,1.3018
CAMP08217,2025-01-19,2025-02-04,Influencer,40731,1450,260,50,1765.36,4565.82,1.5863
CAMP08218,2025-10-23,2025-11-03,Display,54372,785,72,10,547.47,661.2,0.2077
CAMP08219,2025-04-26,2025-05-13,Search,49787,3118,744,182,4213.8,15025.31,2.5657
CAMP08220,2025-02-04,2025-02-21,Social,52505,1890,353,82,1471.82,4905.28,2.3328
CAMP08221,2025-10-11,2025-11-07,Search,29484,1428,273,72,2362.17,8057.1,2.4109
CAMP08222,2025-09-08,2025-10-02,Email,50077,3476,885,177,2698.46,9681.21,2.5877
CAMP08223,2025-05-28,2025-06-16,Social,50573,906,116,15,578.14,1221.51,1.1128
CAMP08224,2025-06-04,2025-06-23,Influencer,134063,4583,827,207,5700.21,17100.44,2.0
CAMP08225,2025-11-08,2025-11-17,Influencer,85564,3550,713,187,4303.86,16929.37,2.9335
CAMP08226,2025-11-02,2025-11-27,Search,156551,9432,2138,546,12269.02,48684.77,2.9681
CAMP08227,2025-06-03,2025-06-21,Display,59151,754,76,10,549.29,824.06,0.5002
CAMP08228,2025-06-20,2025-07-16,Influencer,40344,1567,275,67,2243.23,4789.17,1.1349
CAMP08229,2025-11-26,2025-12-06,Display,17385,231,28,4,164.31,226.21,0.3767
CAMP08230,2025-03-01,2025-03-15,Search,102507,7193,1812,515,11150.82,34984.85,2.1374
CAMP08231,2025-01-25,2025-02-21,Social,63474,1287,207,25,1151.83,2219.88,0.9273
CAMP08232,2025-04-06,2025-04-20,Social,92485,2477,381,85,2343.18,6082.82,1.596
CAMP08233,2025-02-08,2025-02-21,Social,124997,3441,625,103,2701.52,6374.71,1.3597
CAMP08234,2025-09-01,2025-09-08,Search,83712,4035,812,210,5791.96,25169.69,3.3456
CAMP08235,2025-02-09,2025-02-18,Email,28847,2271,616,137,1870.27,7282.04,2.8936
CAMP08236,2025-06-02,2025-06-12,Display,38273,359,35,4,206.4,257.4,0.2471
CAMP08237,2025-06-04,2025-06-18,Search,42899,1908,371,73,2435.98,5523.24,1.2674
CAMP08238,2025-08-08,2025-08-21,Search,43616,1504,263,41,1761.75,3723.99,1.1138
CAMP08239,2025-04-21,2025-05-09,Search,27396,1436,308,77,2581.01,6391.3,1.4763
CAMP08240,2025-07-31,2025-08-25,Social,71161,1893,316,53,1706.55,3723.26,1.1817
CAMP08241,2025-06-29,2025-07-19,Influencer,28117,1144,234,65,1230.79,5995.04,3.8709
CAMP08242,2025-05-08,2025-06-04,Search,106143,4646,898,171,7030.03,14416.78,1.0507
CAMP08243,2025-07-27,2025-08-07,Email,46150,4437,1294,333,3252.03,19569.03,5.0175
CAMP08244,2025-11-29,2025-12-08,Search,33649,1427,284,58,2096.89,5349.93,1.5514
CAMP08245,2025-06-04,2025-06-18,Search,66679,6256,1791,570,7328.82,45349.79,5.1879
CAMP08246,2025-09-19,2025-10-14,Search,118776,6251,1340,309,7834.75,22261.94,1.8414
CAMP08247,2025-01-31,2025-02-21,Influencer,31366,784,122,28,791.15,2713.12,2.4293
CAMP08248,2025-06-10,2025-06-18,Email,15742,1262,334,73,1034.94,5221.41,4.0451
CAMP08249,2025-01-11,2025-01-25,Social,35450,738,97,17,541.67,1315.55,1.4287
CAMP08250,2025-02-11,2025-02-24,Influencer,157357,8171,1842,477,7808.1,49478.76,5.3369
CAMP08251,2025-11-18,2025-12-09,Email,62445,4113,944,162,2939.27,12137.39,3.1294
CAMP08252,2025-07-15,2025-08-01,Search,48972,2339,485,102,2934.58,7607.23,1.5923
CAMP08253,2025-06-10,2025-07-07,Influencer,37320,923,141,21,1114.15,1736.98,0.559
CAMP08254,2025-09-21,2025-09-27,Influencer,77091,2965,564,117,2916.61,9001.56,2.0863
CAMP08255,2025-03-18,2025-04-03,Search,50509,2793,587,132,3494.4,9395.43,1.6887
CAMP08256,2025-06-09,2025-06-26,Email,50809,2316,458,79,1969.5,5083.42,1.5811
CAMP08257,2025-07-19,2025-08-06,Display,79561,1053,121,18,647.99,874.12,0.349
CAMP08258,2025-09-19,2025-10-09,Search,120061,3908,667,126,4979.26,11130.15,1.2353
CAMP08259,2025-12-01,2025-12-12,Social,61249,1388,210,36,1181.76,1834.13,0.552
CAMP08260,2025-04-29,2025-05-19,Social,34159,838,141,20,533.14,1334.63,1.5033
CAMP08261,2025-01-17,2025-01-26,Email,46183,3382,868,197,3068.26,12974.98,3.2288
CAMP08262,2025-12-06,2025-12-12,Display,71075,903,88,11,605.18,666.48,0.1013
CAMP08263,2025-12-02,2025-12-13,Social,49235,1518,261,51,1223.4,2510.55,1.0521
CAMP08264,2025-04-22,2025-05-18,Display,62213,861,88,8,509.94,493.0,-0.0332
CAMP08265,2025-01-22,2025-02-09,Social,7857,273,46,11,206.48,834.41,3.0411
CAMP08266,2025-11-05,2025-11-16,Email,94948,6211,1490,302,4133.21,15622.15,2.7797
CAMP08267,2025-12-24,2026-01-17,Search,40143,2074,451,97,2682.69,7242.71,1.6998
CAMP08268,2025-01-06,2025-01-20,Social,117456,3191,541,97,2544.8,7429.45,1.9195
CAMP08269,2025-02-14,2025-03-01,Email,23032,1746,445,93,1694.98,6047.46,2.5679
CAMP08270,2025-09-03,2025-09-16,Email,49244,4268,1233,266,3241.73,16757.42,4.1693
CAMP08271,2025-02-04,2025-02-19,Search,98603,6130,1502,371,9256.13,25406.86,1.7449
CAMP08272,2025-02-28,2025-03-23,Display,63853,822,100,17,565.86,962.96,0.7018
CAMP08273,2025-10-19,2025-11-01,Display,57153,682,76,8,338.77,545.42,0.61
CAMP08274,2025-08-20,2025-08-29,Influencer,11938,370,64,13,440.42,1174.23,1.6662
CAMP08275,2025-02-19,2025-03-18,Social,33626,864,143,35,706.71,2797.67,2.9587
CAMP08276,2025-08-25,2025-09-14,Search,72764,5396,1400,399,8544.09,25464.34,1.9803
CAMP08277,2025-12-26,2026-01-03,Influencer,27854,887,174,37,1033.17,4521.27,3.3761
CAMP08278,2025-04-21,2025-05-01,Search,43627,2876,688,178,4107.82,11486.54,1.7963
CAMP08279,2025-04-14,2025-04-25,Email,104208,8849,2417,520,6728.84,31418.43,3.6692
CAMP08280,2025-07-01,2025-07-26,Email,82486,4213,915,144,3411.36,11272.34,2.3044
CAMP08281,2025-11-16,2025-12-04,Social,47601,1175,190,32,1006.26,2583.13,1.5671
CAMP08282,2025-05-27,2025-06-08,Email,35387,1955,431,65,1806.98,4648.99,1.5728
CAMP08283,2025-12-18,2026-01-09,Email,102515,9672,2836,686,7671.18,48044.33,5.263
CAMP08284,2025-08-12,2025-09-07,Social,86039,2781,510,99,2397.71,6530.16,1.7235
CAMP08285,2025-11-21,2025-11-28,Social,69442,2485,491,124,1982.22,7239.95,2.6524
CAMP08286,2025-09-15,2025-09-28,Search,80204,5131,1194,325,6315.72,26853.5,3.2519
CAMP08287,2025-07-02,2025-07-13,Search,27156,1746,432,115,2249.74,11481.64,4.1035
CAMP08288,2025-04-24,2025-05-07,Search,71571,4704,1133,299,8046.04,21980.53,1.7318
CAMP08289,2025-02-06,2025-02-21,Influencer,41554,1259,219,38,1380.2,3101.17,1.2469
CAMP08290,2025-05-07,2025-05-26,Search,43430,2223,472,115,3229.28,9105.28,1.8196
CAMP08291,2025-01-27,2025-02-02,Display,89741,1142,105,16,924.09,1434.02,0.5518
CAMP08292,2025-01-05,2025-01-26,Social,130242,2957,437,72,2536.88,4385.54,0.7287
CAMP08293,2025-01-24,2025-02-18,Social,105858,1761,244,32,1718.17,3074.62,0.7895
CAMP08294,2025-08-25,2025-09-11,Search,49320,2844,647,156,3209.29,15601.75,3.8614
CAMP08295,2025-06-16,2025-07-01,Search,45626,2910,713,172,3813.13,13687.8,2.5896
CAMP08296,2025-10-17,2025-11-04,Social,86800,2274,367,71,1956.2,3645.59,0.8636
CAMP08297,2025-05-01,2025-05-13,Search,147553,12732,3486,1081,21199.52,71949.05,2.3939
CAMP08298,2025-10-18,2025-10-31,Influencer,42546,1769,344,81,2149.23,6902.95,2.2118
CAMP08299,2025-03-26,2025-04-10,Display,40309,545,57,9,339.23,564.86,0.6651
CAMP08300,2025-03-25,2025-04-08,Search,32519,2271,553,120,3431.17,9868.05,1.876
CAMP08301,2025-11-11,2025-11-24,Email,44018,4159,1290,323,3375.59,23041.05,5.8258
CAMP08302,2025-10-10,2025-11-06,Social,94611,2110,313,52,1537.05,3173.57,1.0647
CAMP08303,2025-05-29,2025-06-06,Social,58219,1624,273,42,1200.66,2387.03,0.9881
CAMP08304,2025-07-17,2025-07-26,Social,67903,1595,232,49,1202.17,3735.6,2.1074
CAMP08305,2025-10-20,2025-11-05,Influencer,40736,1079,170,39,1475.53,4353.34,1.9504
CAMP08306,2025-07-27,2025-08-20,Search,35513,1992,446,108,2572.48,5922.74,1.3023
CAMP08307,2025-05-19,2025-06-09,Influencer,89240,3597,718,166,4116.81,15427.52,2.7474
CAMP08308,2025-04-20,2025-04-28,Social,91745,3351,666,151,2455.52,16085.61,5.5508
CAMP08309,2025-02-15,2025-02-28,Display,41540,544,70,16,387.4,1158.3,1.9899
CAMP08310,2025-06-30,2025-07-09,Search,29677,1763,404,106,2689.87,8168.58,2.0368
CAMP08311,2025-02-16,2025-03-06,Search,48077,2813,674,168,3605.42,10784.36,1.9912
CAMP08312,2025-04-26,2025-05-11,Display,59524,775,86,12,573.17,837.35,0.4609
CAMP08313,2025-07-03,2025-07-28,Social,96722,2051,328,52,1489.86,2712.44,0.8206
CAMP08314,2025-11-03,2025-11-21,Search,53071,3409,762,192,5463.33,10789.75,0.9749
CAMP08315,2025-02-11,2025-02-23,Email,51331,3704,903,218,3426.34,14915.8,3.3533
CAMP08316,2025-12-31,2026-01-14,Display,16363,217,23,4,122.04,292.92,1.4002
CAMP08317,2025-04-19,2025-05-03,Display,101134,1104,99,13,686.92,850.99,0.2388
CAMP08318,2025-01-05,2025-01-18,Display,62520,1112,119,22,761.41,1928.53,1.5328
CAMP08319,2025-06-11,2025-07-05,Influencer,137122,4807,855,177,5128.08,10972.6,1.1397
CAMP08320,2025-03-13,2025-04-06,Display,71222,896,91,16,536.14,1298.18,1.4213
CAMP08321,2025-04-11,2025-05-08,Social,51706,1062,153,22,1096.49,1524.36,0.3902
CAMP08322,2025-11-20,2025-11-27,Display,17224,163,22,2,96.57,183.2,0.8971
CAMP08323,2025-10-07,2025-10-26,Display,102881,1196,128,7,850.14,531.86,-0.3744
CAMP08324,2025-07-17,2025-08-11,Social,30422,1073,208,48,1004.89,4068.78,3.049
CAMP08325,2025-05-11,2025-06-05,Search,66795,2317,390,71,3612.28,5432.52,0.5039
CAMP08326,2025-09-20,2025-10-05,Social,63172,1569,264,51,1387.53,2563.27,0.8474
CAMP08327,2025-03-04,2025-03-13,Social,31828,744,123,22,566.17,1581.87,1.794
CAMP08328,2025-05-15,2025-06-11,Search,102860,4811,1009,209,6534.89,16372.49,1.5054
CAMP08329,2025-12-22,2026-01-13,Display,74519,861,98,13,668.31,706.32,0.0569
CAMP08330,2025-05-05,2025-05-24,Display,64936,900,91,17,817.94,1066.98,0.3045
CAMP08331,2025-05-05,2025-05-22,Display,51918,625,59,4,375.17,260.68,-0.3052
CAMP08332,2025-06-15,2025-07-12,Social,86319,2459,397,82,1732.3,4999.03,1.8858
CAMP08333,2025-06-20,2025-07-11,Influencer,36153,1405,261,67,1342.09,4775.6,2.5583
CAMP08334,2025-10-17,2025-10-31,Search,26456,1846,446,117,2399.84,8011.63,2.3384
CAMP08335,2025-06-21,2025-07-10,Influencer,39962,1064,160,36,1077.66,2604.4,1.4167
CAMP08336,2025-07-19,2025-08-05,Search,56114,4720,1238,318,7557.66,27092.76,2.5848
CAMP08337,2025-02-20,2025-03-11,Email,79774,6212,1677,365,5676.78,22124.69,2.8974
CAMP08338,2025-03-30,2025-04-16,Search,41972,1756,346,64,2787.59,4060.76,0.4567
CAMP08339,2025-05-21,2025-06-16,Email,76516,6900,1916,428,5452.51,25995.27,3.7676
CAMP08340,2025-09-22,2025-10-03,Search,68779,4416,1083,267,6025.1,20179.61,2.3493
CAMP08341,2025-11-25,2025-12-07,Social,50513,1147,186,39,964.55,2243.41,1.3259
CAMP08342,2025-03-26,2025-04-07,Email,81064,5295,1276,240,4696.53,15215.95,2.2398
CAMP08343,2025-08-25,2025-09-13,Social,36291,701,92,13,487.35,885.84,0.8177
CAMP08344,2025-06-08,2025-07-04,Display,34924,395,50,4,222.29,163.49,-0.2645
CAMP08345,2025-08-08,2025-08-18,Search,49041,2971,709,156,4568.08,8930.55,0.955
CAMP08346,2025-11-13,2025-11-24,Influencer,43619,1334,230,41,1386.6,4247.61,2.0633
CAMP08347,2025-04-26,2025-05-23,Search,44994,2290,480,108,2713.75,8767.28,2.2307
CAMP08348,2025-11-30,2025-12-26,Social,64181,1214,160,21,1118.28,1474.79,0.3188
CAMP08349,2025-08-11,2025-08-23,Influencer,74246,2304,387,85,3001.16,6855.16,1.2842
CAMP08350,2025-12-21,2026-01-17,Search,33722,1255,234,53,2130.57,3490.47,0.6383
CAMP08351,2025-01-22,2025-02-02,Display,19525,248,21,2,172.88,123.94,-0.2831
CAMP08352,2025-09-17,2025-10-04,Influencer,53110,1789,335,75,1961.62,7959.14,3.0574
CAMP08353,2025-06-28,2025-07-20,Display,50585,603,44,4,374.79,203.16,-0.4579
CAMP08354,2025-03-09,2025-03-17,Influencer,59446,1995,359,69,1999.37,5283.74,1.6427
CAMP08355,2025-05-10,2025-05-31,Influencer,89442,2908,545,116,2972.92,8892.25,1.9911
CAMP08356,2025-12-01,2025-12-26,Search,63752,3667,866,212,6230.23,15815.7,1.5385
CAMP08357,2025-06-23,2025-07-12,Display,49199,619,61,9,395.13,474.46,0.2008
CAMP08358,2025-03-27,2025-04-12,Search,22811,1065,225,42,1301.91,2281.01,0.752
CAMP08359,2025-05-14,2025-05-27,Search,76263,3773,773,178,5204.03,16905.21,2.2485
CAMP08360,2025-05-22,2025-06-08,Search,33837,2438,580,147,3200.63,14568.59,3.5518
CAMP08361,2025-04-29,2025-05-22,Display,51995,669,72,7,371.56,400.97,0.0792
CAMP08362,2025-10-23,2025-11-18,Search,55387,2593,524,116,3415.66,10400.59,2.045
CAMP08363,2025-05-23,2025-06-02,Email,113138,10162,2785,639,7481.46,42324.79,4.6573
CAMP08364,2025-08-30,2025-09-05,Search,38046,1371,227,40,1708.47,3381.05,0.979
CAMP08365,2025-06-08,2025-06-25,Social,49027,1126,170,33,1026.17,2487.48,1.424
CAMP08366,2025-07-22,2025-08-06,Social,49313,1313,218,42,825.39,2596.76,2.1461
CAMP08367,2025-12-19,2026-01-07,Social,67455,1913,350,78,1528.28,3979.95,1.6042
CAMP08368,2025-07-20,2025-08-09,Display,91619,1395,162,27,781.71,1984.13,1.5382
CAMP08369,2025-03-28,2025-04-06,Search,50125,2389,492,121,4029.67,9166.32,1.2747
CAMP08370,2025-05-10,2025-05-21,Social,58855,1430,216,30,1152.93,2777.69,1.4092
CAMP08371,2025-06-18,2025-07-10,Display,229760,3400,364,57,2011.49,2336.21,0.1614
CAMP08372,2025-07-06,2025-07-24,Display,60133,666,54,9,408.35,577.97,0.4154
CAMP08373,2025-10-25,2025-11-05,Social,56021,1057,146,16,915.74,1168.36,0.2759
CAMP08374,2025-04-29,2025-05-23,Influencer,74794,3534,732,217,4182.68,17116.62,3.0923
CAMP08375,2025-03-08,2025-03-20,Social,32707,676,104,16,579.46,1246.1,1.1505
CAMP08376,2025-04-25,2025-05-18,Display,26666,321,30,7,232.97,405.2,0.7393
CAMP08377,2025-08-03,2025-08-21,Email,42137,2641,592,96,1840.01,5278.58,1.8688
CAMP08378,2025-11-17,2025-12-09,Social,39537,936,148,30,887.98,2315.39,1.6075
CAMP08379,2025-11-08,2025-11-25,Search,42143,1673,320,65,2261.89,4452.22,0.9684
CAMP08380,2025-09-20,2025-10-09,Email,44786,3904,1043,233,3211.42,11508.66,2.5837
CAMP08381,2025-08-12,2025-08-25,Search,41245,2270,528,133,3023.53,10806.31,2.5741
CAMP08382,2025-09-28,2025-10-09,Social,62784,1260,207,40,773.31,2676.69,2.4613
CAMP08383,2025-06-04,2025-06-25,Search,21780,1245,273,68,2002.14,3636.04,0.8161
CAMP08384,2025-12-14,2026-01-03,Search,80316,4635,1044,257,6435.23,15972.77,1.4821
CAMP08385,2025-04-13,2025-05-06,Social,39423,909,169,25,736.21,1655.54,1.2487
CAMP08386,2025-06-03,2025-06-18,Social,30148,601,86,9,496.67,597.89,0.2038
CAMP08387,2025-03-04,2025-03-11,Influencer,41108,1425,248,64,1438.22,6443.0,3.4798
CAMP08388,2025-08-23,2025-09-13,Influencer,67056,1602,239,47,2104.11,5599.97,1.6614
CAMP08389,2025-03-04,2025-03-20,Social,55969,1168,183,22,933.26,1773.75,0.9006
CAMP08390,2025-03-06,2025-03-18,Social,47742,1207,182,38,1127.48,2561.43,1.2718
CAMP08391,2025-11-11,2025-11-17,Display,42163,487,46,5,292.17,260.26,-0.1092
CAMP08392,2025-10-02,2025-10-13,Social,56088,1413,209,42,1056.15,3192.84,2.0231
CAMP08393,2025-11-15,2025-11-25,Search,123619,8101,1916,498,12901.23,43450.24,2.3679
CAMP08394,2025-05-12,2025-06-05,Social,36820,1140,204,43,1022.47,4506.57,3.4075
CAMP08395,2025-12-03,2025-12-10,Social,88615,2105,363,62,1860.29,4080.15,1.1933
CAMP08396,2025-09-30,2025-10-08,Social,39885,1058,161,33,859.55,1909.89,1.222
CAMP08397,2025-07-26,2025-08-12,Social,22890,571,90,25,445.44,2404.11,4.3972
CAMP08398,2025-12-29,2026-01-23,Influencer,67844,1945,326,75,1843.87,6794.27,2.6848
CAMP08399,2025-11-07,2025-11-25,Email,93004,6145,1474,334,4186.72,23774.9,4.6786
CAMP08400,2025-10-08,2025-10-20,Search,17481,705,125,19,983.68,1346.03,0.3684
CAMP08401,2025-08-08,2025-08-22,Email,36399,2690,688,116,2279.42,8894.54,2.9021
CAMP08402,2025-01-19,2025-02-01,Search,90299,6663,1679,445,8806.74,36191.74,3.1096
CAMP08403,2025-02-24,2025-03-06,Search,83588,5078,1188,308,6229.01,16869.51,1.7082
CAMP08404,2025-01-10,2025-01-20,Display,45195,483,60,8,344.3,432.92,0.2574
CAMP08405,2025-08-10,2025-09-04,Social,40139,781,105,21,669.98,1321.47,0.9724
CAMP08406,2025-11-25,2025-12-20,Email,87355,7006,1898,401,5932.64,24795.87,3.1796
CAMP08407,2025-09-03,2025-09-20,Display,87433,743,80,2,411.25,130.23,-0.6833
CAMP08408,2025-04-07,2025-04-18,Influencer,64760,2497,492,119,3032.07,9199.36,2.034
CAMP08409,2025-11-13,2025-12-07,Influencer,23909,844,161,36,1072.63,2804.65,1.6147
CAMP08410,2025-06-01,2025-06-20,Social,69037,1469,190,31,1185.5,2029.26,0.7117
CAMP08411,2025-08-23,2025-09-15,Email,52091,3688,908,162,3350.6,7545.57,1.252
CAMP08412,2025-05-06,2025-05-28,Social,33632,820,144,32,538.38,2587.8,3.8066
CAMP08413,2025-01-05,2025-01-24,Social,57849,1402,224,32,1103.98,1628.74,0.4753
CAMP08414,2025-11-12,2025-12-01,Search,86981,4134,860,199,5936.71,13714.46,1.3101
CAMP08415,2025-02-17,2025-03-01,Display,49179,630,66,13,396.54,995.97,1.5117
CAMP08416,2025-07-20,2025-08-12,Display,87974,831,76,15,490.36,1038.22,1.1173
CAMP08417,2025-08-16,2025-08-27,Social,28137,774,142,26,585.37,2020.05,2.4509
CAMP08418,2025-10-28,2025-11-23,Social,75228,1751,267,47,1372.87,3238.2,1.3587
CAMP08419,2025-10-04,2025-10-19,Display,126182,1419,149,17,973.7,889.64,-0.0863
CAMP08420,2025-07-08,2025-07-20,Search,75569,2912,542,127,4664.82,9577.71,1.0532
CAMP08421,2025-12-15,2026-01-10,Search,35750,2074,504,126,2930.65,10425.2,2.5573
CAMP08422,2025-12-20,2026-01-06,Email,51754,3365,812,153,1903.08,8562.7,3.4994
CAMP08423,2025-11-04,2025-11-27,Social,102221,3397,593,132,2692.41,9709.29,2.6062
CAMP08424,2025-05-19,2025-06-13,Influencer,75924,2663,488,108,3260.02,8576.22,1.6307
CAMP08425,2025-02-03,2025-03-01,Social,87429,2160,322,58,1748.87,3534.1,1.0208
CAMP08426,2025-12-19,2026-01-03,Email,82011,5352,1294,248,2955.43,17822.06,5.0303
CAMP08427,2025-08-01,2025-08-07,Search,72774,3370,660,142,4306.87,11617.45,1.6974
CAMP08428,2025-04-03,2025-04-25,Search,59188,3301,724,169,3916.91,13006.67,2.3206
CAMP08429,2025-10-24,2025-11-03,Email,77858,5095,1231,222,4121.68,19964.77,3.8438
CAMP08430,2025-03-28,2025-04-16,Influencer,75863,2227,360,64,2536.08,5203.28,1.0517
CAMP08431,2025-06-24,2025-07-03,Influencer,46905,1930,382,87,1987.36,7488.25,2.7679
CAMP08432,2025-09-30,2025-10-27,Social,106751,2439,372,62,2626.92,4692.03,0.7861
CAMP08433,2025-08-14,2025-08-22,Influencer,48680,2798,623,190,2871.24,13660.17,3.7576
CAMP08434,2025-06-15,2025-07-07,Influencer,62838,2769,582,164,3311.51,16940.08,4.1155
CAMP08435,2025-07-05,2025-07-26,Display,44532,551,59,5,414.33,391.68,-0.0547
CAMP08436,2025-03-15,2025-04-07,Social,47098,1371,260,65,1150.0,3942.25,2.428
CAMP08437,2025-09-26,2025-10-05,Influencer,81412,2401,404,79,2531.21,7116.61,1.8115
CAMP08438,2025-10-13,2025-11-04,Social,47132,1079,180,33,734.28,2552.11,2.4757
CAMP08439,2025-05-20,2025-06-05,Search,72178,3408,742,161,4002.1,16559.62,3.1377
CAMP08440,2025-05-10,2025-06-01,Social,69706,1576,237,31,1312.37,1806.39,0.3764
CAMP08441,2025-09-12,2025-10-01,Display,62767,906,101,10,692.22,578.31,-0.1646
CAMP08442,2025-03-17,2025-03-29,Social,26566,574,76,14,417.68,758.08,0.815
CAMP08443,2025-05-03,2025-05-26,Social,152840,3720,577,97,2455.08,8845.11,2.6028
CAMP08444,2025-12-30,2026-01-16,Influencer,99895,3690,645,155,4301.34,15006.92,2.4889
CAMP08445,2025-07-01,2025-07-14,Search,44094,1428,211,34,2213.79,2543.29,0.1488
CAMP08446,2025-09-22,2025-09-28,Search,60575,3106,623,130,4361.41,10939.08,1.5082
CAMP08447,2025-02-17,2025-03-13,Social,39947,923,157,33,636.36,2283.37,2.5882
CAMP08448,2025-06-25,2025-07-17,Email,69777,5987,1633,344,4405.0,24334.95,4.5244
CAMP08449,2025-04-25,2025-05-15,Email,37366,2918,778,178,2825.7,13676.65,3.8401
CAMP08450,2025-11-29,2025-12-25,Search,88820,4281,902,191,7229.35,21113.06,1.9205
CAMP08451,2025-06-18,2025-07-10,Influencer,75798,3454,727,204,3531.39,20825.06,4.8971
CAMP08452,2025-09-27,2025-10-12,Influencer,23439,1010,194,46,1126.0,3928.01,2.4885
CAMP08453,2025-02-04,2025-02-13,Email,75253,5285,1272,261,4044.88,20685.55,4.114
CAMP08454,2025-07-09,2025-07-20,Social,42007,820,128,21,658.69,966.54,0.4674
CAMP08455,2025-02-14,2025-02-24,Email,70037,3997,904,174,2832.24,13012.73,3.5945
CAMP08456,2025-08-30,2025-09-05,Search,41391,2551,583,133,3419.33,12421.62,2.6328
CAMP08457,2025-05-27,2025-06-13,Social,14962,251,29,6,186.96,476.44,1.5484
CAMP08458,2025-12-04,2025-12-17,Email,84561,7665,2116,482,5878.41,40093.32,5.8204
CAMP08459,2025-01-23,2025-02-02,Display,41212,380,43,5,258.35,463.32,0.7934
CAMP08460,2025-08-28,2025-09-24,Search,84612,4396,928,231,6690.82,20108.34,2.0054
CAMP08461,2025-07-10,2025-07-31,Social,31761,702,104,22,596.92,1638.67,1.7452
CAMP08462,2025-06-27,2025-07-16,Search,61550,3152,658,149,4728.87,12900.93,1.7281
CAMP08463,2025-12-27,2026-01-22,Social,74866,1667,259,45,1386.19,3530.89,1.5472
CAMP08464,2025-01-29,2025-02-13,Social,79580,1648,235,37,1378.86,3019.12,1.1896
CAMP08465,2025-09-27,2025-10-11,Search,12680,822,200,54,1452.48,3979.48,1.7398
CAMP08466,2025-08-13,2025-09-06,Search,111388,4697,904,199,6277.47,12766.34,1.0337
CAMP08467,2025-03-15,2025-04-02,Email,90568,8247,2345,560,6509.41,32147.62,3.9386
CAMP08468,2025-10-21,2025-11-11,Email,51429,3091,730,145,2519.66,12740.28,4.0563
CAMP08469,2025-07-22,2025-08-05,Display,21562,262,26,2,177.89,123.6,-0.3052
CAMP08470,2025-02-20,2025-03-08,Search,39007,2584,634,186,4628.95,11895.89,1.5699
CAMP08471,2025-10-25,2025-11-05,Social,87483,2817,522,104,2228.43,7287.21,2.2701
CAMP08472,2025-06-03,2025-06-28,Influencer,31559,1452,296,78,1606.75,5516.78,2.4335
CAMP08473,2025-12-20,2025-12-26,Social,121777,2821,456,73,2427.69,4307.15,0.7742
CAMP08474,2025-04-24,2025-05-07,Display,19295,333,31,2,226.27,118.79,-0.475
CAMP08475,2025-09-14,2025-09-21,Search,31823,1524,362,89,1969.5,6950.17,2.5289
CAMP08476,2025-01-21,2025-01-27,Email,41740,2105,446,82,1762.87,4351.82,1.4686
CAMP08477,2025-03-11,2025-03-19,Search,58567,3289,736,179,4266.63,14426.94,2.3813
CAMP08478,2025-01-26,2025-02-10,Social,127183,2477,330,49,2367.65,3295.98,0.3921
CAMP08479,2025-12-01,2025-12-27,Influencer,71271,2894,567,130,2802.98,15013.6,4.3563
CAMP08480,2025-10-29,2025-11-08,Search,103252,6080,1362,337,7831.3,22355.39,1.8546
CAMP08481,2025-12-18,2026-01-01,Social,65567,1482,228,46,1370.07,2555.82,0.8655
CAMP08482,2025-06-08,2025-06-29,Social,109595,2027,282,44,1565.45,2807.79,0.7936
CAMP08483,2025-03-23,2025-04-19,Search,86332,5073,1159,304,6591.97,33491.01,4.0806
CAMP08484,2025-05-15,2025-05-26,Influencer,53809,1775,332,77,2232.25,6240.49,1.7956
CAMP08485,2025-12-24,2026-01-06,Influencer,72731,1602,247,56,1808.38,5093.68,1.8167
CAMP08486,2025-02-15,2025-03-07,Search,36250,1599,318,63,2274.99,6631.09,1.9148
CAMP08487,2025-06-11,2025-07-08,Email,21253,1668,438,98,1118.1,7282.92,5.5137
CAMP08488,2025-05-29,2025-06-12,Social,47772,1322,237,42,1027.57,2815.88,1.7403
CAMP08489,2025-04-14,2025-05-07,Influencer,77541,2096,326,56,2569.49,5056.43,0.9679
CAMP08490,2025-04-09,2025-05-05,Social,134436,4869,928,222,4130.72,13998.04,2.3888
CAMP08491,2025-01-08,2025-01-15,Search,33594,1308,255,49,1873.43,4209.22,1.2468
CAMP08492,2025-04-26,2025-05-16,Search,63160,2981,589,118,3684.45,12280.53,2.3331
CAMP08493,2025-11-12,2025-12-09,Influencer,61240,1748,294,66,2486.2,6844.97,1.7532
CAMP08494,2025-12-07,2026-01-03,Influencer,64577,2683,521,125,3125.42,8460.98,1.7071
CAMP08495,2025-05-19,2025-06-01,Display,98170,1094,106,16,702.6,1110.45,0.5805
CAMP08496,2025-09-09,2025-09-16,Social,66148,1538,218,28,1134.7,1656.12,0.4595
CAMP08497,2025-06-11,2025-07-02,Email,77253,4962,1163,199,4727.78,13466.45,1.8484
CAMP08498,2025-06-15,2025-07-02,Search,107767,5682,1181,284,8199.7,21488.25,1.6206
CAMP08499,2025-08-01,2025-08-24,Email,28615,1700,405,62,1514.54,4046.91,1.672
CAMP08500,2025-09-09,2025-09-15,Social,54961,1112,156,34,975.72,1867.4,0.9139
CAMP08501,2025-03-19,2025-03-29,Search,40056,1514,304,66,1839.94,3958.74,1.1516
CAMP08502,2025-05-25,2025-06-09,Social,52499,1123,178,37,809.68,2822.71,2.4862
CAMP08503,2025-03-16,2025-03-30,Search,34993,2289,582,147,3943.47,14098.54,2.5752
CAMP08504,2025-12-14,2025-12-21,Search,70056,5020,1298,341,5809.94,29674.59,4.1076
CAMP08505,2025-03-22,2025-03-29,Search,157721,9168,2050,545,15294.17,34932.23,1.284
CAMP08506,2025-03-28,2025-04-18,Social,68476,1115,137,21,732.7,1644.36,1.2442
CAMP08507,2025-04-22,2025-05-18,Social,43198,1075,168,23,750.79,1551.05,1.0659
CAMP08508,2025-07-29,2025-08-18,Search,22020,890,157,34,1227.07,2758.45,1.248
CAMP08509,2025-09-18,2025-10-11,Display,45228,524,66,5,315.07,275.82,-0.1246
CAMP08510,2025-09-22,2025-10-19,Social,84485,2037,324,68,1588.1,5407.88,2.4053
CAMP08511,2025-07-09,2025-07-22,Search,101661,6994,1708,461,7981.5,31679.85,2.9692
CAMP08512,2025-10-08,2025-10-27,Search,92477,4241,839,178,5898.37,14945.86,1.5339
CAMP08513,2025-11-23,2025-12-06,Display,50028,618,70,9,369.07,536.79,0.4544
CAMP08514,2025-04-17,2025-04-25,Search,35453,2374,535,133,2978.5,13074.06,3.3895
CAMP08515,2025-11-19,2025-11-29,Search,60323,3501,776,198,4862.84,20075.65,3.1284
CAMP08516,2025-08-30,2025-09-13,Email,37431,2739,710,136,2251.16,8852.16,2.9323
CAMP08517,2025-03-07,2025-04-02,Search,119388,4360,808,171,6741.07,12572.83,0.8651
CAMP08518,2025-03-24,2025-04-11,Social,64934,1598,247,51,1418.04,5026.63,2.5448
CAMP08519,2025-06-27,2025-07-13,Email,75162,6765,1986,449,4305.39,29258.79,5.7959
CAMP08520,2025-06-18,2025-07-10,Social,52183,1077,147,22,826.51,1817.37,1.1988
CAMP08521,2025-04-22,2025-04-28,Display,44578,472,40,2,365.98,161.08,-0.5599
CAMP08522,2025-10-28,2025-11-04,Email,38000,2400,613,130,1744.92,9035.5,4.1782
CAMP08523,2025-02-09,2025-02-27,Influencer,58647,2138,386,84,2290.52,6130.02,1.6763
CAMP08524,2025-02-15,2025-03-12,Influencer,34282,1030,202,46,1402.41,3170.73,1.2609
CAMP08525,2025-06-10,2025-06-29,Social,22661,614,106,21,475.26,1608.54,2.3845
CAMP08526,2025-09-22,2025-10-19,Social,89952,1945,280,64,1867.02,4089.11,1.1902
CAMP08527,2025-12-11,2025-12-29,Search,18633,914,184,46,1269.12,3601.95,1.8381
CAMP08528,2025-12-14,2025-12-23,Social,75241,1906,295,50,1782.07,2814.97,0.5796
CAMP08529,2025-12-26,2026-01-07,Influencer,73140,2504,433,97,2909.62,10360.39,2.5607
CAMP08530,2025-07-15,2025-08-03,Social,23622,606,107,18,394.08,1097.19,1.7842
CAMP08531,2025-03-18,2025-04-14,Search,36942,2103,475,101,3001.83,7922.72,1.6393
CAMP08532,2025-12-09,2025-12-27,Search,51987,4381,1138,353,6757.31,29175.75,3.3177
CAMP08533,2025-04-22,2025-05-18,Social,94120,2205,331,56,1536.56,3454.83,1.2484
CAMP08534,2025-03-18,2025-04-09,Search,50805,2393,470,106,2752.76,7265.71,1.6394
CAMP08535,2025-10-24,2025-11-03,Search,66736,4929,1311,386,6293.95,30647.84,3.8694
CAMP08536,2025-08-13,2025-08-25,Search,22312,942,183,39,1026.96,3609.45,2.5147
CAMP08537,2025-03-04,2025-03-22,Influencer,49871,2130,444,102,2323.98,9118.0,2.9234
CAMP08538,2025-03-01,2025-03-26,Social,36358,1000,158,35,769.89,2049.57,1.6622
CAMP08539,2025-07-10,2025-07-24,Display,53737,839,84,13,601.26,749.44,0.2464
CAMP08540,2025-10-05,2025-10-20,Social,149308,4439,763,144,3400.31,10475.91,2.0809
CAMP08541,2025-01-26,2025-02-17,Social,97531,2818,508,82,2401.16,5208.69,1.1692
CAMP08542,2025-10-13,2025-10-23,Social,13228,359,66,11,249.08,864.47,2.4707
CAMP08543,2025-03-21,2025-04-07,Email,88513,5316,1211,227,3852.86,13176.17,2.4198
CAMP08544,2025-05-31,2025-06-10,Search,86283,3182,562,104,3925.04,7679.49,0.9565
CAMP08545,2025-05-05,2025-06-01,Social,94843,2080,318,49,1354.66,3396.81,1.5075
CAMP08546,2025-02-06,2025-02-24,Email,85546,5387,1285,240,4374.12,14100.18,2.2235
CAMP08547,2025-11-19,2025-11-30,Social,128934,3995,728,145,3318.93,11433.65,2.445
CAMP08548,2025-07-13,2025-08-01,Influencer,24683,759,112,12,925.37,1017.96,0.1001
CAMP08549,2025-12-22,2026-01-08,Influencer,55425,2001,405,94,1852.64,7791.65,3.2057
CAMP08550,2025-02-08,2025-03-05,Email,46044,2426,522,78,1582.11,5828.22,2.6838
CAMP08551,2025-06-18,2025-06-24,Email,19337,1500,393,86,1350.31,5565.12,3.1214
CAMP08552,2025-02-25,2025-03-13,Social,86468,2423,400,59,1719.75,4906.76,1.8532
CAMP08553,2025-10-16,2025-11-08,Email,35705,2233,526,88,1859.27,6126.26,2.295
CAMP08554,2025-10-15,2025-10-30,Email,111394,8944,2386,491,7715.6,25288.38,2.2776
CAMP08555,2025-04-17,2025-05-09,Search,23256,1037,209,43,1509.64,3622.5,1.3996
CAMP08556,2025-12-18,2026-01-10,Search,62711,3391,741,173,4450.11,13654.15,2.0683
CAMP08557,2025-03-20,2025-04-04,Social,51386,1170,168,27,820.6,1305.43,0.5908
CAMP08558,2025-09-30,2025-10-08,Social,140421,3394,536,88,2572.4,6759.61,1.6277
CAMP08559,2025-01-07,2025-01-22,Email,30728,1897,460,102,1836.68,7742.05,3.2152
CAMP08560,2025-10-22,2025-11-14,Social,68109,1468,214,39,1197.37,2689.7,1.2463
CAMP08561,2025-10-18,2025-11-13,Search,37329,2496,613,154,3284.32,12591.7,2.8339
CAMP08562,2025-03-07,2025-03-28,Display,64632,843,81,12,523.33,648.81,0.2398
CAMP08563,2025-04-30,2025-05-10,Search,90032,5774,1382,342,9330.84,27754.08,1.9744
CAMP08564,2025-07-13,2025-07-29,Social,14755,318,45,10,286.9,672.66,1.3446
CAMP08565,2025-07-01,2025-07-13,Search,61608,3278,719,179,5030.8,12220.43,1.4291
CAMP08566,2025-10-25,2025-11-04,Display,54621,550,54,8,366.91,470.51,0.2824
CAMP08567,2025-02-19,2025-02-27,Influencer,22328,624,108,21,897.46,1285.96,0.4329
CAMP08568,2025-12-28,2026-01-20,Email,78581,6489,1699,358,4242.56,21399.03,4.0439
CAMP08569,2025-01-26,2025-02-17,Search,101219,4657,932,197,6867.4,15329.82,1.2323
CAMP08570,2025-12-10,2025-12-19,Influencer,40252,1078,166,28,1344.3,2173.48,0.6168
CAMP08571,2025-02-26,2025-03-25,Influencer,27785,777,143,35,829.43,2306.65,1.781
CAMP08572,2025-12-06,2025-12-17,Display,144969,1452,151,20,980.15,1214.06,0.2386
CAMP08573,2025-01-20,2025-02-13,Email,48155,2716,586,111,2199.43,6226.37,1.8309
CAMP08574,2025-09-13,2025-09-29,Search,32403,1709,361,89,2197.47,6786.43,2.0883
CAMP08575,2025-10-17,2025-11-04,Display,51242,591,63,11,331.03,908.9,1.7457
CAMP08576,2025-03-28,2025-04-07,Display,85354,862,77,15,621.35,988.5,0.5909
CAMP08577,2025-04-11,2025-04-22,Search,52043,2936,648,153,4442.35,15207.99,2.4234
CAMP08578,2025-03-21,2025-04-14,Social,9362,227,39,2,199.01,110.03,-0.4471
CAMP08579,2025-08-25,2025-09-12,Email,43967,4276,1322,288,3538.86,15928.17,3.5009
CAMP08580,2025-08-12,2025-08-30,Social,42814,930,132,12,685.23,688.83,0.0053
CAMP08581,2025-09-26,2025-10-06,Social,77974,2047,346,63,1724.4,3881.22,1.2508
CAMP08582,2025-02-28,2025-03-27,Social,100647,2532,405,79,2396.15,5778.83,1.4117
CAMP08583,2025-01-03,2025-01-10,Social,104906,2585,440,79,2249.61,6173.04,1.744
CAMP08584,2025-03-30,2025-04-11,Social,92804,3150,587,137,3314.03,9148.63,1.7606
CAMP08585,2025-01-14,2025-01-26,Search,77319,3778,805,182,4849.88,13723.95,1.8298
CAMP08586,2025-05-03,2025-05-28,Email,48732,3597,898,170,3428.88,12675.69,2.6967
CAMP08587,2025-05-06,2025-05-16,Social,63229,1557,286,49,1465.87,4610.84,2.1455
CAMP08588,2025-04-30,2025-05-23,Social,36458,1065,185,34,763.56,2839.02,2.7181
CAMP08589,2025-04-10,2025-05-04,Display,61226,738,75,10,456.5,731.56,0.6025
CAMP08590,2025-03-02,2025-03-24,Email,81928,4318,909,141,3363.99,7258.21,1.1576
CAMP08591,2025-09-02,2025-09-12,Social,67327,1876,325,57,1611.67,4163.48,1.5833
CAMP08592,2025-06-06,2025-06-13,Search,23032,1224,263,56,1657.09,4038.64,1.4372
CAMP08593,2025-11-12,2025-11-18,Email,33237,2233,520,97,2035.1,6823.06,2.3527
CAMP08594,2025-04-14,2025-04-22,Social,82498,1687,211,21,1385.7,1606.16,0.1591
CAMP08595,2025-07-09,2025-07-25,Display,50108,743,75,7,438.8,491.25,0.1195
CAMP08596,2025-03-17,2025-03-23,Email,84530,6519,1669,378,5051.17,22642.27,3.4826
CAMP08597,2025-10-12,2025-11-02,Social,12049,233,26,5,193.27,387.57,1.0053
CAMP08598,2025-03-12,2025-03-28,Search,44803,2727,615,150,3841.94,14414.13,2.7518
CAMP08599,2025-07-03,2025-07-19,Search,23963,1594,382,93,1759.07,8485.1,3.8236
CAMP08600,2025-10-17,2025-10-30,Search,40651,2528,582,145,3275.83,14770.1,3.5088
CAMP08601,2025-02-26,2025-03-13,Search,21642,1119,234,44,1662.73,4499.12,1.7059
CAMP08602,2025-06-27,2025-07-07,Search,48900,2310,483,98,3116.33,5542.51,0.7785
CAMP08603,2025-02-25,2025-03-16,Email,72756,6273,1726,396,4251.75,26050.88,5.1271
CAMP08604,2025-12-09,2026-01-03,Search,10828,553,130,25,753.69,1919.52,1.5468
CAMP08605,2025-12-28,2026-01-22,Search,41356,2323,494,126,3311.87,12229.63,2.6927
CAMP08606,2025-12-14,2026-01-09,Search,70628,2348,382,86,3671.58,6959.19,0.8954
CAMP08607,2025-05-06,2025-05-15,Social,60116,1363,213,31,1211.8,2161.35,0.7836
CAMP08608,2025-05-30,2025-06-17,Email,34852,2545,643,125,1589.46,8373.46,4.2681
CAMP08609,2025-04-19,2025-05-14,Display,78202,983,107,17,639.6,1241.07,0.9404
CAMP08610,2025-10-18,2025-10-28,Search,48691,2086,368,85,3013.99,8665.67,1.8751
CAMP08611,2025-05-09,2025-05-23,Search,89338,6004,1520,438,6991.78,26823.66,2.8365
CAMP08612,2025-05-29,2025-06-04,Social,16803,395,56,4,295.83,253.83,-0.142
CAMP08613,2025-06-22,2025-07-11,Influencer,30247,859,134,30,782.66,2939.94,2.7563
CAMP08614,2025-01-24,2025-02-08,Search,28336,1650,402,96,1968.8,6753.1,2.4301
CAMP08615,2025-08-30,2025-09-26,Email,76538,6213,1659,390,5365.35,26608.78,3.9594
CAMP08616,2025-07-12,2025-07-18,Social,78268,1754,256,43,1504.67,3064.87,1.0369
CAMP08617,2025-07-15,2025-07-24,Search,108454,4473,931,188,4810.7,15476.78,2.2172
CAMP08618,2025-06-19,2025-07-05,Social,29039,750,136,26,628.59,1737.24,1.7637
CAMP08619,2025-08-10,2025-08-19,Influencer,24310,886,159,37,946.48,2624.14,1.7725
CAMP08620,2025-11-19,2025-12-12,Social,51236,1454,243,47,1135.35,4779.43,3.2097
CAMP08621,2025-10-20,2025-11-13,Email,19602,1626,432,85,1212.75,5039.87,3.1557
CAMP08622,2025-06-20,2025-07-14,Search,16513,1179,278,65,1284.64,6453.06,4.0232
CAMP08623,2025-03-04,2025-03-10,Email,40307,2154,491,81,1482.95,3885.55,1.6201
CAMP08624,2025-06-20,2025-07-07,Social,53883,1437,247,40,1095.38,2704.95,1.4694
CAMP08625,2025-07-29,2025-08-15,Search,23010,1556,383,99,2290.19,8143.08,2.5556
CAMP08626,2025-12-30,2026-01-26,Social,30949,1093,196,44,885.01,3186.32,2.6003
CAMP08627,2025-03-18,2025-04-07,Email,95072,5960,1436,252,6076.01,14453.58,1.3788
CAMP08628,2025-10-15,2025-10-22,Search,78282,3259,607,145,4101.77,11423.31,1.785
CAMP08629,2025-09-11,2025-10-06,Display,69905,902,107,20,541.09,958.49,0.7714
CAMP08630,2025-06-14,2025-06-28,Email,43022,2675,668,129,1649.1,8348.84,4.0627
CAMP08631,2025-12-22,2026-01-10,Social,34600,963,159,19,814.19,1450.31,0.7813
CAMP08632,2025-06-28,2025-07-16,Email,37829,3540,998,248,3220.91,17703.69,4.4965
CAMP08633,2025-12-07,2025-12-28,Influencer,58959,1925,305,68,1853.15,4295.29,1.3178
CAMP08634,2025-01-01,2025-01-13,Display,45660,498,46,7,349.2,379.2,0.0859
CAMP08635,2025-04-23,2025-05-04,Search,44179,1867,386,76,2298.99,9092.99,2.9552
CAMP08636,2025-06-25,2025-07-11,Search,59073,3037,653,153,4370.42,14430.89,2.3019
CAMP08637,2025-11-30,2025-12-08,Social,53725,1539,263,54,1397.16,4417.84,2.162
CAMP08638,2025-11-26,2025-12-23,Social,76614,1581,239,52,1297.54,2693.75,1.076
CAMP08639,2025-02-02,2025-02-27,Display,50975,624,62,8,403.64,547.64,0.3568
CAMP08640,2025-06-28,2025-07-12,Social,41054,1063,166,26,977.95,2058.15,1.1046
CAMP08641,2025-06-01,2025-06-12,Social,34295,720,106,20,684.62,1254.53,0.8324
CAMP08642,2025-02-10,2025-02-20,Display,41105,615,73,16,360.31,1401.0,2.8883
CAMP08643,2025-06-17,2025-07-12,Search,67038,2937,553,126,5331.62,9846.49,0.8468
CAMP08644,2025-01-31,2025-02-21,Search,26725,1470,330,85,2397.68,7770.73,2.2409
CAMP08645,2025-04-28,2025-05-21,Influencer,92917,3312,625,135,3216.83,12278.9,2.8171
CAMP08646,2025-10-04,2025-10-13,Display,39192,526,54,5,393.4,297.22,-0.2445
CAMP08647,2025-12-29,2026-01-07,Search,49467,3442,856,243,3971.61,18847.82,3.7456
CAMP08648,2025-03-15,2025-03-23,Social,45123,1983,414,98,1583.17,7644.02,3.8283
CAMP08649,2025-01-09,2025-01-24,Search,48623,3214,737,189,4600.23,15584.85,2.3878
CAMP08650,2025-08-18,2025-08-31,Search,113150,5819,1317,305,9361.51,17507.87,0.8702
CAMP08651,2025-01-01,2025-01-20,Email,15763,954,237,43,771.77,2588.02,2.3534
CAMP08652,2025-04-17,2025-04-23,Search,61601,4180,1033,303,5644.99,29342.33,4.1979
CAMP08653,2025-05-02,2025-05-08,Influencer,77280,3238,646,144,3353.81,15200.33,3.5323
CAMP08654,2025-07-08,2025-07-21,Search,95135,4148,824,181,6137.85,18728.0,2.0512
CAMP08655,2025-05-14,2025-06-05,Email,16899,820,171,26,568.13,1857.24,2.269
CAMP08656,2025-03-18,2025-03-27,Search,43347,2293,483,117,3442.77,9153.53,1.6588
CAMP08657,2025-11-12,2025-12-01,Search,28262,1196,256,53,2137.11,3678.12,0.7211
CAMP08658,2025-06-18,2025-07-08,Search,58033,4578,1256,361,5146.94,30837.2,4.9914
CAMP08659,2025-10-26,2025-11-03,Search,55609,5334,1568,545,7980.73,40147.14,4.0305
CAMP08660,2025-06-10,2025-06-25,Influencer,51438,1950,392,102,2014.36,9539.87,3.7359
CAMP08661,2025-04-30,2025-05-25,Search,62941,3980,967,243,5169.92,22606.35,3.3727
CAMP08662,2025-09-26,2025-10-17,Influencer,79873,3011,534,128,3206.59,12122.39,2.7805
CAMP08663,2025-04-08,2025-04-14,Email,86467,7095,1904,420,5048.9,25819.45,4.1139
CAMP08664,2025-10-03,2025-10-13,Social,119007,2196,274,53,1454.05,3680.39,1.5311
CAMP08665,2025-04-30,2025-05-25,Search,84987,5832,1464,364,9219.07,33762.23,2.6622
CAMP08666,2025-12-22,2026-01-16,Influencer,83092,3361,662,152,3370.85,13731.77,3.0737
CAMP08667,2025-06-29,2025-07-12,Influencer,28668,899,166,34,925.84,3115.72,2.3653
CAMP08668,2025-02-16,2025-03-11,Search,67506,4620,1144,294,7124.05,23883.19,2.3525
CAMP08669,2025-06-20,2025-07-15,Influencer,67719,2519,445,97,2114.43,7623.33,2.6054
CAMP08670,2025-08-31,2025-09-14,Email,30309,2131,531,107,1523.68,6564.09,3.3081
CAMP08671,2025-06-21,2025-07-07,Search,68267,3728,874,202,6719.21,17616.72,1.6218
CAMP08672,2025-10-17,2025-11-06,Social,14312,334,49,10,239.03,762.34,2.1893
CAMP08673,2025-05-04,2025-05-21,Search,63863,3004,619,133,3967.45,6468.8,0.6305
CAMP08674,2025-12-03,2025-12-23,Search,55068,2813,603,134,3806.64,13043.87,2.4266
CAMP08675,2025-08-27,2025-09-12,Search,63450,3466,780,165,5516.86,15112.34,1.7393
CAMP08676,2025-07-22,2025-08-12,Search,72326,3263,620,143,5336.66,13019.38,1.4396
CAMP08677,2025-01-23,2025-02-08,Search,35296,1641,318,63,2137.77,5101.18,1.3862
CAMP08678,2025-05-20,2025-06-14,Social,53761,1586,285,49,1325.36,3509.73,1.6481
CAMP08679,2025-12-31,2026-01-12,Search,76467,4467,996,260,5806.48,17471.32,2.0089
CAMP08680,2025-10-27,2025-11-06,Social,45190,1083,164,24,902.84,1710.48,0.8946
CAMP08681,2025-02-07,2025-02-25,Search,51013,2617,556,127,3908.78,11869.59,2.0366
CAMP08682,2025-10-16,2025-11-04,Email,47527,5946,1952,486,4885.33,32686.84,5.6908
CAMP08683,2025-11-16,2025-11-22,Email,93158,7521,2004,416,6511.48,25945.7,2.9846
CAMP08684,2025-11-18,2025-11-29,Influencer,71576,3643,803,217,3983.4,16610.85,3.17
CAMP08685,2025-09-03,2025-09-12,Search,73536,3982,908,207,5260.57,11525.31,1.1909
CAMP08686,2025-11-20,2025-12-16,Influencer,38886,1409,247,63,1536.41,6273.52,3.0832
CAMP08687,2025-10-21,2025-11-03,Display,40389,474,46,5,352.45,273.69,-0.2235
CAMP08688,2025-01-07,2025-02-03,Email,61370,4216,1062,213,3897.11,15695.62,3.0275
CAMP08689,2025-03-28,2025-04-19,Social,23919,613,99,16,558.88,1280.7,1.2915
CAMP08690,2025-02-05,2025-02-13,Search,53066,2634,560,127,2981.9,9512.54,2.1901
CAMP08691,2025-03-29,2025-04-16,Search,58248,2851,565,138,3740.52,10633.08,1.8427
CAMP08692,2025-07-12,2025-07-31,Search,63897,3175,667,163,4381.53,13158.65,2.0032
CAMP08693,2025-07-31,2025-08-26,Search,14403,717,139,34,944.23,3551.06,2.7608
CAMP08694,2025-08-30,2025-09-08,Email,86111,5574,1319,262,4056.57,20178.66,3.9743
CAMP08695,2025-11-18,2025-12-05,Display,49910,598,56,13,340.23,968.27,1.8459
CAMP08696,2025-05-24,2025-06-11,Search,62608,4237,1065,279,6945.86,26204.25,2.7726
CAMP08697,2025-02-24,2025-03-17,Display,37411,547,58,8,352.22,437.87,0.2432
CAMP08698,2025-03-05,2025-03-25,Search,131616,8953,2187,576,14327.41,44522.83,2.1075
CAMP08699,2025-01-04,2025-01-28,Social,58359,1326,199,38,978.67,2813.68,1.875
CAMP08700,2025-10-26,2025-11-15,Social,13271,391,63,14,378.28,1067.14,1.821
CAMP08701,2025-02-02,2025-02-21,Social,81008,2902,557,129,2813.42,10180.4,2.6185
CAMP08702,2025-01-07,2025-01-20,Email,68504,5072,1264,245,3587.41,17813.84,3.9657
CAMP08703,2025-06-03,2025-06-18,Social,67129,2218,394,83,2183.71,6420.15,1.94
CAMP08704,2025-07-01,2025-07-15,Search,73653,4297,965,238,6859.87,28633.42,3.174
CAMP08705,2025-07-27,2025-08-22,Social,98179,1950,261,52,1317.56,4881.65,2.7051
CAMP08706,2025-04-18,2025-04-24,Social,52400,1411,260,51,902.56,5025.1,4.5676
CAMP08707,2025-02-22,2025-03-06,Email,90389,6372,1576,333,5575.86,27706.82,3.9691
CAMP08708,2025-06-05,2025-06-13,Social,26181,619,98,15,583.91,698.72,0.1966
CAMP08709,2025-10-20,2025-11-08,Influencer,49586,1710,282,66,1810.36,5974.89,2.3004
CAMP08710,2025-09-16,2025-10-07,Email,42261,2560,597,109,2447.74,5273.52,1.1544
CAMP08711,2025-02-27,2025-03-08,Email,85756,5838,1419,276,4841.61,18094.74,2.7373
CAMP08712,2025-02-23,2025-03-10,Email,13517,919,231,41,683.05,3128.64,3.5804
CAMP08713,2025-07-14,2025-08-09,Search,25586,1934,496,129,2285.59,8311.3,2.6364
CAMP08714,2025-02-27,2025-03-22,Search,111191,4323,827,167,7126.63,10934.37,0.5343
CAMP08715,2025-05-10,2025-06-06,Search,59703,2903,609,140,3577.28,13728.79,2.8378
CAMP08716,2025-11-13,2025-11-23,Social,25545,724,111,8,611.86,578.72,-0.0542
CAMP08717,2025-08-12,2025-09-07,Search,67768,4363,1091,278,5318.1,25306.12,3.7585
CAMP08718,2025-06-29,2025-07-25,Email,54696,4813,1350,279,3363.26,14407.58,3.2838
CAMP08719,2025-09-08,2025-09-27,Display,146420,1848,202,33,891.91,2311.39,1.5915
CAMP08720,2025-06-20,2025-07-16,Email,61711,4317,1120,226,4041.12,12928.87,2.1993
CAMP08721,2025-12-25,2026-01-19,Display,75383,678,61,8,462.52,553.07,0.1958
CAMP08722,2025-04-15,2025-05-06,Email,70390,4154,1016,199,3468.71,11659.66,2.3614
CAMP08723,2025-03-18,2025-04-02,Email,48740,4469,1281,298,2970.16,24013.32,7.0849
CAMP08724,2025-11-15,2025-11-29,Search,17741,1039,236,61,1436.13,4687.63,2.2641
CAMP08725,2025-01-21,2025-02-14,Display,21252,310,39,4,201.81,252.88,0.2531
CAMP08726,2025-09-18,2025-09-25,Email,115728,8939,2288,461,8262.38,27420.17,2.3187
CAMP08727,2025-01-23,2025-02-05,Social,43833,1357,222,48,1015.89,3048.66,2.001
CAMP08728,2025-03-12,2025-03-20,Search,74941,4206,942,228,6494.09,19547.2,2.01
CAMP08729,2025-12-05,2025-12-24,Search,43040,2013,398,82,3360.33,8139.58,1.4223
CAMP08730,2025-01-30,2025-02-05,Influencer,61645,2283,455,109,2365.94,10067.18,3.255
CAMP08731,2025-07-11,2025-07-23,Influencer,36052,1179,197,37,1431.3,3021.96,1.1113
CAMP08732,2025-11-28,2025-12-13,Email,111650,6561,1446,268,4806.65,16524.19,2.4378
CAMP08733,2025-07-28,2025-08-13,Influencer,65696,2591,550,133,2935.78,10259.04,2.4945
CAMP08734,2025-08-02,2025-08-29,Social,73595,1515,238,37,1022.11,2604.59,1.5482
CAMP08735,2025-02-21,2025-03-14,Influencer,24800,753,131,16,852.91,1303.03,0.5277
CAMP08736,2025-03-08,2025-03-14,Display,151792,1916,191,32,1104.65,1688.95,0.5289
CAMP08737,2025-07-07,2025-07-26,Influencer,39202,1602,302,70,2016.25,6081.27,2.0161
CAMP08738,2025-08-17,2025-09-11,Social,52616,1583,260,48,1331.33,3956.87,1.9721
CAMP08739,2025-09-10,2025-09-20,Influencer,76986,2253,376,79,2566.61,7601.25,1.9616
CAMP08740,2025-10-13,2025-10-30,Email,45563,3507,928,214,3232.39,17649.26,4.4601
CAMP08741,2025-09-13,2025-09-20,Display,49144,618,52,7,395.25,502.5,0.2713
CAMP08742,2025-07-09,2025-07-30,Social,44891,1173,203,28,828.58,1734.53,1.0934
CAMP08743,2025-04-01,2025-04-17,Display,97141,1099,112,10,762.88,684.42,-0.1028
CAMP08744,2025-05-30,2025-06-07,Social,26029,510,73,9,440.0,524.21,0.1914
CAMP08745,2025-01-01,2025-01-24,Search,41138,3280,913,280,4055.25,21574.64,4.3202
CAMP08746,2025-05-19,2025-05-30,Display,28616,299,32,1,151.95,64.45,-0.5758
CAMP08747,2025-10-03,2025-10-17,Email,60162,6541,1968,476,5172.04,29630.2,4.7289
CAMP08748,2025-01-12,2025-01-24,Search,75454,3088,571,133,5422.63,10491.45,0.9348
CAMP08749,2025-11-21,2025-11-28,Influencer,73454,2227,361,66,2359.79,7110.67,2.0133
CAMP08750,2025-04-09,2025-05-03,Influencer,93230,4951,1067,272,5544.14,19205.04,2.464
CAMP08751,2025-08-19,2025-09-11,Search,72056,3394,671,148,5079.35,13987.83,1.7539
CAMP08752,2025-06-29,2025-07-21,Search,62455,3863,885,218,4239.85,17921.59,3.2269
CAMP08753,2025-02-12,2025-03-05,Search,28676,1507,309,78,2567.62,5168.65,1.013
CAMP08754,2025-02-10,2025-02-24,Social,115764,2972,464,85,2305.03,6067.36,1.6322
CAMP08755,2025-06-19,2025-07-04,Email,62023,4275,1021,192,3094.69,11918.64,2.8513
CAMP08756,2025-12-02,2025-12-13,Email,57398,3814,929,181,3437.9,9518.58,1.7687
CAMP08757,2025-08-12,2025-08-19,Search,58127,2751,563,143,3606.63,12129.65,2.3632
CAMP08758,2025-03-07,2025-03-13,Email,112511,7020,1638,300,5936.03,17761.89,1.9922
CAMP08759,2025-04-20,2025-05-17,Influencer,51950,1948,348,74,2233.63,7249.48,2.2456
CAMP08760,2025-05-08,2025-05-19,Email,52155,3761,962,180,3489.56,11663.62,2.3424
CAMP08761,2025-02-10,2025-03-04,Display,21768,262,22,4,148.43,256.39,0.7273
CAMP08762,2025-11-21,2025-11-27,Social,32340,866,142,33,809.22,2550.22,2.1515
CAMP08763,2025-03-03,2025-03-26,Influencer,22645,740,119,24,813.1,1773.31,1.1809
CAMP08764,2025-10-30,2025-11-22,Search,38616,2015,470,110,2509.94,7853.13,2.1288
CAMP08765,2025-09-20,2025-10-01,Search,62723,3072,662,147,4370.57,11705.46,1.6782
CAMP08766,2025-08-14,2025-08-28,Display,30767,459,44,9,272.68,549.23,1.0142
CAMP08767,2025-06-23,2025-07-14,Search,33974,2018,428,99,3906.67,6943.74,0.7774
CAMP08768,2025-09-23,2025-10-17,Search,60118,2630,506,114,3677.22,11567.57,2.1457
CAMP08769,2025-09-02,2025-09-15,Email,81194,5878,1504,291,3966.39,19027.08,3.7971
CAMP08770,2025-11-30,2025-12-27,Social,22771,699,131,24,478.54,1421.67,1.9708
CAMP08771,2025-01-03,2025-01-22,Search,207383,10789,2322,530,12619.68,48505.47,2.8436
CAMP08772,2025-05-23,2025-06-11,Social,39828,951,153,26,797.52,1988.87,1.4938
CAMP08773,2025-10-08,2025-10-19,Display,64170,613,52,6,329.73,515.35,0.5629
CAMP08774,2025-08-27,2025-09-06,Search,53902,3362,792,205,3670.74,16701.9,3.55
CAMP08775,2025-12-08,2025-12-29,Display,84147,1066,120,17,679.82,942.55,0.3865
CAMP08776,2025-03-04,2025-03-16,Display,58424,906,98,18,563.67,1410.22,1.5019
CAMP08777,2025-11-27,2025-12-24,Social,24100,566,80,9,409.65,554.74,0.3542
CAMP08778,2025-02-26,2025-03-05,Social,114025,2594,390,65,2358.39,3357.65,0.4237
CAMP08779,2025-05-17,2025-05-31,Search,28787,1137,215,53,1687.11,3014.68,0.7869
CAMP08780,2025-08-25,2025-09-13,Influencer,93245,2700,466,87,3488.74,7169.11,1.0549
CAMP08781,2025-11-22,2025-12-16,Influencer,51803,2319,483,129,2424.56,11705.67,3.828
CAMP08782,2025-11-14,2025-11-25,Email,68785,6800,2036,492,5631.63,37803.39,5.7127
CAMP08783,2025-10-15,2025-10-24,Social,34152,730,123,27,656.12,1749.53,1.6665
CAMP08784,2025-10-03,2025-10-19,Display,75091,850,98,14,504.78,1201.14,1.3795
CAMP08785,2025-01-20,2025-02-02,Display,73879,1017,122,19,686.88,1320.09,0.9219
CAMP08786,2025-04-27,2025-05-17,Social,69741,1735,266,41,1363.69,3352.09,1.4581
CAMP08787,2025-10-18,2025-10-24,Search,62584,2825,556,127,3829.53,11121.61,1.9042
CAMP08788,2025-08-10,2025-08-29,Search,47635,3871,996,289,4802.65,25378.06,4.2842
CAMP08789,2025-01-21,2025-01-29,Influencer,76609,3061,581,139,2954.99,14275.91,3.8311
CAMP08790,2025-05-30,2025-06-11,Search,85995,5613,1373,383,8383.32,32202.22,2.8412
CAMP08791,2025-07-10,2025-08-01,Search,58591,3815,913,241,5690.49,23469.35,3.1243
CAMP08792,2025-04-14,2025-05-10,Email,21043,2071,629,141,1687.26,10951.73,5.4908
CAMP08793,2025-05-09,2025-05-15,Email,22982,1394,359,55,985.68,2852.81,1.8943
CAMP08794,2025-08-28,2025-09-19,Display,45181,639,66,7,473.83,496.75,0.0484
CAMP08795,2025-11-26,2025-12-04,Search,36742,2433,559,155,2371.14,12966.8,4.4686
CAMP08796,2025-09-14,2025-09-20,Display,17268,198,23,6,114.41,502.45,3.3917
CAMP08797,2025-10-23,2025-10-30,Display,55244,672,72,7,401.91,429.84,0.0695
CAMP08798,2025-12-01,2025-12-18,Search,36508,2311,559,128,3243.55,10439.99,2.2187
CAMP08799,2025-05-19,2025-06-08,Social,42788,960,146,25,992.21,1756.2,0.77
CAMP08800,2025-12-28,2026-01-18,Influencer,171331,6086,1070,233,7085.02,16485.09,1.3268
CAMP08801,2025-02-04,2025-02-14,Email,155624,7875,1674,268,6802.53,20715.81,2.0453
CAMP08802,2025-05-04,2025-05-27,Email,103582,9128,2553,553,7017.86,29151.34,3.1539
CAMP08803,2025-11-22,2025-12-09,Social,47455,1037,156,25,975.2,1492.99,0.531
CAMP08804,2025-04-14,2025-05-09,Display,78787,860,76,13,552.41,753.8,0.3646
CAMP08805,2025-11-09,2025-11-22,Search,47752,2677,616,173,3889.82,12060.52,2.1005
CAMP08806,2025-11-16,2025-12-13,Social,45023,893,139,21,773.4,1604.99,1.0752
CAMP08807,2025-01-29,2025-02-13,Display,86105,990,102,10,616.49,802.77,0.3022
CAMP08808,2025-12-15,2025-12-23,Social,54946,1686,285,68,1303.12,4952.46,2.8005
CAMP08809,2025-06-04,2025-06-13,Search,94514,5699,1305,323,8144.34,23135.63,1.8407
CAMP08810,2025-06-18,2025-07-09,Search,53732,3448,805,215,5617.22,16974.51,2.0219
CAMP08811,2025-11-29,2025-12-08,Social,59543,1939,346,68,1261.48,5917.59,3.691
CAMP08812,2025-08-26,2025-09-18,Social,97972,2015,305,43,1646.24,3453.63,1.0979
CAMP08813,2025-10-24,2025-11-05,Search,37930,2344,555,149,3483.91,11714.91,2.3626
CAMP08814,2025-10-27,2025-11-02,Social,42566,1181,208,35,903.98,2211.93,1.4469
CAMP08815,2025-06-01,2025-06-16,Email,52365,5141,1463,355,4955.03,26559.7,4.3601
CAMP08816,2025-04-28,2025-05-16,Search,101050,3639,653,126,4909.27,7885.53,0.6063
CAMP08817,2025-06-11,2025-06-21,Search,88382,5041,1149,277,7633.05,21199.89,1.7774
CAMP08818,2025-09-10,2025-10-05,Social,49014,1127,167,26,1074.64,2024.02,0.8834
CAMP08819,2025-09-27,2025-10-19,Search,108248,5352,1133,261,8165.43,26418.75,2.2354
CAMP08820,2025-10-14,2025-11-01,Display,63158,759,81,8,487.11,431.53,-0.1141
CAMP08821,2025-06-28,2025-07-19,Search,49897,3003,670,179,4975.46,13816.03,1.7768
CAMP08822,2025-08-29,2025-09-15,Search,71756,4356,1019,243,7535.25,23804.64,2.1591
CAMP08823,2025-10-17,2025-11-03,Influencer,81810,2457,400,77,2302.32,5128.85,1.2277
CAMP08824,2025-06-09,2025-06-18,Social,86203,2705,477,96,2327.02,6888.8,1.9604
CAMP08825,2025-08-21,2025-09-17,Social,49354,2096,432,92,1857.7,7423.3,2.996
CAMP08826,2025-10-29,2025-11-04,Social,36331,967,160,36,790.64,2090.01,1.6434
CAMP08827,2025-08-09,2025-09-05,Email,144386,12760,3531,779,13463.97,43087.03,2.2002
CAMP08828,2025-04-10,2025-05-07,Email,63120,3784,857,155,3507.74,6610.97,0.8847
CAMP08829,2025-02-18,2025-03-06,Display,41467,477,41,4,340.42,226.74,-0.3339
CAMP08830,2025-01-29,2025-02-11,Email,86424,6247,1614,323,4981.54,24781.02,3.9746
CAMP08831,2025-01-15,2025-01-29,Social,65038,2349,461,105,1862.41,5934.48,2.1865
CAMP08832,2025-07-30,2025-08-15,Social,76923,1834,259,47,1397.3,4223.51,2.0226
CAMP08833,2025-11-15,2025-11-25,Email,78099,5396,1395,286,4432.62,21095.64,3.7592
CAMP08834,2025-10-15,2025-11-11,Social,61967,1309,221,34,1118.81,2533.57,1.2645
CAMP08835,2025-04-13,2025-05-10,Email,14277,806,213,33,622.66,1628.92,1.6161
CAMP08836,2025-11-01,2025-11-28,Search,45532,2485,590,142,3152.52,12930.01,3.1015
CAMP08837,2025-05-17,2025-06-12,Search,76296,5522,1334,357,8730.48,30785.38,2.5262
CAMP08838,2025-10-25,2025-11-14,Influencer,32118,1308,235,55,1469.41,4457.71,2.0337
CAMP08839,2025-08-29,2025-09-23,Email,58020,4189,1066,218,3674.29,15786.42,3.2965
CAMP08840,2025-05-06,2025-05-14,Social,131886,3130,489,84,2331.3,6957.8,1.9845
CAMP08841,2025-07-20,2025-07-30,Display,87835,1255,145,19,772.34,1712.9,1.2178
CAMP08842,2025-01-20,2025-02-01,Display,45457,433,25,5,305.15,326.33,0.0694
CAMP08843,2025-06-25,2025-07-03,Display,65271,762,77,12,525.25,726.58,0.3833
CAMP08844,2025-08-25,2025-09-01,Email,58427,4182,1078,212,3776.28,13161.69,2.4854
CAMP08845,2025-10-11,2025-10-31,Social,50697,1733,356,70,1458.8,5015.84,2.4383
CAMP08846,2025-05-09,2025-05-17,Display,64416,693,61,8,478.19,510.23,0.067
CAMP08847,2025-05-25,2025-06-19,Social,33003,1009,159,30,1003.53,1943.09,0.9363
CAMP08848,2025-01-29,2025-02-23,Email,29491,2285,597,128,1468.58,8523.25,4.8037
CAMP08849,2025-02-25,2025-03-14,Social,42936,763,113,13,574.98,741.59,0.2898
CAMP08850,2025-06-05,2025-06-15,Search,54595,2914,610,138,3686.25,12524.17,2.3975
CAMP08851,2025-02-15,2025-03-08,Social,87507,2263,366,75,1753.69,6108.56,2.4833
CAMP08852,2025-04-29,2025-05-06,Social,58077,1103,158,23,934.88,2515.82,1.6911
CAMP08853,2025-07-26,2025-08-05,Social,67656,1656,277,57,1624.45,3847.69,1.3686
CAMP08854,2025-02-27,2025-03-13,Display,27315,386,30,4,201.68,228.25,0.1317
CAMP08855,2025-09-08,2025-09-30,Email,83244,4192,956,152,2985.07,10609.77,2.5543
CAMP08856,2025-04-02,2025-04-08,Social,36860,1029,179,41,835.84,2404.99,1.8773
CAMP08857,2025-08-14,2025-08-30,Email,38407,2260,468,93,1762.98,5901.71,2.3476
CAMP08858,2025-10-07,2025-10-14,Influencer,53924,2682,592,154,3121.03,15665.24,4.0193
CAMP08859,2025-10-25,2025-11-21,Search,106757,4208,789,174,5122.54,10125.62,0.9767
CAMP08860,2025-12-31,2026-01-22,Email,56232,4277,1143,220,3373.8,10578.12,2.1354
CAMP08861,2025-02-13,2025-03-01,Social,65118,1636,243,41,1387.63,2426.31,0.7485
CAMP08862,2025-08-27,2025-09-08,Display,72650,773,80,15,420.45,843.46,1.0061
CAMP08863,2025-12-18,2025-12-29,Display,67897,853,98,17,483.45,1183.86,1.4488
CAMP08864,2025-01-18,2025-02-08,Search,54556,2050,375,54,2661.66,4746.31,0.7832
CAMP08865,2025-04-22,2025-05-13,Social,74878,2294,399,76,1805.41,4561.58,1.5266
CAMP08866,2025-02-26,2025-03-12,Search,31931,1650,348,88,2438.29,7730.41,2.1704
CAMP08867,2025-05-04,2025-05-15,Social,55446,1127,178,35,1144.4,3134.26,1.7388
CAMP08868,2025-11-20,2025-12-03,Email,23289,1577,421,77,1179.4,4520.44,2.8328
CAMP08869,2025-07-08,2025-07-23,Display,68049,676,66,4,460.85,306.91,-0.334
CAMP08870,2025-12-27,2026-01-07,Search,30245,1444,299,77,2110.24,6457.32,2.06
CAMP08871,2025-03-04,2025-03-24,Email,21861,1366,337,65,950.61,3856.86,3.0572
CAMP08872,2025-03-13,2025-03-31,Display,36783,324,34,2,220.73,157.29,-0.2874
CAMP08873,2025-03-11,2025-03-21,Search,44994,2668,592,152,2915.87,14259.29,3.8902
CAMP08874,2025-12-09,2025-12-27,Display,47825,820,82,18,529.07,991.2,0.8735
CAMP08875,2025-11-02,2025-11-21,Search,38123,2098,450,98,2965.44,7676.71,1.5887
CAMP08876,2025-02-12,2025-02-28,Influencer,92090,2271,309,58,2116.14,4068.47,0.9226
CAMP08877,2025-10-20,2025-11-16,Display,19403,260,25,2,159.7,116.05,-0.2733
CAMP08878,2025-12-09,2025-12-30,Display,103841,1272,109,17,781.14,916.44,0.1732
CAMP08879,2025-12-29,2026-01-18,Search,60533,3647,790,184,3989.97,17185.98,3.3073
CAMP08880,2025-09-08,2025-09-20,Email,78922,8648,2704,688,6559.74,42259.56,5.4423
CAMP08881,2025-06-22,2025-06-29,Social,72115,1831,293,50,1478.32,3416.19,1.3109
CAMP08882,2025-08-30,2025-09-11,Search,16107,946,216,56,1225.97,4224.86,2.4461
CAMP08883,2025-01-02,2025-01-13,Influencer,91891,3646,678,148,3465.96,14637.41,3.2232
CAMP08884,2025-04-18,2025-05-08,Influencer,54330,2606,553,160,2649.99,14889.8,4.6188
CAMP08885,2025-08-31,2025-09-22,Search,108449,5488,1159,246,7161.75,17282.76,1.4132
CAMP08886,2025-11-23,2025-11-29,Social,78494,2037,339,61,1514.31,4614.93,2.0475
CAMP08887,2025-09-21,2025-10-09,Influencer,44420,1967,395,94,1938.03,7777.06,3.0129
CAMP08888,2025-02-01,2025-02-11,Search,83623,3798,792,161,4436.26,13895.56,2.1323
CAMP08889,2025-02-26,2025-03-04,Email,24962,1249,257,32,1040.1,2550.43,1.4521
CAMP08890,2025-09-02,2025-09-10,Social,105324,3406,599,134,2361.3,8422.98,2.5671
CAMP08891,2025-05-25,2025-06-08,Social,53306,1721,285,56,1232.27,3878.97,2.1478
CAMP08892,2025-02-14,2025-02-20,Display,32943,389,44,8,211.9,554.62,1.6174
CAMP08893,2025-03-26,2025-04-16,Email,30331,2130,521,98,1477.63,7088.47,3.7972
CAMP08894,2025-01-23,2025-02-18,Search,47658,2284,463,94,3067.92,9597.96,2.1285
CAMP08895,2025-12-15,2025-12-30,Influencer,76893,2423,405,81,3113.77,6643.72,1.1337
CAMP08896,2025-02-17,2025-02-25,Search,85370,3827,698,139,4614.2,9543.15,1.0682
CAMP08897,2025-11-15,2025-11-22,Social,68981,1781,305,55,1469.88,3437.87,1.3389
CAMP08898,2025-01-15,2025-02-11,Social,93058,3471,663,166,2873.07,9371.24,2.2618
CAMP08899,2025-10-15,2025-10-22,Social,35012,603,71,12,482.74,795.3,0.6475
CAMP08900,2025-12-09,2025-12-26,Influencer,37278,1237,221,57,1177.85,4276.5,2.6308
CAMP08901,2025-02-09,2025-02-20,Social,42446,1166,196,27,1067.54,2086.49,0.9545
CAMP08902,2025-02-03,2025-02-15,Display,46865,561,49,9,365.0,689.35,0.8886
CAMP08903,2025-08-15,2025-09-05,Social,51598,1592,266,45,1123.49,3000.98,1.6711
CAMP08904,2025-01-20,2025-01-27,Search,61232,3542,816,220,4829.96,14430.57,1.9877
CAMP08905,2025-11-16,2025-11-24,Search,115377,5581,1182,280,8819.6,23045.57,1.613
CAMP08906,2025-01-27,2025-02-17,Influencer,52379,1469,229,43,1565.72,3192.45,1.039
CAMP08907,2025-11-05,2025-11-22,Social,36853,695,110,18,590.76,1321.86,1.2376
CAMP08908,2025-08-28,2025-09-12,Search,65068,4106,972,262,6574.92,24490.15,2.7248
CAMP08909,2025-07-02,2025-07-12,Email,70074,5262,1345,254,4025.77,14925.83,2.7076
CAMP08910,2025-02-01,2025-02-25,Display,54581,696,81,13,417.23,804.41,0.928
CAMP08911,2025-10-30,2025-11-13,Social,69333,1527,221,33,1117.77,2442.37,1.185
CAMP08912,2025-08-29,2025-09-09,Search,18303,809,138,40,870.49,2564.72,1.9463
CAMP08913,2025-01-24,2025-02-15,Display,66661,827,89,12,429.82,916.53,1.1324
CAMP08914,2025-07-03,2025-07-22,Search,49502,2206,415,72,2475.84,4877.65,0.9701
CAMP08915,2025-03-23,2025-03-29,Email,50345,3372,857,156,3138.58,10148.31,2.2334
CAMP08916,2025-04-13,2025-04-29,Search,53116,3177,753,200,4676.17,17237.16,2.6862
CAMP08917,2025-07-07,2025-07-15,Email,41605,4871,1522,369,4085.5,24212.99,4.9266
CAMP08918,2025-08-20,2025-09-03,Display,65214,756,74,12,612.13,574.01,-0.0623
CAMP08919,2025-05-11,2025-05-28,Display,42194,439,32,3,319.21,176.06,-0.4485
CAMP08920,2025-02-18,2025-02-26,Display,48856,922,124,22,561.8,1282.2,1.2823
CAMP08921,2025-05-12,2025-06-05,Search,103391,4154,783,162,5381.11,14707.93,1.7333
CAMP08922,2025-08-08,2025-08-30,Email,70717,4096,910,174,2823.02,9444.66,2.3456
CAMP08923,2025-01-23,2025-02-14,Search,132427,9629,2480,670,15694.13,61467.03,2.9166
CAMP08924,2025-09-23,2025-10-19,Search,77047,5172,1291,383,7925.27,41011.01,4.1747
CAMP08925,2025-10-18,2025-10-28,Email,63536,3143,669,97,2035.92,6878.21,2.3784
CAMP08926,2025-09-04,2025-09-10,Search,21610,1072,217,46,1186.85,3642.45,2.069
CAMP08927,2025-09-05,2025-09-17,Search,80006,4632,995,228,6374.46,22272.29,2.494
CAMP08928,2025-01-27,2025-02-16,Social,118195,2097,261,33,1729.99,2418.56,0.398
CAMP08929,2025-08-02,2025-08-24,Email,48244,3126,762,151,2339.02,8945.12,2.8243
CAMP08930,2025-01-16,2025-02-09,Social,46983,1206,211,36,921.74,2565.87,1.7837
CAMP08931,2025-07-25,2025-08-20,Email,26729,1605,390,75,1079.59,4922.72,3.5598
CAMP08932,2025-01-26,2025-02-13,Email,46904,2800,643,116,2033.8,7271.42,2.5753
CAMP08933,2025-09-12,2025-09-20,Social,53118,973,119,22,943.22,1576.23,0.6711
CAMP08934,2025-11-19,2025-12-01,Influencer,98807,3423,623,135,3427.49,10154.52,1.9627
CAMP08935,2025-03-25,2025-04-01,Social,38230,1150,201,38,908.79,2655.03,1.9215
CAMP08936,2025-04-13,2025-05-02,Influencer,55819,1601,282,51,1954.38,5637.39,1.8845
CAMP08937,2025-07-25,2025-08-17,Display,52719,786,91,15,550.52,871.26,0.5826
CAMP08938,2025-12-17,2026-01-01,Social,23577,684,114,18,620.92,1202.92,0.9373
CAMP08939,2025-10-01,2025-10-22,Email,101317,7307,1854,362,7040.68,21843.62,2.1025
CAMP08940,2025-07-28,2025-08-12,Email,59375,2865,602,88,2592.36,5747.18,1.217
CAMP08941,2025-03-07,2025-03-20,Email,62470,5496,1527,350,4244.6,18637.91,3.391
CAMP08942,2025-10-10,2025-11-02,Search,76097,3654,739,149,4738.32,12789.35,1.6991
CAMP08943,2025-11-27,2025-12-21,Social,137221,3241,538,102,2566.67,9910.72,2.8613
CAMP08944,2025-02-01,2025-02-26,Search,51944,3207,763,191,3674.72,15369.32,3.1824
CAMP08945,2025-02-23,2025-03-14,Email,19362,1155,285,60,817.72,4153.67,4.0796
CAMP08946,2025-07-04,2025-07-11,Search,39795,2152,473,123,3490.0,9179.14,1.6301
CAMP08947,2025-07-16,2025-08-06,Search,99081,6955,1735,459,12339.72,43434.74,2.5199
CAMP08948,2025-10-15,2025-10-31,Search,48704,3014,780,198,3803.92,15082.36,2.965
CAMP08949,2025-10-17,2025-11-03,Display,45317,572,58,14,333.87,1130.34,2.3856
CAMP08950,2025-03-10,2025-03-26,Search,107695,6232,1445,359,8527.49,28381.14,2.3282
CAMP08951,2025-04-07,2025-05-03,Display,46894,641,69,12,403.02,740.77,0.838
CAMP08952,2025-06-05,2025-06-15,Influencer,73570,2779,516,118,2797.29,10620.31,2.7966
CAMP08953,2025-10-18,2025-10-24,Email,22815,1575,392,76,1232.01,4961.8,3.0274
CAMP08954,2025-10-29,2025-11-13,Email,36831,2549,628,119,2043.59,6378.6,2.1213
CAMP08955,2025-11-04,2025-11-24,Social,44155,1223,226,36,874.76,2894.39,2.3088
CAMP08956,2025-05-16,2025-05-25,Search,20579,967,189,48,1200.53,3215.6,1.6785
CAMP08957,2025-09-28,2025-10-25,Social,93406,2118,346,68,1685.65,6170.75,2.6608
CAMP08958,2025-10-07,2025-10-31,Influencer,92411,3086,528,118,3370.88,9285.38,1.7546
CAMP08959,2025-12-24,2026-01-11,Email,82974,4254,909,167,3850.29,10257.49,1.6641
CAMP08960,2025-03-03,2025-03-23,Influencer,102299,3370,582,119,3359.23,9967.63,1.9672
CAMP08961,2025-05-18,2025-05-31,Email,22932,1560,358,65,1443.38,3523.2,1.4409
CAMP08962,2025-09-28,2025-10-09,Influencer,72170,3254,697,152,3592.5,11537.42,2.2115
CAMP08963,2025-06-20,2025-07-13,Display,54645,590,46,2,391.73,125.84,-0.6788
CAMP08964,2025-04-01,2025-04-24,Influencer,63201,2150,374,79,2259.21,6848.59,2.0314
CAMP08965,2025-01-17,2025-01-28,Search,29693,1682,400,91,2073.03,7467.08,2.602
CAMP08966,2025-01-08,2025-01-25,Email,69670,5069,1320,283,4447.72,16315.05,2.6682
CAMP08967,2025-04-22,2025-05-02,Social,77724,1784,264,44,1251.83,3430.94,1.7407
CAMP08968,2025-09-15,2025-09-21,Influencer,94019,5442,1262,367,4037.31,29218.07,6.237
CAMP08969,2025-12-01,2025-12-26,Display,69108,683,66,10,524.76,482.55,-0.0804
CAMP08970,2025-04-17,2025-05-04,Social,132568,3591,615,110,2935.74,5644.05,0.9225
CAMP08971,2025-10-30,2025-11-12,Influencer,22778,892,185,49,893.02,3679.99,3.1208
CAMP08972,2025-10-08,2025-11-02,Display,44841,564,65,15,316.66,1111.26,2.5093
CAMP08973,2025-06-16,2025-07-13,Search,86295,4116,825,184,5960.6,13871.92,1.3273
CAMP08974,2025-07-22,2025-08-04,Display,70281,871,94,11,555.92,807.94,0.4533
CAMP08975,2025-01-28,2025-02-04,Search,40398,2108,454,102,3329.05,10656.85,2.2012
CAMP08976,2025-09-07,2025-09-18,Email,21522,1045,229,42,892.06,2622.11,1.9394
CAMP08977,2025-02-12,2025-02-24,Social,53933,1444,249,61,1543.3,3955.49,1.563
CAMP08978,2025-04-23,2025-05-16,Display,56684,918,111,25,560.53,1571.56,1.8037
CAMP08979,2025-08-21,2025-09-02,Display,24378,235,22,1,148.16,74.12,-0.4997
CAMP08980,2025-06-14,2025-07-03,Display,64998,1005,102,19,577.61,1034.35,0.7907
CAMP08981,2025-06-13,2025-07-01,Influencer,42863,960,154,31,940.77,2551.56,1.7122
CAMP08982,2025-08-29,2025-09-07,Social,91270,2256,368,73,1810.41,5630.13,2.1099
CAMP08983,2025-02-09,2025-03-02,Social,107381,2308,340,48,1428.38,2676.0,0.8735
CAMP08984,2025-09-04,2025-09-18,Influencer,35266,1179,201,44,1274.7,3516.25,1.7585
CAMP08985,2025-04-07,2025-04-14,Email,33928,2481,636,125,1898.75,6564.85,2.4575
CAMP08986,2025-09-07,2025-10-01,Search,20871,1493,358,117,2173.06,9684.37,3.4566
CAMP08987,2025-05-21,2025-06-03,Search,28668,1805,433,119,2665.85,9841.92,2.6919
CAMP08988,2025-02-25,2025-03-18,Social,84062,1996,289,57,1611.12,4126.46,1.5612
CAMP08989,2025-02-17,2025-03-08,Search,37037,1658,330,86,2171.4,5774.42,1.6593
CAMP08990,2025-07-07,2025-07-29,Display,35623,395,39,1,280.28,74.33,-0.7348
CAMP08991,2025-09-02,2025-09-26,Email,53328,3303,793,143,2388.68,9437.59,2.951
CAMP08992,2025-03-04,2025-03-31,Influencer,25648,927,171,35,992.12,2429.12,1.4484
CAMP08993,2025-07-15,2025-08-08,Email,33994,2353,552,107,1769.4,7556.25,3.2705
CAMP08994,2025-04-15,2025-04-24,Search,53991,2933,619,195,4251.67,18440.65,3.3373
CAMP08995,2025-11-14,2025-12-05,Search,80176,4943,1092,280,9241.27,23232.18,1.514
CAMP08996,2025-08-19,2025-09-15,Social,37110,975,149,39,651.87,2968.52,3.5539
CAMP08997,2025-03-17,2025-04-12,Search,56264,2681,534,132,4360.04,9585.82,1.1986
CAMP08998,2025-11-19,2025-12-01,Email,65946,4545,1149,236,3706.47,19807.94,4.3442
CAMP08999,2025-03-13,2025-04-05,Search,62030,2948,584,109,3409.29,11100.61,2.256
CAMP09000,2025-06-01,2025-06-22,Display,92178,1538,194,25,771.5,2133.14,1.7649
CAMP09001,2025-06-06,2025-06-19,Social,129680,3772,662,119,2675.69,7679.38,1.8701
CAMP09002,2025-01-05,2025-02-01,Display,73844,747,64,10,463.2,602.73,0.3012
CAMP09003,2025-07-12,2025-07-26,Influencer,36002,900,136,30,966.66,3357.86,2.4737
CAMP09004,2025-05-12,2025-06-08,Social,35232,768,127,28,555.07,1606.27,1.8938
CAMP09005,2025-04-29,2025-05-17,Display,44515,490,41,3,319.07,206.78,-0.3519
CAMP09006,2025-11-01,2025-11-26,Search,33817,2037,475,117,2671.88,9817.81,2.6745
CAMP09007,2025-08-08,2025-08-26,Social,92834,3668,715,162,3292.51,15169.42,3.6073
CAMP09008,2025-10-13,2025-10-24,Influencer,19819,619,119,22,702.24,1807.4,1.5738
CAMP09009,2025-11-16,2025-12-13,Email,189604,12141,2942,540,10110.61,51404.38,4.0842
CAMP09010,2025-10-04,2025-10-26,Search,114451,5697,1194,291,8047.61,27826.5,2.4577
CAMP09011,2025-04-12,2025-04-18,Social,81203,1891,303,58,1558.05,4557.11,1.9249
CAMP09012,2025-06-14,2025-06-25,Influencer,67363,1814,287,59,1902.73,5642.34,1.9654
CAMP09013,2025-01-10,2025-01-19,Search,23173,1181,254,71,1887.1,5924.15,2.1393
CAMP09014,2025-01-08,2025-01-16,Display,56237,642,69,4,389.48,308.36,-0.2083
CAMP09015,2025-08-26,2025-09-14,Display,38917,497,42,5,319.32,310.26,-0.0284
CAMP09016,2025-06-03,2025-06-24,Display,112295,1984,220,52,1358.07,3443.48,1.5356
CAMP09017,2025-09-06,2025-09-14,Email,43996,3313,839,165,3480.77,11299.66,2.2463
CAMP09018,2025-09-05,2025-09-14,Influencer,46126,1664,314,64,1864.81,4657.34,1.4975
CAMP09019,2025-10-03,2025-10-25,Influencer,48396,1895,350,87,2349.95,7287.03,2.1009
CAMP09020,2025-10-24,2025-11-14,Search,64151,3452,744,189,4689.35,16981.81,2.6214
CAMP09021,2025-02-23,2025-03-08,Social,62602,1586,250,39,1203.59,3237.27,1.6897
CAMP09022,2025-04-17,2025-04-29,Email,78140,4233,933,161,3233.01,10334.66,2.1966
CAMP09023,2025-01-19,2025-02-12,Email,60408,4828,1293,274,3188.79,24601.27,6.7149
CAMP09024,2025-12-16,2026-01-12,Search,83211,5100,1148,328,8214.6,23636.54,1.8774
CAMP09025,2025-10-05,2025-10-27,Search,42971,2339,533,115,3645.21,11704.17,2.2108
CAMP09026,2025-11-29,2025-12-21,Social,76894,1787,264,50,1663.42,3613.12,1.1721
CAMP09027,2025-11-02,2025-11-19,Email,42904,2274,486,102,1660.54,5769.05,2.4742
CAMP09028,2025-04-02,2025-04-25,Social,65491,2008,358,72,1308.9,5236.62,3.0008
CAMP09029,2025-07-09,2025-08-05,Social,94375,2658,423,81,1645.85,4757.04,1.8903
CAMP09030,2025-04-09,2025-04-22,Search,24659,1532,359,94,2406.97,6657.51,1.7659
CAMP09031,2025-08-26,2025-09-22,Search,19685,1155,264,65,1672.65,3880.99,1.3203
CAMP09032,2025-11-04,2025-11-12,Social,45713,1358,215,46,973.78,3805.42,2.9079
CAMP09033,2025-12-25,2026-01-07,Email,83331,6881,1938,434,6212.94,41982.56,5.7573
CAMP09034,2025-05-20,2025-06-12,Search,25638,1071,210,42,1177.95,4741.91,3.0256
CAMP09035,2025-06-25,2025-07-06,Search,38001,1836,379,93,2982.38,5598.18,0.8771
CAMP09036,2025-08-11,2025-09-04,Search,49333,2312,475,120,3237.48,7384.58,1.281
CAMP09037,2025-06-02,2025-06-23,Display,55003,734,73,10,460.11,491.36,0.0679
CAMP09038,2025-08-21,2025-09-12,Search,67365,3360,679,148,3992.83,11180.66,1.8002
CAMP09039,2025-10-23,2025-10-30,Social,67792,1947,341,61,1693.18,2998.77,0.7711
CAMP09040,2025-02-02,2025-02-12,Display,28100,289,32,7,198.61,448.44,1.2579
CAMP09041,2025-03-05,2025-03-17,Display,46669,681,84,13,470.27,810.52,0.7235
CAMP09042,2025-02-21,2025-03-05,Email,68746,5188,1365,306,3509.94,17089.0,3.8687
CAMP09043,2025-01-17,2025-02-03,Influencer,113956,3554,583,129,3661.19,13031.02,2.5592
CAMP09044,2025-09-02,2025-09-28,Display,35775,398,41,7,262.29,425.91,0.6238
CAMP09045,2025-03-11,2025-04-05,Search,112850,8226,2074,573,11094.94,41380.53,2.7297
CAMP09046,2025-09-11,2025-09-18,Influencer,77211,3234,675,175,3754.66,17148.04,3.5671
CAMP09047,2025-01-22,2025-02-01,Influencer,66741,2572,510,136,3084.49,10326.51,2.3479
CAMP09048,2025-07-28,2025-08-23,Display,56565,733,68,13,452.4,781.58,0.7276
CAMP09049,2025-03-18,2025-04-14,Display,40562,506,52,12,361.13,681.02,0.8858
CAMP09050,2025-05-20,2025-06-02,Search,84381,4478,976,230,5491.88,19362.29,2.5256
CAMP09051,2025-05-13,2025-05-24,Social,64674,1542,247,48,1331.4,3147.92,1.3644
CAMP09052,2025-08-27,2025-09-07,Search,35967,2104,466,119,3076.75,8500.65,1.7629
CAMP09053,2025-06-08,2025-06-23,Search,116158,7533,1795,478,11156.98,45352.61,3.065
CAMP09054,2025-05-29,2025-06-18,Social,13019,316,50,11,267.17,914.16,2.4216
CAMP09055,2025-02-10,2025-02-21,Display,62258,800,84,9,497.02,449.5,-0.0956
CAMP09056,2025-02-17,2025-03-16,Email,24768,1641,427,89,1075.46,7209.28,5.7034
CAMP09057,2025-03-24,2025-03-31,Search,59298,2363,421,93,3158.07,7850.88,1.486
CAMP09058,2025-12-09,2025-12-30,Influencer,106026,3041,498,95,3693.82,7643.46,1.0693
CAMP09059,2025-01-15,2025-01-22,Search,52759,2592,545,116,3855.46,9464.51,1.4548
CAMP09060,2025-04-29,2025-05-26,Search,19066,1233,289,56,1560.96,4910.1,2.1456
CAMP09061,2025-12-20,2026-01-02,Search,53206,3231,728,192,4063.69,18190.5,3.4764
CAMP09062,2025-08-25,2025-09-02,Search,123161,6699,1454,349,9701.19,31724.88,2.2702
CAMP09063,2025-12-27,2026-01-02,Social,114771,2869,442,83,2245.81,4903.97,1.1836
CAMP09064,2025-12-20,2026-01-05,Display,43758,629,74,9,372.73,468.49,0.2569
CAMP09065,2025-07-21,2025-08-11,Social,76309,1689,246,44,1365.32,3753.12,1.7489
CAMP09066,2025-11-23,2025-12-10,Display,121216,1412,151,19,823.82,1300.16,0.5782
CAMP09067,2025-03-08,2025-03-26,Social,47687,1157,180,29,1004.01,2169.76,1.1611
CAMP09068,2025-02-12,2025-02-27,Search,125530,5084,975,193,7206.66,15729.14,1.1826
CAMP09069,2025-06-22,2025-07-04,Email,127592,10778,2931,641,8057.59,46004.89,4.7095
CAMP09070,2025-11-15,2025-11-21,Influencer,109871,4810,945,242,5664.1,29952.5,4.2881
CAMP09071,2025-12-23,2026-01-07,Social,137061,3634,582,105,3338.27,8189.65,1.4533
CAMP09072,2025-06-05,2025-06-29,Search,62403,4076,899,215,6217.01,16893.63,1.7173
CAMP09073,2025-07-21,2025-08-04,Search,74591,4956,1234,322,7879.34,28041.67,2.5589
CAMP09074,2025-04-06,2025-04-18,Social,32101,996,151,24,929.19,2021.7,1.1758
CAMP09075,2025-06-27,2025-07-14,Display,61715,781,82,13,567.35,1025.28,0.8071
CAMP09076,2025-12-09,2026-01-02,Social,34107,867,145,34,712.45,2431.25,2.4125
CAMP09077,2025-07-29,2025-08-20,Influencer,122877,3027,460,104,4073.8,10535.92,1.5863
CAMP09078,2025-12-24,2026-01-08,Email,69434,5580,1555,343,4874.18,22895.0,3.6972
CAMP09079,2025-06-19,2025-07-10,Search,35335,1780,383,90,2934.34,8522.87,1.9045
CAMP09080,2025-02-08,2025-03-07,Email,77885,4062,841,142,3401.66,9427.1,1.7713
CAMP09081,2025-04-14,2025-04-22,Social,62293,1376,201,29,1352.68,1654.46,0.2231
CAMP09082,2025-11-03,2025-11-11,Email,27853,2103,574,127,1728.49,8668.87,4.0153
CAMP09083,2025-03-23,2025-04-12,Influencer,69160,2516,466,99,2547.96,5895.78,1.3139
CAMP09084,2025-11-11,2025-11-23,Email,158605,10749,2638,546,9890.32,27282.31,1.7585
CAMP09085,2025-10-26,2025-11-16,Search,59506,3209,702,161,4667.29,15157.76,2.2477
CAMP09086,2025-06-23,2025-07-10,Search,39836,1425,266,54,1846.14,4452.55,1.4118
CAMP09087,2025-11-29,2025-12-21,Display,12663,188,20,1,121.94,49.65,-0.5928
CAMP09088,2025-09-27,2025-10-10,Social,40731,596,65,12,452.13,936.53,1.0714
CAMP09089,2025-09-06,2025-09-28,Social,25108,578,100,17,469.05,1211.17,1.5822
CAMP09090,2025-10-02,2025-10-12,Email,38254,3437,983,216,2633.9,15094.43,4.7308
CAMP09091,2025-05-07,2025-05-21,Social,63164,1562,269,53,1178.32,3940.35,2.344
CAMP09092,2025-09-27,2025-10-12,Search,68614,3293,673,156,4586.25,11943.87,1.6043
CAMP09093,2025-09-21,2025-10-17,Search,33129,1874,426,95,2389.45,8705.02,2.6431
CAMP09094,2025-12-01,2025-12-12,Display,50693,568,47,1,338.55,55.38,-0.8364
CAMP09095,2025-09-26,2025-10-21,Social,92307,2768,497,101,1795.86,6841.39,2.8095
CAMP09096,2025-02-20,2025-03-19,Email,81284,5223,1267,232,5073.46,19709.73,2.8849
CAMP09097,2025-03-26,2025-04-15,Email,47046,3495,872,177,3050.26,9449.21,2.0978
CAMP09098,2025-04-12,2025-04-20,Email,73406,5329,1305,287,5229.09,17431.87,2.3336
CAMP09099,2025-08-07,2025-08-19,Influencer,52275,1397,231,43,1412.01,3431.12,1.43
CAMP09100,2025-11-08,2025-12-03,Search,64681,2877,604,123,4292.42,13413.51,2.1249
CAMP09101,2025-05-27,2025-06-07,Display,19378,194,18,4,153.61,221.48,0.4418
CAMP09102,2025-01-06,2025-01-24,Social,43316,824,101,15,606.42,1234.82,1.0362
CAMP09103,2025-04-03,2025-04-17,Display,78160,982,96,12,677.51,782.36,0.1548
CAMP09104,2025-03-18,2025-04-13,Email,58427,3070,660,108,2424.86,8082.11,2.333
CAMP09105,2025-11-28,2025-12-08,Search,83450,4136,891,177,7047.74,16088.76,1.2828
CAMP09106,2025-10-09,2025-11-04,Display,17622,140,9,0,76.22,0.0,-1.0
CAMP09107,2025-03-03,2025-03-30,Social,39682,651,97,9,485.1,857.02,0.7667
CAMP09108,2025-10-22,2025-11-18,Influencer,10557,470,97,21,498.72,1969.96,2.95
CAMP09109,2025-08-11,2025-08-26,Display,55859,502,34,2,317.17,120.27,-0.6208
CAMP09110,2025-10-09,2025-11-03,Social,69312,1473,213,32,1226.72,2406.97,0.9621
CAMP09111,2025-01-14,2025-01-27,Email,53471,3845,972,199,3182.0,13220.89,3.1549
CAMP09112,2025-05-07,2025-05-13,Social,28192,903,162,29,638.59,1583.3,1.4794
CAMP09113,2025-06-23,2025-07-15,Email,101857,6019,1401,254,4333.08,15510.33,2.5795
CAMP09114,2025-02-20,2025-03-05,Social,52291,1591,289,60,1309.82,3555.24,1.7143
CAMP09115,2025-05-23,2025-05-31,Email,67322,3775,843,176,2642.18,10866.76,3.1128
CAMP09116,2025-07-24,2025-08-01,Social,43349,1273,192,39,792.29,2934.06,2.7033
CAMP09117,2025-08-15,2025-08-22,Email,108669,8692,2342,514,6581.6,31267.42,3.7507
CAMP09118,2025-04-25,2025-05-16,Search,97172,4619,914,195,7379.45,17695.72,1.398
CAMP09119,2025-12-13,2025-12-20,Email,47946,3500,875,139,3154.63,11519.02,2.6515
CAMP09120,2025-03-30,2025-04-17,Search,73085,3436,735,166,4162.43,11877.77,1.8536
CAMP09121,2025-08-30,2025-09-06,Email,50217,2841,702,123,2348.41,8763.07,2.7315
CAMP09122,2025-10-24,2025-11-08,Email,40094,2442,565,103,2194.96,5960.57,1.7156
CAMP09123,2025-07-02,2025-07-10,Display,33098,414,50,7,281.16,498.65,0.7735
CAMP09124,2025-03-23,2025-04-15,Influencer,103325,3660,666,138,3719.27,10287.69,1.7661
CAMP09125,2025-02-21,2025-03-18,Search,33256,1210,224,25,1987.15,1999.06,0.006
CAMP09126,2025-12-16,2026-01-04,Search,60001,2970,621,145,4611.1,14468.45,2.1377
CAMP09127,2025-06-12,2025-06-24,Search,46083,2535,526,108,2849.29,6582.47,1.3102
CAMP09128,2025-11-11,2025-12-04,Display,30575,554,65,11,343.17,853.46,1.487
CAMP09129,2025-03-08,2025-03-24,Email,62424,5055,1364,292,4141.35,23111.38,4.5806
CAMP09130,2025-05-09,2025-05-18,Search,42331,2428,549,124,3729.04,8800.92,1.3601
CAMP09131,2025-06-28,2025-07-12,Influencer,43012,1452,251,40,1461.09,3538.7,1.422
CAMP09132,2025-09-02,2025-09-23,Social,85189,1695,229,27,1552.24,1904.03,0.2266
CAMP09133,2025-04-20,2025-05-09,Influencer,56708,1597,246,41,1929.7,3014.36,0.5621
CAMP09134,2025-03-01,2025-03-17,Search,74682,4889,1137,281,6626.0,23488.61,2.5449
CAMP09135,2025-02-18,2025-03-08,Email,66667,5352,1455,321,4806.84,19299.0,3.0149
CAMP09136,2025-10-07,2025-10-29,Search,48028,3770,989,293,4443.43,27488.78,5.1864
CAMP09137,2025-11-09,2025-12-05,Social,12129,297,46,8,222.92,711.31,2.1909
CAMP09138,2025-03-27,2025-04-10,Influencer,42071,1912,407,96,1864.97,10009.31,4.367
CAMP09139,2025-07-01,2025-07-18,Display,84013,990,84,12,699.49,520.27,-0.2562
CAMP09140,2025-05-02,2025-05-20,Email,40686,2675,619,122,2028.6,7698.3,2.7949
CAMP09141,2025-11-22,2025-12-12,Social,32597,982,189,29,795.45,1891.63,1.3781
CAMP09142,2025-09-19,2025-10-01,Search,168741,9287,2091,505,12218.14,41014.05,2.3568
CAMP09143,2025-04-24,2025-05-11,Email,64064,4077,930,173,3021.12,12723.34,3.2115
CAMP09144,2025-06-30,2025-07-22,Social,29561,1026,177,29,785.46,1801.93,1.2941
CAMP09145,2025-08-11,2025-08-29,Influencer,26029,840,147,35,977.35,3313.62,2.3904
CAMP09146,2025-04-22,2025-04-28,Display,22257,323,45,9,236.36,490.55,1.0754
CAMP09147,2025-06-10,2025-06-22,Display,39445,618,71,6,370.42,297.42,-0.1971
CAMP09148,2025-10-01,2025-10-21,Social,93484,2477,404,90,2124.25,6712.95,2.1602
CAMP09149,2025-05-17,2025-05-23,Email,40937,2487,560,115,2121.88,7843.0,2.6963
CAMP09150,2025-03-31,2025-04-18,Email,73416,4358,1034,200,3557.72,13020.54,2.6598
CAMP09151,2025-10-27,2025-11-21,Search,35328,1386,246,47,1673.34,4107.74,1.4548
CAMP09152,2025-05-08,2025-05-29,Search,79378,5254,1220,321,7186.15,24627.74,2.4271
CAMP09153,2025-02-22,2025-03-11,Search,136816,6873,1394,288,7669.7,25304.74,2.2993
CAMP09154,2025-04-16,2025-05-08,Social,72568,1586,225,42,1254.1,2880.73,1.297
CAMP09155,2025-02-20,2025-03-10,Social,6571,168,19,5,122.41,437.21,2.5717
CAMP09156,2025-12-04,2025-12-19,Display,61315,773,78,11,469.81,652.02,0.3878
CAMP09157,2025-08-23,2025-09-10,Email,41165,2530,628,127,2211.18,9670.25,3.3733
CAMP09158,2025-06-26,2025-07-10,Influencer,34341,1219,222,51,1358.26,4999.72,2.681
CAMP09159,2025-09-29,2025-10-12,Email,82102,6395,1662,382,5324.4,33575.36,5.3059
CAMP09160,2025-05-22,2025-06-01,Social,79012,3127,622,140,2715.17,14311.74,4.271
CAMP09161,2025-04-05,2025-04-25,Search,53151,2687,538,124,4174.22,9912.03,1.3746
CAMP09162,2025-04-16,2025-05-12,Search,114489,6657,1477,375,9015.65,36263.49,3.0223
CAMP09163,2025-04-19,2025-05-15,Social,44629,1085,174,36,845.45,2265.65,1.6798
CAMP09164,2025-07-18,2025-08-07,Search,60904,3956,945,273,5839.55,24475.53,3.1913
CAMP09165,2025-11-13,2025-11-30,Display,43908,744,86,12,493.17,805.98,0.6343
CAMP09166,2025-05-22,2025-06-15,Email,35149,2238,496,100,1605.24,5377.76,2.3501
CAMP09167,2025-02-14,2025-03-06,Search,31706,1300,225,52,1683.21,4030.28,1.3944
CAMP09168,2025-02-15,2025-02-27,Display,50324,756,79,14,552.63,819.45,0.4828
CAMP09169,2025-02-25,2025-03-13,Display,63074,994,117,25,703.08,2150.08,2.0581
CAMP09170,2025-12-21,2026-01-11,Search,22366,1291,296,74,1443.02,7470.35,4.1769
CAMP09171,2025-07-08,2025-08-03,Search,23587,1161,254,53,1575.95,4085.55,1.5924
CAMP09172,2025-06-09,2025-06-29,Social,52680,981,136,26,789.74,2475.34,2.1344
CAMP09173,2025-06-28,2025-07-08,Display,18929,212,20,4,123.42,248.02,1.0096
CAMP09174,2025-09-10,2025-10-04,Search,64430,3392,746,176,5105.99,15153.1,1.9677
CAMP09175,2025-06-20,2025-07-05,Influencer,32527,933,166,31,1002.14,2356.28,1.3512
CAMP09176,2025-09-28,2025-10-24,Influencer,70276,2174,388,95,2526.54,8443.78,2.342
CAMP09177,2025-05-28,2025-06-23,Search,99777,4121,731,147,5459.24,7659.93,0.4031
CAMP09178,2025-05-27,2025-06-23,Social,24654,483,73,13,335.19,696.42,1.0777
CAMP09179,2025-11-17,2025-12-04,Display,24142,265,23,4,151.91,212.48,0.3987
CAMP09180,2025-11-30,2025-12-18,Search,58297,2992,641,135,4067.51,10033.63,1.4668
CAMP09181,2025-06-03,2025-06-27,Social,28361,894,139,23,703.22,1654.45,1.3527
CAMP09182,2025-04-16,2025-05-11,Influencer,52681,1978,378,86,2010.98,7330.43,2.6452
CAMP09183,2025-12-01,2025-12-16,Social,91420,2848,516,110,2885.65,7534.87,1.6112
CAMP09184,2025-10-25,2025-11-11,Display,61550,788,71,9,499.35,623.44,0.2485
CAMP09185,2025-07-01,2025-07-20,Search,64000,3961,963,267,5031.03,23300.19,3.6313
CAMP09186,2025-12-15,2026-01-09,Display,27983,391,29,4,306.74,351.53,0.146
CAMP09187,2025-05-08,2025-05-27,Search,75539,4504,1029,249,6359.58,15786.6,1.4823
CAMP09188,2025-06-08,2025-06-29,Search,110016,4620,882,192,6170.72,12361.38,1.0032
CAMP09189,2025-03-03,2025-03-18,Search,22174,1550,358,96,1971.16,8324.67,3.2232
CAMP09190,2025-07-04,2025-07-20,Email,116416,8629,2210,458,6491.25,23500.02,2.6203
CAMP09191,2025-08-26,2025-09-19,Social,127733,2690,385,62,2360.7,4061.32,0.7204
CAMP09192,2025-02-20,2025-03-02,Search,52812,2493,501,118,3091.36,10369.78,2.3544
CAMP09193,2025-02-14,2025-03-10,Email,65672,5186,1376,316,4083.87,23141.72,4.6666
CAMP09194,2025-01-15,2025-02-03,Social,51904,1424,227,47,1043.98,3477.18,2.3307
CAMP09195,2025-02-12,2025-02-22,Email,35482,2617,670,140,1871.99,11884.62,5.3487
CAMP09196,2025-09-26,2025-10-02,Social,71065,1477,199,31,936.32,1644.45,0.7563
CAMP09197,2025-10-13,2025-11-03,Display,23829,284,26,6,189.92,341.3,0.7971
CAMP09198,2025-02-21,2025-03-18,Search,83807,6942,1912,552,9965.23,41724.1,3.187
CAMP09199,2025-10-27,2025-11-19,Display,59669,788,88,14,507.12,821.87,0.6207
CAMP09200,2025-02-05,2025-02-24,Display,55277,903,115,27,590.23,1836.29,2.1111
CAMP09201,2025-04-06,2025-04-27,Search,40662,1810,336,69,1925.38,7608.12,2.9515
CAMP09202,2025-03-19,2025-03-27,Social,89072,1453,198,24,1135.15,1811.46,0.5958
CAMP09203,2025-01-30,2025-02-18,Social,120658,2396,347,52,1776.02,3410.66,0.9204
CAMP09204,2025-09-05,2025-09-15,Social,20631,658,124,29,506.77,2116.09,3.1756
CAMP09205,2025-04-15,2025-05-09,Email,70716,6792,2018,451,5453.64,26322.65,3.8266
CAMP09206,2025-06-08,2025-06-24,Search,50756,2433,500,115,3803.58,8469.21,1.2266
CAMP09207,2025-07-21,2025-08-15,Influencer,41438,1497,235,46,1391.4,4554.78,2.2735
CAMP09208,2025-03-19,2025-04-06,Email,26952,1998,530,106,1283.52,5975.7,3.6557
CAMP09209,2025-06-01,2025-06-14,Search,67883,3682,850,228,5325.36,14269.49,1.6795
CAMP09210,2025-07-15,2025-08-11,Social,48590,1251,191,39,949.97,2753.4,1.8984
CAMP09211,2025-04-07,2025-04-22,Social,110639,2882,467,91,2603.84,9821.36,2.7719
CAMP09212,2025-01-24,2025-02-10,Display,44941,577,58,8,366.22,502.77,0.3729
CAMP09213,2025-06-06,2025-06-19,Display,24465,244,34,7,175.17,628.53,2.5881
CAMP09214,2025-01-30,2025-02-21,Email,85499,7324,2016,419,6261.02,29557.77,3.7209
CAMP09215,2025-07-06,2025-07-28,Search,63254,4180,1063,298,7287.29,24469.79,2.3579
CAMP09216,2025-01-06,2025-02-01,Search,49720,2497,543,125,3608.95,9403.98,1.6057
CAMP09217,2025-04-24,2025-04-30,Social,43877,1140,170,34,1106.25,2604.64,1.3545
CAMP09218,2025-08-08,2025-09-02,Search,109203,7016,1750,462,10335.22,31195.82,2.0184
CAMP09219,2025-08-12,2025-09-01,Display,66428,844,81,13,526.41,877.98,0.6679
CAMP09220,2025-02-16,2025-02-22,Display,41596,517,50,7,371.95,604.12,0.6242
CAMP09221,2025-04-26,2025-05-20,Influencer,44331,1834,314,66,2322.68,6897.92,1.9698
CAMP09222,2025-04-26,2025-05-10,Social,103678,2550,405,78,2524.11,5876.17,1.328
CAMP09223,2025-11-02,2025-11-14,Email,156460,10384,2515,487,7801.16,26019.25,2.3353
CAMP09224,2025-03-19,2025-04-01,Social,117872,3850,702,151,2942.19,8557.6,1.9086
CAMP09225,2025-04-13,2025-05-02,Search,66238,3913,932,217,5218.75,16929.39,2.244
CAMP09226,2025-04-25,2025-05-05,Search,60618,3537,798,195,4402.55,16312.08,2.7051
CAMP09227,2025-09-04,2025-09-21,Email,32690,1832,424,85,1427.21,5493.74,2.8493
CAMP09228,2025-03-01,2025-03-22,Social,31279,797,114,19,668.01,1980.17,1.9643
CAMP09229,2025-11-18,2025-12-03,Display,98345,1499,174,32,1051.56,2446.82,1.3268
CAMP09230,2025-11-01,2025-11-20,Influencer,111427,4853,1010,236,5373.11,19088.09,2.5525
CAMP09231,2025-10-22,2025-11-11,Display,44648,591,56,12,348.3,700.62,1.0115
CAMP09232,2025-08-17,2025-09-04,Display,55798,546,41,5,339.28,280.48,-0.1733
CAMP09233,2025-09-21,2025-09-30,Influencer,83252,4588,1062,293,5516.85,27071.47,3.9071
CAMP09234,2025-09-11,2025-09-24,Email,23547,1746,426,111,1530.15,6628.39,3.3319
CAMP09235,2025-06-29,2025-07-22,Social,22975,710,133,28,670.34,1877.11,1.8002
CAMP09236,2025-12-09,2025-12-15,Influencer,57206,1743,270,48,1984.32,4273.72,1.1537
CAMP09237,2025-06-06,2025-06-13,Display,48205,569,49,7,347.9,464.69,0.3357
CAMP09238,2025-08-21,2025-09-06,Email,62337,4671,1235,261,3651.46,14365.16,2.9341
CAMP09239,2025-08-06,2025-08-17,Display,64221,656,60,10,524.45,482.43,-0.0801
CAMP09240,2025-01-22,2025-01-30,Email,14269,1092,281,47,880.29,2568.88,1.9182
CAMP09241,2025-05-17,2025-06-07,Email,34123,2099,465,76,1570.35,4595.43,1.9264
CAMP09242,2025-02-06,2025-03-04,Influencer,48750,2496,553,155,2761.32,14513.13,4.2559
CAMP09243,2025-01-26,2025-02-10,Influencer,87696,2598,454,96,2610.54,7140.7,1.7353
CAMP09244,2025-01-18,2025-01-28,Influencer,63453,2495,476,108,2288.58,9533.5,3.1657
CAMP09245,2025-05-26,2025-06-12,Social,95916,3128,598,121,2321.06,6258.38,1.6963
CAMP09246,2025-09-27,2025-10-04,Search,55796,2671,543,141,3577.22,12767.33,2.5691
CAMP09247,2025-10-03,2025-10-19,Email,63559,3901,890,155,3255.81,8872.84,1.7252
CAMP09248,2025-10-05,2025-10-13,Display,55058,613,65,11,477.75,544.98,0.1407
CAMP09249,2025-08-16,2025-08-23,Search,91000,6375,1523,399,10132.16,25414.29,1.5083
CAMP09250,2025-04-06,2025-04-20,Search,107794,5799,1243,278,7716.88,25217.84,2.2679
CAMP09251,2025-05-18,2025-05-29,Social,37544,1027,173,37,1036.87,2338.97,1.2558
CAMP09252,2025-04-25,2025-05-21,Search,170496,12320,3047,848,17467.61,56942.89,2.2599
CAMP09253,2025-08-18,2025-09-14,Search,13868,812,193,43,1246.11,3215.26,1.5802
CAMP09254,2025-09-15,2025-10-08,Search,51824,2540,530,109,3511.32,8923.62,1.5414
CAMP09255,2025-05-05,2025-06-01,Influencer,92737,2322,388,74,2423.19,6226.62,1.5696
CAMP09256,2025-02-08,2025-03-02,Email,42549,2873,714,138,2417.0,7984.27,2.3034
CAMP09257,2025-10-07,2025-10-21,Email,39213,2987,786,165,2435.6,11397.2,3.6794
CAMP09258,2025-08-15,2025-08-31,Social,45301,1258,237,44,970.28,2412.77,1.4867
CAMP09259,2025-09-09,2025-09-29,Social,70837,1282,190,24,1174.19,1634.31,0.3919
CAMP09260,2025-04-02,2025-04-14,Influencer,26822,801,131,24,915.03,2103.99,1.2994
CAMP09261,2025-11-24,2025-12-14,Email,42372,2811,701,128,2235.25,8425.11,2.7692
CAMP09262,2025-11-25,2025-12-13,Social,89850,3180,573,108,2417.19,8325.88,2.4444
CAMP09263,2025-10-06,2025-10-12,Email,66147,4310,1062,207,3283.96,13345.02,3.0637
CAMP09264,2025-02-18,2025-03-17,Influencer,44680,1867,386,109,1916.16,8454.64,3.4123
CAMP09265,2025-05-24,2025-06-19,Social,77810,2535,450,79,2218.5,5672.42,1.5569
CAMP09266,2025-02-03,2025-02-14,Search,39944,2395,565,150,3502.09,9889.73,1.824
CAMP09267,2025-06-01,2025-06-09,Influencer,72148,3231,605,158,3378.9,11566.97,2.4233
CAMP09268,2025-11-19,2025-11-27,Social,35709,629,94,14,548.03,1122.74,1.0487
CAMP09269,2025-07-18,2025-08-13,Social,41980,1581,318,48,1262.32,3102.7,1.4579
CAMP09270,2025-05-08,2025-05-18,Social,99891,2205,321,63,1869.45,3788.67,1.0266
CAMP09271,2025-12-19,2025-12-31,Display,38816,464,49,9,305.93,552.31,0.8053
CAMP09272,2025-09-20,2025-10-15,Influencer,38257,1438,258,54,1377.07,4549.2,2.3035
CAMP09273,2025-09-10,2025-09-22,Social,54754,2173,400,76,1376.79,5717.85,3.153
CAMP09274,2025-09-29,2025-10-12,Influencer,57787,3147,694,162,4025.77,13473.75,2.3469
CAMP09275,2025-04-10,2025-04-30,Influencer,51668,1922,386,84,2203.45,9397.83,3.2651
CAMP09276,2025-09-07,2025-10-03,Search,25659,1611,398,102,2070.64,9454.11,3.5658
CAMP09277,2025-01-06,2025-01-24,Display,75163,995,102,13,511.31,673.26,0.3167
CAMP09278,2025-11-23,2025-12-08,Influencer,52643,2324,456,129,2342.07,15693.3,5.7006
CAMP09279,2025-04-05,2025-04-26,Search,71631,4035,910,238,6241.72,18789.23,2.0103
CAMP09280,2025-06-22,2025-07-12,Search,53215,2716,584,137,4814.13,11025.16,1.2902
CAMP09281,2025-10-07,2025-10-13,Search,58574,2869,632,139,3889.12,13911.13,2.5769
CAMP09282,2025-04-08,2025-04-25,Social,87750,2154,347,60,1846.09,4189.11,1.2692
CAMP09283,2025-07-22,2025-08-13,Search,37905,1723,367,71,2586.15,5342.39,1.0658
CAMP09284,2025-05-06,2025-05-12,Search,49729,2123,410,93,2758.21,7130.74,1.5853
CAMP09285,2025-03-08,2025-03-18,Search,54818,2743,593,126,3915.94,10655.89,1.7212
CAMP09286,2025-08-26,2025-09-05,Display,12629,159,14,4,93.35,296.05,2.1714
CAMP09287,2025-06-15,2025-07-04,Search,124017,7918,1882,465,10604.3,39414.4,2.7168
CAMP09288,2025-07-27,2025-08-03,Influencer,44639,1934,378,89,2024.55,8634.24,3.2648
CAMP09289,2025-04-25,2025-05-18,Search,139027,6609,1379,310,10023.64,24348.1,1.4291
CAMP09290,2025-05-01,2025-05-12,Social,59822,1797,308,52,1089.15,3117.01,1.8619
CAMP09291,2025-07-01,2025-07-23,Social,25815,719,114,25,557.73,1666.36,1.9878
CAMP09292,2025-08-02,2025-08-17,Search,102183,4083,746,149,6512.61,11668.26,0.7916
CAMP09293,2025-11-25,2025-12-16,Email,55359,4855,1353,284,4062.0,20924.26,4.1512
CAMP09294,2025-09-08,2025-09-20,Social,41625,1107,171,28,1076.08,1834.84,0.7051
CAMP09295,2025-01-07,2025-02-02,Social,79552,2743,534,106,2477.77,5625.44,1.2704
CAMP09296,2025-10-07,2025-10-27,Search,88901,4586,970,212,5128.92,16887.68,2.2926
CAMP09297,2025-05-12,2025-05-19,Social,57389,1435,221,46,1019.0,3376.52,2.3136
CAMP09298,2025-12-01,2025-12-27,Search,64584,4030,938,267,6182.52,23078.99,2.7329
CAMP09299,2025-05-22,2025-06-12,Search,58605,2899,628,150,4084.54,10909.69,1.671
CAMP09300,2025-09-22,2025-10-11,Email,65802,3621,819,144,2975.13,9824.0,2.302
CAMP09301,2025-12-22,2026-01-13,Search,83583,4623,964,220,6223.4,15897.39,1.5545
CAMP09302,2025-07-16,2025-08-09,Email,65222,4616,1155,228,3685.04,11834.84,2.2116
CAMP09303,2025-09-17,2025-09-30,Display,35793,585,72,11,362.88,792.21,1.1831
CAMP09304,2025-02-17,2025-02-27,Search,59018,3980,969,252,4001.39,18070.46,3.516
CAMP09305,2025-01-16,2025-02-01,Social,56866,1340,205,42,845.0,2675.94,2.1668
CAMP09306,2025-05-05,2025-05-30,Search,35590,1551,312,69,2391.81,4499.99,0.8814
CAMP09307,2025-02-01,2025-02-24,Influencer,15744,545,88,14,526.53,1287.59,1.4454
CAMP09308,2025-06-06,2025-06-29,Search,78483,3911,837,198,6792.5,12445.73,0.8323
CAMP09309,2025-08-17,2025-09-10,Social,39281,778,102,14,787.34,864.02,0.0974
CAMP09310,2025-01-17,2025-01-27,Display,34895,461,41,5,352.48,390.04,0.1066
CAMP09311,2025-02-28,2025-03-22,Search,33797,1487,291,63,1812.59,4586.46,1.5303
CAMP09312,2025-12-15,2026-01-06,Email,29556,1779,430,65,1469.49,3202.79,1.1795
CAMP09313,2025-03-24,2025-03-31,Social,55078,1372,232,41,1367.27,2296.75,0.6798
CAMP09314,2025-10-30,2025-11-09,Display,35363,323,35,1,209.64,83.81,-0.6002
CAMP09315,2025-10-30,2025-11-26,Email,42239,3307,917,188,2758.18,11921.81,3.3223
CAMP09316,2025-06-25,2025-07-18,Search,133491,8659,2079,518,11506.62,29427.99,1.5575
CAMP09317,2025-06-28,2025-07-17,Social,36771,916,152,20,588.61,1428.77,1.4274
CAMP09318,2025-08-09,2025-08-27,Search,46260,3158,833,209,4419.89,12839.81,1.905
CAMP09319,2025-07-24,2025-08-05,Social,161709,4307,698,131,3386.79,8697.72,1.5681
CAMP09320,2025-01-14,2025-01-31,Search,83963,4343,881,215,5588.1,12631.48,1.2604
CAMP09321,2025-05-31,2025-06-10,Social,57530,1325,225,33,1063.84,1951.1,0.834
CAMP09322,2025-06-27,2025-07-03,Email,41465,4415,1358,331,4437.04,20358.66,3.5883
CAMP09323,2025-11-25,2025-12-19,Email,164690,9567,2197,382,8303.41,32600.59,2.9262
CAMP09324,2025-03-16,2025-04-10,Social,160595,2908,382,65,2534.57,6559.34,1.5879
CAMP09325,2025-04-08,2025-04-21,Email,175582,10858,2504,485,7555.09,39913.35,4.283
CAMP09326,2025-08-29,2025-09-16,Display,45169,621,52,8,365.03,464.43,0.2723
CAMP09327,2025-01-16,2025-02-03,Social,60894,1397,207,36,1130.75,2724.94,1.4099
CAMP09328,2025-08-25,2025-09-11,Email,60347,4223,1007,206,3025.78,16007.81,4.2905
CAMP09329,2025-01-04,2025-01-24,Search,76526,3449,679,164,4588.98,12895.56,1.8101
CAMP09330,2025-11-25,2025-12-19,Search,55049,2522,511,101,3693.93,6704.92,0.8151
CAMP09331,2025-02-10,2025-03-03,Search,97428,5411,1208,285,9625.91,26768.57,1.7809
CAMP09332,2025-05-26,2025-06-22,Display,46030,364,32,4,221.91,238.02,0.0726
CAMP09333,2025-05-19,2025-06-15,Search,16605,653,118,25,890.11,2378.69,1.6724
CAMP09334,2025-04-16,2025-05-05,Social,99071,2684,399,48,1976.64,3715.1,0.8795
CAMP09335,2025-10-15,2025-10-29,Social,36805,1023,182,34,760.64,2685.39,2.5304
CAMP09336,2025-05-11,2025-05-22,Email,22436,1639,420,77,1066.83,4099.96,2.8431
CAMP09337,2025-07-17,2025-07-29,Social,50261,1934,384,71,1712.76,4648.06,1.7138
CAMP09338,2025-07-22,2025-08-04,Display,79196,1001,81,8,521.78,474.9,-0.0898
CAMP09339,2025-09-06,2025-10-02,Social,45199,1186,207,38,839.95,2156.56,1.5675
CAMP09340,2025-01-05,2025-01-18,Social,56755,1585,250,37,1388.14,2101.62,0.514
CAMP09341,2025-01-16,2025-01-25,Influencer,62579,1700,247,39,2078.07,3815.64,0.8361
CAMP09342,2025-01-15,2025-02-10,Social,62175,1456,214,34,1275.27,2737.12,1.1463
CAMP09343,2025-02-08,2025-03-01,Email,80581,5260,1306,241,3539.82,14048.15,2.9686
CAMP09344,2025-02-05,2025-02-18,Search,91552,5339,1198,321,9369.61,29515.99,2.1502
CAMP09345,2025-05-07,2025-06-02,Search,38463,1617,314,68,2229.34,5313.73,1.3835
CAMP09346,2025-11-11,2025-11-28,Social,82017,2221,373,71,1889.72,5098.02,1.6978
CAMP09347,2025-05-13,2025-05-29,Influencer,41594,1428,291,69,1906.67,5883.9,2.086
CAMP09348,2025-02-28,2025-03-16,Search,25017,1573,363,88,2257.0,5489.13,1.432
CAMP09349,2025-11-15,2025-11-26,Search,64500,3730,802,200,4862.83,14302.88,1.9413
CAMP09350,2025-10-26,2025-11-03,Email,67183,5023,1296,280,3516.32,16983.57,3.8299
CAMP09351,2025-01-18,2025-02-09,Email,88851,11009,3572,955,9947.77,69263.69,5.9627
CAMP09352,2025-12-30,2026-01-09,Email,33395,3357,1016,218,3821.19,17716.28,3.6363
CAMP09353,2025-04-23,2025-05-05,Email,81459,6102,1598,348,4521.15,21677.61,3.7947
CAMP09354,2025-10-01,2025-10-23,Social,49074,1484,255,56,1092.54,3385.07,2.0983
CAMP09355,2025-02-25,2025-03-22,Search,36353,2057,465,102,3040.9,9319.03,2.0646
CAMP09356,2025-04-29,2025-05-16,Display,85038,1101,107,14,764.23,936.48,0.2254
CAMP09357,2025-02-03,2025-02-10,Social,143914,3463,565,97,3206.57,5134.95,0.6014
CAMP09358,2025-04-21,2025-04-29,Search,71537,5195,1290,341,7780.53,29038.92,2.7323
CAMP09359,2025-07-09,2025-07-22,Influencer,8880,353,68,16,442.84,1233.06,1.7844
CAMP09360,2025-07-17,2025-08-11,Email,20558,1124,248,34,711.23,2952.77,3.1516
CAMP09361,2025-07-24,2025-08-02,Display,40667,358,20,2,267.63,95.69,-0.6425
CAMP09362,2025-02-15,2025-02-24,Social,88575,2168,342,49,1965.91,3408.87,0.734
CAMP09363,2025-10-05,2025-10-31,Search,84358,5419,1261,351,8207.27,26714.25,2.2549
CAMP09364,2025-03-18,2025-04-06,Social,71230,1669,276,44,1479.3,1989.76,0.3451
CAMP09365,2025-01-10,2025-01-21,Search,72075,3777,862,223,5630.06,17305.68,2.0738
CAMP09366,2025-03-09,2025-04-03,Search,40238,2046,458,99,2734.74,9321.89,2.4087
CAMP09367,2025-04-13,2025-05-04,Influencer,8890,355,76,15,285.48,1599.06,4.6013
CAMP09368,2025-03-19,2025-03-27,Search,58030,3675,902,220,5017.85,28128.0,4.6056
CAMP09369,2025-08-16,2025-08-26,Social,83857,1724,235,35,1766.61,2387.64,0.3515
CAMP09370,2025-07-05,2025-07-31,Display,91546,1349,149,19,1045.26,1157.13,0.107
CAMP09371,2025-07-12,2025-08-06,Email,61732,3062,658,108,2247.33,5597.23,1.4906
CAMP09372,2025-03-03,2025-03-27,Search,53527,3998,994,288,4851.11,25285.63,4.2123
CAMP09373,2025-10-05,2025-10-27,Display,114161,1349,136,28,948.87,1956.91,1.0624
CAMP09374,2025-02-05,2025-02-24,Display,79543,724,60,10,537.76,635.77,0.1823
CAMP09375,2025-10-29,2025-11-20,Social,162819,5327,953,210,4731.66,12659.72,1.6755
CAMP09376,2025-05-01,2025-05-20,Search,39198,2583,618,162,3379.0,11651.7,2.4483
CAMP09377,2025-05-04,2025-05-19,Display,29654,386,40,6,287.0,307.24,0.0705
CAMP09378,2025-12-15,2025-12-21,Display,73602,1048,96,19,708.84,962.34,0.3576
CAMP09379,2025-04-05,2025-04-22,Search,40593,2929,742,210,3605.95,16639.15,3.6144
CAMP09380,2025-06-03,2025-06-18,Search,67277,5045,1290,379,6017.89,31154.64,4.177
CAMP09381,2025-12-20,2026-01-07,Display,40199,540,62,6,408.44,374.65,-0.0827
CAMP09382,2025-09-10,2025-10-04,Influencer,37306,1211,208,45,1434.64,3257.1,1.2703
CAMP09383,2025-01-25,2025-02-19,Social,65638,1415,218,37,1117.44,2312.14,1.0691
CAMP09384,2025-11-04,2025-11-12,Search,76871,3996,925,215,4978.87,14871.19,1.9869
CAMP09385,2025-08-13,2025-08-26,Social,63928,1644,267,55,1180.35,4594.24,2.8923
CAMP09386,2025-11-04,2025-11-14,Email,76151,9386,3088,824,8058.65,39889.17,3.9499
CAMP09387,2025-12-07,2025-12-13,Social,97990,2086,296,51,1613.04,4248.17,1.6336
CAMP09388,2025-12-09,2025-12-24,Email,107872,9155,2564,563,6386.08,31787.82,3.9777
CAMP09389,2025-10-07,2025-10-22,Search,61160,2738,566,115,3320.49,9229.28,1.7795
CAMP09390,2025-01-11,2025-01-25,Email,217940,12043,2629,469,10128.97,26306.33,1.5971
CAMP09391,2025-02-13,2025-02-28,Email,83051,5829,1460,312,5518.03,19818.92,2.5917
CAMP09392,2025-06-14,2025-06-27,Display,53401,700,88,11,530.54,583.79,0.1004
CAMP09393,2025-01-23,2025-02-02,Influencer,68327,2539,471,101,3586.9,7971.87,1.2225
CAMP09394,2025-03-27,2025-04-16,Email,61056,4868,1310,291,3929.31,16875.12,3.2947
CAMP09395,2025-07-11,2025-07-30,Social,50039,1541,250,59,1193.76,3387.91,1.838
CAMP09396,2025-07-27,2025-08-18,Search,33398,1293,214,58,1954.43,4050.49,1.0725
CAMP09397,2025-06-29,2025-07-09,Search,69724,5306,1398,399,7923.93,36331.15,3.585
CAMP09398,2025-03-26,2025-04-10,Search,160156,12394,3176,882,15174.29,62476.32,3.1172
CAMP09399,2025-06-26,2025-07-13,Social,43405,1070,186,37,851.01,2428.64,1.8538
CAMP09400,2025-03-17,2025-03-30,Display,53106,777,80,7,457.14,460.22,0.0067
CAMP09401,2025-05-13,2025-06-04,Email,32555,2434,630,127,1853.46,9444.99,4.0959
CAMP09402,2025-04-12,2025-04-20,Display,54942,607,46,7,357.7,321.37,-0.1016
CAMP09403,2025-11-09,2025-11-20,Social,63209,1599,270,52,1726.87,3837.15,1.222
CAMP09404,2025-09-14,2025-10-03,Social,74873,1446,231,46,1322.61,2817.23,1.1301
CAMP09405,2025-01-18,2025-02-04,Social,64207,2081,375,79,1899.64,5977.97,2.1469
CAMP09406,2025-05-20,2025-06-16,Search,94324,5541,1267,325,7785.23,26434.24,2.3954
CAMP09407,2025-10-04,2025-10-22,Influencer,47063,1383,229,52,1416.81,4138.24,1.9208
CAMP09408,2025-09-10,2025-09-26,Social,29343,632,113,20,465.1,1698.28,2.6514
CAMP09409,2025-01-19,2025-01-28,Influencer,44052,1449,250,57,1325.94,5459.65,3.1176
CAMP09410,2025-02-09,2025-02-26,Social,31793,777,120,17,521.0,1070.84,1.0554
CAMP09411,2025-12-17,2025-12-28,Search,53471,2700,584,127,3851.9,9728.74,1.5257
CAMP09412,2025-01-26,2025-02-18,Social,54672,1359,212,37,1093.0,2063.05,0.8875
CAMP09413,2025-01-07,2025-01-26,Search,41976,2004,402,94,2422.11,10256.65,3.2346
CAMP09414,2025-04-29,2025-05-20,Email,44992,2427,568,96,1871.51,6735.34,2.5989
CAMP09415,2025-08-20,2025-08-29,Email,84816,5597,1313,264,4701.4,13706.18,1.9153
CAMP09416,2025-03-18,2025-04-12,Search,29685,1625,350,90,2671.28,6967.77,1.6084
CAMP09417,2025-08-29,2025-09-22,Display,40168,449,35,7,333.91,432.11,0.2941
CAMP09418,2025-07-28,2025-08-24,Search,53233,3420,800,216,4892.92,19665.17,3.0191
CAMP09419,2025-11-16,2025-11-26,Display,60181,622,55,8,446.59,522.81,0.1707
CAMP09420,2025-05-16,2025-05-26,Social,78252,2252,403,83,1871.16,5723.45,2.0588
CAMP09421,2025-07-24,2025-08-17,Social,70993,2362,415,69,1961.18,4898.23,1.4976
CAMP09422,2025-08-13,2025-08-30,Social,32973,989,201,41,827.82,3741.19,3.5193
CAMP09423,2025-09-05,2025-10-01,Search,130446,6136,1287,302,8085.07,25850.33,2.1973
CAMP09424,2025-03-01,2025-03-16,Social,60151,1916,341,72,1619.51,4702.62,1.9037
CAMP09425,2025-03-22,2025-04-17,Social,95797,2450,408,78,2067.24,6189.95,1.9943
CAMP09426,2025-12-16,2026-01-08,Email,17359,1613,491,94,1571.11,7855.68,4.0001
CAMP09427,2025-06-10,2025-06-23,Search,28294,1404,278,68,1957.03,5741.84,1.934
CAMP09428,2025-10-13,2025-10-21,Search,111393,6084,1386,349,8752.1,31389.68,2.5865
CAMP09429,2025-06-05,2025-06-17,Search,59078,2726,534,118,3410.08,10252.91,2.0066
CAMP09430,2025-08-16,2025-08-22,Email,95967,8151,2230,502,6637.11,36129.4,4.4435
CAMP09431,2025-11-14,2025-11-23,Influencer,85701,3378,619,151,4166.25,15524.51,2.7263
CAMP09432,2025-09-24,2025-10-06,Social,60212,1876,330,71,1351.72,5337.36,2.9486
CAMP09433,2025-11-14,2025-11-23,Search,43563,2292,473,120,2934.43,10777.09,2.6726
CAMP09434,2025-12-23,2025-12-29,Social,53798,1603,275,50,1192.89,3125.66,1.6202
CAMP09435,2025-04-18,2025-05-03,Influencer,147262,7348,1526,406,6853.92,34539.51,4.0394
CAMP09436,2025-10-28,2025-11-06,Social,43860,860,116,20,659.58,1433.06,1.1727
CAMP09437,2025-06-28,2025-07-24,Search,87509,8464,2463,765,9742.29,50914.04,4.2261
CAMP09438,2025-09-08,2025-10-01,Search,50585,2898,652,160,3920.46,10345.89,1.6389
CAMP09439,2025-02-03,2025-02-25,Social,81864,2196,386,68,1548.5,3945.34,1.5478
CAMP09440,2025-10-28,2025-11-09,Search,30750,2223,557,144,2511.18,9813.33,2.9079
CAMP09441,2025-08-09,2025-08-25,Search,23275,1911,502,129,2780.24,11497.44,3.1354
CAMP09442,2025-06-29,2025-07-20,Email,60131,3328,734,133,2301.58,8602.91,2.7378
CAMP09443,2025-06-07,2025-07-04,Search,69590,3381,674,147,5101.53,11650.58,1.2837
CAMP09444,2025-01-18,2025-02-10,Influencer,55028,1743,286,65,2175.49,5213.43,1.3964
CAMP09445,2025-08-13,2025-09-08,Social,107727,2779,404,84,2672.09,6091.52,1.2797
CAMP09446,2025-11-01,2025-11-16,Email,39740,3628,1018,222,3325.67,12453.04,2.7445
CAMP09447,2025-05-19,2025-06-01,Influencer,37286,2151,476,137,2583.46,14630.16,4.663
CAMP09448,2025-07-30,2025-08-21,Display,121803,1404,137,22,1022.11,1311.22,0.2829
CAMP09449,2025-01-02,2025-01-13,Influencer,99729,3509,664,160,4368.79,10494.23,1.4021
CAMP09450,2025-03-08,2025-04-01,Display,38072,471,49,7,302.53,429.02,0.4181
CAMP09451,2025-10-08,2025-10-31,Search,109456,5556,1166,284,7993.8,19895.04,1.4888
CAMP09452,2025-07-09,2025-07-15,Social,53261,1130,173,34,900.86,2307.93,1.5619
CAMP09453,2025-07-29,2025-08-07,Email,66731,3827,963,184,2946.31,10452.7,2.5477
CAMP09454,2025-09-10,2025-09-27,Display,68791,710,54,7,419.45,395.03,-0.0582
CAMP09455,2025-07-12,2025-07-31,Search,47773,1680,288,52,2287.6,4458.97,0.9492
CAMP09456,2025-02-25,2025-03-04,Display,49625,731,79,11,444.85,1011.94,1.2748
CAMP09457,2025-02-23,2025-03-09,Influencer,78642,2850,544,132,2931.95,12579.18,3.2904
CAMP09458,2025-03-03,2025-03-20,Influencer,130831,4278,753,142,5369.46,9184.82,0.7106
CAMP09459,2025-05-01,2025-05-17,Email,68497,4982,1318,258,4705.23,14284.21,2.0358
CAMP09460,2025-03-06,2025-03-28,Search,33609,1663,327,66,2717.75,5441.62,1.0023
CAMP09461,2025-10-26,2025-11-18,Display,34045,603,83,11,323.28,842.63,1.6065
CAMP09462,2025-04-05,2025-05-01,Display,44906,522,48,8,354.56,439.07,0.2384
CAMP09463,2025-12-19,2026-01-10,Email,63202,4402,1154,254,3380.36,15234.67,3.5068
CAMP09464,2025-08-03,2025-08-18,Display,169556,3201,418,65,1875.52,5294.97,1.8232
CAMP09465,2025-08-05,2025-08-27,Social,67729,981,139,21,835.24,1770.93,1.1203
CAMP09466,2025-06-19,2025-06-27,Search,23089,1098,226,53,1301.91,4478.92,2.4403
CAMP09467,2025-01-21,2025-02-13,Influencer,63684,2119,355,80,2243.68,6801.09,2.0312
CAMP09468,2025-01-22,2025-02-07,Email,153316,8390,1858,340,4822.81,33425.71,5.9308
CAMP09469,2025-04-27,2025-05-10,Search,49740,2474,522,129,3336.24,10820.98,2.2435
CAMP09470,2025-01-26,2025-02-18,Social,36124,938,154,28,720.09,1802.99,1.5038
CAMP09471,2025-04-11,2025-04-23,Display,48696,608,67,4,473.52,320.45,-0.3233
CAMP09472,2025-12-27,2026-01-10,Display,144348,1403,122,17,851.97,1076.96,0.2641
CAMP09473,2025-07-23,2025-08-07,Influencer,52939,1850,331,77,2056.8,6623.62,2.2204
CAMP09474,2025-10-07,2025-10-16,Display,74902,1070,132,14,656.3,765.78,0.1668
CAMP09475,2025-05-18,2025-05-24,Email,110758,5520,1194,202,5739.13,12163.51,1.1194
CAMP09476,2025-01-28,2025-02-12,Social,45181,1214,216,40,990.3,3021.79,2.0514
CAMP09477,2025-04-11,2025-05-06,Search,81312,4461,956,226,5965.49,16990.23,1.8481
CAMP09478,2025-10-03,2025-10-12,Display,65689,742,65,9,483.82,555.82,0.1488
CAMP09479,2025-04-15,2025-05-01,Email,44383,4010,1082,249,3791.81,15036.85,2.9656
CAMP09480,2025-07-21,2025-07-30,Email,25185,1700,392,66,1094.78,4208.41,2.8441
CAMP09481,2025-02-01,2025-02-16,Social,78148,2236,372,72,1573.74,4488.67,1.8522
CAMP09482,2025-04-22,2025-05-19,Email,76261,3909,856,156,2890.38,9748.42,2.3727
CAMP09483,2025-12-13,2026-01-03,Social,125986,3350,537,87,2808.13,7454.79,1.6547
CAMP09484,2025-10-06,2025-10-31,Display,54156,895,93,11,583.01,658.76,0.1299
CAMP09485,2025-02-13,2025-02-27,Search,55068,3550,892,235,4808.62,14453.37,2.0057
CAMP09486,2025-05-22,2025-06-05,Social,45412,1788,336,71,1442.73,5985.06,3.1484
CAMP09487,2025-09-28,2025-10-10,Search,75870,6635,1795,563,9011.92,53323.89,4.917
CAMP09488,2025-12-04,2025-12-16,Social,20926,513,95,11,348.88,611.86,0.7538
CAMP09489,2025-09-21,2025-10-08,Influencer,47800,1689,302,61,1673.51,3857.87,1.3053
CAMP09490,2025-02-07,2025-03-06,Email,64530,4889,1285,263,3977.44,17630.27,3.4326
CAMP09491,2025-06-19,2025-06-30,Search,85524,5852,1427,381,8798.55,28724.02,2.2646
CAMP09492,2025-08-03,2025-08-09,Search,30026,1842,419,98,2267.47,8346.92,2.6812
CAMP09493,2025-04-15,2025-04-28,Social,17864,628,120,27,551.02,1654.07,2.0018
CAMP09494,2025-08-06,2025-08-22,Email,69702,5360,1384,272,3458.71,20747.99,4.9988
CAMP09495,2025-07-29,2025-08-09,Social,114486,2788,410,70,2389.93,7412.69,2.1016
CAMP09496,2025-10-12,2025-10-25,Social,71693,1348,172,20,922.53,1261.38,0.3673
CAMP09497,2025-04-09,2025-04-23,Search,78301,3193,591,125,4030.95,9524.5,1.3628
CAMP09498,2025-10-03,2025-10-09,Search,37162,2448,585,153,3767.87,11540.69,2.0629
CAMP09499,2025-06-21,2025-06-29,Social,34443,714,90,22,572.59,1720.49,2.0048
CAMP09500,2025-02-28,2025-03-24,Search,62037,2697,498,93,4596.93,7948.52,0.7291
CAMP09501,2025-06-19,2025-06-26,Display,44078,631,63,12,345.23,898.16,1.6016
CAMP09502,2025-05-30,2025-06-12,Social,181926,4494,682,118,3749.42,8008.81,1.136
CAMP09503,2025-12-28,2026-01-11,Social,53226,1855,362,80,1398.09,7018.96,4.0204
CAMP09504,2025-09-25,2025-10-05,Search,78945,2996,522,103,4601.6,7314.28,0.5895
CAMP09505,2025-02-21,2025-03-09,Influencer,54826,1715,291,59,2184.76,3204.49,0.4667
CAMP09506,2025-04-23,2025-05-18,Influencer,42438,1756,341,67,1828.73,5768.04,2.1541
CAMP09507,2025-05-29,2025-06-10,Social,69494,1904,311,65,1644.84,3308.52,1.0115
CAMP09508,2025-03-09,2025-03-20,Email,125137,10078,2596,580,8655.5,36050.76,3.1651
CAMP09509,2025-06-18,2025-07-02,Social,53762,1290,210,39,1061.2,3027.5,1.8529
CAMP09510,2025-04-24,2025-05-13,Email,69973,4635,1080,196,3897.59,12006.12,2.0804
CAMP09511,2025-10-16,2025-10-27,Social,9296,183,23,3,133.02,212.52,0.5977
CAMP09512,2025-05-15,2025-05-25,Email,78862,7138,2089,504,5636.29,31810.27,4.6438
CAMP09513,2025-12-04,2025-12-21,Social,50082,1442,272,58,1465.14,4780.42,2.2628
CAMP09514,2025-12-17,2026-01-02,Influencer,35453,1511,318,80,1410.89,7879.75,4.5849
CAMP09515,2025-09-28,2025-10-19,Search,34882,1759,370,77,2819.04,6482.12,1.2994
CAMP09516,2025-09-23,2025-10-05,Social,130584,2878,439,96,2172.95,6945.29,2.1962
CAMP09517,2025-12-21,2026-01-14,Email,66423,4563,1166,215,2978.95,13079.47,3.3906
CAMP09518,2025-06-25,2025-07-21,Influencer,59316,1851,332,68,2013.5,4875.53,1.4214
CAMP09519,2025-05-31,2025-06-26,Influencer,133320,5887,1128,289,5380.47,32930.86,5.1204
CAMP09520,2025-02-22,2025-03-16,Email,38122,2501,592,113,2181.54,7613.5,2.49
CAMP09521,2025-08-19,2025-09-09,Display,86570,1182,129,16,815.42,1116.07,0.3687
CAMP09522,2025-10-02,2025-10-19,Search,91290,4440,936,232,6484.18,21759.99,2.3559
CAMP09523,2025-11-14,2025-11-21,Social,29029,845,163,27,775.48,1678.72,1.1647
CAMP09524,2025-05-24,2025-06-19,Social,56704,1401,207,35,984.13,2525.79,1.5665
CAMP09525,2025-04-15,2025-04-23,Display,53529,608,67,7,437.95,335.28,-0.2344
CAMP09526,2025-07-31,2025-08-17,Influencer,47390,1356,210,40,1255.87,2737.25,1.1796
CAMP09527,2025-05-12,2025-06-08,Social,28665,848,134,29,661.41,2328.8,2.521
CAMP09528,2025-03-08,2025-04-04,Email,42972,3386,866,187,3134.34,12724.98,3.0599
CAMP09529,2025-03-07,2025-03-28,Social,28117,753,132,18,591.38,1326.14,1.2424
CAMP09530,2025-01-27,2025-02-07,Email,32912,3040,853,188,2305.48,11448.33,3.9657
CAMP09531,2025-06-04,2025-06-16,Influencer,82842,2346,386,86,2887.73,7076.12,1.4504
CAMP09532,2025-06-29,2025-07-07,Display,32597,321,28,5,172.85,361.09,1.089
CAMP09533,2025-05-26,2025-06-18,Email,56275,3701,900,191,3121.71,7285.56,1.3338
CAMP09534,2025-06-14,2025-07-04,Social,146056,4657,897,173,4413.87,12258.16,1.7772
CAMP09535,2025-04-30,2025-05-14,Search,63909,2737,548,115,3673.73,7410.03,1.017
CAMP09536,2025-08-28,2025-09-15,Social,48758,874,97,19,634.5,1091.41,0.7201
CAMP09537,2025-02-15,2025-02-25,Influencer,7971,260,50,15,333.95,1225.72,2.6704
CAMP09538,2025-04-15,2025-04-27,Display,19925,303,33,2,191.52,121.83,-0.3639
CAMP09539,2025-03-26,2025-04-01,Social,48784,1133,164,24,907.44,2131.49,1.3489
CAMP09540,2025-08-06,2025-08-20,Influencer,38557,1529,331,70,1689.2,7791.36,3.6125
CAMP09541,2025-12-12,2025-12-23,Social,72455,1786,291,57,1341.43,4987.53,2.7181
CAMP09542,2025-03-01,2025-03-10,Display,58583,495,51,7,297.86,341.65,0.147
CAMP09543,2025-10-25,2025-11-18,Influencer,20726,809,149,29,1072.6,2363.14,1.2032
CAMP09544,2025-01-12,2025-02-05,Search,53286,3102,708,169,4756.05,12565.55,1.642
CAMP09545,2025-08-20,2025-09-06,Display,56829,605,50,4,390.42,286.1,-0.2672
CAMP09546,2025-04-01,2025-04-21,Social,127346,2920,438,80,3333.22,4987.93,0.4964
CAMP09547,2025-01-20,2025-01-31,Influencer,62860,1693,274,54,1754.44,4619.77,1.6332
CAMP09548,2025-08-20,2025-09-15,Display,67287,908,90,7,549.62,442.61,-0.1947
CAMP09549,2025-01-01,2025-01-10,Influencer,67727,2431,422,94,2227.74,8830.63,2.9639
CAMP09550,2025-09-12,2025-09-22,Search,102353,4714,941,209,7295.5,15393.26,1.11
CAMP09551,2025-11-26,2025-12-08,Search,202747,10218,2066,494,17028.77,43896.88,1.5778
CAMP09552,2025-12-30,2026-01-10,Display,72323,902,94,9,583.77,556.68,-0.0464
CAMP09553,2025-04-29,2025-05-22,Search,30853,2112,515,126,3039.79,11862.46,2.9024
CAMP09554,2025-11-16,2025-12-04,Display,38833,383,26,3,231.24,242.13,0.0471
CAMP09555,2025-01-27,2025-02-18,Search,45456,2999,697,209,3991.24,17514.83,3.3883
CAMP09556,2025-01-18,2025-01-30,Social,67257,1415,192,34,1230.97,2408.51,0.9566
CAMP09557,2025-12-24,2026-01-03,Display,17057,270,27,3,179.15,249.07,0.3903
CAMP09558,2025-07-02,2025-07-12,Display,91743,878,91,15,518.97,1039.65,1.0033
CAMP09559,2025-01-24,2025-02-10,Email,7110,449,112,22,400.68,1555.32,2.8817
CAMP09560,2025-02-16,2025-02-25,Influencer,120124,3729,659,145,3938.12,11886.7,2.0184
CAMP09561,2025-10-03,2025-10-30,Social,64274,1472,221,30,1370.44,1855.0,0.3536
CAMP09562,2025-01-21,2025-01-31,Influencer,48830,1907,335,65,1879.31,3960.04,1.1072
CAMP09563,2025-10-27,2025-11-05,Email,128184,9653,2471,494,7684.21,33140.39,3.3128
CAMP09564,2025-11-23,2025-12-13,Email,45436,2913,701,127,2312.5,7193.96,2.1109
CAMP09565,2025-07-11,2025-07-25,Search,60822,3192,644,163,4636.78,10118.0,1.1821
CAMP09566,2025-11-16,2025-12-11,Social,29541,813,138,24,673.72,1876.92,1.7859
CAMP09567,2025-01-08,2025-01-16,Search,35903,2170,518,116,3023.52,8812.39,1.9146
CAMP09568,2025-08-23,2025-09-17,Email,188113,12968,3238,656,8566.8,39134.51,3.5682
CAMP09569,2025-04-10,2025-04-26,Display,71854,1091,116,18,617.02,1063.85,0.7242
CAMP09570,2025-02-25,2025-03-21,Search,56516,4197,1045,305,6312.56,24230.3,2.8384
CAMP09571,2025-03-20,2025-04-12,Email,59598,3454,819,156,2164.11,9744.67,3.5029
CAMP09572,2025-10-09,2025-10-28,Email,79650,5147,1238,233,3226.21,16807.47,4.2097
CAMP09573,2025-02-28,2025-03-08,Search,29413,1641,368,78,1804.37,6200.49,2.4364
CAMP09574,2025-07-07,2025-07-16,Search,23807,1547,369,81,1791.07,6077.89,2.3934
CAMP09575,2025-03-30,2025-04-16,Influencer,6808,250,41,12,279.19,1066.78,2.821
CAMP09576,2025-07-25,2025-08-02,Email,97624,9267,2687,599,8594.56,30371.47,2.5338
CAMP09577,2025-04-09,2025-05-02,Search,36110,2421,566,171,3557.59,12852.31,2.6126
CAMP09578,2025-10-13,2025-10-22,Search,45627,2837,666,173,3972.88,18861.33,3.7475
CAMP09579,2025-04-09,2025-04-17,Social,92402,2325,372,67,1834.91,4286.71,1.3362
CAMP09580,2025-02-08,2025-03-07,Email,140075,12418,3475,809,10682.39,52757.14,3.9387
CAMP09581,2025-02-09,2025-03-02,Search,86969,5247,1206,338,5739.92,28549.87,3.9739
CAMP09582,2025-10-17,2025-11-12,Social,78163,2604,494,119,2098.08,7416.72,2.535
CAMP09583,2025-02-20,2025-03-18,Social,82681,2147,331,56,1344.61,3071.32,1.2842
CAMP09584,2025-12-15,2026-01-03,Influencer,82472,2935,504,112,2668.13,8660.56,2.2459
CAMP09585,2025-11-11,2025-11-28,Email,42031,3196,820,162,2688.92,9726.14,2.6171
CAMP09586,2025-05-02,2025-05-09,Social,64394,1656,294,45,1142.47,2453.96,1.1479
CAMP09587,2025-01-31,2025-02-20,Search,51810,2581,544,134,3658.3,9829.6,1.6869
CAMP09588,2025-12-02,2025-12-18,Social,37445,1110,169,39,871.53,2574.13,1.9536
CAMP09589,2025-12-25,2026-01-08,Display,108775,1433,160,21,942.9,1752.42,0.8585
CAMP09590,2025-11-11,2025-11-30,Search,26936,1813,451,141,3021.87,13132.0,3.3457
CAMP09591,2025-07-13,2025-08-04,Influencer,56906,1966,333,69,2115.73,6824.48,2.2256
CAMP09592,2025-10-03,2025-10-15,Social,32548,625,88,9,464.5,679.63,0.4631
CAMP09593,2025-02-17,2025-03-01,Search,10729,691,157,40,983.04,3190.88,2.2459
CAMP09594,2025-06-14,2025-06-29,Social,121638,2281,311,50,1746.0,3342.31,0.9143
CAMP09595,2025-05-10,2025-05-26,Search,164579,6721,1301,283,9242.44,21751.59,1.3534
CAMP09596,2025-06-27,2025-07-03,Social,108302,2530,398,63,2113.82,3562.56,0.6854
CAMP09597,2025-11-27,2025-12-07,Search,27418,1378,320,64,2200.05,4794.92,1.1795
CAMP09598,2025-07-18,2025-08-06,Influencer,129829,4602,813,169,6454.79,16838.01,1.6086
CAMP09599,2025-10-20,2025-11-08,Display,24736,307,28,3,214.41,214.35,-0.0003
CAMP09600,2025-12-24,2026-01-09,Display,176097,1711,133,20,1045.91,1488.06,0.4227
CAMP09601,2025-04-14,2025-05-03,Social,39416,831,134,27,589.19,2001.24,2.3966
CAMP09602,2025-04-28,2025-05-12,Influencer,84162,2444,442,87,2149.74,10430.31,3.8519
CAMP09603,2025-07-22,2025-08-13,Search,22033,1098,263,73,1528.0,6204.44,3.0605
CAMP09604,2025-09-29,2025-10-22,Search,96298,6306,1523,390,10018.96,22730.76,1.2688
CAMP09605,2025-01-15,2025-02-07,Search,58614,4091,1034,298,6377.24,30111.27,3.7217
CAMP09606,2025-03-27,2025-04-11,Social,69452,2442,474,109,1861.29,8069.05,3.3352
CAMP09607,2025-04-13,2025-04-28,Search,65626,3741,835,195,4905.45,16752.49,2.4151
CAMP09608,2025-06-06,2025-06-24,Email,47189,3423,849,164,2703.93,10294.56,2.8073
CAMP09609,2025-12-22,2026-01-09,Social,25757,733,110,19,561.35,1323.36,1.3575
CAMP09610,2025-05-07,2025-05-20,Search,92469,4390,880,195,5143.43,15760.96,2.0643
CAMP09611,2025-10-28,2025-11-06,Email,114329,8904,2417,498,7766.33,29383.51,2.7834
CAMP09612,2025-11-05,2025-11-23,Social,123324,4562,855,212,4006.02,15898.25,2.9686
CAMP09613,2025-05-11,2025-05-17,Social,60626,1725,281,62,1436.42,5288.37,2.6816
CAMP09614,2025-04-08,2025-04-16,Search,73821,4083,899,224,5793.52,18262.51,2.1522
CAMP09615,2025-01-03,2025-01-13,Social,80976,2110,310,56,1587.11,4956.37,2.1229
CAMP09616,2025-03-29,2025-04-07,Social,42120,1075,179,41,860.95,2990.24,2.4732
CAMP09617,2025-03-26,2025-04-17,Display,77188,1059,129,20,612.46,1145.79,0.8708
CAMP09618,2025-04-03,2025-04-19,Social,24165,670,120,18,631.22,1399.35,1.2169
CAMP09619,2025-04-11,2025-04-17,Display,98033,869,70,12,667.74,852.23,0.2763
CAMP09620,2025-10-28,2025-11-21,Search,34681,2385,597,143,3054.32,14540.79,3.7607
CAMP09621,2025-07-23,2025-08-10,Social,65032,1448,220,37,1335.45,2667.26,0.9973
CAMP09622,2025-04-21,2025-05-04,Search,16767,1752,563,193,2794.37,15648.87,4.6001
CAMP09623,2025-09-08,2025-09-24,Display,112599,1325,147,17,1090.76,937.6,-0.1404
CAMP09624,2025-05-19,2025-05-30,Search,107487,6513,1485,399,11000.31,36053.92,2.2775
CAMP09625,2025-08-28,2025-09-19,Social,73114,2163,368,72,1557.05,4287.79,1.7538
CAMP09626,2025-07-19,2025-08-10,Influencer,37187,1163,185,39,1341.23,2814.78,1.0987
CAMP09627,2025-03-01,2025-03-08,Search,49859,2439,486,103,4112.95,9022.26,1.1936
CAMP09628,2025-01-19,2025-02-01,Search,21715,1112,227,58,1349.32,4699.24,2.4827
CAMP09629,2025-04-30,2025-05-26,Display,45564,446,51,4,318.95,294.97,-0.0752
CAMP09630,2025-07-11,2025-08-07,Search,29721,1947,433,120,2520.07,10373.96,3.1165
CAMP09631,2025-12-15,2026-01-01,Email,63443,4436,1069,204,2896.15,11728.09,3.0495
CAMP09632,2025-06-29,2025-07-13,Email,42995,3132,815,152,2785.87,10569.3,2.7939
CAMP09633,2025-05-29,2025-06-09,Search,83595,4424,975,226,7469.55,16451.29,1.2024
CAMP09634,2025-01-16,2025-02-02,Display,131943,2026,261,33,1297.26,2615.53,1.0162
CAMP09635,2025-02-15,2025-03-13,Display,47035,714,74,11,455.26,709.94,0.5594
CAMP09636,2025-11-05,2025-11-15,Social,54408,1546,267,59,1167.38,3813.68,2.2669
CAMP09637,2025-04-10,2025-04-29,Search,44137,1976,403,93,2816.35,7305.78,1.5941
CAMP09638,2025-04-12,2025-04-27,Display,43541,660,74,9,407.04,448.25,0.1012
CAMP09639,2025-10-25,2025-11-03,Email,78511,3892,848,148,2733.96,7754.51,1.8364
CAMP09640,2025-04-16,2025-05-07,Email,36850,1870,393,65,1392.63,3751.53,1.6938
CAMP09641,2025-07-06,2025-07-21,Display,47890,611,55,7,383.29,479.74,0.2516
CAMP09642,2025-05-21,2025-06-17,Search,43886,1864,353,65,2330.07,7171.32,2.0777
CAMP09643,2025-06-13,2025-06-25,Email,52981,3674,906,201,3425.28,14018.13,3.0926
CAMP09644,2025-10-06,2025-10-23,Influencer,49864,1620,307,67,2009.15,6198.96,2.0854
CAMP09645,2025-10-20,2025-10-28,Search,44620,2932,691,167,3645.83,12149.79,2.3325
CAMP09646,2025-01-10,2025-01-29,Search,125380,5325,1063,225,8222.88,17235.73,1.0961
CAMP09647,2025-05-19,2025-06-07,Display,79496,937,98,18,694.51,1255.4,0.8076
CAMP09648,2025-03-06,2025-03-17,Search,68018,4655,1159,311,6079.14,22421.76,2.6883
CAMP09649,2025-05-20,2025-05-31,Search,90077,4643,1059,227,6715.63,14441.67,1.1505
CAMP09650,2025-11-04,2025-11-25,Search,36449,2358,579,151,4019.46,15177.09,2.7759
CAMP09651,2025-05-07,2025-05-16,Search,48501,2202,432,101,3291.15,9569.57,1.9077
CAMP09652,2025-10-20,2025-10-27,Social,41344,1013,140,26,756.59,2031.53,1.6851
CAMP09653,2025-06-27,2025-07-12,Display,43381,797,93,19,546.47,1209.76,1.2138
CAMP09654,2025-10-29,2025-11-17,Search,53327,3363,793,201,4486.31,17716.09,2.9489
CAMP09655,2025-09-02,2025-09-17,Email,90332,8488,2523,590,6985.33,46267.24,5.6235
CAMP09656,2025-03-29,2025-04-12,Influencer,40523,1521,283,65,1801.56,5114.46,1.8389
CAMP09657,2025-02-05,2025-02-24,Influencer,130630,4494,801,189,4330.2,13958.61,2.2235
CAMP09658,2025-06-07,2025-06-23,Search,94701,5195,1126,282,6985.21,16998.9,1.4336
CAMP09659,2025-09-07,2025-09-19,Social,57797,1235,157,31,823.83,2210.89,1.6837
CAMP09660,2025-02-25,2025-03-23,Influencer,19315,432,67,11,482.14,1043.11,1.1635
CAMP09661,2025-09-10,2025-10-01,Social,30540,724,112,16,494.95,1015.75,1.0522
CAMP09662,2025-05-06,2025-06-01,Influencer,75325,2362,420,78,2869.68,6484.96,1.2598
CAMP09663,2025-09-18,2025-10-04,Influencer,17920,613,118,29,535.94,2236.83,3.1737
CAMP09664,2025-06-15,2025-07-11,Influencer,71231,2509,441,118,2680.04,8330.98,2.1085
CAMP09665,2025-07-09,2025-07-24,Influencer,100865,4549,910,192,5291.58,16362.8,2.0922
CAMP09666,2025-12-31,2026-01-10,Display,41283,555,61,6,443.47,356.83,-0.1954
CAMP09667,2025-06-03,2025-06-20,Email,46874,2629,559,97,2318.83,6621.33,1.8555
CAMP09668,2025-08-15,2025-09-07,Search,34711,2025,477,127,2741.33,11944.18,3.3571
CAMP09669,2025-10-29,2025-11-24,Social,43280,752,115,18,589.15,1763.28,1.9929
CAMP09670,2025-08-06,2025-08-31,Social,13004,243,32,5,205.73,419.1,1.0371
CAMP09671,2025-12-28,2026-01-22,Search,116534,5024,1018,200,7405.3,14833.01,1.003
CAMP09672,2025-12-29,2026-01-21,Display,61919,904,113,20,519.79,1155.49,1.223
CAMP09673,2025-02-19,2025-03-09,Influencer,90120,2804,489,117,3278.42,9712.48,1.9625
CAMP09674,2025-11-25,2025-12-07,Social,118490,2897,431,89,2410.45,9829.48,3.0779
CAMP09675,2025-05-30,2025-06-06,Display,68181,882,84,16,501.15,1290.19,1.5745
CAMP09676,2025-08-26,2025-09-12,Social,75622,2328,422,81,1506.81,5792.06,2.8439
CAMP09677,2025-07-01,2025-07-11,Influencer,16888,796,156,40,709.86,3209.11,3.5208
CAMP09678,2025-11-14,2025-12-10,Social,79429,1771,274,39,1241.46,2236.42,0.8014
CAMP09679,2025-11-29,2025-12-25,Display,31865,404,30,5,259.27,325.38,0.255
CAMP09680,2025-02-02,2025-02-11,Email,103890,6293,1469,267,4290.57,16052.53,2.7414
CAMP09681,2025-04-21,2025-04-30,Search,86344,4276,895,210,5977.37,19788.5,2.3106
CAMP09682,2025-03-14,2025-04-01,Email,27311,2060,551,129,1579.14,8556.05,4.4182
CAMP09683,2025-03-11,2025-04-04,Social,12754,335,54,8,288.87,504.61,0.7468
CAMP09684,2025-01-18,2025-01-27,Email,92032,5444,1256,237,5396.46,14774.86,1.7379
CAMP09685,2025-10-11,2025-10-25,Social,90864,2083,344,52,1727.17,4017.81,1.3262
CAMP09686,2025-10-30,2025-11-18,Social,39260,1418,264,48,1022.02,3580.69,2.5035
CAMP09687,2025-09-11,2025-09-24,Influencer,70758,2862,538,111,2985.52,10882.23,2.645
CAMP09688,2025-05-27,2025-06-02,Search,95686,6655,1701,442,9331.31,26057.86,1.7925
CAMP09689,2025-10-14,2025-10-26,Search,75451,5216,1265,340,6902.63,36568.83,4.2978
CAMP09690,2025-06-15,2025-06-22,Search,43794,2860,712,191,3812.04,15857.67,3.1599
CAMP09691,2025-10-08,2025-10-27,Email,13004,739,168,36,546.26,2966.67,4.4309
CAMP09692,2025-03-31,2025-04-06,Display,17586,175,19,2,126.28,115.3,-0.0869
CAMP09693,2025-01-24,2025-01-30,Display,95099,1094,110,16,581.96,1071.36,0.841
CAMP09694,2025-06-07,2025-06-24,Social,18781,632,108,22,509.75,1700.03,2.335
CAMP09695,2025-01-16,2025-02-07,Search,129201,8473,2077,563,11392.74,42044.0,2.6904
CAMP09696,2025-06-17,2025-07-01,Search,15660,982,217,64,1331.46,5384.24,3.0439
CAMP09697,2025-12-19,2026-01-08,Email,138220,12266,3507,797,9295.62,56664.59,5.0958
CAMP09698,2025-02-18,2025-03-01,Social,91205,2414,382,76,2005.56,5929.87,1.9567
CAMP09699,2025-10-23,2025-11-18,Search,91010,6258,1589,425,8079.0,55927.58,5.9226
CAMP09700,2025-09-19,2025-10-11,Email,153093,10435,2569,496,8803.15,32207.3,2.6586
CAMP09701,2025-05-25,2025-06-17,Email,101834,5853,1329,253,4634.57,11949.54,1.5783
CAMP09702,2025-11-22,2025-12-05,Social,80782,1597,234,33,1049.03,2065.41,0.9689
CAMP09703,2025-08-19,2025-09-02,Social,55573,1094,142,23,856.07,1560.07,0.8224
CAMP09704,2025-11-08,2025-12-05,Email,22129,1387,320,72,1030.99,4412.85,3.2802
CAMP09705,2025-09-28,2025-10-20,Search,30136,1557,327,75,2247.52,5479.71,1.4381
CAMP09706,2025-05-16,2025-06-08,Email,52273,4041,1089,220,3035.37,15159.95,3.9944
CAMP09707,2025-04-25,2025-05-14,Social,127229,2282,331,44,1654.89,2753.66,0.664
CAMP09708,2025-10-10,2025-10-22,Email,36911,2411,593,102,1953.59,6502.38,2.3284
CAMP09709,2025-05-09,2025-05-22,Social,46876,1042,165,30,1013.33,1590.06,0.5691
CAMP09710,2025-03-27,2025-04-14,Email,50139,2676,590,94,2305.19,5322.55,1.3089
CAMP09711,2025-02-04,2025-02-26,Search,72227,3276,617,144,6250.11,12999.83,1.0799
CAMP09712,2025-08-20,2025-09-16,Social,67289,1630,241,49,1375.17,3013.62,1.1915
CAMP09713,2025-09-11,2025-09-18,Email,38089,2406,571,105,2204.29,4530.62,1.0554
CAMP09714,2025-12-23,2026-01-11,Influencer,65459,3155,658,176,3525.82,14867.02,3.2166
CAMP09715,2025-06-14,2025-07-10,Search,89984,6212,1567,427,9285.98,31540.67,2.3966
CAMP09716,2025-09-05,2025-09-28,Search,71954,4111,962,238,6968.28,24971.64,2.5836
CAMP09717,2025-08-24,2025-09-15,Social,18605,613,103,23,456.53,1733.9,2.798
CAMP09718,2025-04-19,2025-05-12,Social,30572,648,98,19,472.34,1309.68,1.7727
CAMP09719,2025-06-11,2025-06-24,Email,82061,5693,1413,308,3886.17,19923.74,4.1268
CAMP09720,2025-10-04,2025-10-20,Email,95124,7930,2132,442,6019.31,26801.34,3.4526
CAMP09721,2025-12-08,2026-01-01,Search,66838,3633,791,211,4924.33,14991.36,2.0443
CAMP09722,2025-11-24,2025-12-19,Email,38013,3508,992,239,3293.35,13691.56,3.1573
CAMP09723,2025-05-16,2025-06-01,Email,17906,1457,399,92,1262.66,6437.33,4.0982
CAMP09724,2025-03-22,2025-04-16,Social,28904,559,84,7,525.51,512.33,-0.0251
CAMP09725,2025-04-23,2025-05-08,Influencer,28525,1122,238,58,1197.91,4910.35,3.0991
CAMP09726,2025-01-01,2025-01-28,Search,63347,2995,603,131,4130.79,9050.01,1.1909
CAMP09727,2025-11-02,2025-11-08,Search,49515,2398,479,132,3481.94,10326.1,1.9656
CAMP09728,2025-09-13,2025-10-04,Search,74806,4534,1008,236,7660.97,22126.83,1.8883
CAMP09729,2025-01-11,2025-01-20,Email,47009,4861,1452,343,3402.59,20087.33,4.9035
CAMP09730,2025-08-25,2025-09-07,Influencer,164360,9226,2104,605,10587.66,63992.34,5.044
CAMP09731,2025-04-09,2025-04-29,Search,63419,3336,706,177,4527.42,14669.12,2.2401
CAMP09732,2025-09-16,2025-10-11,Display,150705,1632,166,17,1109.52,1024.14,-0.077
CAMP09733,2025-04-15,2025-05-04,Social,68661,1455,215,31,1120.12,1937.55,0.7298
CAMP09734,2025-02-05,2025-02-17,Search,7008,296,55,15,402.88,1151.52,1.8582
CAMP09735,2025-04-30,2025-05-19,Email,43239,2795,671,127,1912.34,8785.52,3.5941
CAMP09736,2025-03-27,2025-04-07,Search,61598,3943,991,256,5291.17,20298.86,2.8364
CAMP09737,2025-07-11,2025-08-02,Social,101587,2381,345,51,1850.94,4490.28,1.4259
CAMP09738,2025-08-31,2025-09-25,Email,94003,8183,2326,516,6990.64,33793.84,3.8342
CAMP09739,2025-11-23,2025-12-11,Influencer,34364,1274,227,53,1321.92,3356.57,1.5392
CAMP09740,2025-10-01,2025-10-11,Social,122069,3786,642,148,3022.54,10906.67,2.6084
CAMP09741,2025-01-29,2025-02-24,Email,94691,5825,1392,248,5073.59,19076.0,2.7599
CAMP09742,2025-08-28,2025-09-10,Search,47789,2255,470,104,3078.88,7892.29,1.5634
CAMP09743,2025-09-25,2025-10-18,Search,35046,1684,360,78,2154.24,6468.97,2.0029
CAMP09744,2025-02-26,2025-03-05,Email,20157,1670,440,92,1324.98,7465.43,4.6344
CAMP09745,2025-06-11,2025-06-23,Email,14751,1074,278,53,999.48,4545.22,3.5476
CAMP09746,2025-06-25,2025-07-17,Display,96027,807,70,6,530.36,414.75,-0.218
CAMP09747,2025-04-23,2025-05-09,Display,54133,612,46,6,411.51,473.27,0.1501
CAMP09748,2025-03-15,2025-03-28,Search,51974,3000,683,155,3890.88,14597.01,2.7516
CAMP09749,2025-10-05,2025-10-22,Display,58659,837,91,10,651.39,621.09,-0.0465
CAMP09750,2025-04-26,2025-05-22,Search,29645,1357,291,65,2034.63,4622.79,1.2721
CAMP09751,2025-12-15,2025-12-31,Search,131602,8208,1957,496,11759.17,47172.45,3.0115
CAMP09752,2025-03-07,2025-03-22,Email,78743,5565,1377,256,4467.43,16642.84,2.7254
CAMP09753,2025-04-07,2025-04-30,Search,81337,4773,1063,266,7267.93,18428.83,1.5356
CAMP09754,2025-10-25,2025-11-04,Display,24427,246,26,0,129.5,0.0,-1.0
CAMP09755,2025-03-19,2025-04-13,Display,56697,585,55,6,354.58,373.3,0.0528
CAMP09756,2025-02-10,2025-02-25,Influencer,22157,738,143,37,875.13,3316.01,2.7892
CAMP09757,2025-08-03,2025-08-13,Social,74137,2007,315,57,1626.55,4407.08,1.7095
CAMP09758,2025-09-05,2025-09-13,Search,100959,7451,1945,538,8310.11,42003.24,4.0545
CAMP09759,2025-04-16,2025-04-28,Influencer,36490,1368,238,51,1702.33,4058.17,1.3839
CAMP09760,2025-09-19,2025-10-01,Social,50985,1467,248,52,1179.86,3892.8,2.2994
CAMP09761,2025-04-29,2025-05-23,Social,33304,799,134,26,568.28,1950.07,2.4315
CAMP09762,2025-06-23,2025-07-05,Search,128913,6990,1554,399,8583.23,34302.43,2.9964
CAMP09763,2025-07-20,2025-07-27,Email,26507,1788,449,85,1400.97,7276.47,4.1939
CAMP09764,2025-12-05,2025-12-23,Social,56542,1638,283,51,1418.47,3381.62,1.384
CAMP09765,2025-08-11,2025-08-27,Display,41263,479,49,12,330.8,752.3,1.2742
CAMP09766,2025-01-14,2025-02-01,Email,77306,4323,975,177,4263.1,13073.6,2.0667
CAMP09767,2025-08-14,2025-08-30,Search,42674,2372,542,142,3173.43,10716.46,2.3769
CAMP09768,2025-04-08,2025-04-17,Email,56193,3510,824,160,3016.39,10366.3,2.4367
CAMP09769,2025-06-13,2025-07-07,Search,66414,3495,792,181,5448.56,17434.35,2.1998
CAMP09770,2025-01-10,2025-01-27,Display,35999,466,47,6,269.46,413.07,0.533
CAMP09771,2025-12-28,2026-01-21,Influencer,34976,989,189,35,862.54,2610.22,2.0262
CAMP09772,2025-10-08,2025-10-29,Email,21410,1261,288,65,853.66,3662.99,3.2909
CAMP09773,2025-04-08,2025-05-05,Social,39224,901,142,18,610.41,1289.4,1.1124
CAMP09774,2025-03-20,2025-04-03,Search,64243,4610,1198,329,5919.16,30624.33,4.1738
CAMP09775,2025-09-29,2025-10-19,Social,66867,1593,238,41,1202.01,2388.53,0.9871
CAMP09776,2025-11-08,2025-11-29,Social,14225,309,50,7,273.92,438.85,0.6021
CAMP09777,2025-02-26,2025-03-16,Search,72140,4015,849,220,6345.79,18035.72,1.8422
CAMP09778,2025-02-15,2025-03-05,Influencer,33041,1643,340,84,1577.77,8123.04,4.1484
CAMP09779,2025-06-10,2025-06-26,Search,34058,1764,366,67,2700.45,5013.13,0.8564
CAMP09780,2025-10-10,2025-10-22,Email,7608,748,227,52,622.45,3602.1,4.787
CAMP09781,2025-01-14,2025-02-04,Search,64363,3675,832,213,5076.54,15510.73,2.0554
CAMP09782,2025-11-28,2025-12-24,Search,98052,4936,1012,224,8107.21,16356.36,1.0175
CAMP09783,2025-03-03,2025-03-23,Social,68152,1708,248,40,1235.74,2288.33,0.8518
CAMP09784,2025-05-03,2025-05-13,Search,44915,2352,507,110,3370.75,9576.85,1.8412
CAMP09785,2025-08-17,2025-08-23,Influencer,26084,753,129,26,862.56,1811.23,1.0998
CAMP09786,2025-10-23,2025-11-03,Display,123226,1163,107,16,617.64,896.89,0.4521
CAMP09787,2025-06-01,2025-06-21,Search,30558,1440,270,60,2333.2,4961.57,1.1265
CAMP09788,2025-05-14,2025-05-20,Display,25790,297,30,3,200.15,196.37,-0.0189
CAMP09789,2025-04-16,2025-05-10,Display,143131,2385,297,48,1666.92,4435.55,1.6609
CAMP09790,2025-05-25,2025-06-15,Search,101289,7284,1810,516,10706.61,39785.69,2.716
CAMP09791,2025-10-07,2025-10-25,Display,18956,237,22,4,148.49,278.0,0.8722
CAMP09792,2025-03-22,2025-04-06,Social,32097,865,149,40,593.11,3749.05,5.321
CAMP09793,2025-09-09,2025-09-15,Display,61066,674,64,8,447.1,591.01,0.3219
CAMP09794,2025-01-28,2025-02-04,Email,67477,5667,1521,306,5087.44,21756.76,3.2766
CAMP09795,2025-02-10,2025-02-23,Display,62535,873,96,15,526.54,1077.0,1.0454
CAMP09796,2025-04-26,2025-05-02,Email,112603,8324,2120,447,6845.97,25194.85,2.6802
CAMP09797,2025-02-20,2025-03-05,Social,31575,643,96,13,533.14,950.87,0.7835
CAMP09798,2025-03-04,2025-03-22,Social,77904,2164,353,63,1601.87,4694.12,1.9304
CAMP09799,2025-01-20,2025-02-13,Email,44003,3521,957,203,3603.0,16390.3,3.5491
CAMP09800,2025-04-04,2025-04-30,Email,103561,4975,1031,180,4079.2,8898.95,1.1815
CAMP09801,2025-04-15,2025-05-10,Social,70288,1671,222,41,1300.97,2301.37,0.769
CAMP09802,2025-03-06,2025-03-12,Influencer,32475,1149,235,53,1288.6,4419.74,2.4299
CAMP09803,2025-08-09,2025-08-25,Search,43694,2599,565,155,2790.81,14059.15,4.0377
CAMP09804,2025-12-28,2026-01-18,Search,56855,2552,501,116,3286.31,8232.64,1.5051
CAMP09805,2025-06-06,2025-06-25,Search,62837,2583,473,82,5193.91,6717.34,0.2933
CAMP09806,2025-09-02,2025-09-11,Social,34618,996,176,29,676.66,1916.14,1.8318
CAMP09807,2025-12-09,2025-12-22,Search,74182,4794,1163,315,6212.26,23835.26,2.8368
CAMP09808,2025-10-19,2025-11-07,Search,65921,5193,1378,370,8396.76,35255.59,3.1987
CAMP09809,2025-06-29,2025-07-14,Influencer,113949,3936,724,160,5419.92,13867.63,1.5586
CAMP09810,2025-02-16,2025-03-01,Search,83013,4520,1002,254,5932.02,19937.4,2.361
CAMP09811,2025-07-18,2025-08-03,Social,52864,1956,370,75,1260.69,4262.78,2.3813
CAMP09812,2025-02-23,2025-03-11,Email,107152,7342,1859,356,7007.59,27666.15,2.948
CAMP09813,2025-11-01,2025-11-18,Influencer,19319,724,135,28,782.55,1933.63,1.4709
CAMP09814,2025-03-25,2025-04-14,Display,57335,1042,144,23,679.93,1418.13,1.0857
CAMP09815,2025-03-03,2025-03-11,Search,104883,5144,1059,233,5809.14,16724.9,1.8791
CAMP09816,2025-11-25,2025-12-19,Influencer,30434,693,95,18,732.1,1227.51,0.6767
CAMP09817,2025-11-16,2025-11-27,Email,45317,3542,888,218,2969.88,13973.57,3.7051
CAMP09818,2025-02-14,2025-03-11,Search,88420,4033,801,164,5321.1,13123.81,1.4664
CAMP09819,2025-02-12,2025-02-24,Social,30345,901,153,31,663.62,1934.69,1.9154
CAMP09820,2025-12-10,2026-01-05,Display,59414,669,75,15,378.62,821.5,1.1697
CAMP09821,2025-03-31,2025-04-11,Influencer,27802,990,175,32,1166.74,3202.77,1.7451
CAMP09822,2025-04-21,2025-05-05,Search,74448,3287,668,138,4439.48,11016.1,1.4814
CAMP09823,2025-05-21,2025-06-03,Influencer,109718,3020,474,100,2956.76,6368.44,1.1539
CAMP09824,2025-11-07,2025-12-03,Search,60602,3395,757,190,6019.99,14570.46,1.4203
CAMP09825,2025-03-15,2025-03-22,Display,51050,579,50,4,387.0,238.8,-0.3829
CAMP09826,2025-06-26,2025-07-02,Social,27861,540,73,9,451.43,510.82,0.1316
CAMP09827,2025-04-04,2025-04-24,Social,27881,653,82,12,490.82,928.46,0.8917
CAMP09828,2025-08-12,2025-08-19,Search,81287,4379,962,226,6683.68,19491.65,1.9163
CAMP09829,2025-08-17,2025-09-05,Email,26290,2147,577,121,2202.26,9639.78,3.3772
CAMP09830,2025-03-26,2025-04-14,Search,31876,2187,535,135,3391.08,10180.48,2.0021
CAMP09831,2025-02-21,2025-03-01,Influencer,46316,1495,277,52,1460.0,5060.48,2.4661
CAMP09832,2025-01-16,2025-02-04,Search,79714,4089,886,227,7119.56,17593.01,1.4711
CAMP09833,2025-11-16,2025-11-24,Email,79507,4684,1097,199,4067.12,10913.37,1.6833
CAMP09834,2025-10-13,2025-10-21,Search,129143,5820,1137,239,7578.91,18724.43,1.4706
CAMP09835,2025-01-20,2025-01-31,Social,50434,1327,209,35,1064.93,2143.17,1.0125
CAMP09836,2025-08-26,2025-09-01,Display,45044,543,49,8,376.23,675.6,0.7957
CAMP09837,2025-06-28,2025-07-24,Display,29312,370,34,8,230.25,476.52,1.0696
CAMP09838,2025-06-29,2025-07-23,Search,54761,3663,918,234,7140.38,20187.46,1.8272
CAMP09839,2025-09-25,2025-10-02,Search,118668,8008,1977,511,9307.34,35897.06,2.8569
CAMP09840,2025-07-22,2025-07-29,Display,37862,441,46,9,277.06,741.0,1.6745
CAMP09841,2025-06-26,2025-07-03,Influencer,137042,5478,1063,241,5896.35,25058.53,3.2498
CAMP09842,2025-08-17,2025-08-31,Social,45366,919,141,18,753.3,1529.17,1.03
CAMP09843,2025-02-25,2025-03-20,Search,23288,1815,479,150,2482.56,13278.91,4.3489
CAMP09844,2025-08-11,2025-08-31,Display,36463,465,42,7,297.88,529.58,0.7778
CAMP09845,2025-02-27,2025-03-15,Search,12367,511,99,22,739.95,2291.61,2.097
CAMP09846,2025-06-12,2025-06-24,Search,125310,6568,1449,343,8404.14,21927.47,1.6091
CAMP09847,2025-08-24,2025-09-17,Social,27010,526,72,11,430.28,800.95,0.8615
CAMP09848,2025-03-23,2025-04-12,Social,92661,2265,323,54,1405.18,3235.7,1.3027
CAMP09849,2025-10-08,2025-10-16,Search,20943,907,180,44,1052.68,3893.64,2.6988
CAMP09850,2025-12-11,2025-12-19,Email,89313,6917,1758,365,6553.42,15607.7,1.3816
CAMP09851,2025-06-27,2025-07-08,Social,90979,2163,320,58,1982.11,4634.5,1.3382
CAMP09852,2025-08-21,2025-09-17,Influencer,38107,1272,196,44,1180.41,5632.8,3.7719
CAMP09853,2025-06-20,2025-07-13,Social,93948,2294,348,62,1967.71,4621.01,1.3484
CAMP09854,2025-06-16,2025-07-13,Search,40502,2064,460,109,2512.99,7478.0,1.9757
CAMP09855,2025-01-11,2025-01-17,Social,44914,842,115,14,846.79,590.48,-0.3027
CAMP09856,2025-06-13,2025-07-09,Influencer,35343,1749,382,107,2083.34,10764.21,4.1668
CAMP09857,2025-04-09,2025-04-17,Influencer,14807,390,62,16,406.97,1483.85,2.6461
CAMP09858,2025-05-04,2025-05-27,Social,38450,904,123,21,809.16,2239.63,1.7678
CAMP09859,2025-04-09,2025-05-06,Display,61491,982,104,16,737.0,990.85,0.3444
CAMP09860,2025-09-15,2025-09-25,Email,25126,1323,317,59,1099.41,4754.53,3.3246
CAMP09861,2025-01-08,2025-02-03,Email,80960,5272,1285,263,5270.25,17922.37,2.4007
CAMP09862,2025-12-08,2025-12-14,Display,73289,921,99,7,598.23,581.06,-0.0287
CAMP09863,2025-03-20,2025-04-14,Search,59180,3209,678,151,3522.34,11811.77,2.3534
CAMP09864,2025-04-28,2025-05-11,Email,92537,7192,1849,388,5392.15,23611.84,3.3789
CAMP09865,2025-11-18,2025-12-13,Social,67788,1943,320,68,1542.0,4526.16,1.9353
CAMP09866,2025-07-27,2025-08-06,Email,14614,1197,342,81,990.25,4308.79,3.3512
CAMP09867,2025-12-06,2025-12-26,Influencer,31518,980,154,34,1203.02,2219.04,0.8446
CAMP09868,2025-03-12,2025-04-07,Influencer,25391,892,160,37,947.97,3882.89,3.096
CAMP09869,2025-10-24,2025-11-05,Social,42757,1483,281,56,1039.42,4059.09,2.9051
CAMP09870,2025-04-22,2025-05-15,Influencer,64789,2195,392,96,2293.3,6845.86,1.9852
CAMP09871,2025-02-22,2025-03-15,Social,73659,1927,310,53,1726.98,4447.07,1.5751
CAMP09872,2025-05-20,2025-06-09,Social,32012,1202,217,52,954.57,4423.78,3.6343
CAMP09873,2025-11-15,2025-12-08,Display,50500,832,100,14,479.65,891.02,0.8576
CAMP09874,2025-05-18,2025-05-27,Influencer,30002,1066,171,41,1101.26,4527.4,3.1111
CAMP09875,2025-06-01,2025-06-24,Display,79819,833,76,9,686.58,511.56,-0.2549
CAMP09876,2025-08-08,2025-08-15,Social,23441,570,75,15,459.81,993.03,1.1597
CAMP09877,2025-06-17,2025-07-10,Influencer,66708,1640,239,48,1940.87,3234.66,0.6666
CAMP09878,2025-04-23,2025-05-01,Influencer,27016,1189,238,60,1077.27,5326.04,3.944
CAMP09879,2025-02-02,2025-02-11,Social,182561,5136,839,154,4059.27,11675.03,1.8761
CAMP09880,2025-11-16,2025-11-28,Email,57351,3295,734,136,3024.34,8994.17,1.9739
CAMP09881,2025-07-17,2025-08-10,Social,62917,1256,192,38,694.58,2775.0,2.9952
CAMP09882,2025-02-28,2025-03-18,Email,17942,1124,270,41,922.19,2859.69,2.101
CAMP09883,2025-11-15,2025-11-29,Search,14139,778,185,45,1492.85,2736.72,0.8332
CAMP09884,2025-02-28,2025-03-11,Social,70028,2057,340,60,1303.5,5705.8,3.3773
CAMP09885,2025-01-25,2025-02-21,Email,54710,3364,757,144,2403.08,8802.11,2.6628
CAMP09886,2025-06-07,2025-07-03,Influencer,79969,2882,484,116,4065.08,11435.68,1.8132
CAMP09887,2025-01-15,2025-02-10,Influencer,40664,1505,272,52,1693.57,4856.24,1.8675
CAMP09888,2025-10-22,2025-10-30,Search,47209,3217,798,203,5327.13,17599.63,2.3038
CAMP09889,2025-05-02,2025-05-13,Email,47451,2544,596,109,1921.58,8631.06,3.4916
CAMP09890,2025-10-13,2025-10-29,Email,70175,4990,1248,248,4815.14,16617.65,2.4511
CAMP09891,2025-07-15,2025-08-09,Email,27010,2267,619,118,1753.76,6398.62,2.6485
CAMP09892,2025-10-10,2025-10-30,Social,48481,809,99,12,514.15,1017.59,0.9792
CAMP09893,2025-10-20,2025-10-30,Influencer,97373,3554,634,146,3448.04,11159.83,2.2366
CAMP09894,2025-09-17,2025-10-06,Email,55938,4133,1071,194,4007.99,13543.71,2.3792
CAMP09895,2025-07-13,2025-08-03,Search,92809,4227,844,167,5054.42,15558.13,2.0781
CAMP09896,2025-07-30,2025-08-13,Search,56464,2921,595,126,4210.09,8424.73,1.0011
CAMP09897,2025-10-29,2025-11-11,Social,70852,1854,315,53,1250.88,3905.58,2.1223
CAMP09898,2025-05-26,2025-06-18,Search,43593,2535,567,137,4076.56,7791.02,0.9112
CAMP09899,2025-09-12,2025-10-03,Display,38156,369,41,1,205.94,70.83,-0.6561
CAMP09900,2025-01-06,2025-01-15,Display,188815,2212,196,19,1504.61,1291.93,-0.1414
CAMP09901,2025-10-11,2025-10-28,Search,105341,5728,1279,290,7091.49,21303.54,2.0041
CAMP09902,2025-06-08,2025-06-22,Email,133773,7795,1812,344,5690.06,28937.57,4.0856
CAMP09903,2025-02-23,2025-03-11,Search,23188,1007,240,54,1579.93,4240.17,1.6838
CAMP09904,2025-06-18,2025-07-02,Display,65004,1137,135,30,735.72,1804.04,1.4521
CAMP09905,2025-03-01,2025-03-22,Social,24598,629,84,20,457.73,1484.5,2.2432
CAMP09906,2025-11-07,2025-11-14,Influencer,100837,4193,839,220,4484.21,18657.36,3.1607
CAMP09907,2025-08-15,2025-09-08,Social,60183,1638,267,49,1161.79,3612.55,2.1095
CAMP09908,2025-09-15,2025-10-10,Search,89159,7043,1829,525,9505.62,40288.86,3.2384
CAMP09909,2025-05-05,2025-05-27,Search,39194,1773,365,80,2694.22,7152.3,1.6547
CAMP09910,2025-06-24,2025-07-02,Email,41293,2266,507,80,2030.08,5801.59,1.8578
CAMP09911,2025-12-13,2025-12-29,Social,101084,2691,442,73,1908.61,3982.11,1.0864
CAMP09912,2025-08-20,2025-09-09,Influencer,86677,3182,585,120,3647.77,8871.8,1.4321
CAMP09913,2025-03-09,2025-03-29,Social,65620,1247,170,29,1152.56,1707.07,0.4811
CAMP09914,2025-10-15,2025-10-21,Influencer,13462,300,59,6,355.36,470.14,0.323
CAMP09915,2025-03-18,2025-04-12,Search,44647,2784,664,178,3915.77,13196.8,2.3702
CAMP09916,2025-09-13,2025-10-02,Search,67467,3675,807,201,4703.03,19055.16,3.0517
CAMP09917,2025-05-29,2025-06-18,Social,171306,4599,727,130,4680.63,13484.42,1.8809
CAMP09918,2025-05-23,2025-06-11,Search,30397,1300,247,57,1904.16,5345.74,1.8074
CAMP09919,2025-09-08,2025-10-05,Social,95870,2979,520,97,2093.79,6390.56,2.0521
CAMP09920,2025-07-11,2025-08-02,Influencer,64399,2665,529,124,3612.97,11981.74,2.3163
CAMP09921,2025-07-20,2025-08-15,Display,84480,1116,115,16,778.74,657.1,-0.1562
CAMP09922,2025-01-11,2025-02-06,Social,80845,2189,363,82,1486.28,7046.79,3.7412
CAMP09923,2025-11-20,2025-12-16,Social,73187,2199,367,55,2053.7,2774.76,0.3511
CAMP09924,2025-12-12,2026-01-02,Email,91278,6022,1472,274,6958.33,16661.1,1.3944
CAMP09925,2025-12-10,2025-12-21,Search,68059,3072,584,122,3531.07,7417.87,1.1007
CAMP09926,2025-03-10,2025-04-04,Display,40734,348,31,5,265.3,267.44,0.0081
CAMP09927,2025-04-16,2025-04-29,Email,39331,3091,812,158,2785.23,12022.66,3.3166
CAMP09928,2025-03-09,2025-03-19,Email,61791,4927,1274,264,3806.31,11915.95,2.1306
CAMP09929,2025-01-25,2025-02-21,Email,35791,3238,865,183,2195.67,12730.28,4.7979
CAMP09930,2025-01-27,2025-02-06,Social,49817,1236,194,34,923.83,2567.78,1.7795
CAMP09931,2025-11-12,2025-11-29,Social,41555,843,117,19,684.99,1111.74,0.623
CAMP09932,2025-05-02,2025-05-22,Social,32104,911,145,38,837.28,2651.06,2.1663
CAMP09933,2025-10-29,2025-11-05,Email,29642,1844,404,73,1515.7,5744.34,2.7899
CAMP09934,2025-05-17,2025-06-12,Social,62319,1823,299,65,1620.95,5108.41,2.1515
CAMP09935,2025-05-03,2025-05-16,Email,43030,2958,715,137,2380.93,10988.58,3.6152
CAMP09936,2025-05-27,2025-06-11,Display,26423,247,18,1,148.56,66.09,-0.5551
CAMP09937,2025-02-11,2025-03-02,Display,61151,656,70,12,327.13,826.36,1.5261
CAMP09938,2025-05-19,2025-06-06,Search,38599,3021,800,237,5260.41,19181.37,2.6464
CAMP09939,2025-04-30,2025-05-10,Social,46916,1249,194,37,984.12,3045.51,2.0947
CAMP09940,2025-11-06,2025-11-17,Search,47990,2630,557,137,3866.91,11561.25,1.9898
CAMP09941,2025-08-17,2025-09-04,Search,76223,5312,1332,360,8642.17,25311.53,1.9288
CAMP09942,2025-11-30,2025-12-10,Search,74891,4358,954,221,5800.81,19810.26,2.4151
CAMP09943,2025-03-31,2025-04-16,Email,105155,8519,2234,486,6797.72,40354.94,4.9365
CAMP09944,2025-04-28,2025-05-18,Search,52156,2456,517,116,3977.55,8352.96,1.1
CAMP09945,2025-07-08,2025-07-26,Search,17235,1193,312,70,1483.55,6452.89,3.3496
CAMP09946,2025-01-07,2025-01-23,Search,43989,2296,483,103,2521.29,8608.67,2.4144
CAMP09947,2025-04-03,2025-04-30,Search,90561,4056,792,173,5763.32,12884.0,1.2355
CAMP09948,2025-08-22,2025-09-05,Email,9115,625,170,32,476.85,1600.36,2.3561
CAMP09949,2025-07-18,2025-08-07,Social,17883,456,68,10,401.38,702.89,0.7512
CAMP09950,2025-09-27,2025-10-22,Influencer,43848,1624,289,63,1987.54,4493.39,1.2608
CAMP09951,2025-09-24,2025-09-30,Display,32612,325,17,1,190.32,66.34,-0.6514
CAMP09952,2025-08-13,2025-09-03,Influencer,34102,1418,294,82,1671.39,7517.27,3.4976
CAMP09953,2025-01-22,2025-01-31,Display,35145,355,31,1,219.78,68.54,-0.6881
CAMP09954,2025-08-19,2025-09-04,Search,67264,3566,770,185,5305.66,17593.12,2.3159
CAMP09955,2025-03-21,2025-04-17,Influencer,73028,1846,287,52,2131.18,5040.85,1.3653
CAMP09956,2025-10-20,2025-11-09,Email,57909,4134,1040,206,3124.86,10327.18,2.3048
CAMP09957,2025-01-28,2025-02-14,Display,73760,715,61,13,470.69,810.47,0.7219
CAMP09958,2025-11-25,2025-12-17,Influencer,38445,1629,338,88,1591.48,8085.25,4.0803
CAMP09959,2025-11-13,2025-11-20,Search,48147,2141,412,79,2766.55,4350.02,0.5724
CAMP09960,2025-05-11,2025-06-05,Social,29229,710,100,13,595.56,1011.62,0.6986
CAMP09961,2025-09-12,2025-09-28,Influencer,39528,1483,278,65,1879.59,6560.85,2.4906
CAMP09962,2025-02-10,2025-03-03,Social,59785,1728,277,52,1265.32,3941.44,2.115
CAMP09963,2025-07-04,2025-07-14,Social,108458,2365,366,57,1986.88,3318.26,0.6701
CAMP09964,2025-10-10,2025-10-31,Search,64167,2922,595,128,3361.2,13883.78,3.1306
CAMP09965,2025-04-20,2025-05-13,Display,49272,516,44,5,281.78,251.45,-0.1076
CAMP09966,2025-01-01,2025-01-23,Search,12177,817,177,42,1069.63,3579.06,2.3461
CAMP09967,2025-07-21,2025-07-29,Influencer,157328,4147,683,113,3679.96,10522.57,1.8594
CAMP09968,2025-06-18,2025-06-30,Email,79127,6222,1615,378,4118.16,23272.86,4.6513
CAMP09969,2025-02-01,2025-02-21,Search,28413,1869,452,116,2265.15,7363.71,2.2509
CAMP09970,2025-06-07,2025-06-20,Influencer,19864,599,94,23,600.93,2578.06,3.2901
CAMP09971,2025-12-21,2025-12-31,Social,46386,1537,263,57,1262.81,3162.83,1.5046
CAMP09972,2025-12-09,2025-12-22,Search,68951,3082,583,135,4237.66,10047.31,1.371
CAMP09973,2025-09-08,2025-09-30,Search,76672,4018,884,189,5491.25,15882.91,1.8924
CAMP09974,2025-05-09,2025-05-17,Search,89008,4881,1060,251,7318.48,22060.07,2.0143
CAMP09975,2025-05-19,2025-06-02,Search,43552,1950,377,92,2695.94,6270.49,1.3259
CAMP09976,2025-08-06,2025-09-02,Email,57832,4782,1285,304,3642.26,20207.16,4.548
CAMP09977,2025-02-28,2025-03-17,Search,135239,8169,1864,478,12064.62,45551.91,2.7757
CAMP09978,2025-10-18,2025-11-08,Display,55969,681,75,11,398.77,937.4,1.3507
CAMP09979,2025-07-17,2025-07-26,Search,57130,2878,579,130,3004.24,15044.82,4.0079
CAMP09980,2025-05-17,2025-05-23,Influencer,66776,1889,285,64,2832.58,6058.9,1.139
CAMP09981,2025-09-29,2025-10-05,Email,127327,8111,1864,348,5540.16,21736.34,2.9234
CAMP09982,2025-04-22,2025-05-19,Email,80841,6842,1894,409,5456.22,26091.72,3.782
CAMP09983,2025-12-18,2025-12-28,Influencer,82954,2646,444,93,2407.39,9489.16,2.9417
CAMP09984,2025-06-11,2025-06-24,Display,14634,129,18,2,75.34,128.65,0.7076
CAMP09985,2025-05-25,2025-06-20,Social,96638,3195,604,120,2748.15,7766.52,1.8261
CAMP09986,2025-04-02,2025-04-28,Email,103748,8320,2240,451,6715.17,25939.83,2.8629
CAMP09987,2025-01-30,2025-02-13,Influencer,19774,906,170,52,938.77,4276.71,3.5557
CAMP09988,2025-03-26,2025-04-07,Email,19530,1852,531,127,1989.82,11357.45,4.7078
CAMP09989,2025-07-09,2025-07-31,Social,63862,1031,137,18,942.25,1485.27,0.5763
CAMP09990,2025-02-09,2025-03-05,Search,73620,3661,738,148,5183.49,10529.07,1.0313
CAMP09991,2025-06-11,2025-07-06,Display,55685,696,62,7,407.41,476.79,0.1703
CAMP09992,2025-12-07,2025-12-23,Email,93442,6049,1387,288,5974.84,15016.28,1.5133
CAMP09993,2025-06-06,2025-06-20,Display,123682,1227,116,16,808.07,1254.18,0.5521
CAMP09994,2025-06-26,2025-07-07,Search,21152,918,200,57,1468.63,4770.77,2.2484
CAMP09995,2025-07-10,2025-07-28,Search,131774,4760,858,138,6940.71,13020.53,0.876
CAMP09996,2025-07-16,2025-07-22,Search,73122,4629,1115,291,5014.1,23431.94,3.6732
CAMP09997,2025-08-16,2025-09-02,Influencer,21521,989,201,42,1214.64,3781.77,2.1135
CAMP09998,2025-10-20,2025-11-06,Social,17082,508,88,23,467.98,2194.66,3.6896
CAMP09999,2025-12-07,2025-12-22,Social,23724,465,75,9,298.53,744.35,1.4934
CAMP10000,2025-05-14,2025-05-29,Search,30535,1794,406,110,2466.07,8733.24,2.5414
