Customer ID,FirstPurchase,LastPurchase,Orders,Monetary,AverageOrderValue,RecencyDays,CustomerAgeDays,RepeatCustomer,SecondPurchase,DaysToSecondPurchase,EligibleFor90DayRepeat,RepeatWithin90Days,R_Score,F_Score,M_Score,RFM_Score,RFM Segment,Lifecycle,CRM Priority
12346,2009-12-14 08:34:00,2011-01-18 10:01:00,12,77556.46,6463.038333333334,326,726,True,2009-12-14 11:00:00,0.0,True,True,2,5,5,12,At Risk,Dormant,Low-cost reactivation
12347,2010-10-31 14:20:00,2011-12-07 15:52:00,8,4921.53,615.19125,2,404,True,2010-12-07 14:57:00,37.0,True,True,5,4,5,14,Champions,Active repeat,Protect high-value active
12348,2010-09-27 14:59:00,2011-09-25 13:13:00,5,2019.3999999999999,403.88,75,438,True,2010-12-16 19:09:00,80.0,True,True,3,4,4,11,Loyal Customers,Active repeat,Develop loyalty
12349,2010-04-29 13:20:00,2011-11-21 09:51:00,4,4428.69,1107.1725,19,589,True,2010-05-18 09:57:00,18.0,True,True,5,3,5,13,Potential Loyalists,Active repeat,Protect high-value active
12350,2011-02-02 16:01:00,2011-02-02 16:01:00,1,334.4,334.4,310,310,False,,,True,False,2,1,2,5,Hibernating,Dormant,Low-cost reactivation
12351,2010-11-29 15:23:00,2010-11-29 15:23:00,1,300.93,300.93,375,375,False,,,True,False,2,1,2,5,Hibernating,Dormant,Low-cost reactivation
12352,2010-11-12 10:20:00,2011-11-03 14:37:00,10,2849.84,284.98400000000004,36,393,True,2010-11-29 10:07:00,16.0,True,True,4,5,4,13,Champions,Active repeat,Protect high-value active
12353,2010-10-27 12:44:00,2011-05-19 17:47:00,2,406.76,203.38,204,409,True,2011-05-19 17:47:00,204.0,True,False,2,2,2,6,Hibernating,Dormant,Low-cost reactivation
12354,2011-04-21 13:11:00,2011-04-21 13:11:00,1,1079.4,1079.4,232,232,False,,,True,False,2,1,3,6,Hibernating,Dormant,Low-cost reactivation
12355,2010-05-21 11:59:00,2011-05-09 13:49:00,2,947.61,473.805,214,568,True,2011-05-09 13:49:00,353.0,True,False,2,2,3,7,Hibernating,Dormant,Low-cost reactivation
12356,2010-10-11 09:42:00,2011-11-17 08:40:00,6,6371.7300000000005,1061.9550000000002,23,425,True,2010-11-11 14:23:00,31.0,True,True,4,4,5,13,Champions,Active repeat,Protect high-value active
12357,2010-11-16 10:05:00,2011-11-06 16:07:00,3,18287.66,6095.886666666666,33,389,True,2010-11-16 14:29:00,0.0,True,True,4,3,5,12,Potential Loyalists,Active repeat,Protect high-value active
12358,2009-12-08 07:59:00,2011-12-08 10:26:00,5,3887.07,777.414,2,732,True,2010-06-07 12:28:00,181.0,True,False,5,4,5,14,Champions,Active repeat,Protect high-value active
12359,2009-12-05 13:32:00,2011-10-13 12:47:00,10,8873.39,887.3389999999999,58,734,True,2009-12-16 15:24:00,11.0,True,True,4,5,5,14,Champions,Active repeat,Protect high-value active
12360,2010-02-22 09:32:00,2011-10-18 15:22:00,8,4252.889999999999,531.6112499999999,52,656,True,2010-03-24 10:39:00,30.0,True,True,4,4,5,13,Champions,Active repeat,Protect high-value active
12361,2010-01-26 14:37:00,2011-02-25 13:51:00,4,511.25,127.8125,287,682,True,2010-05-09 15:33:00,103.0,True,False,2,3,2,7,At Risk,Dormant,Low-cost reactivation
12362,2009-12-01 10:10:00,2011-12-06 15:40:00,11,5356.23,486.92999999999995,3,739,True,2011-02-17 10:30:00,443.0,True,False,5,5,5,15,Champions,Active repeat,Protect high-value active
12363,2011-04-11 13:29:00,2011-08-22 10:18:00,2,552.0,276.0,110,242,True,2011-08-22 10:18:00,132.0,True,False,3,2,2,7,Needs Attention,At risk,Test win-back
12364,2011-08-19 15:24:00,2011-12-02 10:22:00,4,1313.1,328.275,8,112,True,2011-09-22 16:07:00,34.0,True,True,5,3,4,12,Potential Loyalists,Active repeat,Develop loyalty
12365,2011-02-21 13:51:00,2011-02-21 14:04:00,2,641.38,320.69,291,291,True,2011-02-21 14:04:00,0.0,True,True,2,2,3,7,Hibernating,Dormant,Low-cost reactivation
12366,2010-03-16 10:28:00,2010-03-16 10:28:00,1,500.24,500.24,634,634,False,,,True,False,1,1,2,4,Hibernating,Dormant,Low-cost reactivation
12367,2011-12-05 16:48:00,2011-12-05 16:48:00,1,168.9,168.9,4,4,False,,,False,False,5,1,1,7,New Customers,New,Drive second purchase
12368,2010-03-21 15:56:00,2010-03-21 15:56:00,1,917.6999999999999,917.6999999999999,628,628,False,,,True,False,1,1,3,5,Hibernating,Dormant,Low-cost reactivation
12369,2010-03-08 08:09:00,2010-10-22 13:13:00,3,1791.1499999999999,597.05,413,642,True,2010-09-16 14:34:00,192.0,True,False,1,3,4,8,At Risk,Dormant,Low-cost reactivation
12370,2010-02-09 09:41:00,2011-10-19 14:51:00,7,4316.5599999999995,616.6514285714285,51,669,True,2010-03-25 10:28:00,44.0,True,True,4,4,5,13,Champions,Active repeat,Protect high-value active
12371,2010-03-04 18:23:00,2011-10-26 10:16:00,5,4067.38,813.476,45,645,True,2010-03-04 18:25:00,0.0,True,True,4,4,5,13,Champions,Active repeat,Protect high-value active
12372,2011-02-16 12:46:00,2011-09-29 12:12:00,3,1298.04,432.68,72,297,True,2011-05-11 10:43:00,83.0,True,True,3,3,4,10,Needs Attention,Active repeat,Develop loyalty
12373,2010-02-04 12:08:00,2011-02-01 13:10:00,3,1127.65,375.8833333333334,311,674,True,2010-03-25 13:49:00,49.0,True,True,2,3,3,8,At Risk,Dormant,Low-cost reactivation
12374,2010-04-30 14:01:00,2011-11-14 15:37:00,4,2989.2200000000003,747.3050000000001,25,588,True,2010-10-14 10:16:00,166.0,True,False,4,3,5,12,Potential Loyalists,Active repeat,Protect high-value active
12375,2011-09-02 14:23:00,2011-11-29 10:36:00,2,457.5,228.75,11,98,True,2011-11-29 10:36:00,87.0,True,True,5,2,2,9,Potential Loyalists,Active repeat,Develop loyalty
12376,2010-10-18 08:42:00,2010-11-15 12:15:00,2,503.15,251.575,390,418,True,2010-11-15 12:15:00,28.0,True,True,2,2,2,6,Hibernating,Dormant,Low-cost reactivation
12377,2010-04-29 15:34:00,2011-01-28 15:45:00,4,3426.32,856.58,315,589,True,2010-11-23 19:24:00,208.0,True,False,2,3,5,10,At Risk,Dormant,Low-cost reactivation
12378,2010-05-26 14:07:00,2011-08-02 10:34:00,2,5416.32,2708.16,130,562,True,2011-08-02 10:34:00,432.0,True,False,3,2,5,10,Needs Attention,At risk,Win back high-value
12379,2010-06-23 12:49:00,2011-09-19 10:09:00,4,1620.22,405.055,82,535,True,2010-10-13 14:46:00,112.0,True,False,3,3,4,10,Needs Attention,Active repeat,Develop loyalty
12380,2010-02-15 12:05:00,2011-11-18 11:27:00,11,9676.300000000001,879.6636363636364,22,663,True,2010-02-15 12:31:00,0.0,True,True,4,5,5,14,Champions,Active repeat,Protect high-value active
12381,2011-08-12 09:57:00,2011-12-05 12:44:00,5,1845.31,369.062,5,120,True,2011-10-11 15:45:00,60.0,True,True,5,4,4,13,Champions,Active repeat,Develop loyalty
12383,2010-12-22 14:28:00,2011-06-08 08:02:00,5,1850.56,370.11199999999997,185,352,True,2011-01-12 14:10:00,20.0,True,True,3,4,4,11,Loyal Customers,Dormant,Low-cost reactivation
12384,2011-08-10 11:23:00,2011-11-11 08:39:00,2,585.27,292.635,29,122,True,2011-11-11 08:39:00,92.0,True,False,4,2,2,8,Potential Loyalists,Active repeat,Develop loyalty
12385,2010-11-25 15:14:00,2010-11-25 15:14:00,1,1938.4,1938.4,379,379,False,,,True,False,2,1,4,7,Hibernating,Dormant,Low-cost reactivation
12386,2010-12-08 09:53:00,2011-01-06 12:37:00,2,401.9,200.95,338,367,True,2011-01-06 12:37:00,29.0,True,True,2,2,2,6,Hibernating,Dormant,Low-cost reactivation
12387,2010-10-20 16:27:00,2010-10-20 16:27:00,1,143.94,143.94,415,415,False,,,True,False,1,1,1,3,Hibernating,Dormant,Low-cost reactivation
12388,2010-05-06 12:54:00,2011-11-24 12:30:00,8,3901.11,487.63875,16,582,True,2010-09-20 12:41:00,136.0,True,False,5,4,5,14,Champions,Active repeat,Protect high-value active
12389,2010-02-22 10:15:00,2010-11-02 11:52:00,3,1433.33,477.77666666666664,403,656,True,2010-05-21 15:12:00,88.0,True,True,2,3,4,9,At Risk,Dormant,Low-cost reactivation
12390,2011-09-21 09:33:00,2011-09-21 09:33:00,1,549.84,549.84,80,80,False,,,False,False,3,1,2,6,Needs Attention,New,Drive second purchase
12391,2010-02-15 10:12:00,2011-11-18 12:07:00,6,2724.84,454.14000000000004,22,663,True,2010-02-22 10:13:00,7.0,True,True,4,4,4,12,Champions,Active repeat,Protect high-value active
12392,2010-04-27 14:04:00,2010-04-27 14:04:00,1,234.75000000000003,234.75000000000003,591,591,False,,,True,False,1,1,1,3,Hibernating,Dormant,Low-cost reactivation
12393,2010-10-07 13:49:00,2011-09-28 15:41:00,6,2399.45,399.9083333333333,72,428,True,2010-11-22 16:10:00,46.0,True,True,3,4,4,11,Loyal Customers,Active repeat,Protect high-value active
12394,2011-05-06 14:01:00,2011-10-07 08:08:00,2,1272.48,636.24,64,217,True,2011-10-07 08:08:00,153.0,True,False,3,2,4,9,Needs Attention,Active repeat,Develop loyalty
12395,2010-04-16 10:16:00,2011-11-20 15:21:00,15,4721.17,314.74466666666666,19,603,True,2010-08-02 12:37:00,108.0,True,False,5,5,5,15,Champions,Active repeat,Protect high-value active
12396,2010-02-03 13:22:00,2010-02-03 13:22:00,1,931.43,931.43,674,674,False,,,True,False,1,1,3,5,Hibernating,Dormant,Low-cost reactivation
12397,2011-07-27 14:21:00,2011-11-04 09:52:00,2,2409.8999999999996,1204.9499999999998,36,135,True,2011-11-04 09:52:00,99.0,True,False,4,2,4,10,Potential Loyalists,Active repeat,Protect high-value active
12398,2011-10-25 10:27:00,2011-10-25 10:27:00,1,1635.6599999999999,1635.6599999999999,46,46,False,,,False,False,4,1,4,9,New Customers,New,Drive second purchase
12399,2010-03-05 08:45:00,2011-08-12 13:15:00,7,1962.3000000000002,280.3285714285715,119,645,True,2010-07-08 09:13:00,125.0,True,False,3,4,4,11,Loyal Customers,At risk,Test win-back
12400,2010-10-21 13:45:00,2010-10-21 13:45:00,1,205.25,205.25,414,414,False,,,True,False,1,1,1,3,Hibernating,Dormant,Low-cost reactivation
12401,2011-02-09 13:50:00,2011-02-09 13:50:00,1,84.3,84.3,303,303,False,,,True,False,2,1,1,4,Hibernating,Dormant,Low-cost reactivation
12402,2010-02-07 12:41:00,2011-01-20 13:49:00,6,1256.9,209.48333333333335,323,671,True,2010-04-18 12:04:00,69.0,True,True,2,4,4,10,At Risk,Dormant,Low-cost reactivation
12403,2010-07-06 11:39:00,2011-10-21 10:51:00,2,1019.3600000000001,509.68000000000006,50,522,True,2011-10-21 10:51:00,471.0,True,False,4,2,3,9,Potential Loyalists,Active repeat,Develop loyalty
12404,2010-01-26 16:25:00,2010-01-26 16:25:00,1,63.24,63.24,682,682,False,,,True,False,1,1,1,3,Hibernating,Dormant,Low-cost reactivation
12405,2011-07-14 08:52:00,2011-07-14 08:52:00,1,1710.39,1710.39,149,149,False,,,True,False,3,1,4,8,Needs Attention,At risk,Test win-back
12406,2010-01-11 14:04:00,2011-11-17 19:22:00,5,6390.360000000001,1278.0720000000001,22,697,True,2010-04-22 18:41:00,101.0,True,False,4,4,5,13,Champions,Active repeat,Protect high-value active
12407,2011-03-20 13:21:00,2011-10-21 10:11:00,5,1708.12,341.62399999999997,50,264,True,2011-04-18 12:25:00,28.0,True,True,4,4,4,12,Champions,Active repeat,Develop loyalty
12408,2010-07-29 13:27:00,2011-11-07 12:27:00,8,4340.7699999999995,542.5962499999999,33,498,True,2010-09-15 13:16:00,47.0,True,True,4,4,5,13,Champions,Active repeat,Protect high-value active
12409,2010-05-23 15:21:00,2011-09-22 10:38:00,7,23419.29,3345.612857142857,79,565,True,2010-06-08 13:40:00,15.0,True,True,3,4,5,12,Loyal Customers,Active repeat,Protect high-value active
12410,2010-07-25 13:26:00,2011-02-04 10:39:00,3,1013.7099999999999,337.9033333333333,309,502,True,2011-02-04 10:38:00,193.0,True,False,2,3,3,8,At Risk,Dormant,Low-cost reactivation
12411,2010-10-26 09:25:00,2010-10-26 09:25:00,1,346.9,346.9,410,410,False,,,True,False,2,1,2,5,Hibernating,Dormant,Low-cost reactivation
12412,2010-06-18 13:22:00,2011-09-26 10:16:00,6,2596.93,432.82166666666666,75,539,True,2010-08-09 14:26:00,52.0,True,True,3,4,4,11,Loyal Customers,Active repeat,Protect high-value active
12413,2010-11-02 13:26:00,2011-10-04 09:00:00,4,999.45,249.8625,67,402,True,2011-01-06 16:12:00,65.0,True,True,3,3,3,9,Needs Attention,Active repeat,Develop loyalty
12414,2010-09-02 12:22:00,2011-05-06 14:51:00,6,952.41,158.73499999999999,217,464,True,2010-09-02 13:42:00,0.0,True,True,2,4,3,9,At Risk,Dormant,Low-cost reactivation
12415,2010-06-30 08:30:00,2011-11-15 14:22:00,28,144458.37,5159.2275,24,528,True,2010-07-16 14:47:00,16.0,True,True,4,5,5,14,Champions,Active repeat,Protect high-value active
12416,2010-02-21 10:19:00,2010-02-21 10:19:00,1,202.56,202.56,657,657,False,,,True,False,1,1,1,3,Hibernating,Dormant,Low-cost reactivation
12417,2009-12-06 10:30:00,2011-12-06 14:52:00,20,6797.41,339.8705,3,734,True,2009-12-10 11:25:00,4.0,True,True,5,5,5,15,Champions,Active repeat,Protect high-value active
12418,2010-03-19 14:47:00,2011-08-19 11:08:00,4,2021.2,505.3,113,630,True,2010-05-12 13:11:00,53.0,True,True,3,3,4,10,Needs Attention,At risk,Test win-back
12419,2010-10-22 10:40:00,2010-11-19 10:04:00,2,503.01,251.505,386,414,True,2010-11-19 10:04:00,27.0,True,True,2,2,2,6,Hibernating,Dormant,Low-cost reactivation
12420,2011-10-07 08:55:00,2011-10-07 08:55:00,1,600.39,600.39,64,64,False,,,False,False,3,1,2,6,Needs Attention,New,Drive second purchase
12421,2010-07-22 13:57:00,2011-11-24 09:07:00,6,1098.6,183.1,16,505,True,2010-10-20 14:28:00,90.0,True,True,5,4,3,12,Loyal Customers,Active repeat,Develop loyalty
12422,2009-12-18 12:44:00,2011-09-05 09:48:00,17,5231.8,307.7529411764706,96,722,True,2010-02-14 11:15:00,57.0,True,True,3,5,5,13,Loyal Customers,At risk,Win back high-value
12423,2010-08-31 09:31:00,2011-12-09 10:10:00,10,2622.39,262.239,1,466,True,2010-11-17 11:33:00,78.0,True,True,5,5,4,14,Champions,Active repeat,Protect high-value active
12424,2010-06-09 15:15:00,2011-06-30 12:06:00,4,3340.03,835.0075,163,548,True,2010-10-13 10:29:00,125.0,True,False,3,3,5,11,Needs Attention,At risk,Win back high-value
12425,2010-09-17 14:10:00,2011-09-22 17:31:00,2,1741.41,870.705,78,448,True,2011-09-22 17:31:00,370.0,True,False,3,2,4,9,Needs Attention,Active repeat,Develop loyalty
12426,2010-02-15 08:41:00,2011-05-29 12:26:00,2,1345.21,672.605,195,663,True,2011-05-29 12:26:00,468.0,True,False,2,2,4,8,Hibernating,Dormant,Low-cost reactivation
12427,2010-12-03 10:44:00,2011-11-18 08:56:00,3,825.8,275.26666666666665,22,372,True,2011-10-10 15:15:00,311.0,True,False,4,3,3,10,Potential Loyalists,Active repeat,Develop loyalty
12428,2011-03-01 09:33:00,2011-11-14 08:22:00,9,7956.46,884.0511111111111,26,284,True,2011-03-01 09:35:00,0.0,True,True,4,5,5,14,Champions,Active repeat,Protect high-value active
12429,2010-06-11 13:28:00,2011-11-30 17:22:00,8,6204.41,775.55125,9,546,True,2010-06-11 13:29:00,0.0,True,True,5,4,5,14,Champions,Active repeat,Protect high-value active
12430,2011-10-27 15:09:00,2011-10-27 15:09:00,1,256.4,256.4,43,43,False,,,False,False,4,1,1,6,New Customers,New,Drive second purchase
12431,2010-01-15 09:04:00,2011-11-04 11:55:00,27,10432.22,386.3785185185185,36,694,True,2010-01-15 09:37:00,0.0,True,True,4,5,5,14,Champions,Active repeat,Protect high-value active
12432,2011-06-20 13:27:00,2011-10-28 11:43:00,5,5059.32,1011.8639999999999,43,172,True,2011-06-20 13:29:00,0.0,True,True,4,4,5,13,Champions,Active repeat,Protect high-value active
12433,2010-08-20 09:23:00,2011-12-09 10:02:00,10,16794.14,1679.414,1,477,True,2010-09-16 10:51:00,27.0,True,True,5,5,5,15,Champions,Active repeat,Protect high-value active
12434,2010-11-23 13:38:00,2011-09-16 12:38:00,3,1103.43,367.81,85,381,True,2011-03-24 13:05:00,120.0,True,False,3,3,3,9,Needs Attention,Active repeat,Develop loyalty
12435,2009-12-02 13:58:00,2011-09-21 09:06:00,6,13925.93,2320.9883333333332,80,737,True,2010-03-12 14:50:00,100.0,True,False,3,4,5,12,Loyal Customers,Active repeat,Protect high-value active
12436,2011-09-01 12:09:00,2011-09-01 12:09:00,1,509.01,509.01,100,100,False,,,True,False,3,1,2,6,Needs Attention,At risk,Test win-back
12437,2009-12-02 16:24:00,2011-12-08 11:35:00,39,12683.4,325.2153846153846,2,737,True,2010-01-19 14:16:00,47.0,True,True,5,5,5,15,Champions,Active repeat,Protect high-value active
12438,2011-07-22 13:29:00,2011-11-25 13:28:00,2,2906.85,1453.425,14,140,True,2011-11-25 13:28:00,125.0,True,False,5,2,4,11,Potential Loyalists,Active repeat,Protect high-value active
12439,2009-12-14 08:40:00,2010-01-26 12:11:00,2,1142.88,571.44,683,726,True,2010-01-26 12:11:00,43.0,True,True,1,2,3,6,Hibernating,Dormant,Low-cost reactivation
12440,2009-12-22 12:03:00,2010-09-03 13:11:00,2,859.2,429.6,462,718,True,2010-09-03 13:11:00,255.0,True,False,1,2,3,6,Hibernating,Dormant,Low-cost reactivation
12441,2010-12-08 10:45:00,2010-12-08 10:45:00,1,173.55,173.55,367,367,False,,,True,False,2,1,1,4,Hibernating,Dormant,Low-cost reactivation
12442,2011-12-06 14:22:00,2011-12-06 14:22:00,1,172.06,172.06,3,3,False,,,False,False,5,1,1,7,New Customers,New,Drive second purchase
12443,2009-12-07 15:42:00,2009-12-07 15:42:00,1,485.31,485.31,732,732,False,,,True,False,1,1,2,4,Hibernating,Dormant,Low-cost reactivation
12444,2011-06-21 14:00:00,2011-11-18 13:23:00,5,5005.46,1001.092,21,171,True,2011-08-10 08:41:00,49.0,True,True,4,4,5,13,Champions,Active repeat,Protect high-value active
12445,2010-10-15 12:28:00,2011-11-17 18:43:00,2,434.98,217.49,22,421,True,2011-11-17 18:43:00,398.0,True,False,4,2,2,8,Potential Loyalists,Active repeat,Develop loyalty
12446,2011-10-13 12:50:00,2011-10-13 12:50:00,1,1002.3100000000001,1002.3100000000001,58,58,False,,,False,False,4,1,3,8,New Customers,New,Drive second purchase
12447,2011-04-10 13:25:00,2011-04-10 13:25:00,1,476.49,476.49,243,243,False,,,True,False,2,1,2,5,Hibernating,Dormant,Low-cost reactivation
12448,2011-10-26 13:46:00,2011-10-26 13:46:00,1,449.45,449.45,44,44,False,,,False,False,4,1,2,7,New Customers,New,Drive second purchase
12449,2010-09-27 09:37:00,2011-11-17 13:46:00,6,4835.89,805.9816666666667,22,439,True,2010-10-25 12:21:00,28.0,True,True,4,4,5,13,Champions,Active repeat,Protect high-value active
12450,2010-08-22 13:11:00,2011-07-06 14:41:00,5,688.2,137.64000000000001,156,474,True,2010-09-14 10:20:00,22.0,True,True,3,4,3,10,Loyal Customers,At risk,Test win-back
12451,2010-06-28 12:58:00,2011-11-29 08:40:00,8,12669.88,1583.735,11,529,True,2010-09-02 15:35:00,66.0,True,True,5,4,5,14,Champions,Active repeat,Protect high-value active
12452,2011-11-23 08:05:00,2011-11-23 10:28:00,2,430.57,215.285,17,17,True,2011-11-23 10:28:00,0.0,False,False,5,2,2,9,Potential Loyalists,Active repeat,Develop loyalty
12453,2011-07-28 14:08:00,2011-07-28 14:08:00,1,707.09,707.09,134,134,False,,,True,False,3,1,3,7,Needs Attention,At risk,Test win-back
12454,2010-10-14 17:33:00,2011-10-14 17:13:00,5,16679.78,3335.9559999999997,56,421,True,2010-10-18 17:12:00,3.0,True,True,4,4,5,13,Champions,Active repeat,Protect high-value active
12455,2009-12-18 12:33:00,2011-09-27 15:31:00,10,5879.95,587.995,73,722,True,2010-03-23 10:30:00,94.0,True,False,3,5,5,13,Loyal Customers,Active repeat,Protect high-value active
12456,2011-03-30 09:12:00,2011-10-26 14:41:00,3,3181.04,1060.3466666666666,44,255,True,2011-07-31 15:25:00,123.0,True,False,4,3,5,12,Potential Loyalists,Active repeat,Protect high-value active
12457,2010-09-30 17:59:00,2011-10-04 13:13:00,8,2995.91,374.48875,66,435,True,2011-04-14 18:57:00,196.0,True,False,3,4,5,12,Loyal Customers,Active repeat,Protect high-value active
12458,2010-08-09 10:33:00,2011-09-29 15:25:00,4,1777.49,444.3725,71,488,True,2010-10-08 11:36:00,60.0,True,True,3,3,4,10,Needs Attention,Active repeat,Develop loyalty
12459,2010-04-13 14:53:00,2010-04-13 14:53:00,1,454.36,454.36,605,605,False,,,True,False,1,1,2,4,Hibernating,Dormant,Low-cost reactivation
12460,2010-09-09 13:51:00,2010-09-09 13:51:00,1,326.65,326.65,456,456,False,,,True,False,1,1,2,4,Hibernating,Dormant,Low-cost reactivation
12461,2011-07-08 10:23:00,2011-09-06 16:57:00,2,826.88,413.44,94,155,True,2011-09-06 16:57:00,60.0,True,True,3,2,3,8,Needs Attention,At risk,Test win-back
12462,2011-02-09 14:44:00,2011-11-21 09:11:00,2,1189.5900000000001,594.7950000000001,19,303,True,2011-11-21 09:11:00,284.0,True,False,5,2,3,10,Potential Loyalists,Active repeat,Develop loyalty
12463,2011-04-12 12:47:00,2011-10-17 13:44:00,4,1344.78,336.195,53,242,True,2011-05-17 10:02:00,34.0,True,True,4,3,4,11,Potential Loyalists,Active repeat,Develop loyalty
12464,2011-02-03 13:30:00,2011-11-29 13:33:00,8,1212.05,151.50625,10,309,True,2011-02-28 12:08:00,24.0,True,True,5,4,3,12,Loyal Customers,Active repeat,Develop loyalty
12465,2011-06-23 13:37:00,2011-11-22 16:34:00,2,742.19,371.095,17,169,True,2011-11-22 16:34:00,152.0,True,False,5,2,3,10,Potential Loyalists,Active repeat,Develop loyalty
12466,2010-01-26 16:26:00,2010-01-26 16:26:00,1,56.73,56.73,682,682,False,,,True,False,1,1,1,3,Hibernating,Dormant,Low-cost reactivation
12467,2010-10-12 15:41:00,2010-10-12 15:41:00,1,132.8,132.8,423,423,False,,,True,False,1,1,1,3,Hibernating,Dormant,Low-cost reactivation
12468,2010-01-26 10:09:00,2011-06-05 11:36:00,5,3670.74,734.1479999999999,188,683,True,2010-04-09 10:08:00,72.0,True,True,3,4,5,12,Loyal Customers,Dormant,Low-cost reactivation
12469,2010-06-21 10:30:00,2010-07-05 12:40:00,2,3070.54,1535.27,523,537,True,2010-07-05 12:40:00,14.0,True,True,1,2,5,8,Hibernating,Dormant,Low-cost reactivation
12470,2010-01-19 11:01:00,2010-01-19 11:01:00,1,211.95,211.95,690,690,False,,,True,False,1,1,1,3,Hibernating,Dormant,Low-cost reactivation
12471,2009-12-07 10:41:00,2011-12-07 15:43:00,79,39918.19,505.2935443037975,2,733,True,2009-12-07 10:42:00,0.0,True,True,5,5,5,15,Champions,Active repeat,Protect high-value active
12472,2009-12-14 10:49:00,2011-11-07 14:01:00,19,16249.29,855.2257894736842,32,726,True,2010-02-08 10:34:00,55.0,True,True,4,5,5,14,Champions,Active repeat,Protect high-value active
12473,2011-06-01 10:15:00,2011-11-10 13:46:00,5,3928.05,785.61,29,192,True,2011-08-17 12:04:00,77.0,True,True,4,4,5,13,Champions,Active repeat,Protect high-value active
12474,2010-02-11 09:41:00,2011-11-22 14:39:00,31,12372.75,399.1209677419355,17,667,True,2010-04-15 17:18:00,63.0,True,True,5,5,5,15,Champions,Active repeat,Protect high-value active
12475,2010-10-26 08:49:00,2011-10-17 10:10:00,2,1149.6399999999999,574.8199999999999,54,410,True,2011-10-17 10:10:00,356.0,True,False,4,2,3,9,Potential Loyalists,Active repeat,Develop loyalty
12476,2010-07-26 09:04:00,2011-11-24 12:40:00,23,14083.91,612.3439130434782,16,502,True,2010-09-14 12:58:00,50.0,True,True,5,5,5,15,Champions,Active repeat,Protect high-value active
12477,2010-03-26 14:01:00,2011-11-17 09:51:00,9,20276.37,2252.93,23,623,True,2010-07-02 08:26:00,97.0,True,False,4,5,5,14,Champions,Active repeat,Protect high-value active
12478,2011-12-06 09:56:00,2011-12-06 09:56:00,1,680.99,680.99,4,4,False,,,False,False,5,1,3,9,New Customers,New,Drive second purchase
12479,2011-11-28 13:26:00,2011-11-28 13:26:00,1,527.2,527.2,11,11,False,,,False,False,5,1,2,8,New Customers,New,Drive second purchase
12480,2010-07-20 13:21:00,2011-11-11 14:52:00,7,5464.85,780.6928571428572,28,507,True,2010-10-08 12:06:00,79.0,True,True,4,4,5,13,Champions,Active repeat,Protect high-value active
12481,2010-04-11 13:10:00,2011-11-17 08:29:00,15,12185.51,812.3673333333334,23,607,True,2010-04-12 10:10:00,0.0,True,True,4,5,5,14,Champions,Active repeat,Protect high-value active
12482,2010-02-24 10:24:00,2010-05-12 16:51:00,29,23691.4,816.944827586207,576,654,True,2010-02-24 10:43:00,0.0,True,True,1,5,5,11,At Risk,Dormant,Low-cost reactivation
12483,2010-01-31 13:28:00,2011-11-22 17:02:00,19,5097.18,268.27263157894737,17,677,True,2010-02-10 09:07:00,9.0,True,True,5,5,5,15,Champions,Active repeat,Protect high-value active
12484,2010-01-27 16:41:00,2011-11-07 11:37:00,12,6354.1,529.5083333333333,33,681,True,2010-01-29 10:15:00,1.0,True,True,4,5,5,14,Champions,Active repeat,Protect high-value active
12485,2010-06-28 15:22:00,2010-06-28 15:22:00,1,708.1,708.1,529,529,False,,,True,False,1,1,3,5,Hibernating,Dormant,Low-cost reactivation
12486,2010-10-04 12:14:00,2010-10-04 12:14:00,1,1037.28,1037.28,432,432,False,,,True,False,1,1,3,5,Hibernating,Dormant,Low-cost reactivation
12487,2009-12-09 11:36:00,2009-12-09 11:36:00,1,285.29999999999995,285.29999999999995,731,731,False,,,True,False,1,1,1,3,Hibernating,Dormant,Low-cost reactivation
12488,2011-09-25 10:34:00,2011-11-30 08:50:00,3,1298.66,432.8866666666667,10,76,True,2011-10-31 10:42:00,36.0,False,False,5,3,4,12,Potential Loyalists,Active repeat,Develop loyalty
12489,2011-01-07 13:13:00,2011-01-07 13:13:00,1,334.93,334.93,336,336,False,,,True,False,2,1,2,5,Hibernating,Dormant,Low-cost reactivation
12490,2009-12-01 12:52:00,2011-12-04 16:07:00,21,9823.64,467.79238095238094,5,738,True,2010-01-31 13:05:00,61.0,True,True,5,5,5,15,Champions,Active repeat,Protect high-value active
12491,2011-11-01 12:18:00,2011-11-01 12:18:00,1,460.40000000000003,460.40000000000003,39,39,False,,,False,False,4,1,2,7,New Customers,New,Drive second purchase
12492,2010-11-01 14:58:00,2011-10-07 15:15:00,3,715.21,238.40333333333334,63,403,True,2011-08-26 14:51:00,297.0,True,False,3,3,3,9,Needs Attention,Active repeat,Develop loyalty
12493,2011-05-26 14:53:00,2011-06-27 10:17:00,2,433.74,216.87,166,197,True,2011-06-27 10:17:00,31.0,True,True,3,2,2,7,Needs Attention,At risk,Test win-back
12494,2010-05-12 13:52:00,2011-11-24 09:34:00,9,1815.27,201.69666666666666,16,576,True,2010-10-24 11:49:00,164.0,True,False,5,5,4,14,Champions,Active repeat,Develop loyalty
12495,2010-03-09 10:53:00,2010-03-09 10:53:00,1,357.4,357.4,641,641,False,,,True,False,1,1,2,4,Hibernating,Dormant,Low-cost reactivation
12496,2010-03-29 13:57:00,2010-03-29 14:06:00,2,45.34,22.67,620,620,True,2010-03-29 14:06:00,0.0,True,True,1,2,1,4,Hibernating,Dormant,Low-cost reactivation
12497,2010-03-05 09:39:00,2011-09-19 12:29:00,3,6248.5,2082.8333333333335,82,645,True,2010-11-04 12:31:00,244.0,True,False,3,3,5,11,Needs Attention,Active repeat,Protect high-value active
12498,2011-10-13 09:30:00,2011-11-18 12:53:00,3,403.7,134.56666666666666,21,58,True,2011-11-18 12:52:00,36.0,False,False,4,3,2,9,Potential Loyalists,Active repeat,Develop loyalty
12499,2010-05-28 15:12:00,2010-05-28 15:12:00,1,393.72,393.72,560,560,False,,,True,False,1,1,2,4,Hibernating,Dormant,Low-cost reactivation
12500,2010-02-04 15:05:00,2011-11-16 16:20:00,19,5955.21,313.4321052631579,23,673,True,2010-02-04 15:20:00,0.0,True,True,4,5,5,14,Champions,Active repeat,Protect high-value active
12501,2011-01-07 12:28:00,2011-01-07 12:28:00,1,2169.39,2169.39,337,337,False,,,True,False,2,1,4,7,Hibernating,Dormant,Low-cost reactivation
12502,2011-02-03 10:41:00,2011-09-05 11:52:00,5,3723.87,744.774,96,310,True,2011-03-16 13:29:00,41.0,True,True,3,4,5,12,Loyal Customers,At risk,Win back high-value
12503,2010-05-04 13:59:00,2010-05-04 13:59:00,1,1126.0,1126.0,584,584,False,,,True,False,1,1,3,5,Hibernating,Dormant,Low-cost reactivation
12504,2010-04-22 10:24:00,2011-11-21 16:02:00,4,779.05,194.7625,18,597,True,2010-10-18 15:09:00,179.0,True,False,5,3,3,11,Potential Loyalists,Active repeat,Develop loyalty
12505,2010-10-27 09:18:00,2010-10-27 09:18:00,1,955.2,955.2,409,409,False,,,True,False,2,1,3,6,Hibernating,Dormant,Low-cost reactivation
12506,2011-04-21 08:54:00,2011-04-21 08:54:00,1,73.5,73.5,233,233,False,,,True,False,2,1,1,4,Hibernating,Dormant,Low-cost reactivation
12507,2010-05-04 09:23:00,2011-07-28 17:09:00,4,1844.06,461.015,134,585,True,2011-02-14 09:24:00,286.0,True,False,3,3,4,10,Needs Attention,At risk,Test win-back
12508,2011-11-10 16:27:00,2011-11-13 15:37:00,2,397.88,198.94,26,29,True,2011-11-13 15:37:00,2.0,False,False,4,2,2,8,Potential Loyalists,Active repeat,Develop loyalty
12509,2011-02-28 14:45:00,2011-02-28 14:45:00,1,176.5,176.5,284,284,False,,,True,False,2,1,1,4,Hibernating,Dormant,Low-cost reactivation
12510,2009-12-04 13:47:00,2011-07-20 10:15:00,9,5178.02,575.3355555555556,143,735,True,2010-01-11 11:57:00,37.0,True,True,3,5,5,13,Loyal Customers,At risk,Win back high-value
12511,2010-10-07 10:39:00,2010-10-07 10:39:00,1,3084.02,3084.02,429,429,False,,,True,False,1,1,5,7,Hibernating,Dormant,Low-cost reactivation
12512,2011-10-04 14:53:00,2011-10-04 14:55:00,2,132.18,66.09,66,66,True,2011-10-04 14:55:00,0.0,False,False,3,2,1,6,Needs Attention,Active repeat,Develop loyalty
12513,2011-08-19 10:51:00,2011-08-19 10:51:00,1,612.29,612.29,113,113,False,,,True,False,3,1,3,7,Needs Attention,At risk,Test win-back
12514,2010-03-08 12:18:00,2011-03-17 16:38:00,2,1597.76,798.88,267,642,True,2011-03-17 16:38:00,374.0,True,False,2,2,4,8,Hibernating,Dormant,Low-cost reactivation
12515,2010-12-21 15:43:00,2010-12-21 15:43:00,1,383.7,383.7,353,353,False,,,True,False,2,1,2,5,Hibernating,Dormant,Low-cost reactivation
12516,2010-04-19 14:14:00,2011-09-23 09:13:00,4,2648.62,662.155,78,599,True,2010-10-05 09:43:00,168.0,True,False,3,3,4,10,Needs Attention,Active repeat,Protect high-value active
12517,2011-06-02 15:13:00,2011-11-11 14:04:00,5,2481.6,496.32,28,190,True,2011-08-05 15:02:00,63.0,True,True,4,4,4,12,Champions,Active repeat,Protect high-value active
12518,2011-08-21 13:18:00,2011-12-09 10:13:00,5,2056.89,411.378,1,110,True,2011-09-23 15:45:00,33.0,True,True,5,4,4,13,Champions,Active repeat,Develop loyalty
12519,2010-08-20 08:21:00,2011-10-07 09:26:00,2,716.54,358.27,64,477,True,2011-10-07 09:26:00,413.0,True,False,3,2,3,8,Needs Attention,Active repeat,Develop loyalty
12520,2011-03-11 11:35:00,2011-09-21 15:23:00,5,2634.26,526.8520000000001,79,274,True,2011-03-25 08:50:00,13.0,True,True,3,4,4,11,Loyal Customers,Active repeat,Protect high-value active
12521,2011-07-20 10:51:00,2011-07-20 10:51:00,1,599.68,599.68,143,143,False,,,True,False,3,1,2,6,Needs Attention,At risk,Test win-back
12522,2011-10-19 14:41:00,2011-10-31 15:30:00,2,192.72,96.36,39,51,True,2011-10-31 15:30:00,12.0,False,False,4,2,1,7,Potential Loyalists,Active repeat,Develop loyalty
12523,2009-12-07 13:46:00,2011-11-20 12:55:00,23,4352.35,189.2326086956522,19,732,True,2010-02-09 12:38:00,63.0,True,True,5,5,5,15,Champions,Active repeat,Protect high-value active
12524,2010-02-08 14:41:00,2011-11-30 15:31:00,17,11126.11,654.4770588235294,9,669,True,2010-03-08 09:57:00,27.0,True,True,5,5,5,15,Champions,Active repeat,Protect high-value active
12525,2010-03-02 14:01:00,2010-07-29 16:08:00,3,973.73,324.57666666666665,498,647,True,2010-06-01 09:42:00,90.0,True,True,1,3,3,7,At Risk,Dormant,Low-cost reactivation
12526,2011-09-06 14:19:00,2011-12-09 12:09:00,3,1316.6599999999999,438.8866666666666,1,94,True,2011-10-17 09:37:00,40.0,True,True,5,3,4,12,Potential Loyalists,Active repeat,Develop loyalty
12527,2010-06-28 15:37:00,2011-09-19 11:55:00,5,735.51,147.102,82,529,True,2010-08-02 12:23:00,34.0,True,True,3,4,3,10,Loyal Customers,Active repeat,Develop loyalty
12528,2011-01-31 09:05:00,2011-11-30 14:40:00,6,1933.48,322.24666666666667,9,313,True,2011-03-08 11:46:00,36.0,True,True,5,4,4,13,Champions,Active repeat,Develop loyalty
12529,2010-06-29 13:10:00,2010-06-29 13:10:00,1,316.48,316.48,528,528,False,,,True,False,1,1,2,4,Hibernating,Dormant,Low-cost reactivation
12530,2010-03-07 14:37:00,2011-10-11 12:34:00,9,3759.26,417.6955555555556,60,642,True,2010-04-21 11:51:00,44.0,True,True,3,5,5,13,Loyal Customers,Active repeat,Protect high-value active
12531,2010-01-22 14:17:00,2011-11-25 11:12:00,2,1933.2,966.6,15,686,True,2011-11-25 11:12:00,671.0,True,False,5,2,4,11,Potential Loyalists,Active repeat,Develop loyalty
12532,2011-11-09 13:47:00,2011-11-09 13:47:00,1,349.83000000000004,349.83000000000004,30,30,False,,,False,False,4,1,2,7,New Customers,New,Drive second purchase
12533,2009-12-01 11:50:00,2010-03-22 10:56:00,2,1367.8899999999999,683.9449999999999,628,739,True,2010-03-22 10:56:00,110.0,True,False,1,2,4,7,Hibernating,Dormant,Low-cost reactivation
12534,2011-08-01 10:26:00,2011-08-01 10:26:00,1,1089.18,1089.18,131,131,False,,,True,False,3,1,3,7,Needs Attention,At risk,Test win-back
12535,2011-06-06 12:47:00,2011-09-09 08:48:00,2,716.3499999999999,358.17499999999995,92,187,True,2011-09-09 08:48:00,94.0,True,False,3,2,3,8,Needs Attention,At risk,Test win-back
12536,2011-10-11 14:52:00,2011-10-27 14:20:00,3,12601.830000000002,4200.610000000001,43,59,True,2011-10-27 14:13:00,15.0,False,False,4,3,5,12,Potential Loyalists,Active repeat,Protect high-value active
12537,2010-10-27 08:36:00,2010-10-27 08:36:00,1,732.94,732.94,409,409,False,,,True,False,2,1,3,6,Hibernating,Dormant,Low-cost reactivation
12538,2010-11-26 13:02:00,2011-11-10 17:16:00,2,640.45,320.225,29,378,True,2011-11-10 17:16:00,349.0,True,False,4,2,3,9,Potential Loyalists,Active repeat,Develop loyalty
12539,2009-12-23 13:00:00,2011-11-17 13:30:00,7,11214.75,1602.107142857143,22,716,True,2009-12-23 13:41:00,0.0,True,True,4,4,5,13,Champions,Active repeat,Protect high-value active
12540,2009-12-07 16:56:00,2011-11-20 11:31:00,33,22254.489999999998,674.3784848484847,20,732,True,2010-01-10 11:27:00,33.0,True,True,4,5,5,14,Champions,Active repeat,Protect high-value active
12541,2011-03-04 09:32:00,2011-11-10 10:40:00,3,981.18,327.06,30,281,True,2011-06-19 15:59:00,107.0,True,False,4,3,3,10,Potential Loyalists,Active repeat,Develop loyalty
12542,2010-03-09 16:26:00,2010-08-12 19:12:00,2,481.88,240.94,484,640,True,2010-08-12 19:12:00,156.0,True,False,1,2,2,5,Hibernating,Dormant,Low-cost reactivation
12543,2010-09-17 15:51:00,2010-09-17 15:51:00,1,980.25,980.25,448,448,False,,,True,False,1,1,3,5,Hibernating,Dormant,Low-cost reactivation
12544,2011-11-03 16:15:00,2011-11-03 16:15:00,1,372.7,372.7,36,36,False,,,False,False,4,1,2,7,New Customers,New,Drive second purchase
12545,2011-03-25 12:04:00,2011-09-25 13:39:00,2,1000.39,500.195,75,260,True,2011-09-25 13:39:00,184.0,True,False,3,2,3,8,Needs Attention,Active repeat,Develop loyalty
12546,2011-09-23 09:44:00,2011-10-24 12:09:00,2,1161.5,580.75,47,78,True,2011-10-24 12:09:00,31.0,False,False,4,2,3,9,Potential Loyalists,Active repeat,Develop loyalty
12547,2010-07-27 13:55:00,2011-05-26 12:38:00,3,383.58,127.86,198,500,True,2011-03-04 12:46:00,219.0,True,False,2,3,2,7,At Risk,Dormant,Low-cost reactivation
12548,2011-06-26 15:35:00,2011-06-26 15:35:00,1,95.19999999999999,95.19999999999999,166,166,False,,,True,False,3,1,1,5,Needs Attention,At risk,Test win-back
12549,2010-01-11 12:29:00,2010-05-13 12:05:00,6,1575.68,262.61333333333334,576,698,True,2010-01-11 12:30:00,0.0,True,True,1,4,4,9,At Risk,Dormant,Low-cost reactivation
12550,2011-09-21 14:35:00,2011-09-21 14:35:00,1,964.83,964.83,79,79,False,,,False,False,3,1,3,7,Needs Attention,New,Drive second purchase
12551,2010-12-17 11:23:00,2010-12-17 11:23:00,1,168.0,168.0,358,358,False,,,True,False,2,1,1,4,Hibernating,Dormant,Low-cost reactivation
12552,2011-10-31 12:11:00,2011-11-01 10:02:00,2,437.82,218.91,39,40,True,2011-11-01 10:02:00,0.0,False,False,4,2,2,8,Potential Loyalists,Active repeat,Develop loyalty
12553,2010-10-12 13:35:00,2011-12-01 16:38:00,12,4608.75,384.0625,8,423,True,2010-11-19 12:18:00,37.0,True,True,5,5,5,15,Champions,Active repeat,Protect high-value active
12554,2010-09-17 12:29:00,2010-09-17 12:29:00,1,468.5,468.5,449,449,False,,,True,False,1,1,2,4,Hibernating,Dormant,Low-cost reactivation
12555,2010-01-26 16:26:00,2010-01-26 16:26:00,1,129.23,129.23,682,682,False,,,True,False,1,1,1,3,Hibernating,Dormant,Low-cost reactivation
12556,2011-07-11 13:35:00,2011-10-20 13:06:00,2,599.56,299.78,50,151,True,2011-10-20 13:06:00,100.0,True,False,4,2,2,8,Potential Loyalists,Active repeat,Develop loyalty
12557,2009-12-17 10:39:00,2011-11-23 16:59:00,8,18096.14,2262.0175,16,723,True,2010-06-11 15:07:00,176.0,True,False,5,4,5,14,Champions,Active repeat,Protect high-value active
12558,2011-12-02 10:41:00,2011-12-02 10:41:00,1,269.96,269.96,8,8,False,,,False,False,5,1,1,7,New Customers,New,Drive second purchase
12559,2011-01-24 10:12:00,2011-02-02 09:49:00,2,561.71,280.855,311,320,True,2011-02-02 09:49:00,8.0,True,True,2,2,2,6,Hibernating,Dormant,Low-cost reactivation
12560,2011-07-19 15:55:00,2011-12-04 13:54:00,3,2134.01,711.3366666666667,5,143,True,2011-08-19 15:22:00,30.0,True,True,5,3,4,12,Potential Loyalists,Active repeat,Develop loyalty
12561,2011-02-10 11:39:00,2011-02-10 11:39:00,1,238.85,238.85,303,303,False,,,True,False,2,1,1,4,Hibernating,Dormant,Low-cost reactivation
12562,2010-09-30 13:13:00,2011-12-01 17:20:00,9,4966.92,551.88,8,435,True,2010-11-19 09:35:00,49.0,True,True,5,5,5,15,Champions,Active repeat,Protect high-value active
12563,2010-10-27 09:52:00,2010-10-27 09:52:00,1,249.24,249.24,409,409,False,,,True,False,2,1,1,4,Hibernating,Dormant,Low-cost reactivation
12564,2011-03-23 14:55:00,2011-03-23 14:55:00,1,456.9,456.9,261,261,False,,,True,False,2,1,2,5,Hibernating,Dormant,Low-cost reactivation
12565,2011-02-24 10:34:00,2011-02-24 10:34:00,1,145.92,145.92,289,289,False,,,True,False,2,1,1,4,Hibernating,Dormant,Low-cost reactivation
12566,2011-09-14 14:30:00,2011-09-14 14:30:00,1,351.65,351.65,86,86,False,,,False,False,3,1,2,6,Needs Attention,New,Drive second purchase
12567,2010-02-11 10:30:00,2011-11-17 11:02:00,15,11767.48,784.4986666666666,23,667,True,2010-05-06 10:04:00,83.0,True,True,4,5,5,14,Champions,Active repeat,Protect high-value active
12568,2010-03-05 09:15:00,2010-03-05 09:15:00,1,70.0,70.0,645,645,False,,,True,False,1,1,1,3,Hibernating,Dormant,Low-cost reactivation
12569,2011-04-01 13:47:00,2011-12-07 16:24:00,32,4124.6900000000005,128.89656250000002,2,252,True,2011-04-14 09:56:00,12.0,True,True,5,5,5,15,Champions,Active repeat,Protect high-value active
12570,2010-01-26 17:28:00,2010-01-26 17:28:00,1,77.52,77.52,682,682,False,,,True,False,1,1,1,3,Hibernating,Dormant,Low-cost reactivation
12571,2011-08-10 12:35:00,2011-10-31 10:19:00,2,519.61,259.805,40,122,True,2011-10-31 10:19:00,81.0,True,True,4,2,2,8,Potential Loyalists,Active repeat,Develop loyalty
12572,2011-10-19 08:20:00,2011-12-01 09:20:00,2,1020.4200000000001,510.21000000000004,9,52,True,2011-12-01 09:20:00,43.0,False,False,5,2,3,10,Potential Loyalists,Active repeat,Develop loyalty
12573,2010-08-31 17:25:00,2011-04-26 15:52:00,5,717.4100000000001,143.48200000000003,227,465,True,2010-10-11 13:48:00,40.0,True,True,2,4,3,9,At Risk,Dormant,Low-cost reactivation
12574,2011-01-28 09:20:00,2011-01-28 09:20:00,1,218.45,218.45,316,316,False,,,True,False,2,1,1,4,Hibernating,Dormant,Low-cost reactivation
12575,2010-07-01 09:15:00,2010-09-08 13:09:00,2,622.8199999999999,311.40999999999997,457,527,True,2010-09-08 13:09:00,69.0,True,True,1,2,3,6,Hibernating,Dormant,Low-cost reactivation
12576,2010-07-01 13:46:00,2011-11-04 10:11:00,8,2142.72,267.84,36,526,True,2010-09-07 13:41:00,67.0,True,True,4,4,4,12,Champions,Active repeat,Develop loyalty
12577,2009-12-03 19:31:00,2011-11-04 13:24:00,8,1617.1,202.1375,35,736,True,2010-10-26 12:22:00,326.0,True,False,4,4,4,12,Champions,Active repeat,Develop loyalty
12578,2010-09-22 11:19:00,2011-11-18 13:30:00,4,4642.45,1160.6125,21,444,True,2010-11-19 17:21:00,58.0,True,True,4,3,5,12,Potential Loyalists,Active repeat,Protect high-value active
12579,2011-09-22 17:15:00,2011-09-22 17:15:00,1,440.42,440.42,78,78,False,,,False,False,3,1,2,6,Needs Attention,New,Drive second purchase
12580,2010-05-12 11:45:00,2011-04-07 10:24:00,2,1052.9,526.45,247,577,True,2011-04-07 10:24:00,329.0,True,False,2,2,3,7,Hibernating,Dormant,Low-cost reactivation
12581,2011-10-31 08:56:00,2011-10-31 08:56:00,1,197.71,197.71,40,40,False,,,False,False,4,1,1,6,New Customers,New,Drive second purchase
12582,2010-05-11 09:55:00,2011-04-15 08:45:00,4,1980.4,495.1,239,578,True,2010-10-13 10:52:00,155.0,True,False,2,3,4,9,At Risk,Dormant,Low-cost reactivation
12583,2009-12-06 11:57:00,2011-12-07 08:07:00,27,13591.58,503.39185185185187,3,734,True,2010-02-25 11:45:00,80.0,True,True,5,5,5,15,Champions,Active repeat,Protect high-value active
12584,2011-03-04 15:15:00,2011-12-06 09:35:00,9,2338.15,259.7944444444445,4,280,True,2011-06-07 13:00:00,94.0,True,False,5,5,4,14,Champions,Active repeat,Protect high-value active
12585,2010-12-23 12:58:00,2011-04-19 13:39:00,2,2040.1,1020.05,234,351,True,2011-04-19 13:39:00,117.0,True,False,2,2,4,8,Hibernating,Dormant,Low-cost reactivation
12586,2009-12-16 13:15:00,2011-11-22 16:24:00,4,2062.67,515.6675,17,723,True,2010-10-21 09:48:00,308.0,True,False,5,3,4,12,Potential Loyalists,Active repeat,Develop loyalty
12587,2011-12-02 12:47:00,2011-12-02 12:47:00,1,144.0,144.0,8,8,False,,,False,False,5,1,1,7,New Customers,New,Drive second purchase
12588,2010-04-21 12:22:00,2011-10-31 15:01:00,4,958.78,239.695,39,598,True,2010-11-05 12:38:00,198.0,True,False,4,3,3,10,Potential Loyalists,Active repeat,Develop loyalty
12589,2010-01-19 12:26:00,2011-11-11 10:19:00,8,4695.66,586.9575,29,690,True,2010-09-02 09:14:00,225.0,True,False,4,4,5,13,Champions,Active repeat,Protect high-value active
12590,2011-05-12 14:46:00,2011-05-12 14:52:00,2,9864.26,4932.13,211,211,True,2011-05-12 14:52:00,0.0,True,True,2,2,5,9,Hibernating,Dormant,Low-cost reactivation
12591,2010-10-27 10:42:00,2011-01-26 14:35:00,3,1338.95,446.31666666666666,317,409,True,2010-11-14 14:32:00,18.0,True,True,2,3,4,9,At Risk,Dormant,Low-cost reactivation
12592,2010-07-08 14:06:00,2011-09-08 15:04:00,5,2582.66,516.5319999999999,92,519,True,2010-07-08 14:18:00,0.0,True,True,3,4,4,11,Loyal Customers,At risk,Win back high-value
12593,2011-05-05 09:29:00,2011-08-23 12:43:00,3,418.1,139.36666666666667,109,219,True,2011-08-02 09:55:00,89.0,True,True,3,3,2,8,Needs Attention,At risk,Test win-back
12594,2010-03-03 13:51:00,2011-11-02 12:20:00,15,5090.110000000001,339.3406666666667,38,646,True,2010-06-14 09:40:00,102.0,True,False,4,5,5,14,Champions,Active repeat,Protect high-value active
12595,2010-07-23 09:10:00,2010-07-23 09:10:00,1,299.02,299.02,505,505,False,,,True,False,1,1,2,4,Hibernating,Dormant,Low-cost reactivation
12596,2011-04-11 13:22:00,2011-10-19 13:02:00,2,618.27,309.135,51,242,True,2011-10-19 13:02:00,190.0,True,False,4,2,3,9,Potential Loyalists,Active repeat,Develop loyalty
12597,2011-03-16 14:00:00,2011-11-20 13:33:00,4,3811.22,952.805,19,268,True,2011-06-09 16:04:00,85.0,True,True,5,3,5,13,Potential Loyalists,Active repeat,Protect high-value active
12598,2010-03-01 09:58:00,2011-11-30 12:18:00,11,4534.09,412.19,10,649,True,2010-03-03 16:03:00,2.0,True,True,5,5,5,15,Champions,Active repeat,Protect high-value active
12599,2010-05-11 10:42:00,2011-11-10 13:34:00,13,2296.7200000000003,176.67076923076925,29,578,True,2010-06-09 08:46:00,28.0,True,True,4,5,4,13,Champions,Active repeat,Protect high-value active
12600,2009-12-07 13:37:00,2011-11-11 10:29:00,21,4967.42,236.54380952380953,29,732,True,2009-12-13 14:51:00,6.0,True,True,4,5,5,14,Champions,Active repeat,Protect high-value active
12601,2010-10-31 10:57:00,2011-06-03 10:17:00,6,681.26,113.54333333333334,190,405,True,2011-01-11 10:38:00,71.0,True,True,2,4,3,9,At Risk,Dormant,Low-cost reactivation
12602,2011-10-12 11:22:00,2011-10-12 11:22:00,1,153.12,153.12,59,59,False,,,False,False,4,1,1,6,New Customers,New,Drive second purchase
12603,2011-11-18 10:42:00,2011-11-18 10:42:00,1,739.1999999999999,739.1999999999999,22,22,False,,,False,False,4,1,3,8,New Customers,New,Drive second purchase
12604,2011-03-23 12:06:00,2011-09-21 14:08:00,2,254.18,127.09,79,262,True,2011-09-21 14:08:00,182.0,True,False,3,2,1,6,Needs Attention,Active repeat,Develop loyalty
12605,2010-09-07 14:21:00,2010-11-28 14:18:00,4,1232.95,308.2375,376,458,True,2010-10-12 16:51:00,35.0,True,True,2,3,4,9,At Risk,Dormant,Low-cost reactivation
12606,2010-01-26 16:23:00,2010-01-26 16:23:00,1,21.0,21.0,682,682,False,,,True,False,1,1,1,3,Hibernating,Dormant,Low-cost reactivation
12607,2011-10-10 16:06:00,2011-10-10 16:06:00,1,1579.51,1579.51,60,60,False,,,False,False,3,1,4,8,Needs Attention,New,Drive second purchase
12608,2010-10-31 10:49:00,2010-10-31 10:49:00,1,415.79,415.79,405,405,False,,,True,False,2,1,2,5,Hibernating,Dormant,Low-cost reactivation
12609,2009-12-20 13:30:00,2011-09-22 16:34:00,9,3435.86,381.76222222222225,78,719,True,2010-04-01 08:43:00,101.0,True,False,3,5,5,13,Loyal Customers,Active repeat,Protect high-value active
12610,2011-08-05 13:52:00,2011-11-17 09:34:00,5,2099.54,419.908,23,126,True,2011-08-25 12:57:00,19.0,True,True,4,4,4,12,Champions,Active repeat,Develop loyalty
12611,2011-10-18 13:12:00,2011-10-18 13:12:00,1,1193.32,1193.32,52,52,False,,,False,False,4,1,3,8,New Customers,New,Drive second purchase
12612,2011-09-26 15:35:00,2011-09-26 15:35:00,1,704.0400000000001,704.0400000000001,74,74,False,,,False,False,3,1,3,7,Needs Attention,New,Drive second purchase
12613,2009-12-14 13:10:00,2011-10-13 14:59:00,10,6817.370000000001,681.7370000000001,57,725,True,2010-04-09 14:01:00,116.0,True,False,4,5,5,14,Champions,Active repeat,Protect high-value active
12614,2011-03-07 10:22:00,2011-03-07 10:22:00,1,315.6,315.6,278,278,False,,,True,False,2,1,2,5,Hibernating,Dormant,Low-cost reactivation
12615,2010-03-18 14:09:00,2011-12-07 15:02:00,8,5740.9800000000005,717.6225000000001,2,631,True,2010-07-23 14:16:00,127.0,True,False,5,4,5,14,Champions,Active repeat,Protect high-value active
12616,2010-11-16 11:38:00,2011-09-05 15:17:00,3,1131.1,377.0333333333333,95,389,True,2011-02-15 14:17:00,91.0,True,False,3,3,3,9,Needs Attention,At risk,Test win-back
12617,2011-11-10 14:39:00,2011-11-10 14:39:00,1,352.98,352.98,29,29,False,,,False,False,4,1,2,7,New Customers,New,Drive second purchase
12618,2011-11-18 11:10:00,2011-11-18 11:10:00,1,177.31,177.31,22,22,False,,,False,False,4,1,1,6,New Customers,New,Drive second purchase
12619,2010-05-28 12:52:00,2011-11-23 14:52:00,10,3781.38,378.13800000000003,16,560,True,2011-03-31 13:10:00,307.0,True,False,5,5,5,15,Champions,Active repeat,Protect high-value active
12620,2011-05-19 12:10:00,2011-11-25 10:20:00,3,1339.4099999999999,446.46999999999997,15,205,True,2011-09-20 10:06:00,123.0,True,False,5,3,4,12,Potential Loyalists,Active repeat,Develop loyalty
12621,2010-02-09 12:01:00,2011-12-08 11:25:00,35,24311.2,694.6057142857143,2,669,True,2010-03-18 12:08:00,37.0,True,True,5,5,5,15,Champions,Active repeat,Protect high-value active
12622,2011-04-21 16:39:00,2011-04-21 16:39:00,1,180.1,180.1,232,232,False,,,True,False,2,1,1,4,Hibernating,Dormant,Low-cost reactivation
12623,2010-01-12 11:45:00,2011-03-08 13:50:00,7,3747.84,535.4057142857143,276,697,True,2010-03-02 09:25:00,48.0,True,True,2,4,5,11,At Risk,Dormant,Low-cost reactivation
12624,2011-06-15 12:34:00,2011-08-25 15:04:00,2,641.13,320.565,106,178,True,2011-08-25 15:04:00,71.0,True,True,3,2,3,8,Needs Attention,At risk,Test win-back
12625,2010-04-22 11:33:00,2011-05-12 09:54:00,4,5164.88,1291.22,212,597,True,2010-07-18 15:56:00,87.0,True,True,2,3,5,10,At Risk,Dormant,Low-cost reactivation
12626,2011-01-17 11:01:00,2011-11-16 16:06:00,9,6620.48,735.6088888888888,23,327,True,2011-01-27 13:42:00,10.0,True,True,4,5,5,14,Champions,Active repeat,Protect high-value active
12627,2011-07-22 13:59:00,2011-11-29 12:07:00,7,4478.53,639.79,11,140,True,2011-08-02 09:29:00,10.0,True,True,5,4,5,14,Champions,Active repeat,Protect high-value active
12628,2011-10-06 09:28:00,2011-12-05 13:15:00,3,786.46,262.15333333333336,4,65,True,2011-11-06 14:26:00,31.0,False,False,5,3,3,11,Potential Loyalists,Active repeat,Develop loyalty
12629,2010-10-12 16:40:00,2010-11-19 09:18:00,2,1558.22,779.11,386,423,True,2010-11-19 09:18:00,37.0,True,True,2,2,4,8,Hibernating,Dormant,Low-cost reactivation
12630,2011-10-27 10:41:00,2011-11-30 10:48:00,2,1270.88,635.44,10,44,True,2011-11-30 10:48:00,34.0,False,False,5,2,4,11,Potential Loyalists,Active repeat,Develop loyalty
12631,2010-01-15 14:50:00,2011-10-13 13:53:00,6,3481.5699999999997,580.2616666666667,57,693,True,2010-04-21 13:14:00,95.0,True,False,4,4,5,13,Champions,Active repeat,Protect high-value active
12632,2010-05-24 09:07:00,2010-07-07 09:39:00,2,804.88,402.44,521,565,True,2010-07-07 09:39:00,44.0,True,True,1,2,3,6,Hibernating,Dormant,Low-cost reactivation
12633,2010-07-02 11:44:00,2011-10-12 11:40:00,7,5678.16,811.1657142857142,59,526,True,2010-08-06 08:57:00,34.0,True,True,4,4,5,13,Champions,Active repeat,Protect high-value active
12634,2010-06-09 15:41:00,2010-06-22 10:05:00,2,490.0,245.0,536,548,True,2010-06-22 10:05:00,12.0,True,True,1,2,2,5,Hibernating,Dormant,Low-cost reactivation
12635,2010-09-09 10:50:00,2011-09-11 11:04:00,4,2930.41,732.6025,90,457,True,2010-11-12 15:46:00,64.0,True,True,3,3,5,11,Needs Attention,Active repeat,Protect high-value active
12636,2009-12-01 09:55:00,2009-12-01 09:55:00,1,141.0,141.0,739,739,False,,,True,False,1,1,1,3,Hibernating,Dormant,Low-cost reactivation
12637,2010-06-14 13:36:00,2011-10-03 13:46:00,12,8283.81,690.3175,67,543,True,2010-07-27 15:32:00,43.0,True,True,3,5,5,13,Loyal Customers,Active repeat,Protect high-value active
12638,2010-03-10 10:30:00,2011-11-06 13:11:00,2,921.49,460.745,33,640,True,2011-11-06 13:11:00,606.0,True,False,4,2,3,9,Potential Loyalists,Active repeat,Develop loyalty
12639,2010-03-22 09:05:00,2011-04-15 12:48:00,3,1312.37,437.45666666666665,239,628,True,2010-10-01 12:17:00,193.0,True,False,2,3,4,9,At Risk,Dormant,Low-cost reactivation
12640,2011-09-19 12:01:00,2011-11-16 11:52:00,3,1174.5800000000002,391.5266666666667,24,82,True,2011-11-15 08:43:00,56.0,False,False,4,3,3,10,Potential Loyalists,Active repeat,Develop loyalty
12641,2011-08-16 13:26:00,2011-08-16 13:26:00,1,185.9,185.9,115,115,False,,,True,False,3,1,1,5,Needs Attention,At risk,Test win-back
12642,2011-08-24 09:23:00,2011-11-14 15:03:00,3,1013.26,337.75333333333333,25,108,True,2011-10-20 12:31:00,57.0,True,True,4,3,3,10,Potential Loyalists,Active repeat,Develop loyalty
12643,2010-04-07 14:16:00,2011-08-03 12:56:00,12,8304.82,692.0683333333333,128,611,True,2010-05-28 14:22:00,51.0,True,True,3,5,5,13,Loyal Customers,At risk,Win back high-value
12644,2010-01-14 13:02:00,2011-08-02 10:33:00,4,1918.4900000000002,479.62250000000006,130,694,True,2010-02-07 14:27:00,24.0,True,True,3,3,4,10,Needs Attention,At risk,Test win-back
12645,2010-02-09 10:49:00,2011-11-06 12:38:00,8,3539.3,442.4125,34,669,True,2010-03-03 10:19:00,21.0,True,True,4,4,5,13,Champions,Active repeat,Protect high-value active
12646,2011-10-21 12:52:00,2011-12-05 10:14:00,2,1346.9699999999998,673.4849999999999,5,49,True,2011-12-05 10:14:00,44.0,False,False,5,2,4,11,Potential Loyalists,Active repeat,Develop loyalty
12647,2010-01-13 15:06:00,2011-11-17 12:56:00,36,16955.55,470.98749999999995,22,695,True,2010-02-01 11:44:00,18.0,True,True,4,5,5,14,Champions,Active repeat,Protect high-value active
12648,2010-01-07 18:38:00,2011-07-08 11:55:00,4,1112.0,278.0,155,701,True,2010-03-09 09:55:00,60.0,True,True,3,3,3,9,Needs Attention,At risk,Test win-back
12649,2010-01-12 17:24:00,2011-08-24 14:41:00,8,2294.65,286.83125,107,696,True,2010-01-15 13:14:00,2.0,True,True,3,4,4,11,Loyal Customers,At risk,Win back high-value
12650,2011-12-06 16:34:00,2011-12-06 16:34:00,1,314.44,314.44,3,3,False,,,False,False,5,1,2,8,New Customers,New,Drive second purchase
12651,2010-08-31 15:21:00,2011-01-09 12:46:00,4,377.75,94.4375,335,465,True,2010-10-29 09:44:00,58.0,True,True,2,3,2,7,At Risk,Dormant,Low-cost reactivation
12652,2010-10-01 15:16:00,2011-01-12 15:00:00,2,1017.03,508.515,331,434,True,2011-01-12 15:00:00,102.0,True,False,2,2,3,7,Hibernating,Dormant,Low-cost reactivation
12653,2010-07-01 09:56:00,2011-07-14 10:41:00,3,4160.83,1386.9433333333334,149,527,True,2011-02-16 10:53:00,230.0,True,False,3,3,5,11,Needs Attention,At risk,Win back high-value
12654,2011-02-17 13:16:00,2011-11-29 10:10:00,5,601.98,120.396,11,295,True,2011-05-26 10:41:00,97.0,True,False,5,4,2,11,Loyal Customers,Active repeat,Develop loyalty
12655,2010-10-12 09:17:00,2010-10-12 09:17:00,1,261.35,261.35,424,424,False,,,True,False,1,1,1,3,Hibernating,Dormant,Low-cost reactivation
12656,2010-05-26 09:00:00,2011-11-22 13:42:00,8,6407.83,800.97875,17,563,True,2010-07-28 13:05:00,63.0,True,True,5,4,5,14,Champions,Active repeat,Protect high-value active
12657,2011-09-22 11:40:00,2011-11-28 15:47:00,4,1643.18,410.795,11,79,True,2011-10-28 18:07:00,36.0,False,False,5,3,4,12,Potential Loyalists,Active repeat,Develop loyalty
12658,2011-11-21 10:22:00,2011-11-21 10:22:00,1,686.05,686.05,19,19,False,,,False,False,5,1,3,9,New Customers,New,Drive second purchase
12659,2011-11-10 11:53:00,2011-11-10 11:53:00,1,91.68,91.68,30,30,False,,,False,False,4,1,1,6,New Customers,New,Drive second purchase
12660,2011-11-28 13:26:00,2011-11-28 13:26:00,1,245.1,245.1,11,11,False,,,False,False,5,1,1,7,New Customers,New,Drive second purchase
12661,2010-09-29 16:46:00,2010-09-29 16:46:00,1,162.0,162.0,436,436,False,,,True,False,1,1,1,3,Hibernating,Dormant,Low-cost reactivation
12662,2010-04-01 09:50:00,2011-12-09 11:59:00,20,6726.54,336.327,1,618,True,2010-05-02 15:32:00,31.0,True,True,5,5,5,15,Champions,Active repeat,Protect high-value active
12663,2010-02-09 14:28:00,2010-03-25 09:40:00,2,239.4,119.7,625,668,True,2010-03-25 09:40:00,43.0,True,True,1,2,1,4,Hibernating,Dormant,Low-cost reactivation
12664,2009-12-13 10:28:00,2011-12-01 17:07:00,11,6070.04,551.8218181818182,8,727,True,2010-07-13 13:28:00,212.0,True,False,5,5,5,15,Champions,Active repeat,Protect high-value active
12665,2010-02-08 15:11:00,2011-01-19 08:34:00,3,313.6,104.53333333333335,325,669,True,2010-10-18 11:34:00,251.0,True,False,2,3,2,7,At Risk,Dormant,Low-cost reactivation
12666,2010-11-10 16:40:00,2010-11-10 16:40:00,1,1248.42,1248.42,394,394,False,,,True,False,2,1,4,7,Hibernating,Dormant,Low-cost reactivation
12667,2011-10-12 17:00:00,2011-10-12 17:00:00,1,620.13,620.13,58,58,False,,,False,False,4,1,3,8,New Customers,New,Drive second purchase
12668,2010-01-31 15:45:00,2011-11-28 10:56:00,10,11383.03,1138.303,12,677,True,2010-03-07 15:24:00,34.0,True,True,5,5,5,15,Champions,Active repeat,Protect high-value active
12669,2011-03-28 10:15:00,2011-07-12 09:54:00,3,2744.0299999999997,914.6766666666666,151,257,True,2011-04-05 09:45:00,7.0,True,True,3,3,4,10,Needs Attention,At risk,Win back high-value
12670,2010-02-11 10:13:00,2011-11-29 15:23:00,7,3760.29,537.1842857142857,10,667,True,2010-11-19 10:05:00,280.0,True,False,5,4,5,14,Champions,Active repeat,Protect high-value active
12671,2010-04-12 16:30:00,2010-04-12 16:30:00,1,2622.481,2622.481,606,606,False,,,True,False,1,1,4,6,Hibernating,Dormant,Low-cost reactivation
12672,2010-04-23 09:57:00,2011-01-14 09:20:00,2,437.04999999999995,218.52499999999998,330,596,True,2011-01-14 09:20:00,265.0,True,False,2,2,2,6,Hibernating,Dormant,Low-cost reactivation
12673,2010-11-03 10:46:00,2011-12-04 13:55:00,3,1230.02,410.00666666666666,5,402,True,2011-01-17 11:46:00,75.0,True,True,5,3,4,12,Potential Loyalists,Active repeat,Develop loyalty
12674,2011-05-16 09:10:00,2011-11-01 12:12:00,4,1970.6,492.65,39,208,True,2011-06-22 09:43:00,37.0,True,True,4,3,4,11,Potential Loyalists,Active repeat,Develop loyalty
12675,2010-05-10 16:44:00,2010-06-04 09:49:00,2,957.25,478.625,554,578,True,2010-06-04 09:49:00,24.0,True,True,1,2,3,6,Hibernating,Dormant,Low-cost reactivation
12676,2010-08-13 13:29:00,2011-11-15 12:25:00,11,2843.09,258.4627272727273,25,483,True,2010-08-13 13:31:00,0.0,True,True,4,5,4,13,Champions,Active repeat,Protect high-value active
12677,2010-02-11 13:55:00,2010-06-02 14:30:00,2,395.1,197.55,555,666,True,2010-06-02 14:30:00,111.0,True,False,1,2,2,5,Hibernating,Dormant,Low-cost reactivation
12678,2010-01-07 16:46:00,2011-10-28 13:04:00,21,34281.18,1632.4371428571428,42,701,True,2010-01-08 11:25:00,0.0,True,True,4,5,5,14,Champions,Active repeat,Protect high-value active
12679,2011-03-01 12:26:00,2011-10-12 12:30:00,4,1113.02,278.255,59,284,True,2011-05-18 12:18:00,77.0,True,True,4,3,3,10,Potential Loyalists,Active repeat,Develop loyalty
12680,2011-08-18 15:44:00,2011-12-09 12:50:00,4,880.81,220.2025,1,113,True,2011-09-11 12:27:00,23.0,True,True,5,3,3,11,Potential Loyalists,Active repeat,Develop loyalty
12681,2009-12-13 13:31:00,2011-11-25 11:33:00,45,29834.76,662.9946666666666,15,726,True,2010-01-08 13:19:00,25.0,True,True,5,5,5,15,Champions,Active repeat,Protect high-value active
12682,2009-12-01 09:28:00,2011-12-06 10:00:00,52,22950.22,441.35038461538466,4,739,True,2009-12-08 15:14:00,7.0,True,True,5,5,5,15,Champions,Active repeat,Protect high-value active
12683,2009-12-13 15:01:00,2011-12-05 16:31:00,21,11633.7,553.9857142857143,4,726,True,2009-12-20 15:38:00,7.0,True,True,5,5,5,15,Champions,Active repeat,Protect high-value active
12684,2011-05-10 12:55:00,2011-12-02 09:53:00,7,2283.63,326.23285714285714,8,213,True,2011-05-16 14:17:00,6.0,True,True,5,4,4,13,Champions,Active repeat,Protect high-value active
12685,2011-09-07 10:28:00,2011-11-11 13:46:00,6,2863.08,477.18,28,94,True,2011-09-08 10:32:00,1.0,True,True,4,4,4,12,Champions,Active repeat,Protect high-value active
12686,2010-12-03 09:51:00,2010-12-03 09:51:00,1,89.14,89.14,372,372,False,,,True,False,2,1,1,4,Hibernating,Dormant,Low-cost reactivation
12687,2010-08-16 12:10:00,2010-08-16 12:12:00,2,2138.91,1069.455,481,481,True,2010-08-16 12:12:00,0.0,True,True,1,2,4,7,Hibernating,Dormant,Low-cost reactivation
12688,2011-08-18 08:49:00,2011-08-18 08:49:00,1,4873.8099999999995,4873.8099999999995,114,114,False,,,True,False,3,1,5,9,Needs Attention,At risk,Win back high-value
12689,2011-08-04 10:04:00,2011-11-14 08:31:00,2,1247.61,623.805,26,128,True,2011-11-14 08:31:00,101.0,True,False,4,2,4,10,Potential Loyalists,Active repeat,Develop loyalty
12690,2011-05-18 09:09:00,2011-05-18 09:09:00,1,389.01,389.01,206,206,False,,,True,False,2,1,2,5,Hibernating,Dormant,Low-cost reactivation
12691,2010-10-15 12:00:00,2011-11-11 16:49:00,7,1170.4,167.20000000000002,28,421,True,2010-12-17 14:46:00,63.0,True,True,4,4,3,11,Loyal Customers,Active repeat,Develop loyalty
12692,2010-03-12 14:02:00,2010-03-12 14:02:00,1,110.95,110.95,637,637,False,,,True,False,1,1,1,3,Hibernating,Dormant,Low-cost reactivation
12693,2010-07-05 13:56:00,2011-08-04 17:51:00,7,1703.02,243.28857142857143,127,522,True,2010-09-13 15:48:00,70.0,True,True,3,4,4,11,Loyal Customers,At risk,Test win-back
12694,2010-10-14 19:39:00,2011-09-30 13:06:00,3,1843.35,614.4499999999999,70,421,True,2011-06-09 17:48:00,237.0,True,False,3,3,4,10,Needs Attention,Active repeat,Develop loyalty
12695,2010-02-12 13:22:00,2011-12-02 13:22:00,7,1407.12,201.01714285714283,7,665,True,2010-04-28 14:59:00,75.0,True,True,5,4,4,13,Champions,Active repeat,Develop loyalty
12696,2010-07-19 10:02:00,2010-10-01 10:43:00,2,851.91,425.955,435,509,True,2010-10-01 10:43:00,74.0,True,True,1,2,3,6,Hibernating,Dormant,Low-cost reactivation
12697,2011-06-23 15:44:00,2011-11-11 08:47:00,3,957.5899999999999,319.19666666666666,29,169,True,2011-07-31 14:17:00,37.0,True,True,4,3,3,10,Potential Loyalists,Active repeat,Develop loyalty
12698,2010-04-28 15:51:00,2010-04-28 15:51:00,1,339.75,339.75,590,590,False,,,True,False,1,1,2,4,Hibernating,Dormant,Low-cost reactivation
12699,2010-10-18 12:07:00,2010-10-18 12:07:00,1,638.11,638.11,418,418,False,,,True,False,1,1,3,5,Hibernating,Dormant,Low-cost reactivation
12700,2011-05-08 16:10:00,2011-12-02 10:47:00,4,4939.99,1234.9975,8,215,True,2011-07-06 13:14:00,58.0,True,True,5,3,5,13,Potential Loyalists,Active repeat,Protect high-value active
12701,2010-03-16 13:23:00,2011-09-21 10:47:00,6,2446.41,407.73499999999996,80,633,True,2010-06-01 10:42:00,76.0,True,True,3,4,4,11,Loyal Customers,Active repeat,Protect high-value active
12702,2011-11-20 10:36:00,2011-11-20 10:36:00,1,219.0,219.0,20,20,False,,,False,False,4,1,1,6,New Customers,New,Drive second purchase
12703,2010-01-24 12:05:00,2011-09-29 17:52:00,4,1006.53,251.6325,71,685,True,2010-03-15 09:20:00,49.0,True,True,3,3,3,9,Needs Attention,Active repeat,Develop loyalty
12704,2011-06-23 10:20:00,2011-12-02 13:15:00,8,2340.84,292.605,7,170,True,2011-08-04 10:00:00,41.0,True,True,5,4,4,13,Champions,Active repeat,Protect high-value active
12705,2010-06-24 09:51:00,2011-11-24 13:17:00,14,11762.1,840.15,15,534,True,2010-09-30 17:05:00,98.0,True,False,5,5,5,15,Champions,Active repeat,Protect high-value active
12707,2011-02-21 08:38:00,2011-02-21 08:38:00,1,603.42,603.42,292,292,False,,,True,False,2,1,2,5,Hibernating,Dormant,Low-cost reactivation
12708,2009-12-18 10:25:00,2011-11-10 09:52:00,18,5117.66,284.31444444444446,30,722,True,2010-01-22 12:24:00,35.0,True,True,4,5,5,14,Champions,Active repeat,Protect high-value active
12709,2009-12-09 13:49:00,2011-11-24 15:38:00,34,30291.76,890.9341176470588,15,730,True,2009-12-09 13:49:00,0.0,True,True,5,5,5,15,Champions,Active repeat,Protect high-value active
12710,2011-05-22 14:05:00,2011-09-04 12:00:00,3,1149.02,383.00666666666666,97,201,True,2011-07-01 13:22:00,39.0,True,True,3,3,3,9,Needs Attention,At risk,Test win-back
12711,2010-02-01 11:30:00,2010-04-07 11:59:00,2,1339.05,669.525,612,677,True,2010-04-07 11:59:00,65.0,True,True,1,2,4,7,Hibernating,Dormant,Low-cost reactivation
12712,2009-12-09 10:46:00,2011-11-11 08:19:00,21,6723.03,320.14428571428573,29,731,True,2010-02-05 09:14:00,57.0,True,True,4,5,5,14,Champions,Active repeat,Protect high-value active
12713,2011-12-09 12:16:00,2011-12-09 12:16:00,1,848.55,848.55,1,1,False,,,False,False,5,1,3,9,New Customers,New,Drive second purchase
12714,2009-12-04 10:00:00,2011-11-30 15:43:00,12,14093.710000000001,1174.4758333333334,9,736,True,2010-01-08 16:29:00,35.0,True,True,5,5,5,15,Champions,Active repeat,Protect high-value active
12715,2011-08-25 15:22:00,2011-08-25 15:22:00,1,343.36,343.36,106,106,False,,,True,False,3,1,2,6,Needs Attention,At risk,Test win-back
12716,2011-07-29 13:28:00,2011-12-06 08:55:00,2,1053.49,526.745,4,133,True,2011-12-06 08:55:00,129.0,True,False,5,2,3,10,Potential Loyalists,Active repeat,Develop loyalty
12717,2010-04-28 14:34:00,2011-07-11 14:47:00,3,1308.91,436.30333333333334,151,590,True,2011-04-08 10:32:00,344.0,True,False,3,3,4,10,Needs Attention,At risk,Test win-back
12718,2011-09-29 16:38:00,2011-09-29 16:38:00,1,238.25,238.25,71,71,False,,,False,False,3,1,1,5,Needs Attention,New,Drive second purchase
12719,2011-10-05 14:50:00,2011-12-04 13:45:00,2,644.95,322.475,5,65,True,2011-12-04 13:45:00,59.0,False,False,5,2,3,10,Potential Loyalists,Active repeat,Develop loyalty
12720,2010-07-21 09:46:00,2011-12-07 08:03:00,30,7787.28,259.57599999999996,3,507,True,2010-07-21 09:55:00,0.0,True,True,5,5,5,15,Champions,Active repeat,Protect high-value active
12721,2010-08-25 11:07:00,2011-11-08 12:13:00,8,4013.08,501.635,32,472,True,2010-11-19 15:13:00,86.0,True,True,4,4,5,13,Champions,Active repeat,Protect high-value active
12722,2011-07-12 11:55:00,2011-09-15 14:50:00,4,997.63,249.4075,85,151,True,2011-08-14 11:16:00,32.0,True,True,3,3,3,9,Needs Attention,Active repeat,Develop loyalty
12723,2011-10-05 15:52:00,2011-12-06 10:19:00,5,725.0699999999999,145.01399999999998,4,65,True,2011-10-05 15:56:00,0.0,False,False,5,4,3,12,Loyal Customers,Active repeat,Develop loyalty
12724,2010-06-22 14:00:00,2011-12-04 16:02:00,7,2317.52,331.07428571428574,5,535,True,2010-07-22 13:22:00,29.0,True,True,5,4,4,13,Champions,Active repeat,Protect high-value active
12725,2010-05-04 13:59:00,2010-12-03 15:45:00,4,2266.7599999999998,566.6899999999999,371,584,True,2010-05-17 14:54:00,13.0,True,True,2,3,4,9,At Risk,Dormant,Low-cost reactivation
12726,2010-03-25 16:25:00,2011-11-11 13:35:00,11,4014.6000000000004,364.9636363636364,28,624,True,2010-06-10 16:35:00,77.0,True,True,4,5,5,14,Champions,Active repeat,Protect high-value active
12727,2010-02-23 09:54:00,2011-11-29 11:46:00,10,5679.53,567.953,11,655,True,2010-06-10 09:40:00,106.0,True,False,5,5,5,15,Champions,Active repeat,Protect high-value active
12728,2010-11-21 11:34:00,2011-09-29 15:31:00,5,1070.17,214.03400000000002,71,384,True,2011-01-11 13:31:00,51.0,True,True,3,4,3,10,Loyal Customers,Active repeat,Develop loyalty
12729,2011-08-18 11:40:00,2011-08-18 11:40:00,1,453.01,453.01,114,114,False,,,True,False,3,1,2,6,Needs Attention,At risk,Test win-back
12730,2010-07-06 12:19:00,2010-07-06 12:19:00,1,829.25,829.25,522,522,False,,,True,False,1,1,3,5,Hibernating,Dormant,Low-cost reactivation
12731,2010-03-02 09:23:00,2011-11-16 11:59:00,17,25775.71,1516.2182352941177,24,648,True,2010-05-16 15:39:00,75.0,True,True,4,5,5,14,Champions,Active repeat,Protect high-value active
12732,2011-06-13 11:33:00,2011-06-13 11:33:00,1,236.26000000000002,236.26000000000002,180,180,False,,,True,False,3,1,1,5,Needs Attention,At risk,Test win-back
12733,2010-01-19 13:23:00,2011-04-19 16:19:00,4,2424.87,606.2175,234,689,True,2010-07-30 16:50:00,192.0,True,False,2,3,4,9,At Risk,Dormant,Low-cost reactivation
12734,2010-11-12 13:26:00,2010-12-22 12:47:00,3,639.6500000000001,213.2166666666667,353,392,True,2010-11-30 11:05:00,17.0,True,True,2,3,3,8,At Risk,Dormant,Low-cost reactivation
12735,2011-01-06 14:26:00,2011-01-28 13:37:00,2,779.5699999999999,389.78499999999997,315,337,True,2011-01-28 13:37:00,21.0,True,True,2,2,3,7,Hibernating,Dormant,Low-cost reactivation
12736,2011-01-11 07:57:00,2011-01-11 07:57:00,1,234.0,234.0,333,333,False,,,True,False,2,1,1,4,Hibernating,Dormant,Low-cost reactivation
12737,2010-07-29 12:27:00,2010-07-29 12:29:00,2,3710.5,1855.25,499,499,True,2010-07-29 12:29:00,0.0,True,True,1,2,5,8,Hibernating,Dormant,Low-cost reactivation
12738,2010-12-02 18:27:00,2010-12-02 18:27:00,1,155.35,155.35,372,372,False,,,True,False,2,1,1,4,Hibernating,Dormant,Low-cost reactivation
12739,2010-11-10 14:27:00,2011-09-22 13:00:00,4,2726.73,681.6825,78,394,True,2010-11-19 09:42:00,8.0,True,True,3,3,4,10,Needs Attention,Active repeat,Protect high-value active
12740,2011-10-07 10:44:00,2011-10-07 10:44:00,1,427.6,427.6,64,64,False,,,False,False,3,1,2,6,Needs Attention,New,Drive second purchase
12741,2010-06-24 16:24:00,2010-06-28 14:36:00,2,406.07,203.035,529,533,True,2010-06-28 14:36:00,3.0,True,True,1,2,2,5,Hibernating,Dormant,Low-cost reactivation
12742,2010-03-24 12:43:00,2010-03-24 12:43:00,1,1201.52,1201.52,626,626,False,,,True,False,1,1,3,5,Hibernating,Dormant,Low-cost reactivation
12743,2011-07-28 16:06:00,2011-07-28 16:21:00,2,540.13,270.065,134,134,True,2011-07-28 16:21:00,0.0,True,True,3,2,2,7,Needs Attention,At risk,Test win-back
12744,2010-04-27 16:19:00,2011-10-19 11:18:00,11,25317.059999999998,2301.550909090909,52,591,True,2010-09-06 10:15:00,131.0,True,False,4,5,5,14,Champions,Active repeat,Protect high-value active
12745,2010-01-26 16:22:00,2010-08-10 10:14:00,3,925.41,308.46999999999997,487,682,True,2010-05-14 16:50:00,108.0,True,False,1,3,3,7,At Risk,Dormant,Low-cost reactivation
12746,2010-06-17 10:41:00,2010-06-17 10:41:00,1,254.55,254.55,541,541,False,,,True,False,1,1,1,3,Hibernating,Dormant,Low-cost reactivation
12747,2009-12-07 13:23:00,2011-12-07 14:34:00,26,8898.48,342.24923076923073,2,732,True,2009-12-09 10:02:00,1.0,True,True,5,5,5,15,Champions,Active repeat,Protect high-value active
12748,2009-12-04 17:31:00,2011-12-09 12:20:00,336,53539.64,159.34416666666667,1,735,True,2009-12-14 12:28:00,9.0,True,True,5,5,5,15,Champions,Active repeat,Protect high-value active
12749,2010-07-06 15:05:00,2011-12-06 09:56:00,9,6897.360000000001,766.3733333333334,4,521,True,2010-10-10 14:17:00,95.0,True,False,5,5,5,15,Champions,Active repeat,Protect high-value active
12750,2011-08-03 09:13:00,2011-08-03 09:13:00,1,275.88,275.88,129,129,False,,,True,False,3,1,1,5,Needs Attention,At risk,Test win-back
12751,2010-09-21 12:49:00,2010-09-21 12:49:00,1,268.27,268.27,445,445,False,,,True,False,1,1,1,3,Hibernating,Dormant,Low-cost reactivation
12752,2011-09-19 13:32:00,2011-09-19 13:32:00,1,4366.78,4366.78,81,81,False,,,False,False,3,1,5,9,Needs Attention,New,Drive second purchase
12753,2010-12-12 11:44:00,2011-11-17 10:52:00,6,21429.39,3571.565,23,363,True,2011-02-09 11:21:00,58.0,True,True,4,4,5,13,Champions,Active repeat,Protect high-value active
12754,2011-02-04 10:31:00,2011-04-18 09:00:00,3,3010.74,1003.5799999999999,236,309,True,2011-03-07 13:38:00,31.0,True,True,2,3,5,10,At Risk,Dormant,Low-cost reactivation
12755,2010-01-15 11:57:00,2011-03-04 12:42:00,11,5236.259999999999,476.0236363636363,281,694,True,2010-02-23 09:37:00,38.0,True,True,2,5,5,12,At Risk,Dormant,Low-cost reactivation
12756,2011-09-14 09:31:00,2011-09-14 09:31:00,1,112.07999999999998,112.07999999999998,87,87,False,,,False,False,3,1,1,5,Needs Attention,New,Drive second purchase
12757,2011-05-12 19:01:00,2011-11-24 12:30:00,13,7834.650000000001,602.6653846153847,16,211,True,2011-05-12 19:02:00,0.0,True,True,5,5,5,15,Champions,Active repeat,Protect high-value active
12758,2009-12-01 14:40:00,2011-08-15 10:22:00,7,9903.24,1414.7485714285715,117,738,True,2010-03-24 10:28:00,112.0,True,False,3,4,5,12,Loyal Customers,At risk,Win back high-value
12759,2009-12-04 10:47:00,2011-10-18 14:49:00,8,5020.74,627.5925,52,736,True,2010-05-24 10:44:00,170.0,True,False,4,4,5,13,Champions,Active repeat,Protect high-value active
12760,2010-09-10 08:50:00,2010-09-10 08:50:00,1,347.8,347.8,456,456,False,,,True,False,1,1,2,4,Hibernating,Dormant,Low-cost reactivation
12761,2010-09-01 10:47:00,2010-09-08 12:17:00,2,782.95,391.475,458,465,True,2010-09-08 12:17:00,7.0,True,True,1,2,3,6,Hibernating,Dormant,Low-cost reactivation
12762,2011-11-14 14:23:00,2011-12-02 10:23:00,2,1898.52,949.26,8,25,True,2011-12-02 10:23:00,17.0,False,False,5,2,4,11,Potential Loyalists,Active repeat,Develop loyalty
12763,2010-12-05 15:46:00,2011-07-24 14:12:00,2,494.08,247.04,138,369,True,2011-07-24 14:12:00,230.0,True,False,3,2,2,7,Needs Attention,At risk,Test win-back
12764,2011-01-27 10:19:00,2011-01-27 10:19:00,1,1693.88,1693.88,317,317,False,,,True,False,2,1,4,7,Hibernating,Dormant,Low-cost reactivation
12765,2010-03-08 09:43:00,2010-08-24 13:51:00,6,1404.58,234.09666666666666,472,642,True,2010-04-08 10:08:00,31.0,True,True,1,4,4,9,At Risk,Dormant,Low-cost reactivation
12766,2010-10-28 09:29:00,2011-12-06 08:46:00,9,8918.99,990.9988888888888,4,408,True,2010-11-16 13:28:00,19.0,True,True,5,5,5,15,Champions,Active repeat,Protect high-value active
12767,2010-11-29 09:38:00,2010-11-29 09:38:00,1,949.82,949.82,376,376,False,,,True,False,2,1,3,6,Hibernating,Dormant,Low-cost reactivation
12768,2010-09-15 12:08:00,2010-09-15 12:08:00,1,168.69000000000003,168.69000000000003,451,451,False,,,True,False,1,1,1,3,Hibernating,Dormant,Low-cost reactivation
12769,2011-04-15 10:25:00,2011-04-15 10:25:00,1,1143.6,1143.6,239,239,False,,,True,False,2,1,3,6,Hibernating,Dormant,Low-cost reactivation
12770,2010-09-09 11:43:00,2011-05-13 09:33:00,2,3246.45,1623.225,211,457,True,2011-05-13 09:33:00,245.0,True,False,2,2,5,9,Hibernating,Dormant,Low-cost reactivation
12771,2010-08-11 11:51:00,2010-08-11 11:51:00,1,282.3,282.3,486,486,False,,,True,False,1,1,1,3,Hibernating,Dormant,Low-cost reactivation
12772,2011-10-11 09:19:00,2011-10-11 09:19:00,1,892.47,892.47,60,60,False,,,False,False,3,1,3,7,Needs Attention,New,Drive second purchase
12773,2010-05-24 17:30:00,2010-05-24 17:30:00,1,124.25,124.25,564,564,False,,,True,False,1,1,1,3,Hibernating,Dormant,Low-cost reactivation
12774,2010-06-22 10:38:00,2010-06-22 10:38:00,1,98.7,98.7,536,536,False,,,True,False,1,1,1,3,Hibernating,Dormant,Low-cost reactivation
12775,2010-10-26 14:24:00,2011-11-22 16:33:00,7,1686.1200000000001,240.87428571428572,17,409,True,2010-11-16 15:14:00,21.0,True,True,5,4,4,13,Champions,Active repeat,Develop loyalty
12776,2010-02-10 12:11:00,2010-02-10 12:11:00,1,55.5,55.5,668,668,False,,,True,False,1,1,1,3,Hibernating,Dormant,Low-cost reactivation
12777,2010-09-08 11:35:00,2010-09-08 11:35:00,1,519.45,519.45,458,458,False,,,True,False,1,1,2,4,Hibernating,Dormant,Low-cost reactivation
12778,2010-04-16 09:57:00,2011-11-20 11:30:00,9,1775.68,197.29777777777778,20,603,True,2010-09-14 12:48:00,151.0,True,False,4,5,4,13,Champions,Active repeat,Develop loyalty
12779,2009-12-03 07:25:00,2011-11-02 11:43:00,14,6474.11,462.43642857142856,38,737,True,2010-03-01 09:56:00,88.0,True,True,4,5,5,14,Champions,Active repeat,Protect high-value active
12780,2010-04-20 09:40:00,2010-04-20 09:40:00,1,337.4,337.4,599,599,False,,,True,False,1,1,2,4,Hibernating,Dormant,Low-cost reactivation
12781,2011-02-28 08:43:00,2011-10-07 10:37:00,2,826.74,413.37,64,285,True,2011-10-07 10:37:00,221.0,True,False,3,2,3,8,Needs Attention,Active repeat,Develop loyalty
12782,2010-07-08 13:31:00,2011-12-05 09:16:00,11,4618.24,419.84,5,519,True,2010-09-16 10:22:00,69.0,True,True,5,5,5,15,Champions,Active repeat,Protect high-value active
12783,2011-09-25 15:35:00,2011-12-07 15:56:00,6,2225.91,370.98499999999996,2,75,True,2011-10-14 11:42:00,18.0,False,False,5,4,4,13,Champions,Active repeat,Develop loyalty
12784,2010-06-28 13:06:00,2011-11-30 15:38:00,3,1763.1499999999999,587.7166666666666,9,529,True,2011-11-24 12:53:00,513.0,True,False,5,3,4,12,Potential Loyalists,Active repeat,Develop loyalty
12785,2009-12-08 13:56:00,2010-12-10 13:48:00,3,1100.4,366.8,364,731,True,2010-06-22 12:16:00,195.0,True,False,2,3,3,8,At Risk,Dormant,Low-cost reactivation
12786,2010-04-09 12:12:00,2010-04-09 12:12:00,1,728.5,728.5,610,610,False,,,True,False,1,1,3,5,Hibernating,Dormant,Low-cost reactivation
12787,2010-10-22 14:57:00,2011-11-30 08:44:00,4,862.18,215.545,10,413,True,2011-05-31 09:36:00,220.0,True,False,5,3,3,11,Potential Loyalists,Active repeat,Develop loyalty
12788,2010-06-29 13:05:00,2010-09-02 14:21:00,4,444.9,111.225,463,528,True,2010-07-15 13:24:00,16.0,True,True,1,3,2,6,At Risk,Dormant,Low-cost reactivation
12789,2010-01-15 12:06:00,2011-10-05 13:34:00,3,273.35,91.11666666666667,65,694,True,2010-07-15 12:43:00,181.0,True,False,3,3,1,7,Needs Attention,Active repeat,Develop loyalty
12790,2010-10-25 13:04:00,2011-05-31 14:14:00,2,591.85,295.925,192,410,True,2011-05-31 14:14:00,218.0,True,False,2,2,2,6,Hibernating,Dormant,Low-cost reactivation
12791,2010-03-25 17:29:00,2010-12-01 11:27:00,6,863.51,143.91833333333332,374,624,True,2010-03-26 12:05:00,0.0,True,True,2,4,3,9,At Risk,Dormant,Low-cost reactivation
12792,2010-06-23 10:49:00,2011-03-28 11:36:00,2,827.01,413.505,257,535,True,2011-03-28 11:36:00,278.0,True,False,2,2,3,7,Hibernating,Dormant,Low-cost reactivation
12793,2010-11-03 13:05:00,2011-01-09 12:12:00,3,885.53,295.1766666666667,335,401,True,2010-12-03 15:14:00,30.0,True,True,2,3,3,8,At Risk,Dormant,Low-cost reactivation
12794,2011-09-02 12:01:00,2011-10-17 14:54:00,2,860.41,430.205,53,99,True,2011-10-17 14:54:00,45.0,True,True,4,2,3,9,Potential Loyalists,Active repeat,Develop loyalty
12795,2011-11-21 10:27:00,2011-11-21 10:27:00,1,430.48,430.48,19,19,False,,,False,False,5,1,2,8,New Customers,New,Drive second purchase
12796,2010-03-21 15:49:00,2010-03-21 15:49:00,1,381.0,381.0,628,628,False,,,True,False,1,1,2,4,Hibernating,Dormant,Low-cost reactivation
12797,2010-10-11 12:53:00,2010-12-09 10:55:00,2,552.08,276.04,366,424,True,2010-12-09 10:55:00,58.0,True,True,2,2,2,6,Hibernating,Dormant,Low-cost reactivation
12798,2010-10-14 12:27:00,2011-11-29 15:52:00,4,8510.93,2127.7325,10,422,True,2011-06-22 10:11:00,250.0,True,False,5,3,5,13,Potential Loyalists,Active repeat,Protect high-value active
12799,2010-06-28 15:57:00,2010-06-28 15:57:00,1,219.35,219.35,529,529,False,,,True,False,1,1,1,3,Hibernating,Dormant,Low-cost reactivation
12800,2010-02-01 11:02:00,2010-08-26 14:11:00,3,584.25,194.75,470,677,True,2010-02-01 13:16:00,0.0,True,True,1,3,2,6,At Risk,Dormant,Low-cost reactivation
12801,2010-07-27 09:38:00,2010-07-27 09:38:00,1,1071.82,1071.82,501,501,False,,,True,False,1,1,3,5,Hibernating,Dormant,Low-cost reactivation
12802,2010-05-25 09:34:00,2011-06-06 09:36:00,7,2416.42,345.20285714285717,187,564,True,2010-06-18 12:28:00,24.0,True,True,3,4,4,11,Loyal Customers,Dormant,Low-cost reactivation
12803,2010-11-11 14:57:00,2010-11-11 14:57:00,1,1092.81,1092.81,393,393,False,,,True,False,2,1,3,6,Hibernating,Dormant,Low-cost reactivation
12804,2010-07-27 13:52:00,2010-08-31 11:58:00,2,325.37,162.685,466,500,True,2010-08-31 11:58:00,34.0,True,True,1,2,2,5,Hibernating,Dormant,Low-cost reactivation
12805,2010-02-03 09:06:00,2010-11-23 12:27:00,4,1434.95,358.7375,382,675,True,2010-04-13 12:30:00,69.0,True,True,2,3,4,9,At Risk,Dormant,Low-cost reactivation
12806,2010-04-30 10:44:00,2010-09-30 13:34:00,4,2878.96,719.74,435,589,True,2010-05-16 13:49:00,16.0,True,True,1,3,4,8,At Risk,Dormant,Low-cost reactivation
12807,2010-11-21 14:21:00,2010-11-21 14:21:00,1,330.35,330.35,383,383,False,,,True,False,2,1,2,5,Hibernating,Dormant,Low-cost reactivation
12808,2010-09-03 10:24:00,2011-11-03 10:05:00,5,776.7,155.34,37,463,True,2010-09-30 17:55:00,27.0,True,True,4,4,3,11,Loyal Customers,Active repeat,Develop loyalty
12809,2010-03-02 14:19:00,2011-06-15 10:51:00,3,1755.94,585.3133333333334,178,647,True,2010-05-23 11:08:00,81.0,True,True,3,3,4,10,Needs Attention,At risk,Test win-back
12810,2010-02-01 09:52:00,2010-06-23 10:53:00,2,534.99,267.495,535,677,True,2010-06-23 10:53:00,142.0,True,False,1,2,2,5,Hibernating,Dormant,Low-cost reactivation
12811,2010-10-08 12:20:00,2011-03-24 09:42:00,5,1033.9,206.78000000000003,261,428,True,2010-11-26 09:49:00,48.0,True,True,2,4,3,9,At Risk,Dormant,Low-cost reactivation
12812,2011-10-26 09:54:00,2011-10-26 09:54:00,1,229.64000000000001,229.64000000000001,45,45,False,,,False,False,4,1,1,6,New Customers,New,Drive second purchase
12813,2010-01-15 16:52:00,2010-07-26 09:50:00,3,1687.8000000000002,562.6,502,693,True,2010-05-10 14:19:00,114.0,True,False,1,3,4,8,At Risk,Dormant,Low-cost reactivation
12814,2011-08-30 12:11:00,2011-08-30 12:11:00,1,125.92,125.92,102,102,False,,,True,False,3,1,1,5,Needs Attention,At risk,Test win-back
12815,2011-05-25 13:34:00,2011-07-15 10:21:00,2,1063.46,531.73,148,198,True,2011-07-15 10:21:00,50.0,True,True,3,2,3,8,Needs Attention,At risk,Test win-back
12816,2011-06-16 13:24:00,2011-09-05 12:41:00,2,572.2,286.1,96,176,True,2011-09-05 12:41:00,80.0,True,True,3,2,2,7,Needs Attention,At risk,Test win-back
12817,2010-10-01 08:57:00,2011-03-03 16:28:00,3,690.98,230.32666666666668,281,435,True,2010-11-05 08:28:00,34.0,True,True,2,3,3,8,At Risk,Dormant,Low-cost reactivation
12818,2011-03-23 12:06:00,2011-03-23 12:06:00,1,1542.08,1542.08,262,262,False,,,True,False,2,1,4,7,Hibernating,Dormant,Low-cost reactivation
12819,2010-09-07 15:20:00,2010-09-07 15:20:00,1,540.52,540.52,458,458,False,,,True,False,1,1,2,4,Hibernating,Dormant,Low-cost reactivation
12820,2009-12-05 13:37:00,2011-12-06 15:12:00,11,2689.52,244.50181818181818,3,734,True,2010-01-13 08:58:00,38.0,True,True,5,5,4,14,Champions,Active repeat,Protect high-value active
12821,2010-04-07 15:14:00,2011-05-09 15:51:00,2,220.79999999999998,110.39999999999999,214,611,True,2011-05-09 15:51:00,397.0,True,False,2,2,1,5,Hibernating,Dormant,Low-cost reactivation
12822,2011-09-13 13:46:00,2011-09-30 10:04:00,2,948.88,474.44,71,87,True,2011-09-30 10:04:00,16.0,False,False,3,2,3,8,Needs Attention,Active repeat,Develop loyalty
12823,2010-01-29 12:52:00,2011-09-26 07:35:00,18,6501.5,361.19444444444446,75,679,True,2010-03-05 11:55:00,34.0,True,True,3,5,5,13,Loyal Customers,Active repeat,Protect high-value active
12824,2011-10-11 12:49:00,2011-10-11 12:49:00,1,397.12,397.12,60,60,False,,,False,False,3,1,2,6,Needs Attention,New,Drive second purchase
12825,2010-03-08 10:17:00,2010-07-06 13:56:00,2,518.63,259.315,521,642,True,2010-07-06 13:56:00,120.0,True,False,1,2,2,5,Hibernating,Dormant,Low-cost reactivation
12826,2009-12-18 10:43:00,2011-12-07 10:25:00,12,2800.75,233.39583333333334,3,722,True,2010-07-19 14:31:00,213.0,True,False,5,5,4,14,Champions,Active repeat,Protect high-value active
12827,2011-10-26 15:44:00,2011-12-04 12:17:00,3,430.15,143.38333333333333,6,44,True,2011-11-07 11:29:00,11.0,False,False,5,3,2,10,Potential Loyalists,Active repeat,Develop loyalty
12828,2011-08-01 16:16:00,2011-12-07 08:45:00,6,1018.71,169.785,3,130,True,2011-08-19 09:23:00,17.0,True,True,5,4,3,12,Loyal Customers,Active repeat,Develop loyalty
12829,2010-06-07 15:04:00,2011-01-07 11:13:00,3,385.3,128.43333333333334,337,550,True,2010-12-14 14:54:00,189.0,True,False,2,3,2,7,At Risk,Dormant,Low-cost reactivation
12830,2011-06-21 10:53:00,2011-11-02 11:54:00,6,6814.64,1135.7733333333333,38,172,True,2011-07-06 10:52:00,14.0,True,True,4,4,5,13,Champions,Active repeat,Protect high-value active
12831,2010-09-02 15:58:00,2011-03-22 13:02:00,3,451.11,150.37,262,463,True,2010-09-02 16:00:00,0.0,True,True,2,3,2,7,At Risk,Dormant,Low-cost reactivation
12832,2011-09-02 13:48:00,2011-11-07 13:30:00,2,383.03000000000003,191.51500000000001,32,98,True,2011-11-07 13:30:00,65.0,True,True,4,2,2,8,Potential Loyalists,Active repeat,Develop loyalty
12833,2011-07-17 13:46:00,2011-07-17 13:46:00,1,417.38,417.38,145,145,False,,,True,False,3,1,2,6,Needs Attention,At risk,Test win-back
12834,2011-03-02 09:49:00,2011-03-02 09:49:00,1,312.38,312.38,283,283,False,,,True,False,2,1,2,5,Hibernating,Dormant,Low-cost reactivation
12835,2009-12-03 12:13:00,2010-10-08 10:59:00,41,5996.83,146.2641463414634,428,737,True,2009-12-04 14:52:00,1.0,True,True,1,5,5,11,At Risk,Dormant,Low-cost reactivation
12836,2009-12-01 14:19:00,2011-10-11 15:10:00,15,6559.7300000000005,437.31533333333334,59,738,True,2010-01-21 13:34:00,50.0,True,True,4,5,5,14,Champions,Active repeat,Protect high-value active
12837,2010-05-19 15:10:00,2011-06-19 16:07:00,2,662.6600000000001,331.33000000000004,173,569,True,2011-06-19 16:07:00,396.0,True,False,3,2,3,8,Needs Attention,At risk,Test win-back
12838,2010-04-26 09:59:00,2011-11-06 12:20:00,10,2975.9100000000003,297.591,34,593,True,2010-05-12 14:09:00,16.0,True,True,4,5,5,14,Champions,Active repeat,Protect high-value active
12839,2009-12-07 09:18:00,2011-12-07 12:33:00,26,9669.12,371.8892307692308,3,733,True,2009-12-14 15:30:00,7.0,True,True,5,5,5,15,Champions,Active repeat,Protect high-value active
12840,2010-02-03 14:51:00,2011-07-19 09:29:00,7,4041.97,577.4242857142857,144,674,True,2010-06-08 13:23:00,124.0,True,False,3,4,5,12,Loyal Customers,At risk,Win back high-value
12841,2010-07-08 15:38:00,2011-12-05 11:13:00,40,6958.2,173.95499999999998,5,519,True,2010-07-25 12:19:00,16.0,True,True,5,5,5,15,Champions,Active repeat,Protect high-value active
12842,2009-12-02 08:15:00,2011-09-30 15:33:00,4,1917.99,479.4975,70,738,True,2010-10-31 10:45:00,333.0,True,False,3,3,4,10,Needs Attention,Active repeat,Develop loyalty
12843,2009-12-13 11:41:00,2011-10-05 12:09:00,30,6583.36,219.4453333333333,66,727,True,2010-01-27 17:11:00,45.0,True,True,3,5,5,13,Loyal Customers,Active repeat,Protect high-value active
12844,2010-04-25 11:51:00,2011-11-10 13:31:00,4,648.6,162.15,29,594,True,2010-09-23 16:23:00,151.0,True,False,4,3,3,10,Potential Loyalists,Active repeat,Develop loyalty
12845,2011-02-22 14:10:00,2011-03-17 13:34:00,4,354.09,88.5225,267,290,True,2011-03-14 10:55:00,19.0,True,True,2,3,2,7,At Risk,Dormant,Low-cost reactivation
12846,2010-01-26 16:29:00,2010-01-26 16:29:00,1,15.58,15.58,682,682,False,,,True,False,1,1,1,3,Hibernating,Dormant,Low-cost reactivation
12847,2010-11-17 12:44:00,2011-11-17 13:16:00,2,1609.0,804.5,22,388,True,2011-11-17 13:16:00,365.0,True,False,4,2,4,10,Potential Loyalists,Active repeat,Develop loyalty
12848,2010-02-02 12:45:00,2010-02-02 12:45:00,1,208.0,208.0,676,676,False,,,True,False,1,1,1,3,Hibernating,Dormant,Low-cost reactivation
12849,2010-04-27 13:44:00,2011-11-08 13:41:00,6,3042.47,507.0783333333333,31,591,True,2010-10-04 14:10:00,160.0,True,False,4,4,5,13,Champions,Active repeat,Protect high-value active
12850,2010-09-20 12:26:00,2010-09-20 12:26:00,1,330.0,330.0,446,446,False,,,True,False,1,1,2,4,Hibernating,Dormant,Low-cost reactivation
12851,2010-08-19 15:13:00,2011-09-04 12:41:00,2,280.76,140.38,97,477,True,2011-09-04 12:41:00,380.0,True,False,3,2,1,6,Needs Attention,At risk,Test win-back
12852,2011-02-18 08:47:00,2011-02-18 08:47:00,1,311.55,311.55,295,295,False,,,True,False,2,1,2,5,Hibernating,Dormant,Low-cost reactivation
12853,2010-02-05 11:57:00,2011-07-28 11:29:00,11,3907.5,355.22727272727275,135,673,True,2010-06-07 11:34:00,121.0,True,False,3,5,5,13,Loyal Customers,At risk,Win back high-value
12854,2009-12-11 12:55:00,2011-09-22 12:15:00,7,2970.9700000000003,424.42428571428576,79,728,True,2010-02-23 14:40:00,74.0,True,True,3,4,5,12,Loyal Customers,Active repeat,Protect high-value active
12855,2010-11-02 18:16:00,2010-12-02 09:37:00,4,612.84,153.21,373,402,True,2010-11-10 14:54:00,7.0,True,True,2,3,3,8,At Risk,Dormant,Low-cost reactivation
12856,2011-10-07 12:38:00,2011-12-02 10:52:00,6,2170.78,361.7966666666667,8,64,True,2011-10-14 12:53:00,7.0,False,False,5,4,4,13,Champions,Active repeat,Develop loyalty
12857,2010-01-25 15:37:00,2011-05-13 10:20:00,6,3688.0,614.6666666666666,211,683,True,2010-04-29 17:33:00,94.0,True,False,2,4,5,11,At Risk,Dormant,Low-cost reactivation
12858,2010-11-21 12:55:00,2010-11-21 12:55:00,1,147.27,147.27,383,383,False,,,True,False,2,1,1,4,Hibernating,Dormant,Low-cost reactivation
12859,2010-09-07 12:20:00,2010-09-07 12:20:00,1,575.1,575.1,459,459,False,,,True,False,1,1,2,4,Hibernating,Dormant,Low-cost reactivation
12860,2010-01-15 15:22:00,2010-01-15 15:22:00,1,54.22,54.22,693,693,False,,,True,False,1,1,1,3,Hibernating,Dormant,Low-cost reactivation
12861,2010-03-30 11:39:00,2010-03-30 11:39:00,1,68.25,68.25,620,620,False,,,True,False,1,1,1,3,Hibernating,Dormant,Low-cost reactivation
12862,2010-08-01 15:20:00,2010-10-10 11:47:00,2,984.62,492.31,426,495,True,2010-10-10 11:47:00,69.0,True,True,1,2,3,6,Hibernating,Dormant,Low-cost reactivation
12863,2010-04-29 13:54:00,2011-10-18 14:15:00,6,2792.55,465.425,52,589,True,2010-05-13 13:08:00,13.0,True,True,4,4,4,12,Champions,Active repeat,Protect high-value active
12864,2010-07-19 17:22:00,2011-07-24 13:03:00,2,299.57,149.785,138,508,True,2011-07-24 13:03:00,369.0,True,False,3,2,2,7,Needs Attention,At risk,Test win-back
12865,2010-08-20 12:20:00,2011-11-13 14:31:00,4,3323.4700000000003,830.8675000000001,26,477,True,2010-11-26 15:37:00,98.0,True,False,4,3,5,12,Potential Loyalists,Active repeat,Protect high-value active
12866,2010-07-25 11:37:00,2011-03-01 14:11:00,3,1227.35,409.1166666666666,283,503,True,2010-08-22 15:48:00,28.0,True,True,2,3,4,9,At Risk,Dormant,Low-cost reactivation
12867,2009-12-16 16:25:00,2011-11-13 15:30:00,13,7829.26,602.2507692307693,26,723,True,2010-02-14 14:35:00,59.0,True,True,4,5,5,14,Champions,Active repeat,Protect high-value active
12868,2010-11-12 10:05:00,2011-06-07 10:42:00,8,2043.7600000000002,255.47000000000003,186,393,True,2010-11-24 10:27:00,12.0,True,True,3,4,4,11,Loyal Customers,Dormant,Low-cost reactivation
12869,2010-01-27 12:10:00,2010-01-27 12:10:00,1,337.66999999999996,337.66999999999996,682,682,False,,,True,False,1,1,2,4,Hibernating,Dormant,Low-cost reactivation
12870,2010-03-25 14:32:00,2010-11-29 13:42:00,3,1676.95,558.9833333333333,375,624,True,2010-08-19 14:49:00,147.0,True,False,2,3,4,9,At Risk,Dormant,Low-cost reactivation
12871,2010-09-26 10:34:00,2011-09-16 15:07:00,3,744.02,248.00666666666666,84,440,True,2011-05-16 13:32:00,232.0,True,False,3,3,3,9,Needs Attention,Active repeat,Develop loyalty
12872,2009-12-03 20:03:00,2011-01-17 10:52:00,12,3283.96,273.66333333333336,327,736,True,2010-01-28 14:19:00,55.0,True,True,2,5,5,12,At Risk,Dormant,Low-cost reactivation
12873,2010-01-27 09:50:00,2011-03-02 14:58:00,3,2027.3000000000002,675.7666666666668,282,682,True,2010-11-07 11:15:00,284.0,True,False,2,3,4,9,At Risk,Dormant,Low-cost reactivation
12874,2010-06-03 12:51:00,2010-11-19 15:23:00,2,948.42,474.21,385,554,True,2010-11-19 15:23:00,169.0,True,False,2,2,3,7,Hibernating,Dormant,Low-cost reactivation
12875,2010-01-11 12:37:00,2011-07-19 15:30:00,5,1356.99,271.398,143,698,True,2010-04-16 13:12:00,95.0,True,False,3,4,4,11,Loyal Customers,At risk,Test win-back
12876,2010-04-28 13:26:00,2011-10-13 12:26:00,4,4081.79,1020.4475,58,590,True,2010-11-10 12:21:00,195.0,True,False,4,3,5,12,Potential Loyalists,Active repeat,Protect high-value active
12877,2010-01-18 10:23:00,2011-12-06 10:30:00,20,2942.1400000000003,147.10700000000003,4,691,True,2010-04-25 14:19:00,97.0,True,False,5,5,5,15,Champions,Active repeat,Protect high-value active
12878,2011-03-18 14:02:00,2011-04-17 13:07:00,2,854.99,427.495,236,266,True,2011-04-17 13:07:00,29.0,True,True,2,2,3,7,Hibernating,Dormant,Low-cost reactivation
12879,2011-09-09 12:11:00,2011-10-26 12:24:00,3,573.22,191.07333333333335,45,92,True,2011-09-19 14:27:00,10.0,True,True,4,3,2,9,Potential Loyalists,Active repeat,Develop loyalty
12880,2010-05-14 11:57:00,2010-11-23 10:50:00,2,640.13,320.065,382,575,True,2010-11-23 10:50:00,192.0,True,False,2,2,3,7,Hibernating,Dormant,Low-cost reactivation
12881,2011-03-09 11:44:00,2011-03-09 11:44:00,1,298.0,298.0,276,276,False,,,True,False,2,1,2,5,Hibernating,Dormant,Low-cost reactivation
12882,2011-11-06 11:22:00,2011-11-30 16:18:00,2,1463.04,731.52,9,34,True,2011-11-30 16:18:00,24.0,False,False,5,2,4,11,Potential Loyalists,Active repeat,Develop loyalty
12883,2011-09-11 15:18:00,2011-11-15 09:32:00,4,703.47,175.8675,25,89,True,2011-11-15 09:30:00,64.0,False,False,4,3,3,10,Potential Loyalists,Active repeat,Develop loyalty
12884,2011-09-12 13:10:00,2011-09-12 13:10:00,1,309.05,309.05,88,88,False,,,False,False,3,1,2,6,Needs Attention,New,Drive second purchase
12885,2011-08-08 11:45:00,2011-10-07 13:40:00,3,1175.22,391.74,63,124,True,2011-10-07 13:34:00,60.0,True,True,3,3,3,9,Needs Attention,Active repeat,Develop loyalty
12886,2011-05-04 11:21:00,2011-10-03 10:09:00,2,1378.4,689.2,68,220,True,2011-10-03 10:09:00,151.0,True,False,3,2,4,9,Needs Attention,Active repeat,Develop loyalty
12887,2010-11-21 11:18:00,2010-11-21 11:18:00,1,222.4,222.4,384,384,False,,,True,False,2,1,1,4,Hibernating,Dormant,Low-cost reactivation
12888,2011-03-29 14:31:00,2011-05-09 16:02:00,2,354.12,177.06,214,255,True,2011-05-09 16:02:00,41.0,True,True,2,2,2,6,Hibernating,Dormant,Low-cost reactivation
12889,2010-07-25 14:32:00,2010-11-23 16:08:00,4,385.46000000000004,96.36500000000001,381,502,True,2010-08-29 14:48:00,35.0,True,True,2,3,2,7,At Risk,Dormant,Low-cost reactivation
12890,2010-11-17 14:05:00,2011-11-15 17:26:00,2,706.02,353.01,24,387,True,2011-11-15 17:26:00,363.0,True,False,4,2,3,9,Potential Loyalists,Active repeat,Develop loyalty
12891,2010-02-18 14:32:00,2011-06-07 12:31:00,11,840.5,76.4090909090909,186,659,True,2010-03-23 15:15:00,33.0,True,True,3,5,3,11,Loyal Customers,Dormant,Low-cost reactivation
12892,2010-11-08 09:51:00,2010-11-08 09:51:00,1,263.38,263.38,397,397,False,,,True,False,2,1,1,4,Hibernating,Dormant,Low-cost reactivation
12893,2011-11-09 12:34:00,2011-11-09 12:34:00,1,176.55,176.55,31,31,False,,,False,False,4,1,1,6,New Customers,New,Drive second purchase
12894,2010-05-13 14:47:00,2010-05-13 14:47:00,1,157.35,157.35,575,575,False,,,True,False,1,1,1,3,Hibernating,Dormant,Low-cost reactivation
12895,2011-09-14 08:35:00,2011-10-28 13:51:00,2,372.8,186.4,42,87,True,2011-10-28 13:51:00,44.0,False,False,4,2,2,8,Potential Loyalists,Active repeat,Develop loyalty
12897,2010-06-14 11:58:00,2011-05-19 12:13:00,4,514.25,128.5625,205,544,True,2010-11-23 13:29:00,162.0,True,False,2,3,2,7,At Risk,Dormant,Low-cost reactivation
12898,2010-02-18 12:36:00,2010-09-02 08:08:00,2,296.21000000000004,148.10500000000002,464,660,True,2010-09-02 08:08:00,195.0,True,False,1,2,2,5,Hibernating,Dormant,Low-cost reactivation
12899,2010-10-22 09:53:00,2010-10-22 09:53:00,1,366.4,366.4,414,414,False,,,True,False,1,1,2,4,Hibernating,Dormant,Low-cost reactivation
12900,2010-10-13 15:17:00,2010-10-13 15:17:00,1,340.33,340.33,422,422,False,,,True,False,1,1,2,4,Hibernating,Dormant,Low-cost reactivation
12901,2011-03-14 10:41:00,2011-12-01 10:07:00,28,17654.54,630.5192857142857,9,271,True,2011-03-24 11:07:00,10.0,True,True,5,5,5,15,Champions,Active repeat,Protect high-value active
12902,2011-03-20 12:06:00,2011-03-20 12:06:00,1,138.68,138.68,265,265,False,,,True,False,2,1,1,4,Hibernating,Dormant,Low-cost reactivation
12903,2010-10-07 12:39:00,2010-10-07 12:39:00,1,833.53,833.53,429,429,False,,,True,False,1,1,3,5,Hibernating,Dormant,Low-cost reactivation
12904,2011-06-20 13:18:00,2011-11-21 14:34:00,2,496.06,248.03,18,172,True,2011-11-21 14:34:00,154.0,True,False,5,2,2,9,Potential Loyalists,Active repeat,Develop loyalty
12905,2010-01-26 14:06:00,2010-05-12 10:05:00,2,1018.42,509.21,577,682,True,2010-05-12 10:05:00,105.0,True,False,1,2,3,6,Hibernating,Dormant,Low-cost reactivation
12906,2011-09-22 15:03:00,2011-11-28 09:55:00,5,2919.81,583.962,12,78,True,2011-09-22 15:03:00,0.0,False,False,5,4,5,14,Champions,Active repeat,Protect high-value active
12907,2010-08-02 14:33:00,2010-11-09 12:08:00,2,508.90999999999997,254.45499999999998,396,494,True,2010-11-09 12:08:00,98.0,True,False,2,2,2,6,Hibernating,Dormant,Low-cost reactivation
12908,2010-03-19 15:59:00,2011-06-16 15:39:00,5,1776.0,355.2,176,630,True,2010-07-22 14:21:00,124.0,True,False,3,4,4,11,Loyal Customers,At risk,Test win-back
12909,2010-02-24 12:14:00,2011-10-31 12:43:00,8,3103.19,387.89875,40,654,True,2010-05-24 13:16:00,89.0,True,True,4,4,5,13,Champions,Active repeat,Protect high-value active
12910,2010-03-28 13:10:00,2011-11-16 14:28:00,13,5796.52,445.8861538461539,23,621,True,2010-08-03 12:47:00,127.0,True,False,4,5,5,14,Champions,Active repeat,Protect high-value active
12911,2010-06-06 12:13:00,2010-06-06 12:13:00,1,1651.72,1651.72,552,552,False,,,True,False,1,1,4,6,Hibernating,Dormant,Low-cost reactivation
12912,2011-10-30 11:35:00,2011-12-07 08:55:00,5,1662.3,332.46,3,41,True,2011-11-16 09:34:00,16.0,False,False,5,4,4,13,Champions,Active repeat,Develop loyalty
12913,2009-12-01 12:18:00,2011-12-05 12:11:00,13,6283.240000000001,483.3261538461539,5,739,True,2009-12-07 14:56:00,6.0,True,True,5,5,5,15,Champions,Active repeat,Protect high-value active
12914,2010-11-04 12:28:00,2010-11-04 12:28:00,1,223.98,223.98,401,401,False,,,True,False,2,1,1,4,Hibernating,Dormant,Low-cost reactivation
12915,2010-04-29 19:36:00,2011-07-14 11:34:00,4,975.1,243.775,149,589,True,2010-08-24 10:45:00,116.0,True,False,3,3,3,9,Needs Attention,At risk,Test win-back
12916,2010-01-24 11:26:00,2011-07-24 10:35:00,7,4479.73,639.9614285714285,139,685,True,2010-04-11 10:30:00,76.0,True,True,3,4,5,12,Loyal Customers,At risk,Win back high-value
12917,2009-12-09 14:22:00,2011-08-03 16:42:00,6,4359.2,726.5333333333333,128,730,True,2010-05-10 13:28:00,151.0,True,False,3,4,5,12,Loyal Customers,At risk,Win back high-value
12918,2010-03-23 15:22:00,2010-03-23 15:22:00,1,10953.5,10953.5,626,626,False,,,True,False,1,1,5,7,Hibernating,Dormant,Low-cost reactivation
12919,2011-06-23 09:22:00,2011-12-01 13:47:00,6,1335.19,222.53166666666667,8,170,True,2011-07-12 17:21:00,19.0,True,True,5,4,4,13,Champions,Active repeat,Develop loyalty
12920,2009-12-14 15:58:00,2011-11-22 15:05:00,4,486.64,121.66,17,725,True,2009-12-14 15:58:00,0.0,True,True,5,3,2,10,Potential Loyalists,Active repeat,Develop loyalty
12921,2009-12-01 13:43:00,2011-11-30 16:22:00,74,35233.24,476.12486486486483,9,738,True,2009-12-03 10:28:00,1.0,True,True,5,5,5,15,Champions,Active repeat,Protect high-value active
12922,2011-07-01 15:35:00,2011-07-01 15:35:00,1,405.38,405.38,161,161,False,,,True,False,3,1,2,6,Needs Attention,At risk,Test win-back
12923,2010-05-13 14:55:00,2011-10-06 16:20:00,3,770.42,256.8066666666667,64,575,True,2010-11-14 13:16:00,184.0,True,False,3,3,3,9,Needs Attention,Active repeat,Develop loyalty
12924,2009-12-09 12:40:00,2011-09-12 13:55:00,12,2469.4,205.78333333333333,88,731,True,2009-12-09 12:42:00,0.0,True,True,3,5,4,12,Loyal Customers,Active repeat,Protect high-value active
12925,2010-04-26 10:32:00,2011-12-05 11:11:00,3,729.3299999999999,243.10999999999999,5,593,True,2011-09-26 11:05:00,518.0,True,False,5,3,3,11,Potential Loyalists,Active repeat,Develop loyalty
12926,2009-12-14 14:35:00,2010-10-24 15:57:00,4,1523.97,380.9925,411,725,True,2010-03-02 16:33:00,78.0,True,True,1,3,4,8,At Risk,Dormant,Low-cost reactivation
12927,2010-11-10 10:02:00,2010-11-10 10:02:00,1,197.31,197.31,395,395,False,,,True,False,2,1,1,4,Hibernating,Dormant,Low-cost reactivation
12928,2010-06-08 10:16:00,2011-11-04 14:24:00,12,4304.89,358.74083333333334,35,550,True,2010-06-25 15:18:00,17.0,True,True,4,5,5,14,Champions,Active repeat,Protect high-value active
12929,2011-02-01 12:08:00,2011-02-01 12:08:00,1,117.85,117.85,312,312,False,,,True,False,2,1,1,4,Hibernating,Dormant,Low-cost reactivation
12930,2011-06-21 13:25:00,2011-09-22 15:18:00,2,415.8,207.9,78,171,True,2011-09-22 15:18:00,93.0,True,False,3,2,2,7,Needs Attention,Active repeat,Develop loyalty
12931,2009-12-01 11:46:00,2011-11-18 12:39:00,57,92347.34,1620.1287719298246,22,739,True,2009-12-03 17:48:00,2.0,True,True,4,5,5,14,Champions,Active repeat,Protect high-value active
12932,2010-02-10 08:46:00,2010-06-18 14:22:00,8,1698.56,212.32,539,668,True,2010-03-08 13:52:00,26.0,True,True,1,4,4,9,At Risk,Dormant,Low-cost reactivation
12933,2009-12-10 16:39:00,2011-11-15 16:38:00,8,1636.63,204.57875,24,729,True,2010-09-14 15:55:00,277.0,True,False,4,4,4,12,Champions,Active repeat,Develop loyalty
12934,2009-12-03 10:51:00,2009-12-03 10:51:00,1,181.65,181.65,737,737,False,,,True,False,1,1,1,3,Hibernating,Dormant,Low-cost reactivation
12935,2010-04-11 15:59:00,2011-12-07 17:25:00,15,4243.86,282.924,2,607,True,2010-04-15 12:54:00,3.0,True,True,5,5,5,15,Champions,Active repeat,Protect high-value active
12936,2011-09-22 13:51:00,2011-11-22 17:32:00,4,1063.9,265.975,17,78,True,2011-11-18 10:37:00,56.0,False,False,5,3,3,11,Potential Loyalists,Active repeat,Develop loyalty
12937,2009-12-03 15:43:00,2011-11-24 15:05:00,9,3097.61,344.1788888888889,15,736,True,2009-12-17 14:43:00,13.0,True,True,5,5,5,15,Champions,Active repeat,Protect high-value active
12938,2011-11-14 11:21:00,2011-11-14 11:21:00,1,114.14,114.14,26,26,False,,,False,False,4,1,1,6,New Customers,New,Drive second purchase
12939,2010-01-12 11:27:00,2011-10-06 14:33:00,20,25264.8,1263.24,64,697,True,2010-02-24 13:55:00,43.0,True,True,3,5,5,13,Loyal Customers,Active repeat,Protect high-value active
12940,2011-09-13 10:16:00,2011-10-16 12:09:00,2,899.6899999999999,449.84499999999997,55,88,True,2011-10-16 12:09:00,33.0,False,False,4,2,3,9,Potential Loyalists,Active repeat,Develop loyalty
12941,2009-12-15 13:12:00,2009-12-15 13:12:00,1,377.49,377.49,724,724,False,,,True,False,1,1,2,4,Hibernating,Dormant,Low-cost reactivation
12942,2010-12-09 09:34:00,2011-07-31 14:39:00,3,675.6,225.20000000000002,131,366,True,2011-05-26 11:16:00,168.0,True,False,3,3,3,9,Needs Attention,At risk,Test win-back
12943,2010-04-13 11:03:00,2010-05-30 13:52:00,2,496.5,248.25,558,606,True,2010-05-30 13:52:00,47.0,True,True,1,2,2,5,Hibernating,Dormant,Low-cost reactivation
12944,2010-12-20 10:41:00,2011-11-04 11:04:00,2,604.51,302.255,36,355,True,2011-11-04 11:04:00,319.0,True,False,4,2,2,8,Potential Loyalists,Active repeat,Develop loyalty
12945,2010-02-21 15:18:00,2011-02-24 14:15:00,2,900.11,450.055,288,656,True,2011-02-24 14:15:00,367.0,True,False,2,2,3,7,Hibernating,Dormant,Low-cost reactivation
12946,2010-09-29 10:14:00,2010-09-29 10:14:00,1,324.45,324.45,437,437,False,,,True,False,1,1,2,4,Hibernating,Dormant,Low-cost reactivation
12947,2010-12-01 16:21:00,2011-07-19 10:06:00,6,1603.99,267.33166666666665,144,373,True,2011-01-07 09:40:00,36.0,True,True,3,4,4,11,Loyal Customers,At risk,Test win-back
12948,2009-12-02 12:28:00,2011-11-23 17:10:00,9,2317.4300000000003,257.49222222222227,16,738,True,2009-12-09 11:46:00,6.0,True,True,5,5,4,14,Champions,Active repeat,Protect high-value active
12949,2009-12-03 15:56:00,2011-11-09 11:25:00,22,15526.699999999999,705.7590909090909,31,736,True,2010-01-25 09:12:00,52.0,True,True,4,5,5,14,Champions,Active repeat,Protect high-value active
12950,2011-11-15 13:48:00,2011-12-07 13:17:00,3,1843.0,614.3333333333334,2,24,True,2011-12-01 15:55:00,16.0,False,False,5,3,4,12,Potential Loyalists,Active repeat,Develop loyalty
12951,2010-01-10 12:43:00,2011-12-01 12:14:00,15,3213.7200000000003,214.24800000000002,9,699,True,2010-02-10 14:51:00,31.0,True,True,5,5,5,15,Champions,Active repeat,Protect high-value active
12952,2011-09-22 16:37:00,2011-12-04 10:35:00,4,1387.79,346.9475,6,78,True,2011-10-27 16:59:00,35.0,False,False,5,3,4,12,Potential Loyalists,Active repeat,Develop loyalty
12953,2010-07-05 13:37:00,2011-11-30 09:24:00,2,828.8100000000001,414.40500000000003,10,522,True,2011-11-30 09:24:00,512.0,True,False,5,2,3,10,Potential Loyalists,Active repeat,Develop loyalty
12954,2010-03-11 10:16:00,2010-03-11 10:16:00,1,162.45,162.45,639,639,False,,,True,False,1,1,1,3,Hibernating,Dormant,Low-cost reactivation
12955,2011-03-17 09:03:00,2011-12-08 16:29:00,11,4757.16,432.4690909090909,1,268,True,2011-05-04 17:19:00,48.0,True,True,5,5,5,15,Champions,Active repeat,Protect high-value active
12956,2009-12-15 19:03:00,2011-02-06 16:08:00,4,521.89,130.4725,306,724,True,2009-12-16 11:04:00,0.0,True,True,2,3,2,7,At Risk,Dormant,Low-cost reactivation
12957,2009-12-11 12:01:00,2011-11-30 09:53:00,13,8706.97,669.766923076923,10,729,True,2010-03-11 13:43:00,90.0,True,True,5,5,5,15,Champions,Active repeat,Protect high-value active
12958,2010-05-05 16:22:00,2010-11-04 16:16:00,2,467.34,233.67,400,583,True,2010-11-04 16:16:00,182.0,True,False,2,2,2,6,Hibernating,Dormant,Low-cost reactivation
12959,2010-08-12 17:20:00,2010-08-12 17:20:00,1,150.95,150.95,484,484,False,,,True,False,1,1,1,3,Hibernating,Dormant,Low-cost reactivation
12960,2010-02-16 13:32:00,2010-10-22 09:31:00,4,1322.0700000000002,330.51750000000004,414,661,True,2010-05-11 12:58:00,83.0,True,True,1,3,4,8,At Risk,Dormant,Low-cost reactivation
12961,2010-11-25 16:44:00,2010-11-25 16:44:00,1,211.99,211.99,379,379,False,,,True,False,2,1,1,4,Hibernating,Dormant,Low-cost reactivation
12962,2011-08-18 13:38:00,2011-12-02 15:55:00,2,266.39000000000004,133.19500000000002,7,113,True,2011-12-02 15:55:00,106.0,True,False,5,2,1,8,Potential Loyalists,Active repeat,Develop loyalty
12963,2010-07-08 14:45:00,2011-12-01 12:55:00,12,3235.79,269.64916666666664,8,519,True,2010-08-27 10:05:00,49.0,True,True,5,5,5,15,Champions,Active repeat,Protect high-value active
12964,2010-09-28 17:47:00,2010-09-28 17:47:00,1,132.24,132.24,437,437,False,,,True,False,1,1,1,3,Hibernating,Dormant,Low-cost reactivation
12965,2011-09-11 15:31:00,2011-09-11 15:31:00,1,769.8100000000001,769.8100000000001,89,89,False,,,False,False,3,1,3,7,Needs Attention,New,Drive second purchase
12966,2011-11-30 12:38:00,2011-11-30 12:38:00,1,160.18,160.18,10,10,False,,,False,False,5,1,1,7,New Customers,New,Drive second purchase
12967,2010-11-21 11:03:00,2010-12-16 19:10:00,3,2938.5200000000004,979.5066666666668,358,384,True,2010-12-03 09:49:00,11.0,True,True,2,3,5,10,At Risk,Dormant,Low-cost reactivation
12968,2011-08-19 15:44:00,2011-08-19 15:44:00,1,135.95,135.95,112,112,False,,,True,False,3,1,1,5,Needs Attention,At risk,Test win-back
12969,2010-04-16 10:50:00,2010-04-16 10:50:00,1,122.45,122.45,603,603,False,,,True,False,1,1,1,3,Hibernating,Dormant,Low-cost reactivation
12970,2009-12-04 14:19:00,2011-12-02 14:30:00,10,1453.6,145.35999999999999,7,735,True,2010-11-15 15:54:00,346.0,True,False,5,5,4,14,Champions,Active repeat,Develop loyalty
12971,2009-12-15 19:04:00,2011-12-06 12:20:00,116,15704.6,135.3844827586207,4,724,True,2010-01-08 13:52:00,23.0,True,True,5,5,5,15,Champions,Active repeat,Protect high-value active
12972,2010-02-16 14:30:00,2010-10-22 08:41:00,4,1161.2,290.3,414,661,True,2010-03-02 12:30:00,13.0,True,True,1,3,3,7,At Risk,Dormant,Low-cost reactivation
12973,2010-10-22 10:14:00,2010-10-22 10:14:00,1,385.55,385.55,414,414,False,,,True,False,1,1,2,4,Hibernating,Dormant,Low-cost reactivation
12974,2010-05-23 11:45:00,2011-05-26 09:33:00,2,408.95,204.475,198,566,True,2011-05-26 09:33:00,367.0,True,False,2,2,2,6,Hibernating,Dormant,Low-cost reactivation
12975,2009-12-06 10:38:00,2010-09-29 09:46:00,6,2100.09,350.01500000000004,437,734,True,2010-07-08 10:06:00,213.0,True,False,1,4,4,9,At Risk,Dormant,Low-cost reactivation
12976,2010-02-12 15:46:00,2011-05-12 09:55:00,8,3156.38,394.5475,212,665,True,2010-03-11 09:26:00,26.0,True,True,2,4,5,11,At Risk,Dormant,Low-cost reactivation
12977,2010-07-16 16:25:00,2011-07-06 16:40:00,4,513.88,128.47,156,511,True,2010-07-16 16:33:00,0.0,True,True,3,3,2,8,Needs Attention,At risk,Test win-back
12978,2009-12-10 12:10:00,2010-11-19 14:29:00,5,2502.82,500.564,385,730,True,2010-01-07 12:10:00,28.0,True,True,2,4,4,10,At Risk,Dormant,Low-cost reactivation
12979,2009-12-10 15:45:00,2009-12-10 15:45:00,1,517.7,517.7,729,729,False,,,True,False,1,1,2,4,Hibernating,Dormant,Low-cost reactivation
12980,2009-12-02 11:26:00,2011-07-05 09:34:00,21,16245.78,773.6085714285715,158,738,True,2010-01-11 14:56:00,40.0,True,True,3,5,5,13,Loyal Customers,At risk,Win back high-value
12981,2011-07-29 14:14:00,2011-11-10 12:00:00,2,372.22,186.11,30,133,True,2011-11-10 12:00:00,103.0,True,False,4,2,2,8,Potential Loyalists,Active repeat,Develop loyalty
12982,2010-04-12 13:50:00,2011-04-11 11:51:00,8,2744.81,343.10125,243,606,True,2010-04-29 17:11:00,17.0,True,True,2,4,4,10,At Risk,Dormant,Low-cost reactivation
12983,2010-04-20 12:58:00,2010-04-20 12:58:00,1,490.08000000000004,490.08000000000004,598,598,False,,,True,False,1,1,2,4,Hibernating,Dormant,Low-cost reactivation
12984,2011-11-21 12:37:00,2011-11-21 12:37:00,1,97.5,97.5,19,19,False,,,False,False,5,1,1,7,New Customers,New,Drive second purchase
12985,2011-11-11 12:44:00,2011-12-09 10:46:00,2,1239.38,619.69,1,29,True,2011-12-09 10:46:00,27.0,False,False,5,2,4,11,Potential Loyalists,Active repeat,Develop loyalty
12986,2010-01-21 10:45:00,2010-10-07 11:57:00,10,2729.84,272.98400000000004,429,688,True,2010-03-08 10:41:00,45.0,True,True,1,5,4,10,At Risk,Dormant,Low-cost reactivation
12987,2010-01-20 09:57:00,2011-09-27 12:03:00,5,1312.21,262.442,74,689,True,2010-04-08 17:45:00,78.0,True,True,3,4,4,11,Loyal Customers,Active repeat,Develop loyalty
12988,2011-02-20 14:31:00,2011-02-20 14:31:00,1,505.82,505.82,292,292,False,,,True,False,2,1,2,5,Hibernating,Dormant,Low-cost reactivation
12989,2009-12-10 13:27:00,2011-12-06 15:28:00,33,13551.75,410.65909090909093,3,729,True,2010-01-28 12:54:00,48.0,True,True,5,5,5,15,Champions,Active repeat,Protect high-value active
12990,2010-03-30 11:36:00,2011-11-08 13:01:00,7,955.5,136.5,31,620,True,2010-07-22 10:18:00,113.0,True,False,4,4,3,11,Loyal Customers,Active repeat,Develop loyalty
12991,2010-11-15 13:43:00,2011-11-16 15:34:00,3,764.8199999999999,254.93999999999997,23,389,True,2011-08-19 14:39:00,277.0,True,False,4,3,3,10,Potential Loyalists,Active repeat,Develop loyalty
12992,2009-12-14 16:46:00,2009-12-14 16:46:00,1,93.35000000000001,93.35000000000001,725,725,False,,,True,False,1,1,1,3,Hibernating,Dormant,Low-cost reactivation
12993,2010-02-18 10:35:00,2011-11-16 15:49:00,8,1259.6299999999999,157.45374999999999,23,660,True,2010-03-18 16:28:00,28.0,True,True,4,4,4,12,Champions,Active repeat,Develop loyalty
12994,2011-03-16 08:31:00,2011-12-05 15:43:00,3,974.4200000000001,324.8066666666667,4,269,True,2011-08-11 17:02:00,148.0,True,False,5,3,3,11,Potential Loyalists,Active repeat,Develop loyalty
12995,2011-09-15 15:44:00,2011-09-15 15:44:00,1,211.32,211.32,85,85,False,,,False,False,3,1,1,5,Needs Attention,New,Drive second purchase
12996,2010-11-29 09:27:00,2010-11-29 09:27:00,1,355.5,355.5,376,376,False,,,True,False,2,1,2,5,Hibernating,Dormant,Low-cost reactivation
12997,2010-04-06 11:06:00,2011-11-17 15:47:00,8,2110.91,263.86375,22,613,True,2010-05-06 16:50:00,30.0,True,True,4,4,4,12,Champions,Active repeat,Develop loyalty
12998,2010-02-24 11:55:00,2010-08-04 08:05:00,3,920.08,306.6933333333333,493,654,True,2010-04-08 17:04:00,43.0,True,True,1,3,3,7,At Risk,Dormant,Low-cost reactivation
12999,2011-04-08 10:26:00,2011-05-27 13:24:00,3,455.88,151.96,196,246,True,2011-05-18 16:37:00,40.0,True,True,2,3,2,7,At Risk,Dormant,Low-cost reactivation
13000,2009-12-14 17:03:00,2011-08-25 10:43:00,4,1032.5,258.125,107,725,True,2010-12-10 10:26:00,360.0,True,False,3,3,3,9,Needs Attention,At risk,Test win-back
13001,2009-12-03 16:21:00,2011-12-05 14:51:00,33,24042.65,728.5651515151516,4,736,True,2010-01-25 12:08:00,52.0,True,True,5,5,5,15,Champions,Active repeat,Protect high-value active
13002,2010-10-01 11:58:00,2011-01-25 15:18:00,3,414.13,138.04333333333332,318,435,True,2010-10-19 12:23:00,18.0,True,True,2,3,2,7,At Risk,Dormant,Low-cost reactivation
13003,2011-05-09 08:23:00,2011-08-26 10:50:00,3,149.05,49.68333333333334,106,215,True,2011-07-11 13:06:00,63.0,True,True,3,3,1,7,Needs Attention,At risk,Test win-back
13004,2009-12-15 09:44:00,2011-11-28 11:27:00,36,11650.85,323.63472222222225,12,725,True,2010-01-04 14:29:00,20.0,True,True,5,5,5,15,Champions,Active repeat,Protect high-value active
13005,2010-09-08 12:52:00,2011-06-19 10:53:00,4,999.6800000000001,249.92000000000002,174,457,True,2010-10-04 11:07:00,25.0,True,True,3,3,3,9,Needs Attention,At risk,Test win-back
13006,2011-10-14 13:49:00,2011-10-14 13:49:00,1,81.57,81.57,56,56,False,,,False,False,4,1,1,6,New Customers,New,Drive second purchase
13007,2010-05-09 10:38:00,2010-05-09 10:38:00,1,175.25,175.25,580,580,False,,,True,False,1,1,1,3,Hibernating,Dormant,Low-cost reactivation
13008,2009-12-16 16:07:00,2011-01-20 14:24:00,3,612.13,204.04333333333332,323,723,True,2010-11-07 10:34:00,325.0,True,False,2,3,3,8,At Risk,Dormant,Low-cost reactivation
13009,2010-02-05 12:22:00,2010-02-05 12:22:00,1,234.0,234.0,673,673,False,,,True,False,1,1,1,3,Hibernating,Dormant,Low-cost reactivation
13010,2010-03-01 11:28:00,2010-11-30 15:09:00,2,330.12,165.06,374,649,True,2010-11-30 15:09:00,274.0,True,False,2,2,2,6,Hibernating,Dormant,Low-cost reactivation
13011,2010-12-02 17:22:00,2010-12-02 17:22:00,1,50.550000000000004,50.550000000000004,372,372,False,,,True,False,2,1,1,4,Hibernating,Dormant,Low-cost reactivation
13012,2010-04-26 14:14:00,2011-11-30 13:05:00,11,2957.83,268.89363636363635,9,592,True,2010-07-14 13:40:00,78.0,True,True,5,5,5,15,Champions,Active repeat,Protect high-value active
13013,2009-12-14 10:34:00,2011-12-08 15:01:00,29,11097.43,382.67,1,726,True,2010-03-09 10:26:00,84.0,True,True,5,5,5,15,Champions,Active repeat,Protect high-value active
13014,2010-10-03 11:35:00,2011-11-29 12:27:00,11,5381.08,489.1890909090909,11,433,True,2011-03-03 18:28:00,151.0,True,False,5,5,5,15,Champions,Active repeat,Protect high-value active
13015,2010-04-15 16:35:00,2011-10-17 13:19:00,11,6579.78,598.1618181818181,53,603,True,2010-04-26 15:30:00,10.0,True,True,4,5,5,14,Champions,Active repeat,Protect high-value active
13016,2011-08-08 15:00:00,2011-09-27 14:08:00,3,789.89,263.2966666666667,73,123,True,2011-09-27 14:07:00,49.0,True,True,3,3,3,9,Needs Attention,Active repeat,Develop loyalty
13017,2011-12-02 15:53:00,2011-12-02 15:53:00,1,204.0,204.0,7,7,False,,,False,False,5,1,1,7,New Customers,New,Drive second purchase
13018,2010-03-01 12:34:00,2011-11-23 13:28:00,35,9763.16,278.9474285714286,16,649,True,2010-03-01 12:35:00,0.0,True,True,5,5,5,15,Champions,Active repeat,Protect high-value active
13019,2009-12-06 15:40:00,2010-11-25 14:56:00,6,1229.95,204.99166666666667,379,733,True,2009-12-10 12:10:00,3.0,True,True,2,4,4,10,At Risk,Dormant,Low-cost reactivation
13020,2010-02-18 10:35:00,2010-05-26 11:12:00,2,618.96,309.48,563,660,True,2010-05-26 11:12:00,97.0,True,False,1,2,3,6,Hibernating,Dormant,Low-cost reactivation
13021,2009-12-05 12:02:00,2011-12-05 16:37:00,17,4887.24,287.48470588235296,4,735,True,2010-03-19 10:27:00,103.0,True,False,5,5,5,15,Champions,Active repeat,Protect high-value active
13022,2010-10-06 10:50:00,2010-10-06 10:50:00,1,65.3,65.3,430,430,False,,,True,False,1,1,1,3,Hibernating,Dormant,Low-cost reactivation
13023,2010-06-29 09:51:00,2011-10-06 16:27:00,3,1449.03,483.01,64,529,True,2011-08-02 09:34:00,398.0,True,False,3,3,4,10,Needs Attention,Active repeat,Develop loyalty
13024,2010-05-06 14:25:00,2010-08-26 09:42:00,2,555.87,277.935,471,582,True,2010-08-26 09:42:00,111.0,True,False,1,2,2,5,Hibernating,Dormant,Low-cost reactivation
13025,2009-12-08 10:02:00,2009-12-08 10:02:00,1,323.39,323.39,732,732,False,,,True,False,1,1,2,4,Hibernating,Dormant,Low-cost reactivation
13026,2009-12-13 11:34:00,2011-12-08 16:58:00,9,1733.0800000000002,192.56444444444446,1,727,True,2010-03-07 15:27:00,84.0,True,True,5,5,4,14,Champions,Active repeat,Develop loyalty
13027,2010-01-20 10:41:00,2011-08-18 09:39:00,19,17239.2,907.3263157894737,114,689,True,2010-01-22 09:20:00,1.0,True,True,3,5,5,13,Loyal Customers,At risk,Win back high-value
13028,2011-10-25 14:09:00,2011-11-17 11:10:00,2,661.3199999999999,330.65999999999997,23,45,True,2011-11-17 11:10:00,22.0,False,False,4,2,3,9,Potential Loyalists,Active repeat,Develop loyalty
13029,2010-07-04 13:46:00,2011-11-09 09:13:00,5,1927.3,385.46,31,523,True,2010-11-30 08:59:00,148.0,True,False,4,4,4,12,Champions,Active repeat,Develop loyalty
13030,2010-12-06 14:31:00,2011-11-28 14:30:00,2,752.44,376.22,11,368,True,2011-11-28 14:30:00,356.0,True,False,5,2,3,10,Potential Loyalists,Active repeat,Develop loyalty
13031,2010-06-03 14:57:00,2010-10-28 15:34:00,5,3292.84,658.568,407,554,True,2010-07-22 16:01:00,49.0,True,True,2,4,5,11,At Risk,Dormant,Low-cost reactivation
13032,2010-09-05 14:01:00,2011-10-18 15:54:00,9,2815.96,312.88444444444445,52,460,True,2010-09-06 14:33:00,1.0,True,True,4,5,4,13,Champions,Active repeat,Protect high-value active
13033,2010-10-06 09:37:00,2010-12-17 14:23:00,2,220.55,110.275,357,430,True,2010-12-17 14:23:00,72.0,True,True,2,2,1,5,Hibernating,Dormant,Low-cost reactivation
13034,2010-11-03 15:22:00,2011-10-16 12:21:00,3,756.8199999999999,252.2733333333333,55,401,True,2010-12-05 14:52:00,31.0,True,True,4,3,3,10,Potential Loyalists,Active repeat,Develop loyalty
13035,2010-10-04 15:41:00,2011-09-27 08:57:00,3,1364.2,454.73333333333335,74,431,True,2011-03-24 09:21:00,170.0,True,False,3,3,4,10,Needs Attention,Active repeat,Develop loyalty
13036,2010-01-24 11:35:00,2010-01-24 11:35:00,1,307.1,307.1,685,685,False,,,True,False,1,1,2,4,Hibernating,Dormant,Low-cost reactivation
13037,2009-12-03 17:04:00,2011-07-24 15:46:00,12,3914.9500000000003,326.24583333333334,138,736,True,2010-01-18 14:11:00,45.0,True,True,3,5,5,13,Loyal Customers,At risk,Win back high-value
13038,2011-02-22 11:43:00,2011-09-20 14:37:00,3,908.46,302.82,80,291,True,2011-06-09 10:31:00,106.0,True,False,3,3,3,9,Needs Attention,Active repeat,Develop loyalty
13039,2009-12-17 16:43:00,2010-05-04 16:45:00,4,1010.73,252.6825,584,722,True,2010-03-31 15:30:00,103.0,True,False,1,3,3,7,At Risk,Dormant,Low-cost reactivation
13040,2011-11-06 13:53:00,2011-12-01 10:38:00,2,676.99,338.495,9,33,True,2011-12-01 10:38:00,24.0,False,False,5,2,3,10,Potential Loyalists,Active repeat,Develop loyalty
13041,2010-04-29 08:43:00,2010-09-15 11:44:00,4,799.13,199.7825,451,590,True,2010-07-05 12:09:00,67.0,True,True,1,3,3,7,At Risk,Dormant,Low-cost reactivation
13042,2009-12-07 15:42:00,2010-04-20 13:43:00,3,1488.59,496.19666666666666,598,732,True,2010-02-02 15:49:00,57.0,True,True,1,3,4,8,At Risk,Dormant,Low-cost reactivation
13043,2011-03-11 14:52:00,2011-03-11 14:52:00,1,516.42,516.42,273,273,False,,,True,False,2,1,2,5,Hibernating,Dormant,Low-cost reactivation
13044,2010-01-08 14:46:00,2011-02-21 15:20:00,11,4848.05,440.7318181818182,291,700,True,2010-02-21 15:28:00,44.0,True,True,2,5,5,12,At Risk,Dormant,Low-cost reactivation
13045,2010-08-10 13:02:00,2011-09-01 15:04:00,3,808.9200000000001,269.64000000000004,99,486,True,2010-11-03 12:49:00,84.0,True,True,3,3,3,9,Needs Attention,At risk,Test win-back
13046,2010-09-09 13:09:00,2011-11-09 08:36:00,3,949.25,316.4166666666667,31,456,True,2011-03-18 15:43:00,190.0,True,False,4,3,3,10,Potential Loyalists,Active repeat,Develop loyalty
13047,2009-12-16 11:43:00,2011-11-08 12:06:00,24,8428.53,351.18875,32,724,True,2010-01-08 09:23:00,22.0,True,True,4,5,5,14,Champions,Active repeat,Protect high-value active
13048,2010-01-27 12:55:00,2011-11-25 13:23:00,9,4049.13,449.90333333333336,14,681,True,2010-04-27 14:11:00,90.0,True,True,5,5,5,15,Champions,Active repeat,Protect high-value active
13049,2010-11-03 15:39:00,2011-10-06 15:31:00,4,1408.24,352.06,64,401,True,2010-11-15 14:44:00,11.0,True,True,3,3,4,10,Needs Attention,Active repeat,Develop loyalty
13050,2009-12-15 15:06:00,2011-11-25 09:18:00,35,11986.52,342.47200000000004,15,724,True,2010-01-14 14:32:00,29.0,True,True,5,5,5,15,Champions,Active repeat,Protect high-value active
13051,2010-03-30 11:11:00,2010-05-10 09:14:00,2,155.8,77.9,579,620,True,2010-05-10 09:14:00,40.0,True,True,1,2,1,4,Hibernating,Dormant,Low-cost reactivation
13052,2010-02-23 12:31:00,2011-05-11 14:12:00,7,3119.33,445.61857142857144,212,655,True,2010-04-13 14:02:00,49.0,True,True,2,4,5,11,At Risk,Dormant,Low-cost reactivation
13053,2010-03-28 11:28:00,2010-03-28 11:28:00,1,127.65,127.65,622,622,False,,,True,False,1,1,1,3,Hibernating,Dormant,Low-cost reactivation
13055,2010-10-06 08:17:00,2011-09-22 14:26:00,4,2321.11,580.2775,78,430,True,2011-05-10 08:58:00,216.0,True,False,3,3,4,10,Needs Attention,Active repeat,Protect high-value active
13056,2010-06-06 14:10:00,2010-06-06 14:10:00,1,209.48,209.48,551,551,False,,,True,False,1,1,1,3,Hibernating,Dormant,Low-cost reactivation
13057,2010-03-18 12:14:00,2010-06-27 15:44:00,3,709.59,236.53,530,632,True,2010-06-24 13:00:00,98.0,True,False,1,3,3,7,At Risk,Dormant,Low-cost reactivation
13058,2011-07-11 12:01:00,2011-11-15 12:43:00,3,271.4,90.46666666666665,25,152,True,2011-10-12 13:28:00,93.0,True,False,4,3,1,8,Potential Loyalists,Active repeat,Develop loyalty
13059,2010-03-31 12:23:00,2011-04-04 10:40:00,10,2291.77,229.177,250,619,True,2010-03-31 12:52:00,0.0,True,True,2,5,4,11,At Risk,Dormant,Low-cost reactivation
13060,2011-03-31 11:37:00,2011-03-31 11:37:00,1,307.53,307.53,254,254,False,,,True,False,2,1,2,5,Hibernating,Dormant,Low-cost reactivation
13061,2011-09-28 16:04:00,2011-09-28 16:04:00,1,248.61,248.61,72,72,False,,,False,False,3,1,1,5,Needs Attention,New,Drive second purchase
13062,2011-06-01 15:12:00,2011-06-01 15:12:00,1,346.98,346.98,191,191,False,,,True,False,2,1,2,5,Hibernating,Dormant,Low-cost reactivation
13063,2010-08-16 12:27:00,2010-08-16 12:27:00,1,188.4,188.4,481,481,False,,,True,False,1,1,1,3,Hibernating,Dormant,Low-cost reactivation
13064,2010-04-27 10:08:00,2011-11-27 12:31:00,6,1666.8400000000001,277.8066666666667,13,592,True,2010-06-07 16:28:00,41.0,True,True,5,4,4,13,Champions,Active repeat,Develop loyalty
13065,2010-06-10 11:44:00,2010-12-01 16:52:00,5,1055.0500000000002,211.01000000000005,373,548,True,2010-08-26 13:26:00,77.0,True,True,2,4,3,9,At Risk,Dormant,Low-cost reactivation
13066,2011-11-07 17:06:00,2011-11-15 12:57:00,2,470.8,235.4,24,32,True,2011-11-15 12:57:00,7.0,False,False,4,2,2,8,Potential Loyalists,Active repeat,Develop loyalty
13067,2010-09-19 13:43:00,2011-09-18 13:38:00,3,508.51,169.50333333333333,82,446,True,2010-10-26 12:15:00,36.0,True,True,3,3,2,8,Needs Attention,Active repeat,Develop loyalty
13068,2011-01-24 08:20:00,2011-11-29 15:00:00,2,344.0,172.0,10,320,True,2011-11-29 15:00:00,309.0,True,False,5,2,2,9,Potential Loyalists,Active repeat,Develop loyalty
13069,2010-06-14 14:27:00,2011-12-09 08:39:00,38,9284.45,244.32763157894738,1,543,True,2010-06-14 15:03:00,0.0,True,True,5,5,5,15,Champions,Active repeat,Protect high-value active
13070,2009-12-07 14:44:00,2011-05-31 13:45:00,4,751.7,187.925,192,732,True,2010-04-29 10:48:00,142.0,True,False,2,3,3,8,At Risk,Dormant,Low-cost reactivation
13071,2010-04-06 13:37:00,2010-04-06 13:37:00,1,129.22,129.22,612,612,False,,,True,False,1,1,1,3,Hibernating,Dormant,Low-cost reactivation
13072,2011-03-18 08:12:00,2011-03-18 08:12:00,1,177.15,177.15,267,267,False,,,True,False,2,1,1,4,Hibernating,Dormant,Low-cost reactivation
13073,2010-09-28 09:27:00,2010-10-24 14:06:00,2,418.08,209.04,411,438,True,2010-10-24 14:06:00,26.0,True,True,1,2,2,5,Hibernating,Dormant,Low-cost reactivation
13074,2009-12-16 11:46:00,2010-07-16 16:53:00,4,1378.74,344.685,511,724,True,2010-01-19 10:07:00,33.0,True,True,1,3,4,8,At Risk,Dormant,Low-cost reactivation
13075,2011-08-02 10:19:00,2011-08-02 10:19:00,1,919.61,919.61,130,130,False,,,True,False,3,1,3,7,Needs Attention,At risk,Test win-back
13076,2010-09-08 10:27:00,2010-09-08 10:27:00,1,135.4,135.4,458,458,False,,,True,False,1,1,1,3,Hibernating,Dormant,Low-cost reactivation
13077,2009-12-11 11:17:00,2011-12-08 19:24:00,11,2740.65,249.15,1,729,True,2009-12-17 16:38:00,6.0,True,True,5,5,4,14,Champions,Active repeat,Protect high-value active
13078,2009-12-01 09:06:00,2011-12-06 15:36:00,57,29018.06,509.0887719298246,3,739,True,2009-12-08 13:28:00,7.0,True,True,5,5,5,15,Champions,Active repeat,Protect high-value active
13079,2010-10-18 14:15:00,2011-12-05 16:53:00,6,419.18,69.86333333333333,4,417,True,2011-07-22 14:41:00,277.0,True,False,5,4,2,11,Loyal Customers,Active repeat,Develop loyalty
13080,2010-04-09 13:07:00,2011-06-13 14:59:00,4,280.73,70.1825,179,609,True,2010-05-27 11:52:00,47.0,True,True,3,3,1,7,Needs Attention,At risk,Test win-back
13081,2009-12-08 13:58:00,2011-11-28 10:54:00,28,56838.37,2029.9417857142857,12,731,True,2010-01-07 11:52:00,29.0,True,True,5,5,5,15,Champions,Active repeat,Protect high-value active
13082,2009-12-22 15:37:00,2011-08-05 16:16:00,21,7335.75,349.32142857142856,126,717,True,2009-12-22 15:40:00,0.0,True,True,3,5,5,13,Loyal Customers,At risk,Win back high-value
13083,2010-10-10 13:38:00,2011-12-05 15:01:00,3,395.43,131.81,4,425,True,2011-09-25 10:46:00,349.0,True,False,5,3,2,10,Potential Loyalists,Active repeat,Develop loyalty
13084,2010-08-05 08:49:00,2010-08-05 08:49:00,1,122.39999999999999,122.39999999999999,492,492,False,,,True,False,1,1,1,3,Hibernating,Dormant,Low-cost reactivation
13085,2009-12-01 07:45:00,2011-07-05 12:11:00,8,2433.2799999999997,304.15999999999997,158,739,True,2009-12-01 07:46:00,0.0,True,True,3,4,4,11,Loyal Customers,At risk,Win back high-value
13086,2010-11-22 10:28:00,2010-11-22 10:28:00,1,439.33000000000004,439.33000000000004,383,383,False,,,True,False,2,1,2,5,Hibernating,Dormant,Low-cost reactivation
13087,2009-12-13 15:16:00,2009-12-13 15:16:00,1,313.64,313.64,726,726,False,,,True,False,1,1,2,4,Hibernating,Dormant,Low-cost reactivation
13088,2010-10-18 15:35:00,2010-10-18 15:35:00,1,236.11,236.11,417,417,False,,,True,False,1,1,1,3,Hibernating,Dormant,Low-cost reactivation
13089,2009-12-02 15:44:00,2011-12-07 09:02:00,203,113416.91,558.7039901477833,3,737,True,2009-12-07 14:02:00,4.0,True,True,5,5,5,15,Champions,Active repeat,Protect high-value active
13090,2010-08-02 13:58:00,2011-12-01 12:39:00,24,13091.74,545.4891666666666,9,494,True,2010-08-02 14:07:00,0.0,True,True,5,5,5,15,Champions,Active repeat,Protect high-value active
13091,2009-12-10 11:50:00,2011-11-11 15:54:00,3,2321.82,773.94,28,730,True,2009-12-10 12:44:00,0.0,True,True,4,3,4,11,Potential Loyalists,Active repeat,Protect high-value active
13092,2010-02-10 08:44:00,2011-09-30 11:18:00,12,2140.28,178.35666666666668,71,668,True,2010-03-21 14:06:00,39.0,True,True,3,5,4,12,Loyal Customers,Active repeat,Develop loyalty
13093,2009-12-04 10:32:00,2011-03-09 12:14:00,55,54144.25,984.4409090909091,276,736,True,2009-12-04 16:39:00,0.0,True,True,2,5,5,12,At Risk,Dormant,Low-cost reactivation
13094,2010-11-15 14:15:00,2011-11-18 14:07:00,13,2209.44,169.9569230769231,21,389,True,2010-12-06 10:34:00,20.0,True,True,4,5,4,13,Champions,Active repeat,Develop loyalty
13095,2011-09-30 12:03:00,2011-09-30 12:03:00,1,74.39999999999999,74.39999999999999,71,71,False,,,False,False,3,1,1,5,Needs Attention,New,Drive second purchase
13096,2010-11-10 14:08:00,2010-11-10 14:08:00,1,419.70000000000005,419.70000000000005,394,394,False,,,True,False,2,1,2,5,Hibernating,Dormant,Low-cost reactivation
13097,2009-12-01 13:31:00,2011-11-07 10:43:00,28,13324.1,475.8607142857143,33,738,True,2009-12-09 09:34:00,7.0,True,True,4,5,5,14,Champions,Active repeat,Protect high-value active
13098,2011-01-26 13:46:00,2011-12-08 14:14:00,28,28882.44,1031.5157142857142,1,317,True,2011-02-08 11:32:00,12.0,True,True,5,5,5,15,Champions,Active repeat,Protect high-value active
13099,2011-09-01 17:40:00,2011-09-01 17:40:00,1,207.35999999999999,207.35999999999999,99,99,False,,,True,False,3,1,1,5,Needs Attention,At risk,Test win-back
13101,2010-01-27 15:49:00,2011-04-19 14:37:00,4,695.4,173.85,234,681,True,2010-05-27 17:02:00,120.0,True,False,2,3,3,8,At Risk,Dormant,Low-cost reactivation
13102,2010-05-06 13:12:00,2011-12-08 12:52:00,37,11380.1,307.57027027027027,1,582,True,2010-05-24 12:26:00,17.0,True,True,5,5,5,15,Champions,Active repeat,Protect high-value active
13103,2010-05-11 14:41:00,2011-10-31 09:38:00,3,709.6400000000001,236.5466666666667,40,577,True,2010-09-28 11:48:00,139.0,True,False,4,3,3,10,Potential Loyalists,Active repeat,Develop loyalty
13104,2010-02-24 15:06:00,2011-12-06 13:10:00,9,1709.1,189.89999999999998,3,653,True,2010-06-24 10:02:00,119.0,True,False,5,5,4,14,Champions,Active repeat,Develop loyalty
13105,2010-09-29 13:41:00,2010-09-29 13:41:00,1,72.0,72.0,436,436,False,,,True,False,1,1,1,3,Hibernating,Dormant,Low-cost reactivation
13106,2010-10-22 13:10:00,2011-07-29 15:12:00,2,603.46,301.73,133,413,True,2011-07-29 15:12:00,280.0,True,False,3,2,2,7,Needs Attention,At risk,Test win-back
13107,2010-02-04 10:50:00,2011-10-26 14:52:00,9,5253.07,583.6744444444444,44,674,True,2010-04-08 10:52:00,63.0,True,True,4,5,5,14,Champions,Active repeat,Protect high-value active
13108,2010-09-30 17:09:00,2010-12-02 10:35:00,2,748.46,374.23,373,435,True,2010-12-02 10:35:00,62.0,True,True,2,2,3,7,Hibernating,Dormant,Low-cost reactivation
13109,2010-06-06 12:59:00,2011-10-11 10:16:00,3,1134.03,378.01,60,551,True,2011-07-05 14:56:00,394.0,True,False,3,3,3,9,Needs Attention,Active repeat,Develop loyalty
13110,2009-12-01 14:14:00,2011-11-08 14:30:00,12,2957.4700000000003,246.45583333333335,31,738,True,2010-01-18 14:14:00,48.0,True,True,4,5,5,14,Champions,Active repeat,Protect high-value active
13111,2009-12-21 09:00:00,2009-12-21 09:00:00,1,321.88000000000005,321.88000000000005,719,719,False,,,True,False,1,1,2,4,Hibernating,Dormant,Low-cost reactivation
13112,2010-06-16 17:03:00,2010-06-16 17:03:00,1,20.6,20.6,541,541,False,,,True,False,1,1,1,3,Hibernating,Dormant,Low-cost reactivation
13113,2010-03-28 16:13:00,2011-12-09 12:49:00,37,18230.07,492.7045945945946,1,621,True,2010-05-02 15:48:00,34.0,True,True,5,5,5,15,Champions,Active repeat,Protect high-value active
13114,2009-12-09 09:56:00,2009-12-09 09:56:00,1,234.38,234.38,731,731,False,,,True,False,1,1,1,3,Hibernating,Dormant,Low-cost reactivation
13115,2010-04-19 13:29:00,2011-11-28 12:38:00,10,5494.7,549.47,12,599,True,2010-05-17 08:20:00,27.0,True,True,5,5,5,15,Champions,Active repeat,Protect high-value active
13116,2011-07-24 14:33:00,2011-07-24 14:33:00,1,501.14,501.14,138,138,False,,,True,False,3,1,2,6,Needs Attention,At risk,Test win-back
13117,2010-03-26 13:50:00,2011-11-18 12:02:00,18,2255.66,125.31444444444443,22,623,True,2010-04-26 10:45:00,30.0,True,True,4,5,4,13,Champions,Active repeat,Protect high-value active
13118,2010-09-26 15:46:00,2011-11-20 12:46:00,9,2415.41,268.37888888888887,20,439,True,2010-10-24 14:11:00,27.0,True,True,4,5,4,13,Champions,Active repeat,Protect high-value active
13119,2010-02-09 08:38:00,2010-02-09 08:38:00,1,134.9,134.9,669,669,False,,,True,False,1,1,1,3,Hibernating,Dormant,Low-cost reactivation
13120,2011-04-15 10:19:00,2011-04-15 10:19:00,1,30.599999999999998,30.599999999999998,239,239,False,,,True,False,2,1,1,4,Hibernating,Dormant,Low-cost reactivation
13121,2011-03-15 16:47:00,2011-03-15 16:47:00,1,283.73,283.73,269,269,False,,,True,False,2,1,1,4,Hibernating,Dormant,Low-cost reactivation
13122,2011-04-13 14:12:00,2011-09-06 15:53:00,2,922.39,461.195,94,240,True,2011-09-06 15:53:00,146.0,True,False,3,2,3,8,Needs Attention,At risk,Test win-back
13123,2010-06-28 12:43:00,2010-08-24 10:18:00,2,506.75,253.375,473,530,True,2010-08-24 10:18:00,56.0,True,True,1,2,2,5,Hibernating,Dormant,Low-cost reactivation
13124,2010-11-19 15:50:00,2011-09-11 12:45:00,4,4641.66,1160.415,90,385,True,2010-12-15 15:00:00,25.0,True,True,3,3,5,11,Needs Attention,Active repeat,Protect high-value active
13125,2010-07-04 11:58:00,2010-07-04 11:58:00,1,148.62,148.62,524,524,False,,,True,False,1,1,1,3,Hibernating,Dormant,Low-cost reactivation
13126,2010-03-02 12:24:00,2011-12-05 10:00:00,13,3774.81,290.37,5,648,True,2010-04-23 14:38:00,52.0,True,True,5,5,5,15,Champions,Active repeat,Protect high-value active
13127,2011-09-23 10:26:00,2011-09-23 10:26:00,1,259.17,259.17,78,78,False,,,False,False,3,1,1,5,Needs Attention,New,Drive second purchase
13128,2010-03-18 15:08:00,2010-03-18 15:08:00,1,263.5,263.5,631,631,False,,,True,False,1,1,1,3,Hibernating,Dormant,Low-cost reactivation
13129,2010-06-28 11:54:00,2010-09-13 13:47:00,2,233.25,116.625,452,530,True,2010-09-13 13:47:00,77.0,True,True,1,2,1,4,Hibernating,Dormant,Low-cost reactivation
13130,2011-09-06 15:30:00,2011-09-06 15:30:00,1,64.0,64.0,94,94,False,,,True,False,3,1,1,5,Needs Attention,At risk,Test win-back
13131,2010-02-09 09:47:00,2011-11-16 13:21:00,7,3313.77,473.3957142857143,23,669,True,2010-06-03 09:29:00,113.0,True,False,4,4,5,13,Champions,Active repeat,Protect high-value active
13132,2011-03-23 12:44:00,2011-03-23 12:44:00,1,77.3,77.3,262,262,False,,,True,False,2,1,1,4,Hibernating,Dormant,Low-cost reactivation
13133,2010-09-06 15:30:00,2011-03-11 10:31:00,3,200.45000000000002,66.81666666666668,274,459,True,2011-02-08 15:48:00,155.0,True,False,2,3,1,6,At Risk,Dormant,Low-cost reactivation
13134,2010-10-19 13:21:00,2011-09-15 10:35:00,6,2475.23,412.53833333333336,86,416,True,2010-11-02 13:58:00,14.0,True,True,3,4,4,11,Loyal Customers,Active repeat,Protect high-value active
13135,2010-08-05 17:28:00,2011-05-27 10:52:00,2,3371.45,1685.725,197,491,True,2011-05-27 10:52:00,294.0,True,False,2,2,5,9,Hibernating,Dormant,Low-cost reactivation
13136,2009-12-08 18:30:00,2011-10-14 13:41:00,13,6274.56,482.65846153846155,56,731,True,2010-05-02 13:46:00,144.0,True,False,4,5,5,14,Champions,Active repeat,Protect high-value active
13137,2010-07-25 15:40:00,2011-11-29 12:09:00,16,7586.9400000000005,474.18375000000003,11,502,True,2010-09-07 10:19:00,43.0,True,True,5,5,5,15,Champions,Active repeat,Protect high-value active
13138,2010-11-08 11:45:00,2011-11-17 16:51:00,7,1274.01,182.00142857142856,22,397,True,2010-12-02 15:03:00,24.0,True,True,4,4,4,12,Champions,Active repeat,Develop loyalty
13139,2010-09-28 09:12:00,2011-11-23 13:54:00,8,8202.98,1025.3725,16,438,True,2011-03-25 11:57:00,178.0,True,False,5,4,5,14,Champions,Active repeat,Protect high-value active
13140,2010-08-05 19:05:00,2011-08-23 15:33:00,5,1054.9199999999998,210.98399999999998,108,491,True,2010-10-15 15:13:00,70.0,True,True,3,4,3,10,Loyal Customers,At risk,Test win-back
13141,2009-12-09 13:34:00,2011-09-16 09:54:00,17,7656.08,450.35764705882355,85,730,True,2010-01-25 13:46:00,47.0,True,True,3,5,5,13,Loyal Customers,Active repeat,Protect high-value active
13142,2011-11-20 16:07:00,2011-11-20 16:07:00,1,307.09,307.09,19,19,False,,,False,False,5,1,2,8,New Customers,New,Drive second purchase
13143,2010-05-04 12:22:00,2010-05-04 12:22:00,1,405.1,405.1,585,585,False,,,True,False,1,1,2,4,Hibernating,Dormant,Low-cost reactivation
13144,2010-10-04 14:14:00,2011-01-11 11:15:00,2,135.35,67.675,333,431,True,2011-01-11 11:15:00,98.0,True,False,2,2,1,5,Hibernating,Dormant,Low-cost reactivation
13145,2010-04-19 11:11:00,2011-10-31 12:45:00,7,1128.52,161.21714285714285,40,600,True,2010-07-11 12:07:00,83.0,True,True,4,4,3,11,Loyal Customers,Active repeat,Develop loyalty
13146,2011-11-13 15:29:00,2011-11-13 15:29:00,1,228.91,228.91,26,26,False,,,False,False,4,1,1,6,New Customers,New,Drive second purchase
13147,2011-09-01 12:28:00,2011-11-29 13:59:00,4,712.8000000000001,178.20000000000002,10,100,True,2011-10-27 16:35:00,56.0,True,True,5,3,3,11,Potential Loyalists,Active repeat,Develop loyalty
13148,2009-12-07 15:26:00,2011-11-10 15:23:00,26,8497.82,326.83923076923077,29,732,True,2010-01-21 14:30:00,44.0,True,True,4,5,5,14,Champions,Active repeat,Protect high-value active
13149,2011-02-23 13:57:00,2011-11-25 13:09:00,4,1676.06,419.015,14,289,True,2011-07-13 13:20:00,139.0,True,False,5,3,4,12,Potential Loyalists,Active repeat,Develop loyalty
13150,2010-03-19 09:03:00,2010-08-12 12:59:00,3,449.96999999999997,149.98999999999998,484,631,True,2010-08-12 12:58:00,146.0,True,False,1,3,2,6,At Risk,Dormant,Low-cost reactivation
13151,2010-03-22 10:26:00,2011-02-17 12:29:00,3,2465.21,821.7366666666667,296,628,True,2010-03-24 09:31:00,1.0,True,True,2,3,4,9,At Risk,Dormant,Low-cost reactivation
13152,2010-01-14 10:01:00,2010-10-18 13:44:00,7,2146.38,306.6257142857143,417,695,True,2010-02-21 15:58:00,38.0,True,True,1,4,4,9,At Risk,Dormant,Low-cost reactivation
13153,2011-12-04 12:14:00,2011-12-04 12:14:00,1,486.22,486.22,6,6,False,,,False,False,5,1,2,8,New Customers,New,Drive second purchase
13154,2009-12-04 08:46:00,2010-11-05 16:00:00,3,1624.8400000000001,541.6133333333333,399,736,True,2010-07-20 13:17:00,228.0,True,False,2,3,4,9,At Risk,Dormant,Low-cost reactivation
13155,2010-08-05 09:30:00,2011-11-06 15:41:00,6,1370.48,228.41333333333333,33,492,True,2010-10-22 14:49:00,78.0,True,True,4,4,4,12,Champions,Active repeat,Develop loyalty
13156,2010-02-01 13:45:00,2010-11-19 13:09:00,3,1586.54,528.8466666666667,385,676,True,2010-02-09 15:27:00,8.0,True,True,2,3,4,9,At Risk,Dormant,Low-cost reactivation
13157,2010-03-08 11:59:00,2011-10-21 13:50:00,9,5687.36,631.9288888888889,49,642,True,2010-05-14 10:40:00,66.0,True,True,4,5,5,14,Champions,Active repeat,Protect high-value active
13158,2010-11-16 17:12:00,2011-09-06 11:58:00,5,1508.18,301.636,95,388,True,2011-01-25 09:58:00,69.0,True,True,3,4,4,11,Loyal Customers,At risk,Test win-back
13159,2011-08-16 11:44:00,2011-12-01 11:20:00,4,1429.35,357.3375,9,116,True,2011-08-25 15:12:00,9.0,True,True,5,3,4,12,Potential Loyalists,Active repeat,Develop loyalty
13160,2011-11-17 13:07:00,2011-11-17 13:07:00,1,91.8,91.8,22,22,False,,,False,False,4,1,1,6,New Customers,New,Drive second purchase
13161,2010-07-27 12:44:00,2011-01-30 14:03:00,2,472.13,236.065,313,501,True,2011-01-30 14:03:00,187.0,True,False,2,2,2,6,Hibernating,Dormant,Low-cost reactivation
13162,2009-12-04 13:59:00,2011-08-09 15:59:00,16,9275.49,579.718125,122,735,True,2009-12-15 08:01:00,10.0,True,True,3,5,5,13,Loyal Customers,At risk,Win back high-value
13163,2010-04-08 16:21:00,2010-04-08 16:21:00,1,17.65,17.65,610,610,False,,,True,False,1,1,1,3,Hibernating,Dormant,Low-cost reactivation
13164,2010-02-10 11:52:00,2010-05-19 13:52:00,2,372.20000000000005,186.10000000000002,569,668,True,2010-05-19 13:52:00,98.0,True,False,1,2,2,5,Hibernating,Dormant,Low-cost reactivation
13165,2010-10-22 17:04:00,2011-10-24 15:05:00,3,1451.16,483.72,46,413,True,2010-12-23 14:06:00,61.0,True,True,4,3,4,11,Potential Loyalists,Active repeat,Develop loyalty
13166,2010-10-21 14:29:00,2011-03-01 15:16:00,2,875.9300000000001,437.96500000000003,283,414,True,2011-03-01 15:16:00,131.0,True,False,2,2,3,7,Hibernating,Dormant,Low-cost reactivation
13167,2010-11-14 12:58:00,2011-11-21 12:24:00,5,1125.15,225.03000000000003,19,390,True,2011-07-19 12:13:00,246.0,True,False,5,4,3,12,Loyal Customers,Active repeat,Develop loyalty
13168,2010-06-15 15:00:00,2011-11-03 12:56:00,5,1840.73,368.146,36,542,True,2011-01-25 13:55:00,223.0,True,False,4,4,4,12,Champions,Active repeat,Develop loyalty
13169,2010-05-26 15:58:00,2011-10-07 12:11:00,3,840.0799999999999,280.02666666666664,64,562,True,2011-04-01 14:24:00,309.0,True,False,3,3,3,9,Needs Attention,Active repeat,Develop loyalty
13170,2011-11-13 12:19:00,2011-11-13 12:19:00,1,108.81,108.81,27,27,False,,,False,False,4,1,1,6,New Customers,New,Drive second purchase
13171,2011-02-13 14:16:00,2011-11-18 10:27:00,3,468.40999999999997,156.13666666666666,22,299,True,2011-10-21 16:18:00,250.0,True,False,4,3,2,9,Potential Loyalists,Active repeat,Develop loyalty
13172,2010-11-04 15:10:00,2010-11-04 15:10:00,1,69.6,69.6,400,400,False,,,True,False,2,1,1,4,Hibernating,Dormant,Low-cost reactivation
13173,2009-12-10 12:52:00,2011-12-05 15:51:00,11,2399.82,218.16545454545457,4,729,True,2010-01-07 13:16:00,28.0,True,True,5,5,4,14,Champions,Active repeat,Protect high-value active
13174,2009-12-04 15:40:00,2011-11-23 14:35:00,12,7995.36,666.28,16,735,True,2010-01-28 17:13:00,55.0,True,True,5,5,5,15,Champions,Active repeat,Protect high-value active
13175,2009-12-04 12:11:00,2010-05-06 13:13:00,2,831.4499999999999,415.72499999999997,582,736,True,2010-05-06 13:13:00,153.0,True,False,1,2,3,6,Hibernating,Dormant,Low-cost reactivation
13176,2011-10-24 15:43:00,2011-10-24 15:43:00,1,481.49,481.49,46,46,False,,,False,False,4,1,2,7,New Customers,New,Drive second purchase
13177,2010-10-05 10:35:00,2011-10-06 09:56:00,2,512.2,256.1,65,431,True,2011-10-06 09:56:00,365.0,True,False,3,2,2,7,Needs Attention,Active repeat,Develop loyalty
13178,2009-12-16 14:00:00,2011-11-13 16:14:00,21,14059.19,669.4852380952382,26,723,True,2010-01-17 15:22:00,32.0,True,True,4,5,5,14,Champions,Active repeat,Protect high-value active
13179,2010-03-31 11:40:00,2010-03-31 11:40:00,1,572.3100000000001,572.3100000000001,619,619,False,,,True,False,1,1,2,4,Hibernating,Dormant,Low-cost reactivation
13180,2010-04-11 13:37:00,2010-04-11 13:37:00,1,86.10000000000001,86.10000000000001,607,607,False,,,True,False,1,1,1,3,Hibernating,Dormant,Low-cost reactivation
13181,2010-11-23 15:05:00,2010-11-23 15:05:00,1,359.69,359.69,381,381,False,,,True,False,2,1,2,5,Hibernating,Dormant,Low-cost reactivation
13182,2011-10-25 13:46:00,2011-10-25 13:46:00,1,121.18,121.18,45,45,False,,,False,False,4,1,1,6,New Customers,New,Drive second purchase
13183,2010-03-14 12:32:00,2011-12-02 10:30:00,15,7036.18,469.07866666666666,8,636,True,2010-05-06 11:25:00,52.0,True,True,5,5,5,15,Champions,Active repeat,Protect high-value active
13184,2011-02-22 17:25:00,2011-11-25 12:02:00,10,1668.95,166.895,15,290,True,2011-04-01 12:24:00,37.0,True,True,5,5,4,14,Champions,Active repeat,Develop loyalty
13185,2011-03-17 11:56:00,2011-03-17 11:56:00,1,71.4,71.4,268,268,False,,,True,False,2,1,1,4,Hibernating,Dormant,Low-cost reactivation
13186,2011-08-03 09:09:00,2011-10-31 11:40:00,3,1575.89,525.2966666666667,40,129,True,2011-09-07 11:46:00,35.0,True,True,4,3,4,11,Potential Loyalists,Active repeat,Develop loyalty
13187,2010-03-25 17:18:00,2011-01-06 18:57:00,4,341.36,85.34,337,624,True,2010-03-25 19:03:00,0.0,True,True,2,3,2,7,At Risk,Dormant,Low-cost reactivation
13188,2011-11-28 15:28:00,2011-11-28 15:28:00,1,114.60000000000001,114.60000000000001,11,11,False,,,False,False,5,1,1,7,New Customers,New,Drive second purchase
13189,2011-08-16 13:12:00,2011-11-21 10:39:00,2,260.68,130.34,19,115,True,2011-11-21 10:39:00,96.0,True,False,5,2,1,8,Potential Loyalists,Active repeat,Develop loyalty
13190,2009-12-07 12:13:00,2010-06-13 15:47:00,3,570.66,190.22,544,733,True,2010-01-31 12:12:00,54.0,True,True,1,3,2,6,At Risk,Dormant,Low-cost reactivation
13191,2010-02-19 17:02:00,2010-02-19 17:02:00,1,164.69,164.69,658,658,False,,,True,False,1,1,1,3,Hibernating,Dormant,Low-cost reactivation
13192,2010-01-22 08:37:00,2011-09-05 14:13:00,6,2558.58,426.43,95,687,True,2010-04-27 10:50:00,95.0,True,False,3,4,4,11,Loyal Customers,At risk,Win back high-value
13193,2011-10-09 14:30:00,2011-10-09 14:30:00,1,112.08,112.08,61,61,False,,,False,False,3,1,1,5,Needs Attention,New,Drive second purchase
13194,2010-10-14 11:54:00,2011-07-27 09:01:00,2,472.78,236.39,136,422,True,2011-07-27 09:01:00,285.0,True,False,3,2,2,7,Needs Attention,At risk,Test win-back
13195,2010-10-21 13:07:00,2010-10-21 13:07:00,1,136.73,136.73,414,414,False,,,True,False,1,1,1,3,Hibernating,Dormant,Low-cost reactivation
13196,2010-04-01 12:54:00,2011-11-28 13:54:00,7,3068.84,438.4057142857143,11,617,True,2010-08-09 13:28:00,130.0,True,False,5,4,5,14,Champions,Active repeat,Protect high-value active
13197,2010-04-09 09:14:00,2010-04-09 09:14:00,1,373.01000000000005,373.01000000000005,610,610,False,,,True,False,1,1,2,4,Hibernating,Dormant,Low-cost reactivation
13198,2010-10-01 13:27:00,2011-11-29 15:17:00,8,4974.23,621.77875,10,434,True,2010-11-17 14:25:00,47.0,True,True,5,4,5,14,Champions,Active repeat,Protect high-value active
13199,2009-12-05 10:11:00,2011-12-06 12:30:00,67,15964.21,238.2717910447761,4,735,True,2010-01-08 12:05:00,34.0,True,True,5,5,5,15,Champions,Active repeat,Protect high-value active
13200,2011-08-05 14:50:00,2011-11-20 15:35:00,4,870.09,217.5225,19,126,True,2011-09-26 14:00:00,51.0,True,True,5,3,3,11,Potential Loyalists,Active repeat,Develop loyalty
13201,2010-03-07 11:01:00,2010-07-25 14:30:00,4,1233.06,308.265,502,643,True,2010-05-24 16:08:00,78.0,True,True,1,3,4,8,At Risk,Dormant,Low-cost reactivation
13202,2009-12-09 10:48:00,2010-11-10 16:24:00,7,1580.3000000000002,225.7571428571429,394,731,True,2010-03-02 10:08:00,82.0,True,True,2,4,4,10,At Risk,Dormant,Low-cost reactivation
13203,2009-12-17 14:15:00,2011-11-30 10:45:00,10,2648.25,264.825,10,722,True,2010-03-18 16:20:00,91.0,True,False,5,5,4,14,Champions,Active repeat,Protect high-value active
13204,2009-12-08 14:56:00,2009-12-08 14:56:00,1,966.6600000000001,966.6600000000001,731,731,False,,,True,False,1,1,3,5,Hibernating,Dormant,Low-cost reactivation
13205,2010-09-22 16:26:00,2010-09-22 16:26:00,1,2803.2,2803.2,443,443,False,,,True,False,1,1,4,6,Hibernating,Dormant,Low-cost reactivation
13206,2009-12-07 13:48:00,2010-11-04 16:50:00,13,8308.19,639.0915384615384,400,732,True,2009-12-13 13:09:00,5.0,True,True,2,5,5,12,At Risk,Dormant,Low-cost reactivation
13207,2010-04-06 16:37:00,2011-11-24 14:52:00,4,535.86,133.965,15,612,True,2010-09-14 15:44:00,160.0,True,False,5,3,2,10,Potential Loyalists,Active repeat,Develop loyalty
13208,2009-12-03 13:25:00,2011-10-12 09:54:00,9,1976.3,219.58888888888887,59,736,True,2010-06-24 18:06:00,203.0,True,False,4,5,4,13,Champions,Active repeat,Develop loyalty
13209,2010-01-24 14:30:00,2011-11-09 13:54:00,13,8509.51,654.5776923076924,30,684,True,2010-03-28 11:20:00,62.0,True,True,4,5,5,14,Champions,Active repeat,Protect high-value active
13210,2011-09-07 08:18:00,2011-09-07 08:18:00,1,353.48,353.48,94,94,False,,,True,False,3,1,2,6,Needs Attention,At risk,Test win-back
13211,2009-12-06 15:24:00,2011-11-29 14:43:00,10,2618.77,261.877,10,733,True,2010-03-14 13:43:00,97.0,True,False,5,5,4,14,Champions,Active repeat,Protect high-value active
13212,2011-10-09 14:48:00,2011-11-20 12:40:00,3,786.83,262.2766666666667,20,61,True,2011-10-09 15:17:00,0.0,False,False,4,3,3,10,Potential Loyalists,Active repeat,Develop loyalty
13213,2010-05-20 14:50:00,2011-10-14 11:42:00,11,3851.5200000000004,350.13818181818186,57,568,True,2010-07-22 12:26:00,62.0,True,True,4,5,5,14,Champions,Active repeat,Protect high-value active
13214,2010-03-03 14:10:00,2010-10-18 10:00:00,7,3264.23,466.31857142857143,418,646,True,2010-03-21 10:50:00,17.0,True,True,1,4,5,10,At Risk,Dormant,Low-cost reactivation
13215,2010-11-02 18:26:00,2010-11-02 18:26:00,1,81.6,81.6,402,402,False,,,True,False,2,1,1,4,Hibernating,Dormant,Low-cost reactivation
13216,2011-03-17 12:18:00,2011-03-17 12:18:00,1,333.74,333.74,268,268,False,,,True,False,2,1,2,5,Hibernating,Dormant,Low-cost reactivation
13217,2010-02-22 12:49:00,2011-08-09 15:32:00,4,666.48,166.62,122,656,True,2011-07-06 12:08:00,498.0,True,False,3,3,3,9,Needs Attention,At risk,Test win-back
13218,2011-08-04 16:59:00,2011-08-04 16:59:00,1,62.63999999999999,62.63999999999999,127,127,False,,,True,False,3,1,1,5,Needs Attention,At risk,Test win-back
13219,2010-03-31 14:18:00,2010-03-31 14:18:00,1,76.23,76.23,618,618,False,,,True,False,1,1,1,3,Hibernating,Dormant,Low-cost reactivation
13220,2010-05-13 10:35:00,2011-09-22 13:38:00,5,1336.09,267.21799999999996,78,576,True,2011-04-17 10:59:00,339.0,True,False,3,4,4,11,Loyal Customers,Active repeat,Develop loyalty
13221,2010-12-15 13:24:00,2011-04-13 16:58:00,2,847.4100000000001,423.70500000000004,240,359,True,2011-04-13 16:58:00,119.0,True,False,2,2,3,7,Hibernating,Dormant,Low-cost reactivation
13222,2010-05-11 13:54:00,2010-05-11 13:54:00,1,88.5,88.5,577,577,False,,,True,False,1,1,1,3,Hibernating,Dormant,Low-cost reactivation
13223,2010-02-12 13:27:00,2011-05-23 13:03:00,6,969.1200000000001,161.52,200,665,True,2010-05-16 11:28:00,92.0,True,False,2,4,3,9,At Risk,Dormant,Low-cost reactivation
13224,2011-07-11 14:10:00,2011-10-10 14:55:00,2,2155.95,1077.975,60,151,True,2011-10-10 14:55:00,91.0,True,False,3,2,4,9,Needs Attention,Active repeat,Develop loyalty
13225,2009-12-17 09:09:00,2011-12-06 13:29:00,16,16260.070000000002,1016.2543750000001,3,723,True,2010-02-15 11:46:00,60.0,True,True,5,5,5,15,Champions,Active repeat,Protect high-value active
13226,2010-11-11 13:46:00,2011-03-11 14:35:00,2,312.46000000000004,156.23000000000002,273,393,True,2011-03-11 14:35:00,120.0,True,False,2,2,2,6,Hibernating,Dormant,Low-cost reactivation
13227,2011-05-22 11:47:00,2011-05-22 11:47:00,1,257.7,257.7,202,202,False,,,True,False,2,1,1,4,Hibernating,Dormant,Low-cost reactivation
13228,2011-09-19 14:28:00,2011-09-19 14:28:00,1,358.0,358.0,81,81,False,,,False,False,3,1,2,6,Needs Attention,New,Drive second purchase
13229,2011-04-28 12:07:00,2011-04-28 12:07:00,1,160.95,160.95,226,226,False,,,True,False,2,1,1,4,Hibernating,Dormant,Low-cost reactivation
13230,2010-03-18 20:02:00,2011-12-05 16:03:00,30,6120.01,204.00033333333334,4,631,True,2010-04-30 15:39:00,42.0,True,True,5,5,5,15,Champions,Active repeat,Protect high-value active
13232,2011-04-10 13:48:00,2011-11-27 10:39:00,7,1328.35,189.7642857142857,13,243,True,2011-05-15 12:33:00,34.0,True,True,5,4,4,13,Champions,Active repeat,Develop loyalty
13233,2010-01-14 14:10:00,2011-09-26 13:25:00,4,1176.46,294.115,74,694,True,2010-10-15 11:49:00,273.0,True,False,3,3,3,9,Needs Attention,Active repeat,Develop loyalty
13234,2009-12-07 12:32:00,2010-02-05 11:41:00,2,346.5,173.25,673,733,True,2010-02-05 11:41:00,59.0,True,True,1,2,2,5,Hibernating,Dormant,Low-cost reactivation
13235,2011-05-11 17:13:00,2011-05-11 17:13:00,1,1031.07,1031.07,212,212,False,,,True,False,2,1,3,6,Hibernating,Dormant,Low-cost reactivation
13236,2011-08-25 08:58:00,2011-11-15 12:50:00,2,744.85,372.425,25,107,True,2011-11-15 12:50:00,82.0,True,True,4,2,3,9,Potential Loyalists,Active repeat,Develop loyalty
13237,2010-11-17 10:07:00,2010-11-17 10:07:00,1,643.0,643.0,388,388,False,,,True,False,2,1,3,6,Hibernating,Dormant,Low-cost reactivation
13238,2010-04-28 15:02:00,2011-11-22 15:37:00,6,1006.63,167.77166666666668,17,590,True,2010-10-05 12:38:00,159.0,True,False,5,4,3,12,Loyal Customers,Active repeat,Develop loyalty
13239,2010-07-25 13:34:00,2011-03-23 10:25:00,5,1594.69,318.938,262,502,True,2010-07-30 07:43:00,4.0,True,True,2,4,4,10,At Risk,Dormant,Low-cost reactivation
13240,2010-02-25 13:17:00,2011-09-04 14:08:00,8,1475.79,184.47375,96,652,True,2010-02-25 13:31:00,0.0,True,True,3,4,4,11,Loyal Customers,At risk,Test win-back
13241,2010-10-24 11:17:00,2010-10-24 11:17:00,1,112.53,112.53,412,412,False,,,True,False,1,1,1,3,Hibernating,Dormant,Low-cost reactivation
13242,2010-02-09 13:12:00,2011-08-19 12:53:00,7,699.4,99.91428571428571,112,668,True,2010-05-26 12:03:00,105.0,True,False,3,4,3,10,Loyal Customers,At risk,Test win-back
13243,2010-03-18 13:10:00,2011-05-20 13:14:00,5,1220.38,244.07600000000002,203,631,True,2010-09-16 13:06:00,181.0,True,False,2,4,3,9,At Risk,Dormant,Low-cost reactivation
13244,2011-09-08 11:46:00,2011-09-08 11:46:00,1,121.74000000000001,121.74000000000001,93,93,False,,,True,False,3,1,1,5,Needs Attention,At risk,Test win-back
13245,2010-10-03 14:03:00,2011-10-20 11:40:00,2,989.22,494.61,51,432,True,2011-10-20 11:40:00,381.0,True,False,4,2,3,9,Potential Loyalists,Active repeat,Develop loyalty
13246,2010-07-02 13:36:00,2011-11-21 16:50:00,11,3351.75,304.70454545454544,18,525,True,2010-09-10 13:59:00,70.0,True,True,5,5,5,15,Champions,Active repeat,Protect high-value active
13247,2011-09-18 11:31:00,2011-11-22 10:59:00,4,501.12,125.28,18,83,True,2011-10-19 14:20:00,31.0,False,False,5,3,2,10,Potential Loyalists,Active repeat,Develop loyalty
13248,2011-06-03 13:05:00,2011-08-07 12:40:00,2,465.67999999999995,232.83999999999997,125,189,True,2011-08-07 12:40:00,64.0,True,True,3,2,2,7,Needs Attention,At risk,Test win-back
13249,2010-01-24 12:11:00,2011-09-08 13:26:00,9,1608.93,178.77,92,685,True,2010-03-04 09:53:00,38.0,True,True,3,5,4,12,Loyal Customers,At risk,Test win-back
13250,2010-07-25 14:01:00,2010-09-05 11:33:00,2,253.09,126.545,461,502,True,2010-09-05 11:33:00,41.0,True,True,1,2,1,4,Hibernating,Dormant,Low-cost reactivation
13251,2010-11-02 13:20:00,2010-11-02 13:20:00,1,252.68,252.68,402,402,False,,,True,False,2,1,1,4,Hibernating,Dormant,Low-cost reactivation
13252,2010-03-24 10:30:00,2010-11-10 16:00:00,2,399.29999999999995,199.64999999999998,394,626,True,2010-11-10 16:00:00,231.0,True,False,2,2,2,6,Hibernating,Dormant,Low-cost reactivation
13253,2010-01-05 12:13:00,2011-07-06 10:09:00,4,2951.11,737.7775,157,704,True,2010-10-05 13:33:00,273.0,True,False,3,3,5,11,Needs Attention,At risk,Win back high-value
13254,2010-11-28 15:42:00,2010-11-28 15:42:00,1,51.410000000000004,51.410000000000004,376,376,False,,,True,False,2,1,1,4,Hibernating,Dormant,Low-cost reactivation
13255,2010-07-15 13:20:00,2011-11-30 13:14:00,3,678.76,226.25333333333333,9,512,True,2010-12-01 11:58:00,138.0,True,False,5,3,3,11,Potential Loyalists,Active repeat,Develop loyalty
13257,2010-09-29 14:58:00,2010-09-29 14:58:00,1,149.75,149.75,436,436,False,,,True,False,1,1,1,3,Hibernating,Dormant,Low-cost reactivation
13258,2010-11-04 12:45:00,2011-11-28 09:31:00,5,1009.43,201.886,12,401,True,2010-11-25 10:54:00,20.0,True,True,5,4,3,12,Loyal Customers,Active repeat,Develop loyalty
13259,2010-01-10 10:26:00,2011-10-09 10:48:00,9,1402.54,155.83777777777777,62,699,True,2010-01-31 10:08:00,20.0,True,True,3,5,4,12,Loyal Customers,Active repeat,Develop loyalty
13260,2011-10-09 13:21:00,2011-10-09 13:21:00,1,557.62,557.62,61,61,False,,,False,False,3,1,2,6,Needs Attention,New,Drive second purchase
13261,2011-02-27 10:41:00,2011-03-16 12:22:00,2,944.1,472.05,269,286,True,2011-03-16 12:22:00,17.0,True,True,2,2,3,7,Hibernating,Dormant,Low-cost reactivation
13262,2010-04-18 12:14:00,2011-03-21 15:06:00,3,573.45,191.15,263,601,True,2010-11-15 12:20:00,211.0,True,False,2,3,2,7,At Risk,Dormant,Low-cost reactivation
13263,2010-10-22 17:07:00,2011-12-08 13:59:00,39,8676.2,222.4666666666667,1,413,True,2010-10-29 15:34:00,6.0,True,True,5,5,5,15,Champions,Active repeat,Protect high-value active
13264,2010-09-23 12:42:00,2010-09-23 12:42:00,1,722.5600000000001,722.5600000000001,443,443,False,,,True,False,1,1,3,5,Hibernating,Dormant,Low-cost reactivation
13265,2011-03-11 09:54:00,2011-10-17 15:02:00,5,2092.6600000000003,418.53200000000004,53,274,True,2011-04-08 15:19:00,28.0,True,True,4,4,4,12,Champions,Active repeat,Develop loyalty
13266,2009-12-17 10:52:00,2011-11-28 14:39:00,19,6135.04,322.89684210526315,11,723,True,2010-03-04 11:28:00,77.0,True,True,5,5,5,15,Champions,Active repeat,Protect high-value active
13267,2009-12-07 16:56:00,2011-12-07 11:12:00,36,9429.81,261.93916666666667,3,732,True,2009-12-15 15:12:00,7.0,True,True,5,5,5,15,Champions,Active repeat,Protect high-value active
13268,2011-03-17 13:20:00,2011-11-22 11:51:00,11,3174.75,288.6136363636364,18,267,True,2011-03-30 16:52:00,13.0,True,True,5,5,5,15,Champions,Active repeat,Protect high-value active
13269,2009-12-02 11:47:00,2011-12-08 14:53:00,28,8537.32,304.9042857142857,1,738,True,2009-12-02 11:48:00,0.0,True,True,5,5,5,15,Champions,Active repeat,Protect high-value active
13270,2010-12-08 14:53:00,2010-12-08 14:53:00,1,590.0,590.0,366,366,False,,,True,False,2,1,2,5,Hibernating,Dormant,Low-cost reactivation
13271,2011-11-02 14:31:00,2011-11-02 14:31:00,1,211.49,211.49,37,37,False,,,False,False,4,1,1,6,New Customers,New,Drive second purchase
13272,2011-09-11 12:06:00,2011-11-08 14:00:00,2,276.56,138.28,31,90,True,2011-11-08 14:00:00,58.0,True,True,4,2,1,7,Potential Loyalists,Active repeat,Develop loyalty
13273,2011-08-18 14:02:00,2011-08-18 14:02:00,1,138.98,138.98,113,113,False,,,True,False,3,1,1,5,Needs Attention,At risk,Test win-back
13274,2010-10-26 13:48:00,2010-10-26 13:48:00,1,360.85,360.85,409,409,False,,,True,False,2,1,2,5,Hibernating,Dormant,Low-cost reactivation
13275,2010-03-17 14:05:00,2010-11-21 12:09:00,2,238.86,119.43,384,632,True,2010-11-21 12:09:00,248.0,True,False,2,2,1,5,Hibernating,Dormant,Low-cost reactivation
13276,2010-03-07 14:05:00,2011-10-07 12:44:00,5,1891.91,378.382,64,642,True,2010-07-25 15:38:00,140.0,True,False,3,4,4,11,Loyal Customers,Active repeat,Develop loyalty
13277,2010-06-18 08:45:00,2011-11-24 09:21:00,7,523.3,74.75714285714285,16,540,True,2010-08-26 14:02:00,69.0,True,True,5,4,2,11,Loyal Customers,Active repeat,Develop loyalty
13278,2010-04-08 11:59:00,2011-10-30 11:49:00,4,1435.85,358.9625,41,611,True,2010-08-17 11:30:00,130.0,True,False,4,3,4,11,Potential Loyalists,Active repeat,Develop loyalty
13279,2011-09-22 17:24:00,2011-09-22 17:24:00,1,137.75,137.75,78,78,False,,,False,False,3,1,1,5,Needs Attention,New,Drive second purchase
13280,2010-03-05 09:07:00,2011-08-09 13:14:00,7,2293.33,327.61857142857144,122,645,True,2010-10-07 16:28:00,216.0,True,False,3,4,4,11,Loyal Customers,At risk,Win back high-value
13281,2010-09-26 16:03:00,2010-09-26 16:03:00,1,350.85,350.85,439,439,False,,,True,False,1,1,2,4,Hibernating,Dormant,Low-cost reactivation
13282,2010-10-29 14:11:00,2011-11-21 15:33:00,4,1313.19,328.2975,18,406,True,2011-05-03 12:03:00,185.0,True,False,5,3,4,12,Potential Loyalists,Active repeat,Develop loyalty
13283,2010-03-09 14:36:00,2011-10-11 09:50:00,4,373.36,93.34,60,640,True,2010-05-21 13:56:00,72.0,True,True,3,3,2,8,Needs Attention,Active repeat,Develop loyalty
13284,2011-01-13 09:23:00,2011-01-13 09:23:00,1,201.19,201.19,331,331,False,,,True,False,2,1,1,4,Hibernating,Dormant,Low-cost reactivation
13285,2010-03-25 14:26:00,2011-11-16 13:19:00,6,3364.59,560.765,23,624,True,2010-04-18 13:38:00,23.0,True,True,4,4,5,13,Champions,Active repeat,Protect high-value active
13286,2010-04-18 15:35:00,2010-04-18 15:35:00,1,734.91,734.91,600,600,False,,,True,False,1,1,3,5,Hibernating,Dormant,Low-cost reactivation
13287,2010-01-04 10:43:00,2010-04-15 15:26:00,3,781.59,260.53000000000003,603,705,True,2010-02-23 14:54:00,50.0,True,True,1,3,3,7,At Risk,Dormant,Low-cost reactivation
13288,2010-02-11 14:59:00,2010-09-22 16:32:00,5,927.61,185.522,443,666,True,2010-02-25 11:28:00,13.0,True,True,1,4,3,8,At Risk,Dormant,Low-cost reactivation
13289,2009-12-16 11:53:00,2009-12-16 11:53:00,1,307.95,307.95,724,724,False,,,True,False,1,1,2,4,Hibernating,Dormant,Low-cost reactivation
13290,2010-09-27 16:29:00,2010-09-27 16:29:00,1,208.63,208.63,438,438,False,,,True,False,1,1,1,3,Hibernating,Dormant,Low-cost reactivation
13291,2010-02-11 18:36:00,2011-07-07 10:36:00,11,3270.79,297.3445454545454,156,666,True,2010-04-01 15:16:00,48.0,True,True,3,5,5,13,Loyal Customers,At risk,Win back high-value
13292,2010-07-01 14:36:00,2011-11-01 10:04:00,5,994.51,198.902,39,526,True,2010-08-02 13:39:00,31.0,True,True,4,4,3,11,Loyal Customers,Active repeat,Develop loyalty
13293,2010-02-09 12:05:00,2010-11-12 13:28:00,6,1192.94,198.82333333333335,392,669,True,2010-03-23 13:12:00,42.0,True,True,2,4,3,9,At Risk,Dormant,Low-cost reactivation
13294,2010-03-03 12:54:00,2011-06-03 08:54:00,3,1689.53,563.1766666666666,190,646,True,2011-04-04 12:37:00,396.0,True,False,2,3,4,9,At Risk,Dormant,Low-cost reactivation
13295,2010-05-12 09:13:00,2010-12-15 11:21:00,4,1101.97,275.4925,360,577,True,2010-10-24 11:50:00,165.0,True,False,2,3,3,8,At Risk,Dormant,Low-cost reactivation
13296,2010-05-11 14:29:00,2011-07-25 13:46:00,6,792.51,132.085,137,577,True,2010-06-09 08:41:00,28.0,True,True,3,4,3,10,Loyal Customers,At risk,Test win-back
13297,2010-06-15 12:35:00,2011-12-02 09:32:00,7,4368.62,624.0885714285714,8,543,True,2010-10-13 08:29:00,119.0,True,False,5,4,5,14,Champions,Active repeat,Protect high-value active
13298,2011-12-08 13:11:00,2011-12-08 13:11:00,1,360.0,360.0,1,1,False,,,False,False,5,1,2,8,New Customers,New,Drive second purchase
13299,2010-06-29 11:30:00,2011-03-16 12:55:00,3,1218.7,406.23333333333335,268,529,True,2010-10-12 10:53:00,104.0,True,False,2,3,3,8,At Risk,Dormant,Low-cost reactivation
13300,2010-05-14 15:56:00,2011-06-23 13:09:00,3,1285.51,428.50333333333333,169,574,True,2010-11-16 17:10:00,186.0,True,False,3,3,4,10,Needs Attention,At risk,Test win-back
13301,2011-02-20 13:13:00,2011-08-28 11:25:00,4,618.09,154.5225,104,292,True,2011-05-01 11:55:00,69.0,True,True,3,3,3,9,Needs Attention,At risk,Test win-back
13302,2010-07-01 12:32:00,2011-07-07 17:56:00,2,159.2,79.6,155,527,True,2011-07-07 17:56:00,371.0,True,False,3,2,1,6,Needs Attention,At risk,Test win-back
13303,2010-11-04 14:55:00,2010-11-04 14:55:00,1,61.72,61.72,400,400,False,,,True,False,2,1,1,4,Hibernating,Dormant,Low-cost reactivation
13304,2010-02-08 12:42:00,2010-12-23 14:35:00,4,1217.99,304.4975,351,670,True,2010-06-11 13:55:00,123.0,True,False,2,3,3,8,At Risk,Dormant,Low-cost reactivation
13305,2010-03-10 14:49:00,2011-12-05 15:15:00,16,3616.41,226.025625,4,639,True,2010-07-27 15:14:00,139.0,True,False,5,5,5,15,Champions,Active repeat,Protect high-value active
13306,2010-10-05 14:55:00,2010-10-05 14:55:00,1,53.65,53.65,430,430,False,,,True,False,1,1,1,3,Hibernating,Dormant,Low-cost reactivation
13307,2010-04-26 13:28:00,2011-08-11 17:14:00,3,273.34000000000003,91.11333333333334,120,592,True,2010-08-09 12:56:00,104.0,True,False,3,3,1,7,Needs Attention,At risk,Test win-back
13308,2010-04-22 09:22:00,2011-11-17 09:31:00,4,1670.3700000000001,417.59250000000003,23,597,True,2011-05-20 13:13:00,393.0,True,False,4,3,4,11,Potential Loyalists,Active repeat,Develop loyalty
13309,2010-11-12 12:10:00,2011-12-02 16:34:00,6,1706.37,284.395,7,393,True,2011-02-04 12:29:00,84.0,True,True,5,4,4,13,Champions,Active repeat,Develop loyalty
13310,2010-11-02 17:03:00,2011-11-11 17:23:00,5,1541.2,308.24,28,402,True,2010-11-24 09:14:00,21.0,True,True,4,4,4,12,Champions,Active repeat,Develop loyalty
13311,2011-07-12 14:26:00,2011-12-05 12:55:00,2,598.57,299.285,4,150,True,2011-12-05 12:55:00,145.0,True,False,5,2,2,9,Potential Loyalists,Active repeat,Develop loyalty
13312,2010-09-14 14:36:00,2010-09-14 14:36:00,1,124.75,124.75,451,451,False,,,True,False,1,1,1,3,Hibernating,Dormant,Low-cost reactivation
13313,2009-12-02 16:18:00,2011-11-17 16:48:00,12,3445.32,287.11,22,737,True,2009-12-02 16:24:00,0.0,True,True,4,5,5,14,Champions,Active repeat,Protect high-value active
13314,2011-09-27 10:20:00,2011-12-08 12:29:00,3,775.94,258.6466666666667,2,74,True,2011-10-07 13:09:00,10.0,False,False,5,3,3,11,Potential Loyalists,Active repeat,Develop loyalty
13315,2010-01-19 15:34:00,2010-01-19 15:34:00,1,310.26,310.26,689,689,False,,,True,False,1,1,2,4,Hibernating,Dormant,Low-cost reactivation
13316,2010-03-10 10:01:00,2011-11-02 13:40:00,10,12940.82,1294.0819999999999,37,640,True,2010-08-13 15:07:00,156.0,True,False,4,5,5,14,Champions,Active repeat,Protect high-value active
13317,2009-12-13 11:11:00,2011-10-04 13:35:00,19,6486.091,341.3732105263158,66,727,True,2010-02-17 14:47:00,66.0,True,True,3,5,5,13,Loyal Customers,Active repeat,Protect high-value active
13318,2011-11-02 13:26:00,2011-12-08 18:51:00,3,640.76,213.58666666666667,1,37,True,2011-12-04 12:17:00,31.0,False,False,5,3,3,11,Potential Loyalists,Active repeat,Develop loyalty
13319,2009-12-06 14:46:00,2011-12-04 13:34:00,58,21323.22,367.6417241379311,5,733,True,2009-12-15 14:14:00,8.0,True,True,5,5,5,15,Champions,Active repeat,Protect high-value active
13320,2010-08-18 10:29:00,2011-09-22 18:07:00,6,2211.6,368.59999999999997,78,479,True,2010-10-01 14:59:00,44.0,True,True,3,4,4,11,Loyal Customers,Active repeat,Develop loyalty
13321,2011-09-14 15:18:00,2011-09-28 15:24:00,2,567.36,283.68,72,86,True,2011-09-28 15:24:00,14.0,False,False,3,2,2,7,Needs Attention,Active repeat,Develop loyalty
13322,2011-11-22 14:21:00,2011-11-22 14:21:00,1,199.48000000000002,199.48000000000002,17,17,False,,,False,False,5,1,1,7,New Customers,New,Drive second purchase
13323,2011-09-16 13:23:00,2011-12-06 17:12:00,5,787.85,157.57,3,84,True,2011-11-07 16:00:00,52.0,False,False,5,4,3,12,Loyal Customers,Active repeat,Develop loyalty
13324,2010-05-25 10:23:00,2011-11-03 16:28:00,18,10513.47,584.0816666666666,36,564,True,2010-06-23 14:10:00,29.0,True,True,4,5,5,14,Champions,Active repeat,Protect high-value active
13325,2011-09-19 10:36:00,2011-09-19 10:36:00,1,675.3,675.3,82,82,False,,,False,False,3,1,3,7,Needs Attention,New,Drive second purchase
13326,2010-10-03 16:00:00,2010-10-03 16:00:00,1,281.76,281.76,432,432,False,,,True,False,1,1,1,3,Hibernating,Dormant,Low-cost reactivation
13327,2009-12-18 15:35:00,2011-11-01 10:21:00,20,9134.48,456.724,39,721,True,2010-01-24 13:54:00,36.0,True,True,4,5,5,14,Champions,Active repeat,Protect high-value active
13328,2011-01-27 15:22:00,2011-01-27 15:22:00,1,1308.48,1308.48,316,316,False,,,True,False,2,1,4,7,Hibernating,Dormant,Low-cost reactivation
13329,2009-12-04 15:41:00,2011-11-08 10:29:00,8,4808.77,601.09625,32,735,True,2010-07-30 14:15:00,237.0,True,False,4,4,5,13,Champions,Active repeat,Protect high-value active
13330,2010-02-23 10:12:00,2011-09-08 12:27:00,6,2796.1,466.01666666666665,93,655,True,2010-05-23 11:02:00,89.0,True,True,3,4,4,11,Loyal Customers,At risk,Win back high-value
13331,2010-11-03 08:04:00,2010-11-03 08:04:00,1,262.4,262.4,402,402,False,,,True,False,2,1,1,4,Hibernating,Dormant,Low-cost reactivation
13332,2011-11-25 13:30:00,2011-11-25 13:30:00,1,350.9,350.9,14,14,False,,,False,False,5,1,2,8,New Customers,New,Drive second purchase
13333,2010-02-19 09:26:00,2010-10-24 13:24:00,3,1015.7400000000001,338.58000000000004,411,659,True,2010-09-08 09:23:00,200.0,True,False,1,3,3,7,At Risk,Dormant,Low-cost reactivation
13334,2010-02-25 12:21:00,2011-09-18 15:21:00,5,6201.8,1240.3600000000001,82,653,True,2010-06-21 13:52:00,116.0,True,False,3,4,5,12,Loyal Customers,Active repeat,Protect high-value active
13336,2011-09-23 14:05:00,2011-09-23 14:05:00,1,795.12,795.12,77,77,False,,,False,False,3,1,3,7,Needs Attention,New,Drive second purchase
13337,2010-06-11 13:27:00,2010-06-11 13:27:00,1,1575.26,1575.26,546,546,False,,,True,False,1,1,4,6,Hibernating,Dormant,Low-cost reactivation
13338,2010-01-05 12:25:00,2011-07-05 09:06:00,4,2445.62,611.405,158,704,True,2010-05-28 11:47:00,142.0,True,False,3,3,4,10,Needs Attention,At risk,Win back high-value
13339,2011-05-23 08:31:00,2011-05-23 08:31:00,1,860.12,860.12,201,201,False,,,True,False,2,1,3,6,Hibernating,Dormant,Low-cost reactivation
13340,2010-02-22 14:54:00,2011-10-25 13:15:00,12,22100.56,1841.7133333333334,45,655,True,2010-02-22 14:59:00,0.0,True,True,4,5,5,14,Champions,Active repeat,Protect high-value active
13341,2011-03-24 09:50:00,2011-03-24 09:50:00,1,775.85,775.85,261,261,False,,,True,False,2,1,3,6,Hibernating,Dormant,Low-cost reactivation
13343,2011-06-15 12:24:00,2011-06-15 12:24:00,1,353.43,353.43,178,178,False,,,True,False,3,1,2,6,Needs Attention,At risk,Test win-back
13344,2011-03-07 10:28:00,2011-10-03 09:45:00,3,2511.69,837.23,68,278,True,2011-10-03 09:44:00,209.0,True,False,3,3,4,10,Needs Attention,Active repeat,Protect high-value active
13345,2011-02-25 09:01:00,2011-02-25 09:01:00,1,389.5,389.5,288,288,False,,,True,False,2,1,2,5,Hibernating,Dormant,Low-cost reactivation
13346,2010-04-22 12:34:00,2010-09-03 11:41:00,6,299.4,49.9,463,597,True,2010-05-17 15:36:00,25.0,True,True,1,4,2,7,At Risk,Dormant,Low-cost reactivation
13347,2011-09-30 13:28:00,2011-09-30 13:28:00,1,341.36,341.36,70,70,False,,,False,False,3,1,2,6,Needs Attention,New,Drive second purchase
13348,2011-10-06 17:28:00,2011-10-06 17:28:00,1,233.76,233.76,64,64,False,,,False,False,3,1,1,5,Needs Attention,New,Drive second purchase
13349,2011-11-29 08:07:00,2011-11-29 08:07:00,1,247.32,247.32,11,11,False,,,False,False,5,1,1,7,New Customers,New,Drive second purchase
13350,2011-09-21 13:33:00,2011-11-23 16:33:00,2,979.1200000000001,489.56000000000006,16,79,True,2011-11-23 16:33:00,63.0,False,False,5,2,3,10,Potential Loyalists,Active repeat,Develop loyalty
13351,2011-10-04 12:55:00,2011-10-04 12:55:00,1,373.94,373.94,66,66,False,,,False,False,3,1,2,6,Needs Attention,New,Drive second purchase
13352,2011-10-10 13:55:00,2011-10-10 13:55:00,1,397.97999999999996,397.97999999999996,60,60,False,,,False,False,3,1,2,6,Needs Attention,New,Drive second purchase
13354,2011-09-29 13:17:00,2011-09-29 13:17:00,1,743.53,743.53,71,71,False,,,False,False,3,1,3,7,Needs Attention,New,Drive second purchase
13355,2011-08-09 14:48:00,2011-08-09 14:48:00,1,674.7,674.7,122,122,False,,,True,False,3,1,3,7,Needs Attention,At risk,Test win-back
13356,2011-09-20 14:33:00,2011-09-20 14:33:00,1,768.24,768.24,80,80,False,,,False,False,3,1,3,7,Needs Attention,New,Drive second purchase
13357,2010-03-22 14:30:00,2011-03-27 13:56:00,5,3805.51,761.1020000000001,257,627,True,2010-03-22 14:38:00,0.0,True,True,2,4,5,11,At Risk,Dormant,Low-cost reactivation
13358,2011-03-16 11:52:00,2011-03-16 11:52:00,1,439.03,439.03,269,269,False,,,True,False,2,1,2,5,Hibernating,Dormant,Low-cost reactivation
13359,2010-11-01 15:05:00,2011-10-07 09:30:00,2,1043.31,521.655,64,403,True,2011-10-07 09:30:00,339.0,True,False,3,2,3,8,Needs Attention,Active repeat,Develop loyalty
13360,2010-01-08 11:16:00,2010-10-04 12:37:00,4,1553.65,388.4125,432,701,True,2010-01-14 17:59:00,6.0,True,True,1,3,4,8,At Risk,Dormant,Low-cost reactivation
13361,2010-04-01 07:49:00,2010-08-24 14:56:00,2,1450.5,725.25,472,618,True,2010-08-24 14:56:00,145.0,True,False,1,2,4,7,Hibernating,Dormant,Low-cost reactivation
13362,2010-10-10 15:27:00,2011-11-30 14:41:00,7,5394.07,770.5814285714285,9,425,True,2010-10-28 09:27:00,17.0,True,True,5,4,5,14,Champions,Active repeat,Protect high-value active
13363,2010-10-26 11:07:00,2011-11-22 12:40:00,3,1723.8600000000001,574.62,18,410,True,2011-10-27 10:46:00,365.0,True,False,5,3,4,12,Potential Loyalists,Active repeat,Develop loyalty
13364,2011-09-29 18:13:00,2011-09-29 18:13:00,1,134.95999999999998,134.95999999999998,71,71,False,,,False,False,3,1,1,5,Needs Attention,New,Drive second purchase
13365,2011-05-06 12:00:00,2011-11-06 12:36:00,2,2225.37,1112.685,34,218,True,2011-11-06 12:36:00,184.0,True,False,4,2,4,10,Potential Loyalists,Active repeat,Develop loyalty
13366,2011-10-20 13:37:00,2011-10-20 13:37:00,1,56.160000000000004,56.160000000000004,50,50,False,,,False,False,4,1,1,6,New Customers,New,Drive second purchase
13367,2010-10-04 10:00:00,2010-10-04 10:00:00,1,510.20000000000005,510.20000000000005,432,432,False,,,True,False,1,1,2,4,Hibernating,Dormant,Low-cost reactivation
13368,2010-10-12 10:43:00,2011-03-28 09:59:00,4,1121.5,280.375,257,424,True,2010-10-21 09:43:00,8.0,True,True,2,3,3,8,At Risk,Dormant,Low-cost reactivation
13369,2010-12-09 11:30:00,2010-12-09 11:30:00,1,308.28000000000003,308.28000000000003,366,366,False,,,True,False,2,1,2,5,Hibernating,Dormant,Low-cost reactivation
13370,2010-12-03 10:26:00,2010-12-03 10:26:00,1,754.87,754.87,372,372,False,,,True,False,2,1,3,6,Hibernating,Dormant,Low-cost reactivation
13371,2010-03-17 15:29:00,2010-07-22 17:33:00,2,2297.66,1148.83,505,632,True,2010-07-22 17:33:00,127.0,True,False,1,2,4,7,Hibernating,Dormant,Low-cost reactivation
13372,2011-09-11 12:46:00,2011-09-11 12:46:00,1,378.64,378.64,90,90,False,,,True,False,3,1,2,6,Needs Attention,New,Drive second purchase
13373,2009-12-06 12:34:00,2011-10-10 10:51:00,6,7587.1900000000005,1264.5316666666668,61,734,True,2010-03-28 16:17:00,112.0,True,False,3,4,5,12,Loyal Customers,Active repeat,Protect high-value active
13374,2010-09-16 10:29:00,2010-10-21 10:04:00,2,422.8,211.4,415,450,True,2010-10-21 10:04:00,34.0,True,True,1,2,2,5,Hibernating,Dormant,Low-cost reactivation
13375,2010-09-21 08:12:00,2011-09-12 10:19:00,2,1792.23,896.115,89,445,True,2011-09-12 10:19:00,356.0,True,False,3,2,4,9,Needs Attention,Active repeat,Develop loyalty
13376,2011-04-19 13:03:00,2011-09-01 16:16:00,3,1019.76,339.92,99,234,True,2011-05-20 09:08:00,30.0,True,True,3,3,3,9,Needs Attention,At risk,Test win-back
13377,2010-03-04 10:06:00,2010-11-08 12:20:00,2,1552.88,776.44,397,646,True,2010-11-08 12:20:00,249.0,True,False,2,2,4,8,Hibernating,Dormant,Low-cost reactivation
13379,2011-07-26 12:26:00,2011-11-13 13:45:00,3,572.56,190.85333333333332,26,137,True,2011-10-02 15:18:00,68.0,True,True,4,3,2,9,Potential Loyalists,Active repeat,Develop loyalty
13380,2010-10-03 10:18:00,2010-10-03 10:18:00,1,62.4,62.4,433,433,False,,,True,False,1,1,1,3,Hibernating,Dormant,Low-cost reactivation
13381,2009-12-01 15:19:00,2011-11-08 11:58:00,12,8224.369999999999,685.3641666666666,32,738,True,2010-02-16 10:45:00,76.0,True,True,4,5,5,14,Champions,Active repeat,Protect high-value active
13382,2009-12-08 09:56:00,2011-03-04 10:03:00,5,1387.58,277.51599999999996,281,732,True,2010-03-15 09:11:00,96.0,True,False,2,4,4,10,At Risk,Dormant,Low-cost reactivation
13383,2010-06-14 11:45:00,2010-06-14 11:45:00,1,305.28000000000003,305.28000000000003,544,544,False,,,True,False,1,1,2,4,Hibernating,Dormant,Low-cost reactivation
13384,2010-07-27 12:22:00,2011-11-09 11:04:00,11,6680.83,607.3481818181818,31,501,True,2010-09-08 15:06:00,43.0,True,True,4,5,5,14,Champions,Active repeat,Protect high-value active
13385,2011-01-14 09:52:00,2011-01-14 09:52:00,1,534.57,534.57,330,330,False,,,True,False,2,1,2,5,Hibernating,Dormant,Low-cost reactivation
13386,2010-09-28 13:09:00,2010-10-21 12:52:00,2,835.46,417.73,414,437,True,2010-10-21 12:52:00,22.0,True,True,1,2,3,6,Hibernating,Dormant,Low-cost reactivation
13387,2010-10-18 14:07:00,2010-10-18 14:07:00,1,186.94,186.94,417,417,False,,,True,False,1,1,1,3,Hibernating,Dormant,Low-cost reactivation
13388,2010-04-15 10:18:00,2011-07-31 12:52:00,3,1185.6499999999999,395.21666666666664,131,604,True,2011-07-31 12:52:00,472.0,True,False,3,3,3,9,Needs Attention,At risk,Test win-back
13389,2011-04-21 12:12:00,2011-11-28 14:01:00,3,797.96,265.9866666666667,11,233,True,2011-09-26 09:52:00,157.0,True,False,5,3,3,11,Potential Loyalists,Active repeat,Develop loyalty
13390,2011-09-26 08:38:00,2011-09-26 08:38:00,1,544.08,544.08,75,75,False,,,False,False,3,1,2,6,Needs Attention,New,Drive second purchase
13391,2011-05-20 10:50:00,2011-05-20 10:50:00,1,59.8,59.8,204,204,False,,,True,False,2,1,1,4,Hibernating,Dormant,Low-cost reactivation
13392,2010-01-31 13:34:00,2010-01-31 13:34:00,1,91.14,91.14,677,677,False,,,True,False,1,1,1,3,Hibernating,Dormant,Low-cost reactivation
13393,2009-12-07 18:12:00,2010-05-05 09:34:00,4,1131.45,282.8625,584,732,True,2009-12-15 15:36:00,7.0,True,True,1,3,3,7,At Risk,Dormant,Low-cost reactivation
13394,2009-12-01 11:58:00,2011-12-08 11:36:00,19,6621.7,348.5105263157895,2,739,True,2010-01-07 14:04:00,37.0,True,True,5,5,5,15,Champions,Active repeat,Protect high-value active
13395,2010-10-14 13:00:00,2011-06-07 15:04:00,3,1180.23,393.41,185,421,True,2010-11-04 14:00:00,21.0,True,True,3,3,3,9,Needs Attention,Dormant,Low-cost reactivation
13396,2011-01-24 13:37:00,2011-11-10 16:59:00,2,1360.99,680.495,29,319,True,2011-11-10 16:59:00,290.0,True,False,4,2,4,10,Potential Loyalists,Active repeat,Develop loyalty
13397,2010-01-20 09:50:00,2011-09-28 10:56:00,10,3191.87,319.187,73,689,True,2010-02-16 12:29:00,27.0,True,True,3,5,5,13,Loyal Customers,Active repeat,Protect high-value active
13398,2010-09-17 09:34:00,2011-05-31 13:17:00,2,670.3399999999999,335.16999999999996,192,449,True,2011-05-31 13:17:00,256.0,True,False,2,2,3,7,Hibernating,Dormant,Low-cost reactivation
13399,2010-07-08 17:47:00,2010-09-01 13:59:00,3,275.4,91.8,464,519,True,2010-07-22 10:24:00,13.0,True,True,1,3,1,5,At Risk,Dormant,Low-cost reactivation
13400,2010-05-06 09:00:00,2010-05-06 09:00:00,1,310.83,310.83,583,583,False,,,True,False,1,1,2,4,Hibernating,Dormant,Low-cost reactivation
13402,2010-05-24 10:56:00,2011-08-04 15:51:00,4,1226.85,306.7125,127,565,True,2010-07-22 08:24:00,58.0,True,True,3,3,4,10,Needs Attention,At risk,Test win-back
13403,2009-12-16 13:23:00,2011-11-22 08:28:00,3,229.5,76.5,18,723,True,2010-11-17 11:38:00,335.0,True,False,5,3,1,9,Potential Loyalists,Active repeat,Develop loyalty
13404,2011-05-11 11:57:00,2011-12-08 15:37:00,2,252.49,126.245,1,213,True,2011-12-08 15:37:00,211.0,True,False,5,2,1,8,Potential Loyalists,Active repeat,Develop loyalty
13405,2009-12-15 14:13:00,2011-09-26 17:01:00,6,1213.8110000000001,202.30183333333335,74,724,True,2010-05-19 14:23:00,155.0,True,False,3,4,3,10,Loyal Customers,Active repeat,Develop loyalty
13406,2010-03-18 07:29:00,2010-10-08 14:44:00,2,568.92,284.46,427,632,True,2010-10-08 14:44:00,204.0,True,False,1,2,2,5,Hibernating,Dormant,Low-cost reactivation
13407,2010-02-16 11:13:00,2010-05-10 12:41:00,3,2244.7,748.2333333333332,579,662,True,2010-04-19 16:48:00,62.0,True,True,1,3,4,8,At Risk,Dormant,Low-cost reactivation
13408,2009-12-04 09:31:00,2011-12-08 09:05:00,106,50174.782,473.347,2,736,True,2009-12-08 12:27:00,4.0,True,True,5,5,5,15,Champions,Active repeat,Protect high-value active
13410,2009-12-08 13:43:00,2011-11-15 15:33:00,9,2201.96,244.66222222222223,24,731,True,2010-01-10 11:59:00,32.0,True,True,4,5,4,13,Champions,Active repeat,Develop loyalty
13411,2011-08-24 13:57:00,2011-08-24 13:57:00,1,213.55,213.55,107,107,False,,,True,False,3,1,1,5,Needs Attention,At risk,Test win-back
13412,2010-03-29 16:28:00,2010-03-29 16:28:00,1,487.34999999999997,487.34999999999997,620,620,False,,,True,False,1,1,2,4,Hibernating,Dormant,Low-cost reactivation
13413,2010-01-21 17:43:00,2010-03-10 12:17:00,6,429.44000000000005,71.57333333333334,640,687,True,2010-02-28 13:27:00,37.0,True,True,1,4,2,7,At Risk,Dormant,Low-cost reactivation
13414,2010-04-15 17:00:00,2011-07-29 11:45:00,6,2494.14,415.69,134,603,True,2010-06-27 12:54:00,72.0,True,True,3,4,4,11,Loyal Customers,At risk,Win back high-value
13415,2009-12-11 14:20:00,2010-08-24 11:38:00,4,784.1700000000001,196.04250000000002,473,728,True,2010-03-19 14:56:00,98.0,True,False,1,3,3,7,At Risk,Dormant,Low-cost reactivation
13416,2009-12-03 13:02:00,2011-10-27 08:56:00,3,940.8,313.59999999999997,44,736,True,2011-09-19 14:43:00,655.0,True,False,4,3,3,10,Potential Loyalists,Active repeat,Develop loyalty
13417,2010-02-08 12:39:00,2011-12-05 08:49:00,6,1669.49,278.24833333333333,5,670,True,2010-03-31 14:31:00,51.0,True,True,5,4,4,13,Champions,Active repeat,Develop loyalty
13418,2009-12-11 12:51:00,2011-11-28 10:23:00,31,11559.66,372.8922580645161,12,728,True,2010-03-11 13:13:00,90.0,True,True,5,5,5,15,Champions,Active repeat,Protect high-value active
13419,2011-10-07 12:49:00,2011-10-07 12:49:00,1,221.06,221.06,64,64,False,,,False,False,3,1,1,5,Needs Attention,New,Drive second purchase
13420,2011-06-22 11:35:00,2011-07-13 08:48:00,2,159.85,79.925,150,171,True,2011-07-13 08:48:00,20.0,True,True,3,2,1,6,Needs Attention,At risk,Test win-back
13421,2010-02-14 14:45:00,2011-10-30 14:21:00,8,4058.75,507.34375,40,663,True,2010-02-14 14:54:00,0.0,True,True,4,4,5,13,Champions,Active repeat,Protect high-value active
13422,2011-10-06 13:42:00,2011-10-06 13:42:00,1,2626.3,2626.3,64,64,False,,,False,False,3,1,4,8,Needs Attention,New,Drive second purchase
13423,2010-10-07 09:02:00,2010-10-07 09:02:00,1,217.03,217.03,429,429,False,,,True,False,1,1,1,3,Hibernating,Dormant,Low-cost reactivation
13424,2010-09-16 10:49:00,2010-09-16 10:49:00,1,572.77,572.77,450,450,False,,,True,False,1,1,2,4,Hibernating,Dormant,Low-cost reactivation
13425,2010-05-09 14:35:00,2011-08-23 17:13:00,5,3390.4300000000003,678.086,108,579,True,2010-07-19 12:56:00,70.0,True,True,3,4,5,12,Loyal Customers,At risk,Win back high-value
13426,2009-12-09 15:16:00,2011-12-09 08:59:00,22,8167.38,371.24454545454546,1,730,True,2009-12-16 15:16:00,7.0,True,True,5,5,5,15,Champions,Active repeat,Protect high-value active
13427,2009-12-17 13:44:00,2011-11-20 13:02:00,6,1006.53,167.755,19,722,True,2010-06-18 09:28:00,182.0,True,False,5,4,3,12,Loyal Customers,Active repeat,Develop loyalty
13428,2010-07-13 13:20:00,2011-11-29 14:20:00,3,478.53999999999996,159.51333333333332,10,514,True,2010-07-13 13:33:00,0.0,True,True,5,3,2,10,Potential Loyalists,Active repeat,Develop loyalty
13429,2011-09-25 15:59:00,2011-11-29 09:10:00,4,1006.8000000000001,251.70000000000002,11,75,True,2011-10-10 12:51:00,14.0,False,False,5,3,3,11,Potential Loyalists,Active repeat,Develop loyalty
13430,2011-09-14 14:26:00,2011-11-21 08:19:00,2,679.45,339.725,19,86,True,2011-11-21 08:19:00,67.0,False,False,5,2,3,10,Potential Loyalists,Active repeat,Develop loyalty
13431,2010-02-18 11:53:00,2011-10-03 13:49:00,8,3316.24,414.53,67,660,True,2010-04-21 12:30:00,62.0,True,True,3,4,5,12,Loyal Customers,Active repeat,Protect high-value active
13432,2010-04-06 14:42:00,2010-05-17 13:18:00,2,439.1,219.55,571,612,True,2010-05-17 13:18:00,40.0,True,True,1,2,2,5,Hibernating,Dormant,Low-cost reactivation
13433,2010-01-12 08:59:00,2010-07-26 16:55:00,4,658.3199999999999,164.57999999999998,501,697,True,2010-04-15 10:35:00,93.0,True,False,1,3,3,7,At Risk,Dormant,Low-cost reactivation
13434,2010-02-22 09:54:00,2011-09-26 14:30:00,5,1666.8600000000001,333.372,74,656,True,2010-09-05 14:13:00,195.0,True,False,3,4,4,11,Loyal Customers,Active repeat,Develop loyalty
13435,2010-07-27 16:56:00,2011-12-04 14:45:00,9,4447.33,494.1477777777778,5,500,True,2010-11-28 13:51:00,123.0,True,False,5,5,5,15,Champions,Active repeat,Protect high-value active
13436,2011-12-08 10:33:00,2011-12-08 10:33:00,1,196.89,196.89,2,2,False,,,False,False,5,1,1,7,New Customers,New,Drive second purchase
13437,2011-06-02 14:30:00,2011-11-25 14:00:00,7,3408.06,486.86571428571426,14,190,True,2011-06-23 12:13:00,20.0,True,True,5,4,5,14,Champions,Active repeat,Protect high-value active
13438,2010-06-10 18:46:00,2010-06-10 18:46:00,1,46.5,46.5,547,547,False,,,True,False,1,1,1,3,Hibernating,Dormant,Low-cost reactivation
13439,2010-07-01 14:36:00,2011-03-29 14:20:00,3,986.61,328.87,255,526,True,2010-11-16 15:24:00,138.0,True,False,2,3,3,8,At Risk,Dormant,Low-cost reactivation
13440,2010-09-14 10:34:00,2010-10-12 13:11:00,7,1295.25,185.03571428571428,423,452,True,2010-09-21 20:38:00,7.0,True,True,1,4,4,9,At Risk,Dormant,Low-cost reactivation
13441,2010-10-04 10:38:00,2011-09-09 09:38:00,2,720.9,360.45,92,432,True,2011-09-09 09:38:00,339.0,True,False,3,2,3,8,Needs Attention,At risk,Test win-back
13442,2009-12-01 14:59:00,2010-02-10 14:03:00,3,419.87,139.95666666666668,667,738,True,2010-01-05 16:04:00,35.0,True,True,1,3,2,6,At Risk,Dormant,Low-cost reactivation
13443,2010-01-31 13:30:00,2010-09-17 12:31:00,6,1273.1599999999999,212.1933333333333,449,677,True,2010-04-08 16:45:00,67.0,True,True,1,4,4,9,At Risk,Dormant,Low-cost reactivation
13444,2010-07-21 14:34:00,2010-11-30 13:02:00,2,619.08,309.54,374,506,True,2010-11-30 13:02:00,131.0,True,False,2,2,3,7,Hibernating,Dormant,Low-cost reactivation
13445,2010-03-23 15:34:00,2010-03-23 15:34:00,1,241.89999999999998,241.89999999999998,626,626,False,,,True,False,1,1,1,3,Hibernating,Dormant,Low-cost reactivation
13446,2010-02-14 11:52:00,2010-10-05 18:51:00,11,3881.8900000000003,352.89909090909094,430,664,True,2010-03-05 13:19:00,19.0,True,True,1,5,5,11,At Risk,Dormant,Low-cost reactivation
13447,2011-11-04 10:10:00,2011-11-16 13:38:00,3,1129.14,376.38000000000005,23,36,True,2011-11-06 11:56:00,2.0,False,False,4,3,3,10,Potential Loyalists,Active repeat,Develop loyalty
13448,2009-12-06 12:14:00,2011-11-23 12:33:00,13,8745.93,672.7638461538462,17,734,True,2009-12-17 11:58:00,10.0,True,True,5,5,5,15,Champions,Active repeat,Protect high-value active
13449,2011-11-16 08:28:00,2011-11-16 08:28:00,1,291.88,291.88,24,24,False,,,False,False,4,1,2,7,New Customers,New,Drive second purchase
13450,2010-04-15 19:15:00,2011-11-13 11:54:00,13,4120.04,316.92615384615385,27,603,True,2010-05-11 08:54:00,25.0,True,True,4,5,5,14,Champions,Active repeat,Protect high-value active
13451,2010-03-21 16:13:00,2011-11-13 15:58:00,11,7090.06,644.5509090909092,26,628,True,2010-05-16 16:05:00,55.0,True,True,4,5,5,14,Champions,Active repeat,Protect high-value active
13452,2010-08-24 09:53:00,2011-03-25 14:19:00,3,729.8,243.26666666666665,259,473,True,2011-03-14 11:38:00,202.0,True,False,2,3,3,8,At Risk,Dormant,Low-cost reactivation
13453,2010-11-02 13:23:00,2011-06-27 09:34:00,3,781.6899999999999,260.56333333333333,166,402,True,2011-02-23 09:44:00,112.0,True,False,3,3,3,9,Needs Attention,At risk,Test win-back
13454,2010-03-08 14:40:00,2010-03-08 14:40:00,1,219.87,219.87,641,641,False,,,True,False,1,1,1,3,Hibernating,Dormant,Low-cost reactivation
13455,2009-12-09 08:58:00,2011-11-15 11:21:00,6,2212.9900000000002,368.8316666666667,25,731,True,2009-12-22 15:05:00,13.0,True,True,4,4,4,12,Champions,Active repeat,Develop loyalty
13456,2011-05-16 15:34:00,2011-11-22 09:18:00,6,1766.72,294.4533333333333,18,207,True,2011-06-17 08:52:00,31.0,True,True,5,4,4,13,Champions,Active repeat,Develop loyalty
13457,2009-12-02 12:46:00,2010-01-20 08:48:00,2,148.22,74.11,689,738,True,2010-01-20 08:48:00,48.0,True,True,1,2,1,4,Hibernating,Dormant,Low-cost reactivation
13458,2010-11-16 14:01:00,2011-12-02 15:29:00,16,11959.27,747.454375,7,388,True,2010-11-25 15:02:00,9.0,True,True,5,5,5,15,Champions,Active repeat,Protect high-value active
13459,2010-01-26 13:35:00,2010-03-25 10:24:00,2,1160.4099999999999,580.2049999999999,625,682,True,2010-03-25 10:24:00,57.0,True,True,1,2,3,6,Hibernating,Dormant,Low-cost reactivation
13460,2011-10-21 09:50:00,2011-11-10 17:17:00,2,183.44,91.72,29,50,True,2011-11-10 17:17:00,20.0,False,False,4,2,1,7,Potential Loyalists,Active repeat,Develop loyalty
13461,2010-04-21 16:01:00,2011-11-01 09:01:00,6,4160.0,693.3333333333334,39,597,True,2010-07-14 13:34:00,83.0,True,True,4,4,5,13,Champions,Active repeat,Protect high-value active
13462,2009-12-14 09:48:00,2011-04-01 11:20:00,5,1153.85,230.76999999999998,253,726,True,2010-01-19 10:45:00,36.0,True,True,2,4,3,9,At Risk,Dormant,Low-cost reactivation
13464,2010-03-31 15:22:00,2011-10-12 15:01:00,6,3097.64,516.2733333333333,58,618,True,2010-08-23 16:11:00,145.0,True,False,4,4,5,13,Champions,Active repeat,Protect high-value active
13465,2010-05-02 15:30:00,2010-09-19 15:13:00,2,931.12,465.56,446,586,True,2010-09-19 15:13:00,139.0,True,False,1,2,3,6,Hibernating,Dormant,Low-cost reactivation
13466,2010-03-21 13:50:00,2011-06-08 16:39:00,5,1013.3499999999999,202.67,184,628,True,2010-07-27 09:42:00,127.0,True,False,3,4,3,10,Loyal Customers,Dormant,Low-cost reactivation
13467,2011-11-03 16:56:00,2011-11-29 10:01:00,2,1071.9099999999999,535.9549999999999,11,36,True,2011-11-29 10:01:00,25.0,False,False,5,2,3,10,Potential Loyalists,Active repeat,Develop loyalty
13468,2009-12-03 13:32:00,2011-12-08 10:39:00,72,12793.28,177.68444444444447,2,736,True,2009-12-15 09:34:00,11.0,True,True,5,5,5,15,Champions,Active repeat,Protect high-value active
13469,2010-02-24 15:03:00,2010-02-24 15:03:00,1,82.4,82.4,653,653,False,,,True,False,1,1,1,3,Hibernating,Dormant,Low-cost reactivation
13470,2011-08-16 17:06:00,2011-09-01 14:57:00,2,165.0,82.5,99,115,True,2011-09-01 14:57:00,15.0,True,True,3,2,1,6,Needs Attention,At risk,Test win-back
13471,2011-10-23 13:10:00,2011-12-08 15:44:00,4,2501.84,625.46,1,47,True,2011-11-18 09:57:00,25.0,False,False,5,3,4,12,Potential Loyalists,Active repeat,Protect high-value active
13472,2010-06-02 09:48:00,2010-09-02 09:41:00,2,592.24,296.12,464,556,True,2010-09-02 09:41:00,91.0,True,False,1,2,2,5,Hibernating,Dormant,Low-cost reactivation
13473,2009-12-15 19:02:00,2011-10-10 11:20:00,8,2657.7599999999998,332.21999999999997,61,724,True,2010-03-02 15:28:00,76.0,True,True,3,4,4,11,Loyal Customers,Active repeat,Protect high-value active
13474,2010-08-01 14:40:00,2011-04-17 13:53:00,3,646.59,215.53,236,495,True,2010-09-22 09:21:00,51.0,True,True,2,3,3,8,At Risk,Dormant,Low-cost reactivation
13475,2011-02-14 12:36:00,2011-06-01 13:52:00,4,1431.78,357.945,191,299,True,2011-03-23 09:43:00,36.0,True,True,2,3,4,9,At Risk,Dormant,Low-cost reactivation
13476,2010-03-05 09:39:00,2011-06-14 12:00:00,5,2061.4700000000003,412.29400000000004,179,645,True,2010-08-10 10:29:00,158.0,True,False,3,4,4,11,Loyal Customers,At risk,Test win-back
13477,2010-01-25 11:52:00,2011-11-02 12:04:00,11,2819.17,256.28818181818184,38,684,True,2010-04-29 12:21:00,94.0,True,False,4,5,4,13,Champions,Active repeat,Protect high-value active
13478,2010-01-31 15:51:00,2010-08-27 13:23:00,5,2215.78,443.15600000000006,469,677,True,2010-03-17 14:23:00,44.0,True,True,1,4,4,9,At Risk,Dormant,Low-cost reactivation
13479,2010-08-19 16:18:00,2011-05-23 10:45:00,4,851.37,212.8425,201,477,True,2010-09-13 13:29:00,24.0,True,True,2,3,3,8,At Risk,Dormant,Low-cost reactivation
13480,2010-01-29 12:35:00,2010-10-19 11:53:00,2,627.8199999999999,313.90999999999997,417,680,True,2010-10-19 11:53:00,262.0,True,False,1,2,3,6,Hibernating,Dormant,Low-cost reactivation
13481,2009-12-04 12:37:00,2011-10-25 09:07:00,11,3830.84,348.2581818181818,46,736,True,2010-03-15 09:46:00,100.0,True,False,4,5,5,14,Champions,Active repeat,Protect high-value active
13482,2010-03-22 10:31:00,2011-04-21 17:03:00,2,336.09,168.045,232,628,True,2011-04-21 17:03:00,395.0,True,False,2,2,2,6,Hibernating,Dormant,Low-cost reactivation
13483,2011-10-05 11:53:00,2011-10-05 11:53:00,1,140.34,140.34,66,66,False,,,False,False,3,1,1,5,Needs Attention,New,Drive second purchase
13484,2010-03-10 11:46:00,2011-04-12 16:30:00,3,790.72,263.5733333333333,241,640,True,2010-11-21 13:48:00,256.0,True,False,2,3,3,8,At Risk,Dormant,Low-cost reactivation
13485,2009-12-03 13:46:00,2011-04-20 13:58:00,11,3019.2200000000003,274.4745454545455,233,736,True,2009-12-08 12:13:00,4.0,True,True,2,5,5,12,At Risk,Dormant,Low-cost reactivation
13486,2011-07-07 17:19:00,2011-09-22 13:13:00,3,1122.4099999999999,374.1366666666666,78,155,True,2011-08-03 13:10:00,26.0,True,True,3,3,3,9,Needs Attention,Active repeat,Develop loyalty
13487,2009-12-05 10:25:00,2011-10-13 12:07:00,5,846.87,169.374,58,735,True,2010-07-22 10:41:00,229.0,True,False,4,4,3,11,Loyal Customers,Active repeat,Develop loyalty
13488,2010-01-25 10:13:00,2011-11-22 14:41:00,23,14205.960000000001,617.6504347826087,17,684,True,2010-05-17 12:05:00,112.0,True,False,5,5,5,15,Champions,Active repeat,Protect high-value active
13489,2011-02-18 10:42:00,2011-08-26 13:16:00,4,449.52,112.38,105,295,True,2011-02-23 13:43:00,5.0,True,True,3,3,2,8,Needs Attention,At risk,Test win-back
13490,2010-02-23 14:48:00,2010-02-23 14:48:00,1,154.25,154.25,654,654,False,,,True,False,1,1,1,3,Hibernating,Dormant,Low-cost reactivation
13491,2009-12-07 08:24:00,2011-10-19 08:32:00,27,4467.66,165.46888888888887,52,733,True,2009-12-09 07:01:00,1.0,True,True,4,5,5,14,Champions,Active repeat,Protect high-value active
13492,2011-05-09 10:06:00,2011-07-26 14:25:00,3,1269.8400000000001,423.28000000000003,136,215,True,2011-07-01 08:55:00,52.0,True,True,3,3,4,10,Needs Attention,At risk,Test win-back
13493,2011-02-25 16:42:00,2011-03-09 15:35:00,2,618.63,309.315,275,287,True,2011-03-09 15:35:00,11.0,True,True,2,2,3,7,Hibernating,Dormant,Low-cost reactivation
13494,2011-02-01 11:58:00,2011-02-01 11:58:00,1,316.26000000000005,316.26000000000005,312,312,False,,,True,False,2,1,2,5,Hibernating,Dormant,Low-cost reactivation
13495,2009-12-07 12:12:00,2011-12-02 11:21:00,10,4863.31,486.331,8,733,True,2009-12-15 10:50:00,7.0,True,True,5,5,5,15,Champions,Active repeat,Protect high-value active
13496,2010-12-15 10:17:00,2011-11-29 10:58:00,2,653.3299999999999,326.66499999999996,11,360,True,2011-11-29 10:58:00,349.0,True,False,5,2,3,10,Potential Loyalists,Active repeat,Develop loyalty
13497,2010-02-08 10:27:00,2011-03-02 09:04:00,6,1166.83,194.47166666666666,283,670,True,2010-03-08 12:19:00,28.0,True,True,2,4,3,9,At Risk,Dormant,Low-cost reactivation
13498,2009-12-09 15:26:00,2009-12-09 15:26:00,1,327.38,327.38,730,730,False,,,True,False,1,1,2,4,Hibernating,Dormant,Low-cost reactivation
13499,2011-03-15 08:52:00,2011-11-22 11:21:00,5,1159.1100000000001,231.82200000000003,18,270,True,2011-04-28 14:59:00,44.0,True,True,5,4,3,12,Loyal Customers,Active repeat,Develop loyalty
13500,2010-11-03 13:16:00,2011-11-16 15:35:00,4,1466.3,366.575,23,401,True,2011-08-09 12:20:00,278.0,True,False,4,3,4,11,Potential Loyalists,Active repeat,Develop loyalty
13501,2010-05-18 13:24:00,2011-02-24 18:59:00,3,2885.1099999999997,961.7033333333333,288,570,True,2010-08-10 13:01:00,83.0,True,True,2,3,4,9,At Risk,Dormant,Low-cost reactivation
13502,2010-06-09 10:52:00,2011-11-23 10:39:00,5,780.5,156.1,17,549,True,2010-10-20 10:15:00,132.0,True,False,5,4,3,12,Loyal Customers,Active repeat,Develop loyalty
13503,2010-02-16 13:49:00,2011-09-29 13:23:00,6,1859.24,309.87333333333333,71,661,True,2010-02-16 14:11:00,0.0,True,True,3,4,4,11,Loyal Customers,Active repeat,Develop loyalty
13504,2011-10-06 13:20:00,2011-10-06 13:20:00,1,295.93,295.93,64,64,False,,,False,False,3,1,2,6,Needs Attention,New,Drive second purchase
13505,2011-04-21 12:07:00,2011-09-28 11:56:00,4,4393.63,1098.4075,73,233,True,2011-05-31 15:41:00,40.0,True,True,3,3,5,11,Needs Attention,Active repeat,Protect high-value active
13506,2010-09-05 12:33:00,2011-01-27 13:53:00,5,1338.08,267.616,316,461,True,2010-10-20 13:25:00,45.0,True,True,2,4,4,10,At Risk,Dormant,Low-cost reactivation
13507,2011-07-17 11:50:00,2011-12-06 13:13:00,4,2479.16,619.79,3,146,True,2011-08-24 15:12:00,38.0,True,True,5,3,4,12,Potential Loyalists,Active repeat,Protect high-value active
13508,2010-03-07 11:58:00,2011-04-10 11:58:00,2,287.04999999999995,143.52499999999998,244,643,True,2011-04-10 11:58:00,399.0,True,False,2,2,2,6,Hibernating,Dormant,Low-cost reactivation
13509,2010-07-20 12:10:00,2011-12-01 10:10:00,8,1114.72,139.34,9,508,True,2011-02-28 13:27:00,223.0,True,False,5,4,3,12,Loyal Customers,Active repeat,Develop loyalty
13510,2009-12-21 11:53:00,2011-12-08 13:46:00,11,4558.29,414.39,1,719,True,2010-02-01 11:20:00,41.0,True,True,5,5,5,15,Champions,Active repeat,Protect high-value active
13511,2010-02-01 12:10:00,2010-02-01 12:10:00,1,282.76,282.76,677,677,False,,,True,False,1,1,1,3,Hibernating,Dormant,Low-cost reactivation
13512,2010-05-05 13:22:00,2011-03-24 10:03:00,4,713.39,178.3475,261,583,True,2010-08-16 09:15:00,102.0,True,False,2,3,3,8,At Risk,Dormant,Low-cost reactivation
13513,2010-02-22 16:36:00,2011-08-05 11:50:00,3,824.59,274.86333333333334,127,655,True,2010-09-24 16:25:00,213.0,True,False,3,3,3,9,Needs Attention,At risk,Test win-back
13514,2010-01-26 15:11:00,2011-09-27 09:39:00,4,815.9000000000001,203.97500000000002,74,682,True,2010-05-09 10:38:00,102.0,True,False,3,3,3,9,Needs Attention,Active repeat,Develop loyalty
13515,2010-03-05 11:58:00,2011-09-28 11:26:00,6,1265.8200000000002,210.97000000000003,73,645,True,2010-09-16 15:07:00,195.0,True,False,3,4,4,11,Loyal Customers,Active repeat,Develop loyalty
13516,2010-10-18 08:52:00,2011-11-18 13:15:00,4,1685.26,421.315,21,418,True,2011-04-15 11:06:00,179.0,True,False,4,3,4,11,Potential Loyalists,Active repeat,Develop loyalty
13517,2011-06-13 08:44:00,2011-10-11 11:43:00,3,2128.42,709.4733333333334,60,180,True,2011-08-25 11:40:00,73.0,True,True,3,3,4,10,Needs Attention,Active repeat,Develop loyalty
13518,2011-09-15 10:29:00,2011-09-15 10:29:00,1,627.16,627.16,86,86,False,,,False,False,3,1,3,7,Needs Attention,New,Drive second purchase
13519,2010-09-23 11:45:00,2011-09-22 18:24:00,2,343.21000000000004,171.60500000000002,78,443,True,2011-09-22 18:24:00,364.0,True,False,3,2,2,7,Needs Attention,Active repeat,Develop loyalty
13520,2009-12-17 11:11:00,2011-10-12 10:20:00,11,6606.0,600.5454545454545,59,723,True,2010-02-11 09:41:00,55.0,True,True,4,5,5,14,Champions,Active repeat,Protect high-value active
13521,2011-11-29 15:09:00,2011-12-08 13:50:00,3,1071.73,357.24333333333334,1,10,True,2011-12-04 14:55:00,4.0,False,False,5,3,3,11,Potential Loyalists,Active repeat,Develop loyalty
13522,2011-11-09 15:11:00,2011-11-09 15:11:00,1,125.80000000000001,125.80000000000001,30,30,False,,,False,False,4,1,1,6,New Customers,New,Drive second purchase
13523,2010-11-02 14:55:00,2011-11-06 15:11:00,6,4534.57,755.7616666666667,33,402,True,2010-12-08 14:22:00,35.0,True,True,4,4,5,13,Champions,Active repeat,Protect high-value active
13524,2011-05-04 12:26:00,2011-10-30 12:34:00,5,680.1800000000001,136.036,41,220,True,2011-06-19 15:56:00,46.0,True,True,4,4,3,11,Loyal Customers,Active repeat,Develop loyalty
13525,2011-04-05 15:36:00,2011-11-25 12:01:00,2,628.78,314.39,15,248,True,2011-11-25 12:01:00,233.0,True,False,5,2,3,10,Potential Loyalists,Active repeat,Develop loyalty
13526,2009-12-01 12:56:00,2009-12-01 13:13:00,2,1182.0,591.0,738,738,True,2009-12-01 13:13:00,0.0,True,True,1,2,3,6,Hibernating,Dormant,Low-cost reactivation
13527,2010-01-21 12:37:00,2011-11-06 12:04:00,12,4541.29,378.44083333333333,34,688,True,2010-01-24 12:31:00,2.0,True,True,4,5,5,14,Champions,Active repeat,Protect high-value active
13529,2011-05-19 11:50:00,2011-09-22 09:15:00,2,307.76,153.88,79,205,True,2011-09-22 09:15:00,125.0,True,False,3,2,2,7,Needs Attention,Active repeat,Develop loyalty
13530,2010-03-15 14:10:00,2010-03-15 14:10:00,1,402.97999999999996,402.97999999999996,634,634,False,,,True,False,1,1,2,4,Hibernating,Dormant,Low-cost reactivation
13531,2009-12-03 15:20:00,2011-05-18 16:56:00,6,1433.07,238.845,205,736,True,2010-04-23 10:48:00,140.0,True,False,2,4,4,10,At Risk,Dormant,Low-cost reactivation
13532,2011-11-06 12:25:00,2011-11-06 12:25:00,1,210.31,210.31,34,34,False,,,False,False,4,1,1,6,New Customers,New,Drive second purchase
13533,2011-03-17 12:47:00,2011-06-10 11:54:00,3,269.09,89.69666666666666,183,268,True,2011-03-17 12:53:00,0.0,True,True,3,3,1,7,Needs Attention,Dormant,Low-cost reactivation
13534,2010-07-07 15:00:00,2011-12-07 14:52:00,35,7720.9,220.59714285714284,2,520,True,2010-07-23 11:29:00,15.0,True,True,5,5,5,15,Champions,Active repeat,Protect high-value active
13535,2010-11-02 11:49:00,2010-11-02 11:49:00,1,89.5,89.5,403,403,False,,,True,False,2,1,1,4,Hibernating,Dormant,Low-cost reactivation
13536,2011-09-25 13:30:00,2011-12-08 16:38:00,7,3444.3900000000003,492.0557142857143,1,75,True,2011-10-18 08:12:00,22.0,False,False,5,4,5,14,Champions,Active repeat,Protect high-value active
13537,2010-09-14 10:41:00,2010-10-10 12:45:00,2,717.85,358.925,426,452,True,2010-10-10 12:45:00,26.0,True,True,1,2,3,6,Hibernating,Dormant,Low-cost reactivation
13538,2010-02-02 12:47:00,2011-10-27 16:34:00,12,3103.13,258.5941666666667,43,676,True,2010-02-21 16:09:00,19.0,True,True,4,5,5,14,Champions,Active repeat,Protect high-value active
13539,2010-04-28 12:04:00,2011-09-15 10:18:00,7,1569.3600000000001,224.19428571428574,86,591,True,2010-05-07 09:53:00,8.0,True,True,3,4,4,11,Loyal Customers,Active repeat,Develop loyalty
13540,2010-02-22 09:22:00,2010-08-29 14:20:00,3,632.39,210.79666666666665,467,656,True,2010-02-22 09:24:00,0.0,True,True,1,3,3,7,At Risk,Dormant,Low-cost reactivation
13541,2010-05-18 16:15:00,2010-10-08 16:37:00,2,785.25,392.625,427,570,True,2010-10-08 16:37:00,143.0,True,False,1,2,3,6,Hibernating,Dormant,Low-cost reactivation
13542,2009-12-10 19:53:00,2010-11-28 11:24:00,17,3959.4900000000002,232.91117647058826,377,729,True,2009-12-20 11:50:00,9.0,True,True,2,5,5,12,At Risk,Dormant,Low-cost reactivation
13543,2010-01-21 14:30:00,2010-03-15 13:34:00,2,1439.6100000000001,719.8050000000001,634,687,True,2010-03-15 13:34:00,52.0,True,True,1,2,4,7,Hibernating,Dormant,Low-cost reactivation
13544,2010-03-05 11:31:00,2011-10-31 11:57:00,6,790.2,131.70000000000002,40,645,True,2010-06-01 11:38:00,88.0,True,True,4,4,3,11,Loyal Customers,Active repeat,Develop loyalty
13545,2010-06-13 11:49:00,2010-11-14 11:27:00,2,364.93,182.465,391,545,True,2010-11-14 11:27:00,153.0,True,False,2,2,2,6,Hibernating,Dormant,Low-cost reactivation
13546,2010-10-11 17:23:00,2011-11-27 14:50:00,5,1086.24,217.248,12,424,True,2010-11-22 17:33:00,42.0,True,True,5,4,3,12,Loyal Customers,Active repeat,Develop loyalty
13547,2010-10-27 14:14:00,2010-10-27 14:14:00,1,167.08,167.08,408,408,False,,,True,False,2,1,1,4,Hibernating,Dormant,Low-cost reactivation
13548,2010-08-25 13:44:00,2011-09-04 14:50:00,3,901.4399999999999,300.47999999999996,96,471,True,2011-04-10 11:35:00,227.0,True,False,3,3,3,9,Needs Attention,At risk,Test win-back
13549,2010-11-17 12:17:00,2011-11-14 09:20:00,8,1005.8,125.725,26,388,True,2011-04-11 13:42:00,145.0,True,False,4,4,3,11,Loyal Customers,Active repeat,Develop loyalty
13550,2010-11-21 15:24:00,2010-11-21 15:24:00,1,342.55,342.55,383,383,False,,,True,False,2,1,2,5,Hibernating,Dormant,Low-cost reactivation
13551,2010-02-11 15:01:00,2011-01-24 14:46:00,2,244.2,122.1,319,666,True,2011-01-24 14:46:00,346.0,True,False,2,2,1,5,Hibernating,Dormant,Low-cost reactivation
13552,2010-02-19 13:28:00,2011-10-04 15:19:00,22,6948.92,315.86,66,658,True,2010-02-19 13:29:00,0.0,True,True,3,5,5,13,Loyal Customers,Active repeat,Protect high-value active
13553,2010-02-03 12:21:00,2010-02-03 12:21:00,1,499.6,499.6,675,675,False,,,True,False,1,1,2,4,Hibernating,Dormant,Low-cost reactivation
13554,2010-09-19 12:39:00,2010-11-24 15:05:00,7,1629.35,232.7642857142857,380,447,True,2010-09-28 16:25:00,9.0,True,True,2,4,4,10,At Risk,Dormant,Low-cost reactivation
13555,2010-01-19 13:20:00,2011-09-27 12:36:00,13,8891.84,683.9876923076923,74,689,True,2010-01-19 13:33:00,0.0,True,True,3,5,5,13,Loyal Customers,Active repeat,Protect high-value active
13556,2010-09-30 09:01:00,2010-10-06 16:44:00,2,200.82,100.41,429,436,True,2010-10-06 16:44:00,6.0,True,True,1,2,1,4,Hibernating,Dormant,Low-cost reactivation
13557,2009-12-08 17:41:00,2011-11-11 15:24:00,13,3032.26,233.25076923076924,28,731,True,2009-12-17 14:01:00,8.0,True,True,4,5,5,14,Champions,Active repeat,Protect high-value active
13558,2011-10-02 13:01:00,2011-12-04 11:24:00,4,594.52,148.63,6,68,True,2011-10-09 11:15:00,6.0,False,False,5,3,2,10,Potential Loyalists,Active repeat,Develop loyalty
13559,2010-06-14 11:52:00,2010-07-15 09:52:00,2,990.0,495.0,513,544,True,2010-07-15 09:52:00,30.0,True,True,1,2,3,6,Hibernating,Dormant,Low-cost reactivation
13560,2011-12-02 13:11:00,2011-12-02 13:11:00,1,171.42000000000002,171.42000000000002,7,7,False,,,False,False,5,1,1,7,New Customers,New,Drive second purchase
13561,2010-02-28 13:42:00,2011-05-08 12:39:00,11,1803.4,163.94545454545457,216,649,True,2010-03-07 14:25:00,7.0,True,True,2,5,4,11,At Risk,Dormant,Low-cost reactivation
13562,2010-01-14 16:33:00,2011-09-19 10:51:00,8,4838.18,604.7725,82,694,True,2010-02-03 15:52:00,19.0,True,True,3,4,5,12,Loyal Customers,Active repeat,Protect high-value active
13563,2011-07-22 17:21:00,2011-09-16 14:45:00,2,777.53,388.765,84,140,True,2011-09-16 14:45:00,55.0,True,True,3,2,3,8,Needs Attention,Active repeat,Develop loyalty
13564,2009-12-02 11:55:00,2011-07-18 14:33:00,37,16498.97,445.91810810810813,144,738,True,2009-12-07 12:08:00,5.0,True,True,3,5,5,13,Loyal Customers,At risk,Win back high-value
13565,2010-10-24 15:51:00,2011-11-20 14:33:00,3,414.79999999999995,138.26666666666665,19,411,True,2011-01-09 14:28:00,76.0,True,True,5,3,2,10,Potential Loyalists,Active repeat,Develop loyalty
13566,2010-03-10 12:22:00,2011-10-30 11:59:00,5,1688.6,337.71999999999997,41,640,True,2010-07-18 12:20:00,129.0,True,False,4,4,4,12,Champions,Active repeat,Develop loyalty
13567,2010-06-16 12:48:00,2010-10-07 12:51:00,4,1079.29,269.8225,428,542,True,2010-08-24 14:20:00,69.0,True,True,1,3,3,7,At Risk,Dormant,Low-cost reactivation
13568,2011-06-19 14:42:00,2011-06-19 14:42:00,1,187.05,187.05,173,173,False,,,True,False,3,1,1,5,Needs Attention,At risk,Test win-back
13569,2010-10-07 13:05:00,2011-11-22 13:07:00,4,726.54,181.635,17,428,True,2010-11-23 12:54:00,46.0,True,True,5,3,3,11,Potential Loyalists,Active repeat,Develop loyalty
13570,2011-04-10 13:36:00,2011-04-10 13:36:00,1,239.49,239.49,243,243,False,,,True,False,2,1,1,4,Hibernating,Dormant,Low-cost reactivation
13571,2009-12-08 13:02:00,2011-11-27 10:47:00,26,4537.26,174.51000000000002,13,731,True,2010-02-21 14:57:00,75.0,True,True,5,5,5,15,Champions,Active repeat,Protect high-value active
13572,2011-05-18 11:59:00,2011-05-18 11:59:00,1,1384.25,1384.25,206,206,False,,,True,False,2,1,4,7,Hibernating,Dormant,Low-cost reactivation
13573,2010-03-12 16:06:00,2011-10-20 14:33:00,6,904.52,150.75333333333333,50,637,True,2010-09-16 15:46:00,187.0,True,False,4,4,3,11,Loyal Customers,Active repeat,Develop loyalty
13574,2010-10-24 13:28:00,2010-10-24 13:28:00,1,404.45,404.45,411,411,False,,,True,False,1,1,2,4,Hibernating,Dormant,Low-cost reactivation
13575,2011-06-16 14:24:00,2011-11-16 13:14:00,5,732.0699999999999,146.414,23,176,True,2011-07-29 11:28:00,42.0,True,True,4,4,3,11,Loyal Customers,Active repeat,Develop loyalty
13576,2009-12-08 15:12:00,2011-11-29 15:34:00,28,11202.59,400.09250000000003,10,731,True,2010-01-13 11:57:00,35.0,True,True,5,5,5,15,Champions,Active repeat,Protect high-value active
13577,2009-12-14 16:10:00,2011-11-14 15:19:00,11,3489.28,317.20727272727277,25,725,True,2009-12-15 11:56:00,0.0,True,True,4,5,5,14,Champions,Active repeat,Protect high-value active
13578,2010-10-26 13:44:00,2010-10-26 13:44:00,1,147.66,147.66,409,409,False,,,True,False,2,1,1,4,Hibernating,Dormant,Low-cost reactivation
13579,2010-02-18 13:53:00,2011-11-25 08:41:00,5,1374.3400000000001,274.86800000000005,15,659,True,2010-09-10 12:24:00,203.0,True,False,5,4,4,13,Champions,Active repeat,Develop loyalty
13580,2010-10-29 15:01:00,2010-10-29 15:01:00,1,107.75,107.75,406,406,False,,,True,False,2,1,1,4,Hibernating,Dormant,Low-cost reactivation
13581,2010-10-21 16:30:00,2011-02-03 14:41:00,2,280.53,140.265,309,414,True,2011-02-03 14:41:00,104.0,True,False,2,2,1,5,Hibernating,Dormant,Low-cost reactivation
13582,2010-04-01 11:38:00,2010-11-15 11:34:00,2,241.68,120.84,390,618,True,2010-11-15 11:34:00,227.0,True,False,2,2,1,5,Hibernating,Dormant,Low-cost reactivation
13583,2010-01-29 13:53:00,2011-07-07 10:40:00,2,1445.031,722.5155,156,679,True,2011-07-07 10:40:00,523.0,True,False,3,2,4,9,Needs Attention,At risk,Test win-back
13584,2010-02-02 08:40:00,2011-02-06 12:49:00,3,385.70000000000005,128.5666666666667,307,676,True,2010-07-29 13:36:00,177.0,True,False,2,3,2,7,At Risk,Dormant,Low-cost reactivation
13585,2009-12-01 14:56:00,2010-06-27 12:33:00,3,684.54,228.17999999999998,531,738,True,2010-05-10 16:04:00,160.0,True,False,1,3,3,7,At Risk,Dormant,Low-cost reactivation
13586,2010-06-16 13:47:00,2010-06-16 13:47:00,1,127.28,127.28,541,541,False,,,True,False,1,1,1,3,Hibernating,Dormant,Low-cost reactivation
13587,2010-02-14 13:17:00,2011-10-07 12:31:00,4,1673.5,418.375,64,663,True,2010-09-16 13:50:00,214.0,True,False,3,3,4,10,Needs Attention,Active repeat,Develop loyalty
13588,2011-03-29 15:53:00,2011-11-24 10:42:00,9,2478.95,275.43888888888887,16,255,True,2011-07-26 09:27:00,118.0,True,False,5,5,4,14,Champions,Active repeat,Protect high-value active
13589,2009-12-06 10:26:00,2011-11-25 12:10:00,6,1120.74,186.79,15,734,True,2010-05-09 11:16:00,154.0,True,False,5,4,3,12,Loyal Customers,Active repeat,Develop loyalty
13590,2009-12-01 13:37:00,2011-11-28 12:54:00,18,6336.04,352.0022222222222,11,738,True,2010-01-27 12:50:00,56.0,True,True,5,5,5,15,Champions,Active repeat,Protect high-value active
13591,2009-12-14 15:44:00,2011-10-06 12:26:00,7,2093.94,299.13428571428574,65,725,True,2010-04-15 17:24:00,122.0,True,False,3,4,4,11,Loyal Customers,Active repeat,Develop loyalty
13592,2011-03-20 14:01:00,2011-11-04 09:49:00,4,247.95999999999998,61.989999999999995,36,264,True,2011-05-10 15:48:00,51.0,True,True,4,3,1,8,Potential Loyalists,Active repeat,Develop loyalty
13593,2010-03-02 16:36:00,2011-08-23 13:35:00,14,5493.29,392.3778571428571,108,647,True,2010-03-02 17:10:00,0.0,True,True,3,5,5,13,Loyal Customers,At risk,Win back high-value
13594,2010-08-11 10:23:00,2011-10-18 10:19:00,2,533.32,266.66,53,486,True,2011-10-18 10:19:00,432.0,True,False,4,2,2,8,Potential Loyalists,Active repeat,Develop loyalty
13595,2010-03-03 14:42:00,2010-07-11 12:36:00,3,784.48,261.49333333333334,517,646,True,2010-05-09 10:47:00,66.0,True,True,1,3,3,7,At Risk,Dormant,Low-cost reactivation
13596,2011-11-27 11:57:00,2011-12-04 12:01:00,2,664.11,332.055,6,13,True,2011-12-04 12:01:00,7.0,False,False,5,2,3,10,Potential Loyalists,Active repeat,Develop loyalty
13597,2010-11-02 09:30:00,2010-11-04 14:54:00,2,396.71,198.355,400,403,True,2010-11-04 14:54:00,2.0,True,True,2,2,2,6,Hibernating,Dormant,Low-cost reactivation
13598,2010-02-26 11:22:00,2011-10-23 14:28:00,5,761.9599999999999,152.392,47,652,True,2010-02-26 11:26:00,0.0,True,True,4,4,3,11,Loyal Customers,Active repeat,Develop loyalty
13599,2009-12-01 12:30:00,2011-12-08 16:10:00,33,9811.04,297.30424242424243,1,739,True,2009-12-15 16:34:00,14.0,True,True,5,5,5,15,Champions,Active repeat,Protect high-value active
13600,2010-03-15 17:16:00,2011-01-31 15:27:00,2,518.42,259.21,312,634,True,2011-01-31 15:27:00,321.0,True,False,2,2,2,6,Hibernating,Dormant,Low-cost reactivation
13601,2010-06-11 15:03:00,2011-10-25 17:31:00,4,1159.99,289.9975,45,546,True,2010-11-12 15:20:00,154.0,True,False,4,3,3,10,Potential Loyalists,Active repeat,Develop loyalty
13602,2010-05-28 11:49:00,2011-10-06 11:47:00,4,1025.17,256.2925,65,561,True,2010-09-30 11:51:00,125.0,True,False,3,3,3,9,Needs Attention,Active repeat,Develop loyalty
13603,2011-11-13 15:57:00,2011-11-13 15:57:00,1,164.34,164.34,26,26,False,,,False,False,4,1,1,6,New Customers,New,Drive second purchase
13604,2010-02-19 12:02:00,2010-02-19 12:02:00,1,717.62,717.62,659,659,False,,,True,False,1,1,3,5,Hibernating,Dormant,Low-cost reactivation
13605,2010-05-17 15:46:00,2010-11-17 17:16:00,2,522.6700000000001,261.33500000000004,387,571,True,2010-11-17 17:16:00,184.0,True,False,2,2,2,6,Hibernating,Dormant,Low-cost reactivation
13606,2011-02-01 11:42:00,2011-11-10 17:46:00,3,276.74999999999994,92.24999999999999,29,312,True,2011-04-10 12:52:00,68.0,True,True,4,3,1,8,Potential Loyalists,Active repeat,Develop loyalty
13607,2010-11-02 11:48:00,2011-10-30 16:17:00,2,1075.81,537.905,40,403,True,2011-10-30 16:17:00,362.0,True,False,4,2,3,9,Potential Loyalists,Active repeat,Develop loyalty
13608,2010-06-17 12:28:00,2010-06-17 12:28:00,1,232.05,232.05,541,541,False,,,True,False,1,1,1,3,Hibernating,Dormant,Low-cost reactivation
13609,2010-04-25 13:26:00,2010-04-25 13:26:00,1,167.35,167.35,593,593,False,,,True,False,1,1,1,3,Hibernating,Dormant,Low-cost reactivation
13610,2010-01-05 14:12:00,2011-11-27 15:38:00,14,2103.71,150.26500000000001,12,703,True,2010-01-26 14:05:00,20.0,True,True,5,5,4,14,Champions,Active repeat,Develop loyalty
13611,2009-12-03 07:57:00,2011-09-11 14:51:00,10,3297.9300000000003,329.793,89,737,True,2010-03-24 11:52:00,111.0,True,False,3,5,5,13,Loyal Customers,Active repeat,Protect high-value active
13612,2010-03-17 12:14:00,2010-03-17 12:14:00,1,818.29,818.29,633,633,False,,,True,False,1,1,3,5,Hibernating,Dormant,Low-cost reactivation
13613,2010-02-17 12:40:00,2010-09-13 12:01:00,5,1039.85,207.96999999999997,453,661,True,2010-03-23 15:52:00,34.0,True,True,1,4,3,8,At Risk,Dormant,Low-cost reactivation
13614,2010-06-06 13:42:00,2011-11-15 14:47:00,6,2332.74,388.78999999999996,24,551,True,2010-11-11 12:20:00,157.0,True,False,4,4,4,12,Champions,Active repeat,Protect high-value active
13615,2010-01-28 15:43:00,2011-01-25 08:21:00,8,6272.53,784.06625,319,680,True,2010-03-28 13:40:00,58.0,True,True,2,4,5,11,At Risk,Dormant,Low-cost reactivation
13616,2010-01-17 14:56:00,2010-05-20 12:59:00,2,283.85,141.925,568,691,True,2010-05-20 12:59:00,122.0,True,False,1,2,1,4,Hibernating,Dormant,Low-cost reactivation
13617,2010-08-01 15:23:00,2011-10-30 13:50:00,8,1278.75,159.84375,40,495,True,2010-09-05 15:47:00,35.0,True,True,4,4,4,12,Champions,Active repeat,Develop loyalty
13618,2011-06-19 11:09:00,2011-06-19 11:09:00,1,177.34,177.34,174,174,False,,,True,False,3,1,1,5,Needs Attention,At risk,Test win-back
13619,2010-02-03 14:16:00,2010-06-13 11:39:00,2,224.94,112.47,545,674,True,2010-06-13 11:39:00,129.0,True,False,1,2,1,4,Hibernating,Dormant,Low-cost reactivation
13620,2010-06-29 15:02:00,2010-06-29 15:02:00,1,112.34,112.34,528,528,False,,,True,False,1,1,1,3,Hibernating,Dormant,Low-cost reactivation
13621,2011-08-15 08:26:00,2011-08-15 08:26:00,1,213.85,213.85,117,117,False,,,True,False,3,1,1,5,Needs Attention,At risk,Test win-back
13622,2010-01-12 13:22:00,2010-01-12 13:22:00,1,658.95,658.95,696,696,False,,,True,False,1,1,3,5,Hibernating,Dormant,Low-cost reactivation
13623,2009-12-02 13:57:00,2011-11-09 12:00:00,10,2533.06,253.30599999999998,31,737,True,2010-01-21 13:21:00,49.0,True,True,4,5,4,13,Champions,Active repeat,Protect high-value active
13624,2010-11-16 13:43:00,2010-11-16 13:43:00,1,462.08,462.08,388,388,False,,,True,False,2,1,2,5,Hibernating,Dormant,Low-cost reactivation
13625,2010-04-22 10:50:00,2010-04-22 10:50:00,1,301.26,301.26,597,597,False,,,True,False,1,1,2,4,Hibernating,Dormant,Low-cost reactivation
13626,2010-11-25 16:12:00,2011-04-01 10:05:00,2,707.04,353.52,253,379,True,2011-04-01 10:05:00,126.0,True,False,2,2,3,7,Hibernating,Dormant,Low-cost reactivation
13627,2010-03-09 14:03:00,2011-10-11 14:20:00,7,2245.9,320.84285714285716,59,640,True,2010-08-08 14:32:00,152.0,True,False,4,4,4,12,Champions,Active repeat,Develop loyalty
13628,2010-02-01 14:44:00,2010-02-01 14:44:00,1,310.14,310.14,676,676,False,,,True,False,1,1,2,4,Hibernating,Dormant,Low-cost reactivation
13629,2010-02-11 17:34:00,2011-11-16 13:21:00,19,13370.86,703.7294736842106,23,666,True,2010-04-14 13:24:00,61.0,True,True,4,5,5,14,Champions,Active repeat,Protect high-value active
13630,2011-02-27 12:49:00,2011-12-04 15:16:00,7,2031.78,290.2542857142857,5,286,True,2011-04-08 15:49:00,40.0,True,True,5,4,4,13,Champions,Active repeat,Develop loyalty
13631,2011-03-17 17:13:00,2011-09-01 09:57:00,11,3070.42,279.1290909090909,100,267,True,2011-05-17 16:21:00,60.0,True,True,3,5,5,13,Loyal Customers,At risk,Win back high-value
13632,2010-04-07 10:59:00,2011-11-15 10:51:00,8,3645.81,455.72625,25,612,True,2010-05-12 15:02:00,35.0,True,True,4,4,5,13,Champions,Active repeat,Protect high-value active
13634,2010-01-10 14:26:00,2011-11-06 13:40:00,16,5033.77,314.610625,33,698,True,2010-01-17 14:07:00,6.0,True,True,4,5,5,14,Champions,Active repeat,Protect high-value active
13635,2009-12-01 09:46:00,2011-10-03 10:55:00,4,2999.16,749.79,68,739,True,2009-12-15 12:13:00,14.0,True,True,3,3,5,11,Needs Attention,Active repeat,Protect high-value active
13636,2011-02-27 14:29:00,2011-11-03 10:30:00,5,949.12,189.824,37,285,True,2011-03-24 09:50:00,24.0,True,True,4,4,3,11,Loyal Customers,Active repeat,Develop loyalty
13637,2011-04-27 13:06:00,2011-10-18 13:32:00,3,804.3,268.09999999999997,52,226,True,2011-06-05 13:24:00,39.0,True,True,4,3,3,10,Potential Loyalists,Active repeat,Develop loyalty
13638,2011-11-24 10:38:00,2011-11-24 10:38:00,1,122.64,122.64,16,16,False,,,False,False,5,1,1,7,New Customers,New,Drive second purchase
13639,2010-09-29 10:05:00,2011-09-26 13:36:00,2,1346.27,673.135,74,437,True,2011-09-26 13:36:00,362.0,True,False,3,2,4,9,Needs Attention,Active repeat,Develop loyalty
13640,2010-04-07 15:33:00,2010-04-07 15:33:00,1,405.0,405.0,611,611,False,,,True,False,1,1,2,4,Hibernating,Dormant,Low-cost reactivation
13641,2009-12-05 13:17:00,2010-03-09 07:37:00,5,1016.47,203.294,641,734,True,2009-12-16 12:24:00,10.0,True,True,1,4,3,8,At Risk,Dormant,Low-cost reactivation
13642,2010-10-03 12:23:00,2011-05-08 12:34:00,4,472.19999999999993,118.04999999999998,216,433,True,2010-10-03 12:29:00,0.0,True,True,2,3,2,7,At Risk,Dormant,Low-cost reactivation
13643,2009-12-08 12:48:00,2011-11-08 15:37:00,10,2156.77,215.677,31,732,True,2010-03-09 09:15:00,90.0,True,True,4,5,4,13,Champions,Active repeat,Develop loyalty
13644,2011-08-26 11:53:00,2011-11-23 14:07:00,4,2624.26,656.065,16,106,True,2011-09-27 10:27:00,31.0,True,True,5,3,4,12,Potential Loyalists,Active repeat,Protect high-value active
13645,2011-08-11 16:11:00,2011-08-11 16:11:00,1,252.1,252.1,120,120,False,,,True,False,3,1,1,5,Needs Attention,At risk,Test win-back
13646,2010-11-05 12:00:00,2010-11-05 12:13:00,2,326.25,163.125,400,400,True,2010-11-05 12:13:00,0.0,True,True,2,2,2,6,Hibernating,Dormant,Low-cost reactivation
13647,2010-04-15 12:55:00,2011-11-30 12:00:00,8,3041.6800000000003,380.21000000000004,10,603,True,2010-05-23 10:54:00,37.0,True,True,5,4,5,14,Champions,Active repeat,Protect high-value active
13648,2009-12-01 18:13:00,2010-11-04 14:46:00,8,1764.02,220.5025,400,738,True,2010-02-07 14:11:00,67.0,True,True,2,4,4,10,At Risk,Dormant,Low-cost reactivation
13649,2010-06-30 16:35:00,2011-03-28 11:51:00,6,1453.68,242.28,257,527,True,2010-07-15 12:36:00,14.0,True,True,2,4,4,10,At Risk,Dormant,Low-cost reactivation
13650,2010-01-26 08:44:00,2011-11-23 12:22:00,10,3288.0,328.8,17,683,True,2010-05-18 13:26:00,112.0,True,False,5,5,5,15,Champions,Active repeat,Protect high-value active
13651,2010-11-23 09:44:00,2011-11-04 14:59:00,3,226.85000000000002,75.61666666666667,35,382,True,2011-10-31 12:11:00,342.0,True,False,4,3,1,8,Potential Loyalists,Active repeat,Develop loyalty
13652,2010-02-25 17:37:00,2011-10-25 08:51:00,5,2262.05,452.41,46,652,True,2010-10-07 14:28:00,223.0,True,False,4,4,4,12,Champions,Active repeat,Protect high-value active
13653,2010-08-09 08:19:00,2010-08-09 08:19:00,1,152.2,152.2,488,488,False,,,True,False,1,1,1,3,Hibernating,Dormant,Low-cost reactivation
13654,2009-12-02 11:43:00,2011-10-27 16:24:00,11,6308.0,573.4545454545455,43,738,True,2010-03-03 16:21:00,91.0,True,False,4,5,5,14,Champions,Active repeat,Protect high-value active
13655,2010-04-27 09:59:00,2011-08-17 14:25:00,6,2280.51,380.08500000000004,114,592,True,2010-04-29 10:38:00,2.0,True,True,3,4,4,11,Loyal Customers,At risk,Win back high-value
13656,2010-04-23 12:50:00,2011-06-28 10:31:00,4,1078.85,269.7125,165,596,True,2010-07-28 10:48:00,95.0,True,False,3,3,3,9,Needs Attention,At risk,Test win-back
13657,2011-05-22 12:35:00,2011-11-29 12:32:00,2,382.14,191.07,11,202,True,2011-11-29 12:32:00,190.0,True,False,5,2,2,9,Potential Loyalists,Active repeat,Develop loyalty
13658,2010-02-05 13:17:00,2011-11-30 10:13:00,9,6025.5,669.5,10,672,True,2010-06-10 15:22:00,125.0,True,False,5,5,5,15,Champions,Active repeat,Protect high-value active
13659,2010-02-17 09:05:00,2011-05-18 12:37:00,12,4884.68,407.0566666666667,206,661,True,2010-03-11 10:52:00,22.0,True,True,2,5,5,12,At Risk,Dormant,Low-cost reactivation
13660,2010-11-04 16:10:00,2010-11-04 16:10:00,1,306.64,306.64,400,400,False,,,True,False,2,1,2,5,Hibernating,Dormant,Low-cost reactivation
13661,2010-04-15 14:58:00,2010-04-15 14:58:00,1,325.24,325.24,603,603,False,,,True,False,1,1,2,4,Hibernating,Dormant,Low-cost reactivation
13662,2010-02-19 13:21:00,2011-09-15 12:04:00,11,2233.61,203.05545454545455,86,658,True,2010-02-19 13:23:00,0.0,True,True,3,5,4,12,Loyal Customers,Active repeat,Develop loyalty
13663,2010-03-03 10:11:00,2011-06-13 15:44:00,5,2047.51,409.502,179,647,True,2010-10-13 14:57:00,224.0,True,False,3,4,4,11,Loyal Customers,At risk,Test win-back
13665,2010-07-23 13:29:00,2010-11-18 13:06:00,3,1711.6599999999999,570.5533333333333,386,504,True,2010-10-13 14:46:00,82.0,True,True,2,3,4,9,At Risk,Dormant,Low-cost reactivation
13666,2009-12-04 10:48:00,2011-10-10 15:39:00,5,127.9,25.580000000000002,60,736,True,2010-10-15 15:46:00,315.0,True,False,3,4,1,8,Loyal Customers,Active repeat,Develop loyalty
13667,2011-07-13 15:42:00,2011-07-13 15:42:00,1,299.05,299.05,149,149,False,,,True,False,3,1,2,6,Needs Attention,At risk,Test win-back
13668,2009-12-11 14:28:00,2011-12-07 12:11:00,35,12948.48,369.9565714285714,3,728,True,2010-01-20 12:06:00,39.0,True,True,5,5,5,15,Champions,Active repeat,Protect high-value active
13669,2010-10-28 15:05:00,2011-10-20 09:32:00,3,413.54999999999995,137.85,51,407,True,2011-07-13 11:44:00,257.0,True,False,4,3,2,9,Potential Loyalists,Active repeat,Develop loyalty
13670,2011-09-25 15:25:00,2011-09-25 15:25:00,1,349.7,349.7,75,75,False,,,False,False,3,1,2,6,Needs Attention,New,Drive second purchase
13671,2010-11-10 10:50:00,2010-11-10 10:50:00,1,172.6,172.6,395,395,False,,,True,False,2,1,1,4,Hibernating,Dormant,Low-cost reactivation
13672,2009-12-09 11:40:00,2011-02-11 13:53:00,3,419.9200000000001,139.97333333333336,301,731,True,2011-01-11 13:54:00,398.0,True,False,2,3,2,7,At Risk,Dormant,Low-cost reactivation
13673,2011-11-07 15:40:00,2011-11-21 12:11:00,2,387.44,193.72,19,32,True,2011-11-21 12:11:00,13.0,False,False,5,2,2,9,Potential Loyalists,Active repeat,Develop loyalty
13674,2010-10-03 10:41:00,2010-10-03 10:41:00,1,240.68,240.68,433,433,False,,,True,False,1,1,1,3,Hibernating,Dormant,Low-cost reactivation
13675,2011-02-28 12:14:00,2011-07-11 12:57:00,2,486.82000000000005,243.41000000000003,151,285,True,2011-07-11 12:57:00,133.0,True,False,3,2,2,7,Needs Attention,At risk,Test win-back
13676,2010-03-30 16:53:00,2010-06-18 17:30:00,2,243.90000000000003,121.95000000000002,539,619,True,2010-06-18 17:30:00,80.0,True,True,1,2,1,4,Hibernating,Dormant,Low-cost reactivation
13677,2010-07-07 17:25:00,2010-10-31 11:32:00,2,551.24,275.62,405,520,True,2010-10-31 11:32:00,115.0,True,False,2,2,2,6,Hibernating,Dormant,Low-cost reactivation
13678,2011-07-11 10:14:00,2011-07-11 10:14:00,1,232.6,232.6,152,152,False,,,True,False,3,1,1,5,Needs Attention,At risk,Test win-back
13679,2009-12-04 16:52:00,2010-08-03 12:13:00,3,281.26,93.75333333333333,494,735,True,2010-04-19 17:11:00,136.0,True,False,1,3,1,5,At Risk,Dormant,Low-cost reactivation
13680,2009-12-04 14:14:00,2011-12-08 13:47:00,12,11419.67,951.6391666666667,1,735,True,2009-12-09 13:44:00,4.0,True,True,5,5,5,15,Champions,Active repeat,Protect high-value active
13681,2011-07-07 15:21:00,2011-11-22 11:13:00,4,827.83,206.9575,18,155,True,2011-10-02 11:41:00,86.0,True,True,5,3,3,11,Potential Loyalists,Active repeat,Develop loyalty
13682,2011-06-05 14:06:00,2011-06-05 14:06:00,1,59.5,59.5,187,187,False,,,True,False,3,1,1,5,Needs Attention,Dormant,Low-cost reactivation
13683,2010-09-08 10:00:00,2010-09-08 10:00:00,1,258.6,258.6,458,458,False,,,True,False,1,1,1,3,Hibernating,Dormant,Low-cost reactivation
13684,2010-03-28 14:48:00,2011-02-27 10:13:00,4,594.88,148.72,286,621,True,2010-05-26 13:23:00,58.0,True,True,2,3,2,7,At Risk,Dormant,Low-cost reactivation
13685,2011-10-10 12:59:00,2011-12-07 11:41:00,7,3119.44,445.63428571428574,3,60,True,2011-10-17 10:17:00,6.0,False,False,5,4,5,14,Champions,Active repeat,Protect high-value active
13686,2010-11-03 13:44:00,2011-06-10 09:10:00,3,409.04,136.34666666666666,183,401,True,2010-11-24 14:44:00,21.0,True,True,3,3,2,8,Needs Attention,Dormant,Low-cost reactivation
13687,2010-09-27 16:30:00,2010-09-27 16:30:00,1,11880.84,11880.84,438,438,False,,,True,False,1,1,5,7,Hibernating,Dormant,Low-cost reactivation
13688,2010-03-14 14:11:00,2010-03-14 14:11:00,1,375.5,375.5,635,635,False,,,True,False,1,1,2,4,Hibernating,Dormant,Low-cost reactivation
13689,2010-09-21 10:27:00,2011-10-07 13:21:00,2,1259.5,629.75,63,445,True,2011-10-07 13:21:00,381.0,True,False,3,2,4,9,Needs Attention,Active repeat,Develop loyalty
13690,2011-10-11 15:03:00,2011-10-11 15:03:00,1,172.25,172.25,59,59,False,,,False,False,4,1,1,6,New Customers,New,Drive second purchase
13691,2010-11-08 17:34:00,2010-11-08 17:34:00,1,212.78,212.78,396,396,False,,,True,False,2,1,1,4,Hibernating,Dormant,Low-cost reactivation
13692,2010-10-15 13:28:00,2011-11-15 11:17:00,5,3114.4,622.88,25,420,True,2010-10-27 09:57:00,11.0,True,True,4,4,5,13,Champions,Active repeat,Protect high-value active
13693,2009-12-07 11:29:00,2010-11-30 18:21:00,9,2011.8200000000002,223.53555555555556,374,733,True,2009-12-10 10:42:00,2.0,True,True,2,5,4,11,At Risk,Dormant,Low-cost reactivation
13694,2009-12-04 15:26:00,2011-12-06 09:32:00,143,195640.69,1368.1167132867133,4,735,True,2009-12-04 15:27:00,0.0,True,True,5,5,5,15,Champions,Active repeat,Protect high-value active
13695,2010-05-11 11:07:00,2011-11-08 14:26:00,16,2770.73,173.170625,31,578,True,2011-03-25 11:31:00,318.0,True,False,4,5,4,13,Champions,Active repeat,Protect high-value active
13696,2010-02-11 14:17:00,2010-10-14 09:44:00,3,2020.4,673.4666666666667,422,666,True,2010-04-27 11:53:00,74.0,True,True,1,3,4,8,At Risk,Dormant,Low-cost reactivation
13697,2011-11-01 09:14:00,2011-11-01 09:14:00,1,151.29999999999998,151.29999999999998,39,39,False,,,False,False,4,1,1,6,New Customers,New,Drive second purchase
13698,2010-01-27 09:02:00,2010-04-22 11:52:00,2,451.73,225.865,597,682,True,2010-04-22 11:52:00,85.0,True,True,1,2,2,5,Hibernating,Dormant,Low-cost reactivation
13699,2010-06-07 13:03:00,2011-07-07 16:51:00,2,764.1500000000001,382.07500000000005,155,550,True,2011-07-07 16:51:00,395.0,True,False,3,2,3,8,Needs Attention,At risk,Test win-back
13700,2010-02-07 10:53:00,2011-11-13 13:00:00,13,2596.9700000000003,199.7669230769231,26,671,True,2010-02-09 16:01:00,2.0,True,True,4,5,4,13,Champions,Active repeat,Protect high-value active
13701,2010-09-19 12:39:00,2010-09-19 12:39:00,1,161.0,161.0,447,447,False,,,True,False,1,1,1,3,Hibernating,Dormant,Low-cost reactivation
13702,2010-09-20 11:40:00,2010-09-20 11:40:00,1,135.18,135.18,446,446,False,,,True,False,1,1,1,3,Hibernating,Dormant,Low-cost reactivation
13703,2010-10-20 13:11:00,2011-01-25 13:10:00,2,425.56,212.78,318,415,True,2011-01-25 13:10:00,96.0,True,False,2,2,2,6,Hibernating,Dormant,Low-cost reactivation
13704,2011-09-12 14:40:00,2011-12-04 15:13:00,9,2308.06,256.4511111111111,5,88,True,2011-09-13 15:41:00,1.0,False,False,5,5,4,14,Champions,Active repeat,Protect high-value active
13705,2010-03-25 17:19:00,2011-12-02 12:32:00,7,1717.19,245.31285714285715,8,624,True,2010-06-18 14:47:00,84.0,True,True,5,4,4,13,Champions,Active repeat,Develop loyalty
13706,2010-03-23 09:18:00,2011-02-10 09:21:00,2,631.1700000000001,315.58500000000004,303,627,True,2011-02-10 09:21:00,324.0,True,False,2,2,3,7,Hibernating,Dormant,Low-cost reactivation
13707,2010-06-21 11:57:00,2011-03-17 18:03:00,5,3365.8599999999997,673.1719999999999,267,537,True,2010-10-06 10:04:00,106.0,True,False,2,4,5,11,At Risk,Dormant,Low-cost reactivation
13708,2011-03-13 13:46:00,2011-03-13 13:46:00,1,285.33,285.33,271,271,False,,,True,False,2,1,1,4,Hibernating,Dormant,Low-cost reactivation
13709,2010-01-11 10:40:00,2011-12-06 10:28:00,18,7571.35,420.6305555555556,4,698,True,2010-03-31 10:49:00,79.0,True,True,5,5,5,15,Champions,Active repeat,Protect high-value active
13710,2010-04-06 12:54:00,2011-11-08 08:16:00,3,509.52,169.84,32,612,True,2010-10-12 10:22:00,188.0,True,False,4,3,2,9,Potential Loyalists,Active repeat,Develop loyalty
13711,2009-12-15 19:04:00,2011-05-05 10:31:00,9,1792.26,199.14,219,724,True,2010-01-07 18:34:00,22.0,True,True,2,5,4,11,At Risk,Dormant,Low-cost reactivation
13712,2010-04-08 11:16:00,2011-04-07 12:33:00,2,766.4200000000001,383.21000000000004,247,611,True,2011-04-07 12:33:00,364.0,True,False,2,2,3,7,Hibernating,Dormant,Low-cost reactivation
13713,2010-05-05 16:48:00,2010-10-27 16:18:00,3,740.76,246.92,408,583,True,2010-08-25 16:11:00,111.0,True,False,2,3,3,8,At Risk,Dormant,Low-cost reactivation
13714,2010-08-31 13:57:00,2010-08-31 13:57:00,1,161.35,161.35,465,465,False,,,True,False,1,1,1,3,Hibernating,Dormant,Low-cost reactivation
13715,2010-03-11 15:33:00,2011-03-03 19:21:00,17,8153.04,479.5905882352941,281,638,True,2010-04-28 14:53:00,47.0,True,True,2,5,5,12,At Risk,Dormant,Low-cost reactivation
13716,2011-03-15 13:49:00,2011-03-15 13:49:00,1,138.28,138.28,269,269,False,,,True,False,2,1,1,4,Hibernating,Dormant,Low-cost reactivation
13717,2010-08-11 09:40:00,2011-11-07 14:13:00,8,1763.3,220.4125,32,486,True,2010-09-08 16:17:00,28.0,True,True,4,4,4,12,Champions,Active repeat,Develop loyalty
13718,2011-02-17 11:58:00,2011-04-07 13:24:00,2,306.55,153.275,246,296,True,2011-04-07 13:24:00,49.0,True,True,2,2,2,6,Hibernating,Dormant,Low-cost reactivation
13719,2010-05-17 14:36:00,2011-11-24 15:26:00,11,2783.08,253.00727272727272,15,571,True,2010-06-01 16:06:00,15.0,True,True,5,5,4,14,Champions,Active repeat,Protect high-value active
13720,2011-03-30 09:17:00,2011-08-15 12:46:00,4,799.9,199.975,117,255,True,2011-04-15 15:17:00,16.0,True,True,3,3,3,9,Needs Attention,At risk,Test win-back
13721,2010-11-09 17:59:00,2011-11-03 14:05:00,2,741.54,370.77,36,395,True,2011-11-03 14:05:00,358.0,True,False,4,2,3,9,Potential Loyalists,Active repeat,Develop loyalty
13722,2010-03-03 14:13:00,2011-07-31 12:44:00,10,5635.41,563.5409999999999,132,646,True,2010-07-27 10:48:00,145.0,True,False,3,5,5,13,Loyal Customers,At risk,Win back high-value
13723,2010-04-07 14:32:00,2011-05-06 17:04:00,6,1194.08,199.01333333333332,217,611,True,2010-05-28 11:53:00,50.0,True,True,2,4,3,9,At Risk,Dormant,Low-cost reactivation
13724,2010-03-12 15:28:00,2010-03-12 15:28:00,1,213.01,213.01,637,637,False,,,True,False,1,1,1,3,Hibernating,Dormant,Low-cost reactivation
13725,2011-02-04 12:18:00,2011-10-21 10:03:00,8,1980.56,247.57,50,309,True,2011-02-07 15:14:00,3.0,True,True,4,4,4,12,Champions,Active repeat,Develop loyalty
13726,2011-08-31 11:06:00,2011-11-01 10:49:00,2,1079.66,539.83,39,101,True,2011-11-01 10:49:00,61.0,True,True,4,2,3,9,Potential Loyalists,Active repeat,Develop loyalty
13727,2009-12-09 13:25:00,2011-11-11 09:46:00,8,1074.15,134.26875,29,730,True,2010-01-07 11:47:00,28.0,True,True,4,4,3,11,Loyal Customers,Active repeat,Develop loyalty
13728,2009-12-09 17:13:00,2011-11-03 10:49:00,16,2855.17,178.448125,37,730,True,2010-01-08 11:13:00,29.0,True,True,4,5,4,13,Champions,Active repeat,Protect high-value active
13729,2010-01-24 14:57:00,2010-09-30 10:44:00,3,724.73,241.57666666666668,436,684,True,2010-09-27 10:50:00,245.0,True,False,1,3,3,7,At Risk,Dormant,Low-cost reactivation
13730,2011-07-01 12:47:00,2011-07-27 08:35:00,2,752.5999999999999,376.29999999999995,136,162,True,2011-07-27 08:35:00,25.0,True,True,3,2,3,8,Needs Attention,At risk,Test win-back
13731,2011-04-07 10:10:00,2011-05-04 14:33:00,2,610.59,305.295,219,247,True,2011-05-04 14:33:00,27.0,True,True,2,2,3,7,Hibernating,Dormant,Low-cost reactivation
13732,2011-11-11 15:49:00,2011-11-11 15:49:00,1,491.86,491.86,28,28,False,,,False,False,4,1,2,7,New Customers,New,Drive second purchase
13733,2009-12-04 15:28:00,2010-10-25 12:18:00,2,487.03000000000003,243.51500000000001,411,735,True,2010-10-25 12:18:00,324.0,True,False,1,2,2,5,Hibernating,Dormant,Low-cost reactivation
13734,2010-04-16 08:42:00,2010-07-19 12:04:00,4,6695.6900000000005,1673.9225000000001,509,603,True,2010-07-09 13:53:00,84.0,True,True,1,3,5,9,At Risk,Dormant,Low-cost reactivation
13735,2009-12-13 13:31:00,2011-11-15 11:14:00,13,9762.77,750.9823076923077,25,726,True,2010-01-21 13:33:00,39.0,True,True,4,5,5,14,Champions,Active repeat,Protect high-value active
13736,2009-12-06 12:07:00,2011-12-04 15:19:00,7,2752.4700000000003,393.21000000000004,5,734,True,2010-06-13 11:36:00,188.0,True,False,5,4,4,13,Champions,Active repeat,Protect high-value active
13737,2011-05-23 16:32:00,2011-05-23 16:32:00,1,339.59999999999997,339.59999999999997,200,200,False,,,True,False,2,1,2,5,Hibernating,Dormant,Low-cost reactivation
13738,2010-11-08 15:23:00,2010-11-08 15:23:00,1,434.78000000000003,434.78000000000003,396,396,False,,,True,False,2,1,2,5,Hibernating,Dormant,Low-cost reactivation
13739,2010-06-30 10:25:00,2011-11-21 13:35:00,2,292.2,146.1,18,528,True,2011-11-21 13:35:00,509.0,True,False,5,2,2,9,Potential Loyalists,Active repeat,Develop loyalty
13740,2009-12-02 12:22:00,2011-04-13 10:32:00,5,1582.77,316.554,241,738,True,2010-05-12 09:39:00,160.0,True,False,2,4,4,10,At Risk,Dormant,Low-cost reactivation
13741,2011-05-06 13:43:00,2011-09-29 09:19:00,3,668.4300000000001,222.81000000000003,72,217,True,2011-06-09 07:53:00,33.0,True,True,3,3,3,9,Needs Attention,Active repeat,Develop loyalty
13742,2011-01-23 14:59:00,2011-11-23 11:07:00,12,3107.87,258.9891666666667,17,320,True,2011-02-13 12:03:00,20.0,True,True,5,5,5,15,Champions,Active repeat,Protect high-value active
13743,2011-03-25 14:46:00,2011-12-07 10:09:00,7,1341.6,191.65714285714284,3,259,True,2011-05-06 14:32:00,41.0,True,True,5,4,4,13,Champions,Active repeat,Develop loyalty
13744,2011-02-20 14:08:00,2011-09-05 15:19:00,2,1080.52,540.26,95,292,True,2011-09-05 15:19:00,197.0,True,False,3,2,3,8,Needs Attention,At risk,Test win-back
13745,2010-06-11 17:19:00,2011-06-30 16:43:00,2,777.36,388.68,162,546,True,2011-06-30 16:43:00,383.0,True,False,3,2,3,8,Needs Attention,At risk,Test win-back
13746,2010-10-22 11:55:00,2010-10-22 11:55:00,1,176.69,176.69,414,414,False,,,True,False,1,1,1,3,Hibernating,Dormant,Low-cost reactivation
13747,2010-10-11 09:15:00,2010-12-01 10:37:00,2,169.79999999999998,84.89999999999999,374,425,True,2010-12-01 10:37:00,51.0,True,True,2,2,1,5,Hibernating,Dormant,Low-cost reactivation
13748,2009-12-01 16:44:00,2011-09-05 09:45:00,9,2064.35,229.3722222222222,96,738,True,2010-10-18 09:10:00,320.0,True,False,3,5,4,12,Loyal Customers,At risk,Test win-back
13750,2010-04-01 14:49:00,2011-10-17 12:16:00,11,3602.1800000000003,327.4709090909091,54,617,True,2010-05-06 11:22:00,34.0,True,True,4,5,5,14,Champions,Active repeat,Protect high-value active
13751,2011-02-24 15:56:00,2011-02-24 15:56:00,1,296.25,296.25,288,288,False,,,True,False,2,1,2,5,Hibernating,Dormant,Low-cost reactivation
13752,2010-06-30 10:23:00,2011-08-07 14:16:00,7,1579.8300000000002,225.69000000000003,124,528,True,2011-04-07 12:04:00,281.0,True,False,3,4,4,11,Loyal Customers,At risk,Test win-back
13753,2009-12-03 10:20:00,2011-02-25 12:48:00,4,2094.57,523.6425,288,737,True,2010-02-26 12:10:00,85.0,True,True,2,3,4,9,At Risk,Dormant,Low-cost reactivation
13754,2010-09-28 15:29:00,2011-07-11 11:51:00,3,447.05,149.01666666666668,152,437,True,2011-01-26 14:58:00,119.0,True,False,3,3,2,8,Needs Attention,At risk,Test win-back
13755,2011-10-07 15:45:00,2011-12-06 12:26:00,9,2108.06,234.2288888888889,4,63,True,2011-10-20 10:15:00,12.0,False,False,5,5,4,14,Champions,Active repeat,Develop loyalty
13756,2009-12-15 15:18:00,2011-12-07 16:44:00,23,8655.95,376.3456521739131,2,724,True,2010-01-20 16:00:00,36.0,True,True,5,5,5,15,Champions,Active repeat,Protect high-value active
13757,2010-02-03 12:37:00,2010-02-03 12:37:00,1,195.55,195.55,675,675,False,,,True,False,1,1,1,3,Hibernating,Dormant,Low-cost reactivation
13758,2009-12-01 10:06:00,2011-11-28 11:11:00,15,8698.13,579.8753333333333,12,739,True,2009-12-15 12:43:00,14.0,True,True,5,5,5,15,Champions,Active repeat,Protect high-value active
13759,2011-09-29 15:40:00,2011-11-06 14:47:00,2,659.4100000000001,329.70500000000004,33,71,True,2011-11-06 14:47:00,37.0,False,False,4,2,3,9,Potential Loyalists,Active repeat,Develop loyalty
13760,2010-04-25 13:10:00,2011-10-16 16:13:00,5,1363.6399999999999,272.72799999999995,54,593,True,2010-06-22 13:19:00,58.0,True,True,4,4,4,12,Champions,Active repeat,Develop loyalty
13761,2010-02-21 11:08:00,2011-10-20 14:01:00,6,1952.17,325.3616666666667,50,657,True,2010-05-14 09:36:00,81.0,True,True,4,4,4,12,Champions,Active repeat,Develop loyalty
13762,2010-01-10 12:13:00,2011-05-05 09:15:00,5,2472.48,494.496,219,699,True,2010-02-28 11:54:00,48.0,True,True,2,4,4,10,At Risk,Dormant,Low-cost reactivation
13763,2010-09-30 17:39:00,2011-10-07 15:13:00,3,5217.4400000000005,1739.1466666666668,63,435,True,2010-10-18 13:25:00,17.0,True,True,3,3,5,11,Needs Attention,Active repeat,Protect high-value active
13764,2010-03-07 12:56:00,2011-09-30 12:03:00,6,2919.62,486.6033333333333,71,642,True,2010-03-07 13:08:00,0.0,True,True,3,4,5,12,Loyal Customers,Active repeat,Protect high-value active
13765,2010-02-24 13:46:00,2010-02-24 13:46:00,1,352.821,352.821,653,653,False,,,True,False,1,1,2,4,Hibernating,Dormant,Low-cost reactivation
13766,2010-08-01 14:25:00,2010-08-01 14:25:00,1,190.35,190.35,495,495,False,,,True,False,1,1,1,3,Hibernating,Dormant,Low-cost reactivation
13767,2009-12-01 10:52:00,2011-12-07 15:00:00,73,33903.57,464.43246575342465,2,739,True,2009-12-07 16:17:00,6.0,True,True,5,5,5,15,Champions,Active repeat,Protect high-value active
13768,2009-12-09 10:25:00,2009-12-13 10:41:00,2,875.97,437.985,727,731,True,2009-12-13 10:41:00,4.0,True,True,1,2,3,6,Hibernating,Dormant,Low-cost reactivation
13769,2009-12-16 11:59:00,2011-12-07 15:08:00,20,5478.12,273.906,2,724,True,2010-02-19 10:41:00,64.0,True,True,5,5,5,15,Champions,Active repeat,Protect high-value active
13770,2009-12-09 14:44:00,2010-10-13 15:10:00,4,785.37,196.3425,422,730,True,2010-03-04 10:41:00,84.0,True,True,1,3,3,7,At Risk,Dormant,Low-cost reactivation
13771,2010-02-25 12:37:00,2011-10-06 14:18:00,9,5728.82,636.5355555555556,64,653,True,2010-05-27 12:15:00,90.0,True,True,3,5,5,13,Loyal Customers,Active repeat,Protect high-value active
13772,2010-02-23 13:55:00,2011-11-06 11:43:00,8,3100.02,387.5025,34,654,True,2010-05-06 11:49:00,71.0,True,True,4,4,5,13,Champions,Active repeat,Protect high-value active
13773,2010-02-18 10:27:00,2010-11-08 11:49:00,2,301.54,150.77,397,660,True,2010-11-08 11:49:00,263.0,True,False,2,2,2,6,Hibernating,Dormant,Low-cost reactivation
13774,2011-09-19 12:06:00,2011-09-19 12:06:00,1,345.0,345.0,82,82,False,,,False,False,3,1,2,6,Needs Attention,New,Drive second purchase
13775,2010-04-28 12:15:00,2010-04-28 12:15:00,1,1049.66,1049.66,591,591,False,,,True,False,1,1,3,5,Hibernating,Dormant,Low-cost reactivation
13776,2010-10-07 16:07:00,2010-10-07 16:11:00,2,623.98,311.99,428,428,True,2010-10-07 16:11:00,0.0,True,True,1,2,3,6,Hibernating,Dormant,Low-cost reactivation
13777,2009-12-02 09:47:00,2011-12-09 12:25:00,61,49638.26,813.7419672131148,1,738,True,2009-12-02 09:49:00,0.0,True,True,5,5,5,15,Champions,Active repeat,Protect high-value active
13778,2010-05-23 13:34:00,2011-08-28 15:25:00,4,1124.49,281.1225,103,565,True,2010-06-24 12:13:00,31.0,True,True,3,3,3,9,Needs Attention,At risk,Test win-back
13779,2010-07-12 11:24:00,2010-07-12 11:24:00,1,161.13,161.13,516,516,False,,,True,False,1,1,1,3,Hibernating,Dormant,Low-cost reactivation
13780,2010-10-28 19:51:00,2011-12-02 13:49:00,3,732.07,244.02333333333334,7,407,True,2011-06-22 11:43:00,236.0,True,False,5,3,3,11,Potential Loyalists,Active repeat,Develop loyalty
13781,2009-12-18 15:46:00,2011-04-03 12:08:00,3,778.83,259.61,251,721,True,2010-04-26 14:30:00,128.0,True,False,2,3,3,8,At Risk,Dormant,Low-cost reactivation
13782,2009-12-06 12:52:00,2011-11-27 11:54:00,13,1786.08,137.39076923076922,13,733,True,2010-01-17 13:29:00,42.0,True,True,5,5,4,14,Champions,Active repeat,Develop loyalty
13783,2010-02-04 13:47:00,2010-08-09 09:23:00,4,1542.09,385.5225,488,673,True,2010-03-10 11:21:00,33.0,True,True,1,3,4,8,At Risk,Dormant,Low-cost reactivation
13784,2010-09-15 12:27:00,2011-11-30 09:33:00,14,2910.23,207.87357142857144,10,451,True,2010-09-26 11:50:00,10.0,True,True,5,5,5,15,Champions,Active repeat,Protect high-value active
13785,2010-09-05 16:01:00,2010-10-07 09:25:00,4,542.49,135.6225,429,460,True,2010-09-06 10:37:00,0.0,True,True,1,3,2,6,At Risk,Dormant,Low-cost reactivation
13786,2009-12-03 15:32:00,2010-12-07 13:53:00,6,3127.99,521.3316666666666,367,736,True,2010-03-15 16:36:00,102.0,True,False,2,4,5,11,At Risk,Dormant,Low-cost reactivation
13787,2010-01-14 10:13:00,2011-09-25 12:06:00,6,1222.5,203.75,76,695,True,2010-02-22 11:42:00,39.0,True,True,3,4,4,11,Loyal Customers,Active repeat,Develop loyalty
13788,2010-07-22 15:50:00,2010-07-22 15:50:00,1,3.75,3.75,505,505,False,,,True,False,1,1,1,3,Hibernating,Dormant,Low-cost reactivation
13789,2010-11-16 15:31:00,2010-11-16 15:31:00,1,239.45999999999998,239.45999999999998,388,388,False,,,True,False,2,1,1,4,Hibernating,Dormant,Low-cost reactivation
13790,2011-12-05 15:48:00,2011-12-05 15:48:00,1,348.8,348.8,4,4,False,,,False,False,5,1,2,8,New Customers,New,Drive second purchase
13791,2011-06-24 16:38:00,2011-08-04 11:44:00,2,1516.0,758.0,128,168,True,2011-08-04 11:44:00,40.0,True,True,3,2,4,9,Needs Attention,At risk,Test win-back
13792,2010-10-13 11:05:00,2011-10-04 14:31:00,3,383.95000000000005,127.98333333333335,66,423,True,2011-02-25 14:03:00,135.0,True,False,3,3,2,8,Needs Attention,Active repeat,Develop loyalty
13793,2010-03-03 08:25:00,2010-03-03 08:25:00,1,96.0,96.0,647,647,False,,,True,False,1,1,1,3,Hibernating,Dormant,Low-cost reactivation
13794,2010-06-11 12:30:00,2010-06-11 12:30:00,1,126.03,126.03,547,547,False,,,True,False,1,1,1,3,Hibernating,Dormant,Low-cost reactivation
13795,2010-03-12 12:44:00,2010-11-16 17:25:00,4,836.3,209.075,388,638,True,2010-07-21 11:39:00,130.0,True,False,2,3,3,8,At Risk,Dormant,Low-cost reactivation
13796,2010-07-28 14:45:00,2010-07-28 14:45:00,1,289.7,289.7,499,499,False,,,True,False,1,1,2,4,Hibernating,Dormant,Low-cost reactivation
13797,2010-03-02 12:17:00,2010-09-29 10:34:00,3,1179.45,393.15000000000003,437,648,True,2010-05-20 12:53:00,79.0,True,True,1,3,3,7,At Risk,Dormant,Low-cost reactivation
13798,2009-12-08 16:21:00,2011-12-08 15:51:00,110,75428.87,685.717,1,731,True,2009-12-15 15:16:00,6.0,True,True,5,5,5,15,Champions,Active repeat,Protect high-value active
13799,2010-03-05 16:39:00,2011-08-15 12:07:00,9,2803.57,311.5077777777778,117,644,True,2010-04-11 12:05:00,36.0,True,True,3,5,4,12,Loyal Customers,At risk,Win back high-value
13800,2009-12-03 10:03:00,2011-02-03 12:27:00,3,1679.56,559.8533333333334,310,737,True,2010-10-05 14:19:00,306.0,True,False,2,3,4,9,At Risk,Dormant,Low-cost reactivation
13801,2011-10-04 10:15:00,2011-10-04 10:15:00,1,324.8,324.8,67,67,False,,,False,False,3,1,2,6,Needs Attention,New,Drive second purchase
13802,2010-02-16 10:11:00,2011-07-24 10:54:00,19,26259.11,1382.0584210526315,139,662,True,2010-03-14 12:01:00,26.0,True,True,3,5,5,13,Loyal Customers,At risk,Win back high-value
13803,2010-03-31 10:00:00,2011-03-29 12:57:00,3,1338.9099999999999,446.3033333333333,255,619,True,2010-10-04 10:52:00,187.0,True,False,2,3,4,9,At Risk,Dormant,Low-cost reactivation
13804,2010-09-29 10:26:00,2011-11-09 12:32:00,9,3161.12,351.23555555555555,31,437,True,2010-09-30 16:20:00,1.0,True,True,4,5,5,14,Champions,Active repeat,Protect high-value active
13805,2011-08-02 15:29:00,2011-10-18 14:50:00,2,924.6,462.3,52,129,True,2011-10-18 14:50:00,76.0,True,True,4,2,3,9,Potential Loyalists,Active repeat,Develop loyalty
13806,2011-10-07 11:43:00,2011-10-07 11:43:00,1,256.38,256.38,64,64,False,,,False,False,3,1,1,5,Needs Attention,New,Drive second purchase
13807,2009-12-04 12:41:00,2010-12-07 15:48:00,3,422.2,140.73333333333332,367,736,True,2010-05-14 14:53:00,161.0,True,False,2,3,2,7,At Risk,Dormant,Low-cost reactivation
13808,2011-09-04 12:07:00,2011-12-04 12:18:00,5,1747.66,349.53200000000004,6,97,True,2011-09-07 12:10:00,3.0,True,True,5,4,4,13,Champions,Active repeat,Develop loyalty
13809,2010-09-05 11:42:00,2011-02-07 13:15:00,3,679.7,226.5666666666667,305,461,True,2010-11-10 09:35:00,65.0,True,True,2,3,3,8,At Risk,Dormant,Low-cost reactivation
13810,2011-10-14 12:57:00,2011-11-11 08:33:00,3,1499.01,499.67,29,56,True,2011-10-14 13:36:00,0.0,False,False,4,3,4,11,Potential Loyalists,Active repeat,Develop loyalty
13811,2011-04-14 18:40:00,2011-06-09 09:54:00,3,814.5,271.5,184,239,True,2011-04-18 10:28:00,3.0,True,True,3,3,3,9,Needs Attention,Dormant,Low-cost reactivation
13812,2011-08-26 12:54:00,2011-10-28 14:27:00,3,539.0,179.66666666666666,42,105,True,2011-10-06 14:37:00,41.0,True,True,4,3,2,9,Potential Loyalists,Active repeat,Develop loyalty
13813,2009-12-06 10:16:00,2011-10-31 10:38:00,8,2765.4700000000003,345.68375000000003,40,734,True,2010-02-10 13:04:00,66.0,True,True,4,4,4,12,Champions,Active repeat,Protect high-value active
13814,2010-06-30 14:12:00,2011-09-08 13:48:00,3,2257.32,752.44,92,527,True,2011-07-25 13:54:00,389.0,True,False,3,3,4,10,Needs Attention,At risk,Win back high-value
13815,2010-02-12 10:26:00,2011-11-17 14:19:00,8,7475.74,934.4675,22,666,True,2010-06-07 09:37:00,114.0,True,False,4,4,5,13,Champions,Active repeat,Protect high-value active
13816,2011-10-06 14:37:00,2011-11-16 08:38:00,2,571.6700000000001,285.83500000000004,24,64,True,2011-11-16 08:38:00,40.0,False,False,4,2,2,8,Potential Loyalists,Active repeat,Develop loyalty
13817,2010-12-23 11:46:00,2011-11-10 17:49:00,2,382.98,191.49,29,352,True,2011-11-10 17:49:00,322.0,True,False,4,2,2,8,Potential Loyalists,Active repeat,Develop loyalty
13818,2010-10-06 12:35:00,2010-10-06 12:35:00,1,61.28,61.28,430,430,False,,,True,False,1,1,1,3,Hibernating,Dormant,Low-cost reactivation
13819,2009-12-01 16:18:00,2011-02-11 10:38:00,6,2642.35,440.39166666666665,302,738,True,2009-12-11 14:33:00,9.0,True,True,2,4,4,10,At Risk,Dormant,Low-cost reactivation
13820,2010-01-28 12:26:00,2010-10-17 13:46:00,3,652.75,217.58333333333334,418,681,True,2010-03-03 11:57:00,33.0,True,True,1,3,3,7,At Risk,Dormant,Low-cost reactivation
13821,2010-01-04 13:36:00,2011-07-18 09:49:00,6,1379.08,229.84666666666666,145,704,True,2010-01-07 12:37:00,2.0,True,True,3,4,4,11,Loyal Customers,At risk,Test win-back
13822,2011-10-30 15:55:00,2011-12-04 12:13:00,2,632.0,316.0,6,40,True,2011-12-04 12:13:00,34.0,False,False,5,2,3,10,Potential Loyalists,Active repeat,Develop loyalty
13823,2009-12-15 14:34:00,2011-11-21 10:22:00,7,3403.45,486.20714285714286,19,724,True,2010-02-05 09:49:00,51.0,True,True,5,4,5,14,Champions,Active repeat,Protect high-value active
13824,2010-03-12 15:17:00,2011-11-07 12:41:00,12,3314.76,276.23,33,637,True,2010-04-29 12:30:00,47.0,True,True,4,5,5,14,Champions,Active repeat,Protect high-value active
13825,2009-12-09 14:30:00,2010-03-28 11:02:00,2,255.59000000000003,127.79500000000002,622,730,True,2010-03-28 11:02:00,108.0,True,False,1,2,1,4,Hibernating,Dormant,Low-cost reactivation
13826,2011-06-16 13:48:00,2011-06-16 13:48:00,1,189.5,189.5,176,176,False,,,True,False,3,1,1,5,Needs Attention,At risk,Test win-back
13827,2011-07-19 15:38:00,2011-10-13 12:38:00,3,409.8,136.6,58,143,True,2011-07-29 11:45:00,9.0,True,True,4,3,2,9,Potential Loyalists,Active repeat,Develop loyalty
13828,2011-11-17 16:02:00,2011-11-17 16:02:00,1,209.49,209.49,22,22,False,,,False,False,4,1,1,6,New Customers,New,Drive second purchase
13829,2010-10-14 18:19:00,2010-10-14 18:19:00,1,102.0,102.0,421,421,False,,,True,False,1,1,1,3,Hibernating,Dormant,Low-cost reactivation
13830,2010-05-07 12:24:00,2010-05-07 12:24:00,1,156.85000000000002,156.85000000000002,582,582,False,,,True,False,1,1,1,3,Hibernating,Dormant,Low-cost reactivation
13831,2009-12-10 14:50:00,2011-11-23 15:41:00,18,6585.54,365.86333333333334,16,729,True,2009-12-16 12:41:00,5.0,True,True,5,5,5,15,Champions,Active repeat,Protect high-value active
13832,2010-10-13 14:41:00,2011-11-20 15:36:00,2,609.89,304.945,19,422,True,2011-11-20 15:36:00,403.0,True,False,5,2,3,10,Potential Loyalists,Active repeat,Develop loyalty
13833,2010-10-31 14:11:00,2011-07-03 13:27:00,2,700.4100000000001,350.20500000000004,159,404,True,2011-07-03 13:27:00,244.0,True,False,3,2,3,8,Needs Attention,At risk,Test win-back
13834,2010-02-08 12:52:00,2010-05-12 10:27:00,2,324.19,162.095,577,669,True,2010-05-12 10:27:00,92.0,True,False,1,2,2,5,Hibernating,Dormant,Low-cost reactivation
13835,2010-03-04 08:26:00,2011-11-14 15:37:00,7,1095.27,156.46714285714285,25,646,True,2010-03-24 12:32:00,20.0,True,True,4,4,3,11,Loyal Customers,Active repeat,Develop loyalty
13836,2010-10-21 13:27:00,2010-11-05 13:31:00,2,620.37,310.185,399,414,True,2010-11-05 13:31:00,15.0,True,True,2,2,3,7,Hibernating,Dormant,Low-cost reactivation
13837,2011-01-26 12:15:00,2011-05-12 12:10:00,2,266.59000000000003,133.29500000000002,212,318,True,2011-05-12 12:10:00,105.0,True,False,2,2,1,5,Hibernating,Dormant,Low-cost reactivation
13838,2010-05-09 11:40:00,2011-12-04 11:00:00,10,1690.07,169.007,6,580,True,2010-10-03 12:07:00,147.0,True,False,5,5,4,14,Champions,Active repeat,Develop loyalty
13839,2010-08-10 13:52:00,2010-08-10 13:52:00,1,139.95000000000002,139.95000000000002,486,486,False,,,True,False,1,1,1,3,Hibernating,Dormant,Low-cost reactivation
13840,2010-10-19 13:34:00,2010-10-19 13:34:00,1,651.4,651.4,416,416,False,,,True,False,1,1,3,5,Hibernating,Dormant,Low-cost reactivation
13841,2011-04-01 12:10:00,2011-04-01 12:10:00,1,85.0,85.0,253,253,False,,,True,False,2,1,1,4,Hibernating,Dormant,Low-cost reactivation
13842,2010-02-16 15:54:00,2011-10-12 10:51:00,18,5319.34,295.5188888888889,59,661,True,2010-02-16 15:55:00,0.0,True,True,4,5,5,14,Champions,Active repeat,Protect high-value active
13843,2010-11-23 17:48:00,2010-11-23 17:48:00,1,319.75,319.75,381,381,False,,,True,False,2,1,2,5,Hibernating,Dormant,Low-cost reactivation
13844,2011-11-28 13:21:00,2011-11-28 13:21:00,1,361.62,361.62,11,11,False,,,False,False,5,1,2,8,New Customers,New,Drive second purchase
13845,2011-10-06 08:25:00,2011-10-06 08:25:00,1,312.98,312.98,65,65,False,,,False,False,3,1,2,6,Needs Attention,New,Drive second purchase
13846,2010-11-05 09:47:00,2011-11-15 12:07:00,4,1307.79,326.9475,25,400,True,2010-12-14 16:07:00,39.0,True,True,4,3,4,11,Potential Loyalists,Active repeat,Develop loyalty
13847,2009-12-20 10:41:00,2009-12-20 10:41:00,1,310.72,310.72,720,720,False,,,True,False,1,1,2,4,Hibernating,Dormant,Low-cost reactivation
13848,2009-12-09 16:17:00,2011-09-08 12:58:00,8,3015.0,376.875,92,730,True,2010-03-21 12:01:00,101.0,True,False,3,4,5,12,Loyal Customers,At risk,Win back high-value
13849,2010-03-25 12:03:00,2011-10-19 10:59:00,5,3469.2999999999997,693.8599999999999,52,625,True,2010-10-01 14:57:00,190.0,True,False,4,4,5,13,Champions,Active repeat,Protect high-value active
13850,2011-08-02 14:04:00,2011-08-02 14:04:00,1,1595.48,1595.48,129,129,False,,,True,False,3,1,4,8,Needs Attention,At risk,Test win-back
13851,2010-01-29 11:54:00,2011-09-05 12:36:00,8,4606.46,575.8075,96,680,True,2010-09-24 09:41:00,237.0,True,False,3,4,5,12,Loyal Customers,At risk,Win back high-value
13852,2010-04-08 09:06:00,2010-04-08 09:06:00,1,187.35000000000002,187.35000000000002,611,611,False,,,True,False,1,1,1,3,Hibernating,Dormant,Low-cost reactivation
13853,2011-10-13 14:18:00,2011-10-13 14:18:00,1,1090.14,1090.14,57,57,False,,,False,False,4,1,3,8,New Customers,New,Drive second purchase
13854,2010-01-08 11:28:00,2011-12-01 09:06:00,39,11944.56,306.2707692307692,9,701,True,2010-02-02 12:03:00,25.0,True,True,5,5,5,15,Champions,Active repeat,Protect high-value active
13855,2009-12-08 16:56:00,2010-07-27 09:53:00,4,1310.3400000000001,327.58500000000004,501,731,True,2009-12-18 14:54:00,9.0,True,True,1,3,4,8,At Risk,Dormant,Low-cost reactivation
13856,2010-03-30 15:40:00,2011-06-24 10:03:00,11,1142.03,103.82090909090908,169,619,True,2010-04-20 11:57:00,20.0,True,True,3,5,3,11,Loyal Customers,At risk,Test win-back
13857,2010-05-17 14:21:00,2010-11-11 12:54:00,6,1001.01,166.835,393,571,True,2010-08-08 12:16:00,82.0,True,True,2,4,3,9,At Risk,Dormant,Low-cost reactivation
13858,2011-10-13 16:17:00,2011-10-13 16:17:00,1,216.17,216.17,57,57,False,,,False,False,4,1,1,6,New Customers,New,Drive second purchase
13859,2010-06-28 15:36:00,2011-01-17 16:14:00,2,515.86,257.93,326,529,True,2011-01-17 16:14:00,203.0,True,False,2,2,2,6,Hibernating,Dormant,Low-cost reactivation
13860,2011-09-14 09:27:00,2011-12-08 12:57:00,5,1245.9,249.18,1,87,True,2011-10-18 14:34:00,34.0,False,False,5,4,4,13,Champions,Active repeat,Develop loyalty
13861,2010-06-27 11:37:00,2010-10-06 14:20:00,2,273.26,136.63,429,531,True,2010-10-06 14:20:00,101.0,True,False,1,2,1,4,Hibernating,Dormant,Low-cost reactivation
13862,2010-11-15 13:43:00,2011-11-21 16:24:00,9,2556.09,284.01,18,389,True,2011-01-11 15:13:00,57.0,True,True,5,5,4,14,Champions,Active repeat,Protect high-value active
13863,2010-04-25 13:09:00,2011-04-06 10:20:00,4,1239.55,309.8875,248,593,True,2010-06-15 13:12:00,51.0,True,True,2,3,4,9,At Risk,Dormant,Low-cost reactivation
13864,2010-11-18 12:50:00,2010-11-18 12:50:00,1,662.4000000000001,662.4000000000001,387,387,False,,,True,False,2,1,3,6,Hibernating,Dormant,Low-cost reactivation
13865,2011-02-23 12:04:00,2011-10-12 13:31:00,4,501.56,125.39,58,290,True,2011-06-06 08:04:00,102.0,True,False,4,3,2,9,Potential Loyalists,Active repeat,Develop loyalty
13866,2011-09-26 14:54:00,2011-09-26 14:54:00,1,145.67000000000002,145.67000000000002,74,74,False,,,False,False,3,1,1,5,Needs Attention,New,Drive second purchase
13867,2011-05-05 17:28:00,2011-11-08 15:48:00,3,1005.0900000000001,335.03000000000003,31,218,True,2011-09-26 12:23:00,143.0,True,False,4,3,3,10,Potential Loyalists,Active repeat,Develop loyalty
13868,2011-11-01 12:45:00,2011-12-02 16:32:00,2,3192.54,1596.27,7,39,True,2011-12-02 16:32:00,31.0,False,False,5,2,5,12,Potential Loyalists,Active repeat,Protect high-value active
13869,2010-01-17 14:53:00,2011-08-08 13:53:00,10,7996.870000000001,799.6870000000001,123,691,True,2010-03-23 14:22:00,64.0,True,True,3,5,5,13,Loyal Customers,At risk,Win back high-value
13870,2010-02-08 12:08:00,2011-12-07 13:23:00,15,5712.08,380.80533333333335,2,670,True,2010-05-06 16:50:00,87.0,True,True,5,5,5,15,Champions,Active repeat,Protect high-value active
13871,2009-12-20 13:09:00,2011-11-17 10:49:00,17,7885.85,463.8735294117647,23,719,True,2010-03-28 10:51:00,97.0,True,False,4,5,5,14,Champions,Active repeat,Protect high-value active
13872,2009-12-14 09:56:00,2010-06-30 15:35:00,3,919.5699999999999,306.5233333333333,527,726,True,2010-03-23 13:34:00,99.0,True,False,1,3,3,7,At Risk,Dormant,Low-cost reactivation
13873,2010-03-03 12:31:00,2011-08-12 10:08:00,8,1038.92,129.865,120,647,True,2010-05-14 12:17:00,71.0,True,True,3,4,3,10,Loyal Customers,At risk,Test win-back
13874,2010-02-04 18:39:00,2010-12-16 18:20:00,7,2049.15,292.7357142857143,358,673,True,2010-03-09 12:25:00,32.0,True,True,2,4,4,10,At Risk,Dormant,Low-cost reactivation
13875,2009-12-17 10:30:00,2011-10-17 09:36:00,14,4814.37,343.88357142857143,54,723,True,2010-02-04 10:37:00,49.0,True,True,4,5,5,14,Champions,Active repeat,Protect high-value active
13876,2011-10-07 10:22:00,2011-10-07 10:22:00,1,122.7,122.7,64,64,False,,,False,False,3,1,1,5,Needs Attention,New,Drive second purchase
13877,2010-01-19 10:53:00,2011-09-14 15:49:00,3,449.68,149.89333333333335,86,690,True,2010-08-26 17:19:00,219.0,True,False,3,3,2,8,Needs Attention,Active repeat,Develop loyalty
13878,2010-04-14 13:50:00,2011-10-16 12:19:00,4,2416.8999999999996,604.2249999999999,55,604,True,2010-05-13 12:07:00,28.0,True,True,4,3,4,11,Potential Loyalists,Active repeat,Protect high-value active
13879,2010-03-04 10:49:00,2010-03-04 10:49:00,1,395.5,395.5,646,646,False,,,True,False,1,1,2,4,Hibernating,Dormant,Low-cost reactivation
13880,2010-05-26 14:29:00,2011-11-18 13:44:00,17,4293.86,252.57999999999998,21,562,True,2010-08-10 15:31:00,76.0,True,True,4,5,5,14,Champions,Active repeat,Protect high-value active
13881,2010-03-04 14:41:00,2011-12-06 12:50:00,43,45179.1,1050.6767441860466,4,645,True,2010-03-19 10:44:00,14.0,True,True,5,5,5,15,Champions,Active repeat,Protect high-value active
13882,2011-10-06 15:28:00,2011-12-07 11:16:00,5,1191.13,238.22600000000003,3,64,True,2011-10-27 12:53:00,20.0,False,False,5,4,3,12,Loyal Customers,Active repeat,Develop loyalty
13883,2009-12-08 17:26:00,2011-11-29 10:45:00,15,6560.02,437.3346666666667,11,731,True,2010-02-28 12:53:00,81.0,True,True,5,5,5,15,Champions,Active repeat,Protect high-value active
13884,2010-08-26 19:57:00,2011-12-02 16:30:00,10,1825.03,182.503,7,470,True,2010-11-07 16:19:00,72.0,True,True,5,5,4,14,Champions,Active repeat,Develop loyalty
13885,2011-05-23 08:52:00,2011-06-03 15:07:00,2,506.79999999999995,253.39999999999998,189,201,True,2011-06-03 15:07:00,11.0,True,True,3,2,2,7,Needs Attention,Dormant,Low-cost reactivation
13886,2011-09-29 13:17:00,2011-09-29 13:17:00,1,243.56,243.56,71,71,False,,,False,False,3,1,1,5,Needs Attention,New,Drive second purchase
13887,2011-05-19 17:22:00,2011-05-19 17:22:00,1,349.55,349.55,204,204,False,,,True,False,2,1,2,5,Hibernating,Dormant,Low-cost reactivation
13888,2010-05-13 11:57:00,2011-08-12 10:13:00,7,2001.5900000000001,285.9414285714286,120,576,True,2010-05-13 11:57:00,0.0,True,True,3,4,4,11,Loyal Customers,At risk,Test win-back
13889,2010-01-22 14:32:00,2011-09-08 09:13:00,6,1991.23,331.87166666666667,93,686,True,2010-02-26 13:28:00,34.0,True,True,3,4,4,11,Loyal Customers,At risk,Test win-back
13890,2009-12-06 15:15:00,2011-12-08 15:36:00,14,2927.38,209.09857142857143,1,733,True,2010-03-03 16:33:00,87.0,True,True,5,5,5,15,Champions,Active repeat,Protect high-value active
13891,2010-05-06 16:02:00,2010-11-26 15:57:00,3,859.21,286.40333333333336,378,582,True,2010-10-21 13:23:00,167.0,True,False,2,3,3,8,At Risk,Dormant,Low-cost reactivation
13892,2010-05-13 10:32:00,2011-11-13 11:50:00,6,1267.6499999999999,211.27499999999998,27,576,True,2010-08-19 09:07:00,97.0,True,False,4,4,4,12,Champions,Active repeat,Develop loyalty
13893,2011-02-15 11:30:00,2011-02-15 11:30:00,1,821.1,821.1,298,298,False,,,True,False,2,1,3,6,Hibernating,Dormant,Low-cost reactivation
13894,2011-02-02 12:54:00,2011-11-16 09:44:00,3,564.62,188.20666666666668,24,310,True,2011-11-16 09:43:00,286.0,True,False,4,3,2,9,Potential Loyalists,Active repeat,Develop loyalty
13895,2009-12-03 13:09:00,2011-11-11 16:57:00,6,4008.52,668.0866666666667,28,736,True,2010-07-12 10:46:00,220.0,True,False,4,4,5,13,Champions,Active repeat,Protect high-value active
13896,2010-03-24 08:55:00,2010-03-24 08:55:00,1,388.55,388.55,626,626,False,,,True,False,1,1,2,4,Hibernating,Dormant,Low-cost reactivation
13897,2010-01-31 13:48:00,2011-10-20 14:30:00,3,1160.72,386.9066666666667,50,677,True,2010-09-27 13:36:00,238.0,True,False,4,3,3,10,Potential Loyalists,Active repeat,Develop loyalty
13898,2010-10-24 15:42:00,2011-01-18 10:28:00,2,686.4000000000001,343.20000000000005,326,411,True,2011-01-18 10:28:00,85.0,True,True,2,2,3,7,Hibernating,Dormant,Low-cost reactivation
13899,2011-03-10 09:30:00,2011-11-23 13:40:00,2,388.52,194.26,16,275,True,2011-11-23 13:40:00,258.0,True,False,5,2,2,9,Potential Loyalists,Active repeat,Develop loyalty
13900,2010-03-25 13:46:00,2011-06-09 19:26:00,6,1610.5900000000001,268.4316666666667,183,624,True,2010-07-23 14:38:00,120.0,True,False,3,4,4,11,Loyal Customers,Dormant,Low-cost reactivation
13901,2010-01-05 09:29:00,2011-09-28 14:48:00,15,5676.34,378.42266666666666,72,704,True,2010-02-17 09:53:00,43.0,True,True,3,5,5,13,Loyal Customers,Active repeat,Protect high-value active
13902,2009-12-15 10:02:00,2010-03-17 13:09:00,5,34095.259999999995,6819.051999999999,632,725,True,2010-01-21 15:11:00,37.0,True,True,1,4,5,10,At Risk,Dormant,Low-cost reactivation
13903,2010-11-04 17:44:00,2010-11-04 17:44:00,1,165.45000000000002,165.45000000000002,400,400,False,,,True,False,2,1,1,4,Hibernating,Dormant,Low-cost reactivation
13904,2011-02-18 11:18:00,2011-11-02 13:41:00,2,332.64,166.32,37,295,True,2011-11-02 13:41:00,257.0,True,False,4,2,2,8,Potential Loyalists,Active repeat,Develop loyalty
13905,2009-12-07 11:41:00,2009-12-07 11:41:00,1,312.65,312.65,733,733,False,,,True,False,1,1,2,4,Hibernating,Dormant,Low-cost reactivation
13906,2010-10-26 15:00:00,2010-10-26 15:00:00,1,42.0,42.0,409,409,False,,,True,False,2,1,1,4,Hibernating,Dormant,Low-cost reactivation
13907,2010-01-17 12:22:00,2010-01-17 12:22:00,1,136.8,136.8,692,692,False,,,True,False,1,1,1,3,Hibernating,Dormant,Low-cost reactivation
13908,2011-03-08 12:04:00,2011-09-21 11:49:00,4,2369.55,592.3875,80,277,True,2011-05-09 10:24:00,61.0,True,True,3,3,4,10,Needs Attention,Active repeat,Protect high-value active
13909,2010-07-06 16:52:00,2010-10-12 17:22:00,2,282.84999999999997,141.42499999999998,423,521,True,2010-10-12 17:22:00,98.0,True,False,1,2,1,4,Hibernating,Dormant,Low-cost reactivation
13911,2010-03-01 16:31:00,2011-10-13 15:43:00,20,4234.99,211.74949999999998,57,648,True,2010-03-08 15:15:00,6.0,True,True,4,5,5,14,Champions,Active repeat,Protect high-value active
13912,2010-10-12 08:43:00,2010-10-12 08:43:00,1,124.95,124.95,424,424,False,,,True,False,1,1,1,3,Hibernating,Dormant,Low-cost reactivation
13913,2010-07-21 10:11:00,2010-07-21 10:11:00,1,42.22,42.22,507,507,False,,,True,False,1,1,1,3,Hibernating,Dormant,Low-cost reactivation
13914,2011-11-03 16:28:00,2011-11-28 10:35:00,2,626.45,313.225,12,36,True,2011-11-28 10:35:00,24.0,False,False,5,2,3,10,Potential Loyalists,Active repeat,Develop loyalty
13915,2010-11-10 15:17:00,2010-11-10 15:17:00,1,70.80000000000001,70.80000000000001,394,394,False,,,True,False,2,1,1,4,Hibernating,Dormant,Low-cost reactivation
13916,2010-02-02 10:06:00,2010-09-02 10:04:00,4,1275.81,318.9525,464,676,True,2010-06-02 13:44:00,120.0,True,False,1,3,4,8,At Risk,Dormant,Low-cost reactivation
13917,2011-06-01 12:46:00,2011-10-21 09:56:00,2,272.03999999999996,136.01999999999998,50,192,True,2011-10-21 09:56:00,141.0,True,False,4,2,1,7,Potential Loyalists,Active repeat,Develop loyalty
13918,2011-03-31 18:05:00,2011-10-21 12:25:00,2,1212.84,606.42,50,253,True,2011-10-21 12:25:00,203.0,True,False,4,2,3,9,Potential Loyalists,Active repeat,Develop loyalty
13919,2010-06-17 09:30:00,2011-10-11 14:24:00,4,1360.68,340.17,59,541,True,2010-10-11 11:53:00,116.0,True,False,4,3,4,11,Potential Loyalists,Active repeat,Develop loyalty
13920,2010-05-26 15:48:00,2010-10-04 12:37:00,4,1774.68,443.67,432,562,True,2010-08-06 12:13:00,71.0,True,True,1,3,4,8,At Risk,Dormant,Low-cost reactivation
13921,2009-12-18 12:19:00,2010-11-02 16:32:00,4,730.7,182.675,402,722,True,2010-06-17 11:40:00,180.0,True,False,2,3,3,8,At Risk,Dormant,Low-cost reactivation
13922,2010-08-29 14:36:00,2010-12-23 10:38:00,3,865.2,288.40000000000003,352,467,True,2010-09-28 17:26:00,30.0,True,True,2,3,3,8,At Risk,Dormant,Low-cost reactivation
13923,2011-10-17 12:33:00,2011-10-17 12:33:00,1,351.13,351.13,54,54,False,,,False,False,4,1,2,7,New Customers,New,Drive second purchase
13924,2011-09-28 15:07:00,2011-12-08 09:39:00,6,1838.85,306.47499999999997,2,72,True,2011-10-26 13:44:00,27.0,False,False,5,4,4,13,Champions,Active repeat,Develop loyalty
13925,2011-07-28 12:09:00,2011-09-08 12:47:00,4,678.25,169.5625,93,135,True,2011-08-10 12:41:00,13.0,True,True,3,3,3,9,Needs Attention,At risk,Test win-back
13926,2011-11-16 13:16:00,2011-11-16 13:16:00,1,223.85000000000002,223.85000000000002,23,23,False,,,False,False,4,1,1,6,New Customers,New,Drive second purchase
13927,2010-09-28 16:12:00,2011-09-26 12:00:00,2,708.26,354.13,75,437,True,2011-09-26 12:00:00,362.0,True,False,3,2,3,8,Needs Attention,Active repeat,Develop loyalty
13928,2011-07-29 15:59:00,2011-11-29 10:33:00,4,464.57000000000005,116.14250000000001,11,133,True,2011-08-25 12:13:00,26.0,True,True,5,3,2,10,Potential Loyalists,Active repeat,Develop loyalty
13929,2010-01-14 07:25:00,2011-06-23 15:26:00,11,3494.1,317.6454545454545,169,695,True,2010-02-19 11:54:00,36.0,True,True,3,5,5,13,Loyal Customers,At risk,Win back high-value
13930,2011-07-26 11:00:00,2011-10-13 09:45:00,2,337.34,168.67,58,137,True,2011-10-13 09:45:00,78.0,True,True,4,2,2,8,Potential Loyalists,Active repeat,Develop loyalty
13931,2009-12-03 10:26:00,2011-09-05 10:12:00,11,5257.38,477.94363636363636,96,737,True,2009-12-03 10:28:00,0.0,True,True,3,5,5,13,Loyal Customers,At risk,Win back high-value
13932,2011-02-18 12:02:00,2011-02-18 12:02:00,1,307.4,307.4,295,295,False,,,True,False,2,1,2,5,Hibernating,Dormant,Low-cost reactivation
13933,2011-07-14 13:35:00,2011-08-22 14:03:00,2,608.79,304.395,109,148,True,2011-08-22 14:03:00,39.0,True,True,3,2,2,7,Needs Attention,At risk,Test win-back
13934,2011-03-21 08:39:00,2011-03-21 08:39:00,1,922.1,922.1,264,264,False,,,True,False,2,1,3,6,Hibernating,Dormant,Low-cost reactivation
13935,2010-02-25 16:01:00,2010-04-22 11:21:00,3,6116.92,2038.9733333333334,597,652,True,2010-03-17 10:16:00,19.0,True,True,1,3,5,9,At Risk,Dormant,Low-cost reactivation
13936,2010-10-21 14:21:00,2011-06-13 08:47:00,3,939.66,313.21999999999997,180,414,True,2010-11-22 10:34:00,31.0,True,True,3,3,3,9,Needs Attention,At risk,Test win-back
13937,2010-11-02 12:37:00,2011-06-23 16:35:00,2,880.13,440.065,169,403,True,2011-06-23 16:35:00,233.0,True,False,3,2,3,8,Needs Attention,At risk,Test win-back
13938,2011-11-04 14:37:00,2011-11-04 14:37:00,1,71.66,71.66,35,35,False,,,False,False,4,1,1,6,New Customers,New,Drive second purchase
13939,2010-04-06 12:43:00,2011-11-16 13:33:00,7,1560.96,222.99428571428572,23,613,True,2010-04-19 12:49:00,13.0,True,True,4,4,4,12,Champions,Active repeat,Develop loyalty
13940,2011-07-18 16:05:00,2011-11-22 15:15:00,4,839.14,209.785,17,144,True,2011-08-15 12:47:00,27.0,True,True,5,3,3,11,Potential Loyalists,Active repeat,Develop loyalty
13941,2009-12-16 16:10:00,2011-11-18 09:43:00,15,10027.18,668.4786666666666,22,723,True,2010-01-27 11:53:00,41.0,True,True,4,5,5,14,Champions,Active repeat,Protect high-value active
13942,2010-06-23 12:35:00,2010-06-23 12:35:00,1,320.0,320.0,535,535,False,,,True,False,1,1,2,4,Hibernating,Dormant,Low-cost reactivation
13943,2010-05-11 11:30:00,2010-05-11 11:30:00,1,246.54,246.54,578,578,False,,,True,False,1,1,1,3,Hibernating,Dormant,Low-cost reactivation
13944,2010-02-24 15:02:00,2010-02-24 15:02:00,1,200.43,200.43,653,653,False,,,True,False,1,1,1,3,Hibernating,Dormant,Low-cost reactivation
13945,2010-08-17 09:59:00,2010-11-10 10:00:00,2,854.15,427.075,395,480,True,2010-11-10 10:00:00,85.0,True,True,2,2,3,7,Hibernating,Dormant,Low-cost reactivation
13946,2009-12-04 11:07:00,2011-09-21 13:33:00,6,1876.23,312.705,79,736,True,2010-03-15 11:00:00,100.0,True,False,3,4,4,11,Loyal Customers,Active repeat,Develop loyalty
13947,2011-10-05 14:42:00,2011-10-05 14:42:00,1,90.6,90.6,65,65,False,,,False,False,3,1,1,5,Needs Attention,New,Drive second purchase
13948,2009-12-04 12:14:00,2010-12-14 10:18:00,4,548.76,137.19,361,736,True,2010-03-01 12:16:00,87.0,True,True,2,3,2,7,At Risk,Dormant,Low-cost reactivation
13949,2011-09-06 11:55:00,2011-12-07 09:35:00,6,2427.32,404.55333333333334,3,95,True,2011-09-23 10:14:00,16.0,True,True,5,4,4,13,Champions,Active repeat,Protect high-value active
13950,2011-04-07 11:29:00,2011-11-28 14:44:00,4,745.06,186.265,11,247,True,2011-09-27 14:52:00,173.0,True,False,5,3,3,11,Potential Loyalists,Active repeat,Develop loyalty
13951,2011-02-18 15:21:00,2011-06-16 16:43:00,3,674.45,224.8166666666667,176,294,True,2011-04-17 13:20:00,57.0,True,True,3,3,3,9,Needs Attention,At risk,Test win-back
13952,2009-12-16 09:41:00,2011-05-06 09:00:00,14,12823.520999999999,915.9657857142856,218,724,True,2010-02-18 18:20:00,64.0,True,True,2,5,5,12,At Risk,Dormant,Low-cost reactivation
13953,2009-12-11 12:58:00,2011-12-02 16:04:00,12,6640.68,553.39,7,728,True,2010-02-04 12:26:00,54.0,True,True,5,5,5,15,Champions,Active repeat,Protect high-value active
13954,2011-09-30 10:52:00,2011-12-08 12:50:00,2,439.91999999999996,219.95999999999998,2,71,True,2011-12-08 12:50:00,69.0,False,False,5,2,2,9,Potential Loyalists,Active repeat,Develop loyalty
13955,2010-11-29 17:35:00,2011-07-08 17:19:00,3,544.0699999999999,181.35666666666665,154,375,True,2011-02-07 12:24:00,69.0,True,True,3,3,2,8,Needs Attention,At risk,Test win-back
13956,2011-03-13 12:51:00,2011-12-04 13:20:00,5,1019.27,203.85399999999998,5,271,True,2011-04-10 16:04:00,28.0,True,True,5,4,3,12,Loyal Customers,Active repeat,Develop loyalty
13957,2010-02-19 10:32:00,2010-10-18 10:02:00,3,458.25,152.75,418,659,True,2010-05-16 14:50:00,86.0,True,True,1,3,2,6,At Risk,Dormant,Low-cost reactivation
13958,2009-12-05 13:12:00,2010-11-25 10:11:00,8,4709.23,588.65375,380,734,True,2009-12-05 13:13:00,0.0,True,True,2,4,5,11,At Risk,Dormant,Low-cost reactivation
13959,2010-07-16 15:11:00,2011-09-21 15:06:00,6,1064.77,177.46166666666667,79,511,True,2010-10-11 14:15:00,86.0,True,True,3,4,3,10,Loyal Customers,Active repeat,Develop loyalty
13960,2011-09-29 12:39:00,2011-11-18 15:27:00,2,230.22,115.11,21,72,True,2011-11-18 15:27:00,50.0,False,False,4,2,1,7,Potential Loyalists,Active repeat,Develop loyalty
13961,2010-11-12 14:40:00,2010-11-12 14:40:00,1,538.4,538.4,392,392,False,,,True,False,2,1,2,5,Hibernating,Dormant,Low-cost reactivation
13962,2010-09-30 10:35:00,2011-11-18 08:47:00,3,362.8,120.93333333333334,22,436,True,2011-04-08 11:21:00,190.0,True,False,4,3,2,9,Potential Loyalists,Active repeat,Develop loyalty
13963,2010-04-21 16:20:00,2011-02-04 14:43:00,17,2860.57,168.26882352941178,308,597,True,2010-05-24 10:54:00,32.0,True,True,2,5,4,11,At Risk,Dormant,Low-cost reactivation
13964,2010-10-05 12:38:00,2010-11-17 13:53:00,2,438.9,219.45,387,431,True,2010-11-17 13:53:00,43.0,True,True,2,2,2,6,Hibernating,Dormant,Low-cost reactivation
13965,2010-01-05 15:21:00,2010-08-20 10:40:00,3,996.61,332.2033333333333,477,703,True,2010-02-08 16:11:00,34.0,True,True,1,3,3,7,At Risk,Dormant,Low-cost reactivation
13966,2010-09-30 13:08:00,2010-09-30 13:08:00,1,384.26,384.26,435,435,False,,,True,False,1,1,2,4,Hibernating,Dormant,Low-cost reactivation
13967,2010-11-08 13:24:00,2011-07-17 12:02:00,2,166.3,83.15,146,396,True,2011-07-17 12:02:00,250.0,True,False,3,2,1,6,Needs Attention,At risk,Test win-back
13968,2010-10-12 13:22:00,2010-10-12 13:22:00,1,123.66,123.66,423,423,False,,,True,False,1,1,1,3,Hibernating,Dormant,Low-cost reactivation
13969,2010-03-25 13:15:00,2011-12-02 15:11:00,35,12973.460000000001,370.67028571428574,7,624,True,2010-04-29 13:32:00,35.0,True,True,5,5,5,15,Champions,Active repeat,Protect high-value active
13970,2010-09-28 11:53:00,2010-11-18 13:21:00,2,846.55,423.275,386,438,True,2010-11-18 13:21:00,51.0,True,True,2,2,3,7,Hibernating,Dormant,Low-cost reactivation
13971,2010-01-26 09:51:00,2011-11-21 12:06:00,14,4667.57,333.3978571428571,19,683,True,2010-04-09 13:00:00,73.0,True,True,5,5,5,15,Champions,Active repeat,Protect high-value active
13972,2011-05-22 11:34:00,2011-09-30 11:54:00,2,190.25,95.125,71,202,True,2011-09-30 11:54:00,131.0,True,False,3,2,1,6,Needs Attention,Active repeat,Develop loyalty
13973,2011-02-25 15:21:00,2011-02-25 15:21:00,1,264.7,264.7,287,287,False,,,True,False,2,1,1,4,Hibernating,Dormant,Low-cost reactivation
13974,2010-05-06 17:55:00,2011-10-21 14:41:00,2,677.72,338.86,49,582,True,2011-10-21 14:41:00,532.0,True,False,4,2,3,9,Potential Loyalists,Active repeat,Develop loyalty
13975,2010-02-02 13:13:00,2011-11-08 13:19:00,12,5256.4,438.0333333333333,31,675,True,2010-03-29 13:10:00,54.0,True,True,4,5,5,14,Champions,Active repeat,Protect high-value active
13976,2010-02-09 13:08:00,2011-05-17 09:13:00,4,1192.3600000000001,298.09000000000003,207,668,True,2010-04-28 15:54:00,78.0,True,True,2,3,3,8,At Risk,Dormant,Low-cost reactivation
13977,2010-10-24 14:08:00,2010-10-24 14:08:00,1,519.8100000000001,519.8100000000001,411,411,False,,,True,False,1,1,2,4,Hibernating,Dormant,Low-cost reactivation
13978,2011-10-25 15:04:00,2011-11-25 11:36:00,2,196.79000000000002,98.39500000000001,15,45,True,2011-11-25 11:36:00,30.0,False,False,5,2,1,8,Potential Loyalists,Active repeat,Develop loyalty
13979,2009-12-03 10:02:00,2011-09-27 13:32:00,7,3379.93,482.84714285714284,73,737,True,2010-03-01 15:47:00,88.0,True,True,3,4,5,12,Loyal Customers,Active repeat,Protect high-value active
13980,2010-02-21 14:18:00,2011-10-10 13:34:00,5,768.8199999999999,153.76399999999998,60,656,True,2010-05-11 13:36:00,78.0,True,True,3,4,3,10,Loyal Customers,Active repeat,Develop loyalty
13981,2010-10-20 10:03:00,2010-10-20 10:03:00,1,331.14,331.14,416,416,False,,,True,False,1,1,2,4,Hibernating,Dormant,Low-cost reactivation
13982,2010-01-20 14:04:00,2011-10-31 16:24:00,9,3954.29,439.36555555555555,39,688,True,2010-02-24 13:04:00,34.0,True,True,4,5,5,14,Champions,Active repeat,Protect high-value active
13983,2009-12-09 13:53:00,2011-11-10 11:06:00,21,6753.89,321.61380952380955,30,730,True,2010-01-14 16:24:00,36.0,True,True,4,5,5,14,Champions,Active repeat,Protect high-value active
13984,2009-12-07 11:51:00,2011-11-13 12:38:00,12,1893.8,157.81666666666666,27,733,True,2009-12-07 11:52:00,0.0,True,True,4,5,4,13,Champions,Active repeat,Develop loyalty
13985,2010-02-09 13:56:00,2011-12-05 17:06:00,22,10020.86,455.49363636363637,4,668,True,2010-05-26 13:46:00,105.0,True,False,5,5,5,15,Champions,Active repeat,Protect high-value active
13986,2011-11-22 15:00:00,2011-11-22 15:00:00,1,320.46,320.46,17,17,False,,,False,False,5,1,2,8,New Customers,New,Drive second purchase
13987,2010-11-04 09:54:00,2010-11-25 10:20:00,2,682.54,341.27,380,401,True,2010-11-25 10:20:00,21.0,True,True,2,2,3,7,Hibernating,Dormant,Low-cost reactivation
13988,2010-03-24 11:05:00,2011-11-20 10:15:00,8,4757.799999999999,594.7249999999999,20,626,True,2010-11-21 12:40:00,242.0,True,False,4,4,5,13,Champions,Active repeat,Protect high-value active
13989,2010-05-25 12:13:00,2011-10-05 09:47:00,5,2026.06,405.212,66,564,True,2010-08-09 12:28:00,76.0,True,True,3,4,4,11,Loyal Customers,Active repeat,Develop loyalty
13990,2011-05-10 15:19:00,2011-05-10 15:19:00,1,311.3,311.3,213,213,False,,,True,False,2,1,2,5,Hibernating,Dormant,Low-cost reactivation
13991,2011-07-19 12:58:00,2011-11-27 16:18:00,6,852.88,142.14666666666668,12,143,True,2011-09-25 13:47:00,68.0,True,True,5,4,3,12,Loyal Customers,Active repeat,Develop loyalty
13992,2010-09-02 17:04:00,2011-11-09 15:23:00,3,219.5,73.16666666666667,30,463,True,2010-11-24 15:42:00,82.0,True,True,4,3,1,8,Potential Loyalists,Active repeat,Develop loyalty
13993,2009-12-03 11:57:00,2011-10-28 09:06:00,19,6775.71,356.6163157894737,43,737,True,2010-02-09 12:52:00,68.0,True,True,4,5,5,14,Champions,Active repeat,Protect high-value active
13994,2011-07-14 18:28:00,2011-12-06 11:05:00,6,2274.14,379.0233333333333,4,148,True,2011-08-26 11:35:00,42.0,True,True,5,4,4,13,Champions,Active repeat,Protect high-value active
13995,2009-12-18 12:43:00,2011-11-24 14:22:00,14,3902.0099999999998,278.715,15,722,True,2010-03-02 09:11:00,73.0,True,True,5,5,5,15,Champions,Active repeat,Protect high-value active
13996,2010-11-05 15:07:00,2010-11-18 16:27:00,2,895.76,447.88,386,399,True,2010-11-18 16:27:00,13.0,True,True,2,2,3,7,Hibernating,Dormant,Low-cost reactivation
13997,2010-06-07 17:33:00,2010-07-08 18:06:00,3,376.46000000000004,125.48666666666668,519,550,True,2010-07-08 17:51:00,31.0,True,True,1,3,2,6,At Risk,Dormant,Low-cost reactivation
13998,2010-05-12 13:18:00,2010-09-19 10:20:00,3,566.7,188.9,447,576,True,2010-07-16 15:50:00,65.0,True,True,1,3,2,6,At Risk,Dormant,Low-cost reactivation
13999,2009-12-05 12:42:00,2011-11-29 13:40:00,29,9502.26,327.6641379310345,10,735,True,2009-12-16 10:56:00,10.0,True,True,5,5,5,15,Champions,Active repeat,Protect high-value active
14000,2009-12-02 09:50:00,2011-05-12 16:50:00,5,2046.3400000000001,409.26800000000003,211,738,True,2010-04-22 11:59:00,141.0,True,False,2,4,4,10,At Risk,Dormant,Low-cost reactivation
14001,2010-08-03 12:49:00,2011-10-25 10:31:00,9,4228.85,469.87222222222226,46,494,True,2010-08-27 09:35:00,23.0,True,True,4,5,5,14,Champions,Active repeat,Protect high-value active
14002,2011-07-06 14:59:00,2011-07-28 15:55:00,2,529.73,264.865,134,156,True,2011-07-28 15:55:00,22.0,True,True,3,2,2,7,Needs Attention,At risk,Test win-back
14003,2009-12-07 08:53:00,2009-12-07 08:53:00,1,209.41,209.41,733,733,False,,,True,False,1,1,1,3,Hibernating,Dormant,Low-cost reactivation
14004,2010-09-30 09:39:00,2011-10-27 14:40:00,11,6258.45,568.9499999999999,43,436,True,2010-09-30 10:21:00,0.0,True,True,4,5,5,14,Champions,Active repeat,Protect high-value active
14005,2011-05-08 10:33:00,2011-11-30 12:41:00,5,2874.7200000000003,574.9440000000001,10,216,True,2011-06-17 08:09:00,39.0,True,True,5,4,4,13,Champions,Active repeat,Protect high-value active
14006,2010-02-25 09:45:00,2011-08-16 09:39:00,7,2196.67,313.81,116,653,True,2010-04-22 14:08:00,56.0,True,True,3,4,4,11,Loyal Customers,At risk,Test win-back
14007,2010-07-15 09:06:00,2010-07-15 09:06:00,1,79.48,79.48,513,513,False,,,True,False,1,1,1,3,Hibernating,Dormant,Low-cost reactivation
14008,2010-10-03 13:09:00,2010-10-03 13:09:00,1,509.04,509.04,432,432,False,,,True,False,1,1,2,4,Hibernating,Dormant,Low-cost reactivation
14009,2010-09-03 12:08:00,2011-05-25 15:47:00,3,1099.91,366.6366666666667,198,463,True,2011-05-18 13:00:00,257.0,True,False,2,3,3,8,At Risk,Dormant,Low-cost reactivation
14010,2010-05-23 12:46:00,2010-05-23 13:00:00,2,445.15,222.575,565,566,True,2010-05-23 13:00:00,0.0,True,True,1,2,2,5,Hibernating,Dormant,Low-cost reactivation
14011,2010-04-11 13:40:00,2010-08-16 15:31:00,2,457.82,228.91,480,607,True,2010-08-16 15:31:00,127.0,True,False,1,2,2,5,Hibernating,Dormant,Low-cost reactivation
14012,2011-03-07 12:26:00,2011-03-07 12:26:00,1,328.8,328.8,278,278,False,,,True,False,2,1,2,5,Hibernating,Dormant,Low-cost reactivation
14013,2010-03-26 10:02:00,2011-08-21 15:01:00,5,1084.57,216.914,110,624,True,2010-11-24 16:16:00,243.0,True,False,3,4,3,10,Loyal Customers,At risk,Test win-back
14014,2010-05-12 09:04:00,2011-09-23 13:18:00,3,1948.2099999999998,649.4033333333333,77,577,True,2010-11-28 14:56:00,200.0,True,False,3,3,4,10,Needs Attention,Active repeat,Develop loyalty
14015,2011-10-18 10:02:00,2011-10-18 10:02:00,1,917.34,917.34,53,53,False,,,False,False,4,1,3,8,New Customers,New,Drive second purchase
14016,2010-01-08 14:12:00,2011-07-01 11:29:00,11,11403.41,1036.6736363636364,162,700,True,2010-02-02 10:47:00,24.0,True,True,3,5,5,13,Loyal Customers,At risk,Win back high-value
14017,2010-05-17 14:52:00,2010-05-17 14:52:00,1,229.75,229.75,571,571,False,,,True,False,1,1,1,3,Hibernating,Dormant,Low-cost reactivation
14018,2010-03-04 14:23:00,2010-03-04 14:23:00,1,367.15000000000003,367.15000000000003,645,645,False,,,True,False,1,1,2,4,Hibernating,Dormant,Low-cost reactivation
14019,2011-07-24 15:39:00,2011-10-24 10:13:00,3,1421.61,473.86999999999995,47,138,True,2011-09-02 12:51:00,39.0,True,True,4,3,4,11,Potential Loyalists,Active repeat,Develop loyalty
14020,2010-06-28 15:29:00,2011-11-23 09:22:00,4,1249.01,312.2525,17,529,True,2010-08-20 13:09:00,52.0,True,True,5,3,4,12,Potential Loyalists,Active repeat,Develop loyalty
14021,2010-04-26 11:22:00,2011-07-07 15:46:00,7,1716.5800000000002,245.2257142857143,155,593,True,2010-06-16 15:51:00,51.0,True,True,3,4,4,11,Loyal Customers,At risk,Test win-back
14022,2010-08-10 09:38:00,2011-04-28 14:39:00,2,792.1500000000001,396.07500000000005,225,487,True,2011-04-28 14:39:00,261.0,True,False,2,2,3,7,Hibernating,Dormant,Low-cost reactivation
14023,2011-04-03 15:50:00,2011-12-02 13:58:00,2,584.0699999999999,292.03499999999997,7,250,True,2011-12-02 13:58:00,242.0,True,False,5,2,2,9,Potential Loyalists,Active repeat,Develop loyalty
14024,2010-11-14 10:51:00,2011-08-10 11:30:00,3,645.74,215.24666666666667,122,391,True,2011-08-07 13:31:00,266.0,True,False,3,3,3,9,Needs Attention,At risk,Test win-back
14025,2010-05-05 09:56:00,2010-09-01 10:11:00,8,4057.9,507.2375,465,584,True,2010-05-12 14:58:00,7.0,True,True,1,4,5,10,At Risk,Dormant,Low-cost reactivation
14026,2010-03-24 14:10:00,2010-08-26 10:31:00,2,713.11,356.555,471,625,True,2010-08-26 10:31:00,154.0,True,False,1,2,3,6,Hibernating,Dormant,Low-cost reactivation
14027,2011-10-10 09:01:00,2011-10-10 09:01:00,1,104.82,104.82,61,61,False,,,False,False,3,1,1,5,Needs Attention,New,Drive second purchase
14028,2010-06-07 12:02:00,2010-06-07 13:33:00,3,10396.5,3465.5,550,551,True,2010-06-07 12:09:00,0.0,True,True,1,3,5,9,At Risk,Dormant,Low-cost reactivation
14029,2011-07-18 16:57:00,2011-10-07 14:46:00,2,467.65999999999997,233.82999999999998,63,144,True,2011-10-07 14:46:00,80.0,True,True,3,2,2,7,Needs Attention,Active repeat,Develop loyalty
14030,2009-12-10 17:27:00,2011-11-21 16:48:00,20,7521.8,376.09000000000003,18,729,True,2009-12-10 18:36:00,0.0,True,True,5,5,5,15,Champions,Active repeat,Protect high-value active
14031,2009-12-03 15:35:00,2011-12-02 17:13:00,44,39019.51,886.8070454545455,7,736,True,2009-12-11 17:00:00,8.0,True,True,5,5,5,15,Champions,Active repeat,Protect high-value active
14032,2009-12-14 12:02:00,2011-12-07 15:23:00,16,4546.41,284.150625,2,726,True,2009-12-21 13:29:00,7.0,True,True,5,5,5,15,Champions,Active repeat,Protect high-value active
14033,2010-06-02 15:10:00,2010-06-02 15:10:00,1,109.44,109.44,555,555,False,,,True,False,1,1,1,3,Hibernating,Dormant,Low-cost reactivation
14034,2011-07-05 13:06:00,2011-11-17 14:02:00,3,648.89,216.29666666666665,22,157,True,2011-07-05 13:15:00,0.0,True,True,4,3,3,10,Potential Loyalists,Active repeat,Develop loyalty
14035,2010-04-06 12:39:00,2011-11-11 10:03:00,9,2794.75,310.52777777777777,29,613,True,2010-05-19 11:10:00,42.0,True,True,4,5,4,13,Champions,Active repeat,Protect high-value active
14036,2011-02-28 09:26:00,2011-02-28 09:26:00,1,626.65,626.65,285,285,False,,,True,False,2,1,3,6,Hibernating,Dormant,Low-cost reactivation
14037,2009-12-07 11:39:00,2011-06-16 13:57:00,6,836.95,139.49166666666667,176,733,True,2010-01-24 10:50:00,47.0,True,True,3,4,3,10,Loyal Customers,At risk,Test win-back
14038,2010-02-04 08:56:00,2011-09-22 13:37:00,5,3069.88,613.976,78,674,True,2010-11-07 14:52:00,276.0,True,False,3,4,5,12,Loyal Customers,Active repeat,Protect high-value active
14039,2010-05-13 10:15:00,2011-11-06 13:48:00,2,267.28,133.64,33,576,True,2011-11-06 13:48:00,542.0,True,False,4,2,1,7,Potential Loyalists,Active repeat,Develop loyalty
14040,2009-12-01 12:14:00,2011-10-30 12:42:00,35,12523.81,357.82314285714284,41,739,True,2009-12-17 12:39:00,16.0,True,True,4,5,5,14,Champions,Active repeat,Protect high-value active
14041,2011-03-18 13:25:00,2011-03-18 13:25:00,1,141.41,141.41,266,266,False,,,True,False,2,1,1,4,Hibernating,Dormant,Low-cost reactivation
14042,2009-12-14 15:07:00,2009-12-14 15:07:00,1,431.98,431.98,725,725,False,,,True,False,1,1,2,4,Hibernating,Dormant,Low-cost reactivation
14043,2009-12-10 15:56:00,2010-08-05 18:18:00,2,302.6,151.3,491,729,True,2010-08-05 18:18:00,238.0,True,False,1,2,2,5,Hibernating,Dormant,Low-cost reactivation
14044,2010-01-24 15:14:00,2011-11-13 12:05:00,10,3077.7000000000003,307.77000000000004,27,684,True,2010-02-28 15:01:00,34.0,True,True,4,5,5,14,Champions,Active repeat,Protect high-value active
14045,2010-01-08 10:08:00,2011-08-22 15:27:00,16,10986.63,686.664375,109,701,True,2010-03-05 15:36:00,56.0,True,True,3,5,5,13,Loyal Customers,At risk,Win back high-value
14046,2011-02-28 14:48:00,2011-02-28 14:48:00,1,154.99,154.99,284,284,False,,,True,False,2,1,1,4,Hibernating,Dormant,Low-cost reactivation
14047,2010-02-01 10:05:00,2011-12-01 11:43:00,14,3968.11,283.43642857142856,9,677,True,2010-05-13 13:21:00,101.0,True,False,5,5,5,15,Champions,Active repeat,Protect high-value active
14048,2010-11-22 14:08:00,2011-02-07 14:53:00,3,748.69,249.56333333333336,305,382,True,2010-11-22 14:21:00,0.0,True,True,2,3,3,8,At Risk,Dormant,Low-cost reactivation
14049,2010-04-01 14:52:00,2011-11-23 12:20:00,13,13023.4,1001.8,17,617,True,2010-05-25 12:03:00,53.0,True,True,5,5,5,15,Champions,Active repeat,Protect high-value active
14050,2011-08-25 13:46:00,2011-11-08 10:00:00,2,746.36,373.18,32,106,True,2011-11-08 10:00:00,74.0,True,True,4,2,3,9,Potential Loyalists,Active repeat,Develop loyalty
14051,2009-12-03 11:53:00,2011-12-09 10:20:00,37,21770.98,588.4048648648649,1,737,True,2009-12-17 12:30:00,14.0,True,True,5,5,5,15,Champions,Active repeat,Protect high-value active
14052,2010-11-14 11:37:00,2011-11-20 12:30:00,2,466.66,233.33,20,391,True,2011-11-20 12:30:00,371.0,True,False,4,2,2,8,Potential Loyalists,Active repeat,Develop loyalty
14053,2010-08-10 11:02:00,2011-08-07 14:27:00,4,572.3,143.075,124,487,True,2010-11-07 14:50:00,89.0,True,True,3,3,2,8,Needs Attention,At risk,Test win-back
14054,2011-10-05 15:49:00,2011-10-05 15:49:00,1,92.46,92.46,65,65,False,,,False,False,3,1,1,5,Needs Attention,New,Drive second purchase
14055,2009-12-16 15:11:00,2011-08-25 15:04:00,3,1520.96,506.9866666666667,106,723,True,2010-05-11 10:24:00,145.0,True,False,3,3,4,10,Needs Attention,At risk,Test win-back
14056,2011-02-28 15:19:00,2011-12-08 13:36:00,23,8152.71,354.46565217391304,1,284,True,2011-03-10 16:16:00,10.0,True,True,5,5,5,15,Champions,Active repeat,Protect high-value active
14057,2009-12-03 13:17:00,2011-11-16 10:32:00,22,8346.66,379.39363636363635,24,736,True,2010-04-13 11:38:00,130.0,True,False,4,5,5,14,Champions,Active repeat,Protect high-value active
14058,2010-06-27 11:29:00,2010-09-03 09:31:00,2,469.19000000000005,234.59500000000003,463,531,True,2010-09-03 09:31:00,67.0,True,True,1,2,2,5,Hibernating,Dormant,Low-cost reactivation
14059,2011-03-18 10:06:00,2011-03-18 10:06:00,1,183.6,183.6,267,267,False,,,True,False,2,1,1,4,Hibernating,Dormant,Low-cost reactivation
14060,2010-03-11 09:47:00,2011-12-05 12:29:00,30,8898.24,296.608,5,639,True,2010-05-16 10:46:00,66.0,True,True,5,5,5,15,Champions,Active repeat,Protect high-value active
14061,2009-12-01 18:03:00,2010-07-20 17:22:00,3,917.4300000000001,305.81,507,738,True,2009-12-15 17:56:00,13.0,True,True,1,3,3,7,At Risk,Dormant,Low-cost reactivation
14062,2009-12-10 14:28:00,2011-11-30 10:04:00,24,25585.65,1066.0687500000001,10,729,True,2009-12-14 15:18:00,4.0,True,True,5,5,5,15,Champions,Active repeat,Protect high-value active
14063,2009-12-08 13:46:00,2010-09-27 16:18:00,9,22710.2,2523.355555555556,438,731,True,2009-12-15 10:50:00,6.0,True,True,1,5,5,11,At Risk,Dormant,Low-cost reactivation
14064,2010-01-21 13:22:00,2011-11-10 13:14:00,15,3260.24,217.3493333333333,29,687,True,2010-02-28 14:03:00,38.0,True,True,4,5,5,14,Champions,Active repeat,Protect high-value active
14065,2010-10-04 12:03:00,2010-11-15 16:13:00,3,891.02,297.00666666666666,389,432,True,2010-10-25 14:51:00,21.0,True,True,2,3,3,8,At Risk,Dormant,Low-cost reactivation
14066,2011-03-18 12:21:00,2011-03-18 12:21:00,1,152.55,152.55,267,267,False,,,True,False,2,1,1,4,Hibernating,Dormant,Low-cost reactivation
14067,2011-09-04 12:00:00,2011-10-07 10:21:00,2,374.7,187.35,64,97,True,2011-10-07 10:21:00,32.0,True,True,3,2,2,7,Needs Attention,Active repeat,Develop loyalty
14068,2010-01-31 10:10:00,2011-01-23 16:02:00,4,1516.72,379.18,320,678,True,2010-02-28 15:05:00,28.0,True,True,2,3,4,9,At Risk,Dormant,Low-cost reactivation
14069,2010-05-27 12:30:00,2010-07-13 12:12:00,2,225.81,112.905,515,562,True,2010-07-13 12:12:00,46.0,True,True,1,2,1,4,Hibernating,Dormant,Low-cost reactivation
14070,2010-01-24 12:27:00,2010-01-24 12:27:00,1,321.6,321.6,685,685,False,,,True,False,1,1,2,4,Hibernating,Dormant,Low-cost reactivation
14071,2011-03-20 11:33:00,2011-12-06 12:27:00,8,1437.57,179.69625,4,265,True,2011-03-24 13:28:00,4.0,True,True,5,4,4,13,Champions,Active repeat,Develop loyalty
14072,2010-02-11 12:31:00,2010-02-11 12:31:00,1,390.85,390.85,667,667,False,,,True,False,1,1,2,4,Hibernating,Dormant,Low-cost reactivation
14073,2011-11-07 15:49:00,2011-11-07 15:49:00,1,151.04,151.04,32,32,False,,,False,False,4,1,1,6,New Customers,New,Drive second purchase
14074,2010-03-26 13:55:00,2010-03-26 13:55:00,1,219.39999999999998,219.39999999999998,623,623,False,,,True,False,1,1,1,3,Hibernating,Dormant,Low-cost reactivation
14075,2010-06-16 14:47:00,2011-12-05 08:38:00,6,1734.87,289.145,5,541,True,2010-08-26 13:42:00,70.0,True,True,5,4,4,13,Champions,Active repeat,Develop loyalty
14076,2011-08-02 15:19:00,2011-08-02 15:19:00,1,118.67,118.67,129,129,False,,,True,False,3,1,1,5,Needs Attention,At risk,Test win-back
14077,2010-11-09 16:01:00,2011-10-30 12:35:00,6,615.0799999999999,102.51333333333332,41,395,True,2011-03-10 15:52:00,120.0,True,False,4,4,3,11,Loyal Customers,Active repeat,Develop loyalty
14078,2010-03-28 15:05:00,2011-08-30 12:16:00,9,1553.47,172.60777777777778,102,621,True,2010-05-17 15:27:00,50.0,True,True,3,5,4,12,Loyal Customers,At risk,Test win-back
14079,2010-01-26 17:19:00,2011-08-07 12:10:00,2,618.73,309.365,125,682,True,2011-08-07 12:10:00,557.0,True,False,3,2,3,8,Needs Attention,At risk,Test win-back
14080,2009-12-02 15:01:00,2011-11-07 11:09:00,5,1115.68,223.13600000000002,33,737,True,2009-12-09 14:02:00,6.0,True,True,4,4,3,11,Loyal Customers,Active repeat,Develop loyalty
14081,2009-12-10 18:27:00,2011-02-10 16:17:00,10,4867.57,486.75699999999995,302,729,True,2010-01-12 15:48:00,32.0,True,True,2,5,5,12,At Risk,Dormant,Low-cost reactivation
14082,2010-11-12 11:47:00,2010-12-10 11:02:00,2,413.36,206.68,365,393,True,2010-12-10 11:02:00,27.0,True,True,2,2,2,6,Hibernating,Dormant,Low-cost reactivation
14083,2009-12-18 11:34:00,2011-12-05 13:14:00,11,1082.19,98.3809090909091,4,722,True,2010-07-16 12:51:00,210.0,True,False,5,5,3,13,Loyal Customers,Active repeat,Develop loyalty
14084,2010-07-15 14:36:00,2010-07-15 14:36:00,1,150.5,150.5,512,512,False,,,True,False,1,1,1,3,Hibernating,Dormant,Low-cost reactivation
14085,2009-12-08 13:41:00,2011-12-07 13:46:00,33,9720.67,294.5657575757576,2,731,True,2009-12-08 13:44:00,0.0,True,True,5,5,5,15,Champions,Active repeat,Protect high-value active
14086,2010-09-03 10:52:00,2010-09-03 10:52:00,1,39.95,39.95,463,463,False,,,True,False,1,1,1,3,Hibernating,Dormant,Low-cost reactivation
14087,2009-12-04 15:27:00,2011-12-07 12:41:00,3,829.47,276.49,3,735,True,2010-10-31 11:22:00,330.0,True,False,5,3,3,11,Potential Loyalists,Active repeat,Develop loyalty
14088,2010-10-14 19:46:00,2011-11-29 16:16:00,16,64036.8,4002.3,10,421,True,2010-10-29 09:57:00,14.0,True,True,5,5,5,15,Champions,Active repeat,Protect high-value active
14089,2011-10-14 10:38:00,2011-10-14 10:38:00,1,158.75,158.75,57,57,False,,,False,False,4,1,1,6,New Customers,New,Drive second purchase
14090,2011-01-19 10:51:00,2011-01-19 10:51:00,1,76.32000000000001,76.32000000000001,325,325,False,,,True,False,2,1,1,4,Hibernating,Dormant,Low-cost reactivation
14091,2010-01-10 13:41:00,2010-02-23 15:17:00,2,9530.08,4765.04,654,698,True,2010-02-23 15:17:00,44.0,True,True,1,2,5,8,Hibernating,Dormant,Low-cost reactivation
14092,2009-12-16 16:24:00,2011-12-02 12:13:00,24,7229.450000000001,301.2270833333334,8,723,True,2010-01-13 12:21:00,27.0,True,True,5,5,5,15,Champions,Active repeat,Protect high-value active
14093,2011-11-27 16:27:00,2011-11-27 16:27:00,1,433.86,433.86,12,12,False,,,False,False,5,1,2,8,New Customers,New,Drive second purchase
14094,2010-09-26 11:58:00,2010-09-26 11:58:00,1,311.77,311.77,440,440,False,,,True,False,1,1,2,4,Hibernating,Dormant,Low-cost reactivation
14095,2009-12-17 12:49:00,2009-12-17 12:49:00,1,2.95,2.95,723,723,False,,,True,False,1,1,1,3,Hibernating,Dormant,Low-cost reactivation
14096,2011-08-30 10:49:00,2011-12-05 17:17:00,17,65164.79,3833.2229411764706,4,102,True,2011-09-02 15:45:00,3.0,True,True,5,5,5,15,Champions,Active repeat,Protect high-value active
14097,2010-03-04 10:46:00,2010-08-15 14:20:00,2,422.86,211.43,481,646,True,2010-08-15 14:20:00,164.0,True,False,1,2,2,5,Hibernating,Dormant,Low-cost reactivation
14098,2011-11-03 10:13:00,2011-11-03 10:13:00,1,147.35,147.35,37,37,False,,,False,False,4,1,1,6,New Customers,New,Drive second purchase
14099,2009-12-10 11:55:00,2011-11-23 13:53:00,20,5750.91,287.5455,16,730,True,2010-01-29 14:37:00,50.0,True,True,5,5,5,15,Champions,Active repeat,Protect high-value active
14100,2011-07-25 11:01:00,2011-07-25 11:01:00,1,191.95000000000002,191.95000000000002,138,138,False,,,True,False,3,1,1,5,Needs Attention,At risk,Test win-back
14101,2010-03-28 13:36:00,2011-09-27 12:28:00,13,9961.93,766.3023076923077,74,621,True,2010-05-20 13:28:00,52.0,True,True,3,5,5,13,Loyal Customers,Active repeat,Protect high-value active
14102,2011-10-26 12:46:00,2011-12-04 15:38:00,5,1105.88,221.17600000000002,5,45,True,2011-11-02 13:46:00,7.0,False,False,5,4,3,12,Loyal Customers,Active repeat,Develop loyalty
14104,2010-05-28 16:11:00,2011-07-08 12:50:00,5,743.53,148.706,155,560,True,2010-06-09 14:09:00,11.0,True,True,3,4,3,10,Loyal Customers,At risk,Test win-back
14105,2009-12-18 16:57:00,2011-04-14 17:58:00,5,5988.83,1197.766,239,721,True,2010-04-08 13:32:00,110.0,True,False,2,4,5,11,At Risk,Dormant,Low-cost reactivation
14106,2009-12-02 14:09:00,2009-12-02 14:09:00,1,214.79999999999998,214.79999999999998,737,737,False,,,True,False,1,1,1,3,Hibernating,Dormant,Low-cost reactivation
14107,2009-12-09 14:20:00,2011-10-19 12:12:00,11,4877.3,443.39090909090913,52,730,True,2010-05-09 14:14:00,150.0,True,False,4,5,5,14,Champions,Active repeat,Protect high-value active
14108,2009-12-01 18:07:00,2011-11-09 10:41:00,4,1044.96,261.24,31,738,True,2009-12-08 15:25:00,6.0,True,True,4,3,3,10,Potential Loyalists,Active repeat,Develop loyalty
14109,2011-09-28 10:18:00,2011-09-28 10:18:00,1,144.2,144.2,73,73,False,,,False,False,3,1,1,5,Needs Attention,New,Drive second purchase
14110,2009-12-01 09:50:00,2011-12-06 12:26:00,33,12987.95,393.57424242424247,4,739,True,2009-12-17 12:31:00,16.0,True,True,5,5,5,15,Champions,Active repeat,Protect high-value active
14111,2011-04-12 11:36:00,2011-11-25 13:44:00,4,692.85,173.2125,14,242,True,2011-08-25 14:51:00,135.0,True,False,5,3,3,11,Potential Loyalists,Active repeat,Develop loyalty
14112,2010-02-23 14:16:00,2011-11-17 12:30:00,13,5834.59,448.8146153846154,23,654,True,2010-05-17 09:03:00,82.0,True,True,4,5,5,14,Champions,Active repeat,Protect high-value active
14113,2009-12-08 07:42:00,2011-12-06 12:18:00,16,7092.610000000001,443.28812500000004,4,732,True,2009-12-10 12:32:00,2.0,True,True,5,5,5,15,Champions,Active repeat,Protect high-value active
14114,2010-04-12 11:07:00,2011-03-11 09:42:00,7,1364.09,194.86999999999998,274,607,True,2010-06-14 10:33:00,62.0,True,True,2,4,4,10,At Risk,Dormant,Low-cost reactivation
14115,2010-02-11 11:44:00,2010-07-26 12:36:00,2,622.6700000000001,311.33500000000004,502,667,True,2010-07-26 12:36:00,165.0,True,False,1,2,3,6,Hibernating,Dormant,Low-cost reactivation
14116,2011-08-10 12:44:00,2011-11-20 10:29:00,5,1382.74,276.548,20,122,True,2011-09-08 09:51:00,28.0,True,True,4,4,4,12,Champions,Active repeat,Develop loyalty
14117,2011-07-19 09:49:00,2011-07-19 09:49:00,1,90.0,90.0,144,144,False,,,True,False,3,1,1,5,Needs Attention,At risk,Test win-back
14118,2010-10-07 11:59:00,2010-10-07 11:59:00,1,458.45,458.45,429,429,False,,,True,False,1,1,2,4,Hibernating,Dormant,Low-cost reactivation
14119,2009-12-21 14:52:00,2010-11-29 10:33:00,2,183.37,91.685,376,718,True,2010-11-29 10:33:00,342.0,True,False,2,2,1,5,Hibernating,Dormant,Low-cost reactivation
14121,2011-10-11 10:39:00,2011-12-06 12:19:00,4,2780.15,695.0375,4,60,True,2011-11-10 10:36:00,29.0,False,False,5,3,4,12,Potential Loyalists,Active repeat,Protect high-value active
14122,2009-12-02 14:22:00,2010-10-29 15:11:00,3,362.42,120.80666666666667,406,737,True,2009-12-11 10:37:00,8.0,True,True,2,3,2,7,At Risk,Dormant,Low-cost reactivation
14123,2009-12-06 15:35:00,2009-12-06 15:35:00,1,436.18,436.18,733,733,False,,,True,False,1,1,2,4,Hibernating,Dormant,Low-cost reactivation
14124,2011-09-16 13:32:00,2011-09-16 13:32:00,1,419.58000000000004,419.58000000000004,84,84,False,,,False,False,3,1,2,6,Needs Attention,New,Drive second purchase
14125,2011-09-22 15:40:00,2011-11-29 12:47:00,3,2720.63,906.8766666666667,11,78,True,2011-11-11 12:20:00,49.0,False,False,5,3,4,12,Potential Loyalists,Active repeat,Protect high-value active
14126,2010-09-21 14:51:00,2011-12-02 11:45:00,4,1172.46,293.115,8,444,True,2011-11-29 12:21:00,433.0,True,False,5,3,3,11,Potential Loyalists,Active repeat,Develop loyalty
14127,2010-10-10 11:53:00,2011-08-09 10:49:00,6,1900.08,316.68,123,426,True,2010-11-07 11:37:00,27.0,True,True,3,4,4,11,Loyal Customers,At risk,Test win-back
14128,2010-06-06 14:05:00,2011-10-10 12:00:00,3,924.21,308.07,61,551,True,2011-03-29 10:49:00,295.0,True,False,3,3,3,9,Needs Attention,Active repeat,Develop loyalty
14129,2010-05-09 14:54:00,2011-12-08 11:02:00,9,2591.34,287.9266666666667,2,579,True,2010-08-05 10:18:00,87.0,True,True,5,5,4,14,Champions,Active repeat,Protect high-value active
14130,2009-12-11 16:33:00,2011-01-24 16:05:00,4,1858.77,464.6925,319,728,True,2010-10-18 12:54:00,310.0,True,False,2,3,4,9,At Risk,Dormant,Low-cost reactivation
14131,2010-03-01 11:59:00,2010-03-01 11:59:00,1,168.22,168.22,649,649,False,,,True,False,1,1,1,3,Hibernating,Dormant,Low-cost reactivation
14132,2011-06-09 12:04:00,2011-12-07 13:35:00,11,3586.0299999999997,326.00272727272727,2,184,True,2011-06-30 17:29:00,21.0,True,True,5,5,5,15,Champions,Active repeat,Protect high-value active
14133,2009-12-06 12:10:00,2011-08-02 11:34:00,4,911.14,227.785,130,734,True,2011-01-28 11:27:00,417.0,True,False,3,3,3,9,Needs Attention,At risk,Test win-back
14134,2009-12-10 09:25:00,2010-11-22 12:26:00,15,11123.35,741.5566666666667,383,730,True,2009-12-15 18:32:00,5.0,True,True,2,5,5,12,At Risk,Dormant,Low-cost reactivation
14135,2009-12-02 08:58:00,2011-12-08 11:38:00,24,8839.67,368.31958333333336,2,738,True,2009-12-09 10:41:00,7.0,True,True,5,5,5,15,Champions,Active repeat,Protect high-value active
14136,2009-12-08 09:19:00,2010-11-04 11:53:00,5,1570.8100000000002,314.16200000000003,401,732,True,2010-01-15 10:29:00,38.0,True,True,2,4,4,10,At Risk,Dormant,Low-cost reactivation
14137,2010-01-13 12:30:00,2010-01-13 12:30:00,1,332.7,332.7,696,696,False,,,True,False,1,1,2,4,Hibernating,Dormant,Low-cost reactivation
14138,2011-10-07 09:38:00,2011-12-08 12:44:00,2,965.8800000000001,482.94000000000005,2,64,True,2011-12-08 12:44:00,62.0,False,False,5,2,3,10,Potential Loyalists,Active repeat,Develop loyalty
14139,2010-06-15 09:17:00,2011-10-24 13:34:00,4,1086.8,271.7,46,543,True,2010-07-01 13:33:00,16.0,True,True,4,3,3,10,Potential Loyalists,Active repeat,Develop loyalty
14140,2011-11-08 11:20:00,2011-12-06 09:05:00,2,935.05,467.525,4,32,True,2011-12-06 09:05:00,27.0,False,False,5,2,3,10,Potential Loyalists,Active repeat,Develop loyalty
14141,2011-08-26 14:40:00,2011-12-07 09:53:00,4,915.1300000000001,228.78250000000003,3,105,True,2011-09-27 11:38:00,31.0,True,True,5,3,3,11,Potential Loyalists,Active repeat,Develop loyalty
14142,2010-03-03 15:13:00,2010-12-01 16:33:00,2,671.34,335.67,373,646,True,2010-12-01 16:33:00,273.0,True,False,2,2,3,7,Hibernating,Dormant,Low-cost reactivation
14143,2011-07-29 09:48:00,2011-07-29 09:48:00,1,115.8,115.8,134,134,False,,,True,False,3,1,1,5,Needs Attention,At risk,Test win-back
14144,2010-08-10 15:17:00,2010-08-10 15:17:00,1,30.599999999999998,30.599999999999998,486,486,False,,,True,False,1,1,1,3,Hibernating,Dormant,Low-cost reactivation
14145,2010-04-08 09:47:00,2011-10-24 12:10:00,7,7600.049999999999,1085.7214285714285,47,611,True,2010-06-20 13:28:00,73.0,True,True,4,4,5,13,Champions,Active repeat,Protect high-value active
14146,2010-01-13 16:04:00,2011-12-01 10:18:00,12,9450.3,787.525,9,695,True,2010-02-03 10:39:00,20.0,True,True,5,5,5,15,Champions,Active repeat,Protect high-value active
14147,2010-03-09 13:43:00,2011-09-22 18:10:00,9,2590.2000000000003,287.8,78,640,True,2010-05-10 10:53:00,61.0,True,True,3,5,4,12,Loyal Customers,Active repeat,Protect high-value active
14148,2010-10-21 14:08:00,2011-04-20 12:02:00,2,466.29,233.145,234,414,True,2011-04-20 12:02:00,180.0,True,False,2,2,2,6,Hibernating,Dormant,Low-cost reactivation
14149,2011-05-03 09:44:00,2011-05-03 09:44:00,1,446.62,446.62,221,221,False,,,True,False,2,1,2,5,Hibernating,Dormant,Low-cost reactivation
14150,2010-12-15 10:04:00,2011-11-04 10:05:00,2,658.6400000000001,329.32000000000005,36,360,True,2011-11-04 10:05:00,324.0,True,False,4,2,3,9,Potential Loyalists,Active repeat,Develop loyalty
14151,2009-12-23 10:54:00,2010-02-04 15:35:00,2,679.45,339.725,673,717,True,2010-02-04 15:35:00,43.0,True,True,1,2,3,6,Hibernating,Dormant,Low-cost reactivation
14152,2010-02-18 13:57:00,2011-09-25 12:54:00,7,1997.3400000000001,285.3342857142857,75,659,True,2010-08-02 11:46:00,164.0,True,False,3,4,4,11,Loyal Customers,Active repeat,Develop loyalty
14153,2010-08-13 14:35:00,2010-08-13 14:35:00,1,233.4,233.4,483,483,False,,,True,False,1,1,1,3,Hibernating,Dormant,Low-cost reactivation
14154,2010-01-13 12:47:00,2011-04-14 16:26:00,8,6460.7,807.5875,239,696,True,2010-07-01 17:54:00,169.0,True,False,2,4,5,11,At Risk,Dormant,Low-cost reactivation
14155,2011-03-18 14:13:00,2011-03-18 14:13:00,1,118.75,118.75,266,266,False,,,True,False,2,1,1,4,Hibernating,Dormant,Low-cost reactivation
14156,2009-12-01 12:30:00,2011-11-30 10:54:00,156,313437.62,2009.2155128205127,10,739,True,2009-12-01 12:33:00,0.0,True,True,5,5,5,15,Champions,Active repeat,Protect high-value active
14157,2010-03-03 16:49:00,2011-11-20 11:32:00,5,978.69,195.738,20,646,True,2010-10-18 15:48:00,228.0,True,False,4,4,3,11,Loyal Customers,Active repeat,Develop loyalty
14158,2011-10-30 15:08:00,2011-10-30 15:08:00,1,507.66,507.66,40,40,False,,,False,False,4,1,2,7,New Customers,New,Drive second purchase
14159,2009-12-03 12:31:00,2011-11-20 12:36:00,20,7860.8,393.04,20,737,True,2010-02-22 11:11:00,80.0,True,True,4,5,5,14,Champions,Active repeat,Protect high-value active
14160,2010-01-10 12:06:00,2010-04-08 14:30:00,7,8421.470000000001,1203.067142857143,610,699,True,2010-01-21 15:46:00,11.0,True,True,1,4,5,10,At Risk,Dormant,Low-cost reactivation
14161,2009-12-13 11:46:00,2011-05-08 11:41:00,7,2996.93,428.1328571428571,216,727,True,2010-03-14 12:37:00,91.0,True,False,2,4,5,11,At Risk,Dormant,Low-cost reactivation
14162,2011-02-20 12:32:00,2011-06-19 11:36:00,2,289.36,144.68,174,293,True,2011-06-19 11:36:00,118.0,True,False,3,2,2,7,Needs Attention,At risk,Test win-back
14163,2010-09-03 17:15:00,2011-09-13 15:18:00,5,2594.62,518.924,87,462,True,2011-04-14 17:33:00,223.0,True,False,3,4,4,11,Loyal Customers,Active repeat,Protect high-value active
14164,2011-09-20 12:18:00,2011-09-30 12:24:00,2,1631.77,815.885,71,81,True,2011-09-30 12:24:00,10.0,False,False,3,2,4,9,Needs Attention,Active repeat,Develop loyalty
14165,2011-03-09 12:39:00,2011-03-09 12:39:00,1,120.44,120.44,276,276,False,,,True,False,2,1,1,4,Hibernating,Dormant,Low-cost reactivation
14166,2010-03-23 15:10:00,2010-07-22 19:42:00,2,251.15,125.575,505,626,True,2010-07-22 19:42:00,121.0,True,False,1,2,1,4,Hibernating,Dormant,Low-cost reactivation
14167,2010-01-27 16:07:00,2011-10-31 14:29:00,8,1274.29,159.28625,39,681,True,2010-03-25 15:00:00,56.0,True,True,4,4,4,12,Champions,Active repeat,Develop loyalty
14168,2010-05-24 12:28:00,2010-10-15 10:49:00,2,370.45,185.225,421,565,True,2010-10-15 10:49:00,143.0,True,False,1,2,2,5,Hibernating,Dormant,Low-cost reactivation
14169,2010-09-21 13:39:00,2010-10-05 08:45:00,2,621.51,310.755,431,444,True,2010-10-05 08:45:00,13.0,True,True,1,2,3,6,Hibernating,Dormant,Low-cost reactivation
14170,2010-11-09 14:06:00,2010-11-29 13:10:00,3,570.18,190.05999999999997,375,395,True,2010-11-23 13:26:00,13.0,True,True,2,3,2,7,At Risk,Dormant,Low-cost reactivation
14171,2009-12-09 13:50:00,2011-09-02 16:43:00,2,498.79,249.395,98,730,True,2011-09-02 16:43:00,632.0,True,False,3,2,2,7,Needs Attention,At risk,Test win-back
14172,2010-03-07 10:58:00,2010-04-13 13:26:00,3,369.02,123.00666666666666,605,643,True,2010-03-11 13:16:00,4.0,True,True,1,3,2,6,At Risk,Dormant,Low-cost reactivation
14173,2009-12-09 12:46:00,2011-11-29 11:54:00,6,586.0,97.66666666666667,11,731,True,2010-03-08 13:24:00,89.0,True,True,5,4,2,11,Loyal Customers,Active repeat,Develop loyalty
14174,2011-11-06 13:17:00,2011-11-06 13:17:00,1,134.46,134.46,33,33,False,,,False,False,4,1,1,6,New Customers,New,Drive second purchase
14175,2010-03-22 10:43:00,2011-10-11 11:55:00,8,7678.88,959.86,60,628,True,2010-05-05 09:43:00,43.0,True,True,3,4,5,12,Loyal Customers,Active repeat,Protect high-value active
14176,2010-11-23 13:21:00,2011-02-15 13:12:00,5,756.46,151.292,297,381,True,2010-12-07 11:45:00,13.0,True,True,2,4,3,9,At Risk,Dormant,Low-cost reactivation
14177,2010-02-26 11:59:00,2011-09-14 15:11:00,13,2209.69,169.97615384615386,86,652,True,2010-02-26 12:04:00,0.0,True,True,3,5,4,12,Loyal Customers,Active repeat,Develop loyalty
14178,2011-06-10 12:51:00,2011-12-01 12:01:00,7,1600.26,228.60857142857142,9,182,True,2011-07-19 13:01:00,39.0,True,True,5,4,4,13,Champions,Active repeat,Develop loyalty
14179,2011-10-18 14:00:00,2011-10-30 12:07:00,2,701.57,350.785,41,52,True,2011-10-30 12:07:00,11.0,False,False,4,2,3,9,Potential Loyalists,Active repeat,Develop loyalty
14180,2010-06-09 14:56:00,2011-11-29 10:56:00,33,6117.5,185.37878787878788,11,548,True,2010-06-30 08:25:00,20.0,True,True,5,5,5,15,Champions,Active repeat,Protect high-value active
14181,2010-05-26 12:32:00,2010-10-25 08:27:00,2,308.35,154.175,411,563,True,2010-10-25 08:27:00,151.0,True,False,1,2,2,5,Hibernating,Dormant,Low-cost reactivation
14182,2010-04-22 15:36:00,2010-09-22 11:45:00,4,678.77,169.6925,444,596,True,2010-06-28 16:42:00,67.0,True,True,1,3,3,7,At Risk,Dormant,Low-cost reactivation
14183,2010-08-15 15:36:00,2010-10-24 14:45:00,2,278.34000000000003,139.17000000000002,411,481,True,2010-10-24 14:45:00,69.0,True,True,1,2,1,4,Hibernating,Dormant,Low-cost reactivation
14184,2011-10-04 12:43:00,2011-10-04 12:43:00,1,452.89,452.89,67,67,False,,,False,False,3,1,2,6,Needs Attention,New,Drive second purchase
14185,2011-01-12 13:52:00,2011-01-12 13:52:00,1,197.65,197.65,331,331,False,,,True,False,2,1,1,4,Hibernating,Dormant,Low-cost reactivation
14186,2010-03-05 11:17:00,2010-10-08 13:30:00,5,1550.63,310.12600000000003,427,645,True,2010-04-26 12:57:00,52.0,True,True,1,4,4,9,At Risk,Dormant,Low-cost reactivation
14187,2010-08-23 12:06:00,2010-08-23 12:06:00,1,123.5,123.5,474,474,False,,,True,False,1,1,1,3,Hibernating,Dormant,Low-cost reactivation
14188,2011-02-02 13:46:00,2011-11-09 12:45:00,6,2054.36,342.3933333333334,31,310,True,2011-05-09 10:03:00,95.0,True,False,4,4,4,12,Champions,Active repeat,Develop loyalty
14189,2010-11-16 09:28:00,2011-12-07 15:55:00,16,5503.15,343.946875,2,389,True,2010-12-06 11:42:00,20.0,True,True,5,5,5,15,Champions,Active repeat,Protect high-value active
14190,2010-02-11 14:27:00,2010-02-11 14:27:00,1,79.9,79.9,666,666,False,,,True,False,1,1,1,3,Hibernating,Dormant,Low-cost reactivation
14191,2009-12-11 10:48:00,2011-12-08 09:23:00,15,4817.66,321.1773333333333,2,729,True,2010-11-10 12:27:00,334.0,True,False,5,5,5,15,Champions,Active repeat,Protect high-value active
14192,2010-11-16 17:44:00,2010-11-16 17:44:00,1,293.74,293.74,388,388,False,,,True,False,2,1,2,5,Hibernating,Dormant,Low-cost reactivation
14193,2010-11-08 12:31:00,2011-10-03 09:34:00,3,1210.19,403.3966666666667,68,397,True,2011-03-15 11:38:00,126.0,True,False,3,3,3,9,Needs Attention,Active repeat,Develop loyalty
14194,2010-01-06 12:16:00,2011-12-05 10:38:00,36,18670.59,518.6275,5,703,True,2010-01-24 13:36:00,18.0,True,True,5,5,5,15,Champions,Active repeat,Protect high-value active
14195,2010-03-15 17:12:00,2011-05-22 10:29:00,6,2615.6,435.93333333333334,202,634,True,2010-05-07 12:41:00,52.0,True,True,2,4,4,10,At Risk,Dormant,Low-cost reactivation
14196,2011-08-25 10:25:00,2011-08-25 10:25:00,1,335.52,335.52,107,107,False,,,True,False,3,1,2,6,Needs Attention,At risk,Test win-back
14197,2010-10-25 10:01:00,2010-10-25 10:01:00,1,390.05,390.05,411,411,False,,,True,False,1,1,2,4,Hibernating,Dormant,Low-cost reactivation
14198,2010-01-05 10:07:00,2011-11-21 16:35:00,9,1569.73,174.41444444444446,18,704,True,2010-02-17 11:05:00,43.0,True,True,5,5,4,14,Champions,Active repeat,Develop loyalty
14199,2010-06-27 12:13:00,2011-05-05 13:44:00,4,1091.6999999999998,272.92499999999995,218,531,True,2010-07-07 12:50:00,10.0,True,True,2,3,3,8,At Risk,Dormant,Low-cost reactivation
14200,2010-04-01 13:01:00,2010-04-01 13:01:00,1,379.2,379.2,617,617,False,,,True,False,1,1,2,4,Hibernating,Dormant,Low-cost reactivation
14201,2010-04-30 13:00:00,2011-10-10 13:27:00,10,1193.54,119.354,60,588,True,2010-05-18 12:59:00,17.0,True,True,3,5,3,11,Loyal Customers,Active repeat,Develop loyalty
14202,2010-03-25 10:36:00,2010-11-23 17:13:00,3,847.76,282.58666666666664,381,625,True,2010-06-01 11:40:00,68.0,True,True,2,3,3,8,At Risk,Dormant,Low-cost reactivation
14203,2010-11-07 13:35:00,2010-11-07 13:35:00,1,339.34,339.34,397,397,False,,,True,False,2,1,2,5,Hibernating,Dormant,Low-cost reactivation
14204,2009-12-02 13:26:00,2011-12-07 13:38:00,4,1024.83,256.2075,2,737,True,2010-06-21 16:04:00,201.0,True,False,5,3,3,11,Potential Loyalists,Active repeat,Develop loyalty
14205,2010-03-07 12:20:00,2011-11-23 10:55:00,9,2414.2,268.2444444444444,17,643,True,2010-05-05 14:43:00,59.0,True,True,5,5,4,14,Champions,Active repeat,Protect high-value active
14206,2010-11-02 11:37:00,2011-04-14 16:38:00,3,1185.0099999999998,395.0033333333333,239,403,True,2010-11-16 18:20:00,14.0,True,True,2,3,3,8,At Risk,Dormant,Low-cost reactivation
14207,2010-01-21 09:33:00,2010-01-21 09:33:00,1,157.8,157.8,688,688,False,,,True,False,1,1,1,3,Hibernating,Dormant,Low-cost reactivation
14208,2010-06-06 13:11:00,2011-09-06 12:48:00,2,567.05,283.525,95,551,True,2011-09-06 12:48:00,456.0,True,False,3,2,2,7,Needs Attention,At risk,Test win-back
14209,2010-01-22 10:28:00,2011-11-29 10:18:00,15,4993.27,332.8846666666667,11,687,True,2010-03-11 18:46:00,48.0,True,True,5,5,5,15,Champions,Active repeat,Protect high-value active
14210,2010-01-06 10:17:00,2011-08-26 12:36:00,16,5556.57,347.285625,106,703,True,2010-03-16 15:02:00,69.0,True,True,3,5,5,13,Loyal Customers,At risk,Win back high-value
14211,2009-12-09 12:48:00,2011-10-17 13:23:00,18,4402.29,244.57166666666666,53,731,True,2010-01-26 11:32:00,47.0,True,True,4,5,5,14,Champions,Active repeat,Protect high-value active
14212,2010-09-20 11:48:00,2011-09-11 12:45:00,2,2190.14,1095.07,90,446,True,2011-09-11 12:45:00,356.0,True,False,3,2,4,9,Needs Attention,Active repeat,Develop loyalty
14213,2010-10-31 10:37:00,2010-10-31 10:37:00,1,1192.2,1192.2,405,405,False,,,True,False,2,1,3,6,Hibernating,Dormant,Low-cost reactivation
14214,2011-03-07 12:26:00,2011-11-09 10:31:00,5,1004.38,200.876,31,278,True,2011-06-22 13:59:00,107.0,True,False,4,4,3,11,Loyal Customers,Active repeat,Develop loyalty
14215,2009-12-08 09:35:00,2011-11-28 12:19:00,9,3250.33,361.1477777777778,12,732,True,2010-01-21 08:22:00,43.0,True,True,5,5,5,15,Champions,Active repeat,Protect high-value active
14216,2010-10-21 15:07:00,2011-12-06 14:56:00,5,2150.04,430.008,3,414,True,2011-11-02 10:51:00,376.0,True,False,5,4,4,13,Champions,Active repeat,Develop loyalty
14217,2010-06-30 12:54:00,2011-12-08 11:53:00,23,3298.59,143.41695652173914,2,527,True,2010-08-05 13:54:00,36.0,True,True,5,5,5,15,Champions,Active repeat,Protect high-value active
14218,2011-10-28 10:00:00,2011-10-28 10:00:00,1,169.48000000000002,169.48000000000002,43,43,False,,,False,False,4,1,1,6,New Customers,New,Drive second purchase
14219,2010-08-03 14:42:00,2011-12-05 16:23:00,3,633.8299999999999,211.27666666666664,4,493,True,2010-10-26 10:34:00,83.0,True,True,5,3,3,11,Potential Loyalists,Active repeat,Develop loyalty
14220,2010-05-19 13:26:00,2011-04-06 13:23:00,4,1515.0,378.75,247,569,True,2010-05-21 13:29:00,2.0,True,True,2,3,4,9,At Risk,Dormant,Low-cost reactivation
14221,2010-04-06 14:10:00,2011-10-28 13:42:00,17,6517.49,383.38176470588235,42,612,True,2010-05-09 13:50:00,32.0,True,True,4,5,5,14,Champions,Active repeat,Protect high-value active
14222,2011-06-15 16:42:00,2011-06-15 16:42:00,1,683.17,683.17,177,177,False,,,True,False,3,1,3,7,Needs Attention,At risk,Test win-back
14223,2011-03-20 16:02:00,2011-09-08 13:38:00,3,991.13,330.37666666666667,92,264,True,2011-07-05 11:36:00,106.0,True,False,3,3,3,9,Needs Attention,At risk,Test win-back
14224,2010-06-13 13:46:00,2011-08-21 13:24:00,9,1841.71,204.63444444444445,110,544,True,2010-06-29 12:30:00,15.0,True,True,3,5,4,12,Loyal Customers,At risk,Test win-back
14225,2010-01-12 15:02:00,2010-10-01 10:32:00,4,2031.07,507.7675,435,696,True,2010-05-18 17:25:00,126.0,True,False,1,3,4,8,At Risk,Dormant,Low-cost reactivation
14226,2010-09-24 14:32:00,2011-11-11 11:34:00,6,2985.13,497.5216666666667,29,441,True,2011-03-15 15:36:00,172.0,True,False,4,4,5,13,Champions,Active repeat,Protect high-value active
14227,2010-02-08 09:38:00,2011-11-13 15:48:00,15,6368.71,424.5806666666667,26,670,True,2010-06-01 12:42:00,113.0,True,False,4,5,5,14,Champions,Active repeat,Protect high-value active
14228,2010-06-11 12:29:00,2010-09-28 09:45:00,3,745.5,248.5,438,547,True,2010-07-06 10:07:00,24.0,True,True,1,3,3,7,At Risk,Dormant,Low-cost reactivation
14229,2010-08-25 11:47:00,2011-10-19 10:03:00,7,2594.04,370.57714285714286,52,472,True,2010-09-27 15:21:00,33.0,True,True,4,4,4,12,Champions,Active repeat,Protect high-value active
14230,2010-06-09 13:56:00,2010-09-30 09:07:00,3,979.8,326.59999999999997,436,548,True,2010-09-30 09:06:00,112.0,True,False,1,3,3,7,At Risk,Dormant,Low-cost reactivation
14231,2010-09-15 09:52:00,2011-06-09 11:05:00,4,1235.62,308.905,184,451,True,2011-02-24 11:55:00,162.0,True,False,3,3,4,10,Needs Attention,Dormant,Low-cost reactivation
14232,2011-03-20 12:44:00,2011-10-28 11:09:00,5,2048.07,409.61400000000003,43,265,True,2011-06-06 09:12:00,77.0,True,True,4,4,4,12,Champions,Active repeat,Develop loyalty
14233,2010-03-05 16:35:00,2011-10-21 15:54:00,7,2904.27,414.8957142857143,49,644,True,2010-04-28 14:02:00,53.0,True,True,4,4,4,12,Champions,Active repeat,Protect high-value active
14234,2011-10-13 13:58:00,2011-11-17 17:53:00,4,754.12,188.53,22,57,True,2011-10-25 15:39:00,12.0,False,False,4,3,3,10,Potential Loyalists,Active repeat,Develop loyalty
14235,2010-03-30 13:36:00,2011-09-25 14:37:00,9,4717.990000000001,524.2211111111112,75,619,True,2010-05-19 11:59:00,49.0,True,True,3,5,5,13,Loyal Customers,Active repeat,Protect high-value active
14236,2010-07-22 14:27:00,2011-09-20 09:13:00,5,1555.3400000000001,311.06800000000004,81,505,True,2010-08-26 10:40:00,34.0,True,True,3,4,4,11,Loyal Customers,Active repeat,Develop loyalty
14237,2010-04-28 10:04:00,2010-12-01 13:20:00,2,471.14,235.57,373,591,True,2010-12-01 13:20:00,217.0,True,False,2,2,2,6,Hibernating,Dormant,Low-cost reactivation
14238,2009-12-05 10:58:00,2011-01-17 14:40:00,3,434.23,144.74333333333334,326,735,True,2010-02-15 11:39:00,72.0,True,True,2,3,2,7,At Risk,Dormant,Low-cost reactivation
14239,2009-12-05 12:36:00,2011-10-27 14:40:00,21,4263.17,203.00809523809525,43,735,True,2009-12-09 11:31:00,3.0,True,True,4,5,5,14,Champions,Active repeat,Protect high-value active
14240,2010-10-12 12:48:00,2011-11-09 13:45:00,3,1247.49,415.83,30,424,True,2011-04-28 11:40:00,197.0,True,False,4,3,4,11,Potential Loyalists,Active repeat,Develop loyalty
14241,2010-01-12 15:11:00,2011-06-09 11:46:00,2,333.70000000000005,166.85000000000002,184,696,True,2011-06-09 11:46:00,512.0,True,False,3,2,2,7,Needs Attention,Dormant,Low-cost reactivation
14242,2011-01-18 08:53:00,2011-04-19 11:46:00,2,280.54999999999995,140.27499999999998,235,326,True,2011-04-19 11:46:00,91.0,True,False,2,2,1,5,Hibernating,Dormant,Low-cost reactivation
14243,2010-08-20 13:41:00,2011-12-01 11:12:00,17,7217.75,424.5735294117647,9,476,True,2010-09-12 15:21:00,23.0,True,True,5,5,5,15,Champions,Active repeat,Protect high-value active
14244,2010-02-17 11:40:00,2010-02-17 11:40:00,1,366.41999999999996,366.41999999999996,661,661,False,,,True,False,1,1,2,4,Hibernating,Dormant,Low-cost reactivation
14245,2011-03-21 10:41:00,2011-05-04 08:40:00,2,1693.45,846.725,220,264,True,2011-05-04 08:40:00,43.0,True,True,2,2,4,8,Hibernating,Dormant,Low-cost reactivation
14246,2011-04-08 08:25:00,2011-08-21 11:50:00,3,1474.06,491.3533333333333,111,246,True,2011-07-25 11:37:00,108.0,True,False,3,3,4,10,Needs Attention,At risk,Test win-back
14247,2010-06-06 15:07:00,2011-03-06 15:21:00,5,753.56,150.712,278,551,True,2010-07-04 13:33:00,27.0,True,True,2,4,3,9,At Risk,Dormant,Low-cost reactivation
14248,2010-07-12 14:27:00,2011-01-25 14:45:00,3,1032.95,344.31666666666666,318,515,True,2010-09-06 14:04:00,55.0,True,True,2,3,3,8,At Risk,Dormant,Low-cost reactivation
14249,2010-01-29 14:21:00,2010-10-25 12:34:00,12,5400.461,450.0384166666667,411,679,True,2010-03-17 15:37:00,47.0,True,True,1,5,5,11,At Risk,Dormant,Low-cost reactivation
14250,2011-09-11 13:44:00,2011-12-02 14:30:00,3,1904.05,634.6833333333333,7,89,True,2011-12-02 14:29:00,82.0,False,False,5,3,4,12,Potential Loyalists,Active repeat,Develop loyalty
14251,2011-10-13 12:46:00,2011-12-08 08:32:00,5,2879.7,575.9399999999999,2,58,True,2011-11-22 14:10:00,40.0,False,False,5,4,4,13,Champions,Active repeat,Protect high-value active
14252,2010-11-23 13:36:00,2010-11-23 13:36:00,1,350.99,350.99,381,381,False,,,True,False,2,1,2,5,Hibernating,Dormant,Low-cost reactivation
14253,2010-03-26 15:08:00,2010-08-03 14:55:00,2,363.40000000000003,181.70000000000002,493,623,True,2010-08-03 14:55:00,129.0,True,False,1,2,2,5,Hibernating,Dormant,Low-cost reactivation
14254,2010-10-03 11:52:00,2010-10-03 11:52:00,1,601.03,601.03,433,433,False,,,True,False,1,1,2,4,Hibernating,Dormant,Low-cost reactivation
14255,2010-06-11 15:54:00,2010-06-11 15:54:00,1,1000.63,1000.63,546,546,False,,,True,False,1,1,3,5,Hibernating,Dormant,Low-cost reactivation
14256,2010-01-14 10:35:00,2011-03-24 13:17:00,5,2460.79,492.158,260,695,True,2010-08-05 09:28:00,202.0,True,False,2,4,4,10,At Risk,Dormant,Low-cost reactivation
14257,2010-03-01 15:36:00,2011-10-06 16:54:00,9,5954.45,661.6055555555555,64,648,True,2010-07-26 13:57:00,146.0,True,False,3,5,5,13,Loyal Customers,Active repeat,Protect high-value active
14258,2009-12-04 08:36:00,2011-11-30 15:27:00,25,32051.34,1282.0536,9,736,True,2010-01-06 14:54:00,33.0,True,True,5,5,5,15,Champions,Active repeat,Protect high-value active
14259,2011-07-21 10:44:00,2011-07-21 10:44:00,1,120.0,120.0,142,142,False,,,True,False,3,1,1,5,Needs Attention,At risk,Test win-back
14260,2010-06-09 11:23:00,2010-08-25 14:55:00,3,824.28,274.76,471,549,True,2010-08-25 14:53:00,77.0,True,True,1,3,3,7,At Risk,Dormant,Low-cost reactivation
14261,2011-09-22 10:47:00,2011-10-20 10:04:00,2,1163.45,581.725,51,79,True,2011-10-20 10:04:00,27.0,False,False,4,2,3,9,Potential Loyalists,Active repeat,Develop loyalty
14262,2011-04-13 12:23:00,2011-12-01 14:17:00,8,2618.23,327.27875,8,241,True,2011-07-05 12:53:00,83.0,True,True,5,4,4,13,Champions,Active repeat,Protect high-value active
14263,2010-10-12 14:09:00,2010-10-12 14:09:00,1,322.93,322.93,423,423,False,,,True,False,1,1,2,4,Hibernating,Dormant,Low-cost reactivation
14264,2010-04-07 13:21:00,2011-07-08 10:20:00,6,1517.3600000000001,252.89333333333335,155,611,True,2010-05-16 13:23:00,39.0,True,True,3,4,4,11,Loyal Customers,At risk,Test win-back
14265,2010-04-06 14:39:00,2011-08-22 13:32:00,4,1373.35,343.3375,109,612,True,2010-09-01 12:20:00,147.0,True,False,3,3,4,10,Needs Attention,At risk,Test win-back
14266,2010-10-07 13:32:00,2010-10-07 13:32:00,1,40.56,40.56,428,428,False,,,True,False,1,1,1,3,Hibernating,Dormant,Low-cost reactivation
14267,2011-03-24 11:38:00,2011-06-30 10:09:00,3,1516.24,505.41333333333336,163,261,True,2011-03-24 12:52:00,0.0,True,True,3,3,4,10,Needs Attention,At risk,Test win-back
14268,2010-08-26 10:45:00,2010-08-26 10:45:00,1,354.85,354.85,471,471,False,,,True,False,1,1,2,4,Hibernating,Dormant,Low-cost reactivation
14269,2010-09-26 12:53:00,2010-09-26 12:53:00,1,295.73,295.73,439,439,False,,,True,False,1,1,2,4,Hibernating,Dormant,Low-cost reactivation
14270,2011-01-12 09:33:00,2011-01-12 09:33:00,1,492.65000000000003,492.65000000000003,332,332,False,,,True,False,2,1,2,5,Hibernating,Dormant,Low-cost reactivation
14271,2010-10-26 17:01:00,2011-04-28 12:47:00,2,214.18,107.09,226,409,True,2011-04-28 12:47:00,183.0,True,False,2,2,1,5,Hibernating,Dormant,Low-cost reactivation
14272,2010-05-06 14:01:00,2011-09-27 10:08:00,4,920.8100000000001,230.20250000000001,74,582,True,2010-05-26 09:49:00,19.0,True,True,3,3,3,9,Needs Attention,Active repeat,Develop loyalty
14273,2011-04-11 13:24:00,2011-10-19 13:20:00,4,559.97,139.9925,51,242,True,2011-05-06 08:25:00,24.0,True,True,4,3,2,9,Potential Loyalists,Active repeat,Develop loyalty
14274,2010-01-22 12:51:00,2010-01-22 12:51:00,1,256.6,256.6,686,686,False,,,True,False,1,1,1,3,Hibernating,Dormant,Low-cost reactivation
14275,2010-04-11 12:32:00,2010-11-09 09:06:00,6,1189.3799999999999,198.23,396,608,True,2010-04-29 10:24:00,17.0,True,True,2,4,3,9,At Risk,Dormant,Low-cost reactivation
14276,2010-02-17 13:10:00,2011-09-02 09:45:00,7,2102.68,300.3828571428571,99,660,True,2010-08-12 10:03:00,175.0,True,False,3,4,4,11,Loyal Customers,At risk,Test win-back
14277,2009-12-13 15:43:00,2011-11-24 15:01:00,9,17197.61,1910.8455555555556,15,726,True,2010-01-13 14:48:00,30.0,True,True,5,5,5,15,Champions,Active repeat,Protect high-value active
14278,2010-10-26 12:07:00,2010-10-26 12:07:00,1,205.83,205.83,410,410,False,,,True,False,2,1,1,4,Hibernating,Dormant,Low-cost reactivation
14279,2010-01-27 16:34:00,2010-07-07 08:42:00,2,191.86,95.93,521,681,True,2010-07-07 08:42:00,160.0,True,False,1,2,1,4,Hibernating,Dormant,Low-cost reactivation
14280,2011-05-27 10:37:00,2011-05-27 10:37:00,1,134.04,134.04,197,197,False,,,True,False,2,1,1,4,Hibernating,Dormant,Low-cost reactivation
14281,2010-10-27 14:45:00,2010-10-27 14:45:00,1,245.15,245.15,408,408,False,,,True,False,2,1,1,4,Hibernating,Dormant,Low-cost reactivation
14282,2010-02-15 11:22:00,2011-12-06 17:04:00,25,7250.76,290.0304,3,663,True,2010-04-29 16:45:00,73.0,True,True,5,5,5,15,Champions,Active repeat,Protect high-value active
14283,2010-05-19 12:22:00,2010-09-02 14:46:00,4,628.44,157.11,463,570,True,2010-07-26 12:26:00,68.0,True,True,1,3,3,7,At Risk,Dormant,Low-cost reactivation
14284,2010-02-24 12:06:00,2011-11-09 08:11:00,3,1299.65,433.2166666666667,31,654,True,2011-09-14 13:04:00,567.0,True,False,4,3,4,11,Potential Loyalists,Active repeat,Develop loyalty
14285,2009-12-08 14:13:00,2011-11-18 14:50:00,8,3284.42,410.5525,21,731,True,2010-02-19 09:36:00,72.0,True,True,4,4,5,13,Champions,Active repeat,Protect high-value active
14286,2009-12-04 08:40:00,2011-11-16 10:34:00,7,8479.76,1211.3942857142858,24,736,True,2010-03-10 10:50:00,96.0,True,False,4,4,5,13,Champions,Active repeat,Protect high-value active
14287,2011-05-25 11:41:00,2011-12-01 13:25:00,3,176.63,58.876666666666665,8,199,True,2011-05-25 11:44:00,0.0,True,True,5,3,1,9,Potential Loyalists,Active repeat,Develop loyalty
14288,2011-05-10 13:22:00,2011-05-10 13:22:00,1,426.6,426.6,213,213,False,,,True,False,2,1,2,5,Hibernating,Dormant,Low-cost reactivation
14289,2011-02-23 12:33:00,2011-12-01 11:44:00,6,911.26,151.87666666666667,9,290,True,2011-04-12 15:08:00,48.0,True,True,5,4,3,12,Loyal Customers,Active repeat,Develop loyalty
14290,2009-12-08 11:44:00,2011-11-28 14:02:00,8,4516.56,564.57,11,732,True,2010-03-08 10:49:00,89.0,True,True,5,4,5,14,Champions,Active repeat,Protect high-value active
14291,2009-12-09 10:46:00,2011-12-08 10:26:00,23,7904.1,343.6565217391304,2,731,True,2010-03-28 13:38:00,109.0,True,False,5,5,5,15,Champions,Active repeat,Protect high-value active
14292,2010-03-19 11:10:00,2011-12-02 11:50:00,16,9226.25,576.640625,8,631,True,2010-04-29 14:16:00,41.0,True,True,5,5,5,15,Champions,Active repeat,Protect high-value active
14293,2009-12-10 10:57:00,2011-12-06 15:17:00,9,2903.01,322.5566666666667,3,730,True,2009-12-22 09:21:00,11.0,True,True,5,5,4,14,Champions,Active repeat,Protect high-value active
14294,2010-10-28 16:25:00,2010-10-28 16:25:00,1,375.34,375.34,407,407,False,,,True,False,2,1,2,5,Hibernating,Dormant,Low-cost reactivation
14295,2009-12-08 09:49:00,2011-10-30 15:50:00,5,2362.91,472.582,40,732,True,2009-12-09 13:06:00,1.0,True,True,4,4,4,12,Champions,Active repeat,Protect high-value active
14296,2010-05-14 14:34:00,2010-10-14 14:14:00,2,456.4,228.2,421,574,True,2010-10-14 14:14:00,152.0,True,False,1,2,2,5,Hibernating,Dormant,Low-cost reactivation
14297,2011-03-10 08:31:00,2011-11-22 09:06:00,4,1305.33,326.3325,18,275,True,2011-10-10 10:45:00,214.0,True,False,5,3,4,12,Potential Loyalists,Active repeat,Develop loyalty
14298,2009-12-11 13:49:00,2011-12-01 13:12:00,82,91194.49,1112.1279268292683,8,728,True,2009-12-11 15:46:00,0.0,True,True,5,5,5,15,Champions,Active repeat,Protect high-value active
14299,2009-12-02 10:58:00,2011-12-01 16:05:00,27,14070.25,521.1203703703703,8,738,True,2009-12-20 12:21:00,18.0,True,True,5,5,5,15,Champions,Active repeat,Protect high-value active
14300,2011-11-21 08:57:00,2011-11-21 08:57:00,1,43.2,43.2,19,19,False,,,False,False,5,1,1,7,New Customers,New,Drive second purchase
14301,2010-02-11 13:07:00,2011-08-14 15:33:00,4,1992.18,498.045,117,666,True,2010-05-16 13:22:00,94.0,True,False,3,3,4,10,Needs Attention,At risk,Test win-back
14302,2009-12-02 08:16:00,2010-10-05 08:10:00,3,742.9000000000001,247.63333333333335,431,738,True,2010-02-15 09:20:00,75.0,True,True,1,3,3,7,At Risk,Dormant,Low-cost reactivation
14303,2010-10-01 10:31:00,2010-10-28 15:37:00,2,277.94,138.97,407,435,True,2010-10-28 15:37:00,27.0,True,True,2,2,1,5,Hibernating,Dormant,Low-cost reactivation
14304,2010-05-18 10:50:00,2011-05-01 11:50:00,3,1725.01,575.0033333333333,223,571,True,2010-11-25 10:20:00,190.0,True,False,2,3,4,9,At Risk,Dormant,Low-cost reactivation
14305,2011-07-27 14:14:00,2011-09-29 15:29:00,3,1858.96,619.6533333333333,71,135,True,2011-08-18 06:20:00,21.0,True,True,3,3,4,10,Needs Attention,Active repeat,Develop loyalty
14306,2010-01-31 13:42:00,2011-10-19 13:23:00,6,3151.4,525.2333333333333,51,677,True,2010-07-28 16:54:00,178.0,True,False,4,4,5,13,Champions,Active repeat,Protect high-value active
14307,2009-12-07 13:06:00,2011-09-12 09:38:00,10,4287.92,428.79200000000003,89,732,True,2010-02-04 17:50:00,59.0,True,True,3,5,5,13,Loyal Customers,Active repeat,Protect high-value active
14308,2010-06-08 16:39:00,2010-06-08 16:48:00,2,1147.02,573.51,549,549,True,2010-06-08 16:48:00,0.0,True,True,1,2,3,6,Hibernating,Dormant,Low-cost reactivation
14309,2010-06-07 10:24:00,2011-12-01 13:33:00,11,3780.81,343.71,8,551,True,2010-10-22 13:18:00,137.0,True,False,5,5,5,15,Champions,Active repeat,Protect high-value active
14310,2010-10-03 12:34:00,2010-10-03 12:34:00,1,492.1,492.1,433,433,False,,,True,False,1,1,2,4,Hibernating,Dormant,Low-cost reactivation
14311,2010-05-21 10:28:00,2011-04-11 10:14:00,2,516.45,258.225,243,568,True,2011-04-11 10:14:00,324.0,True,False,2,2,2,6,Hibernating,Dormant,Low-cost reactivation
14312,2010-07-23 15:05:00,2011-10-24 09:46:00,11,3090.29,280.93545454545455,47,504,True,2010-10-19 10:23:00,87.0,True,True,4,5,5,14,Champions,Active repeat,Protect high-value active
14314,2010-10-05 08:00:00,2011-08-25 10:39:00,2,229.8,114.9,107,431,True,2011-08-25 10:39:00,324.0,True,False,3,2,1,6,Needs Attention,At risk,Test win-back
14315,2010-03-15 12:49:00,2011-10-26 12:06:00,8,3197.8199999999997,399.72749999999996,45,635,True,2010-05-24 13:56:00,70.0,True,True,4,4,5,13,Champions,Active repeat,Protect high-value active
14316,2010-03-19 15:18:00,2010-10-13 16:31:00,5,1370.34,274.068,422,630,True,2010-05-07 08:50:00,48.0,True,True,1,4,4,9,At Risk,Dormant,Low-cost reactivation
14317,2011-10-06 10:44:00,2011-10-06 10:44:00,1,508.58000000000004,508.58000000000004,65,65,False,,,False,False,3,1,2,6,Needs Attention,New,Drive second purchase
14318,2010-09-05 15:32:00,2010-09-05 15:32:00,1,158.02,158.02,460,460,False,,,True,False,1,1,1,3,Hibernating,Dormant,Low-cost reactivation
14319,2010-10-11 13:38:00,2010-10-11 13:38:00,1,494.85,494.85,424,424,False,,,True,False,1,1,2,4,Hibernating,Dormant,Low-cost reactivation
14320,2010-01-21 11:44:00,2011-05-17 09:24:00,5,1346.75,269.35,207,688,True,2010-02-16 12:22:00,26.0,True,True,2,4,4,10,At Risk,Dormant,Low-cost reactivation
14321,2010-08-23 12:56:00,2011-11-29 09:47:00,7,2218.06,316.86571428571426,11,473,True,2010-10-04 12:48:00,41.0,True,True,5,4,4,13,Champions,Active repeat,Develop loyalty
14322,2010-02-18 08:49:00,2010-10-06 15:17:00,4,474.1,118.525,429,660,True,2010-03-12 09:15:00,22.0,True,True,1,3,2,6,At Risk,Dormant,Low-cost reactivation
14323,2011-04-15 11:44:00,2011-08-17 11:37:00,2,605.06,302.53,115,239,True,2011-08-17 11:37:00,123.0,True,False,3,2,2,7,Needs Attention,At risk,Test win-back
14324,2010-01-15 13:31:00,2010-10-26 11:44:00,2,701.61,350.805,410,693,True,2010-10-26 11:44:00,283.0,True,False,2,2,3,7,Hibernating,Dormant,Low-cost reactivation
14325,2010-05-19 09:20:00,2010-05-19 09:20:00,1,245.48000000000002,245.48000000000002,570,570,False,,,True,False,1,1,1,3,Hibernating,Dormant,Low-cost reactivation
14326,2010-06-25 12:10:00,2011-04-11 15:04:00,3,940.98,313.66,242,533,True,2010-09-02 13:29:00,69.0,True,True,2,3,3,8,At Risk,Dormant,Low-cost reactivation
14327,2010-01-08 14:04:00,2011-06-29 13:58:00,6,1894.9299999999998,315.82166666666666,163,700,True,2010-02-03 15:07:00,26.0,True,True,3,4,4,11,Loyal Customers,At risk,Test win-back
14328,2010-09-27 16:01:00,2010-09-27 16:01:00,1,445.05,445.05,438,438,False,,,True,False,1,1,2,4,Hibernating,Dormant,Low-cost reactivation
14329,2009-12-16 15:31:00,2011-11-22 15:50:00,15,9887.62,659.1746666666667,17,723,True,2010-01-25 09:38:00,39.0,True,True,5,5,5,15,Champions,Active repeat,Protect high-value active
14330,2010-03-26 09:10:00,2010-03-26 09:10:00,1,200.63,200.63,624,624,False,,,True,False,1,1,1,3,Hibernating,Dormant,Low-cost reactivation
14331,2011-07-27 15:14:00,2011-08-07 13:17:00,2,462.66,231.33,124,135,True,2011-08-07 13:17:00,10.0,True,True,3,2,2,7,Needs Attention,At risk,Test win-back
14332,2010-10-19 13:01:00,2011-11-17 11:54:00,5,1917.41,383.482,23,416,True,2010-11-23 15:24:00,35.0,True,True,4,4,4,12,Champions,Active repeat,Develop loyalty
14333,2011-10-03 10:38:00,2011-10-03 10:38:00,1,415.2,415.2,68,68,False,,,False,False,3,1,2,6,Needs Attention,New,Drive second purchase
14334,2010-05-20 10:04:00,2011-11-23 10:01:00,12,4318.48,359.8733333333333,17,569,True,2010-07-27 13:45:00,68.0,True,True,5,5,5,15,Champions,Active repeat,Protect high-value active
14335,2011-09-04 13:07:00,2011-11-23 13:41:00,2,454.86,227.43,16,96,True,2011-11-23 13:41:00,80.0,True,True,5,2,2,9,Potential Loyalists,Active repeat,Develop loyalty
14336,2011-03-08 16:48:00,2011-11-23 11:40:00,4,1614.91,403.7275,17,276,True,2011-05-04 15:37:00,56.0,True,True,5,3,4,12,Potential Loyalists,Active repeat,Develop loyalty
14338,2010-06-21 10:32:00,2011-07-01 14:08:00,3,928.1,309.3666666666667,161,537,True,2011-05-27 13:30:00,340.0,True,False,3,3,3,9,Needs Attention,At risk,Test win-back
14339,2010-10-07 08:50:00,2011-04-11 11:06:00,2,620.27,310.135,243,429,True,2011-04-11 11:06:00,186.0,True,False,2,2,3,7,Hibernating,Dormant,Low-cost reactivation
14340,2011-05-05 09:44:00,2011-05-05 09:44:00,1,134.7,134.7,219,219,False,,,True,False,2,1,1,4,Hibernating,Dormant,Low-cost reactivation
14341,2009-12-01 12:20:00,2011-10-25 15:48:00,18,4452.02,247.33444444444447,45,739,True,2009-12-15 11:20:00,13.0,True,True,4,5,5,14,Champions,Active repeat,Protect high-value active
14342,2010-08-24 13:03:00,2011-11-18 13:21:00,6,918.44,153.07333333333335,21,472,True,2010-10-03 12:46:00,39.0,True,True,4,4,3,11,Loyal Customers,Active repeat,Develop loyalty
14343,2010-01-18 16:47:00,2010-10-14 13:05:00,4,1079.66,269.915,421,690,True,2010-03-15 15:33:00,55.0,True,True,1,3,3,7,At Risk,Dormant,Low-cost reactivation
14344,2010-03-23 15:47:00,2011-08-04 13:51:00,20,2993.05,149.6525,127,626,True,2010-04-14 13:55:00,21.0,True,True,3,5,5,13,Loyal Customers,At risk,Win back high-value
14345,2011-11-01 09:51:00,2011-11-01 09:51:00,1,108.97999999999999,108.97999999999999,39,39,False,,,False,False,4,1,1,6,New Customers,New,Drive second purchase
14346,2010-07-30 10:44:00,2011-08-11 09:47:00,5,2315.75,463.15,121,498,True,2010-10-10 12:53:00,72.0,True,True,3,4,4,11,Loyal Customers,At risk,Win back high-value
14347,2009-12-03 10:49:00,2009-12-03 10:49:00,1,82.6,82.6,737,737,False,,,True,False,1,1,1,3,Hibernating,Dormant,Low-cost reactivation
14348,2011-03-24 16:23:00,2011-03-24 16:23:00,1,409.57,409.57,260,260,False,,,True,False,2,1,2,5,Hibernating,Dormant,Low-cost reactivation
14349,2011-11-29 15:39:00,2011-11-29 15:39:00,1,133.5,133.5,10,10,False,,,False,False,5,1,1,7,New Customers,New,Drive second purchase
14350,2010-10-05 15:52:00,2011-03-10 14:14:00,3,972.03,324.01,274,430,True,2010-11-24 12:01:00,49.0,True,True,2,3,3,8,At Risk,Dormant,Low-cost reactivation
14351,2011-06-28 11:56:00,2011-06-28 11:56:00,1,51.0,51.0,165,165,False,,,True,False,3,1,1,5,Needs Attention,At risk,Test win-back
14352,2011-03-11 14:58:00,2011-07-05 15:41:00,4,1078.96,269.74,157,273,True,2011-04-19 08:17:00,38.0,True,True,3,3,3,9,Needs Attention,At risk,Test win-back
14353,2010-10-04 12:38:00,2011-05-08 16:06:00,3,376.5,125.5,215,432,True,2010-10-25 14:46:00,21.0,True,True,2,3,2,7,At Risk,Dormant,Low-cost reactivation
14354,2011-11-09 15:36:00,2011-12-04 11:32:00,2,163.62,81.81,6,30,True,2011-12-04 11:32:00,24.0,False,False,5,2,1,8,Potential Loyalists,Active repeat,Develop loyalty
14355,2010-03-22 15:08:00,2010-12-09 12:16:00,3,840.0500000000001,280.0166666666667,366,627,True,2010-09-16 15:23:00,178.0,True,False,2,3,3,8,At Risk,Dormant,Low-cost reactivation
14356,2011-09-19 14:43:00,2011-09-21 09:18:00,2,701.23,350.615,80,81,True,2011-09-21 09:18:00,1.0,False,False,3,2,3,8,Needs Attention,Active repeat,Develop loyalty
14357,2011-10-27 16:23:00,2011-10-27 16:23:00,1,225.12,225.12,43,43,False,,,False,False,4,1,1,6,New Customers,New,Drive second purchase
14358,2010-10-07 17:26:00,2010-11-15 15:51:00,2,400.05999999999995,200.02999999999997,389,428,True,2010-11-15 15:51:00,38.0,True,True,2,2,2,6,Hibernating,Dormant,Low-cost reactivation
14359,2011-09-13 09:03:00,2011-11-20 13:17:00,3,912.1800000000001,304.06,19,88,True,2011-10-28 08:58:00,44.0,False,False,5,3,3,11,Potential Loyalists,Active repeat,Develop loyalty
14360,2011-09-06 11:58:00,2011-11-08 09:12:00,4,2118.0299999999997,529.5074999999999,32,95,True,2011-10-03 12:47:00,27.0,True,True,4,3,4,11,Potential Loyalists,Active repeat,Develop loyalty
14361,2010-05-10 12:29:00,2010-05-10 12:29:00,1,214.70999999999998,214.70999999999998,579,579,False,,,True,False,1,1,1,3,Hibernating,Dormant,Low-cost reactivation
14362,2011-11-17 15:08:00,2011-11-17 15:08:00,1,151.5,151.5,22,22,False,,,False,False,4,1,1,6,New Customers,New,Drive second purchase
14363,2010-09-14 14:39:00,2010-11-02 17:01:00,2,227.47,113.735,402,451,True,2010-11-02 17:01:00,49.0,True,True,2,2,1,5,Hibernating,Dormant,Low-cost reactivation
14364,2011-05-12 12:56:00,2011-08-23 11:01:00,8,3717.35,464.66875,109,211,True,2011-05-23 11:58:00,10.0,True,True,3,4,5,12,Loyal Customers,At risk,Win back high-value
14365,2010-01-27 09:44:00,2010-11-10 09:52:00,2,634.6800000000001,317.34000000000003,395,682,True,2010-11-10 09:52:00,287.0,True,False,2,2,3,7,Hibernating,Dormant,Low-cost reactivation
14366,2010-07-02 17:23:00,2010-07-02 17:23:00,1,136.0,136.0,525,525,False,,,True,False,1,1,1,3,Hibernating,Dormant,Low-cost reactivation
14367,2011-03-08 14:12:00,2011-12-01 13:19:00,16,9227.82,576.73875,8,276,True,2011-03-29 14:35:00,21.0,True,True,5,5,5,15,Champions,Active repeat,Protect high-value active
14368,2011-01-24 09:52:00,2011-01-24 09:52:00,1,155.0,155.0,320,320,False,,,True,False,2,1,1,4,Hibernating,Dormant,Low-cost reactivation
14369,2010-02-16 10:28:00,2010-03-07 15:47:00,2,469.13,234.565,642,662,True,2010-03-07 15:47:00,19.0,True,True,1,2,2,5,Hibernating,Dormant,Low-cost reactivation
14370,2010-02-01 08:35:00,2010-09-15 10:53:00,6,1175.78,195.96333333333334,451,677,True,2010-03-24 10:00:00,51.0,True,True,1,4,3,8,At Risk,Dormant,Low-cost reactivation
14371,2011-02-17 16:35:00,2011-02-17 16:35:00,1,100.5,100.5,295,295,False,,,True,False,2,1,1,4,Hibernating,Dormant,Low-cost reactivation
14372,2010-04-19 15:57:00,2010-09-22 16:17:00,2,860.08,430.04,443,599,True,2010-09-22 16:17:00,156.0,True,False,1,2,3,6,Hibernating,Dormant,Low-cost reactivation
14373,2010-12-16 15:40:00,2010-12-16 15:40:00,1,76.55,76.55,358,358,False,,,True,False,2,1,1,4,Hibernating,Dormant,Low-cost reactivation
14374,2010-06-16 14:25:00,2010-06-16 14:25:00,1,108.0,108.0,541,541,False,,,True,False,1,1,1,3,Hibernating,Dormant,Low-cost reactivation
14375,2010-06-16 14:34:00,2011-06-07 13:44:00,3,1106.82,368.94,185,541,True,2010-09-15 14:45:00,91.0,True,False,3,3,3,9,Needs Attention,Dormant,Low-cost reactivation
14376,2010-01-25 15:36:00,2010-01-25 15:36:00,1,215.46,215.46,683,683,False,,,True,False,1,1,1,3,Hibernating,Dormant,Low-cost reactivation
14377,2011-03-22 13:38:00,2011-06-01 13:32:00,2,617.05,308.525,191,262,True,2011-06-01 13:32:00,70.0,True,True,2,2,3,7,Hibernating,Dormant,Low-cost reactivation
14378,2010-03-28 12:22:00,2010-03-28 12:22:00,1,131.25,131.25,622,622,False,,,True,False,1,1,1,3,Hibernating,Dormant,Low-cost reactivation
14379,2010-08-16 15:31:00,2011-10-26 16:43:00,4,1265.1599999999999,316.28999999999996,44,480,True,2010-11-11 16:29:00,87.0,True,True,4,3,4,11,Potential Loyalists,Active repeat,Develop loyalty
14380,2010-01-26 17:11:00,2010-01-26 17:11:00,1,48.96,48.96,682,682,False,,,True,False,1,1,1,3,Hibernating,Dormant,Low-cost reactivation
14381,2010-09-14 16:15:00,2011-10-18 17:10:00,2,625.94,312.97,52,451,True,2011-10-18 17:10:00,399.0,True,False,4,2,3,9,Potential Loyalists,Active repeat,Develop loyalty
14382,2010-11-14 16:32:00,2011-11-13 16:18:00,2,1193.63,596.815,26,390,True,2011-11-13 16:18:00,363.0,True,False,4,2,3,9,Potential Loyalists,Active repeat,Develop loyalty
14383,2011-06-29 10:18:00,2011-11-01 15:53:00,3,1247.69,415.8966666666667,38,164,True,2011-10-06 13:00:00,99.0,True,False,4,3,4,11,Potential Loyalists,Active repeat,Develop loyalty
14384,2010-07-27 09:53:00,2010-07-27 09:53:00,1,58.5,58.5,501,501,False,,,True,False,1,1,1,3,Hibernating,Dormant,Low-cost reactivation
14385,2011-11-16 11:55:00,2011-11-30 15:36:00,3,202.10999999999999,67.36999999999999,9,24,True,2011-11-23 13:56:00,7.0,False,False,5,3,1,9,Potential Loyalists,Active repeat,Develop loyalty
14386,2011-02-16 09:45:00,2011-02-16 09:45:00,1,142.4,142.4,297,297,False,,,True,False,2,1,1,4,Hibernating,Dormant,Low-cost reactivation
14387,2011-08-22 14:13:00,2011-11-07 12:29:00,3,1727.6,575.8666666666667,33,109,True,2011-09-26 12:58:00,34.0,True,True,4,3,4,11,Potential Loyalists,Active repeat,Develop loyalty
14388,2010-01-20 11:54:00,2011-11-29 13:32:00,16,6388.2,399.2625,10,689,True,2010-03-04 14:27:00,43.0,True,True,5,5,5,15,Champions,Active repeat,Protect high-value active
14389,2010-04-28 14:57:00,2011-10-05 15:17:00,5,1898.01,379.602,65,590,True,2010-06-29 13:46:00,61.0,True,True,3,4,4,11,Loyal Customers,Active repeat,Develop loyalty
14390,2010-10-10 14:30:00,2011-11-29 13:49:00,13,6150.03,473.0792307692308,10,425,True,2010-11-10 12:16:00,30.0,True,True,5,5,5,15,Champions,Active repeat,Protect high-value active
14391,2010-05-12 09:42:00,2010-05-12 09:42:00,1,135.6,135.6,577,577,False,,,True,False,1,1,1,3,Hibernating,Dormant,Low-cost reactivation
14392,2010-10-03 12:56:00,2010-10-03 12:56:00,1,266.4,266.4,432,432,False,,,True,False,1,1,1,3,Hibernating,Dormant,Low-cost reactivation
14393,2011-05-05 18:16:00,2011-05-05 18:16:00,1,67.95,67.95,218,218,False,,,True,False,2,1,1,4,Hibernating,Dormant,Low-cost reactivation
14394,2010-05-24 10:43:00,2010-05-24 10:43:00,1,93.8,93.8,565,565,False,,,True,False,1,1,1,3,Hibernating,Dormant,Low-cost reactivation
14395,2010-04-18 13:12:00,2011-12-07 14:34:00,20,7801.93,390.0965,2,600,True,2010-04-21 15:46:00,3.0,True,True,5,5,5,15,Champions,Active repeat,Protect high-value active
14396,2009-12-02 14:21:00,2011-10-05 16:09:00,7,1969.38,281.34000000000003,65,737,True,2010-01-24 12:58:00,52.0,True,True,3,4,4,11,Loyal Customers,Active repeat,Develop loyalty
14397,2011-05-10 12:25:00,2011-12-07 09:22:00,19,2612.96,137.52421052631578,3,214,True,2011-05-25 14:40:00,15.0,True,True,5,5,4,14,Champions,Active repeat,Protect high-value active
14398,2010-06-30 11:57:00,2010-11-03 13:46:00,2,707.79,353.895,401,528,True,2010-11-03 13:46:00,126.0,True,False,2,2,3,7,Hibernating,Dormant,Low-cost reactivation
14399,2010-02-03 13:09:00,2010-11-10 13:23:00,8,2108.21,263.52625,394,674,True,2010-03-16 16:01:00,41.0,True,True,2,4,4,10,At Risk,Dormant,Low-cost reactivation
14400,2010-03-18 12:11:00,2011-07-13 15:50:00,3,1732.47,577.49,149,632,True,2010-10-27 13:59:00,223.0,True,False,3,3,4,10,Needs Attention,At risk,Test win-back
14401,2009-12-14 13:22:00,2011-12-05 13:30:00,22,6795.9,308.9045454545454,4,725,True,2009-12-18 15:02:00,4.0,True,True,5,5,5,15,Champions,Active repeat,Protect high-value active
14402,2010-02-25 13:20:00,2010-02-25 13:20:00,1,285.6,285.6,652,652,False,,,True,False,1,1,2,4,Hibernating,Dormant,Low-cost reactivation
14403,2010-03-10 14:00:00,2011-08-01 12:57:00,6,1880.51,313.41833333333335,130,639,True,2010-04-29 08:47:00,49.0,True,True,3,4,4,11,Loyal Customers,At risk,Test win-back
14404,2009-12-20 14:40:00,2011-11-06 12:30:00,13,2724.13,209.54846153846154,34,719,True,2009-12-20 14:45:00,0.0,True,True,4,5,4,13,Champions,Active repeat,Protect high-value active
14405,2010-11-18 11:40:00,2010-11-18 11:40:00,1,195.0,195.0,387,387,False,,,True,False,2,1,1,4,Hibernating,Dormant,Low-cost reactivation
14406,2011-08-12 16:54:00,2011-08-12 16:54:00,1,156.75,156.75,119,119,False,,,True,False,3,1,1,5,Needs Attention,At risk,Test win-back
14407,2011-03-08 11:59:00,2011-08-24 14:02:00,6,2157.73,359.62166666666667,107,277,True,2011-05-18 12:28:00,71.0,True,True,3,4,4,11,Loyal Customers,At risk,Test win-back
14408,2009-12-07 12:18:00,2011-11-29 11:41:00,11,4102.27,372.9336363636364,11,733,True,2010-03-19 15:40:00,102.0,True,False,5,5,5,15,Champions,Active repeat,Protect high-value active
14409,2010-05-21 16:45:00,2011-09-29 18:18:00,9,3427.29,380.81,71,567,True,2010-08-11 14:55:00,81.0,True,True,3,5,5,13,Loyal Customers,Active repeat,Protect high-value active
14410,2010-09-28 15:46:00,2011-09-08 15:08:00,11,2631.9,239.26363636363638,92,437,True,2010-11-28 14:57:00,60.0,True,True,3,5,4,12,Loyal Customers,At risk,Win back high-value
14411,2011-02-02 10:56:00,2011-02-02 10:56:00,1,1063.0,1063.0,311,311,False,,,True,False,2,1,3,6,Hibernating,Dormant,Low-cost reactivation
14412,2010-10-11 12:33:00,2011-10-28 10:45:00,3,1426.19,475.3966666666667,43,425,True,2011-09-28 08:48:00,351.0,True,False,4,3,4,11,Potential Loyalists,Active repeat,Develop loyalty
14413,2010-01-19 14:27:00,2010-12-12 13:37:00,4,764.52,191.13,362,689,True,2010-01-26 16:29:00,7.0,True,True,2,3,3,8,At Risk,Dormant,Low-cost reactivation
14414,2010-11-30 10:12:00,2011-09-09 12:09:00,8,2399.33,299.91625,92,375,True,2010-12-16 11:11:00,16.0,True,True,3,4,4,11,Loyal Customers,At risk,Win back high-value
14415,2009-12-16 14:08:00,2011-12-08 14:38:00,23,11980.09,520.8734782608695,1,723,True,2010-02-12 14:46:00,58.0,True,True,5,5,5,15,Champions,Active repeat,Protect high-value active
14416,2011-10-28 15:10:00,2011-11-17 15:22:00,2,490.22,245.11,22,42,True,2011-11-17 15:22:00,20.0,False,False,4,2,2,8,Potential Loyalists,Active repeat,Develop loyalty
14417,2010-11-17 10:55:00,2010-11-17 10:55:00,1,524.65,524.65,388,388,False,,,True,False,2,1,2,5,Hibernating,Dormant,Low-cost reactivation
14418,2011-08-23 17:18:00,2011-12-06 11:39:00,3,1937.25,645.75,4,108,True,2011-11-14 13:55:00,82.0,True,True,5,3,4,12,Potential Loyalists,Active repeat,Develop loyalty
14419,2010-11-22 11:09:00,2011-11-29 11:22:00,7,1254.64,179.23428571428573,11,383,True,2010-12-10 10:56:00,17.0,True,True,5,4,4,13,Champions,Active repeat,Develop loyalty
14420,2010-01-17 12:41:00,2011-09-01 18:07:00,4,1639.17,409.7925,99,692,True,2010-07-15 14:32:00,179.0,True,False,3,3,4,10,Needs Attention,At risk,Test win-back
14421,2010-01-17 11:30:00,2011-10-13 13:24:00,6,2469.37,411.56166666666667,57,692,True,2010-01-25 13:21:00,8.0,True,True,4,4,4,12,Champions,Active repeat,Protect high-value active
14422,2009-12-17 12:12:00,2011-12-09 11:26:00,19,10271.52,540.6063157894737,1,723,True,2010-01-05 13:45:00,19.0,True,True,5,5,5,15,Champions,Active repeat,Protect high-value active
14423,2010-01-14 11:49:00,2011-05-05 15:12:00,3,916.6099999999999,305.53666666666663,218,695,True,2010-09-28 10:42:00,256.0,True,False,2,3,3,8,At Risk,Dormant,Low-cost reactivation
14424,2011-11-22 11:48:00,2011-11-22 11:48:00,1,322.08,322.08,18,18,False,,,False,False,5,1,2,8,New Customers,New,Drive second purchase
14425,2009-12-02 11:31:00,2010-10-01 10:24:00,3,661.39,220.46333333333334,435,738,True,2009-12-17 11:53:00,15.0,True,True,1,3,3,7,At Risk,Dormant,Low-cost reactivation
14426,2010-03-04 14:36:00,2011-11-16 12:25:00,17,11727.94,689.8788235294118,24,645,True,2010-05-11 10:45:00,67.0,True,True,4,5,5,14,Champions,Active repeat,Protect high-value active
14427,2010-03-18 09:49:00,2011-10-20 14:23:00,4,1263.52,315.88,50,632,True,2010-08-02 11:25:00,137.0,True,False,4,3,4,11,Potential Loyalists,Active repeat,Develop loyalty
14428,2011-01-18 16:39:00,2011-12-02 13:17:00,5,1224.06,244.81199999999998,7,325,True,2011-04-14 09:43:00,85.0,True,True,5,4,4,13,Champions,Active repeat,Develop loyalty
14429,2010-11-01 10:08:00,2010-11-01 10:08:00,1,516.28,516.28,404,404,False,,,True,False,2,1,2,5,Hibernating,Dormant,Low-cost reactivation
14430,2010-04-11 15:59:00,2010-07-16 11:35:00,3,1220.9,406.9666666666667,512,607,True,2010-07-16 11:33:00,95.0,True,False,1,3,3,7,At Risk,Dormant,Low-cost reactivation
14431,2010-01-21 10:49:00,2011-02-10 10:40:00,4,2614.2,653.55,303,688,True,2010-09-10 14:04:00,232.0,True,False,2,3,4,9,At Risk,Dormant,Low-cost reactivation
14432,2011-09-11 14:09:00,2011-11-30 08:04:00,6,2248.5,374.75,10,89,True,2011-10-02 15:49:00,21.0,False,False,5,4,4,13,Champions,Active repeat,Protect high-value active
14433,2010-08-31 12:35:00,2010-08-31 12:35:00,1,280.7,280.7,466,466,False,,,True,False,1,1,1,3,Hibernating,Dormant,Low-cost reactivation
14434,2011-09-28 15:31:00,2011-11-18 08:56:00,6,1372.8,228.79999999999998,22,72,True,2011-10-05 12:59:00,6.0,False,False,4,4,4,12,Champions,Active repeat,Develop loyalty
14435,2010-07-26 12:33:00,2010-07-26 12:33:00,1,90.42,90.42,502,502,False,,,True,False,1,1,1,3,Hibernating,Dormant,Low-cost reactivation
14436,2010-06-04 11:32:00,2011-09-02 10:13:00,2,271.70000000000005,135.85000000000002,99,554,True,2011-09-02 10:13:00,454.0,True,False,3,2,1,6,Needs Attention,At risk,Test win-back
14437,2010-05-05 12:20:00,2010-12-09 09:27:00,5,873.34,174.668,366,584,True,2010-06-28 09:47:00,53.0,True,True,2,4,3,9,At Risk,Dormant,Low-cost reactivation
14438,2011-02-06 14:56:00,2011-02-06 14:56:00,1,131.9,131.9,306,306,False,,,True,False,2,1,1,4,Hibernating,Dormant,Low-cost reactivation
14439,2010-01-21 14:01:00,2011-01-24 11:39:00,5,9443.039999999999,1888.6079999999997,320,687,True,2010-01-25 09:48:00,3.0,True,True,2,4,5,11,At Risk,Dormant,Low-cost reactivation
14440,2009-12-02 12:13:00,2011-12-01 15:42:00,13,5982.030000000001,460.15615384615387,8,738,True,2010-01-22 11:43:00,50.0,True,True,5,5,5,15,Champions,Active repeat,Protect high-value active
14441,2010-01-18 10:40:00,2011-12-09 09:07:00,11,4611.69,419.2445454545454,1,691,True,2010-04-01 15:46:00,73.0,True,True,5,5,5,15,Champions,Active repeat,Protect high-value active
14442,2010-01-18 12:59:00,2011-05-19 11:36:00,7,5367.0199999999995,766.7171428571428,205,690,True,2010-05-19 14:22:00,121.0,True,False,2,4,5,11,At Risk,Dormant,Low-cost reactivation
14443,2010-11-25 14:18:00,2011-10-17 10:10:00,5,2082.97,416.59399999999994,54,379,True,2010-12-06 11:03:00,10.0,True,True,4,4,4,12,Champions,Active repeat,Develop loyalty
14444,2010-09-09 18:56:00,2010-09-09 18:56:00,1,120.44,120.44,456,456,False,,,True,False,1,1,1,3,Hibernating,Dormant,Low-cost reactivation
14445,2010-09-10 11:09:00,2010-09-10 11:09:00,1,221.65,221.65,456,456,False,,,True,False,1,1,1,3,Hibernating,Dormant,Low-cost reactivation
14446,2010-11-18 12:08:00,2011-12-09 11:34:00,5,1200.28,240.05599999999998,1,387,True,2011-04-07 12:10:00,140.0,True,False,5,4,3,12,Loyal Customers,Active repeat,Develop loyalty
14447,2010-11-04 13:32:00,2011-11-21 08:28:00,6,1711.73,285.28833333333336,19,400,True,2011-03-04 10:49:00,119.0,True,False,5,4,4,13,Champions,Active repeat,Develop loyalty
14448,2010-12-10 17:26:00,2011-11-30 13:50:00,2,375.35,187.675,9,364,True,2011-11-30 13:50:00,354.0,True,False,5,2,2,9,Potential Loyalists,Active repeat,Develop loyalty
14449,2010-09-29 13:15:00,2011-11-21 12:06:00,8,2230.96,278.87,19,436,True,2010-10-20 13:12:00,20.0,True,True,5,4,4,13,Champions,Active repeat,Develop loyalty
14450,2010-04-08 12:09:00,2011-06-12 10:46:00,7,1128.44,161.2057142857143,181,611,True,2010-11-03 13:48:00,209.0,True,False,3,4,3,10,Loyal Customers,Dormant,Low-cost reactivation
14451,2010-01-17 10:35:00,2011-10-10 13:38:00,12,3258.68,271.5566666666667,60,692,True,2010-02-11 12:22:00,25.0,True,True,3,5,5,13,Loyal Customers,Active repeat,Protect high-value active
14452,2010-07-06 13:13:00,2011-11-29 12:06:00,4,658.95,164.7375,11,521,True,2010-11-09 14:13:00,126.0,True,False,5,3,3,11,Potential Loyalists,Active repeat,Develop loyalty
14453,2011-06-02 14:15:00,2011-06-02 14:15:00,1,119.93,119.93,190,190,False,,,True,False,2,1,1,4,Hibernating,Dormant,Low-cost reactivation
14454,2009-12-06 12:56:00,2010-11-28 13:26:00,5,977.3,195.45999999999998,376,733,True,2010-02-07 12:15:00,62.0,True,True,2,4,3,9,At Risk,Dormant,Low-cost reactivation
14455,2010-08-01 13:26:00,2010-10-03 15:48:00,4,617.72,154.43,432,495,True,2010-08-08 14:39:00,7.0,True,True,1,3,3,7,At Risk,Dormant,Low-cost reactivation
14456,2011-07-20 13:06:00,2011-12-04 13:59:00,9,3017.2799999999997,335.25333333333333,5,142,True,2011-07-20 13:10:00,0.0,True,True,5,5,5,15,Champions,Active repeat,Protect high-value active
14457,2011-02-02 09:39:00,2011-02-02 09:39:00,1,113.64,113.64,311,311,False,,,True,False,2,1,1,4,Hibernating,Dormant,Low-cost reactivation
14458,2010-11-24 12:43:00,2010-11-24 12:43:00,1,228.07,228.07,381,381,False,,,True,False,2,1,1,4,Hibernating,Dormant,Low-cost reactivation
14459,2010-02-26 13:26:00,2011-07-07 13:35:00,2,5375.741,2687.8705,155,651,True,2011-07-07 13:35:00,496.0,True,False,3,2,5,10,Needs Attention,At risk,Win back high-value
14460,2009-12-15 19:06:00,2011-08-21 14:19:00,9,1093.5,121.5,110,724,True,2010-02-09 15:45:00,55.0,True,True,3,5,3,11,Loyal Customers,At risk,Test win-back
14461,2010-01-18 12:48:00,2011-07-14 17:11:00,13,6676.91,513.6084615384615,148,691,True,2010-03-30 11:14:00,70.0,True,True,3,5,5,13,Loyal Customers,At risk,Win back high-value
14462,2010-10-03 14:13:00,2011-10-04 15:55:00,12,2242.81,186.90083333333334,66,432,True,2011-01-04 12:45:00,92.0,True,False,3,5,4,12,Loyal Customers,Active repeat,Develop loyalty
14463,2010-07-28 11:35:00,2011-09-02 15:20:00,4,786.5699999999999,196.64249999999998,98,500,True,2011-05-18 14:42:00,294.0,True,False,3,3,3,9,Needs Attention,At risk,Test win-back
14464,2010-03-22 15:20:00,2010-05-20 18:00:00,2,111.0,55.5,568,627,True,2010-05-20 18:00:00,59.0,True,True,1,2,1,4,Hibernating,Dormant,Low-cost reactivation
14465,2010-01-07 15:03:00,2011-04-07 12:38:00,11,3925.85,356.8954545454545,247,701,True,2010-01-28 10:08:00,20.0,True,True,2,5,5,12,At Risk,Dormant,Low-cost reactivation
14466,2009-12-13 15:44:00,2011-11-10 14:07:00,13,4267.15,328.2423076923077,29,726,True,2010-01-14 12:11:00,31.0,True,True,4,5,5,14,Champions,Active repeat,Protect high-value active
14467,2009-12-02 12:44:00,2011-11-22 12:48:00,12,2203.24,183.60333333333332,18,738,True,2010-03-16 12:34:00,103.0,True,False,5,5,4,14,Champions,Active repeat,Develop loyalty
14468,2009-12-06 12:21:00,2009-12-06 12:21:00,1,204.24,204.24,734,734,False,,,True,False,1,1,1,3,Hibernating,Dormant,Low-cost reactivation
14469,2010-01-29 11:12:00,2010-10-19 14:30:00,4,2093.46,523.365,416,680,True,2010-03-30 10:55:00,59.0,True,True,1,3,4,8,At Risk,Dormant,Low-cost reactivation
14470,2010-10-05 12:39:00,2011-11-28 10:31:00,3,712.04,237.34666666666666,12,431,True,2011-02-25 11:56:00,142.0,True,False,5,3,3,11,Potential Loyalists,Active repeat,Develop loyalty
14471,2009-12-07 12:26:00,2010-04-27 17:12:00,2,400.95,200.475,591,733,True,2010-04-27 17:12:00,141.0,True,False,1,2,2,5,Hibernating,Dormant,Low-cost reactivation
14472,2010-01-19 13:09:00,2011-08-28 11:01:00,9,2118.72,235.4133333333333,104,689,True,2010-12-19 14:03:00,334.0,True,False,3,5,4,12,Loyal Customers,At risk,Test win-back
14473,2011-03-02 13:56:00,2011-09-26 15:10:00,2,234.34000000000003,117.17000000000002,74,282,True,2011-09-26 15:10:00,208.0,True,False,3,2,1,6,Needs Attention,Active repeat,Develop loyalty
14474,2010-05-09 12:12:00,2011-10-24 13:26:00,2,1258.8899999999999,629.4449999999999,46,580,True,2011-10-24 13:26:00,533.0,True,False,4,2,4,10,Potential Loyalists,Active repeat,Develop loyalty
14475,2010-10-27 09:20:00,2011-09-29 10:46:00,4,1151.15,287.7875,72,409,True,2011-02-08 10:12:00,104.0,True,False,3,3,3,9,Needs Attention,Active repeat,Develop loyalty
14476,2011-03-27 15:39:00,2011-03-27 15:39:00,1,193.0,193.0,257,257,False,,,True,False,2,1,1,4,Hibernating,Dormant,Low-cost reactivation
14477,2010-01-04 15:41:00,2011-11-20 11:11:00,7,1969.6,281.37142857142857,20,704,True,2010-06-29 09:44:00,175.0,True,False,4,4,4,12,Champions,Active repeat,Develop loyalty
14478,2009-12-01 13:20:00,2010-11-22 15:29:00,4,1276.6599999999999,319.16499999999996,382,738,True,2010-01-26 13:06:00,55.0,True,True,2,3,4,9,At Risk,Dormant,Low-cost reactivation
14479,2009-12-06 13:48:00,2011-03-31 09:07:00,4,1124.71,281.1775,254,733,True,2010-10-17 11:58:00,314.0,True,False,2,3,3,8,At Risk,Dormant,Low-cost reactivation
14480,2009-12-21 16:32:00,2011-11-28 16:35:00,4,1299.52,324.88,11,718,True,2010-09-28 12:27:00,280.0,True,False,5,3,4,12,Potential Loyalists,Active repeat,Develop loyalty
14481,2010-01-31 12:43:00,2011-06-28 10:38:00,5,2284.69,456.938,165,678,True,2010-04-06 11:17:00,64.0,True,True,3,4,4,11,Loyal Customers,At risk,Win back high-value
14482,2010-08-26 14:13:00,2011-11-21 13:14:00,12,4306.72,358.8933333333334,18,470,True,2010-08-26 14:20:00,0.0,True,True,5,5,5,15,Champions,Active repeat,Protect high-value active
14483,2009-12-03 10:16:00,2011-03-03 10:26:00,2,257.1,128.55,282,737,True,2011-03-03 10:26:00,455.0,True,False,2,2,1,5,Hibernating,Dormant,Low-cost reactivation
14484,2009-12-17 10:57:00,2011-10-20 14:11:00,4,1070.98,267.745,50,723,True,2010-03-12 10:30:00,84.0,True,True,4,3,3,10,Potential Loyalists,Active repeat,Develop loyalty
14485,2011-11-01 12:25:00,2011-11-01 12:25:00,1,162.8,162.8,39,39,False,,,False,False,4,1,1,6,New Customers,New,Drive second purchase
14486,2010-06-04 10:30:00,2010-07-16 09:42:00,2,175.5,87.75,512,554,True,2010-07-16 09:42:00,41.0,True,True,1,2,1,4,Hibernating,Dormant,Low-cost reactivation
14487,2010-11-25 13:36:00,2011-11-13 12:17:00,7,1266.27,180.8957142857143,27,379,True,2010-12-06 13:22:00,10.0,True,True,4,4,4,12,Champions,Active repeat,Develop loyalty
14488,2011-10-03 09:30:00,2011-10-03 09:30:00,1,1064.28,1064.28,68,68,False,,,False,False,3,1,3,7,Needs Attention,New,Drive second purchase
14489,2010-04-06 09:52:00,2011-05-16 14:51:00,4,1574.93,393.7325,207,613,True,2010-08-04 10:00:00,120.0,True,False,2,3,4,9,At Risk,Dormant,Low-cost reactivation
14490,2010-10-07 11:36:00,2010-10-29 15:04:00,2,1273.47,636.735,406,429,True,2010-10-29 15:04:00,22.0,True,True,2,2,4,8,Hibernating,Dormant,Low-cost reactivation
14491,2010-12-02 12:10:00,2011-06-17 15:22:00,2,340.93,170.465,175,373,True,2011-06-17 15:22:00,197.0,True,False,3,2,2,7,Needs Attention,At risk,Test win-back
14492,2010-03-30 14:23:00,2010-10-05 13:21:00,7,1921.91,274.55857142857144,430,619,True,2010-06-03 15:50:00,65.0,True,True,1,4,4,9,At Risk,Dormant,Low-cost reactivation
14493,2010-03-08 08:33:00,2011-12-02 16:14:00,10,5087.860000000001,508.78600000000006,7,642,True,2010-04-26 10:31:00,49.0,True,True,5,5,5,15,Champions,Active repeat,Protect high-value active
14494,2009-12-08 13:25:00,2011-11-14 09:21:00,3,401.46000000000004,133.82000000000002,26,731,True,2010-11-03 13:13:00,329.0,True,False,4,3,2,9,Potential Loyalists,Active repeat,Develop loyalty
14495,2010-02-18 08:49:00,2011-10-20 12:28:00,3,174.8,58.26666666666667,51,660,True,2011-08-10 14:13:00,538.0,True,False,4,3,1,8,Potential Loyalists,Active repeat,Develop loyalty
14496,2010-03-16 13:15:00,2011-02-01 09:01:00,7,2363.89,337.6985714285714,312,633,True,2010-05-09 14:00:00,54.0,True,True,2,4,4,10,At Risk,Dormant,Low-cost reactivation
14497,2010-02-04 09:59:00,2011-02-03 17:01:00,2,697.06,348.53,309,674,True,2011-02-03 17:01:00,364.0,True,False,2,2,3,7,Hibernating,Dormant,Low-cost reactivation
14498,2010-06-07 16:05:00,2011-10-28 12:09:00,10,3900.83,390.08299999999997,43,550,True,2010-07-07 16:04:00,29.0,True,True,4,5,5,14,Champions,Active repeat,Protect high-value active
14499,2010-08-27 11:57:00,2011-11-13 13:01:00,7,2101.79,300.2557142857143,26,470,True,2010-10-14 10:26:00,47.0,True,True,4,4,4,12,Champions,Active repeat,Develop loyalty
14500,2011-06-03 10:08:00,2011-09-12 16:45:00,3,356.85,118.95,88,190,True,2011-08-19 17:02:00,77.0,True,True,3,3,2,8,Needs Attention,Active repeat,Develop loyalty
14501,2011-01-24 10:43:00,2011-06-09 12:02:00,2,251.21,125.605,184,320,True,2011-06-09 12:02:00,136.0,True,False,3,2,1,6,Needs Attention,Dormant,Low-cost reactivation
14502,2011-01-30 15:52:00,2011-11-20 11:50:00,11,2429.83,220.89363636363635,20,313,True,2011-02-20 15:51:00,20.0,True,True,4,5,4,13,Champions,Active repeat,Protect high-value active
14503,2011-06-14 10:00:00,2011-12-06 13:30:00,6,3543.26,590.5433333333334,3,179,True,2011-09-30 14:59:00,108.0,True,False,5,4,5,14,Champions,Active repeat,Protect high-value active
14504,2011-03-06 14:38:00,2011-10-23 16:00:00,4,673.26,168.315,47,278,True,2011-03-25 12:55:00,18.0,True,True,4,3,3,10,Potential Loyalists,Active repeat,Develop loyalty
14505,2009-12-09 14:48:00,2011-11-22 15:45:00,19,11879.08,625.2147368421053,17,730,True,2009-12-21 15:20:00,12.0,True,True,5,5,5,15,Champions,Active repeat,Protect high-value active
14506,2010-04-19 08:27:00,2011-11-22 13:02:00,7,2960.25,422.89285714285717,17,600,True,2010-11-02 15:48:00,197.0,True,False,5,4,5,14,Champions,Active repeat,Protect high-value active
14507,2009-12-10 17:04:00,2011-11-16 12:21:00,11,3216.74,292.4309090909091,24,729,True,2010-02-28 12:16:00,79.0,True,True,4,5,5,14,Champions,Active repeat,Protect high-value active
14508,2010-06-17 13:02:00,2011-11-17 19:48:00,5,822.9200000000001,164.584,22,540,True,2010-06-17 13:09:00,0.0,True,True,4,4,3,11,Loyal Customers,Active repeat,Develop loyalty
14509,2010-06-23 13:21:00,2010-06-23 13:21:00,1,110.95,110.95,534,534,False,,,True,False,1,1,1,3,Hibernating,Dormant,Low-cost reactivation
14510,2010-09-29 13:35:00,2010-11-29 12:46:00,3,979.85,326.6166666666667,376,436,True,2010-09-29 13:54:00,0.0,True,True,2,3,3,8,At Risk,Dormant,Low-cost reactivation
14511,2011-07-29 12:13:00,2011-11-28 17:05:00,5,1314.81,262.962,11,134,True,2011-09-08 13:26:00,41.0,True,True,5,4,4,13,Champions,Active repeat,Develop loyalty
14512,2009-12-07 13:49:00,2011-06-05 12:39:00,7,1215.97,173.71,188,732,True,2010-04-29 11:56:00,142.0,True,False,3,4,3,10,Loyal Customers,Dormant,Low-cost reactivation
14513,2010-05-20 17:57:00,2011-08-31 11:25:00,6,788.01,131.335,101,568,True,2010-09-19 15:41:00,121.0,True,False,3,4,3,10,Loyal Customers,At risk,Test win-back
14514,2009-12-13 13:21:00,2011-10-09 16:05:00,9,4380.04,486.6711111111111,61,726,True,2010-01-25 13:22:00,43.0,True,True,3,5,5,13,Loyal Customers,Active repeat,Protect high-value active
14515,2010-06-07 12:37:00,2011-11-22 11:37:00,12,3724.06,310.3383333333333,18,551,True,2010-10-25 13:30:00,140.0,True,False,5,5,5,15,Champions,Active repeat,Protect high-value active
14516,2010-07-11 14:07:00,2010-07-11 14:07:00,1,151.17,151.17,516,516,False,,,True,False,1,1,1,3,Hibernating,Dormant,Low-cost reactivation
14517,2011-07-21 11:42:00,2011-11-06 14:20:00,2,330.45,165.225,33,142,True,2011-11-06 14:20:00,108.0,True,False,4,2,2,8,Potential Loyalists,Active repeat,Develop loyalty
14518,2011-10-06 14:43:00,2011-10-06 14:43:00,1,174.37,174.37,64,64,False,,,False,False,3,1,1,5,Needs Attention,New,Drive second purchase
14519,2009-12-11 10:40:00,2010-01-25 11:18:00,2,203.14,101.57,684,729,True,2010-01-25 11:18:00,45.0,True,True,1,2,1,4,Hibernating,Dormant,Low-cost reactivation
14520,2011-02-22 09:15:00,2011-12-08 09:46:00,2,270.6,135.3,2,291,True,2011-12-08 09:46:00,289.0,True,False,5,2,1,8,Potential Loyalists,Active repeat,Develop loyalty
14521,2010-08-05 16:35:00,2010-08-05 16:35:00,1,199.45000000000002,199.45000000000002,491,491,False,,,True,False,1,1,1,3,Hibernating,Dormant,Low-cost reactivation
14522,2010-01-24 13:55:00,2011-11-15 13:24:00,8,1748.42,218.5525,24,684,True,2010-02-26 17:33:00,33.0,True,True,4,4,4,12,Champions,Active repeat,Develop loyalty
14523,2011-08-23 13:13:00,2011-08-23 13:13:00,1,241.09,241.09,108,108,False,,,True,False,3,1,1,5,Needs Attention,At risk,Test win-back
14524,2010-10-19 11:44:00,2011-11-08 12:29:00,13,2909.86,223.8353846153846,32,417,True,2010-10-19 12:16:00,0.0,True,True,4,5,4,13,Champions,Active repeat,Protect high-value active
14525,2009-12-13 14:01:00,2011-11-20 11:37:00,17,8026.54,472.14941176470586,20,726,True,2010-01-19 12:50:00,36.0,True,True,4,5,5,14,Champions,Active repeat,Protect high-value active
14526,2010-11-15 13:32:00,2010-11-15 13:32:00,1,258.65,258.65,389,389,False,,,True,False,2,1,1,4,Hibernating,Dormant,Low-cost reactivation
14527,2009-12-02 12:06:00,2011-12-07 12:19:00,122,27246.88,223.3350819672131,3,738,True,2009-12-04 12:59:00,2.0,True,True,5,5,5,15,Champions,Active repeat,Protect high-value active
14528,2011-11-02 17:09:00,2011-11-02 17:09:00,1,364.21999999999997,364.21999999999997,37,37,False,,,False,False,4,1,2,7,New Customers,New,Drive second purchase
14529,2011-08-21 14:10:00,2011-10-10 15:27:00,3,578.61,192.87,60,110,True,2011-09-23 13:48:00,32.0,True,True,3,3,2,8,Needs Attention,Active repeat,Develop loyalty
14530,2010-01-21 11:25:00,2011-11-14 10:38:00,16,6088.87,380.554375,26,688,True,2010-03-03 12:34:00,41.0,True,True,4,5,5,14,Champions,Active repeat,Protect high-value active
14531,2010-08-17 10:16:00,2010-08-17 10:16:00,1,376.34,376.34,480,480,False,,,True,False,1,1,2,4,Hibernating,Dormant,Low-cost reactivation
14532,2010-01-10 11:47:00,2011-04-17 13:05:00,11,3845.78,349.61636363636364,236,699,True,2010-01-31 11:23:00,20.0,True,True,2,5,5,12,At Risk,Dormant,Low-cost reactivation
14533,2010-04-08 12:13:00,2011-11-15 12:05:00,11,3466.37,315.12454545454545,25,611,True,2010-05-10 15:12:00,32.0,True,True,4,5,5,14,Champions,Active repeat,Protect high-value active
14534,2010-03-15 14:16:00,2011-12-07 12:19:00,26,6187.66,237.98692307692306,3,634,True,2010-06-07 12:51:00,83.0,True,True,5,5,5,15,Champions,Active repeat,Protect high-value active
14535,2010-02-24 15:03:00,2011-10-10 15:39:00,9,5973.23,663.6922222222222,60,653,True,2010-03-25 14:22:00,28.0,True,True,3,5,5,13,Loyal Customers,Active repeat,Protect high-value active
14536,2011-03-25 12:21:00,2011-03-25 12:21:00,1,170.95,170.95,260,260,False,,,True,False,2,1,1,4,Hibernating,Dormant,Low-cost reactivation
14537,2010-03-26 13:44:00,2011-10-13 10:54:00,2,641.4000000000001,320.70000000000005,58,623,True,2011-10-13 10:54:00,565.0,True,False,4,2,3,9,Potential Loyalists,Active repeat,Develop loyalty
14538,2010-01-25 15:42:00,2011-10-06 10:31:00,5,1370.8400000000001,274.168,65,683,True,2010-06-13 14:01:00,138.0,True,False,3,4,4,11,Loyal Customers,Active repeat,Develop loyalty
14539,2011-10-26 12:03:00,2011-11-24 09:50:00,2,537.48,268.74,16,45,True,2011-11-24 09:50:00,28.0,False,False,5,2,2,9,Potential Loyalists,Active repeat,Develop loyalty
14540,2009-12-07 13:00:00,2011-11-30 10:15:00,11,3709.6400000000003,337.24,10,732,True,2009-12-16 17:34:00,9.0,True,True,5,5,5,15,Champions,Active repeat,Protect high-value active
14541,2010-01-07 11:59:00,2011-10-12 10:08:00,14,2491.38,177.9557142857143,59,702,True,2010-02-24 12:48:00,48.0,True,True,4,5,4,13,Champions,Active repeat,Protect high-value active
14542,2011-06-07 08:19:00,2011-06-07 08:19:00,1,103.25,103.25,186,186,False,,,True,False,3,1,1,5,Needs Attention,Dormant,Low-cost reactivation
14543,2009-12-01 13:47:00,2011-11-11 12:45:00,39,14587.87,374.0479487179487,29,738,True,2009-12-07 11:55:00,5.0,True,True,4,5,5,14,Champions,Active repeat,Protect high-value active
14544,2010-08-26 16:00:00,2011-11-15 15:06:00,3,2938.5299999999997,979.5099999999999,24,470,True,2010-12-13 12:50:00,108.0,True,False,4,3,5,12,Potential Loyalists,Active repeat,Protect high-value active
14545,2010-02-03 15:23:00,2010-02-03 15:23:00,1,349.25,349.25,674,674,False,,,True,False,1,1,2,4,Hibernating,Dormant,Low-cost reactivation
14546,2009-12-06 13:10:00,2011-12-04 13:00:00,11,5184.84,471.34909090909093,5,733,True,2010-02-07 11:48:00,62.0,True,True,5,5,5,15,Champions,Active repeat,Protect high-value active
14547,2011-10-16 14:35:00,2011-12-06 11:06:00,8,3974.75,496.84375,4,54,True,2011-11-06 14:39:00,21.0,False,False,5,4,5,14,Champions,Active repeat,Protect high-value active
14548,2009-12-06 14:00:00,2011-07-12 12:19:00,9,2541.29,282.36555555555555,151,733,True,2009-12-06 14:06:00,0.0,True,True,3,5,4,12,Loyal Customers,At risk,Win back high-value
14549,2009-12-02 14:06:00,2011-02-01 13:47:00,4,913.6,228.4,311,737,True,2010-04-25 11:43:00,143.0,True,False,2,3,3,8,At Risk,Dormant,Low-cost reactivation
14550,2010-08-13 12:05:00,2011-11-29 12:12:00,4,1345.06,336.265,11,484,True,2010-11-16 14:05:00,95.0,True,False,5,3,4,12,Potential Loyalists,Active repeat,Develop loyalty
14551,2010-01-27 12:06:00,2011-11-21 13:36:00,7,878.09,125.44142857142857,18,682,True,2010-07-25 15:27:00,179.0,True,False,5,4,3,12,Loyal Customers,Active repeat,Develop loyalty
14552,2010-04-26 13:44:00,2011-07-11 12:49:00,3,507.93,169.31,152,592,True,2010-11-24 12:36:00,211.0,True,False,3,3,2,8,Needs Attention,At risk,Test win-back
14553,2010-07-18 12:07:00,2011-11-20 13:20:00,9,1818.6,202.06666666666666,19,510,True,2010-07-18 12:10:00,0.0,True,True,5,5,4,14,Champions,Active repeat,Develop loyalty
14554,2011-10-18 13:04:00,2011-11-29 16:44:00,4,2279.49,569.8725,10,52,True,2011-11-16 13:25:00,29.0,False,False,5,3,4,12,Potential Loyalists,Active repeat,Protect high-value active
14555,2009-12-18 11:39:00,2011-10-13 16:24:00,6,2304.03,384.00500000000005,57,722,True,2010-05-18 13:04:00,151.0,True,False,4,4,4,12,Champions,Active repeat,Protect high-value active
14556,2010-01-20 11:49:00,2010-04-22 14:57:00,3,815.69,271.8966666666667,596,689,True,2010-02-24 16:15:00,35.0,True,True,1,3,3,7,At Risk,Dormant,Low-cost reactivation
14557,2011-09-15 15:48:00,2011-09-15 15:48:00,1,788.38,788.38,85,85,False,,,False,False,3,1,3,7,Needs Attention,New,Drive second purchase
14558,2009-12-08 10:41:00,2010-02-23 12:51:00,3,655.5,218.5,654,732,True,2010-01-28 14:59:00,51.0,True,True,1,3,3,7,At Risk,Dormant,Low-cost reactivation
14559,2010-11-14 16:05:00,2010-11-14 16:05:00,1,75.6,75.6,390,390,False,,,True,False,2,1,1,4,Hibernating,Dormant,Low-cost reactivation
14560,2009-12-02 10:15:00,2011-12-02 15:22:00,44,6114.03,138.95522727272726,7,738,True,2009-12-20 13:17:00,18.0,True,True,5,5,5,15,Champions,Active repeat,Protect high-value active
14561,2011-06-08 13:26:00,2011-09-25 12:39:00,3,1080.76,360.25333333333333,76,184,True,2011-06-30 13:43:00,22.0,True,True,3,3,3,9,Needs Attention,Active repeat,Develop loyalty
14562,2010-02-07 14:10:00,2011-12-06 11:05:00,26,6638.15,255.31346153846152,4,670,True,2010-03-08 13:48:00,28.0,True,True,5,5,5,15,Champions,Active repeat,Protect high-value active
14563,2010-04-26 12:51:00,2010-07-18 12:01:00,2,640.54,320.27,510,592,True,2010-07-18 12:01:00,82.0,True,True,1,2,3,6,Hibernating,Dormant,Low-cost reactivation
14564,2009-12-04 09:27:00,2010-10-01 09:02:00,2,2605.62,1302.81,435,736,True,2010-10-01 09:02:00,300.0,True,False,1,2,4,7,Hibernating,Dormant,Low-cost reactivation
14565,2010-08-23 09:48:00,2011-09-05 09:07:00,5,3859.2200000000003,771.844,96,474,True,2010-12-13 13:25:00,112.0,True,False,3,4,5,12,Loyal Customers,At risk,Win back high-value
14566,2010-06-24 10:34:00,2011-08-21 11:05:00,4,4092.0,1023.0,111,534,True,2010-08-20 12:55:00,57.0,True,True,3,3,5,11,Needs Attention,At risk,Win back high-value
14567,2011-08-01 13:48:00,2011-10-14 10:21:00,2,1530.3600000000001,765.1800000000001,57,130,True,2011-10-14 10:21:00,73.0,True,True,4,2,4,10,Potential Loyalists,Active repeat,Develop loyalty
14568,2010-09-30 17:15:00,2010-09-30 17:15:00,1,919.7,919.7,435,435,False,,,True,False,1,1,3,5,Hibernating,Dormant,Low-cost reactivation
14569,2010-04-15 11:49:00,2011-12-08 14:58:00,4,597.3299999999999,149.33249999999998,1,604,True,2010-08-03 14:41:00,110.0,True,False,5,3,2,10,Potential Loyalists,Active repeat,Develop loyalty
14570,2010-09-22 13:07:00,2011-03-04 10:58:00,3,613.75,204.58333333333334,281,443,True,2011-03-04 10:39:00,162.0,True,False,2,3,3,8,At Risk,Dormant,Low-cost reactivation
14571,2010-10-10 15:06:00,2010-10-10 15:06:00,1,160.0,160.0,425,425,False,,,True,False,1,1,1,3,Hibernating,Dormant,Low-cost reactivation
14572,2010-03-28 13:47:00,2011-12-06 14:40:00,11,5526.88,502.44363636363636,3,621,True,2010-05-30 14:39:00,63.0,True,True,5,5,5,15,Champions,Active repeat,Protect high-value active
14573,2010-01-08 16:34:00,2011-06-13 11:15:00,13,2163.12,166.39384615384614,180,700,True,2010-06-06 11:38:00,148.0,True,False,3,5,4,12,Loyal Customers,At risk,Test win-back
14574,2009-12-07 12:42:00,2009-12-07 12:42:00,1,143.70000000000002,143.70000000000002,733,733,False,,,True,False,1,1,1,3,Hibernating,Dormant,Low-cost reactivation
14575,2010-08-08 14:51:00,2010-08-08 14:51:00,1,420.22,420.22,488,488,False,,,True,False,1,1,2,4,Hibernating,Dormant,Low-cost reactivation
14576,2010-12-02 17:51:00,2010-12-02 17:51:00,1,35.400000000000006,35.400000000000006,372,372,False,,,True,False,2,1,1,4,Hibernating,Dormant,Low-cost reactivation
14577,2009-12-11 12:09:00,2011-11-27 12:47:00,7,1364.15,194.87857142857143,13,729,True,2010-01-27 12:11:00,47.0,True,True,5,4,4,13,Champions,Active repeat,Develop loyalty
14578,2011-12-06 17:18:00,2011-12-06 17:18:00,1,168.63,168.63,3,3,False,,,False,False,5,1,1,7,New Customers,New,Drive second purchase
14579,2010-10-03 14:36:00,2010-10-03 14:36:00,1,105.56,105.56,432,432,False,,,True,False,1,1,1,3,Hibernating,Dormant,Low-cost reactivation
14580,2010-07-09 15:20:00,2010-07-09 15:20:00,1,14.850000000000001,14.850000000000001,518,518,False,,,True,False,1,1,1,3,Hibernating,Dormant,Low-cost reactivation
14581,2010-06-13 15:48:00,2011-11-23 12:39:00,2,409.65,204.825,17,544,True,2011-11-23 12:39:00,527.0,True,False,5,2,2,9,Potential Loyalists,Active repeat,Develop loyalty
14582,2011-10-30 11:56:00,2011-10-30 11:56:00,1,114.11,114.11,41,41,False,,,False,False,4,1,1,6,New Customers,New,Drive second purchase
14583,2010-03-28 15:16:00,2011-12-04 12:32:00,8,1660.29,207.53625,6,621,True,2010-06-24 14:34:00,87.0,True,True,5,4,4,13,Champions,Active repeat,Develop loyalty
14584,2010-02-17 14:01:00,2011-06-23 18:33:00,8,1738.16,217.27,169,660,True,2010-03-19 16:24:00,30.0,True,True,3,4,4,11,Loyal Customers,At risk,Test win-back
14585,2010-10-19 12:17:00,2011-10-20 14:33:00,5,1143.27,228.654,50,417,True,2010-11-10 11:25:00,21.0,True,True,4,4,3,11,Loyal Customers,Active repeat,Develop loyalty
14586,2011-03-08 10:04:00,2011-03-08 10:04:00,1,237.36,237.36,277,277,False,,,True,False,2,1,1,4,Hibernating,Dormant,Low-cost reactivation
14587,2011-01-12 13:16:00,2011-11-21 11:34:00,9,1580.29,175.58777777777777,19,331,True,2011-02-01 12:54:00,19.0,True,True,5,5,4,14,Champions,Active repeat,Develop loyalty
14588,2010-05-10 15:08:00,2010-05-10 15:08:00,1,135.39,135.39,578,578,False,,,True,False,1,1,1,3,Hibernating,Dormant,Low-cost reactivation
14589,2010-12-03 11:42:00,2010-12-03 11:42:00,1,39.75,39.75,372,372,False,,,True,False,2,1,1,4,Hibernating,Dormant,Low-cost reactivation
14590,2009-12-07 14:10:00,2010-10-11 12:06:00,20,2993.37,149.6685,425,732,True,2009-12-10 15:52:00,3.0,True,True,1,5,5,11,At Risk,Dormant,Low-cost reactivation
14591,2011-05-10 14:09:00,2011-11-24 13:57:00,4,1320.21,330.0525,15,213,True,2011-11-24 13:53:00,197.0,True,False,5,3,4,12,Potential Loyalists,Active repeat,Develop loyalty
14592,2011-10-06 18:08:00,2011-11-04 16:35:00,3,557.9399999999999,185.98,35,64,True,2011-10-14 14:58:00,7.0,False,False,4,3,2,9,Potential Loyalists,Active repeat,Develop loyalty
14593,2009-12-09 12:57:00,2011-11-18 12:48:00,12,3665.5299999999997,305.4608333333333,22,730,True,2010-02-10 11:21:00,62.0,True,True,4,5,5,14,Champions,Active repeat,Protect high-value active
14594,2010-12-01 13:54:00,2011-12-02 13:28:00,2,363.33,181.665,7,373,True,2011-12-02 13:28:00,365.0,True,False,5,2,2,9,Potential Loyalists,Active repeat,Develop loyalty
14595,2010-01-20 13:59:00,2011-11-20 12:12:00,8,2164.4500000000003,270.55625000000003,20,688,True,2010-09-12 12:47:00,234.0,True,False,4,4,4,12,Champions,Active repeat,Develop loyalty
14596,2010-03-23 12:13:00,2010-03-23 12:13:00,1,222.22000000000003,222.22000000000003,627,627,False,,,True,False,1,1,1,3,Hibernating,Dormant,Low-cost reactivation
14597,2010-09-28 13:17:00,2011-11-28 13:13:00,6,2184.63,364.105,11,437,True,2010-11-12 14:55:00,45.0,True,True,5,4,4,13,Champions,Active repeat,Develop loyalty
14598,2010-05-19 13:07:00,2011-10-26 13:19:00,2,384.03999999999996,192.01999999999998,44,569,True,2011-10-26 13:19:00,525.0,True,False,4,2,2,8,Potential Loyalists,Active repeat,Develop loyalty
14599,2010-07-18 15:54:00,2010-11-14 14:49:00,2,457.89,228.945,390,509,True,2010-11-14 14:49:00,118.0,True,False,2,2,2,6,Hibernating,Dormant,Low-cost reactivation
14600,2010-11-11 15:56:00,2011-02-07 09:48:00,2,865.1700000000001,432.58500000000004,306,393,True,2011-02-07 09:48:00,87.0,True,True,2,2,3,7,Hibernating,Dormant,Low-cost reactivation
14601,2011-11-29 09:48:00,2011-11-29 09:48:00,1,213.96,213.96,11,11,False,,,False,False,5,1,1,7,New Customers,New,Drive second purchase
14602,2010-02-21 15:47:00,2010-02-21 15:47:00,1,205.35999999999999,205.35999999999999,656,656,False,,,True,False,1,1,1,3,Hibernating,Dormant,Low-cost reactivation
14603,2011-03-10 10:27:00,2011-03-10 10:27:00,1,660.0,660.0,275,275,False,,,True,False,2,1,3,6,Hibernating,Dormant,Low-cost reactivation
14604,2010-03-16 13:00:00,2010-03-16 13:00:00,1,143.85999999999999,143.85999999999999,633,633,False,,,True,False,1,1,1,3,Hibernating,Dormant,Low-cost reactivation
14605,2009-12-08 13:59:00,2010-11-30 14:07:00,4,921.5600000000001,230.39000000000001,374,731,True,2009-12-08 14:01:00,0.0,True,True,2,3,3,8,At Risk,Dormant,Low-cost reactivation
14606,2009-12-03 12:40:00,2011-12-08 19:28:00,192,29951.37,155.99671874999999,1,737,True,2009-12-06 14:54:00,3.0,True,True,5,5,5,15,Champions,Active repeat,Protect high-value active
14607,2009-12-15 11:25:00,2011-11-24 10:35:00,22,23763.13,1080.1422727272727,16,725,True,2010-02-04 10:56:00,50.0,True,True,5,5,5,15,Champions,Active repeat,Protect high-value active
14608,2009-12-06 12:34:00,2011-12-05 16:52:00,11,3352.94,304.8127272727273,4,734,True,2009-12-10 15:30:00,4.0,True,True,5,5,5,15,Champions,Active repeat,Protect high-value active
14609,2010-02-09 09:48:00,2011-09-28 12:54:00,10,1486.2,148.62,72,669,True,2010-05-05 08:58:00,84.0,True,True,3,5,4,12,Loyal Customers,Active repeat,Develop loyalty
14610,2010-07-13 16:06:00,2010-11-09 10:58:00,2,24.35,12.175,396,514,True,2010-11-09 10:58:00,118.0,True,False,2,2,1,5,Hibernating,Dormant,Low-cost reactivation
14611,2010-04-20 10:19:00,2010-09-22 09:19:00,2,604.3299999999999,302.16499999999996,444,599,True,2010-09-22 09:19:00,154.0,True,False,1,2,2,5,Hibernating,Dormant,Low-cost reactivation
14612,2010-10-20 16:01:00,2010-10-20 16:01:00,1,877.7,877.7,415,415,False,,,True,False,1,1,3,5,Hibernating,Dormant,Low-cost reactivation
14613,2010-01-28 13:02:00,2010-01-28 13:02:00,1,76.32000000000001,76.32000000000001,680,680,False,,,True,False,1,1,1,3,Hibernating,Dormant,Low-cost reactivation
14614,2010-11-18 13:04:00,2010-11-18 13:04:00,1,295.13,295.13,386,386,False,,,True,False,2,1,2,5,Hibernating,Dormant,Low-cost reactivation
14615,2010-06-09 13:59:00,2010-11-10 13:36:00,5,951.76,190.352,394,548,True,2010-07-16 14:15:00,37.0,True,True,2,4,3,9,At Risk,Dormant,Low-cost reactivation
14616,2010-06-09 09:42:00,2011-04-11 09:54:00,5,527.78,105.556,243,549,True,2010-11-19 16:33:00,163.0,True,False,2,4,2,8,At Risk,Dormant,Low-cost reactivation
14617,2010-10-20 10:40:00,2010-11-02 11:41:00,2,190.47000000000003,95.23500000000001,403,416,True,2010-11-02 11:41:00,13.0,True,True,2,2,1,5,Hibernating,Dormant,Low-cost reactivation
14618,2010-06-11 10:11:00,2011-11-30 13:45:00,7,1342.3200000000002,191.76000000000002,9,547,True,2010-10-19 16:56:00,130.0,True,False,5,4,4,13,Champions,Active repeat,Develop loyalty
14619,2010-06-16 14:41:00,2011-04-08 07:37:00,2,1291.24,645.62,246,541,True,2011-04-08 07:37:00,295.0,True,False,2,2,4,8,Hibernating,Dormant,Low-cost reactivation
14620,2011-03-01 08:30:00,2011-05-18 11:58:00,2,412.78,206.39,206,284,True,2011-05-18 11:58:00,78.0,True,True,2,2,2,6,Hibernating,Dormant,Low-cost reactivation
14621,2010-01-25 09:08:00,2011-12-08 16:22:00,9,3000.57,333.3966666666667,1,684,True,2010-06-23 14:14:00,149.0,True,False,5,5,5,15,Champions,Active repeat,Protect high-value active
14622,2011-06-08 12:42:00,2011-06-08 12:42:00,1,320.58000000000004,320.58000000000004,185,185,False,,,True,False,3,1,2,6,Needs Attention,Dormant,Low-cost reactivation
14623,2010-04-16 17:12:00,2011-11-07 13:56:00,10,2016.98,201.698,32,602,True,2010-04-23 13:00:00,6.0,True,True,4,5,4,13,Champions,Active repeat,Develop loyalty
14624,2010-04-14 10:44:00,2011-10-13 13:44:00,6,814.07,135.67833333333334,57,605,True,2010-06-03 10:11:00,49.0,True,True,4,4,3,11,Loyal Customers,Active repeat,Develop loyalty
14625,2009-12-16 13:23:00,2011-05-27 15:32:00,11,4497.88,408.89818181818185,196,723,True,2010-01-28 09:09:00,42.0,True,True,2,5,5,12,At Risk,Dormant,Low-cost reactivation
14626,2009-12-10 14:57:00,2011-11-16 10:37:00,11,5410.92,491.9018181818182,24,729,True,2010-01-07 11:23:00,27.0,True,True,4,5,5,14,Champions,Active repeat,Protect high-value active
14627,2010-11-25 16:32:00,2010-11-25 16:32:00,1,462.75,462.75,379,379,False,,,True,False,2,1,2,5,Hibernating,Dormant,Low-cost reactivation
14628,2010-01-25 14:40:00,2011-09-09 14:58:00,5,1998.0,399.6,91,683,True,2010-03-08 08:42:00,41.0,True,True,3,4,4,11,Loyal Customers,At risk,Test win-back
14629,2011-10-23 16:13:00,2011-12-05 16:55:00,2,955.26,477.63,4,47,True,2011-12-05 16:55:00,43.0,False,False,5,2,3,10,Potential Loyalists,Active repeat,Develop loyalty
14630,2010-08-12 16:38:00,2010-08-12 16:38:00,1,338.65,338.65,484,484,False,,,True,False,1,1,2,4,Hibernating,Dormant,Low-cost reactivation
14631,2010-08-09 14:45:00,2011-10-20 11:17:00,6,2025.69,337.615,51,487,True,2010-10-20 10:50:00,71.0,True,True,4,4,4,12,Champions,Active repeat,Develop loyalty
14632,2011-03-22 08:49:00,2011-03-22 08:49:00,1,114.56,114.56,263,263,False,,,True,False,2,1,1,4,Hibernating,Dormant,Low-cost reactivation
14633,2011-03-18 17:07:00,2011-03-18 17:07:00,1,344.90000000000003,344.90000000000003,266,266,False,,,True,False,2,1,2,5,Hibernating,Dormant,Low-cost reactivation
14634,2010-06-16 09:48:00,2010-09-28 10:40:00,4,2124.46,531.115,438,542,True,2010-06-23 17:26:00,7.0,True,True,1,3,4,8,At Risk,Dormant,Low-cost reactivation
14635,2010-09-12 10:47:00,2010-09-12 10:47:00,1,215.22,215.22,454,454,False,,,True,False,1,1,1,3,Hibernating,Dormant,Low-cost reactivation
14636,2011-03-16 09:52:00,2011-11-03 16:12:00,2,609.85,304.925,36,269,True,2011-11-03 16:12:00,232.0,True,False,4,2,3,9,Potential Loyalists,Active repeat,Develop loyalty
14637,2010-01-31 15:52:00,2010-01-31 15:52:00,1,106.67999999999999,106.67999999999999,677,677,False,,,True,False,1,1,1,3,Hibernating,Dormant,Low-cost reactivation
14638,2011-10-20 10:10:00,2011-10-20 10:10:00,1,443.6,443.6,51,51,False,,,False,False,4,1,2,7,New Customers,New,Drive second purchase
14639,2010-02-16 12:35:00,2011-10-18 15:06:00,9,4978.96,553.2177777777778,52,662,True,2010-07-08 08:08:00,141.0,True,False,4,5,5,14,Champions,Active repeat,Protect high-value active
14640,2010-01-22 15:44:00,2011-11-15 13:07:00,10,3649.36,364.93600000000004,24,686,True,2010-03-25 10:04:00,61.0,True,True,4,5,5,14,Champions,Active repeat,Protect high-value active
14641,2011-11-18 10:42:00,2011-11-18 10:42:00,1,110.46,110.46,22,22,False,,,False,False,4,1,1,6,New Customers,New,Drive second purchase
14642,2011-10-12 11:08:00,2011-10-12 11:08:00,1,96.12,96.12,59,59,False,,,False,False,4,1,1,6,New Customers,New,Drive second purchase
14643,2009-12-11 11:52:00,2011-06-22 14:41:00,5,1679.89,335.978,170,729,True,2010-03-22 15:49:00,101.0,True,False,3,4,4,11,Loyal Customers,At risk,Test win-back
14644,2009-12-03 16:24:00,2011-10-03 08:30:00,7,2247.7200000000003,321.1028571428572,68,736,True,2010-08-02 12:44:00,241.0,True,False,3,4,4,11,Loyal Customers,Active repeat,Develop loyalty
14645,2010-03-15 11:33:00,2011-07-06 09:15:00,3,876.8900000000001,292.2966666666667,157,635,True,2011-03-09 09:52:00,358.0,True,False,3,3,3,9,Needs Attention,At risk,Test win-back
14646,2009-12-02 16:52:00,2011-12-08 12:12:00,151,528602.52,3500.678940397351,2,737,True,2009-12-02 16:53:00,0.0,True,True,5,5,5,15,Champions,Active repeat,Protect high-value active
14647,2010-07-04 13:27:00,2011-05-22 13:40:00,2,506.04,253.02,201,523,True,2011-05-22 13:40:00,322.0,True,False,2,2,2,6,Hibernating,Dormant,Low-cost reactivation
14648,2009-12-10 13:59:00,2010-10-19 13:12:00,15,4466.65,297.77666666666664,416,729,True,2010-02-04 13:34:00,55.0,True,True,1,5,5,11,At Risk,Dormant,Low-cost reactivation
14649,2010-01-20 13:10:00,2011-12-05 12:30:00,9,3651.19,405.6877777777778,5,688,True,2010-03-05 13:24:00,44.0,True,True,5,5,5,15,Champions,Active repeat,Protect high-value active
14650,2010-04-29 20:27:00,2010-04-29 20:27:00,1,62.5,62.5,589,589,False,,,True,False,1,1,1,3,Hibernating,Dormant,Low-cost reactivation
14651,2010-03-18 11:39:00,2011-10-03 15:52:00,9,2025.52,225.05777777777777,67,632,True,2010-03-18 11:42:00,0.0,True,True,3,5,4,12,Loyal Customers,Active repeat,Develop loyalty
14652,2011-09-23 14:21:00,2011-09-23 14:21:00,1,114.18,114.18,77,77,False,,,False,False,3,1,1,5,Needs Attention,New,Drive second purchase
14653,2009-12-02 11:51:00,2011-12-08 13:45:00,12,3593.06,299.4216666666667,1,738,True,2010-01-05 12:20:00,34.0,True,True,5,5,5,15,Champions,Active repeat,Protect high-value active
14654,2009-12-01 12:57:00,2009-12-01 12:57:00,1,246.86,246.86,738,738,False,,,True,False,1,1,1,3,Hibernating,Dormant,Low-cost reactivation
14655,2010-04-22 14:29:00,2011-12-01 16:28:00,7,3878.51,554.0728571428572,8,596,True,2010-07-05 09:45:00,73.0,True,True,5,4,5,14,Champions,Active repeat,Protect high-value active
14656,2010-04-15 12:10:00,2011-06-23 13:51:00,5,790.0,158.0,169,604,True,2010-07-14 12:29:00,90.0,True,True,3,4,3,10,Loyal Customers,At risk,Test win-back
14657,2010-09-30 19:57:00,2011-11-22 12:47:00,6,1450.19,241.69833333333335,18,435,True,2010-10-06 15:33:00,5.0,True,True,5,4,4,13,Champions,Active repeat,Develop loyalty
14658,2011-08-14 15:42:00,2011-12-04 15:35:00,2,247.15,123.575,5,117,True,2011-12-04 15:35:00,111.0,True,False,5,2,1,8,Potential Loyalists,Active repeat,Develop loyalty
14659,2011-01-28 12:43:00,2011-12-01 12:17:00,9,2529.93,281.1033333333333,9,316,True,2011-02-15 12:05:00,17.0,True,True,5,5,4,14,Champions,Active repeat,Protect high-value active
14660,2011-08-31 10:40:00,2011-09-14 11:34:00,2,285.74,142.87,87,101,True,2011-09-14 11:34:00,14.0,True,True,3,2,2,7,Needs Attention,Active repeat,Develop loyalty
14661,2011-11-13 11:51:00,2011-11-13 11:51:00,1,107.95,107.95,27,27,False,,,False,False,4,1,1,6,New Customers,New,Drive second purchase
14662,2009-12-03 16:47:00,2011-11-11 12:13:00,7,1376.43,196.63285714285715,29,736,True,2010-03-17 11:21:00,103.0,True,False,4,4,4,12,Champions,Active repeat,Develop loyalty
14663,2010-10-05 13:12:00,2010-10-05 13:21:00,2,490.6,245.3,430,430,True,2010-10-05 13:21:00,0.0,True,True,1,2,2,5,Hibernating,Dormant,Low-cost reactivation
14664,2011-11-06 14:56:00,2011-11-20 10:59:00,2,636.24,318.12,20,33,True,2011-11-20 10:59:00,13.0,False,False,4,2,3,9,Potential Loyalists,Active repeat,Develop loyalty
14665,2010-04-26 11:17:00,2011-10-10 09:14:00,7,2749.65,392.8071428571429,61,593,True,2010-10-08 14:40:00,165.0,True,False,3,4,4,11,Loyal Customers,Active repeat,Protect high-value active
14666,2011-11-15 12:57:00,2011-11-15 12:57:00,1,195.25,195.25,24,24,False,,,False,False,4,1,1,6,New Customers,New,Drive second purchase
14667,2009-12-02 12:38:00,2011-11-29 11:30:00,54,20395.34,377.6914814814815,11,738,True,2009-12-16 11:53:00,13.0,True,True,5,5,5,15,Champions,Active repeat,Protect high-value active
14668,2010-09-20 15:03:00,2010-09-20 15:03:00,1,111.63,111.63,445,445,False,,,True,False,1,1,1,3,Hibernating,Dormant,Low-cost reactivation
14669,2009-12-02 13:06:00,2011-04-12 11:43:00,7,3216.7799999999997,459.53999999999996,242,737,True,2010-02-16 12:11:00,75.0,True,True,2,4,5,11,At Risk,Dormant,Low-cost reactivation
14670,2009-12-07 13:59:00,2011-03-04 14:13:00,3,583.3299999999999,194.4433333333333,280,732,True,2011-03-04 13:58:00,451.0,True,False,2,3,2,7,At Risk,Dormant,Low-cost reactivation
14671,2010-05-20 18:21:00,2010-06-08 13:39:00,2,1127.45,563.725,549,568,True,2010-06-08 13:39:00,18.0,True,True,1,2,3,6,Hibernating,Dormant,Low-cost reactivation
14672,2010-01-28 11:33:00,2011-04-19 10:19:00,4,1113.1399999999999,278.28499999999997,235,681,True,2010-07-12 10:23:00,164.0,True,False,2,3,3,8,At Risk,Dormant,Low-cost reactivation
14673,2010-10-26 10:14:00,2011-12-06 14:31:00,7,3037.3199999999997,433.9028571428571,3,410,True,2010-11-24 12:06:00,29.0,True,True,5,4,5,14,Champions,Active repeat,Protect high-value active
14674,2010-07-18 14:25:00,2010-07-18 14:25:00,1,173.66,173.66,509,509,False,,,True,False,1,1,1,3,Hibernating,Dormant,Low-cost reactivation
14675,2010-11-16 12:22:00,2011-11-23 12:58:00,2,1015.58,507.79,16,389,True,2011-11-23 12:58:00,372.0,True,False,5,2,3,10,Potential Loyalists,Active repeat,Develop loyalty
14676,2010-03-10 09:30:00,2011-11-08 13:29:00,12,8356.789999999999,696.3991666666666,31,640,True,2010-03-31 15:00:00,21.0,True,True,4,5,5,14,Champions,Active repeat,Protect high-value active
14677,2010-04-26 09:48:00,2010-04-26 09:48:00,1,184.91,184.91,593,593,False,,,True,False,1,1,1,3,Hibernating,Dormant,Low-cost reactivation
14678,2010-05-09 14:32:00,2010-05-09 14:32:00,1,403.39,403.39,579,579,False,,,True,False,1,1,2,4,Hibernating,Dormant,Low-cost reactivation
14679,2009-12-08 17:13:00,2010-11-23 11:51:00,3,1289.44,429.81333333333333,382,731,True,2010-07-06 09:58:00,209.0,True,False,2,3,4,9,At Risk,Dormant,Low-cost reactivation
14680,2009-12-04 12:36:00,2011-11-14 16:59:00,58,55688.5,960.1465517241379,25,736,True,2009-12-11 12:11:00,6.0,True,True,4,5,5,14,Champions,Active repeat,Protect high-value active
14681,2010-02-24 08:54:00,2011-09-29 15:52:00,6,875.1500000000001,145.85833333333335,71,654,True,2010-03-05 12:57:00,9.0,True,True,3,4,3,10,Loyal Customers,Active repeat,Develop loyalty
14682,2010-02-05 14:47:00,2011-06-05 12:12:00,6,1514.81,252.46833333333333,188,672,True,2010-03-25 17:06:00,48.0,True,True,3,4,4,11,Loyal Customers,Dormant,Low-cost reactivation
14683,2010-04-30 17:18:00,2010-04-30 17:18:00,1,146.56,146.56,588,588,False,,,True,False,1,1,1,3,Hibernating,Dormant,Low-cost reactivation
14684,2010-11-14 14:07:00,2011-11-14 11:33:00,6,1430.0300000000002,238.33833333333337,26,390,True,2010-12-12 12:44:00,27.0,True,True,4,4,4,12,Champions,Active repeat,Develop loyalty
14685,2009-12-13 11:32:00,2010-05-12 13:08:00,8,4536.64,567.08,576,727,True,2009-12-13 12:10:00,0.0,True,True,1,4,5,10,At Risk,Dormant,Low-cost reactivation
14686,2010-02-18 18:29:00,2010-10-21 18:31:00,5,852.5300000000001,170.50600000000003,414,659,True,2010-02-18 18:33:00,0.0,True,True,1,4,3,8,At Risk,Dormant,Low-cost reactivation
14687,2010-06-06 10:36:00,2011-08-25 11:59:00,3,1402.06,467.3533333333333,107,552,True,2010-11-04 18:56:00,151.0,True,False,3,3,4,10,Needs Attention,At risk,Test win-back
14688,2010-09-09 12:35:00,2011-12-02 12:26:00,28,7190.42,256.80071428571426,8,457,True,2010-09-21 12:46:00,12.0,True,True,5,5,5,15,Champions,Active repeat,Protect high-value active
14689,2011-05-15 11:22:00,2011-05-15 11:22:00,1,112.8,112.8,209,209,False,,,True,False,2,1,1,4,Hibernating,Dormant,Low-cost reactivation
14690,2010-10-25 12:20:00,2011-10-26 15:39:00,4,777.6800000000001,194.42000000000002,44,411,True,2010-11-12 14:51:00,18.0,True,True,4,3,3,10,Potential Loyalists,Active repeat,Develop loyalty
14691,2011-05-11 09:55:00,2011-11-09 12:30:00,5,2114.33,422.866,31,213,True,2011-09-04 11:17:00,116.0,True,False,4,4,4,12,Champions,Active repeat,Develop loyalty
14692,2010-04-01 14:04:00,2011-07-25 15:08:00,12,1715.14,142.92833333333334,137,617,True,2010-05-27 13:47:00,55.0,True,True,3,5,4,12,Loyal Customers,At risk,Test win-back
14693,2010-07-02 08:28:00,2011-03-20 12:50:00,7,1165.3600000000001,166.48000000000002,265,526,True,2010-08-11 10:51:00,40.0,True,True,2,4,3,9,At Risk,Dormant,Low-cost reactivation
14694,2010-04-01 19:46:00,2010-04-01 19:46:00,1,244.31,244.31,617,617,False,,,True,False,1,1,1,3,Hibernating,Dormant,Low-cost reactivation
14695,2009-12-07 11:05:00,2010-07-08 14:18:00,3,1534.22,511.4066666666667,519,733,True,2009-12-07 13:07:00,0.0,True,True,1,3,4,8,At Risk,Dormant,Low-cost reactivation
14696,2010-10-14 11:43:00,2011-12-05 13:43:00,8,2473.28,309.16,4,422,True,2010-12-01 15:37:00,48.0,True,True,5,4,4,13,Champions,Active repeat,Protect high-value active
14697,2011-05-05 15:29:00,2011-05-05 15:39:00,2,188.60999999999999,94.30499999999999,218,218,True,2011-05-05 15:39:00,0.0,True,True,2,2,1,5,Hibernating,Dormant,Low-cost reactivation
14698,2011-10-19 12:54:00,2011-12-08 12:26:00,5,1217.27,243.454,2,51,True,2011-10-23 12:16:00,3.0,False,False,5,4,3,12,Loyal Customers,Active repeat,Develop loyalty
14699,2010-07-02 12:04:00,2011-05-09 14:54:00,4,702.6,175.65,214,526,True,2010-08-03 12:55:00,32.0,True,True,2,3,3,8,At Risk,Dormant,Low-cost reactivation
14700,2010-08-11 12:19:00,2011-11-07 14:40:00,5,3076.06,615.212,32,486,True,2010-10-20 12:26:00,70.0,True,True,4,4,5,13,Champions,Active repeat,Protect high-value active
14701,2010-01-24 12:15:00,2011-11-29 12:38:00,15,4487.110000000001,299.14066666666673,11,685,True,2010-07-05 12:50:00,162.0,True,False,5,5,5,15,Champions,Active repeat,Protect high-value active
14702,2009-12-10 20:22:00,2011-12-08 19:29:00,29,6368.78,219.61310344827587,1,729,True,2009-12-17 19:42:00,6.0,True,True,5,5,5,15,Champions,Active repeat,Protect high-value active
14703,2011-11-25 09:23:00,2011-11-25 09:23:00,1,318.17,318.17,15,15,False,,,False,False,5,1,2,8,New Customers,New,Drive second purchase
14704,2010-03-25 17:21:00,2011-11-28 12:51:00,11,1752.92,159.35636363636365,11,624,True,2010-10-11 11:53:00,199.0,True,False,5,5,4,14,Champions,Active repeat,Develop loyalty
14705,2011-05-25 12:39:00,2011-05-25 12:39:00,1,179.0,179.0,199,199,False,,,True,False,2,1,1,4,Hibernating,Dormant,Low-cost reactivation
14706,2010-03-31 11:09:00,2010-03-31 11:09:00,1,367.54,367.54,619,619,False,,,True,False,1,1,2,4,Hibernating,Dormant,Low-cost reactivation
14707,2010-05-12 11:07:00,2010-09-30 11:37:00,2,139.2,69.6,436,577,True,2010-09-30 11:37:00,141.0,True,False,1,2,1,4,Hibernating,Dormant,Low-cost reactivation
14708,2010-09-10 10:26:00,2011-12-07 08:21:00,5,1793.22,358.644,3,456,True,2010-10-12 10:42:00,32.0,True,True,5,4,4,13,Champions,Active repeat,Develop loyalty
14709,2009-12-05 15:26:00,2011-11-24 15:41:00,25,8886.33,355.4532,15,734,True,2010-01-04 12:51:00,29.0,True,True,5,5,5,15,Champions,Active repeat,Protect high-value active
14710,2009-12-03 17:12:00,2011-11-25 14:53:00,13,1899.79,146.1376923076923,14,736,True,2009-12-09 17:27:00,6.0,True,True,5,5,4,14,Champions,Active repeat,Develop loyalty
14711,2011-03-22 13:32:00,2011-11-29 14:58:00,11,2839.62,258.1472727272727,10,262,True,2011-04-04 12:42:00,12.0,True,True,5,5,4,14,Champions,Active repeat,Protect high-value active
14712,2010-10-17 14:49:00,2011-11-10 12:59:00,4,1328.0700000000002,332.01750000000004,29,418,True,2011-08-19 13:33:00,305.0,True,False,4,3,4,11,Potential Loyalists,Active repeat,Develop loyalty
14713,2009-12-03 19:22:00,2011-11-30 16:26:00,21,5115.76,243.60761904761907,9,736,True,2010-01-21 19:11:00,48.0,True,True,5,5,5,15,Champions,Active repeat,Protect high-value active
14714,2010-01-21 11:51:00,2011-11-15 13:07:00,4,906.24,226.56,24,688,True,2010-05-13 11:58:00,112.0,True,False,4,3,3,10,Potential Loyalists,Active repeat,Develop loyalty
14715,2010-01-19 12:18:00,2011-11-15 12:10:00,8,1825.45,228.18125,25,690,True,2010-05-26 12:49:00,127.0,True,False,4,4,4,12,Champions,Active repeat,Develop loyalty
14716,2010-09-21 12:07:00,2011-10-27 17:29:00,3,543.28,181.09333333333333,43,445,True,2011-07-14 12:42:00,296.0,True,False,4,3,2,9,Potential Loyalists,Active repeat,Develop loyalty
14717,2009-12-06 13:05:00,2009-12-06 13:05:00,1,81.3,81.3,733,733,False,,,True,False,1,1,1,3,Hibernating,Dormant,Low-cost reactivation
14718,2010-10-25 13:07:00,2010-10-25 13:07:00,1,226.42,226.42,410,410,False,,,True,False,2,1,1,4,Hibernating,Dormant,Low-cost reactivation
14719,2011-04-04 14:17:00,2011-12-08 12:43:00,5,1581.8400000000001,316.36800000000005,2,249,True,2011-06-13 12:52:00,69.0,True,True,5,4,4,13,Champions,Active repeat,Develop loyalty
14720,2011-08-05 12:06:00,2011-12-04 12:02:00,3,663.8100000000001,221.27,6,127,True,2011-09-11 13:56:00,37.0,True,True,5,3,3,11,Potential Loyalists,Active repeat,Develop loyalty
14721,2010-11-25 13:08:00,2010-11-25 13:08:00,1,109.07,109.07,379,379,False,,,True,False,2,1,1,4,Hibernating,Dormant,Low-cost reactivation
14722,2010-08-10 13:28:00,2011-07-15 14:58:00,3,489.52000000000004,163.17333333333335,147,486,True,2010-08-19 14:34:00,9.0,True,True,3,3,2,8,Needs Attention,At risk,Test win-back
14723,2009-12-04 11:22:00,2011-11-29 15:23:00,11,1803.06,163.91454545454545,10,736,True,2010-04-13 14:55:00,130.0,True,False,5,5,4,14,Champions,Active repeat,Develop loyalty
14724,2010-04-28 13:26:00,2010-04-28 13:26:00,1,341.9,341.9,590,590,False,,,True,False,1,1,2,4,Hibernating,Dormant,Low-cost reactivation
14725,2010-06-23 11:34:00,2011-11-15 12:42:00,4,1252.74,313.185,25,535,True,2010-06-23 11:39:00,0.0,True,True,4,3,4,11,Potential Loyalists,Active repeat,Develop loyalty
14726,2010-02-23 12:35:00,2010-02-23 12:35:00,1,116.5,116.5,655,655,False,,,True,False,1,1,1,3,Hibernating,Dormant,Low-cost reactivation
14727,2010-06-11 13:23:00,2011-03-10 14:45:00,3,463.73,154.57666666666668,274,546,True,2010-06-11 13:30:00,0.0,True,True,2,3,2,7,At Risk,Dormant,Low-cost reactivation
14728,2010-10-22 15:57:00,2010-10-22 15:57:00,1,190.58,190.58,413,413,False,,,True,False,1,1,1,3,Hibernating,Dormant,Low-cost reactivation
14729,2010-03-24 13:30:00,2010-12-01 12:43:00,3,586.24,195.41333333333333,374,625,True,2010-03-24 13:35:00,0.0,True,True,2,3,2,7,At Risk,Dormant,Low-cost reactivation
14730,2011-03-08 12:49:00,2011-12-08 14:39:00,8,1897.57,237.19625,1,277,True,2011-03-28 12:52:00,20.0,True,True,5,4,4,13,Champions,Active repeat,Develop loyalty
14731,2011-05-11 13:06:00,2011-10-23 15:54:00,3,380.02,126.67333333333333,47,212,True,2011-05-18 11:02:00,6.0,True,True,4,3,2,9,Potential Loyalists,Active repeat,Develop loyalty
14732,2009-12-09 10:48:00,2011-12-01 14:34:00,19,5517.07,290.3721052631579,8,731,True,2009-12-16 12:11:00,7.0,True,True,5,5,5,15,Champions,Active repeat,Protect high-value active
14733,2010-11-02 15:42:00,2011-11-23 15:39:00,15,14335.15,955.6766666666666,16,402,True,2010-11-25 11:38:00,22.0,True,True,5,5,5,15,Champions,Active repeat,Protect high-value active
14734,2010-06-06 15:15:00,2010-10-10 12:04:00,4,1056.42,264.105,426,551,True,2010-08-03 09:04:00,57.0,True,True,1,3,3,7,At Risk,Dormant,Low-cost reactivation
14735,2009-12-04 11:32:00,2011-12-06 12:09:00,56,12240.16,218.5742857142857,4,736,True,2009-12-08 11:56:00,4.0,True,True,5,5,5,15,Champions,Active repeat,Protect high-value active
14736,2010-08-11 15:13:00,2010-08-11 15:21:00,2,374.04999999999995,187.02499999999998,485,485,True,2010-08-11 15:21:00,0.0,True,True,1,2,2,5,Hibernating,Dormant,Low-cost reactivation
14737,2010-11-04 11:29:00,2011-12-06 10:16:00,4,3554.17,888.5425,4,401,True,2010-12-21 13:49:00,47.0,True,True,5,3,5,13,Potential Loyalists,Active repeat,Protect high-value active
14738,2009-12-07 10:21:00,2011-10-28 08:56:00,9,1821.9,202.43333333333334,43,733,True,2010-05-27 20:31:00,171.0,True,False,4,5,4,13,Champions,Active repeat,Develop loyalty
14739,2009-12-02 13:23:00,2011-12-05 16:54:00,25,11573.62,462.94480000000004,4,737,True,2009-12-11 11:06:00,8.0,True,True,5,5,5,15,Champions,Active repeat,Protect high-value active
14740,2010-02-25 11:40:00,2011-05-26 18:17:00,11,4161.06,378.27818181818185,197,653,True,2010-03-04 15:39:00,7.0,True,True,2,5,5,12,At Risk,Dormant,Low-cost reactivation
14741,2010-10-18 09:33:00,2011-11-28 08:48:00,7,1713.0900000000001,244.72714285714287,12,418,True,2010-12-02 08:43:00,44.0,True,True,5,4,4,13,Champions,Active repeat,Develop loyalty
14742,2010-09-30 14:07:00,2010-09-30 14:07:00,1,579.85,579.85,435,435,False,,,True,False,1,1,2,4,Hibernating,Dormant,Low-cost reactivation
14743,2010-04-26 10:26:00,2010-04-26 10:26:00,1,50.48,50.48,593,593,False,,,True,False,1,1,1,3,Hibernating,Dormant,Low-cost reactivation
14744,2010-05-18 14:06:00,2011-11-23 12:51:00,14,3660.08,261.4342857142857,16,570,True,2010-05-21 11:26:00,2.0,True,True,5,5,5,15,Champions,Active repeat,Protect high-value active
14745,2010-03-12 10:33:00,2011-08-19 10:05:00,12,2551.41,212.61749999999998,113,638,True,2010-05-06 14:45:00,55.0,True,True,3,5,4,12,Loyal Customers,At risk,Win back high-value
14746,2010-10-12 11:06:00,2010-10-29 14:44:00,4,593.5,148.375,406,424,True,2010-10-20 12:45:00,8.0,True,True,2,3,2,7,At Risk,Dormant,Low-cost reactivation
14747,2011-04-04 14:09:00,2011-04-04 14:09:00,1,328.2,328.2,249,249,False,,,True,False,2,1,2,5,Hibernating,Dormant,Low-cost reactivation
14748,2010-03-04 17:08:00,2011-11-10 18:33:00,10,2681.9,268.19,29,645,True,2010-04-01 14:18:00,27.0,True,True,4,5,4,13,Champions,Active repeat,Protect high-value active
14749,2010-08-17 12:36:00,2010-08-17 12:36:00,1,310.15,310.15,480,480,False,,,True,False,1,1,2,4,Hibernating,Dormant,Low-cost reactivation
14750,2009-12-03 17:57:00,2009-12-03 17:57:00,1,112.03,112.03,736,736,False,,,True,False,1,1,1,3,Hibernating,Dormant,Low-cost reactivation
14751,2009-12-13 14:08:00,2010-01-24 13:37:00,2,126.45,63.225,684,726,True,2010-01-24 13:37:00,41.0,True,True,1,2,1,4,Hibernating,Dormant,Low-cost reactivation
14752,2011-10-27 11:55:00,2011-10-27 11:55:00,1,389.64,389.64,44,44,False,,,False,False,4,1,2,7,New Customers,New,Drive second purchase
14753,2010-09-05 11:04:00,2011-09-13 14:50:00,2,869.51,434.755,87,461,True,2011-09-13 14:50:00,373.0,True,False,3,2,3,8,Needs Attention,Active repeat,Develop loyalty
14754,2010-01-18 11:04:00,2011-10-26 12:01:00,6,1547.9299999999998,257.9883333333333,45,691,True,2010-05-27 10:13:00,128.0,True,False,4,4,4,12,Champions,Active repeat,Develop loyalty
14755,2009-12-03 16:51:00,2011-11-30 11:24:00,25,9972.55,398.902,10,736,True,2009-12-03 16:52:00,0.0,True,True,5,5,5,15,Champions,Active repeat,Protect high-value active
14756,2010-10-11 11:50:00,2011-11-24 18:13:00,3,2653.76,884.5866666666667,15,425,True,2010-11-22 09:22:00,41.0,True,True,5,3,4,12,Potential Loyalists,Active repeat,Protect high-value active
14757,2011-09-25 14:36:00,2011-09-25 14:36:00,1,420.5,420.5,75,75,False,,,False,False,3,1,2,6,Needs Attention,New,Drive second purchase
14758,2010-04-08 08:27:00,2011-07-18 08:21:00,7,2864.97,409.28142857142853,145,611,True,2010-07-19 10:07:00,102.0,True,False,3,4,4,11,Loyal Customers,At risk,Win back high-value
14759,2011-04-21 10:55:00,2011-12-05 12:03:00,3,1625.97,541.99,5,233,True,2011-08-19 08:57:00,119.0,True,False,5,3,4,12,Potential Loyalists,Active repeat,Develop loyalty
14760,2011-02-15 16:27:00,2011-02-15 16:27:00,1,89.2,89.2,297,297,False,,,True,False,2,1,1,4,Hibernating,Dormant,Low-cost reactivation
14761,2010-09-21 14:22:00,2011-10-12 12:10:00,3,447.92,149.30666666666667,59,444,True,2011-01-09 12:03:00,109.0,True,False,4,3,2,9,Potential Loyalists,Active repeat,Develop loyalty
14762,2010-03-23 15:36:00,2011-03-21 08:20:00,2,417.57,208.785,264,626,True,2011-03-21 08:20:00,362.0,True,False,2,2,2,6,Hibernating,Dormant,Low-cost reactivation
14764,2011-10-24 11:54:00,2011-10-24 11:54:00,1,278.3,278.3,47,47,False,,,False,False,4,1,1,6,New Customers,New,Drive second purchase
14765,2011-06-16 19:49:00,2011-11-10 19:53:00,3,254.11,84.70333333333333,29,176,True,2011-08-19 15:06:00,63.0,True,True,4,3,1,8,Potential Loyalists,Active repeat,Develop loyalty
14766,2010-06-06 11:11:00,2011-12-01 16:05:00,11,6375.73,579.6118181818182,8,552,True,2010-07-16 14:29:00,40.0,True,True,5,5,5,15,Champions,Active repeat,Protect high-value active
14767,2010-08-22 14:54:00,2010-08-22 14:54:00,1,382.81,382.81,474,474,False,,,True,False,1,1,2,4,Hibernating,Dormant,Low-cost reactivation
14768,2011-08-04 13:25:00,2011-11-22 12:54:00,2,192.60000000000002,96.30000000000001,17,127,True,2011-11-22 12:54:00,109.0,True,False,5,2,1,8,Potential Loyalists,Active repeat,Develop loyalty
14769,2009-12-16 09:17:00,2011-12-07 10:24:00,17,15514.11,912.594705882353,3,724,True,2010-01-08 09:08:00,22.0,True,True,5,5,5,15,Champions,Active repeat,Protect high-value active
14770,2010-02-25 18:58:00,2011-04-21 14:21:00,8,3637.64,454.705,232,652,True,2010-04-07 13:07:00,40.0,True,True,2,4,5,11,At Risk,Dormant,Low-cost reactivation
14771,2009-12-03 09:44:00,2010-03-28 12:52:00,2,594.62,297.31,621,737,True,2010-03-28 12:52:00,115.0,True,False,1,2,2,5,Hibernating,Dormant,Low-cost reactivation
14772,2011-08-19 15:04:00,2011-08-19 15:04:00,1,139.26,139.26,112,112,False,,,True,False,3,1,1,5,Needs Attention,At risk,Test win-back
14773,2010-04-26 10:29:00,2010-04-26 10:29:00,1,140.55,140.55,593,593,False,,,True,False,1,1,1,3,Hibernating,Dormant,Low-cost reactivation
14774,2010-06-29 12:26:00,2010-06-29 12:26:00,1,241.45,241.45,529,529,False,,,True,False,1,1,1,3,Hibernating,Dormant,Low-cost reactivation
14775,2010-12-02 16:38:00,2011-10-12 15:27:00,3,1011.9,337.3,58,372,True,2011-07-25 12:12:00,234.0,True,False,4,3,3,10,Potential Loyalists,Active repeat,Develop loyalty
14776,2010-09-19 14:12:00,2011-10-19 15:34:00,15,3708.3,247.22,51,446,True,2010-10-05 14:14:00,16.0,True,True,4,5,5,14,Champions,Active repeat,Protect high-value active
14777,2010-11-01 12:50:00,2010-11-01 12:50:00,1,307.56,307.56,404,404,False,,,True,False,2,1,2,5,Hibernating,Dormant,Low-cost reactivation
14778,2011-02-04 11:43:00,2011-08-04 15:23:00,2,730.86,365.43,127,309,True,2011-08-04 15:23:00,181.0,True,False,3,2,3,8,Needs Attention,At risk,Test win-back
14779,2011-01-20 12:04:00,2011-03-04 12:42:00,3,386.15,128.71666666666667,281,324,True,2011-01-21 12:40:00,1.0,True,True,2,3,2,7,At Risk,Dormant,Low-cost reactivation
14780,2011-09-21 15:15:00,2011-10-16 12:46:00,2,447.68,223.84,55,79,True,2011-10-16 12:46:00,24.0,False,False,4,2,2,8,Potential Loyalists,Active repeat,Develop loyalty
14782,2011-01-24 11:12:00,2011-01-24 11:12:00,1,200.10000000000002,200.10000000000002,320,320,False,,,True,False,2,1,1,4,Hibernating,Dormant,Low-cost reactivation
14783,2010-02-18 16:16:00,2010-02-18 16:16:00,1,307.3,307.3,659,659,False,,,True,False,1,1,2,4,Hibernating,Dormant,Low-cost reactivation
14784,2010-11-15 09:49:00,2011-11-13 13:30:00,3,449.93,149.97666666666666,26,390,True,2011-01-20 09:25:00,65.0,True,True,4,3,2,9,Potential Loyalists,Active repeat,Develop loyalty
14785,2011-11-24 13:40:00,2011-11-29 13:21:00,2,77.4,38.7,10,15,True,2011-11-29 13:21:00,4.0,False,False,5,2,1,8,Potential Loyalists,Active repeat,Develop loyalty
14786,2010-06-07 13:42:00,2010-06-07 13:42:00,1,90.96,90.96,550,550,False,,,True,False,1,1,1,3,Hibernating,Dormant,Low-cost reactivation
14787,2010-08-25 14:38:00,2010-08-25 14:38:00,1,110.65,110.65,471,471,False,,,True,False,1,1,1,3,Hibernating,Dormant,Low-cost reactivation
14788,2010-04-22 18:16:00,2011-12-02 17:06:00,3,1156.32,385.44,7,596,True,2011-11-13 15:52:00,569.0,True,False,5,3,3,11,Potential Loyalists,Active repeat,Develop loyalty
14789,2011-11-11 08:59:00,2011-11-11 08:59:00,1,197.64,197.64,29,29,False,,,False,False,4,1,1,6,New Customers,New,Drive second purchase
14790,2009-12-11 14:37:00,2011-11-23 09:28:00,10,2526.62,252.66199999999998,17,728,True,2009-12-20 13:47:00,8.0,True,True,5,5,4,14,Champions,Active repeat,Protect high-value active
14791,2010-04-12 10:24:00,2010-04-12 10:24:00,1,303.63,303.63,607,607,False,,,True,False,1,1,2,4,Hibernating,Dormant,Low-cost reactivation
14792,2011-10-07 09:19:00,2011-10-07 09:19:00,1,6.2,6.2,64,64,False,,,False,False,3,1,1,5,Needs Attention,New,Drive second purchase
14793,2010-06-22 16:54:00,2011-11-18 14:50:00,2,625.9000000000001,312.95000000000005,21,535,True,2011-11-18 14:50:00,513.0,True,False,4,2,3,9,Potential Loyalists,Active repeat,Develop loyalty
14794,2010-08-09 15:44:00,2011-12-07 10:11:00,10,1953.9,195.39000000000001,3,487,True,2010-09-20 13:23:00,41.0,True,True,5,5,4,14,Champions,Active repeat,Develop loyalty
14795,2011-06-26 13:04:00,2011-06-26 13:04:00,1,131.45000000000002,131.45000000000002,166,166,False,,,True,False,3,1,1,5,Needs Attention,At risk,Test win-back
14796,2009-12-14 15:06:00,2011-12-08 15:31:00,27,10169.33,376.64185185185187,1,725,True,2010-01-29 11:59:00,45.0,True,True,5,5,5,15,Champions,Active repeat,Protect high-value active
14797,2010-07-20 14:07:00,2010-07-20 14:07:00,1,300.31,300.31,507,507,False,,,True,False,1,1,2,4,Hibernating,Dormant,Low-cost reactivation
14798,2010-03-01 08:38:00,2011-10-18 10:58:00,8,724.3100000000001,90.53875000000001,53,649,True,2010-04-08 08:31:00,37.0,True,True,4,4,3,11,Loyal Customers,Active repeat,Develop loyalty
14799,2009-12-02 11:18:00,2011-10-19 16:16:00,2,338.15,169.075,51,738,True,2011-10-19 16:16:00,686.0,True,False,4,2,2,8,Potential Loyalists,Active repeat,Develop loyalty
14800,2010-09-30 14:38:00,2011-10-23 12:46:00,17,7191.33,423.01941176470586,48,435,True,2010-10-17 14:30:00,16.0,True,True,4,5,5,14,Champions,Active repeat,Protect high-value active
14801,2011-10-09 15:24:00,2011-10-09 15:24:00,1,189.34,189.34,61,61,False,,,False,False,3,1,1,5,Needs Attention,New,Drive second purchase
14802,2010-09-27 16:32:00,2010-09-27 16:34:00,2,1502.98,751.49,438,438,True,2010-09-27 16:34:00,0.0,True,True,1,2,4,7,Hibernating,Dormant,Low-cost reactivation
14803,2011-02-20 13:21:00,2011-06-30 13:58:00,3,845.55,281.84999999999997,162,292,True,2011-03-09 12:12:00,16.0,True,True,3,3,3,9,Needs Attention,At risk,Test win-back
14804,2011-12-01 11:20:00,2011-12-01 11:20:00,1,353.27,353.27,9,9,False,,,False,False,5,1,2,8,New Customers,New,Drive second purchase
14805,2010-03-28 12:34:00,2011-11-24 16:20:00,7,1082.55,154.65,15,622,True,2010-07-11 12:59:00,105.0,True,False,5,4,3,12,Loyal Customers,Active repeat,Develop loyalty
14806,2010-09-26 15:50:00,2011-09-25 15:32:00,2,303.43,151.715,75,439,True,2011-09-25 15:32:00,363.0,True,False,3,2,2,7,Needs Attention,Active repeat,Develop loyalty
14807,2010-02-28 11:33:00,2010-11-14 12:47:00,2,504.14,252.07,391,650,True,2010-11-14 12:47:00,259.0,True,False,2,2,2,6,Hibernating,Dormant,Low-cost reactivation
14808,2011-06-20 12:53:00,2011-10-31 12:21:00,8,2718.6000000000004,339.82500000000005,40,172,True,2011-06-26 12:51:00,5.0,True,True,4,4,4,12,Champions,Active repeat,Protect high-value active
14809,2010-03-28 15:42:00,2010-03-28 15:44:00,2,686.76,343.38,621,621,True,2010-03-28 15:44:00,0.0,True,True,1,2,3,6,Hibernating,Dormant,Low-cost reactivation
14810,2010-10-06 13:12:00,2011-10-30 11:19:00,13,2354.03,181.07923076923078,41,429,True,2010-10-17 11:11:00,10.0,True,True,4,5,4,13,Champions,Active repeat,Protect high-value active
14811,2010-11-17 13:09:00,2010-11-17 13:09:00,1,170.5,170.5,387,387,False,,,True,False,2,1,1,4,Hibernating,Dormant,Low-cost reactivation
14812,2010-04-20 12:13:00,2010-04-20 12:13:00,1,178.85,178.85,599,599,False,,,True,False,1,1,1,3,Hibernating,Dormant,Low-cost reactivation
14813,2010-04-08 11:49:00,2010-12-05 11:57:00,4,888.9100000000001,222.22750000000002,370,611,True,2010-11-19 11:32:00,224.0,True,False,2,3,3,8,At Risk,Dormant,Low-cost reactivation
14814,2010-05-07 14:10:00,2010-05-07 14:10:00,1,154.21,154.21,581,581,False,,,True,False,1,1,1,3,Hibernating,Dormant,Low-cost reactivation
14815,2011-10-03 11:36:00,2011-11-03 11:36:00,2,778.5,389.25,37,68,True,2011-11-03 11:36:00,31.0,False,False,4,2,3,9,Potential Loyalists,Active repeat,Develop loyalty
14816,2011-05-26 13:16:00,2011-05-26 13:16:00,1,271.85,271.85,197,197,False,,,True,False,2,1,1,4,Hibernating,Dormant,Low-cost reactivation
14817,2010-03-22 12:10:00,2011-05-23 13:35:00,7,3959.86,565.6942857142857,200,628,True,2010-04-18 12:36:00,27.0,True,True,2,4,5,11,At Risk,Dormant,Low-cost reactivation
14818,2010-03-02 12:48:00,2011-09-27 11:01:00,6,1153.56,192.26,74,648,True,2010-07-05 17:28:00,125.0,True,False,3,4,3,10,Loyal Customers,Active repeat,Develop loyalty
14819,2009-12-21 15:54:00,2011-10-06 13:41:00,4,456.40999999999997,114.10249999999999,64,718,True,2010-08-02 17:19:00,224.0,True,False,3,3,2,8,Needs Attention,Active repeat,Develop loyalty
14820,2010-01-31 12:49:00,2011-11-18 15:41:00,9,1274.76,141.64,21,678,True,2010-04-26 10:43:00,84.0,True,True,4,5,4,13,Champions,Active repeat,Develop loyalty
14821,2010-02-01 13:33:00,2010-12-08 08:43:00,7,1230.1499999999999,175.73571428571427,367,676,True,2010-02-01 15:44:00,0.0,True,True,2,4,4,10,At Risk,Dormant,Low-cost reactivation
14822,2010-08-11 12:52:00,2010-08-11 12:52:00,1,157.70000000000002,157.70000000000002,485,485,False,,,True,False,1,1,1,3,Hibernating,Dormant,Low-cost reactivation
14823,2011-05-29 12:48:00,2011-06-12 13:12:00,3,321.43,107.14333333333333,180,195,True,2011-05-29 14:03:00,0.0,True,True,3,3,2,8,Needs Attention,At risk,Test win-back
14824,2010-03-12 13:07:00,2011-11-29 14:20:00,10,4022.9100000000003,402.29100000000005,10,637,True,2010-04-29 12:17:00,47.0,True,True,5,5,5,15,Champions,Active repeat,Protect high-value active
14825,2010-04-06 14:14:00,2011-12-06 11:38:00,24,4735.08,197.295,4,612,True,2010-04-21 15:34:00,15.0,True,True,5,5,5,15,Champions,Active repeat,Protect high-value active
14826,2010-01-13 13:08:00,2010-05-07 09:00:00,2,385.20000000000005,192.60000000000002,582,695,True,2010-05-07 09:00:00,113.0,True,False,1,2,2,5,Hibernating,Dormant,Low-cost reactivation
14828,2009-12-07 11:19:00,2011-05-27 10:16:00,13,9839.46,756.8815384615384,197,733,True,2010-01-07 09:34:00,30.0,True,True,2,5,5,12,At Risk,Dormant,Low-cost reactivation
14829,2010-09-29 13:14:00,2011-11-10 16:16:00,7,1455.87,207.98142857142855,29,436,True,2010-11-17 13:05:00,48.0,True,True,4,4,4,12,Champions,Active repeat,Develop loyalty
14830,2011-10-17 14:29:00,2011-10-17 14:29:00,1,188.88,188.88,53,53,False,,,False,False,4,1,1,6,New Customers,New,Drive second purchase
14831,2009-12-02 09:21:00,2010-01-28 14:31:00,3,1676.5700000000002,558.8566666666667,680,738,True,2009-12-02 09:23:00,0.0,True,True,1,3,4,8,At Risk,Dormant,Low-cost reactivation
14832,2010-03-19 15:14:00,2010-03-19 15:14:00,1,322.69,322.69,630,630,False,,,True,False,1,1,2,4,Hibernating,Dormant,Low-cost reactivation
14833,2010-07-29 10:06:00,2010-07-29 10:06:00,1,94.8,94.8,499,499,False,,,True,False,1,1,1,3,Hibernating,Dormant,Low-cost reactivation
14834,2010-10-28 17:37:00,2011-11-22 10:30:00,7,2206.16,315.1657142857143,18,407,True,2011-04-13 15:00:00,166.0,True,False,5,4,4,13,Champions,Active repeat,Develop loyalty
14835,2010-04-01 19:34:00,2010-06-29 10:08:00,2,297.0,148.5,529,617,True,2010-06-29 10:08:00,88.0,True,True,1,2,2,5,Hibernating,Dormant,Low-cost reactivation
14836,2011-11-09 13:26:00,2011-11-29 16:45:00,3,102.44999999999999,34.15,10,30,True,2011-11-11 16:05:00,2.0,False,False,5,3,1,9,Potential Loyalists,Active repeat,Develop loyalty
14837,2010-01-24 10:20:00,2011-09-11 10:58:00,9,3460.32,384.48,90,685,True,2010-04-27 10:54:00,93.0,True,False,3,5,5,13,Loyal Customers,Active repeat,Protect high-value active
14838,2009-12-03 09:52:00,2010-10-12 15:46:00,2,769.9200000000001,384.96000000000004,423,737,True,2010-10-12 15:46:00,313.0,True,False,1,2,3,6,Hibernating,Dormant,Low-cost reactivation
14839,2010-01-04 16:29:00,2010-10-17 13:01:00,3,915.28,305.0933333333333,418,704,True,2010-05-09 12:03:00,124.0,True,False,1,3,3,7,At Risk,Dormant,Low-cost reactivation
14840,2010-06-18 15:42:00,2011-03-17 12:00:00,2,362.71000000000004,181.35500000000002,268,539,True,2011-03-17 12:00:00,271.0,True,False,2,2,2,6,Hibernating,Dormant,Low-cost reactivation
14841,2009-12-02 16:49:00,2011-10-17 15:03:00,14,7163.0,511.64285714285717,53,737,True,2009-12-08 12:34:00,5.0,True,True,4,5,5,14,Champions,Active repeat,Protect high-value active
14842,2011-02-04 15:32:00,2011-10-27 12:37:00,4,2824.69,706.1725,44,308,True,2011-06-01 08:38:00,116.0,True,False,4,3,4,11,Potential Loyalists,Active repeat,Protect high-value active
14843,2010-09-29 12:39:00,2010-09-29 12:39:00,1,211.79999999999998,211.79999999999998,437,437,False,,,True,False,1,1,1,3,Hibernating,Dormant,Low-cost reactivation
14844,2010-04-12 12:50:00,2011-10-07 10:41:00,10,6702.43,670.243,64,607,True,2010-07-14 16:04:00,93.0,True,False,3,5,5,13,Loyal Customers,Active repeat,Protect high-value active
14845,2010-04-19 10:19:00,2010-04-19 10:19:00,1,150.0,150.0,600,600,False,,,True,False,1,1,1,3,Hibernating,Dormant,Low-cost reactivation
14846,2010-10-08 17:07:00,2010-10-08 17:07:00,1,437.4,437.4,427,427,False,,,True,False,1,1,2,4,Hibernating,Dormant,Low-cost reactivation
14847,2010-05-24 12:29:00,2011-07-14 10:52:00,3,1348.9499999999998,449.6499999999999,149,565,True,2010-10-28 09:45:00,156.0,True,False,3,3,4,10,Needs Attention,At risk,Test win-back
14848,2010-10-31 12:22:00,2010-10-31 12:22:00,1,310.56,310.56,405,405,False,,,True,False,2,1,2,5,Hibernating,Dormant,Low-cost reactivation
14849,2010-01-10 11:40:00,2011-11-18 10:58:00,43,15407.61,358.316511627907,22,699,True,2010-02-22 09:48:00,42.0,True,True,4,5,5,14,Champions,Active repeat,Protect high-value active
14850,2010-05-20 13:28:00,2011-02-01 11:21:00,7,1770.96,252.99428571428572,312,568,True,2010-05-20 13:42:00,0.0,True,True,2,4,4,10,At Risk,Dormant,Low-cost reactivation
14851,2010-03-19 11:52:00,2011-11-16 14:20:00,3,829.4100000000001,276.47,23,631,True,2011-03-28 14:59:00,374.0,True,False,4,3,3,10,Potential Loyalists,Active repeat,Develop loyalty
14852,2010-03-05 14:51:00,2011-10-12 13:20:00,18,6132.43,340.6905555555556,58,644,True,2010-03-05 15:21:00,0.0,True,True,4,5,5,14,Champions,Active repeat,Protect high-value active
14853,2010-04-13 09:26:00,2011-11-15 16:56:00,5,1376.8700000000001,275.374,24,606,True,2010-06-14 15:52:00,62.0,True,True,4,4,4,12,Champions,Active repeat,Develop loyalty
14854,2010-01-22 09:48:00,2011-09-22 17:00:00,11,4303.0599999999995,391.18727272727267,78,687,True,2010-05-12 12:17:00,110.0,True,False,3,5,5,13,Loyal Customers,Active repeat,Protect high-value active
14855,2010-04-08 10:30:00,2011-08-12 14:02:00,7,6520.3,931.4714285714286,119,611,True,2010-07-20 11:06:00,103.0,True,False,3,4,5,12,Loyal Customers,At risk,Win back high-value
14856,2011-10-14 09:35:00,2011-11-03 14:53:00,3,1290.53,430.1766666666667,36,57,True,2011-11-03 14:47:00,20.0,False,False,4,3,4,11,Potential Loyalists,Active repeat,Develop loyalty
14857,2010-03-15 11:00:00,2011-10-11 09:23:00,7,3651.851,521.693,60,635,True,2010-03-15 11:04:00,0.0,True,True,3,4,5,12,Loyal Customers,Active repeat,Protect high-value active
14858,2010-07-22 10:51:00,2010-07-22 10:51:00,1,180.75,180.75,506,506,False,,,True,False,1,1,1,3,Hibernating,Dormant,Low-cost reactivation
14859,2010-06-03 10:26:00,2011-11-27 11:18:00,5,1705.64,341.12800000000004,13,555,True,2011-05-19 14:42:00,350.0,True,False,5,4,4,13,Champions,Active repeat,Develop loyalty
14860,2011-11-20 14:17:00,2011-11-20 14:17:00,1,170.32,170.32,19,19,False,,,False,False,5,1,1,7,New Customers,New,Drive second purchase
14861,2009-12-08 12:12:00,2011-10-18 12:54:00,10,1380.73,138.073,52,732,True,2010-01-12 13:39:00,35.0,True,True,4,5,4,13,Champions,Active repeat,Develop loyalty
14862,2011-07-14 11:20:00,2011-11-14 10:01:00,2,841.2,420.6,26,149,True,2011-11-14 10:01:00,122.0,True,False,4,2,3,9,Potential Loyalists,Active repeat,Develop loyalty
14863,2011-11-10 15:04:00,2011-11-10 15:04:00,1,266.76,266.76,29,29,False,,,False,False,4,1,1,6,New Customers,New,Drive second purchase
14865,2009-12-01 16:05:00,2011-12-02 16:25:00,4,92.52000000000001,23.130000000000003,7,738,True,2010-11-30 13:24:00,363.0,True,False,5,3,1,9,Potential Loyalists,Active repeat,Develop loyalty
14866,2010-08-26 11:54:00,2011-11-29 11:45:00,19,20746.54,1091.923157894737,11,471,True,2010-09-21 15:14:00,26.0,True,True,5,5,5,15,Champions,Active repeat,Protect high-value active
14867,2009-12-05 15:47:00,2011-06-07 11:39:00,16,2952.06,184.50375,186,734,True,2010-01-12 09:48:00,37.0,True,True,3,5,5,13,Loyal Customers,Dormant,Low-cost reactivation
14868,2010-10-15 14:52:00,2011-12-06 14:49:00,12,4184.01,348.6675,3,420,True,2010-10-15 14:53:00,0.0,True,True,5,5,5,15,Champions,Active repeat,Protect high-value active
14869,2009-12-16 11:43:00,2011-12-01 12:36:00,6,2778.14,463.0233333333333,9,724,True,2010-02-14 15:38:00,60.0,True,True,5,4,4,13,Champions,Active repeat,Protect high-value active
14870,2010-01-25 09:05:00,2011-03-23 10:51:00,6,1838.95,306.4916666666667,262,684,True,2010-03-01 11:04:00,35.0,True,True,2,4,4,10,At Risk,Dormant,Low-cost reactivation
14871,2009-12-01 11:57:00,2011-12-06 13:42:00,9,1228.17,136.46333333333334,3,739,True,2009-12-15 11:28:00,13.0,True,True,5,5,4,14,Champions,Active repeat,Develop loyalty
14872,2010-03-16 14:41:00,2010-08-13 12:34:00,3,816.6,272.2,484,633,True,2010-05-04 09:45:00,48.0,True,True,1,3,3,7,At Risk,Dormant,Low-cost reactivation
14873,2010-03-16 10:51:00,2011-05-13 13:52:00,2,854.1299999999999,427.06499999999994,210,634,True,2011-05-13 13:52:00,423.0,True,False,2,2,3,7,Hibernating,Dormant,Low-cost reactivation
14874,2010-06-22 14:58:00,2010-06-22 14:58:00,1,116.18,116.18,535,535,False,,,True,False,1,1,1,3,Hibernating,Dormant,Low-cost reactivation
14875,2010-09-24 10:28:00,2011-08-24 12:20:00,3,2862.3999999999996,954.1333333333332,108,442,True,2011-03-22 11:53:00,179.0,True,False,3,3,4,10,Needs Attention,At risk,Win back high-value
14876,2010-05-27 13:49:00,2010-07-06 14:57:00,2,256.7,128.35,521,561,True,2010-07-06 14:57:00,40.0,True,True,1,2,1,4,Hibernating,Dormant,Low-cost reactivation
14877,2010-03-07 12:25:00,2010-10-17 13:09:00,2,425.85,212.925,418,643,True,2010-10-17 13:09:00,224.0,True,False,1,2,2,5,Hibernating,Dormant,Low-cost reactivation
14878,2010-02-21 11:14:00,2011-11-27 11:15:00,25,4076.5,163.06,13,657,True,2010-02-21 11:19:00,0.0,True,True,5,5,5,15,Champions,Active repeat,Protect high-value active
14879,2010-01-24 11:35:00,2010-01-24 11:35:00,1,185.06,185.06,685,685,False,,,True,False,1,1,1,3,Hibernating,Dormant,Low-cost reactivation
14880,2011-02-24 12:27:00,2011-09-23 13:42:00,3,690.59,230.1966666666667,77,289,True,2011-06-07 13:27:00,103.0,True,False,3,3,3,9,Needs Attention,Active repeat,Develop loyalty
14881,2011-11-20 11:06:00,2011-11-20 11:06:00,1,255.4,255.4,20,20,False,,,False,False,4,1,1,6,New Customers,New,Drive second purchase
14882,2010-03-30 15:02:00,2011-11-13 12:47:00,14,3546.65,253.33214285714286,27,619,True,2010-04-27 15:29:00,28.0,True,True,4,5,5,14,Champions,Active repeat,Protect high-value active
14883,2011-05-12 09:49:00,2011-11-21 10:23:00,6,761.59,126.93166666666667,19,212,True,2011-06-29 09:32:00,47.0,True,True,5,4,3,12,Loyal Customers,Active repeat,Develop loyalty
14884,2010-02-08 12:56:00,2010-02-08 12:56:00,1,120.6,120.6,669,669,False,,,True,False,1,1,1,3,Hibernating,Dormant,Low-cost reactivation
14885,2010-08-31 10:11:00,2011-07-31 12:05:00,3,1598.12,532.7066666666666,132,466,True,2010-10-08 12:08:00,38.0,True,True,3,3,4,10,Needs Attention,At risk,Test win-back
14886,2011-04-01 08:56:00,2011-04-01 08:56:00,1,364.8,364.8,253,253,False,,,True,False,2,1,2,5,Hibernating,Dormant,Low-cost reactivation
14887,2011-09-21 15:32:00,2011-09-21 15:32:00,1,1862.0,1862.0,79,79,False,,,False,False,3,1,4,8,Needs Attention,New,Drive second purchase
14888,2011-05-16 14:58:00,2011-05-16 14:58:00,1,369.2,369.2,207,207,False,,,True,False,2,1,2,5,Hibernating,Dormant,Low-cost reactivation
14889,2011-01-07 15:19:00,2011-01-07 15:19:00,1,135.9,135.9,336,336,False,,,True,False,2,1,1,4,Hibernating,Dormant,Low-cost reactivation
14890,2010-02-18 09:00:00,2011-03-31 11:57:00,3,817.25,272.4166666666667,254,660,True,2010-03-31 09:40:00,41.0,True,True,2,3,3,8,At Risk,Dormant,Low-cost reactivation
14891,2010-09-29 12:41:00,2011-07-14 18:08:00,4,1106.73,276.6825,148,437,True,2010-10-19 12:10:00,19.0,True,True,3,3,3,9,Needs Attention,At risk,Test win-back
14892,2010-01-18 08:58:00,2010-01-18 08:58:00,1,202.35000000000002,202.35000000000002,691,691,False,,,True,False,1,1,1,3,Hibernating,Dormant,Low-cost reactivation
14893,2010-04-01 09:03:00,2011-11-30 12:31:00,3,1809.6100000000001,603.2033333333334,10,618,True,2011-11-28 10:49:00,606.0,True,False,5,3,4,12,Potential Loyalists,Active repeat,Develop loyalty
14894,2009-12-02 10:42:00,2011-09-15 13:51:00,3,1492.81,497.6033333333333,85,738,True,2010-09-22 15:23:00,294.0,True,False,3,3,4,10,Needs Attention,Active repeat,Develop loyalty
14895,2009-12-10 14:22:00,2011-12-02 09:23:00,38,25119.54,661.0405263157895,8,729,True,2009-12-11 12:28:00,0.0,True,True,5,5,5,15,Champions,Active repeat,Protect high-value active
14896,2009-12-06 12:42:00,2011-05-19 10:20:00,8,1826.0,228.25,205,734,True,2010-01-31 10:31:00,55.0,True,True,2,4,4,10,At Risk,Dormant,Low-cost reactivation
14897,2009-12-15 17:05:00,2011-12-02 10:32:00,8,3140.54,392.5675,8,724,True,2010-04-26 09:13:00,131.0,True,False,5,4,5,14,Champions,Active repeat,Protect high-value active
14898,2009-12-03 16:40:00,2011-11-16 14:54:00,14,3365.95,240.42499999999998,23,736,True,2009-12-13 16:05:00,9.0,True,True,4,5,5,14,Champions,Active repeat,Protect high-value active
14899,2010-11-09 15:20:00,2010-11-09 15:20:00,1,1331.38,1331.38,395,395,False,,,True,False,2,1,4,7,Hibernating,Dormant,Low-cost reactivation
14900,2010-07-05 15:09:00,2010-07-05 15:09:00,1,13.919999999999998,13.919999999999998,522,522,False,,,True,False,1,1,1,3,Hibernating,Dormant,Low-cost reactivation
14901,2010-07-29 11:11:00,2011-11-28 17:09:00,12,1919.0,159.91666666666666,11,499,True,2010-09-01 11:43:00,34.0,True,True,5,5,4,14,Champions,Active repeat,Develop loyalty
14902,2010-06-04 12:35:00,2011-11-14 10:34:00,3,1035.6200000000001,345.2066666666667,26,554,True,2010-11-09 10:29:00,157.0,True,False,4,3,3,10,Potential Loyalists,Active repeat,Develop loyalty
14903,2011-03-06 11:50:00,2011-11-18 16:07:00,5,2795.33,559.066,21,279,True,2011-04-07 12:35:00,32.0,True,True,4,4,4,12,Champions,Active repeat,Protect high-value active
14904,2010-10-08 12:48:00,2011-12-07 12:55:00,4,1630.49,407.6225,2,428,True,2010-10-27 15:40:00,19.0,True,True,5,3,4,12,Potential Loyalists,Active repeat,Develop loyalty
14905,2009-12-03 14:36:00,2011-07-05 12:41:00,8,1971.39,246.42375,158,736,True,2010-03-03 14:43:00,90.0,True,True,3,4,4,11,Loyal Customers,At risk,Test win-back
14906,2010-09-20 16:30:00,2010-09-20 16:30:00,1,68.44,68.44,445,445,False,,,True,False,1,1,1,3,Hibernating,Dormant,Low-cost reactivation
14907,2010-04-16 13:40:00,2011-12-06 14:14:00,16,5547.72,346.7325,3,602,True,2010-10-12 12:19:00,178.0,True,False,5,5,5,15,Champions,Active repeat,Protect high-value active
14908,2010-09-02 16:39:00,2011-09-26 12:56:00,2,381.90000000000003,190.95000000000002,74,463,True,2011-09-26 12:56:00,388.0,True,False,3,2,2,7,Needs Attention,Active repeat,Develop loyalty
14909,2010-02-14 15:47:00,2010-09-28 16:56:00,3,1404.6799999999998,468.22666666666663,437,663,True,2010-05-24 14:43:00,98.0,True,False,1,3,4,8,At Risk,Dormant,Low-cost reactivation
14910,2011-10-16 11:06:00,2011-12-07 10:06:00,4,434.35,108.5875,3,55,True,2011-11-08 12:09:00,23.0,False,False,5,3,2,10,Potential Loyalists,Active repeat,Develop loyalty
14911,2009-12-01 11:41:00,2011-12-08 15:54:00,398,291420.81,732.2130904522613,1,739,True,2009-12-07 09:42:00,5.0,True,True,5,5,5,15,Champions,Active repeat,Protect high-value active
14912,2010-01-26 16:29:00,2011-11-23 09:20:00,6,1889.25,314.875,17,682,True,2010-04-28 09:41:00,91.0,True,False,5,4,4,13,Champions,Active repeat,Develop loyalty
14913,2010-08-11 08:40:00,2011-11-04 08:29:00,8,4073.13,509.14125,36,486,True,2010-09-13 14:45:00,33.0,True,True,4,4,5,13,Champions,Active repeat,Protect high-value active
14915,2009-12-03 10:17:00,2011-09-09 13:34:00,11,1811.25,164.6590909090909,91,737,True,2010-03-03 12:45:00,90.0,True,True,3,5,4,12,Loyal Customers,At risk,Test win-back
14916,2010-04-01 10:57:00,2011-09-30 09:20:00,8,3042.9500000000003,380.36875000000003,71,618,True,2010-04-07 14:54:00,6.0,True,True,3,4,5,12,Loyal Customers,Active repeat,Protect high-value active
14917,2010-04-22 09:44:00,2010-04-22 11:28:00,2,1123.75,561.875,597,597,True,2010-04-22 11:28:00,0.0,True,True,1,2,3,6,Hibernating,Dormant,Low-cost reactivation
14918,2010-04-08 11:18:00,2011-08-16 11:50:00,9,5955.81,661.7566666666667,116,611,True,2010-06-10 14:36:00,63.0,True,True,3,5,5,13,Loyal Customers,At risk,Win back high-value
14919,2010-06-18 13:06:00,2010-06-18 13:06:00,1,359.35,359.35,539,539,False,,,True,False,1,1,2,4,Hibernating,Dormant,Low-cost reactivation
14920,2010-05-23 15:25:00,2011-05-11 10:32:00,3,1607.17,535.7233333333334,213,565,True,2011-05-11 10:31:00,352.0,True,False,2,3,4,9,At Risk,Dormant,Low-cost reactivation
14921,2011-05-22 12:51:00,2011-11-09 13:17:00,2,1316.07,658.035,30,201,True,2011-11-09 13:17:00,171.0,True,False,4,2,4,10,Potential Loyalists,Active repeat,Develop loyalty
14922,2010-07-20 09:45:00,2010-11-11 11:14:00,2,843.74,421.87,394,508,True,2010-11-11 11:14:00,114.0,True,False,2,2,3,7,Hibernating,Dormant,Low-cost reactivation
14923,2011-10-20 11:51:00,2011-10-20 11:51:00,1,749.1,749.1,51,51,False,,,False,False,4,1,3,8,New Customers,New,Drive second purchase
14924,2010-03-10 12:51:00,2011-04-08 09:25:00,3,931.01,310.33666666666664,246,639,True,2010-04-08 15:40:00,29.0,True,True,2,3,3,8,At Risk,Dormant,Low-cost reactivation
14926,2010-04-20 09:59:00,2010-11-23 07:13:00,2,359.4,179.7,382,599,True,2010-11-23 07:13:00,216.0,True,False,2,2,2,6,Hibernating,Dormant,Low-cost reactivation
14927,2010-11-08 12:30:00,2010-11-08 12:30:00,1,308.2,308.2,397,397,False,,,True,False,2,1,2,5,Hibernating,Dormant,Low-cost reactivation
14928,2010-03-22 09:14:00,2010-03-22 09:14:00,1,223.91000000000003,223.91000000000003,628,628,False,,,True,False,1,1,1,3,Hibernating,Dormant,Low-cost reactivation
14929,2010-10-14 12:22:00,2011-11-07 17:21:00,2,836.69,418.345,32,422,True,2011-11-07 17:21:00,389.0,True,False,4,2,3,9,Potential Loyalists,Active repeat,Develop loyalty
14930,2010-04-12 11:22:00,2011-08-23 10:31:00,6,5236.7300000000005,872.7883333333334,109,607,True,2010-05-25 15:21:00,43.0,True,True,3,4,5,12,Loyal Customers,At risk,Win back high-value
14931,2011-04-13 09:32:00,2011-12-05 10:19:00,5,1257.68,251.536,5,241,True,2011-05-17 17:12:00,34.0,True,True,5,4,4,13,Champions,Active repeat,Develop loyalty
14932,2010-11-19 09:16:00,2010-12-09 11:48:00,2,666.13,333.065,366,386,True,2010-12-09 11:48:00,20.0,True,True,2,2,3,7,Hibernating,Dormant,Low-cost reactivation
14933,2010-09-21 17:29:00,2010-09-22 10:47:00,4,1770.0,442.5,444,444,True,2010-09-22 10:44:00,0.0,True,True,1,3,4,8,At Risk,Dormant,Low-cost reactivation
14934,2010-09-24 12:08:00,2011-09-19 10:10:00,5,3503.5,700.7,82,442,True,2010-09-24 12:11:00,0.0,True,True,3,4,5,12,Loyal Customers,Active repeat,Protect high-value active
14935,2010-03-30 11:48:00,2011-02-15 14:44:00,2,2849.83,1424.915,297,620,True,2011-02-15 14:44:00,322.0,True,False,2,2,4,8,Hibernating,Dormant,Low-cost reactivation
14936,2010-05-05 12:26:00,2011-11-06 10:30:00,12,12410.81,1034.2341666666666,34,584,True,2010-05-05 12:31:00,0.0,True,True,4,5,5,14,Champions,Active repeat,Protect high-value active
14937,2011-08-01 14:16:00,2011-10-14 12:29:00,3,1621.8799999999999,540.6266666666667,57,130,True,2011-10-14 12:28:00,73.0,True,True,4,3,4,11,Potential Loyalists,Active repeat,Develop loyalty
14938,2010-05-26 13:35:00,2010-05-26 13:38:00,2,2322.43,1161.215,562,562,True,2010-05-26 13:38:00,0.0,True,True,1,2,4,7,Hibernating,Dormant,Low-cost reactivation
14940,2009-12-06 15:46:00,2010-10-18 10:47:00,2,531.49,265.745,418,733,True,2010-10-18 10:47:00,315.0,True,False,1,2,2,5,Hibernating,Dormant,Low-cost reactivation
14941,2010-05-10 11:30:00,2010-05-10 11:30:00,1,182.1,182.1,579,579,False,,,True,False,1,1,1,3,Hibernating,Dormant,Low-cost reactivation
14942,2009-12-10 10:32:00,2010-11-03 10:51:00,4,746.56,186.64,402,730,True,2010-03-11 12:31:00,91.0,True,False,2,3,3,8,At Risk,Dormant,Low-cost reactivation
14943,2010-02-14 16:04:00,2010-02-14 16:04:00,1,107.62,107.62,663,663,False,,,True,False,1,1,1,3,Hibernating,Dormant,Low-cost reactivation
14944,2010-02-17 08:47:00,2011-11-10 09:10:00,19,9784.67,514.9826315789473,30,661,True,2010-02-17 08:49:00,0.0,True,True,4,5,5,14,Champions,Active repeat,Protect high-value active
14945,2010-10-22 11:26:00,2010-10-22 11:26:00,1,179.4,179.4,414,414,False,,,True,False,1,1,1,3,Hibernating,Dormant,Low-cost reactivation
14946,2011-11-25 13:33:00,2011-11-25 13:33:00,1,100.9,100.9,14,14,False,,,False,False,5,1,1,7,New Customers,New,Drive second purchase
14947,2010-03-25 11:29:00,2011-09-28 15:48:00,6,1049.79,174.965,72,625,True,2010-04-15 11:44:00,21.0,True,True,3,4,3,10,Loyal Customers,Active repeat,Develop loyalty
14948,2011-05-04 14:52:00,2011-11-16 17:16:00,6,1101.9699999999998,183.66166666666663,23,219,True,2011-07-25 08:50:00,81.0,True,True,4,4,3,11,Loyal Customers,Active repeat,Develop loyalty
14949,2009-12-18 15:28:00,2010-08-27 15:38:00,4,515.0,128.75,469,721,True,2010-01-18 13:47:00,30.0,True,True,1,3,2,6,At Risk,Dormant,Low-cost reactivation
14950,2011-11-20 13:48:00,2011-11-20 13:48:00,1,371.2,371.2,19,19,False,,,False,False,5,1,2,8,New Customers,New,Drive second purchase
14951,2011-09-21 15:15:00,2011-09-21 15:15:00,1,311.69,311.69,79,79,False,,,False,False,3,1,2,6,Needs Attention,New,Drive second purchase
14952,2009-12-03 15:34:00,2011-10-11 10:33:00,32,17629.35,550.9171875,60,736,True,2009-12-16 14:22:00,12.0,True,True,3,5,5,13,Loyal Customers,Active repeat,Protect high-value active
14953,2010-09-30 12:16:00,2011-11-14 14:59:00,4,971.3199999999999,242.82999999999998,25,436,True,2010-10-17 12:37:00,17.0,True,True,4,3,3,10,Potential Loyalists,Active repeat,Develop loyalty
14954,2010-01-05 16:38:00,2011-11-27 14:30:00,2,462.12,231.06,12,703,True,2011-11-27 14:30:00,690.0,True,False,5,2,2,9,Potential Loyalists,Active repeat,Develop loyalty
14955,2009-12-07 11:35:00,2009-12-07 11:35:00,1,163.77,163.77,733,733,False,,,True,False,1,1,1,3,Hibernating,Dormant,Low-cost reactivation
14956,2010-10-14 16:40:00,2010-10-14 16:40:00,1,1325.0,1325.0,421,421,False,,,True,False,1,1,4,6,Hibernating,Dormant,Low-cost reactivation
14957,2010-03-05 10:50:00,2011-03-31 17:59:00,2,261.69,130.845,253,645,True,2011-03-31 17:59:00,391.0,True,False,2,2,1,5,Hibernating,Dormant,Low-cost reactivation
14958,2009-12-03 16:02:00,2011-07-15 14:20:00,6,941.99,156.99833333333333,147,736,True,2010-03-23 13:26:00,109.0,True,False,3,4,3,10,Loyal Customers,At risk,Test win-back
14959,2011-02-16 13:00:00,2011-10-06 18:23:00,4,695.42,173.855,64,296,True,2011-05-08 11:38:00,80.0,True,True,3,3,3,9,Needs Attention,Active repeat,Develop loyalty
14960,2011-06-21 13:38:00,2011-12-01 12:54:00,2,221.26999999999998,110.63499999999999,8,171,True,2011-12-01 12:54:00,162.0,True,False,5,2,1,8,Potential Loyalists,Active repeat,Develop loyalty
14961,2009-12-04 11:32:00,2011-11-29 09:42:00,22,16410.15,745.9159090909092,11,736,True,2009-12-14 13:36:00,10.0,True,True,5,5,5,15,Champions,Active repeat,Protect high-value active
14962,2010-05-04 14:57:00,2011-03-14 09:42:00,4,366.91,91.7275,271,584,True,2010-05-17 12:52:00,12.0,True,True,2,3,2,7,At Risk,Dormant,Low-cost reactivation
14963,2010-07-02 12:43:00,2011-11-30 12:16:00,12,3123.5699999999997,260.29749999999996,10,526,True,2010-09-16 13:06:00,76.0,True,True,5,5,5,15,Champions,Active repeat,Protect high-value active
14964,2011-04-06 14:13:00,2011-04-06 14:13:00,1,206.21,206.21,247,247,False,,,True,False,2,1,1,4,Hibernating,Dormant,Low-cost reactivation
14965,2011-09-04 13:15:00,2011-09-04 13:20:00,2,596.0899999999999,298.04499999999996,96,96,True,2011-09-04 13:20:00,0.0,True,True,3,2,2,7,Needs Attention,At risk,Test win-back
14966,2009-12-15 13:48:00,2011-11-25 12:20:00,6,1064.26,177.37666666666667,15,724,True,2009-12-16 11:47:00,0.0,True,True,5,4,3,12,Loyal Customers,Active repeat,Develop loyalty
14967,2009-12-03 14:07:00,2011-10-21 11:06:00,6,1982.6100000000001,330.435,50,736,True,2010-02-18 12:22:00,76.0,True,True,4,4,4,12,Champions,Active repeat,Develop loyalty
14968,2010-09-07 13:28:00,2011-11-09 13:58:00,2,501.24,250.62,30,458,True,2011-11-09 13:58:00,428.0,True,False,4,2,2,8,Potential Loyalists,Active repeat,Develop loyalty
14969,2010-01-05 12:43:00,2010-01-05 12:43:00,1,906.23,906.23,704,704,False,,,True,False,1,1,3,5,Hibernating,Dormant,Low-cost reactivation
14970,2010-02-14 13:37:00,2011-10-02 13:44:00,12,4919.35,409.9458333333334,68,663,True,2010-02-14 13:38:00,0.0,True,True,3,5,5,13,Loyal Customers,Active repeat,Protect high-value active
14971,2011-10-27 13:33:00,2011-11-04 17:07:00,3,1097.98,365.99333333333334,35,43,True,2011-11-04 17:03:00,8.0,False,False,4,3,3,10,Potential Loyalists,Active repeat,Develop loyalty
14972,2010-11-23 16:17:00,2011-08-03 14:54:00,2,145.07,72.535,128,381,True,2011-08-03 14:54:00,252.0,True,False,3,2,1,6,Needs Attention,At risk,Test win-back
14973,2011-04-28 12:22:00,2011-08-24 15:51:00,3,1314.45,438.15000000000003,107,226,True,2011-07-28 15:58:00,91.0,True,False,3,3,4,10,Needs Attention,At risk,Test win-back
14974,2011-11-02 13:01:00,2011-11-02 13:01:00,1,89.94,89.94,37,37,False,,,False,False,4,1,1,6,New Customers,New,Drive second purchase
14975,2010-10-14 14:11:00,2011-10-13 14:08:00,2,472.39,236.195,57,421,True,2011-10-13 14:08:00,363.0,True,False,4,2,2,8,Potential Loyalists,Active repeat,Develop loyalty
14976,2011-01-17 11:09:00,2011-10-13 16:37:00,7,790.86,112.98,57,327,True,2011-03-10 12:42:00,52.0,True,True,4,4,3,11,Loyal Customers,Active repeat,Develop loyalty
14977,2009-12-14 10:37:00,2009-12-14 10:37:00,1,31.929999999999996,31.929999999999996,726,726,False,,,True,False,1,1,1,3,Hibernating,Dormant,Low-cost reactivation
14978,2010-04-28 10:50:00,2011-09-28 13:07:00,10,3112.19,311.219,72,591,True,2010-06-16 11:30:00,49.0,True,True,3,5,5,13,Loyal Customers,Active repeat,Protect high-value active
14979,2009-12-04 12:54:00,2009-12-04 12:54:00,1,429.66,429.66,735,735,False,,,True,False,1,1,2,4,Hibernating,Dormant,Low-cost reactivation
14980,2009-12-02 14:09:00,2009-12-02 14:09:00,1,150.68,150.68,737,737,False,,,True,False,1,1,1,3,Hibernating,Dormant,Low-cost reactivation
14981,2010-10-12 11:04:00,2011-04-07 13:45:00,2,372.92,186.46,246,424,True,2011-04-07 13:45:00,177.0,True,False,2,2,2,6,Hibernating,Dormant,Low-cost reactivation
14982,2010-05-16 15:52:00,2010-05-16 15:52:00,1,237.78,237.78,572,572,False,,,True,False,1,1,1,3,Hibernating,Dormant,Low-cost reactivation
14983,2010-01-19 17:32:00,2010-01-19 17:32:00,1,183.20000000000002,183.20000000000002,689,689,False,,,True,False,1,1,1,3,Hibernating,Dormant,Low-cost reactivation
14984,2010-01-11 13:22:00,2011-11-20 14:28:00,6,1260.51,210.085,19,697,True,2010-06-06 10:55:00,145.0,True,False,5,4,4,13,Champions,Active repeat,Develop loyalty
14985,2010-12-16 19:51:00,2011-05-25 14:29:00,2,292.01,146.005,198,358,True,2011-05-25 14:29:00,159.0,True,False,2,2,2,6,Hibernating,Dormant,Low-cost reactivation
14986,2010-01-24 15:54:00,2010-11-28 15:25:00,2,563.1,281.55,376,684,True,2010-11-28 15:25:00,307.0,True,False,2,2,2,6,Hibernating,Dormant,Low-cost reactivation
14987,2009-12-02 14:56:00,2011-11-24 09:59:00,8,1550.6499999999999,193.83124999999998,16,737,True,2009-12-13 12:22:00,10.0,True,True,5,4,4,13,Champions,Active repeat,Develop loyalty
14988,2010-04-16 13:34:00,2011-05-12 12:05:00,7,2038.65,291.2357142857143,212,602,True,2010-05-04 12:30:00,17.0,True,True,2,4,4,10,At Risk,Dormant,Low-cost reactivation
14989,2010-02-16 10:40:00,2010-02-16 10:40:00,1,342.4,342.4,662,662,False,,,True,False,1,1,2,4,Hibernating,Dormant,Low-cost reactivation
14990,2009-12-09 13:31:00,2010-04-06 13:54:00,2,304.16999999999996,152.08499999999998,612,730,True,2010-04-06 13:54:00,118.0,True,False,1,2,2,5,Hibernating,Dormant,Low-cost reactivation
14991,2010-10-05 13:01:00,2010-10-05 13:01:00,1,314.67,314.67,430,430,False,,,True,False,1,1,2,4,Hibernating,Dormant,Low-cost reactivation
14992,2010-09-23 17:48:00,2010-09-23 17:48:00,1,210.5,210.5,442,442,False,,,True,False,1,1,1,3,Hibernating,Dormant,Low-cost reactivation
14993,2010-05-25 12:47:00,2010-05-25 12:47:00,1,36.13,36.13,564,564,False,,,True,False,1,1,1,3,Hibernating,Dormant,Low-cost reactivation
14994,2010-03-26 14:16:00,2010-11-22 12:59:00,5,946.72,189.344,382,623,True,2010-04-30 11:28:00,34.0,True,True,2,4,3,9,At Risk,Dormant,Low-cost reactivation
14995,2011-03-04 13:14:00,2011-11-01 11:39:00,2,231.98000000000002,115.99000000000001,39,280,True,2011-11-01 11:39:00,241.0,True,False,4,2,1,7,Potential Loyalists,Active repeat,Develop loyalty
14996,2010-08-15 13:41:00,2010-08-15 13:44:00,2,442.29,221.145,481,481,True,2010-08-15 13:44:00,0.0,True,True,1,2,2,5,Hibernating,Dormant,Low-cost reactivation
14997,2010-02-22 12:11:00,2011-10-24 13:28:00,4,776.6,194.15,46,656,True,2011-06-14 16:52:00,477.0,True,False,4,3,3,10,Potential Loyalists,Active repeat,Develop loyalty
14998,2010-04-13 16:07:00,2011-06-22 17:30:00,4,753.18,188.295,170,605,True,2010-10-07 18:48:00,177.0,True,False,3,3,3,9,Needs Attention,At risk,Test win-back
14999,2010-04-26 10:47:00,2010-04-26 10:47:00,1,129.48000000000002,129.48000000000002,593,593,False,,,True,False,1,1,1,3,Hibernating,Dormant,Low-cost reactivation
15000,2011-10-23 11:42:00,2011-10-23 11:42:00,1,490.52,490.52,48,48,False,,,False,False,4,1,2,7,New Customers,New,Drive second purchase
15001,2010-11-10 13:31:00,2010-11-10 13:51:00,2,199.10999999999999,99.55499999999999,394,394,True,2010-11-10 13:51:00,0.0,True,True,2,2,1,5,Hibernating,Dormant,Low-cost reactivation
15002,2010-01-12 11:40:00,2011-08-16 10:44:00,9,4138.08,459.78666666666663,116,697,True,2010-01-26 11:44:00,14.0,True,True,3,5,5,13,Loyal Customers,At risk,Win back high-value
15003,2010-01-26 13:04:00,2010-08-23 15:44:00,6,1027.03,171.17166666666665,473,682,True,2010-02-03 11:58:00,7.0,True,True,1,4,3,8,At Risk,Dormant,Low-cost reactivation
15004,2011-07-15 14:05:00,2011-07-15 14:05:00,1,1220.77,1220.77,147,147,False,,,True,False,3,1,3,7,Needs Attention,At risk,Test win-back
15005,2009-12-01 14:19:00,2011-11-24 12:25:00,56,13754.58,245.6175,16,738,True,2009-12-09 14:38:00,8.0,True,True,5,5,5,15,Champions,Active repeat,Protect high-value active
15006,2010-09-12 13:03:00,2011-10-19 15:08:00,2,757.78,378.89,51,453,True,2011-10-19 15:08:00,402.0,True,False,4,2,3,9,Potential Loyalists,Active repeat,Develop loyalty
15007,2011-07-03 16:00:00,2011-07-03 16:00:00,1,156.91,156.91,159,159,False,,,True,False,3,1,1,5,Needs Attention,At risk,Test win-back
15008,2010-03-12 11:13:00,2010-08-16 13:09:00,2,360.0,180.0,480,638,True,2010-08-16 13:09:00,157.0,True,False,1,2,2,5,Hibernating,Dormant,Low-cost reactivation
15009,2011-11-14 17:40:00,2011-11-27 13:35:00,3,1259.43,419.81,12,25,True,2011-11-20 11:25:00,5.0,False,False,5,3,4,12,Potential Loyalists,Active repeat,Develop loyalty
15010,2011-11-04 12:42:00,2011-11-04 12:42:00,1,308.94,308.94,36,36,False,,,False,False,4,1,2,7,New Customers,New,Drive second purchase
15011,2010-10-19 12:05:00,2010-11-09 11:10:00,2,416.6,208.3,396,417,True,2010-11-09 11:10:00,20.0,True,True,2,2,2,6,Hibernating,Dormant,Low-cost reactivation
15012,2010-05-12 11:49:00,2011-10-17 12:22:00,3,646.26,215.42,54,577,True,2010-12-01 12:49:00,203.0,True,False,4,3,3,10,Potential Loyalists,Active repeat,Develop loyalty
15013,2010-01-31 12:15:00,2010-08-09 12:05:00,10,1610.82,161.082,488,678,True,2010-02-21 11:02:00,20.0,True,True,1,5,4,10,At Risk,Dormant,Low-cost reactivation
15014,2011-06-16 19:40:00,2011-10-27 20:07:00,2,257.66999999999996,128.83499999999998,43,176,True,2011-10-27 20:07:00,133.0,True,False,4,2,1,7,Potential Loyalists,Active repeat,Develop loyalty
15015,2009-12-14 14:46:00,2010-07-26 13:50:00,13,2354.97,181.15153846153845,501,725,True,2010-01-13 14:32:00,29.0,True,True,1,5,4,10,At Risk,Dormant,Low-cost reactivation
15016,2010-06-14 13:06:00,2011-06-20 12:06:00,5,620.89,124.178,173,543,True,2010-10-13 13:32:00,121.0,True,False,3,4,3,10,Loyal Customers,At risk,Test win-back
15017,2011-11-06 10:33:00,2011-11-06 10:33:00,1,125.58,125.58,34,34,False,,,False,False,4,1,1,6,New Customers,New,Drive second purchase
15018,2010-12-07 10:47:00,2011-11-01 12:47:00,3,496.21000000000004,165.40333333333334,39,368,True,2011-04-01 09:56:00,114.0,True,False,4,3,2,9,Potential Loyalists,Active repeat,Develop loyalty
15019,2011-03-18 12:35:00,2011-03-18 12:35:00,1,252.81,252.81,267,267,False,,,True,False,2,1,1,4,Hibernating,Dormant,Low-cost reactivation
15020,2010-11-25 13:29:00,2010-11-25 13:29:00,1,198.47,198.47,379,379,False,,,True,False,2,1,1,4,Hibernating,Dormant,Low-cost reactivation
15021,2010-07-29 16:35:00,2011-12-01 11:53:00,12,2500.59,208.38250000000002,9,498,True,2010-11-12 13:05:00,105.0,True,False,5,5,4,14,Champions,Active repeat,Protect high-value active
15022,2010-01-31 16:02:00,2011-11-28 12:35:00,5,1133.44,226.68800000000002,12,677,True,2011-10-23 15:47:00,629.0,True,False,5,4,3,12,Loyal Customers,Active repeat,Develop loyalty
15023,2010-02-03 15:45:00,2011-12-06 17:23:00,20,11578.65,578.9325,3,674,True,2010-04-01 13:54:00,56.0,True,True,5,5,5,15,Champions,Active repeat,Protect high-value active
15024,2010-10-11 16:14:00,2011-11-30 12:06:00,16,3559.39,222.461875,10,424,True,2010-10-11 16:42:00,0.0,True,True,5,5,5,15,Champions,Active repeat,Protect high-value active
15025,2010-05-20 13:28:00,2011-11-06 15:20:00,2,979.79,489.895,33,568,True,2011-11-06 15:20:00,535.0,True,False,4,2,3,9,Potential Loyalists,Active repeat,Develop loyalty
15026,2010-09-17 13:52:00,2011-09-20 13:52:00,5,1048.8899999999999,209.77799999999996,80,448,True,2010-11-29 13:50:00,72.0,True,True,3,4,3,10,Loyal Customers,Active repeat,Develop loyalty
15027,2010-03-25 14:39:00,2011-11-09 10:16:00,10,3195.6,319.56,31,624,True,2010-05-06 14:15:00,41.0,True,True,4,5,5,14,Champions,Active repeat,Protect high-value active
15028,2010-11-10 14:32:00,2011-12-01 14:06:00,6,962.94,160.49,8,394,True,2010-11-26 12:56:00,15.0,True,True,5,4,3,12,Loyal Customers,Active repeat,Develop loyalty
15029,2010-03-30 12:16:00,2010-03-30 12:16:00,1,365.1,365.1,620,620,False,,,True,False,1,1,2,4,Hibernating,Dormant,Low-cost reactivation
15030,2010-03-04 17:10:00,2011-09-29 10:50:00,8,1979.91,247.48875,72,645,True,2010-03-18 17:34:00,14.0,True,True,3,4,4,11,Loyal Customers,Active repeat,Develop loyalty
15031,2009-12-08 13:38:00,2011-12-05 14:19:00,14,3102.94,221.63857142857142,4,731,True,2010-01-14 19:50:00,37.0,True,True,5,5,5,15,Champions,Active repeat,Protect high-value active
15032,2009-12-10 15:27:00,2011-03-28 15:03:00,8,11010.05,1376.25625,256,729,True,2010-04-15 14:38:00,125.0,True,False,2,4,5,11,At Risk,Dormant,Low-cost reactivation
15033,2011-01-14 13:28:00,2011-12-05 12:40:00,10,2557.18,255.718,5,329,True,2011-03-28 12:22:00,72.0,True,True,5,5,4,14,Champions,Active repeat,Protect high-value active
15034,2010-05-11 13:30:00,2011-11-24 12:11:00,14,8231.2,587.9428571428572,16,577,True,2010-07-02 12:55:00,51.0,True,True,5,5,5,15,Champions,Active repeat,Protect high-value active
15035,2011-09-11 11:08:00,2011-09-11 11:08:00,1,252.73000000000002,252.73000000000002,90,90,False,,,True,False,3,1,1,5,Needs Attention,New,Drive second purchase
15036,2011-06-13 12:19:00,2011-09-28 15:42:00,3,429.56,143.18666666666667,72,180,True,2011-06-15 13:35:00,2.0,True,True,3,3,2,8,Needs Attention,Active repeat,Develop loyalty
15037,2010-11-28 12:14:00,2010-11-28 13:05:00,2,397.76,198.88,376,377,True,2010-11-28 13:05:00,0.0,True,True,2,2,2,6,Hibernating,Dormant,Low-cost reactivation
15038,2010-10-10 14:35:00,2011-10-12 11:33:00,9,1146.53,127.39222222222222,59,425,True,2010-10-31 12:52:00,20.0,True,True,4,5,3,12,Loyal Customers,Active repeat,Develop loyalty
15039,2009-12-10 11:39:00,2011-11-30 11:31:00,93,39141.48,420.8761290322581,10,730,True,2009-12-15 11:24:00,4.0,True,True,5,5,5,15,Champions,Active repeat,Protect high-value active
15040,2010-06-16 11:40:00,2010-06-16 11:40:00,1,7.49,7.49,542,542,False,,,True,False,1,1,1,3,Hibernating,Dormant,Low-cost reactivation
15041,2010-09-21 13:16:00,2011-06-22 16:16:00,2,289.4,144.7,170,444,True,2011-06-22 16:16:00,274.0,True,False,3,2,2,7,Needs Attention,At risk,Test win-back
15042,2010-04-23 14:01:00,2011-05-24 16:25:00,2,315.45000000000005,157.72500000000002,199,595,True,2011-05-24 16:25:00,396.0,True,False,2,2,2,6,Hibernating,Dormant,Low-cost reactivation
15043,2010-06-24 15:50:00,2011-11-08 14:26:00,6,2870.3199999999997,478.3866666666666,31,533,True,2010-07-21 17:31:00,27.0,True,True,4,4,4,12,Champions,Active repeat,Protect high-value active
15044,2009-12-16 15:13:00,2011-11-20 13:20:00,35,16024.150000000001,457.83285714285716,19,723,True,2009-12-23 11:21:00,6.0,True,True,5,5,5,15,Champions,Active repeat,Protect high-value active
15045,2011-03-27 11:44:00,2011-07-11 11:33:00,2,735.66,367.83,152,258,True,2011-07-11 11:33:00,105.0,True,False,3,2,3,8,Needs Attention,At risk,Test win-back
15046,2010-01-14 14:29:00,2011-11-30 15:50:00,25,7623.79,304.9516,9,694,True,2010-01-26 10:54:00,11.0,True,True,5,5,5,15,Champions,Active repeat,Protect high-value active
15047,2011-03-15 10:49:00,2011-03-15 10:49:00,1,343.62,343.62,270,270,False,,,True,False,2,1,2,5,Hibernating,Dormant,Low-cost reactivation
15048,2010-12-06 12:15:00,2011-10-05 14:55:00,4,381.0,95.25,65,369,True,2011-05-03 11:40:00,147.0,True,False,3,3,2,8,Needs Attention,Active repeat,Develop loyalty
15049,2011-03-11 12:13:00,2011-03-11 12:13:00,1,121.17000000000002,121.17000000000002,274,274,False,,,True,False,2,1,1,4,Hibernating,Dormant,Low-cost reactivation
15050,2010-08-16 12:00:00,2011-11-14 16:17:00,5,4087.19,817.438,25,481,True,2010-10-14 14:18:00,59.0,True,True,4,4,5,13,Champions,Active repeat,Protect high-value active
15051,2009-12-01 13:29:00,2011-11-16 15:38:00,9,3926.91,436.3233333333333,23,738,True,2010-02-16 10:44:00,76.0,True,True,4,5,5,14,Champions,Active repeat,Protect high-value active
15052,2011-01-24 15:52:00,2011-01-24 15:52:00,1,207.73000000000002,207.73000000000002,319,319,False,,,True,False,2,1,1,4,Hibernating,Dormant,Low-cost reactivation
15053,2011-03-03 12:06:00,2011-12-05 12:08:00,3,693.95,231.3166666666667,5,282,True,2011-07-06 13:06:00,125.0,True,False,5,3,3,11,Potential Loyalists,Active repeat,Develop loyalty
15054,2011-10-30 14:33:00,2011-11-27 15:02:00,2,302.1,151.05,12,40,True,2011-11-27 15:02:00,28.0,False,False,5,2,2,9,Potential Loyalists,Active repeat,Develop loyalty
15055,2009-12-16 15:48:00,2010-08-22 11:06:00,3,549.12,183.04,475,723,True,2010-04-25 13:40:00,129.0,True,False,1,3,2,6,At Risk,Dormant,Low-cost reactivation
15056,2010-07-07 15:58:00,2010-07-07 15:58:00,1,113.64999999999999,113.64999999999999,520,520,False,,,True,False,1,1,1,3,Hibernating,Dormant,Low-cost reactivation
15057,2009-12-05 15:27:00,2011-03-09 15:17:00,5,3255.96,651.192,275,734,True,2010-03-24 11:51:00,108.0,True,False,2,4,5,11,At Risk,Dormant,Low-cost reactivation
15058,2010-02-24 14:07:00,2011-11-14 14:57:00,16,3387.58,211.72375,25,653,True,2010-04-26 10:33:00,60.0,True,True,4,5,5,14,Champions,Active repeat,Protect high-value active
15059,2009-12-06 12:17:00,2011-10-30 11:35:00,19,3491.2,183.7473684210526,41,734,True,2010-01-15 15:13:00,40.0,True,True,4,5,5,14,Champions,Active repeat,Protect high-value active
15060,2011-11-30 14:03:00,2011-12-01 13:47:00,4,294.25,73.5625,8,9,True,2011-11-30 14:17:00,0.0,False,False,5,3,2,10,Potential Loyalists,Active repeat,Develop loyalty
15061,2009-12-01 12:18:00,2011-12-06 12:06:00,127,126389.01999999999,995.1891338582676,4,739,True,2009-12-01 12:19:00,0.0,True,True,5,5,5,15,Champions,Active repeat,Protect high-value active
15062,2010-04-08 15:41:00,2011-09-29 16:51:00,8,2585.62,323.2025,71,610,True,2010-07-01 14:49:00,83.0,True,True,3,4,4,11,Loyal Customers,Active repeat,Protect high-value active
15063,2011-05-10 13:25:00,2011-05-10 13:25:00,1,370.79999999999995,370.79999999999995,213,213,False,,,True,False,2,1,2,5,Hibernating,Dormant,Low-cost reactivation
15064,2009-12-22 16:17:00,2010-10-25 14:32:00,4,1254.41,313.6025,410,717,True,2010-05-13 10:42:00,141.0,True,False,2,3,4,9,At Risk,Dormant,Low-cost reactivation
15065,2010-10-25 09:13:00,2011-11-02 09:45:00,5,3326.86,665.3720000000001,38,411,True,2011-02-21 12:54:00,119.0,True,False,4,4,5,13,Champions,Active repeat,Protect high-value active
15066,2011-10-17 13:25:00,2011-10-17 13:25:00,1,893.59,893.59,53,53,False,,,False,False,4,1,3,8,New Customers,New,Drive second purchase
15067,2010-04-11 15:54:00,2011-09-22 13:20:00,5,3862.8799999999997,772.5759999999999,78,607,True,2010-10-22 14:30:00,193.0,True,False,3,4,5,12,Loyal Customers,Active repeat,Protect high-value active
15068,2010-03-28 13:18:00,2011-10-24 14:47:00,4,1174.9,293.725,46,621,True,2010-10-17 16:08:00,203.0,True,False,4,3,3,10,Potential Loyalists,Active repeat,Develop loyalty
15069,2011-06-13 14:16:00,2011-06-13 14:16:00,1,1109.53,1109.53,179,179,False,,,True,False,3,1,3,7,Needs Attention,At risk,Test win-back
15070,2009-12-15 13:49:00,2010-12-02 11:23:00,3,737.0500000000001,245.68333333333337,373,724,True,2010-04-27 15:21:00,133.0,True,False,2,3,3,8,At Risk,Dormant,Low-cost reactivation
15071,2010-05-18 12:45:00,2011-09-07 11:43:00,4,1455.5600000000002,363.89000000000004,94,571,True,2010-11-18 13:30:00,184.0,True,False,3,3,4,10,Needs Attention,At risk,Test win-back
15072,2010-08-17 15:46:00,2010-08-17 15:46:00,1,187.51999999999998,187.51999999999998,479,479,False,,,True,False,1,1,1,3,Hibernating,Dormant,Low-cost reactivation
15073,2010-01-27 08:48:00,2011-11-30 10:44:00,8,2788.02,348.5025,10,682,True,2010-04-22 14:15:00,85.0,True,True,5,4,4,13,Champions,Active repeat,Protect high-value active
15074,2010-08-29 11:47:00,2011-08-26 14:45:00,3,1553.1299999999999,517.7099999999999,105,468,True,2010-10-06 15:49:00,38.0,True,True,3,3,4,10,Needs Attention,At risk,Test win-back
15075,2011-09-23 12:27:00,2011-09-23 12:27:00,1,773.03,773.03,78,78,False,,,False,False,3,1,3,7,Needs Attention,New,Drive second purchase
15076,2010-07-05 14:11:00,2011-06-20 08:23:00,3,1447.7400000000002,482.5800000000001,173,522,True,2010-08-04 13:37:00,29.0,True,True,3,3,4,10,Needs Attention,At risk,Test win-back
15077,2009-12-09 17:10:00,2010-08-02 11:13:00,2,2428.08,1214.04,495,730,True,2010-08-02 11:13:00,235.0,True,False,1,2,4,7,Hibernating,Dormant,Low-cost reactivation
15078,2009-12-04 12:03:00,2011-12-02 15:41:00,53,17286.73,326.1647169811321,7,736,True,2009-12-15 19:01:00,11.0,True,True,5,5,5,15,Champions,Active repeat,Protect high-value active
15079,2009-12-08 11:22:00,2011-05-11 12:45:00,11,3625.4,329.58181818181816,213,732,True,2009-12-08 11:23:00,0.0,True,True,2,5,5,12,At Risk,Dormant,Low-cost reactivation
15080,2010-07-26 10:03:00,2010-10-08 11:52:00,2,546.25,273.125,428,502,True,2010-10-08 11:52:00,74.0,True,True,1,2,2,5,Hibernating,Dormant,Low-cost reactivation
15081,2010-06-22 10:25:00,2011-11-17 17:08:00,12,1854.57,154.54749999999999,22,536,True,2010-07-01 10:51:00,9.0,True,True,4,5,4,13,Champions,Active repeat,Develop loyalty
15082,2010-02-09 10:23:00,2010-02-09 10:23:00,1,93.35000000000001,93.35000000000001,669,669,False,,,True,False,1,1,1,3,Hibernating,Dormant,Low-cost reactivation
15083,2011-03-28 12:18:00,2011-03-28 12:18:00,1,88.2,88.2,257,257,False,,,True,False,2,1,1,4,Hibernating,Dormant,Low-cost reactivation
15084,2010-03-04 10:45:00,2010-11-25 11:58:00,2,965.1999999999999,482.59999999999997,380,646,True,2010-11-25 11:58:00,266.0,True,False,2,2,3,7,Hibernating,Dormant,Low-cost reactivation
15085,2009-12-10 11:47:00,2009-12-10 11:47:00,1,347.54,347.54,730,730,False,,,True,False,1,1,2,4,Hibernating,Dormant,Low-cost reactivation
15086,2010-03-24 13:56:00,2010-05-24 12:27:00,2,218.53,109.265,565,625,True,2010-05-24 12:27:00,60.0,True,True,1,2,1,4,Hibernating,Dormant,Low-cost reactivation
15087,2011-03-03 10:34:00,2011-03-03 10:34:00,1,306.94,306.94,282,282,False,,,True,False,2,1,2,5,Hibernating,Dormant,Low-cost reactivation
15088,2011-10-03 14:05:00,2011-11-18 13:14:00,2,1160.0700000000002,580.0350000000001,21,67,True,2011-11-18 13:14:00,45.0,False,False,4,2,3,9,Potential Loyalists,Active repeat,Develop loyalty
15089,2011-08-03 14:14:00,2011-11-29 16:31:00,6,2420.84,403.47333333333336,10,128,True,2011-08-23 13:40:00,19.0,True,True,5,4,4,13,Champions,Active repeat,Protect high-value active
15090,2011-02-04 14:03:00,2011-02-04 14:03:00,1,381.32,381.32,308,308,False,,,True,False,2,1,2,5,Hibernating,Dormant,Low-cost reactivation
15091,2010-02-03 11:46:00,2011-10-03 12:47:00,3,1046.6100000000001,348.87000000000006,68,675,True,2010-02-03 11:50:00,0.0,True,True,3,3,3,9,Needs Attention,Active repeat,Develop loyalty
15092,2010-09-03 12:33:00,2011-05-08 14:10:00,3,776.46,258.82,215,463,True,2011-03-01 12:24:00,178.0,True,False,2,3,3,8,At Risk,Dormant,Low-cost reactivation
15093,2009-12-08 12:46:00,2011-11-21 13:09:00,23,13702.380000000001,595.7556521739131,18,732,True,2010-01-12 14:33:00,35.0,True,True,5,5,5,15,Champions,Active repeat,Protect high-value active
15094,2010-03-05 12:56:00,2010-09-02 16:55:00,2,83.0,41.5,463,644,True,2010-09-02 16:55:00,181.0,True,False,1,2,1,4,Hibernating,Dormant,Low-cost reactivation
15095,2010-01-21 09:37:00,2011-08-28 12:01:00,10,3141.64,314.164,104,688,True,2010-04-22 08:03:00,90.0,True,True,3,5,5,13,Loyal Customers,At risk,Win back high-value
15096,2011-10-28 10:27:00,2011-10-28 10:27:00,1,219.39000000000001,219.39000000000001,43,43,False,,,False,False,4,1,1,6,New Customers,New,Drive second purchase
15097,2010-05-05 14:22:00,2011-12-05 14:03:00,3,908.3499999999999,302.7833333333333,4,583,True,2010-05-05 14:33:00,0.0,True,True,5,3,3,11,Potential Loyalists,Active repeat,Develop loyalty
15098,2011-06-10 15:22:00,2011-06-10 15:33:00,3,39916.5,13305.5,182,182,True,2011-06-10 15:28:00,0.0,True,True,3,3,5,11,Needs Attention,Dormant,Low-cost reactivation
15099,2011-09-16 13:13:00,2011-09-16 13:13:00,1,410.48,410.48,84,84,False,,,False,False,3,1,2,6,Needs Attention,New,Drive second purchase
15100,2010-01-07 14:33:00,2011-01-10 10:35:00,7,2193.8999999999996,313.41428571428565,334,701,True,2010-11-11 13:23:00,307.0,True,False,2,4,4,10,At Risk,Dormant,Low-cost reactivation
15101,2010-04-28 15:00:00,2011-12-01 10:18:00,6,1477.94,246.32333333333335,9,590,True,2010-06-04 14:12:00,36.0,True,True,5,4,4,13,Champions,Active repeat,Develop loyalty
15102,2010-06-11 10:16:00,2010-06-27 12:16:00,2,554.67,277.335,531,547,True,2010-06-27 12:16:00,16.0,True,True,1,2,2,5,Hibernating,Dormant,Low-cost reactivation
15103,2011-09-14 13:54:00,2011-11-08 14:53:00,2,703.36,351.68,31,86,True,2011-11-08 14:53:00,55.0,False,False,4,2,3,9,Potential Loyalists,Active repeat,Develop loyalty
15104,2011-03-02 14:16:00,2011-05-27 12:29:00,2,993.54,496.77,197,282,True,2011-05-27 12:29:00,85.0,True,True,2,2,3,7,Hibernating,Dormant,Low-cost reactivation
15105,2010-03-23 12:18:00,2011-11-21 16:54:00,9,3094.91,343.87888888888887,18,627,True,2010-10-05 14:12:00,196.0,True,False,5,5,5,15,Champions,Active repeat,Protect high-value active
15106,2011-03-15 12:52:00,2011-11-22 09:16:00,5,1422.52,284.504,18,269,True,2011-05-12 08:41:00,57.0,True,True,5,4,4,13,Champions,Active repeat,Develop loyalty
15107,2010-09-14 10:47:00,2011-02-01 14:46:00,9,824.35,91.59444444444445,311,452,True,2010-09-23 08:10:00,8.0,True,True,2,5,3,10,At Risk,Dormant,Low-cost reactivation
15108,2011-04-26 10:54:00,2011-07-21 10:24:00,4,1300.25,325.0625,142,228,True,2011-06-05 12:51:00,40.0,True,True,3,3,4,10,Needs Attention,At risk,Test win-back
15109,2009-12-04 12:33:00,2011-04-08 09:58:00,3,983.0999999999999,327.7,246,736,True,2010-05-09 13:44:00,156.0,True,False,2,3,3,8,At Risk,Dormant,Low-cost reactivation
15110,2010-08-11 15:49:00,2011-11-16 11:16:00,6,1505.8500000000001,250.97500000000002,24,485,True,2010-11-01 10:31:00,81.0,True,True,4,4,4,12,Champions,Active repeat,Develop loyalty
15111,2010-04-26 13:12:00,2011-11-10 16:58:00,5,2442.37,488.474,29,592,True,2010-10-11 14:32:00,168.0,True,False,4,4,4,12,Champions,Active repeat,Protect high-value active
15112,2010-04-07 14:17:00,2010-04-07 14:17:00,1,209.4,209.4,611,611,False,,,True,False,1,1,1,3,Hibernating,Dormant,Low-cost reactivation
15113,2011-10-16 15:27:00,2011-11-30 08:23:00,3,3509.43,1169.81,10,54,True,2011-11-14 10:33:00,28.0,False,False,5,3,5,13,Potential Loyalists,Active repeat,Protect high-value active
15114,2010-10-14 16:44:00,2011-11-09 15:05:00,12,3400.12,283.3433333333333,30,421,True,2010-11-21 16:14:00,37.0,True,True,4,5,5,14,Champions,Active repeat,Protect high-value active
15115,2009-12-07 11:20:00,2011-11-21 14:59:00,2,531.85,265.925,18,733,True,2011-11-21 14:59:00,714.0,True,False,5,2,2,9,Potential Loyalists,Active repeat,Develop loyalty
15116,2011-05-19 08:50:00,2011-11-22 12:25:00,4,1352.75,338.1875,18,205,True,2011-07-28 09:48:00,70.0,True,True,5,3,4,12,Potential Loyalists,Active repeat,Develop loyalty
15117,2010-03-15 13:39:00,2011-11-25 08:12:00,8,2485.9700000000003,310.74625000000003,15,634,True,2010-03-15 13:40:00,0.0,True,True,5,4,4,13,Champions,Active repeat,Protect high-value active
15118,2011-07-28 14:54:00,2011-07-28 14:54:00,1,244.8,244.8,134,134,False,,,True,False,3,1,1,5,Needs Attention,At risk,Test win-back
15119,2011-04-08 09:08:00,2011-04-08 09:08:00,1,266.4,266.4,246,246,False,,,True,False,2,1,1,4,Hibernating,Dormant,Low-cost reactivation
15120,2011-07-29 09:48:00,2011-07-29 09:48:00,1,358.82,358.82,134,134,False,,,True,False,3,1,2,6,Needs Attention,At risk,Test win-back
15121,2011-02-24 12:41:00,2011-10-20 14:51:00,2,457.71999999999997,228.85999999999999,50,289,True,2011-10-20 14:51:00,238.0,True,False,4,2,2,8,Potential Loyalists,Active repeat,Develop loyalty
15122,2010-03-30 14:05:00,2011-08-17 16:48:00,11,4487.27,407.9336363636364,114,619,True,2010-05-04 14:12:00,35.0,True,True,3,5,5,13,Loyal Customers,At risk,Win back high-value
15123,2010-03-16 09:49:00,2011-12-02 13:12:00,5,4656.17,931.234,7,634,True,2010-09-27 13:58:00,195.0,True,False,5,4,5,14,Champions,Active repeat,Protect high-value active
15124,2010-02-26 10:49:00,2011-11-17 10:09:00,4,450.82,112.705,23,652,True,2010-08-20 12:31:00,175.0,True,False,4,3,2,9,Potential Loyalists,Active repeat,Develop loyalty
15125,2010-03-31 13:29:00,2011-11-14 13:57:00,24,17024.87,709.3695833333333,25,618,True,2010-03-31 13:32:00,0.0,True,True,4,5,5,14,Champions,Active repeat,Protect high-value active
15126,2010-01-21 17:09:00,2010-06-21 12:31:00,2,449.49,224.745,537,687,True,2010-06-21 12:31:00,150.0,True,False,1,2,2,5,Hibernating,Dormant,Low-cost reactivation
15127,2010-07-08 10:07:00,2011-10-05 10:30:00,2,711.5,355.75,66,520,True,2011-10-05 10:30:00,454.0,True,False,3,2,3,8,Needs Attention,Active repeat,Develop loyalty
15128,2010-10-05 16:46:00,2011-10-10 13:54:00,5,1783.6799999999998,356.736,60,430,True,2011-05-04 12:32:00,210.0,True,False,3,4,4,11,Loyal Customers,Active repeat,Develop loyalty
15129,2010-04-08 17:15:00,2011-10-20 14:40:00,23,6860.18,298.2686956521739,50,610,True,2010-04-21 09:03:00,12.0,True,True,4,5,5,14,Champions,Active repeat,Protect high-value active
15130,2011-06-23 10:15:00,2011-06-23 10:15:00,1,330.11,330.11,170,170,False,,,True,False,3,1,2,6,Needs Attention,At risk,Test win-back
15131,2010-11-10 12:07:00,2010-11-10 12:07:00,1,80.28,80.28,395,395,False,,,True,False,2,1,1,4,Hibernating,Dormant,Low-cost reactivation
15132,2011-03-22 12:02:00,2011-11-21 17:10:00,5,977.9300000000001,195.586,18,263,True,2011-05-24 08:53:00,62.0,True,True,5,4,3,12,Loyal Customers,Active repeat,Develop loyalty
15133,2010-07-07 12:31:00,2011-08-04 10:44:00,5,1806.9,361.38,128,521,True,2010-11-22 15:16:00,138.0,True,False,3,4,4,11,Loyal Customers,At risk,Test win-back
15134,2010-10-13 12:44:00,2011-11-25 08:55:00,10,1596.29,159.629,15,423,True,2010-11-23 14:59:00,41.0,True,True,5,5,4,14,Champions,Active repeat,Develop loyalty
15135,2010-06-01 13:33:00,2011-04-14 19:16:00,2,305.68,152.84,239,556,True,2011-04-14 19:16:00,317.0,True,False,2,2,2,6,Hibernating,Dormant,Low-cost reactivation
15136,2011-09-04 16:05:00,2011-12-07 12:26:00,4,1286.7,321.675,3,96,True,2011-11-17 16:35:00,74.0,True,True,5,3,4,12,Potential Loyalists,Active repeat,Develop loyalty
15137,2010-01-28 15:45:00,2010-07-07 09:41:00,2,823.4,411.7,521,680,True,2010-07-07 09:41:00,159.0,True,False,1,2,3,6,Hibernating,Dormant,Low-cost reactivation
15138,2010-11-11 09:16:00,2010-11-11 09:16:00,1,502.52,502.52,394,394,False,,,True,False,2,1,2,5,Hibernating,Dormant,Low-cost reactivation
15139,2011-01-07 12:44:00,2011-04-14 11:39:00,2,178.96,89.48,240,337,True,2011-04-14 11:39:00,96.0,True,False,2,2,1,5,Hibernating,Dormant,Low-cost reactivation
15140,2010-09-23 13:07:00,2011-10-18 14:07:00,8,3243.69,405.46125,52,442,True,2011-03-20 14:37:00,178.0,True,False,4,4,5,13,Champions,Active repeat,Protect high-value active
15141,2010-03-28 15:58:00,2010-09-08 11:33:00,7,1388.47,198.35285714285715,458,621,True,2010-05-10 13:51:00,42.0,True,True,1,4,4,9,At Risk,Dormant,Low-cost reactivation
15142,2010-07-27 09:05:00,2011-10-24 12:51:00,6,2619.92,436.65333333333336,46,501,True,2010-08-12 09:17:00,16.0,True,True,4,4,4,12,Champions,Active repeat,Protect high-value active
15143,2010-10-03 13:58:00,2011-04-28 12:03:00,2,563.63,281.815,226,432,True,2011-04-28 12:03:00,206.0,True,False,2,2,2,6,Hibernating,Dormant,Low-cost reactivation
15144,2009-12-13 11:35:00,2011-12-01 15:12:00,29,12160.31,419.3210344827586,8,727,True,2010-02-24 12:51:00,73.0,True,True,5,5,5,15,Champions,Active repeat,Protect high-value active
15145,2011-04-05 15:20:00,2011-12-05 17:21:00,4,1194.73,298.6825,4,248,True,2011-04-26 16:40:00,21.0,True,True,5,3,3,11,Potential Loyalists,Active repeat,Develop loyalty
15146,2011-02-21 13:07:00,2011-06-28 12:09:00,2,1327.16,663.58,165,291,True,2011-06-28 12:09:00,126.0,True,False,3,2,4,9,Needs Attention,At risk,Test win-back
15147,2011-04-13 15:57:00,2011-04-13 15:57:00,1,623.5,623.5,240,240,False,,,True,False,2,1,3,6,Hibernating,Dormant,Low-cost reactivation
15148,2011-11-29 08:21:00,2011-11-29 08:21:00,1,301.29,301.29,11,11,False,,,False,False,5,1,2,8,New Customers,New,Drive second purchase
15149,2010-02-28 11:13:00,2011-07-29 10:58:00,5,1554.6100000000001,310.922,134,650,True,2010-02-28 11:14:00,0.0,True,True,3,4,4,11,Loyal Customers,At risk,Test win-back
15150,2010-06-14 12:01:00,2011-11-22 12:52:00,13,8977.94,690.6107692307693,17,544,True,2010-09-09 17:16:00,87.0,True,True,5,5,5,15,Champions,Active repeat,Protect high-value active
15151,2010-07-18 12:19:00,2010-10-12 16:37:00,2,2085.61,1042.805,423,510,True,2010-10-12 16:37:00,86.0,True,True,1,2,4,7,Hibernating,Dormant,Low-cost reactivation
15152,2010-01-07 15:15:00,2011-11-30 12:32:00,14,5263.83,375.98785714285714,10,701,True,2011-06-05 15:36:00,514.0,True,False,5,5,5,15,Champions,Active repeat,Protect high-value active
15153,2011-11-08 17:09:00,2011-11-08 17:09:00,1,329.25,329.25,31,31,False,,,False,False,4,1,2,7,New Customers,New,Drive second purchase
15154,2010-08-18 17:41:00,2011-09-25 16:05:00,3,1343.72,447.9066666666667,75,478,True,2010-08-18 17:43:00,0.0,True,True,3,3,4,10,Needs Attention,Active repeat,Develop loyalty
15155,2010-11-21 12:59:00,2010-11-21 12:59:00,1,383.96999999999997,383.96999999999997,383,383,False,,,True,False,2,1,2,5,Hibernating,Dormant,Low-cost reactivation
15156,2011-11-06 12:41:00,2011-12-08 18:22:00,3,961.49,320.49666666666667,1,34,True,2011-12-05 09:15:00,28.0,False,False,5,3,3,11,Potential Loyalists,Active repeat,Develop loyalty
15157,2009-12-10 14:44:00,2011-12-06 11:28:00,5,2654.11,530.822,4,729,True,2010-05-19 13:29:00,159.0,True,False,5,4,4,13,Champions,Active repeat,Protect high-value active
15158,2010-11-03 13:46:00,2011-10-25 13:53:00,2,606.02,303.01,45,401,True,2011-10-25 13:53:00,356.0,True,False,4,2,2,8,Potential Loyalists,Active repeat,Develop loyalty
15159,2010-10-04 09:31:00,2011-12-08 12:05:00,34,22116.73,650.4920588235294,2,432,True,2010-10-21 16:33:00,17.0,True,True,5,5,5,15,Champions,Active repeat,Protect high-value active
15160,2010-10-14 15:26:00,2010-12-17 14:15:00,4,589.27,147.3175,357,421,True,2010-11-04 12:24:00,20.0,True,True,2,3,2,7,At Risk,Dormant,Low-cost reactivation
15161,2010-11-16 16:08:00,2010-11-16 16:08:00,1,119.92,119.92,388,388,False,,,True,False,2,1,1,4,Hibernating,Dormant,Low-cost reactivation
15162,2009-12-08 13:14:00,2009-12-08 13:14:00,1,312.9,312.9,731,731,False,,,True,False,1,1,2,4,Hibernating,Dormant,Low-cost reactivation
15163,2011-05-31 15:22:00,2011-11-21 13:10:00,2,304.47,152.235,18,192,True,2011-11-21 13:10:00,173.0,True,False,5,2,2,9,Potential Loyalists,Active repeat,Develop loyalty
15164,2010-01-18 13:34:00,2011-10-02 12:05:00,9,2028.1100000000001,225.34555555555556,69,690,True,2010-04-06 13:30:00,77.0,True,True,3,5,4,12,Loyal Customers,Active repeat,Develop loyalty
15165,2010-12-01 14:03:00,2010-12-01 14:03:00,1,487.75,487.75,373,373,False,,,True,False,2,1,2,5,Hibernating,Dormant,Low-cost reactivation
15166,2010-08-29 12:31:00,2010-08-29 12:31:00,1,167.16,167.16,468,468,False,,,True,False,1,1,1,3,Hibernating,Dormant,Low-cost reactivation
15167,2010-02-04 14:13:00,2011-01-23 12:41:00,5,1627.62,325.524,321,673,True,2010-09-20 17:32:00,228.0,True,False,2,4,4,10,At Risk,Dormant,Low-cost reactivation
15168,2011-11-14 11:26:00,2011-11-14 11:26:00,1,106.56,106.56,26,26,False,,,False,False,4,1,1,6,New Customers,New,Drive second purchase
15169,2009-12-13 11:16:00,2010-11-22 13:04:00,2,569.22,284.61,382,727,True,2010-11-22 13:04:00,344.0,True,False,2,2,2,6,Hibernating,Dormant,Low-cost reactivation
15170,2010-10-29 10:34:00,2010-10-29 10:34:00,1,81.15,81.15,407,407,False,,,True,False,2,1,1,4,Hibernating,Dormant,Low-cost reactivation
15171,2011-01-12 15:36:00,2011-01-12 15:36:00,1,1289.5,1289.5,331,331,False,,,True,False,2,1,4,7,Hibernating,Dormant,Low-cost reactivation
15172,2011-04-17 11:56:00,2011-12-01 11:51:00,5,1624.05,324.81,9,237,True,2011-05-27 09:48:00,39.0,True,True,5,4,4,13,Champions,Active repeat,Develop loyalty
15173,2010-04-01 12:26:00,2010-11-24 10:21:00,7,1494.6,213.5142857142857,381,618,True,2010-05-02 10:39:00,30.0,True,True,2,4,4,10,At Risk,Dormant,Low-cost reactivation
15174,2010-10-25 09:40:00,2011-01-21 09:06:00,2,481.46,240.73,323,411,True,2011-01-21 09:06:00,87.0,True,True,2,2,2,6,Hibernating,Dormant,Low-cost reactivation
15175,2011-09-29 11:31:00,2011-09-29 11:31:00,1,224.14,224.14,72,72,False,,,False,False,3,1,1,5,Needs Attention,New,Drive second purchase
15176,2010-02-10 10:36:00,2010-02-10 10:36:00,1,988.04,988.04,668,668,False,,,True,False,1,1,3,5,Hibernating,Dormant,Low-cost reactivation
15177,2010-10-10 12:48:00,2010-10-10 12:48:00,1,948.93,948.93,426,426,False,,,True,False,1,1,3,5,Hibernating,Dormant,Low-cost reactivation
15178,2011-03-24 15:12:00,2011-03-24 15:12:00,1,40.5,40.5,260,260,False,,,True,False,2,1,1,4,Hibernating,Dormant,Low-cost reactivation
15179,2009-12-03 12:27:00,2011-11-21 12:53:00,13,7491.92,576.3015384615385,18,737,True,2010-01-22 10:51:00,49.0,True,True,5,5,5,15,Champions,Active repeat,Protect high-value active
15180,2010-04-29 15:27:00,2010-12-07 14:57:00,3,816.9300000000001,272.31,367,589,True,2010-10-18 10:07:00,171.0,True,False,2,3,3,8,At Risk,Dormant,Low-cost reactivation
15181,2009-12-08 19:02:00,2011-10-04 13:58:00,5,1200.2,240.04000000000002,66,731,True,2010-10-15 11:47:00,310.0,True,False,3,4,3,10,Loyal Customers,Active repeat,Develop loyalty
15182,2010-02-21 12:03:00,2011-07-08 13:37:00,11,2998.952,272.632,154,657,True,2010-05-25 10:14:00,92.0,True,False,3,5,5,13,Loyal Customers,At risk,Win back high-value
15183,2010-05-04 11:31:00,2010-06-10 10:43:00,3,639.9300000000001,213.31000000000003,548,585,True,2010-05-24 13:00:00,20.0,True,True,1,3,3,7,At Risk,Dormant,Low-cost reactivation
15184,2009-12-16 12:06:00,2011-11-10 13:41:00,4,685.39,171.3475,29,724,True,2010-11-17 12:41:00,336.0,True,False,4,3,3,10,Potential Loyalists,Active repeat,Develop loyalty
15185,2011-09-30 14:06:00,2011-09-30 14:06:00,1,310.62,310.62,70,70,False,,,False,False,3,1,2,6,Needs Attention,New,Drive second purchase
15186,2010-01-12 10:14:00,2011-11-25 14:58:00,5,1403.2,280.64,14,697,True,2010-05-12 14:00:00,120.0,True,False,5,4,4,13,Champions,Active repeat,Develop loyalty
15187,2011-05-11 13:49:00,2011-12-08 11:56:00,16,4777.18,298.57375,2,212,True,2011-06-24 09:38:00,43.0,True,True,5,5,5,15,Champions,Active repeat,Protect high-value active
15188,2009-12-14 13:30:00,2009-12-14 13:30:00,1,310.43,310.43,725,725,False,,,True,False,1,1,2,4,Hibernating,Dormant,Low-cost reactivation
15189,2010-07-18 13:37:00,2011-12-08 13:22:00,46,17524.38,380.96478260869566,1,509,True,2010-09-07 10:54:00,50.0,True,True,5,5,5,15,Champions,Active repeat,Protect high-value active
15190,2010-10-01 13:09:00,2010-10-01 13:09:00,1,834.4399999999999,834.4399999999999,434,434,False,,,True,False,1,1,3,5,Hibernating,Dormant,Low-cost reactivation
15191,2010-01-20 12:35:00,2010-09-02 15:37:00,3,588.05,196.01666666666665,463,689,True,2010-01-20 12:35:00,0.0,True,True,1,3,2,6,At Risk,Dormant,Low-cost reactivation
15192,2010-01-29 10:13:00,2011-08-12 11:41:00,5,1666.39,333.278,120,680,True,2010-05-13 13:50:00,104.0,True,False,3,4,4,11,Loyal Customers,At risk,Test win-back
15193,2011-10-10 08:23:00,2011-10-10 08:23:00,1,499.32,499.32,61,61,False,,,False,False,3,1,2,6,Needs Attention,New,Drive second purchase
15194,2009-12-03 10:37:00,2011-12-06 15:10:00,28,12021.53,429.34035714285716,3,737,True,2009-12-08 18:07:00,5.0,True,True,5,5,5,15,Champions,Active repeat,Protect high-value active
15195,2011-12-07 12:20:00,2011-12-07 12:20:00,1,3861.0,3861.0,3,3,False,,,False,False,5,1,5,11,New Customers,New,Drive second purchase
15196,2009-12-13 11:14:00,2010-10-03 10:50:00,2,313.7,156.85,433,727,True,2010-10-03 10:50:00,293.0,True,False,1,2,2,5,Hibernating,Dormant,Low-cost reactivation
15197,2009-12-11 12:56:00,2011-11-29 10:00:00,6,1877.5100000000002,312.91833333333335,11,728,True,2010-09-27 14:38:00,290.0,True,False,5,4,4,13,Champions,Active repeat,Develop loyalty
15198,2010-01-19 10:01:00,2011-09-08 14:42:00,5,571.35,114.27000000000001,92,690,True,2010-04-01 14:15:00,72.0,True,True,3,4,2,9,Loyal Customers,At risk,Test win-back
15199,2010-05-13 10:14:00,2011-10-11 15:12:00,10,3122.4,312.24,59,576,True,2010-06-23 09:32:00,40.0,True,True,4,5,5,14,Champions,Active repeat,Protect high-value active
15200,2010-08-02 09:38:00,2010-08-02 09:38:00,1,549.05,549.05,495,495,False,,,True,False,1,1,2,4,Hibernating,Dormant,Low-cost reactivation
15201,2010-04-07 14:50:00,2011-09-13 14:53:00,7,1842.95,263.2785714285714,87,611,True,2010-09-26 10:50:00,171.0,True,False,3,4,4,11,Loyal Customers,Active repeat,Develop loyalty
15202,2010-10-15 12:39:00,2010-10-15 13:05:00,3,6001.49,2000.4966666666667,420,421,True,2010-10-15 12:40:00,0.0,True,True,1,3,5,9,At Risk,Dormant,Low-cost reactivation
15203,2009-12-08 18:06:00,2011-11-14 08:16:00,15,4400.18,293.3453333333334,26,731,True,2010-01-28 12:32:00,50.0,True,True,4,5,5,14,Champions,Active repeat,Protect high-value active
15204,2010-12-17 13:49:00,2010-12-17 13:49:00,1,316.58,316.58,357,357,False,,,True,False,2,1,2,5,Hibernating,Dormant,Low-cost reactivation
15205,2011-08-04 16:07:00,2011-09-15 19:36:00,2,653.24,326.62,85,127,True,2011-09-15 19:36:00,42.0,True,True,3,2,3,8,Needs Attention,Active repeat,Develop loyalty
15206,2011-03-09 08:59:00,2011-11-29 13:41:00,4,420.3,105.075,10,276,True,2011-07-17 11:26:00,130.0,True,False,5,3,2,10,Potential Loyalists,Active repeat,Develop loyalty
15207,2010-06-10 17:29:00,2010-10-19 13:29:00,3,683.92,227.97333333333333,416,547,True,2010-10-15 12:30:00,126.0,True,False,1,3,3,7,At Risk,Dormant,Low-cost reactivation
15208,2010-10-12 12:17:00,2011-12-08 17:24:00,6,970.52,161.75333333333333,1,424,True,2010-12-21 13:03:00,70.0,True,True,5,4,3,12,Loyal Customers,Active repeat,Develop loyalty
15209,2009-12-09 17:26:00,2009-12-09 17:26:00,1,178.98000000000002,178.98000000000002,730,730,False,,,True,False,1,1,1,3,Hibernating,Dormant,Low-cost reactivation
15210,2010-05-13 14:42:00,2011-04-28 16:11:00,3,1176.19,392.06333333333333,225,575,True,2010-11-26 09:09:00,196.0,True,False,2,3,3,8,At Risk,Dormant,Low-cost reactivation
15211,2010-12-09 16:08:00,2011-10-10 13:31:00,2,894.4100000000001,447.20500000000004,60,365,True,2011-10-10 13:31:00,304.0,True,False,3,2,3,8,Needs Attention,Active repeat,Develop loyalty
15212,2010-11-28 10:45:00,2011-04-12 13:45:00,2,208.27999999999997,104.13999999999999,241,377,True,2011-04-12 13:45:00,135.0,True,False,2,2,1,5,Hibernating,Dormant,Low-cost reactivation
15213,2011-01-14 11:05:00,2011-01-25 12:21:00,2,328.34999999999997,164.17499999999998,319,330,True,2011-01-25 12:21:00,11.0,True,True,2,2,2,6,Hibernating,Dormant,Low-cost reactivation
15214,2011-04-11 09:46:00,2011-12-08 12:07:00,8,1661.44,207.68,2,243,True,2011-06-09 09:44:00,58.0,True,True,5,4,4,13,Champions,Active repeat,Develop loyalty
15215,2010-04-06 11:21:00,2011-10-24 11:41:00,7,2422.43,346.06142857142856,47,613,True,2010-05-04 12:59:00,28.0,True,True,4,4,4,12,Champions,Active repeat,Protect high-value active
15216,2010-03-31 09:52:00,2011-09-13 11:41:00,2,486.09000000000003,243.04500000000002,88,619,True,2011-09-13 11:41:00,531.0,True,False,3,2,2,7,Needs Attention,Active repeat,Develop loyalty
15217,2010-05-25 13:51:00,2010-05-25 13:51:00,1,426.24,426.24,563,563,False,,,True,False,1,1,2,4,Hibernating,Dormant,Low-cost reactivation
15218,2010-01-26 11:33:00,2011-11-29 11:48:00,22,11468.83,521.3104545454545,11,683,True,2010-03-10 14:02:00,43.0,True,True,5,5,5,15,Champions,Active repeat,Protect high-value active
15219,2010-03-01 11:33:00,2011-06-16 16:57:00,2,685.45,342.725,176,649,True,2011-06-16 16:57:00,472.0,True,False,3,2,3,8,Needs Attention,At risk,Test win-back
15220,2011-03-04 10:24:00,2011-10-19 12:39:00,6,1778.96,296.49333333333334,52,281,True,2011-04-14 17:29:00,41.0,True,True,4,4,4,12,Champions,Active repeat,Develop loyalty
15221,2010-03-12 10:40:00,2010-12-08 13:08:00,4,2062.2,515.55,366,638,True,2010-04-25 15:50:00,44.0,True,True,2,3,4,9,At Risk,Dormant,Low-cost reactivation
15222,2009-12-16 13:49:00,2011-01-25 08:03:00,11,3550.91,322.81,319,723,True,2010-01-14 15:24:00,29.0,True,True,2,5,5,12,At Risk,Dormant,Low-cost reactivation
15223,2009-12-05 11:19:00,2011-04-28 11:31:00,5,1417.95,283.59000000000003,226,735,True,2010-01-17 14:54:00,43.0,True,True,2,4,4,10,At Risk,Dormant,Low-cost reactivation
15224,2010-01-15 16:14:00,2010-12-16 15:02:00,5,871.36,174.272,358,693,True,2010-03-03 10:11:00,46.0,True,True,2,4,3,9,At Risk,Dormant,Low-cost reactivation
15225,2011-04-19 14:51:00,2011-04-19 14:51:00,1,409.40000000000003,409.40000000000003,234,234,False,,,True,False,2,1,2,5,Hibernating,Dormant,Low-cost reactivation
15226,2011-02-02 11:41:00,2011-02-02 11:41:00,1,154.41,154.41,311,311,False,,,True,False,2,1,1,4,Hibernating,Dormant,Low-cost reactivation
15227,2010-03-16 08:23:00,2011-11-03 11:59:00,9,2488.4900000000002,276.4988888888889,37,634,True,2010-05-18 10:09:00,63.0,True,True,4,5,4,13,Champions,Active repeat,Protect high-value active
15228,2010-07-28 10:21:00,2011-10-04 13:56:00,6,5580.27,930.0450000000001,66,500,True,2010-10-07 14:24:00,71.0,True,True,3,4,5,12,Loyal Customers,Active repeat,Protect high-value active
15229,2010-05-02 13:50:00,2010-05-02 13:50:00,1,160.5,160.5,586,586,False,,,True,False,1,1,1,3,Hibernating,Dormant,Low-cost reactivation
15230,2011-04-13 11:04:00,2011-04-14 14:39:00,2,429.6,214.8,239,241,True,2011-04-14 14:39:00,1.0,True,True,2,2,2,6,Hibernating,Dormant,Low-cost reactivation
15231,2010-03-28 15:12:00,2010-03-28 15:12:00,1,250.26,250.26,621,621,False,,,True,False,1,1,1,3,Hibernating,Dormant,Low-cost reactivation
15232,2011-07-22 12:21:00,2011-08-18 16:27:00,2,612.06,306.03,113,141,True,2011-08-18 16:27:00,27.0,True,True,3,2,3,8,Needs Attention,At risk,Test win-back
15233,2010-11-03 13:36:00,2010-11-03 13:36:00,1,59.400000000000006,59.400000000000006,401,401,False,,,True,False,2,1,1,4,Hibernating,Dormant,Low-cost reactivation
15234,2011-03-08 08:53:00,2011-03-08 08:53:00,1,197.0,197.0,277,277,False,,,True,False,2,1,1,4,Hibernating,Dormant,Low-cost reactivation
15235,2010-11-16 12:48:00,2011-05-06 09:44:00,16,2772.76,173.2975,218,389,True,2010-11-16 12:49:00,0.0,True,True,2,5,4,11,At Risk,Dormant,Low-cost reactivation
15236,2011-02-14 10:52:00,2011-02-14 10:52:00,1,321.05,321.05,299,299,False,,,True,False,2,1,2,5,Hibernating,Dormant,Low-cost reactivation
15237,2011-04-26 15:04:00,2011-12-08 09:46:00,4,1412.3200000000002,353.08000000000004,2,227,True,2011-05-20 14:47:00,23.0,True,True,5,3,4,12,Potential Loyalists,Active repeat,Develop loyalty
15238,2011-06-08 16:00:00,2011-11-10 14:28:00,3,1071.99,357.33,29,184,True,2011-09-05 15:26:00,88.0,True,True,4,3,3,10,Potential Loyalists,Active repeat,Develop loyalty
15239,2011-09-22 09:53:00,2011-11-29 14:14:00,2,780.59,390.295,10,79,True,2011-11-29 14:14:00,68.0,False,False,5,2,3,10,Potential Loyalists,Active repeat,Develop loyalty
15240,2009-12-05 14:57:00,2011-10-26 09:50:00,12,4459.98,371.66499999999996,45,734,True,2010-05-04 10:03:00,149.0,True,False,4,5,5,14,Champions,Active repeat,Protect high-value active
15241,2010-02-23 13:59:00,2011-10-04 09:05:00,11,3050.16,277.2872727272727,67,654,True,2010-05-18 10:38:00,83.0,True,True,3,5,5,13,Loyal Customers,Active repeat,Protect high-value active
15242,2010-10-13 15:33:00,2010-10-13 15:33:00,1,302.04,302.04,422,422,False,,,True,False,1,1,2,4,Hibernating,Dormant,Low-cost reactivation
15243,2010-09-30 17:28:00,2011-09-26 14:12:00,2,927.28,463.64,74,435,True,2011-09-26 14:12:00,360.0,True,False,3,2,3,8,Needs Attention,Active repeat,Develop loyalty
15244,2010-02-11 14:48:00,2011-10-05 13:19:00,3,912.0799999999999,304.02666666666664,65,666,True,2011-04-05 15:12:00,418.0,True,False,3,3,3,9,Needs Attention,Active repeat,Develop loyalty
15245,2010-04-23 14:23:00,2011-07-28 18:56:00,8,4610.84,576.355,134,595,True,2010-07-06 13:49:00,73.0,True,True,3,4,5,12,Loyal Customers,At risk,Win back high-value
15246,2010-06-02 11:28:00,2011-04-15 14:45:00,3,780.4000000000001,260.1333333333334,238,556,True,2010-12-16 09:46:00,196.0,True,False,2,3,3,8,At Risk,Dormant,Low-cost reactivation
15247,2010-06-20 14:08:00,2011-08-09 12:52:00,3,976.06,325.3533333333333,122,537,True,2010-08-19 10:13:00,59.0,True,True,3,3,3,9,Needs Attention,At risk,Test win-back
15248,2010-06-23 14:34:00,2010-10-24 13:09:00,3,1893.93,631.3100000000001,411,534,True,2010-08-20 14:13:00,57.0,True,True,1,3,4,8,At Risk,Dormant,Low-cost reactivation
15249,2010-03-26 14:51:00,2011-11-08 11:45:00,18,9266.0,514.7777777777778,32,623,True,2010-04-16 11:54:00,20.0,True,True,4,5,5,14,Champions,Active repeat,Protect high-value active
15250,2010-03-09 07:35:00,2010-03-09 07:35:00,1,60.0,60.0,641,641,False,,,True,False,1,1,1,3,Hibernating,Dormant,Low-cost reactivation
15251,2010-01-29 12:42:00,2011-11-30 15:02:00,21,20324.54,967.8352380952381,9,680,True,2010-02-17 12:03:00,18.0,True,True,5,5,5,15,Champions,Active repeat,Protect high-value active
15252,2010-04-07 10:24:00,2011-11-03 13:30:00,5,2103.41,420.68199999999996,36,612,True,2010-05-12 11:55:00,35.0,True,True,4,4,4,12,Champions,Active repeat,Develop loyalty
15253,2010-05-02 11:17:00,2011-11-23 16:22:00,8,2055.0899999999997,256.88624999999996,16,587,True,2010-07-05 16:07:00,64.0,True,True,5,4,4,13,Champions,Active repeat,Develop loyalty
15254,2010-05-28 10:08:00,2011-08-04 15:04:00,3,1088.35,362.7833333333333,127,561,True,2010-06-11 10:30:00,14.0,True,True,3,3,3,9,Needs Attention,At risk,Test win-back
15255,2009-12-03 09:10:00,2011-10-04 12:43:00,9,3706.02,411.78,67,737,True,2010-06-13 14:31:00,192.0,True,False,3,5,5,13,Loyal Customers,Active repeat,Protect high-value active
15256,2010-05-27 11:41:00,2011-07-14 11:47:00,2,170.4,85.2,149,562,True,2011-07-14 11:47:00,413.0,True,False,3,2,1,6,Needs Attention,At risk,Test win-back
15257,2010-10-21 14:03:00,2011-03-01 12:58:00,2,685.9,342.95,283,414,True,2011-03-01 12:58:00,130.0,True,False,2,2,3,7,Hibernating,Dormant,Low-cost reactivation
15258,2011-05-06 14:16:00,2011-06-24 12:30:00,2,623.1600000000001,311.58000000000004,169,217,True,2011-06-24 12:30:00,48.0,True,True,3,2,3,8,Needs Attention,At risk,Test win-back
15259,2010-01-26 09:41:00,2010-07-15 08:47:00,4,1182.3799999999999,295.59499999999997,513,683,True,2010-04-16 15:55:00,80.0,True,True,1,3,3,7,At Risk,Dormant,Low-cost reactivation
15260,2009-12-06 11:45:00,2011-08-31 13:55:00,25,8767.73,350.7092,100,734,True,2009-12-07 10:38:00,0.0,True,True,3,5,5,13,Loyal Customers,At risk,Win back high-value
15261,2010-10-01 11:59:00,2011-07-27 15:20:00,4,1508.0,377.0,135,435,True,2010-10-18 10:42:00,16.0,True,True,3,3,4,10,Needs Attention,At risk,Test win-back
15262,2010-08-08 15:55:00,2011-01-20 12:16:00,3,418.82,139.60666666666665,324,488,True,2010-11-24 13:21:00,107.0,True,False,2,3,2,7,At Risk,Dormant,Low-cost reactivation
15263,2011-08-25 10:26:00,2011-08-25 10:26:00,1,156.51,156.51,107,107,False,,,True,False,3,1,1,5,Needs Attention,At risk,Test win-back
15264,2010-06-27 13:29:00,2011-10-06 13:49:00,2,848.4000000000001,424.20000000000005,64,530,True,2011-10-06 13:49:00,466.0,True,False,3,2,3,8,Needs Attention,Active repeat,Develop loyalty
15265,2009-12-01 17:08:00,2011-07-11 14:46:00,4,3345.64,836.41,151,738,True,2010-04-14 11:20:00,133.0,True,False,3,3,5,11,Needs Attention,At risk,Win back high-value
15266,2010-01-07 12:19:00,2011-01-05 13:40:00,5,852.21,170.442,338,702,True,2010-01-22 15:04:00,15.0,True,True,2,4,3,9,At Risk,Dormant,Low-cost reactivation
15267,2011-06-10 10:24:00,2011-11-17 15:59:00,5,1717.36,343.472,22,183,True,2011-07-07 11:36:00,27.0,True,True,4,4,4,12,Champions,Active repeat,Develop loyalty
15268,2010-04-13 11:27:00,2010-08-18 10:33:00,3,961.9000000000001,320.6333333333334,479,606,True,2010-08-18 10:32:00,126.0,True,False,1,3,3,7,At Risk,Dormant,Low-cost reactivation
15269,2010-11-14 12:58:00,2011-11-16 09:32:00,3,1225.3600000000001,408.4533333333334,24,390,True,2010-11-24 15:31:00,10.0,True,True,4,3,4,11,Potential Loyalists,Active repeat,Develop loyalty
15270,2009-12-17 15:02:00,2011-11-24 09:24:00,21,8524.86,405.9457142857143,16,722,True,2009-12-17 15:06:00,0.0,True,True,5,5,5,15,Champions,Active repeat,Protect high-value active
15271,2010-08-05 14:57:00,2011-12-02 14:11:00,24,4528.54,188.68916666666667,7,491,True,2010-08-27 14:52:00,21.0,True,True,5,5,5,15,Champions,Active repeat,Protect high-value active
15272,2010-02-14 13:39:00,2011-10-13 12:59:00,6,2030.95,338.4916666666667,57,663,True,2010-05-16 15:33:00,91.0,True,False,4,4,4,12,Champions,Active repeat,Develop loyalty
15273,2010-04-19 11:31:00,2010-04-19 11:31:00,1,228.96,228.96,600,600,False,,,True,False,1,1,1,3,Hibernating,Dormant,Low-cost reactivation
15274,2011-11-21 14:17:00,2011-12-05 16:57:00,2,716.57,358.285,4,18,True,2011-12-05 16:57:00,14.0,False,False,5,2,3,10,Potential Loyalists,Active repeat,Develop loyalty
15275,2011-11-02 11:20:00,2011-11-02 11:20:00,1,615.14,615.14,38,38,False,,,False,False,4,1,3,8,New Customers,New,Drive second purchase
15276,2010-10-01 12:24:00,2011-10-04 16:39:00,4,619.8,154.95,66,435,True,2010-11-10 16:06:00,40.0,True,True,3,3,3,9,Needs Attention,Active repeat,Develop loyalty
15277,2010-10-10 16:02:00,2011-10-24 10:08:00,2,476.34,238.17,47,425,True,2011-10-24 10:08:00,378.0,True,False,4,2,2,8,Potential Loyalists,Active repeat,Develop loyalty
15278,2010-02-12 14:53:00,2010-05-27 10:03:00,4,496.15999999999997,124.03999999999999,562,665,True,2010-02-12 14:54:00,0.0,True,True,1,3,2,6,At Risk,Dormant,Low-cost reactivation
15279,2010-02-02 10:15:00,2010-12-20 10:48:00,5,1580.54,316.108,355,676,True,2010-03-19 13:22:00,45.0,True,True,2,4,4,10,At Risk,Dormant,Low-cost reactivation
15280,2010-05-17 14:17:00,2011-06-20 17:14:00,3,397.52,132.50666666666666,172,571,True,2010-08-08 12:21:00,82.0,True,True,3,3,2,8,Needs Attention,At risk,Test win-back
15281,2010-10-08 12:14:00,2011-10-12 09:10:00,16,8543.57,533.973125,59,428,True,2010-10-18 14:31:00,10.0,True,True,4,5,5,14,Champions,Active repeat,Protect high-value active
15282,2010-05-18 16:27:00,2010-05-18 16:27:00,1,348.59,348.59,570,570,False,,,True,False,1,1,2,4,Hibernating,Dormant,Low-cost reactivation
15283,2010-07-09 15:46:00,2010-11-14 14:54:00,3,148.33,49.443333333333335,390,518,True,2010-08-09 15:47:00,31.0,True,True,2,3,1,6,At Risk,Dormant,Low-cost reactivation
15284,2010-07-27 13:25:00,2010-07-27 13:25:00,1,24.75,24.75,500,500,False,,,True,False,1,1,1,3,Hibernating,Dormant,Low-cost reactivation
15285,2010-10-28 09:46:00,2010-10-28 09:46:00,1,94.92,94.92,408,408,False,,,True,False,2,1,1,4,Hibernating,Dormant,Low-cost reactivation
15286,2011-10-21 11:08:00,2011-10-21 11:08:00,1,240.55,240.55,50,50,False,,,False,False,4,1,1,6,New Customers,New,Drive second purchase
15287,2009-12-02 12:13:00,2011-11-17 15:34:00,5,856.0300000000001,171.20600000000002,22,738,True,2010-09-30 17:30:00,302.0,True,False,4,4,3,11,Loyal Customers,Active repeat,Develop loyalty
15288,2010-02-12 15:27:00,2011-10-27 16:58:00,10,3715.38,371.538,43,665,True,2010-04-23 12:49:00,69.0,True,True,4,5,5,14,Champions,Active repeat,Protect high-value active
15289,2010-03-28 11:45:00,2011-11-10 13:49:00,5,1593.0900000000001,318.61800000000005,29,622,True,2010-09-07 12:38:00,163.0,True,False,4,4,4,12,Champions,Active repeat,Develop loyalty
15290,2010-02-24 10:15:00,2011-12-05 11:39:00,26,10496.28,403.70307692307694,5,654,True,2010-05-07 08:49:00,71.0,True,True,5,5,5,15,Champions,Active repeat,Protect high-value active
15291,2009-12-03 11:09:00,2011-11-14 11:02:00,40,13517.76,337.944,26,737,True,2009-12-09 09:36:00,5.0,True,True,4,5,5,14,Champions,Active repeat,Protect high-value active
15292,2011-05-22 15:00:00,2011-05-22 15:00:00,1,178.39,178.39,201,201,False,,,True,False,2,1,1,4,Hibernating,Dormant,Low-cost reactivation
15293,2010-02-12 11:54:00,2010-02-12 11:54:00,1,247.5,247.5,666,666,False,,,True,False,1,1,1,3,Hibernating,Dormant,Low-cost reactivation
15294,2010-10-25 11:45:00,2010-10-25 11:45:00,1,233.35,233.35,411,411,False,,,True,False,1,1,1,3,Hibernating,Dormant,Low-cost reactivation
15295,2010-02-23 13:03:00,2010-02-23 13:03:00,1,207.04,207.04,654,654,False,,,True,False,1,1,1,3,Hibernating,Dormant,Low-cost reactivation
15296,2010-01-21 13:48:00,2011-10-20 11:47:00,12,10323.029999999999,860.2524999999999,51,687,True,2010-05-17 15:54:00,116.0,True,False,4,5,5,14,Champions,Active repeat,Protect high-value active
15297,2011-10-07 09:42:00,2011-11-29 16:32:00,3,641.94,213.98000000000002,10,64,True,2011-11-10 14:38:00,34.0,False,False,5,3,3,11,Potential Loyalists,Active repeat,Develop loyalty
15298,2009-12-08 17:04:00,2011-12-07 17:17:00,23,9061.77,393.99,2,731,True,2010-01-18 15:10:00,40.0,True,True,5,5,5,15,Champions,Active repeat,Protect high-value active
15299,2010-01-12 11:34:00,2011-10-03 14:19:00,10,6156.53,615.653,67,697,True,2010-10-01 14:55:00,262.0,True,False,3,5,5,13,Loyal Customers,Active repeat,Protect high-value active
15300,2011-10-06 17:08:00,2011-10-06 17:08:00,1,496.44,496.44,64,64,False,,,False,False,3,1,2,6,Needs Attention,New,Drive second purchase
15301,2010-09-15 15:41:00,2011-10-20 09:57:00,17,6909.67,406.4511764705882,51,450,True,2010-09-29 14:54:00,13.0,True,True,4,5,5,14,Champions,Active repeat,Protect high-value active
15302,2009-12-09 13:11:00,2009-12-09 13:11:00,1,308.0,308.0,730,730,False,,,True,False,1,1,2,4,Hibernating,Dormant,Low-cost reactivation
15303,2010-01-25 09:42:00,2011-02-22 13:59:00,3,1224.1799999999998,408.05999999999995,290,684,True,2010-05-23 12:14:00,118.0,True,False,2,3,4,9,At Risk,Dormant,Low-cost reactivation
15304,2010-10-14 10:24:00,2011-10-10 10:23:00,9,796.4,88.48888888888888,61,422,True,2010-12-06 11:42:00,53.0,True,True,3,5,3,11,Loyal Customers,Active repeat,Develop loyalty
15305,2010-06-02 13:50:00,2010-06-02 13:50:00,1,93.6,93.6,555,555,False,,,True,False,1,1,1,3,Hibernating,Dormant,Low-cost reactivation
15306,2010-02-18 17:12:00,2011-10-06 12:56:00,9,3484.73,387.1922222222222,64,659,True,2010-04-23 12:12:00,63.0,True,True,3,5,5,13,Loyal Customers,Active repeat,Protect high-value active
15307,2011-09-05 11:38:00,2011-09-05 11:38:00,1,205.3,205.3,96,96,False,,,True,False,3,1,1,5,Needs Attention,At risk,Test win-back
15308,2011-03-10 13:08:00,2011-03-10 13:08:00,1,310.47,310.47,274,274,False,,,True,False,2,1,2,5,Hibernating,Dormant,Low-cost reactivation
15309,2009-12-04 13:01:00,2010-04-08 11:11:00,4,797.96,199.49,611,735,True,2010-02-26 13:01:00,84.0,True,True,1,3,3,7,At Risk,Dormant,Low-cost reactivation
15310,2010-08-18 11:38:00,2010-08-18 11:38:00,1,1634.64,1634.64,479,479,False,,,True,False,1,1,4,6,Hibernating,Dormant,Low-cost reactivation
15311,2009-12-01 11:21:00,2011-12-09 12:00:00,208,114966.42,552.7231730769231,1,739,True,2009-12-02 11:20:00,0.0,True,True,5,5,5,15,Champions,Active repeat,Protect high-value active
15312,2009-12-16 09:23:00,2011-09-25 13:10:00,12,2930.19,244.1825,75,724,True,2010-01-14 10:25:00,29.0,True,True,3,5,5,13,Loyal Customers,Active repeat,Protect high-value active
15313,2011-08-21 16:02:00,2011-08-21 16:02:00,1,52.0,52.0,110,110,False,,,True,False,3,1,1,5,Needs Attention,At risk,Test win-back
15314,2010-10-07 15:41:00,2011-05-24 14:39:00,3,820.45,273.48333333333335,199,428,True,2010-10-22 12:19:00,14.0,True,True,2,3,3,8,At Risk,Dormant,Low-cost reactivation
15315,2011-08-15 15:17:00,2011-10-06 12:51:00,2,570.5,285.25,64,116,True,2011-10-06 12:51:00,51.0,True,True,3,2,2,7,Needs Attention,Active repeat,Develop loyalty
15316,2011-01-17 11:34:00,2011-01-17 11:34:00,1,165.0,165.0,327,327,False,,,True,False,2,1,1,4,Hibernating,Dormant,Low-cost reactivation
15317,2010-01-31 15:55:00,2010-01-31 15:55:00,1,129.75,129.75,677,677,False,,,True,False,1,1,1,3,Hibernating,Dormant,Low-cost reactivation
15318,2011-12-06 11:30:00,2011-12-06 11:30:00,1,312.62,312.62,4,4,False,,,False,False,5,1,2,8,New Customers,New,Drive second purchase
15319,2011-03-01 12:48:00,2011-03-01 12:48:00,1,204.5,204.5,284,284,False,,,True,False,2,1,1,4,Hibernating,Dormant,Low-cost reactivation
15320,2011-10-26 13:27:00,2011-10-26 13:27:00,1,267.13,267.13,44,44,False,,,False,False,4,1,1,6,New Customers,New,Drive second purchase
15321,2010-02-03 09:47:00,2011-09-30 09:40:00,12,6709.7300000000005,559.1441666666667,71,675,True,2010-02-25 09:16:00,21.0,True,True,3,5,5,13,Loyal Customers,Active repeat,Protect high-value active
15322,2010-08-20 13:10:00,2011-09-15 09:34:00,2,1390.86,695.43,86,476,True,2011-09-15 09:34:00,390.0,True,False,3,2,4,9,Needs Attention,Active repeat,Develop loyalty
15323,2010-02-16 09:21:00,2010-05-26 10:01:00,3,434.6,144.86666666666667,563,662,True,2010-04-07 15:14:00,50.0,True,True,1,3,2,6,At Risk,Dormant,Low-cost reactivation
15324,2010-01-07 14:37:00,2010-01-07 14:37:00,1,140.22000000000003,140.22000000000003,701,701,False,,,True,False,1,1,1,3,Hibernating,Dormant,Low-cost reactivation
15325,2010-02-16 13:30:00,2011-08-28 11:55:00,8,1601.46,200.1825,104,661,True,2010-03-19 10:40:00,30.0,True,True,3,4,4,11,Loyal Customers,At risk,Test win-back
15326,2009-12-01 13:19:00,2011-01-10 11:38:00,5,1700.52,340.104,334,738,True,2009-12-18 16:04:00,17.0,True,True,2,4,4,10,At Risk,Dormant,Low-cost reactivation
15327,2011-10-18 11:55:00,2011-10-18 11:55:00,1,208.75,208.75,53,53,False,,,False,False,4,1,1,6,New Customers,New,Drive second purchase
15328,2010-10-28 09:05:00,2010-10-28 09:05:00,1,107.24,107.24,408,408,False,,,True,False,2,1,1,4,Hibernating,Dormant,Low-cost reactivation
15329,2009-12-14 12:18:00,2011-10-31 15:36:00,11,2958.83,268.98454545454547,39,726,True,2010-03-19 13:32:00,95.0,True,False,4,5,5,14,Champions,Active repeat,Protect high-value active
15330,2011-10-10 12:30:00,2011-11-07 17:50:00,2,714.96,357.48,32,61,True,2011-11-07 17:50:00,28.0,False,False,4,2,3,9,Potential Loyalists,Active repeat,Develop loyalty
15331,2010-04-09 14:26:00,2010-07-28 09:42:00,3,767.9100000000001,255.97000000000003,500,609,True,2010-07-28 09:42:00,109.0,True,False,1,3,3,7,At Risk,Dormant,Low-cost reactivation
15332,2010-07-14 13:01:00,2010-12-08 14:43:00,6,4892.68,815.4466666666667,366,513,True,2010-11-04 12:17:00,112.0,True,False,2,4,5,11,At Risk,Dormant,Low-cost reactivation
15333,2011-05-15 13:27:00,2011-05-15 13:27:00,1,1028.56,1028.56,208,208,False,,,True,False,2,1,3,6,Hibernating,Dormant,Low-cost reactivation
15334,2011-06-19 13:51:00,2011-07-06 11:22:00,3,350.82,116.94,157,173,True,2011-06-29 14:20:00,10.0,True,True,3,3,2,8,Needs Attention,At risk,Test win-back
15335,2011-10-17 12:50:00,2011-10-17 12:50:00,1,170.22,170.22,54,54,False,,,False,False,4,1,1,6,New Customers,New,Drive second purchase
15336,2010-11-03 12:39:00,2010-11-03 12:39:00,1,240.5,240.5,402,402,False,,,True,False,2,1,1,4,Hibernating,Dormant,Low-cost reactivation
15337,2010-10-24 15:29:00,2010-10-24 15:29:00,1,373.02,373.02,411,411,False,,,True,False,1,1,2,4,Hibernating,Dormant,Low-cost reactivation
15338,2010-01-31 14:25:00,2010-01-31 14:25:00,1,277.93,277.93,677,677,False,,,True,False,1,1,1,3,Hibernating,Dormant,Low-cost reactivation
15339,2010-02-08 13:38:00,2011-10-04 12:51:00,7,1821.02,260.1457142857143,66,669,True,2010-03-26 17:24:00,46.0,True,True,3,4,4,11,Loyal Customers,Active repeat,Develop loyalty
15340,2010-05-27 10:27:00,2010-05-27 10:27:00,1,105.5,105.5,562,562,False,,,True,False,1,1,1,3,Hibernating,Dormant,Low-cost reactivation
15341,2010-09-16 16:41:00,2011-09-20 09:40:00,2,2402.72,1201.36,81,449,True,2011-09-20 09:40:00,368.0,True,False,3,2,4,9,Needs Attention,Active repeat,Protect high-value active
15342,2011-08-02 10:19:00,2011-08-02 10:19:00,1,406.09,406.09,130,130,False,,,True,False,3,1,2,6,Needs Attention,At risk,Test win-back
15343,2011-09-13 13:55:00,2011-09-13 13:55:00,1,364.5,364.5,87,87,False,,,False,False,3,1,2,6,Needs Attention,New,Drive second purchase
15344,2011-09-26 14:48:00,2011-12-09 10:45:00,3,563.9399999999999,187.98,1,74,True,2011-11-07 17:08:00,42.0,False,False,5,3,2,10,Potential Loyalists,Active repeat,Develop loyalty
15345,2011-10-25 11:28:00,2011-10-25 11:28:00,1,393.54,393.54,46,46,False,,,False,False,4,1,2,7,New Customers,New,Drive second purchase
15346,2010-10-04 15:11:00,2011-01-11 11:18:00,3,596.12,198.70666666666668,333,431,True,2010-10-10 13:55:00,5.0,True,True,2,3,2,7,At Risk,Dormant,Low-cost reactivation
15347,2010-09-28 12:50:00,2010-12-08 15:25:00,4,1162.0,290.5,366,438,True,2010-11-04 15:03:00,37.0,True,True,2,3,3,8,At Risk,Dormant,Low-cost reactivation
15348,2011-09-28 13:17:00,2011-09-28 13:17:00,1,158.04,158.04,72,72,False,,,False,False,3,1,1,5,Needs Attention,New,Drive second purchase
15349,2011-06-05 15:46:00,2011-07-04 16:06:00,2,463.90999999999997,231.95499999999998,158,187,True,2011-07-04 16:06:00,29.0,True,True,3,2,2,7,Needs Attention,At risk,Test win-back
15350,2010-11-21 15:14:00,2010-12-01 13:33:00,2,547.6,273.8,373,383,True,2010-12-01 13:33:00,9.0,True,True,2,2,2,6,Hibernating,Dormant,Low-cost reactivation
15351,2010-10-03 12:18:00,2011-11-27 12:52:00,10,3430.2200000000003,343.02200000000005,12,433,True,2010-10-13 15:37:00,10.0,True,True,5,5,5,15,Champions,Active repeat,Protect high-value active
15352,2010-06-09 11:28:00,2010-06-09 11:28:00,1,111.15,111.15,549,549,False,,,True,False,1,1,1,3,Hibernating,Dormant,Low-cost reactivation
15353,2009-12-02 11:33:00,2011-03-30 12:15:00,7,2794.47,399.21,255,738,True,2010-06-08 14:00:00,188.0,True,False,2,4,4,10,At Risk,Dormant,Low-cost reactivation
15354,2010-04-15 16:17:00,2010-04-15 16:24:00,3,284.4,94.8,603,603,True,2010-04-15 16:21:00,0.0,True,True,1,3,1,5,At Risk,Dormant,Low-cost reactivation
15355,2011-10-17 15:22:00,2011-11-10 13:44:00,2,277.05,138.525,29,53,True,2011-11-10 13:44:00,23.0,False,False,4,2,1,7,Potential Loyalists,Active repeat,Develop loyalty
15356,2010-10-13 13:12:00,2011-11-08 13:11:00,13,3239.57,249.1976923076923,31,422,True,2010-11-14 11:39:00,31.0,True,True,4,5,5,14,Champions,Active repeat,Protect high-value active
15358,2009-12-07 12:19:00,2011-12-05 09:04:00,42,16425.86,391.0919047619048,5,733,True,2009-12-20 14:59:00,13.0,True,True,5,5,5,15,Champions,Active repeat,Protect high-value active
15359,2010-01-15 11:30:00,2010-02-15 10:47:00,8,181.35,22.66875,663,694,True,2010-01-29 10:49:00,13.0,True,True,1,4,1,6,At Risk,Dormant,Low-cost reactivation
15360,2011-10-31 09:35:00,2011-10-31 09:35:00,1,427.93,427.93,40,40,False,,,False,False,4,1,2,7,New Customers,New,Drive second purchase
15361,2010-06-14 13:27:00,2010-12-13 09:52:00,4,689.07,172.2675,362,543,True,2010-06-22 11:35:00,7.0,True,True,2,3,3,8,At Risk,Dormant,Low-cost reactivation
15362,2009-12-01 09:08:00,2010-09-17 10:37:00,2,613.0799999999999,306.53999999999996,449,739,True,2010-09-17 10:37:00,290.0,True,False,1,2,3,6,Hibernating,Dormant,Low-cost reactivation
15363,2010-08-04 08:41:00,2010-12-02 12:28:00,2,678.11,339.055,373,493,True,2010-12-02 12:28:00,120.0,True,False,2,2,3,7,Hibernating,Dormant,Low-cost reactivation
15364,2011-03-30 13:39:00,2011-09-05 09:46:00,2,913.19,456.595,96,254,True,2011-09-05 09:46:00,158.0,True,False,3,2,3,8,Needs Attention,At risk,Test win-back
15365,2010-02-04 16:43:00,2011-11-14 08:29:00,13,4557.13,350.54846153846154,26,673,True,2010-08-12 14:57:00,188.0,True,False,4,5,5,14,Champions,Active repeat,Protect high-value active
15366,2010-02-26 10:10:00,2011-09-25 15:01:00,7,2389.08,341.29714285714283,75,652,True,2010-04-21 09:52:00,53.0,True,True,3,4,4,11,Loyal Customers,Active repeat,Protect high-value active
15367,2009-12-10 14:20:00,2011-10-13 14:13:00,11,5081.33,461.9390909090909,57,729,True,2010-03-02 14:36:00,82.0,True,True,4,5,5,14,Champions,Active repeat,Protect high-value active
15368,2010-11-10 15:52:00,2011-11-18 14:42:00,2,722.74,361.37,21,394,True,2011-11-18 14:42:00,372.0,True,False,4,2,3,9,Potential Loyalists,Active repeat,Develop loyalty
15369,2009-12-08 07:43:00,2010-08-04 13:54:00,11,6251.259999999999,568.2963636363636,492,732,True,2010-01-08 11:58:00,31.0,True,True,1,5,5,11,At Risk,Dormant,Low-cost reactivation
15370,2010-10-25 12:08:00,2011-10-30 10:58:00,8,3739.01,467.37625,41,411,True,2011-01-11 11:32:00,77.0,True,True,4,4,5,13,Champions,Active repeat,Protect high-value active
15371,2010-02-15 13:14:00,2010-02-15 13:14:00,1,59.400000000000006,59.400000000000006,662,662,False,,,True,False,1,1,1,3,Hibernating,Dormant,Low-cost reactivation
15372,2010-02-14 11:24:00,2011-07-25 16:39:00,8,6017.0599999999995,752.1324999999999,137,664,True,2010-02-16 12:42:00,2.0,True,True,3,4,5,12,Loyal Customers,At risk,Win back high-value
15373,2010-05-02 11:57:00,2011-12-01 15:05:00,17,3084.54,181.4435294117647,8,587,True,2010-05-16 14:06:00,14.0,True,True,5,5,5,15,Champions,Active repeat,Protect high-value active
15374,2010-03-25 12:03:00,2011-08-03 09:59:00,2,307.32,153.66,129,625,True,2011-08-03 09:59:00,495.0,True,False,3,2,2,7,Needs Attention,At risk,Test win-back
15375,2010-01-18 15:38:00,2010-01-18 15:38:00,1,60.959999999999994,60.959999999999994,690,690,False,,,True,False,1,1,1,3,Hibernating,Dormant,Low-cost reactivation
15376,2011-05-01 13:45:00,2011-10-30 15:04:00,3,1221.56,407.18666666666667,40,222,True,2011-08-14 15:39:00,105.0,True,False,4,3,4,11,Potential Loyalists,Active repeat,Develop loyalty
15377,2010-10-20 11:42:00,2010-11-22 08:55:00,4,1211.75,302.9375,383,416,True,2010-11-02 18:25:00,13.0,True,True,2,3,3,8,At Risk,Dormant,Low-cost reactivation
15378,2010-07-26 08:47:00,2010-09-03 11:30:00,2,246.5,123.25,463,502,True,2010-09-03 11:30:00,39.0,True,True,1,2,1,4,Hibernating,Dormant,Low-cost reactivation
15379,2010-11-04 11:59:00,2011-06-23 13:13:00,8,4877.84,609.73,169,401,True,2010-12-16 13:02:00,42.0,True,True,3,4,5,12,Loyal Customers,At risk,Win back high-value
15380,2009-12-01 13:50:00,2011-12-01 12:13:00,11,3248.96,295.36,9,738,True,2009-12-10 15:35:00,9.0,True,True,5,5,5,15,Champions,Active repeat,Protect high-value active
15381,2010-05-05 14:35:00,2011-05-10 11:55:00,5,1890.57,378.114,214,583,True,2010-06-16 16:42:00,42.0,True,True,2,4,4,10,At Risk,Dormant,Low-cost reactivation
15382,2009-12-04 14:13:00,2011-11-25 10:58:00,12,13733.55,1144.4624999999999,15,735,True,2010-02-22 10:24:00,79.0,True,True,5,5,5,15,Champions,Active repeat,Protect high-value active
15384,2010-04-26 12:38:00,2011-06-23 10:57:00,4,2027.79,506.9475,170,593,True,2010-11-23 12:04:00,210.0,True,False,3,3,4,10,Needs Attention,At risk,Test win-back
15385,2010-01-31 13:02:00,2011-10-30 15:11:00,3,942.0799999999999,314.02666666666664,40,677,True,2010-11-12 12:28:00,284.0,True,False,4,3,3,10,Potential Loyalists,Active repeat,Develop loyalty
15386,2011-06-06 13:47:00,2011-06-06 13:47:00,1,394.14,394.14,186,186,False,,,True,False,3,1,2,6,Needs Attention,Dormant,Low-cost reactivation
15387,2010-08-04 16:05:00,2010-08-04 16:05:00,1,468.65,468.65,492,492,False,,,True,False,1,1,2,4,Hibernating,Dormant,Low-cost reactivation
15388,2011-03-14 13:53:00,2011-03-14 13:53:00,1,140.54,140.54,270,270,False,,,True,False,2,1,1,4,Hibernating,Dormant,Low-cost reactivation
15389,2010-01-27 12:44:00,2011-06-20 16:18:00,5,2733.8,546.76,172,682,True,2010-05-26 16:02:00,119.0,True,False,3,4,4,11,Loyal Customers,At risk,Win back high-value
15390,2010-10-26 17:23:00,2010-11-08 15:19:00,2,1216.66,608.33,396,409,True,2010-11-08 15:19:00,12.0,True,True,2,2,3,7,Hibernating,Dormant,Low-cost reactivation
15391,2010-05-04 15:04:00,2010-05-04 15:04:00,1,289.87,289.87,584,584,False,,,True,False,1,1,2,4,Hibernating,Dormant,Low-cost reactivation
15392,2010-10-04 12:50:00,2011-12-05 11:01:00,7,2911.62,415.94571428571425,5,432,True,2010-11-08 08:58:00,34.0,True,True,5,4,5,14,Champions,Active repeat,Protect high-value active
15393,2009-12-15 17:56:00,2011-11-23 16:48:00,5,891.34,178.268,16,724,True,2010-01-15 15:27:00,30.0,True,True,5,4,3,12,Loyal Customers,Active repeat,Develop loyalty
15394,2009-12-15 19:05:00,2011-11-30 11:49:00,11,5286.8,480.6181818181818,10,724,True,2010-05-23 14:25:00,158.0,True,False,5,5,5,15,Champions,Active repeat,Protect high-value active
15395,2011-01-18 12:40:00,2011-01-18 12:40:00,1,107.45,107.45,326,326,False,,,True,False,2,1,1,4,Hibernating,Dormant,Low-cost reactivation
15396,2010-05-05 09:04:00,2011-08-19 10:56:00,2,796.3800000000001,398.19000000000005,113,584,True,2011-08-19 10:56:00,471.0,True,False,3,2,3,8,Needs Attention,At risk,Test win-back
15397,2011-02-23 09:25:00,2011-02-23 09:25:00,1,94.0,94.0,290,290,False,,,True,False,2,1,1,4,Hibernating,Dormant,Low-cost reactivation
15398,2011-09-22 14:56:00,2011-11-23 16:47:00,2,1345.5300000000002,672.7650000000001,16,78,True,2011-11-23 16:47:00,62.0,False,False,5,2,4,11,Potential Loyalists,Active repeat,Develop loyalty
15399,2011-09-21 15:57:00,2011-12-08 13:04:00,3,815.77,271.92333333333335,1,79,True,2011-11-17 15:04:00,56.0,False,False,5,3,3,11,Potential Loyalists,Active repeat,Develop loyalty
15400,2010-05-28 08:33:00,2011-09-08 13:57:00,8,1302.3,162.7875,92,561,True,2010-08-05 14:11:00,69.0,True,True,3,4,4,11,Loyal Customers,At risk,Test win-back
15401,2010-05-20 10:56:00,2010-09-13 13:42:00,2,216.95000000000002,108.47500000000001,452,569,True,2010-09-13 13:42:00,116.0,True,False,1,2,1,4,Hibernating,Dormant,Low-cost reactivation
15402,2010-04-27 12:12:00,2011-07-14 12:17:00,6,1830.54,305.09,149,592,True,2010-06-18 10:47:00,51.0,True,True,3,4,4,11,Loyal Customers,At risk,Test win-back
15403,2009-12-09 12:45:00,2010-08-05 12:21:00,2,170.88,85.44,492,731,True,2010-08-05 12:21:00,238.0,True,False,1,2,1,4,Hibernating,Dormant,Low-cost reactivation
15404,2010-11-29 11:03:00,2010-11-29 11:03:00,1,257.06,257.06,376,376,False,,,True,False,2,1,1,4,Hibernating,Dormant,Low-cost reactivation
15405,2010-05-12 15:56:00,2011-06-03 14:44:00,2,659.84,329.92,189,576,True,2011-06-03 14:44:00,386.0,True,False,2,2,3,7,Hibernating,Dormant,Low-cost reactivation
15406,2010-09-12 13:06:00,2011-11-08 13:22:00,4,975.87,243.9675,31,453,True,2010-09-12 13:10:00,0.0,True,True,4,3,3,10,Potential Loyalists,Active repeat,Develop loyalty
15407,2011-02-07 13:18:00,2011-11-06 11:55:00,4,1046.74,261.685,34,305,True,2011-05-01 14:58:00,83.0,True,True,4,3,3,10,Potential Loyalists,Active repeat,Develop loyalty
15408,2011-03-20 15:02:00,2011-03-20 15:02:00,1,267.18,267.18,264,264,False,,,True,False,2,1,1,4,Hibernating,Dormant,Low-cost reactivation
15409,2009-12-18 15:35:00,2009-12-18 15:35:00,1,131.25,131.25,721,721,False,,,True,False,1,1,1,3,Hibernating,Dormant,Low-cost reactivation
15410,2010-04-19 08:57:00,2011-09-16 14:47:00,10,4685.72,468.572,84,600,True,2010-05-20 09:53:00,31.0,True,True,3,5,5,13,Loyal Customers,Active repeat,Protect high-value active
15411,2011-06-10 12:30:00,2011-11-13 15:19:00,4,1348.93,337.2325,26,183,True,2011-08-07 12:54:00,58.0,True,True,4,3,4,11,Potential Loyalists,Active repeat,Develop loyalty
15412,2011-06-21 15:24:00,2011-06-21 15:24:00,1,190.53,190.53,171,171,False,,,True,False,3,1,1,5,Needs Attention,At risk,Test win-back
15413,2009-12-01 10:18:00,2010-01-17 11:33:00,5,6798.72,1359.7440000000001,692,739,True,2009-12-08 15:10:00,7.0,True,True,1,4,5,10,At Risk,Dormant,Low-cost reactivation
15414,2011-04-11 13:45:00,2011-11-30 09:50:00,3,774.9000000000001,258.3,10,242,True,2011-11-02 14:58:00,205.0,True,False,5,3,3,11,Potential Loyalists,Active repeat,Develop loyalty
15415,2011-01-30 14:13:00,2011-01-30 14:13:00,1,559.61,559.61,313,313,False,,,True,False,2,1,2,5,Hibernating,Dormant,Low-cost reactivation
15416,2010-02-01 11:55:00,2011-10-06 09:38:00,7,4572.82,653.26,65,677,True,2010-08-18 09:47:00,197.0,True,False,3,4,5,12,Loyal Customers,Active repeat,Protect high-value active
15417,2011-09-15 15:26:00,2011-09-15 15:26:00,1,508.8,508.8,85,85,False,,,False,False,3,1,2,6,Needs Attention,New,Drive second purchase
15418,2010-05-02 11:31:00,2010-10-10 13:38:00,2,449.42,224.71,425,587,True,2010-10-10 13:38:00,161.0,True,False,1,2,2,5,Hibernating,Dormant,Low-cost reactivation
15419,2011-11-15 09:23:00,2011-11-15 09:23:00,1,135.86,135.86,25,25,False,,,False,False,4,1,1,6,New Customers,New,Drive second purchase
15420,2009-12-05 13:29:00,2010-10-01 15:46:00,6,743.0,123.83333333333333,434,734,True,2009-12-14 14:34:00,9.0,True,True,1,4,3,8,At Risk,Dormant,Low-cost reactivation
15421,2009-12-07 15:10:00,2011-10-12 09:20:00,10,3805.34,380.534,59,732,True,2010-01-29 13:52:00,52.0,True,True,3,5,5,13,Loyal Customers,Active repeat,Protect high-value active
15422,2010-02-07 11:52:00,2011-01-20 16:17:00,7,1619.97,231.42428571428573,323,671,True,2010-05-18 12:49:00,100.0,True,False,2,4,4,10,At Risk,Dormant,Low-cost reactivation
15423,2010-03-28 13:42:00,2011-11-01 14:01:00,3,266.89,88.96333333333332,38,621,True,2010-05-07 09:21:00,39.0,True,True,4,3,1,8,Potential Loyalists,Active repeat,Develop loyalty
15424,2010-09-02 17:17:00,2011-03-30 13:02:00,3,597.78,199.26,254,463,True,2011-03-30 13:00:00,208.0,True,False,2,3,2,7,At Risk,Dormant,Low-cost reactivation
15425,2010-02-14 12:36:00,2010-11-04 18:13:00,4,1941.1200000000001,485.28000000000003,400,664,True,2010-03-21 11:32:00,34.0,True,True,2,3,4,9,At Risk,Dormant,Low-cost reactivation
15426,2010-05-02 15:10:00,2011-11-20 15:36:00,9,2156.35,239.59444444444443,19,586,True,2010-07-25 12:53:00,83.0,True,True,5,5,4,14,Champions,Active repeat,Develop loyalty
15427,2011-10-23 14:47:00,2011-11-06 14:29:00,3,1430.54,476.84666666666664,33,47,True,2011-11-06 14:17:00,13.0,False,False,4,3,4,11,Potential Loyalists,Active repeat,Develop loyalty
15428,2009-12-17 17:46:00,2011-11-24 16:54:00,4,762.75,190.6875,15,722,True,2010-03-12 15:13:00,84.0,True,True,5,3,3,11,Potential Loyalists,Active repeat,Develop loyalty
15429,2011-09-25 13:42:00,2011-11-13 12:28:00,2,397.35,198.675,27,75,True,2011-11-13 12:28:00,48.0,False,False,4,2,2,8,Potential Loyalists,Active repeat,Develop loyalty
15430,2010-06-29 15:04:00,2010-08-29 10:42:00,2,954.75,477.375,468,528,True,2010-08-29 10:42:00,60.0,True,True,1,2,3,6,Hibernating,Dormant,Low-cost reactivation
15431,2010-07-25 12:44:00,2010-07-25 12:44:00,1,153.24,153.24,503,503,False,,,True,False,1,1,1,3,Hibernating,Dormant,Low-cost reactivation
15432,2010-06-16 14:34:00,2011-11-16 16:30:00,2,320.76,160.38,23,541,True,2011-11-16 16:30:00,518.0,True,False,4,2,2,8,Potential Loyalists,Active repeat,Develop loyalty
15433,2011-03-17 14:12:00,2011-05-10 10:45:00,2,533.3,266.65,214,267,True,2011-05-10 10:45:00,53.0,True,True,2,2,2,6,Hibernating,Dormant,Low-cost reactivation
15434,2010-01-24 15:35:00,2011-12-01 13:33:00,11,2567.06,233.36909090909091,8,684,True,2010-09-30 12:01:00,248.0,True,False,5,5,4,14,Champions,Active repeat,Protect high-value active
15435,2011-11-17 16:39:00,2011-11-17 16:39:00,1,149.29,149.29,22,22,False,,,False,False,4,1,1,6,New Customers,New,Drive second purchase
15436,2011-04-19 16:52:00,2011-11-27 16:05:00,3,1067.75,355.9166666666667,12,234,True,2011-10-23 16:19:00,186.0,True,False,5,3,3,11,Potential Loyalists,Active repeat,Develop loyalty
15437,2010-03-09 10:45:00,2011-03-22 13:11:00,2,393.45000000000005,196.72500000000002,262,641,True,2011-03-22 13:11:00,378.0,True,False,2,2,2,6,Hibernating,Dormant,Low-cost reactivation
15438,2011-07-31 14:19:00,2011-07-31 14:19:00,1,156.57999999999998,156.57999999999998,131,131,False,,,True,False,3,1,1,5,Needs Attention,At risk,Test win-back
15439,2010-02-24 12:05:00,2010-10-31 10:38:00,4,1269.0500000000002,317.26250000000005,405,654,True,2010-02-24 12:09:00,0.0,True,True,2,3,4,9,At Risk,Dormant,Low-cost reactivation
15440,2011-05-15 11:30:00,2011-10-16 12:16:00,3,383.68,127.89333333333333,55,209,True,2011-07-26 14:27:00,72.0,True,True,4,3,2,9,Potential Loyalists,Active repeat,Develop loyalty
15441,2009-12-09 14:55:00,2010-11-08 15:50:00,3,1254.21,418.07,396,730,True,2010-10-11 11:04:00,305.0,True,False,2,3,4,9,At Risk,Dormant,Low-cost reactivation
15442,2011-04-05 12:24:00,2011-04-05 12:24:00,1,594.0,594.0,249,249,False,,,True,False,2,1,2,5,Hibernating,Dormant,Low-cost reactivation
15443,2010-03-07 12:10:00,2011-12-08 10:40:00,14,5114.23,365.3021428571428,2,643,True,2010-03-25 11:28:00,17.0,True,True,5,5,5,15,Champions,Active repeat,Protect high-value active
15444,2011-10-30 16:12:00,2011-11-30 17:37:00,2,1411.21,705.605,9,40,True,2011-11-30 17:37:00,31.0,False,False,5,2,4,11,Potential Loyalists,Active repeat,Develop loyalty
15445,2010-04-28 15:00:00,2011-03-20 15:06:00,2,284.5,142.25,264,590,True,2011-03-20 15:06:00,326.0,True,False,2,2,1,5,Hibernating,Dormant,Low-cost reactivation
15446,2009-12-13 13:53:00,2010-11-28 11:59:00,3,399.75,133.25,377,726,True,2010-03-21 11:15:00,97.0,True,False,2,3,2,7,At Risk,Dormant,Low-cost reactivation
15447,2010-03-24 14:40:00,2011-01-13 11:26:00,5,492.88,98.576,331,625,True,2010-04-20 09:45:00,26.0,True,True,2,4,2,8,At Risk,Dormant,Low-cost reactivation
15448,2010-02-03 13:29:00,2011-01-31 10:42:00,2,788.81,394.405,313,674,True,2011-01-31 10:42:00,361.0,True,False,2,2,3,7,Hibernating,Dormant,Low-cost reactivation
15449,2011-03-23 10:43:00,2011-11-13 15:02:00,3,974.52,324.84,26,262,True,2011-06-07 16:42:00,76.0,True,True,4,3,3,10,Potential Loyalists,Active repeat,Develop loyalty
15450,2011-11-09 17:11:00,2011-11-09 17:11:00,1,429.84,429.84,30,30,False,,,False,False,4,1,2,7,New Customers,New,Drive second purchase
15451,2010-04-19 14:08:00,2010-10-01 13:40:00,2,226.86,113.43,434,599,True,2010-10-01 13:40:00,164.0,True,False,1,2,1,4,Hibernating,Dormant,Low-cost reactivation
15452,2010-07-16 14:23:00,2011-11-10 12:13:00,6,1785.1100000000001,297.5183333333334,30,511,True,2010-08-24 12:03:00,38.0,True,True,4,4,4,12,Champions,Active repeat,Develop loyalty
15453,2011-06-05 12:37:00,2011-12-08 10:59:00,7,1371.77,195.96714285714285,2,188,True,2011-06-23 19:46:00,18.0,True,True,5,4,4,13,Champions,Active repeat,Develop loyalty
15454,2010-03-31 13:15:00,2010-12-12 14:21:00,2,305.99,152.995,362,618,True,2010-12-12 14:21:00,256.0,True,False,2,2,2,6,Hibernating,Dormant,Low-cost reactivation
15455,2010-04-21 12:43:00,2010-04-21 12:43:00,1,38.25,38.25,598,598,False,,,True,False,1,1,1,3,Hibernating,Dormant,Low-cost reactivation
15456,2009-12-08 12:54:00,2011-03-01 13:51:00,10,2091.52,209.152,283,731,True,2009-12-20 12:10:00,11.0,True,True,2,5,4,11,At Risk,Dormant,Low-cost reactivation
15457,2011-03-22 15:31:00,2011-03-22 15:31:00,1,237.07,237.07,262,262,False,,,True,False,2,1,1,4,Hibernating,Dormant,Low-cost reactivation
15458,2010-11-02 19:50:00,2011-11-14 13:08:00,2,370.43999999999994,185.21999999999997,25,402,True,2011-11-14 13:08:00,376.0,True,False,4,2,2,8,Potential Loyalists,Active repeat,Develop loyalty
15459,2010-07-30 14:31:00,2010-10-18 15:25:00,2,202.82999999999998,101.41499999999999,417,497,True,2010-10-18 15:25:00,80.0,True,True,1,2,1,4,Hibernating,Dormant,Low-cost reactivation
15460,2010-12-20 16:08:00,2010-12-20 16:08:00,1,214.26,214.26,354,354,False,,,True,False,2,1,1,4,Hibernating,Dormant,Low-cost reactivation
15461,2010-03-18 12:40:00,2010-09-05 12:31:00,2,429.7,214.85,461,632,True,2010-09-05 12:31:00,170.0,True,False,1,2,2,5,Hibernating,Dormant,Low-cost reactivation
15462,2010-09-20 10:23:00,2011-09-06 13:11:00,4,737.05,184.2625,94,446,True,2011-06-05 15:36:00,258.0,True,False,3,3,3,9,Needs Attention,At risk,Test win-back
15463,2011-11-10 12:57:00,2011-11-10 12:57:00,1,126.14,126.14,29,29,False,,,False,False,4,1,1,6,New Customers,New,Drive second purchase
15464,2011-01-05 15:56:00,2011-01-05 15:56:00,1,1044.65,1044.65,338,338,False,,,True,False,2,1,3,6,Hibernating,Dormant,Low-cost reactivation
15465,2009-12-10 09:42:00,2011-11-20 10:11:00,32,12100.4,378.1375,20,730,True,2010-01-08 14:16:00,29.0,True,True,4,5,5,14,Champions,Active repeat,Protect high-value active
15466,2009-12-03 12:28:00,2011-09-15 14:08:00,4,1560.46,390.115,85,737,True,2010-04-12 14:48:00,130.0,True,False,3,3,4,10,Needs Attention,Active repeat,Develop loyalty
15467,2011-07-10 14:42:00,2011-11-30 14:17:00,3,524.88,174.96,9,152,True,2011-07-17 15:24:00,7.0,True,True,5,3,2,10,Potential Loyalists,Active repeat,Develop loyalty
15468,2010-11-12 09:39:00,2011-10-19 13:49:00,3,1430.48,476.82666666666665,51,393,True,2011-10-19 13:38:00,341.0,True,False,4,3,4,11,Potential Loyalists,Active repeat,Develop loyalty
15469,2010-09-27 10:09:00,2011-10-20 16:21:00,3,874.25,291.4166666666667,50,439,True,2011-08-11 16:54:00,318.0,True,False,4,3,3,10,Potential Loyalists,Active repeat,Develop loyalty
15470,2010-05-13 09:35:00,2010-05-13 09:35:00,1,63.419999999999995,63.419999999999995,576,576,False,,,True,False,1,1,1,3,Hibernating,Dormant,Low-cost reactivation
15471,2010-06-07 12:17:00,2011-12-07 14:12:00,3,1292.01,430.67,2,551,True,2010-11-24 14:39:00,170.0,True,False,5,3,4,12,Potential Loyalists,Active repeat,Develop loyalty
15472,2011-08-18 15:17:00,2011-08-18 15:17:00,1,371.56,371.56,113,113,False,,,True,False,3,1,2,6,Needs Attention,At risk,Test win-back
15473,2010-09-21 09:14:00,2011-11-25 15:15:00,8,2046.0,255.75,14,445,True,2011-10-10 11:12:00,384.0,True,False,5,4,4,13,Champions,Active repeat,Develop loyalty
15474,2010-04-23 11:14:00,2010-04-23 11:14:00,1,150.35,150.35,596,596,False,,,True,False,1,1,1,3,Hibernating,Dormant,Low-cost reactivation
15475,2011-09-23 15:20:00,2011-09-23 15:20:00,1,454.10999999999996,454.10999999999996,77,77,False,,,False,False,3,1,2,6,Needs Attention,New,Drive second purchase
15476,2010-09-23 14:00:00,2010-11-24 15:17:00,4,2209.9799999999996,552.4949999999999,380,442,True,2010-11-12 11:33:00,49.0,True,True,2,3,4,9,At Risk,Dormant,Low-cost reactivation
15477,2010-02-28 10:37:00,2010-02-28 10:37:00,1,368.4,368.4,650,650,False,,,True,False,1,1,2,4,Hibernating,Dormant,Low-cost reactivation
15478,2010-05-13 18:49:00,2011-10-30 14:19:00,3,1983.48,661.16,40,575,True,2011-10-14 11:09:00,518.0,True,False,4,3,4,11,Potential Loyalists,Active repeat,Develop loyalty
15479,2009-12-06 15:08:00,2009-12-06 15:08:00,1,147.4,147.4,733,733,False,,,True,False,1,1,1,3,Hibernating,Dormant,Low-cost reactivation
15480,2010-02-01 14:52:00,2011-08-15 14:32:00,5,6279.0,1255.8,116,676,True,2010-02-01 15:17:00,0.0,True,True,3,4,5,12,Loyal Customers,At risk,Win back high-value
15481,2010-11-03 14:52:00,2010-11-03 14:52:00,1,1993.34,1993.34,401,401,False,,,True,False,2,1,4,7,Hibernating,Dormant,Low-cost reactivation
15482,2009-12-02 16:59:00,2011-11-24 10:46:00,19,14417.359999999999,758.8084210526315,16,737,True,2009-12-03 10:23:00,0.0,True,True,5,5,5,15,Champions,Active repeat,Protect high-value active
15483,2010-01-24 15:42:00,2011-07-01 13:07:00,10,817.8199999999999,81.782,161,684,True,2010-06-18 11:01:00,144.0,True,False,3,5,3,11,Loyal Customers,At risk,Test win-back
15484,2009-12-05 15:18:00,2011-12-08 15:03:00,6,4652.1,775.35,1,734,True,2010-06-17 16:16:00,194.0,True,False,5,4,5,14,Champions,Active repeat,Protect high-value active
15485,2009-12-01 17:31:00,2011-11-09 14:31:00,7,4810.92,687.2742857142857,30,738,True,2009-12-01 17:50:00,0.0,True,True,4,4,5,13,Champions,Active repeat,Protect high-value active
15486,2010-06-30 13:15:00,2010-06-30 13:15:00,1,102.0,102.0,527,527,False,,,True,False,1,1,1,3,Hibernating,Dormant,Low-cost reactivation
15487,2010-01-29 12:07:00,2010-01-29 12:07:00,1,231.32,231.32,680,680,False,,,True,False,1,1,1,3,Hibernating,Dormant,Low-cost reactivation
15488,2010-05-05 13:03:00,2011-09-08 10:11:00,5,431.92,86.384,93,583,True,2010-08-06 14:54:00,93.0,True,False,3,4,2,9,Loyal Customers,At risk,Test win-back
15489,2010-01-15 16:58:00,2011-11-17 08:53:00,8,2419.61,302.45125,23,693,True,2010-04-11 11:47:00,85.0,True,True,4,4,4,12,Champions,Active repeat,Protect high-value active
15490,2010-10-05 13:11:00,2010-10-05 13:11:00,1,210.85,210.85,430,430,False,,,True,False,1,1,1,3,Hibernating,Dormant,Low-cost reactivation
15491,2011-04-18 10:04:00,2011-09-05 15:56:00,6,3100.09,516.6816666666667,95,236,True,2011-04-18 10:20:00,0.0,True,True,3,4,5,12,Loyal Customers,At risk,Win back high-value
15492,2011-09-26 14:02:00,2011-11-11 14:53:00,2,659.46,329.73,28,74,True,2011-11-11 14:53:00,46.0,False,False,4,2,3,9,Potential Loyalists,Active repeat,Develop loyalty
15493,2010-02-23 11:14:00,2011-11-07 12:04:00,9,4121.68,457.9644444444445,33,655,True,2010-04-06 11:42:00,42.0,True,True,4,5,5,14,Champions,Active repeat,Protect high-value active
15494,2009-12-10 20:16:00,2011-11-18 14:51:00,5,3702.6,740.52,21,729,True,2010-07-07 13:55:00,208.0,True,False,4,4,5,13,Champions,Active repeat,Protect high-value active
15495,2010-11-25 13:46:00,2010-11-25 13:46:00,1,246.5,246.5,379,379,False,,,True,False,2,1,1,4,Hibernating,Dormant,Low-cost reactivation
15496,2010-03-18 13:16:00,2010-03-18 13:16:00,1,146.14000000000001,146.14000000000001,631,631,False,,,True,False,1,1,1,3,Hibernating,Dormant,Low-cost reactivation
15497,2009-12-18 15:08:00,2011-11-22 11:51:00,9,8657.39,961.9322222222222,18,721,True,2010-01-13 10:21:00,25.0,True,True,5,5,5,15,Champions,Active repeat,Protect high-value active
15498,2009-12-16 17:27:00,2011-12-07 12:48:00,44,24972.86,567.565,3,723,True,2010-02-21 13:18:00,66.0,True,True,5,5,5,15,Champions,Active repeat,Protect high-value active
15499,2009-12-16 12:17:00,2009-12-16 12:17:00,1,158.65,158.65,724,724,False,,,True,False,1,1,1,3,Hibernating,Dormant,Low-cost reactivation
15500,2011-09-19 13:47:00,2011-12-01 13:47:00,4,1131.56,282.89,8,81,True,2011-11-13 13:41:00,54.0,False,False,5,3,3,11,Potential Loyalists,Active repeat,Develop loyalty
15501,2010-10-20 12:47:00,2010-10-31 11:15:00,2,399.95,199.975,405,416,True,2010-10-31 11:15:00,10.0,True,True,2,2,2,6,Hibernating,Dormant,Low-cost reactivation
15502,2010-06-03 11:12:00,2011-11-24 12:48:00,14,13003.869999999999,928.847857142857,16,555,True,2010-09-27 11:57:00,116.0,True,False,5,5,5,15,Champions,Active repeat,Protect high-value active
15503,2009-12-13 11:34:00,2010-12-12 10:57:00,2,257.3,128.65,363,727,True,2010-12-12 10:57:00,363.0,True,False,2,2,1,5,Hibernating,Dormant,Low-cost reactivation
15504,2010-02-12 12:34:00,2011-09-19 13:45:00,4,402.7,100.675,81,666,True,2010-04-12 12:48:00,59.0,True,True,3,3,2,8,Needs Attention,Active repeat,Develop loyalty
15505,2011-07-07 13:33:00,2011-10-18 07:56:00,5,3610.96,722.192,53,155,True,2011-08-05 15:07:00,29.0,True,True,4,4,5,13,Champions,Active repeat,Protect high-value active
15506,2010-08-19 12:38:00,2011-11-17 12:11:00,6,2030.33,338.3883333333333,23,478,True,2010-10-17 15:16:00,59.0,True,True,4,4,4,12,Champions,Active repeat,Develop loyalty
15507,2011-06-21 11:19:00,2011-06-21 11:19:00,1,475.86,475.86,172,172,False,,,True,False,3,1,2,6,Needs Attention,At risk,Test win-back
15508,2011-04-18 15:31:00,2011-06-03 15:43:00,6,1000.27,166.71166666666667,189,235,True,2011-04-28 13:31:00,9.0,True,True,2,4,3,9,At Risk,Dormant,Low-cost reactivation
15509,2010-11-24 14:48:00,2010-11-24 14:48:00,1,152.41,152.41,380,380,False,,,True,False,2,1,1,4,Hibernating,Dormant,Low-cost reactivation
15510,2011-01-13 12:10:00,2011-01-13 12:10:00,1,250.0,250.0,331,331,False,,,True,False,2,1,1,4,Hibernating,Dormant,Low-cost reactivation
15511,2011-09-15 15:05:00,2011-11-28 09:43:00,5,900.53,180.106,12,85,True,2011-10-13 12:58:00,27.0,False,False,5,4,3,12,Loyal Customers,Active repeat,Develop loyalty
15512,2010-02-01 13:23:00,2011-07-07 10:20:00,4,331.58000000000004,82.89500000000001,156,676,True,2010-11-14 12:39:00,285.0,True,False,3,3,2,8,Needs Attention,At risk,Test win-back
15513,2010-01-13 14:59:00,2011-11-06 14:36:00,35,26437.05,755.3442857142857,33,695,True,2010-03-25 11:07:00,70.0,True,True,4,5,5,14,Champions,Active repeat,Protect high-value active
15514,2009-12-04 16:37:00,2011-11-27 14:40:00,18,6392.0599999999995,355.1144444444444,12,735,True,2009-12-15 16:23:00,10.0,True,True,5,5,5,15,Champions,Active repeat,Protect high-value active
15515,2010-11-17 13:39:00,2010-11-17 13:39:00,1,171.81,171.81,387,387,False,,,True,False,2,1,1,4,Hibernating,Dormant,Low-cost reactivation
15516,2011-10-24 11:33:00,2011-10-26 10:51:00,3,62.43,20.81,45,47,True,2011-10-24 11:38:00,0.0,False,False,4,3,1,8,Potential Loyalists,Active repeat,Develop loyalty
15517,2011-04-20 14:02:00,2011-04-20 14:02:00,1,267.03,267.03,233,233,False,,,True,False,2,1,1,4,Hibernating,Dormant,Low-cost reactivation
15518,2009-12-20 12:21:00,2011-10-06 13:05:00,15,4189.99,279.3326666666666,64,720,True,2010-01-26 12:55:00,37.0,True,True,3,5,5,13,Loyal Customers,Active repeat,Protect high-value active
15519,2010-09-19 13:57:00,2010-11-21 14:35:00,2,344.61,172.305,383,446,True,2010-11-21 14:35:00,63.0,True,True,2,2,2,6,Hibernating,Dormant,Low-cost reactivation
15520,2011-12-08 10:58:00,2011-12-08 10:58:00,1,343.5,343.5,2,2,False,,,False,False,5,1,2,8,New Customers,New,Drive second purchase
15521,2010-01-05 10:19:00,2011-10-30 13:42:00,16,7098.24,443.64,40,704,True,2010-04-07 13:34:00,92.0,True,False,4,5,5,14,Champions,Active repeat,Protect high-value active
15522,2011-09-13 12:26:00,2011-11-07 11:26:00,2,397.99,198.995,33,88,True,2011-11-07 11:26:00,54.0,False,False,4,2,2,8,Potential Loyalists,Active repeat,Develop loyalty
15523,2009-12-02 15:16:00,2011-09-16 16:29:00,16,17259.19,1078.699375,84,737,True,2009-12-02 15:17:00,0.0,True,True,3,5,5,13,Loyal Customers,Active repeat,Protect high-value active
15524,2010-04-12 09:19:00,2011-11-15 12:09:00,2,591.4,295.7,25,607,True,2011-11-15 12:09:00,582.0,True,False,4,2,2,8,Potential Loyalists,Active repeat,Develop loyalty
15525,2010-11-22 12:10:00,2011-12-07 14:43:00,4,890.22,222.555,2,383,True,2010-12-01 13:17:00,9.0,True,True,5,3,3,11,Potential Loyalists,Active repeat,Develop loyalty
15526,2011-11-06 15:01:00,2011-11-06 15:04:00,2,148.44,74.22,33,33,True,2011-11-06 15:04:00,0.0,False,False,4,2,1,7,Potential Loyalists,Active repeat,Develop loyalty
15527,2009-12-15 17:31:00,2011-11-21 12:17:00,23,5554.89,241.51695652173913,19,724,True,2010-01-10 12:25:00,25.0,True,True,5,5,5,15,Champions,Active repeat,Protect high-value active
15528,2011-03-30 16:14:00,2011-03-30 16:14:00,1,229.33,229.33,254,254,False,,,True,False,2,1,1,4,Hibernating,Dormant,Low-cost reactivation
15529,2010-11-10 14:26:00,2011-11-17 11:29:00,12,4783.66,398.6383333333333,23,394,True,2010-12-08 12:24:00,27.0,True,True,4,5,5,14,Champions,Active repeat,Protect high-value active
15530,2010-07-15 11:10:00,2011-11-18 12:25:00,5,1808.68,361.736,22,513,True,2011-04-07 11:16:00,266.0,True,False,4,4,4,12,Champions,Active repeat,Develop loyalty
15531,2011-11-09 17:47:00,2011-12-01 18:43:00,2,1972.3899999999999,986.1949999999999,8,30,True,2011-12-01 18:43:00,22.0,False,False,5,2,4,11,Potential Loyalists,Active repeat,Develop loyalty
15532,2010-06-08 14:52:00,2011-11-14 14:51:00,10,3738.8500000000004,373.88500000000005,25,549,True,2010-06-29 16:13:00,21.0,True,True,4,5,5,14,Champions,Active repeat,Protect high-value active
15533,2011-09-11 15:41:00,2011-11-20 15:35:00,3,807.5699999999999,269.19,19,89,True,2011-09-18 13:40:00,6.0,False,False,5,3,3,11,Potential Loyalists,Active repeat,Develop loyalty
15534,2009-12-14 12:48:00,2009-12-14 12:48:00,1,162.25,162.25,726,726,False,,,True,False,1,1,1,3,Hibernating,Dormant,Low-cost reactivation
15535,2010-09-16 20:04:00,2011-06-19 16:02:00,6,1044.37,174.06166666666664,173,449,True,2010-10-31 14:09:00,44.0,True,True,3,4,3,10,Loyal Customers,At risk,Test win-back
15536,2010-10-26 16:31:00,2010-10-26 16:31:00,1,259.09,259.09,409,409,False,,,True,False,2,1,1,4,Hibernating,Dormant,Low-cost reactivation
15537,2011-06-29 13:10:00,2011-06-29 13:10:00,1,110.92,110.92,163,163,False,,,True,False,3,1,1,5,Needs Attention,At risk,Test win-back
15538,2010-02-14 12:38:00,2010-06-20 10:49:00,6,3358.4,559.7333333333333,538,664,True,2010-03-04 11:44:00,17.0,True,True,1,4,5,10,At Risk,Dormant,Low-cost reactivation
15539,2011-12-02 13:36:00,2011-12-02 13:36:00,1,538.46,538.46,7,7,False,,,False,False,5,1,2,8,New Customers,New,Drive second purchase
15540,2010-11-29 11:10:00,2011-11-28 13:51:00,2,460.68,230.34,11,376,True,2011-11-28 13:51:00,364.0,True,False,5,2,2,9,Potential Loyalists,Active repeat,Develop loyalty
15541,2011-08-17 14:58:00,2011-08-17 14:58:00,1,85.13000000000001,85.13000000000001,114,114,False,,,True,False,3,1,1,5,Needs Attention,At risk,Test win-back
15542,2009-12-02 11:53:00,2010-07-15 13:32:00,3,855.71,285.2366666666667,512,738,True,2009-12-02 12:06:00,0.0,True,True,1,3,3,7,At Risk,Dormant,Low-cost reactivation
15543,2010-09-06 11:28:00,2011-02-24 15:26:00,2,242.26,121.13,288,460,True,2011-02-24 15:26:00,171.0,True,False,2,2,1,5,Hibernating,Dormant,Low-cost reactivation
15544,2010-01-28 14:39:00,2011-11-30 16:43:00,20,7807.89,390.3945,9,680,True,2010-02-18 10:26:00,20.0,True,True,5,5,5,15,Champions,Active repeat,Protect high-value active
15545,2010-12-03 17:28:00,2011-10-16 13:24:00,2,288.97,144.485,54,371,True,2011-10-16 13:24:00,316.0,True,False,4,2,2,8,Potential Loyalists,Active repeat,Develop loyalty
15546,2010-04-12 11:45:00,2010-04-12 11:51:00,2,1079.1000000000001,539.5500000000001,607,607,True,2010-04-12 11:51:00,0.0,True,True,1,2,3,6,Hibernating,Dormant,Low-cost reactivation
15547,2009-12-06 13:40:00,2011-12-02 12:52:00,26,10057.05,386.80961538461537,7,733,True,2010-01-21 11:11:00,45.0,True,True,5,5,5,15,Champions,Active repeat,Protect high-value active
15548,2010-04-23 12:20:00,2010-04-23 12:20:00,1,158.09,158.09,596,596,False,,,True,False,1,1,1,3,Hibernating,Dormant,Low-cost reactivation
15549,2010-01-11 13:16:00,2011-09-23 16:22:00,8,2334.16,291.77,77,697,True,2010-01-27 16:14:00,16.0,True,True,3,4,4,11,Loyal Customers,Active repeat,Protect high-value active
15550,2009-12-03 15:15:00,2011-12-05 15:38:00,12,2211.05,184.2541666666667,4,736,True,2009-12-14 10:27:00,10.0,True,True,5,5,4,14,Champions,Active repeat,Develop loyalty
15551,2010-06-07 15:05:00,2011-11-03 12:37:00,7,1679.81,239.97285714285712,37,550,True,2010-09-24 12:18:00,108.0,True,False,4,4,4,12,Champions,Active repeat,Develop loyalty
15552,2010-03-26 16:17:00,2011-05-06 14:47:00,2,252.52,126.26,217,623,True,2011-05-06 14:47:00,405.0,True,False,2,2,1,5,Hibernating,Dormant,Low-cost reactivation
15553,2011-10-10 14:02:00,2011-10-10 14:02:00,1,428.93,428.93,60,60,False,,,False,False,3,1,2,6,Needs Attention,New,Drive second purchase
15554,2011-03-07 09:00:00,2011-03-07 09:00:00,1,217.2,217.2,278,278,False,,,True,False,2,1,1,4,Hibernating,Dormant,Low-cost reactivation
15555,2009-12-06 11:58:00,2011-11-27 16:19:00,36,11243.91,312.3308333333333,12,734,True,2010-02-01 15:10:00,57.0,True,True,5,5,5,15,Champions,Active repeat,Protect high-value active
15556,2011-11-15 16:08:00,2011-11-15 16:08:00,1,279.77,279.77,24,24,False,,,False,False,4,1,1,6,New Customers,New,Drive second purchase
15557,2011-11-11 12:46:00,2011-11-11 12:46:00,1,468.91,468.91,29,29,False,,,False,False,4,1,2,7,New Customers,New,Drive second purchase
15558,2010-03-10 15:25:00,2010-03-10 15:25:00,1,202.68,202.68,639,639,False,,,True,False,1,1,1,3,Hibernating,Dormant,Low-cost reactivation
15559,2010-05-20 14:06:00,2010-05-20 14:06:00,1,1109.4,1109.4,568,568,False,,,True,False,1,1,3,5,Hibernating,Dormant,Low-cost reactivation
15560,2010-11-07 10:14:00,2010-11-07 10:15:00,2,153.51999999999998,76.75999999999999,398,398,True,2010-11-07 10:15:00,0.0,True,True,2,2,1,5,Hibernating,Dormant,Low-cost reactivation
15561,2010-02-14 12:22:00,2011-11-28 11:07:00,8,1934.3899999999999,241.79874999999998,12,664,True,2010-05-10 10:29:00,84.0,True,True,5,4,4,13,Champions,Active repeat,Develop loyalty
15562,2009-12-13 15:17:00,2010-12-23 09:55:00,3,671.4300000000001,223.81000000000003,352,726,True,2010-10-11 10:33:00,301.0,True,False,2,3,3,8,At Risk,Dormant,Low-cost reactivation
15563,2010-01-28 11:36:00,2011-11-17 14:50:00,7,2859.46,408.4942857142857,22,681,True,2010-04-14 11:36:00,76.0,True,True,4,4,4,12,Champions,Active repeat,Protect high-value active
15564,2010-02-01 15:58:00,2010-09-02 15:52:00,2,70.74000000000001,35.370000000000005,463,676,True,2010-09-02 15:52:00,212.0,True,False,1,2,1,4,Hibernating,Dormant,Low-cost reactivation
15565,2011-09-30 10:44:00,2011-10-20 14:33:00,2,173.16000000000003,86.58000000000001,50,71,True,2011-10-20 14:33:00,20.0,False,False,4,2,1,7,Potential Loyalists,Active repeat,Develop loyalty
15566,2009-12-15 14:53:00,2010-11-12 12:11:00,2,227.87,113.935,393,724,True,2010-11-12 12:11:00,331.0,True,False,2,2,1,5,Hibernating,Dormant,Low-cost reactivation
15567,2011-11-21 10:48:00,2011-11-21 10:48:00,1,186.01,186.01,19,19,False,,,False,False,5,1,1,7,New Customers,New,Drive second purchase
15568,2011-09-27 14:37:00,2011-12-07 11:27:00,3,758.29,252.76333333333332,3,73,True,2011-10-26 11:51:00,28.0,False,False,5,3,3,11,Potential Loyalists,Active repeat,Develop loyalty
15569,2010-02-28 10:55:00,2011-08-28 10:15:00,10,3583.45,358.34499999999997,104,650,True,2010-04-18 11:14:00,49.0,True,True,3,5,5,13,Loyal Customers,At risk,Win back high-value
15570,2010-03-28 14:04:00,2011-12-02 14:47:00,25,8736.49,349.45959999999997,7,621,True,2010-04-21 15:08:00,24.0,True,True,5,5,5,15,Champions,Active repeat,Protect high-value active
15571,2009-12-06 12:10:00,2011-11-28 10:02:00,14,3892.35,278.025,12,734,True,2010-03-23 12:41:00,107.0,True,False,5,5,5,15,Champions,Active repeat,Protect high-value active
15572,2010-04-14 14:38:00,2011-12-05 10:09:00,10,3965.2,396.52,5,604,True,2010-10-20 13:40:00,188.0,True,False,5,5,5,15,Champions,Active repeat,Protect high-value active
15573,2009-12-10 14:19:00,2011-11-08 11:38:00,5,1188.4199999999998,237.68399999999997,32,729,True,2010-02-25 11:41:00,76.0,True,True,4,4,3,11,Loyal Customers,Active repeat,Develop loyalty
15574,2010-09-01 14:37:00,2011-06-15 12:01:00,6,1101.44,183.57333333333335,178,464,True,2010-10-15 12:45:00,43.0,True,True,3,4,3,10,Loyal Customers,At risk,Test win-back
15575,2010-03-30 12:50:00,2010-03-30 12:50:00,1,30.1,30.1,620,620,False,,,True,False,1,1,1,3,Hibernating,Dormant,Low-cost reactivation
15576,2011-11-02 12:03:00,2011-11-02 12:03:00,1,921.37,921.37,38,38,False,,,False,False,4,1,3,8,New Customers,New,Drive second purchase
15577,2009-12-13 16:17:00,2011-07-11 17:03:00,5,396.03,79.20599999999999,151,726,True,2009-12-16 14:54:00,2.0,True,True,3,4,2,9,Loyal Customers,At risk,Test win-back
15578,2011-06-30 13:03:00,2011-06-30 13:03:00,1,127.1,127.1,162,162,False,,,True,False,3,1,1,5,Needs Attention,At risk,Test win-back
15579,2010-10-03 14:37:00,2011-10-02 12:45:00,5,1250.63,250.12600000000003,69,432,True,2010-10-08 17:28:00,5.0,True,True,3,4,4,11,Loyal Customers,Active repeat,Develop loyalty
15580,2010-02-07 11:21:00,2010-11-28 11:00:00,8,1375.39,171.92375,377,671,True,2010-04-21 14:05:00,73.0,True,True,2,4,4,10,At Risk,Dormant,Low-cost reactivation
15581,2009-12-02 12:19:00,2011-08-11 09:38:00,38,7480.4,196.85263157894735,121,738,True,2009-12-02 12:32:00,0.0,True,True,3,5,5,13,Loyal Customers,At risk,Win back high-value
15582,2011-05-03 13:36:00,2011-11-15 09:55:00,3,682.9100000000001,227.63666666666668,25,220,True,2011-08-31 14:52:00,120.0,True,False,4,3,3,10,Potential Loyalists,Active repeat,Develop loyalty
15583,2010-11-28 15:04:00,2010-11-28 15:04:00,1,95.96,95.96,376,376,False,,,True,False,2,1,1,4,Hibernating,Dormant,Low-cost reactivation
15584,2010-02-07 12:16:00,2011-11-16 10:55:00,6,1268.2,211.36666666666667,24,671,True,2010-11-05 11:34:00,270.0,True,False,4,4,4,12,Champions,Active repeat,Develop loyalty
15585,2011-06-16 08:38:00,2011-06-16 08:38:00,1,455.3,455.3,177,177,False,,,True,False,3,1,2,6,Needs Attention,At risk,Test win-back
15586,2010-01-08 10:02:00,2010-04-26 11:00:00,3,1139.1000000000001,379.70000000000005,593,701,True,2010-02-18 10:27:00,41.0,True,True,1,3,3,7,At Risk,Dormant,Low-cost reactivation
15587,2010-08-05 08:44:00,2011-10-20 13:37:00,7,1522.08,217.44,50,492,True,2010-10-26 17:52:00,82.0,True,True,4,4,4,12,Champions,Active repeat,Develop loyalty
15588,2010-01-31 12:19:00,2010-01-31 12:19:00,1,579.6,579.6,678,678,False,,,True,False,1,1,2,4,Hibernating,Dormant,Low-cost reactivation
15589,2011-02-02 10:46:00,2011-03-29 09:54:00,3,478.53,159.51,256,311,True,2011-03-29 09:53:00,54.0,True,True,2,3,2,7,At Risk,Dormant,Low-cost reactivation
15590,2010-04-12 10:09:00,2010-11-22 14:49:00,5,1496.6,299.32,382,607,True,2010-05-05 08:53:00,22.0,True,True,2,4,4,10,At Risk,Dormant,Low-cost reactivation
15591,2010-02-04 09:20:00,2010-05-06 09:23:00,3,217.9,72.63333333333334,583,674,True,2010-03-09 10:21:00,33.0,True,True,1,3,1,5,At Risk,Dormant,Low-cost reactivation
15592,2011-10-24 08:59:00,2011-10-24 08:59:00,1,388.58,388.58,47,47,False,,,False,False,4,1,2,7,New Customers,New,Drive second purchase
15593,2011-09-30 11:46:00,2011-09-30 11:46:00,1,199.8,199.8,71,71,False,,,False,False,3,1,1,5,Needs Attention,New,Drive second purchase
15594,2011-04-19 10:08:00,2011-11-24 08:53:00,5,1771.78,354.356,16,235,True,2011-09-07 10:51:00,141.0,True,False,5,4,4,13,Champions,Active repeat,Develop loyalty
15595,2010-08-09 12:27:00,2010-08-09 12:27:00,1,357.6,357.6,488,488,False,,,True,False,1,1,2,4,Hibernating,Dormant,Low-cost reactivation
15596,2010-07-28 11:46:00,2011-08-31 10:55:00,9,2727.72,303.08,101,500,True,2010-10-04 12:22:00,68.0,True,True,3,5,4,12,Loyal Customers,At risk,Win back high-value
15597,2010-05-13 13:10:00,2011-11-04 13:26:00,2,563.37,281.685,35,575,True,2011-11-04 13:26:00,540.0,True,False,4,2,2,8,Potential Loyalists,Active repeat,Develop loyalty
15598,2010-10-08 09:20:00,2011-10-17 16:04:00,2,548.02,274.01,53,428,True,2011-10-17 16:04:00,374.0,True,False,4,2,2,8,Potential Loyalists,Active repeat,Develop loyalty
15599,2010-09-20 10:15:00,2011-11-13 11:44:00,3,1250.06,416.68666666666667,27,446,True,2011-05-19 13:05:00,241.0,True,False,4,3,4,11,Potential Loyalists,Active repeat,Develop loyalty
15600,2010-04-25 11:50:00,2010-10-07 14:30:00,4,1199.31,299.8275,428,594,True,2010-06-15 12:27:00,51.0,True,True,1,3,3,7,At Risk,Dormant,Low-cost reactivation
15601,2009-12-01 14:53:00,2011-11-28 15:15:00,30,14191.74,473.058,11,738,True,2009-12-03 15:49:00,2.0,True,True,5,5,5,15,Champions,Active repeat,Protect high-value active
15602,2009-12-02 09:35:00,2011-12-01 14:14:00,16,3137.96,196.1225,8,738,True,2010-01-28 13:53:00,57.0,True,True,5,5,5,15,Champions,Active repeat,Protect high-value active
15603,2010-03-01 16:02:00,2011-09-22 10:04:00,2,88.48,44.24,79,648,True,2011-09-22 10:04:00,569.0,True,False,3,2,1,6,Needs Attention,Active repeat,Develop loyalty
15604,2011-10-18 14:47:00,2011-10-18 14:47:00,1,216.39,216.39,52,52,False,,,False,False,4,1,1,6,New Customers,New,Drive second purchase
15605,2010-01-14 14:03:00,2011-11-03 14:17:00,9,1741.95,193.55,36,694,True,2010-03-03 15:52:00,48.0,True,True,4,5,4,13,Champions,Active repeat,Develop loyalty
15606,2010-03-02 14:48:00,2011-10-09 15:47:00,17,5230.99,307.70529411764704,61,647,True,2010-04-01 10:29:00,29.0,True,True,3,5,5,13,Loyal Customers,Active repeat,Protect high-value active
15607,2010-01-08 12:16:00,2011-01-07 12:44:00,9,1708.97,189.88555555555556,337,701,True,2010-01-15 12:38:00,7.0,True,True,2,5,4,11,At Risk,Dormant,Low-cost reactivation
15608,2010-10-20 10:10:00,2011-11-11 13:20:00,5,1785.98,357.196,28,416,True,2011-08-11 09:56:00,294.0,True,False,4,4,4,12,Champions,Active repeat,Develop loyalty
15609,2011-06-08 13:00:00,2011-06-08 13:00:00,1,298.48,298.48,184,184,False,,,True,False,3,1,2,6,Needs Attention,Dormant,Low-cost reactivation
15610,2011-10-19 10:36:00,2011-10-19 10:36:00,1,112.46000000000001,112.46000000000001,52,52,False,,,False,False,4,1,1,6,New Customers,New,Drive second purchase
15611,2010-01-25 14:50:00,2011-11-30 12:36:00,26,2997.28,115.28,10,683,True,2010-01-29 14:41:00,3.0,True,True,5,5,5,15,Champions,Active repeat,Protect high-value active
15612,2011-10-09 12:49:00,2011-11-03 14:52:00,2,195.15,97.575,36,62,True,2011-11-03 14:52:00,25.0,False,False,4,2,1,7,Potential Loyalists,Active repeat,Develop loyalty
15613,2010-04-08 12:51:00,2010-04-08 12:51:00,1,433.71999999999997,433.71999999999997,610,610,False,,,True,False,1,1,2,4,Hibernating,Dormant,Low-cost reactivation
15614,2010-03-23 11:13:00,2010-09-28 10:46:00,4,3147.36,786.84,438,627,True,2010-07-27 12:47:00,126.0,True,False,1,3,5,9,At Risk,Dormant,Low-cost reactivation
15615,2009-12-02 15:28:00,2011-11-29 14:42:00,47,21373.97,454.7653191489362,10,737,True,2009-12-02 15:29:00,0.0,True,True,5,5,5,15,Champions,Active repeat,Protect high-value active
15616,2010-09-27 13:10:00,2010-09-27 13:10:00,1,317.11,317.11,438,438,False,,,True,False,1,1,2,4,Hibernating,Dormant,Low-cost reactivation
15617,2010-07-20 13:16:00,2010-11-08 16:07:00,3,828.55,276.18333333333334,396,507,True,2010-10-20 10:22:00,91.0,True,False,2,3,3,8,At Risk,Dormant,Low-cost reactivation
15618,2011-07-26 10:13:00,2011-11-07 08:34:00,4,776.851,194.21275,33,137,True,2011-09-08 12:56:00,44.0,True,True,4,3,3,10,Potential Loyalists,Active repeat,Develop loyalty
15619,2011-11-29 08:14:00,2011-11-29 08:14:00,1,336.40000000000003,336.40000000000003,11,11,False,,,False,False,5,1,2,8,New Customers,New,Drive second purchase
15620,2010-10-26 11:32:00,2011-10-14 12:41:00,4,1942.36,485.59,57,410,True,2010-12-16 14:34:00,51.0,True,True,4,3,4,11,Potential Loyalists,Active repeat,Develop loyalty
15621,2011-11-18 11:49:00,2011-12-05 14:01:00,4,1293.03,323.2575,4,22,True,2011-11-28 15:16:00,10.0,False,False,5,3,4,12,Potential Loyalists,Active repeat,Develop loyalty
15622,2010-03-04 10:29:00,2011-10-27 16:44:00,17,7852.61,461.9182352941176,43,646,True,2010-04-22 11:51:00,49.0,True,True,4,5,5,14,Champions,Active repeat,Protect high-value active
15623,2009-12-10 14:46:00,2011-07-21 17:26:00,8,2437.05,304.63125,141,729,True,2010-01-19 10:41:00,39.0,True,True,3,4,4,11,Loyal Customers,At risk,Win back high-value
15624,2011-03-28 13:32:00,2011-08-15 11:38:00,4,588.13,147.0325,117,256,True,2011-05-17 12:44:00,49.0,True,True,3,3,2,8,Needs Attention,At risk,Test win-back
15625,2010-06-15 15:23:00,2011-08-28 10:21:00,9,3236.3999999999996,359.59999999999997,104,542,True,2010-06-16 16:01:00,1.0,True,True,3,5,5,13,Loyal Customers,At risk,Win back high-value
15626,2010-10-14 17:16:00,2011-09-26 10:03:00,3,1067.52,355.84,75,421,True,2011-01-14 10:10:00,91.0,True,False,3,3,3,9,Needs Attention,Active repeat,Develop loyalty
15627,2010-07-05 11:56:00,2010-09-08 14:14:00,2,566.9000000000001,283.45000000000005,457,523,True,2010-09-08 14:14:00,65.0,True,True,1,2,2,5,Hibernating,Dormant,Low-cost reactivation
15628,2009-12-13 13:39:00,2011-12-05 10:24:00,17,5333.08,313.7105882352941,5,726,True,2010-02-11 09:59:00,59.0,True,True,5,5,5,15,Champions,Active repeat,Protect high-value active
15629,2010-06-25 11:39:00,2010-09-15 13:46:00,4,2240.9,560.225,450,533,True,2010-07-30 11:52:00,35.0,True,True,1,3,4,8,At Risk,Dormant,Low-cost reactivation
15630,2010-03-05 14:30:00,2011-10-25 15:36:00,3,1481.4,493.8,45,644,True,2011-05-19 10:16:00,439.0,True,False,4,3,4,11,Potential Loyalists,Active repeat,Develop loyalty
15631,2010-03-07 14:52:00,2010-03-07 14:52:00,1,596.67,596.67,642,642,False,,,True,False,1,1,2,4,Hibernating,Dormant,Low-cost reactivation
15632,2011-03-10 08:29:00,2011-11-24 09:51:00,8,3285.31,410.66375,16,275,True,2011-03-31 11:53:00,21.0,True,True,5,4,5,14,Champions,Active repeat,Protect high-value active
15633,2009-12-08 17:51:00,2010-07-18 13:54:00,13,4335.96,333.5353846153846,509,731,True,2010-01-15 16:53:00,37.0,True,True,1,5,5,11,At Risk,Dormant,Low-cost reactivation
15634,2010-11-21 15:30:00,2011-11-22 16:28:00,2,554.6500000000001,277.32500000000005,17,383,True,2011-11-22 16:28:00,366.0,True,False,5,2,2,9,Potential Loyalists,Active repeat,Develop loyalty
15635,2010-11-09 08:58:00,2010-11-09 08:58:00,1,100.35,100.35,396,396,False,,,True,False,2,1,1,4,Hibernating,Dormant,Low-cost reactivation
15636,2010-05-19 11:37:00,2011-09-11 11:17:00,4,1444.58,361.145,90,570,True,2010-09-28 15:10:00,132.0,True,False,3,3,4,10,Needs Attention,Active repeat,Develop loyalty
15637,2009-12-15 17:54:00,2011-10-18 08:28:00,5,797.59,159.518,53,724,True,2010-03-09 10:02:00,83.0,True,True,4,4,3,11,Loyal Customers,Active repeat,Develop loyalty
15638,2010-04-08 14:37:00,2010-11-26 11:52:00,6,2265.2,377.5333333333333,379,610,True,2010-04-25 15:45:00,17.0,True,True,2,4,4,10,At Risk,Dormant,Low-cost reactivation
15639,2010-04-13 13:11:00,2011-07-28 14:30:00,3,1065.08,355.02666666666664,134,605,True,2010-09-14 09:05:00,153.0,True,False,3,3,3,9,Needs Attention,At risk,Test win-back
15640,2009-12-14 16:36:00,2011-12-05 14:35:00,29,23494.31,810.1486206896552,4,725,True,2010-01-08 16:42:00,25.0,True,True,5,5,5,15,Champions,Active repeat,Protect high-value active
15641,2009-12-06 15:31:00,2011-08-26 14:04:00,12,5345.55,445.46250000000003,105,733,True,2009-12-15 17:25:00,9.0,True,True,3,5,5,13,Loyal Customers,At risk,Win back high-value
15642,2009-12-10 11:51:00,2009-12-10 11:51:00,1,105.78000000000002,105.78000000000002,730,730,False,,,True,False,1,1,1,3,Hibernating,Dormant,Low-cost reactivation
15643,2011-03-02 14:34:00,2011-06-01 07:38:00,3,664.0,221.33333333333334,192,282,True,2011-06-01 07:37:00,90.0,True,True,2,3,3,8,At Risk,Dormant,Low-cost reactivation
15644,2011-03-23 15:37:00,2011-06-26 14:54:00,4,803.54,200.885,166,261,True,2011-03-23 16:00:00,0.0,True,True,3,3,3,9,Needs Attention,At risk,Test win-back
15645,2010-10-10 12:51:00,2011-11-21 11:55:00,3,1055.17,351.72333333333336,19,425,True,2010-10-21 18:36:00,11.0,True,True,5,3,3,11,Potential Loyalists,Active repeat,Develop loyalty
15646,2010-10-25 13:06:00,2011-07-05 09:53:00,5,784.8100000000001,156.96200000000002,158,410,True,2010-11-10 14:37:00,16.0,True,True,3,4,3,10,Loyal Customers,At risk,Test win-back
15647,2010-10-20 15:09:00,2010-10-20 15:09:00,1,169.0,169.0,415,415,False,,,True,False,1,1,1,3,Hibernating,Dormant,Low-cost reactivation
15648,2011-03-17 18:59:00,2011-05-19 15:53:00,2,639.5,319.75,204,267,True,2011-05-19 15:53:00,62.0,True,True,2,2,3,7,Hibernating,Dormant,Low-cost reactivation
15649,2010-11-17 16:22:00,2011-01-07 13:34:00,4,1660.35,415.0875,336,387,True,2010-11-29 16:34:00,12.0,True,True,2,3,4,9,At Risk,Dormant,Low-cost reactivation
15650,2010-03-21 11:46:00,2010-07-06 10:41:00,2,553.88,276.94,522,629,True,2010-07-06 10:41:00,106.0,True,False,1,2,2,5,Hibernating,Dormant,Low-cost reactivation
15651,2010-04-22 13:26:00,2011-11-03 08:41:00,5,1259.06,251.81199999999998,37,596,True,2010-10-15 13:42:00,176.0,True,False,4,4,4,12,Champions,Active repeat,Develop loyalty
15652,2010-08-11 16:58:00,2011-09-09 14:22:00,5,1405.94,281.188,91,485,True,2010-10-04 17:07:00,54.0,True,True,3,4,4,11,Loyal Customers,At risk,Test win-back
15653,2011-08-16 09:50:00,2011-09-08 10:49:00,2,877.4399999999999,438.71999999999997,93,116,True,2011-09-08 10:49:00,23.0,True,True,3,2,3,8,Needs Attention,At risk,Test win-back
15654,2011-11-13 15:15:00,2011-11-30 13:08:00,2,922.53,461.265,9,26,True,2011-11-30 13:08:00,16.0,False,False,5,2,3,10,Potential Loyalists,Active repeat,Develop loyalty
15655,2011-04-10 15:25:00,2011-04-10 15:25:00,1,560.67,560.67,243,243,False,,,True,False,2,1,2,5,Hibernating,Dormant,Low-cost reactivation
15656,2011-02-28 15:32:00,2011-10-25 14:56:00,4,748.5,187.125,45,284,True,2011-05-03 12:17:00,63.0,True,True,4,3,3,10,Potential Loyalists,Active repeat,Develop loyalty
15657,2011-11-17 12:19:00,2011-11-17 12:19:00,1,30.0,30.0,23,23,False,,,False,False,4,1,1,6,New Customers,New,Drive second purchase
15658,2009-12-03 11:19:00,2011-06-02 15:22:00,8,2117.27,264.65875,190,737,True,2010-07-28 12:34:00,237.0,True,False,2,4,4,10,At Risk,Dormant,Low-cost reactivation
15659,2010-02-24 13:32:00,2011-10-27 09:23:00,3,532.49,177.49666666666667,44,653,True,2010-11-18 10:51:00,266.0,True,False,4,3,2,9,Potential Loyalists,Active repeat,Develop loyalty
15660,2010-02-05 16:01:00,2011-11-14 16:58:00,15,2603.69,173.57933333333332,25,672,True,2010-03-31 12:44:00,53.0,True,True,4,5,4,13,Champions,Active repeat,Protect high-value active
15661,2010-05-10 07:59:00,2011-01-26 13:56:00,8,1215.9499999999998,151.99374999999998,317,579,True,2010-07-19 15:15:00,70.0,True,True,2,4,3,9,At Risk,Dormant,Low-cost reactivation
15662,2009-12-01 13:49:00,2010-02-16 16:47:00,2,283.73,141.865,661,738,True,2010-02-16 16:47:00,77.0,True,True,1,2,1,4,Hibernating,Dormant,Low-cost reactivation
15663,2011-08-25 15:50:00,2011-08-25 15:50:00,1,138.14,138.14,106,106,False,,,True,False,3,1,1,5,Needs Attention,At risk,Test win-back
15664,2010-02-28 12:50:00,2011-10-20 10:57:00,4,1254.03,313.5075,51,650,True,2010-05-07 08:17:00,67.0,True,True,4,3,4,11,Potential Loyalists,Active repeat,Develop loyalty
15665,2010-03-14 15:07:00,2011-06-24 14:57:00,5,3987.0699999999997,797.414,168,635,True,2010-08-22 13:41:00,160.0,True,False,3,4,5,12,Loyal Customers,At risk,Win back high-value
15666,2010-08-01 15:41:00,2010-08-24 16:14:00,2,632.94,316.47,472,495,True,2010-08-24 16:14:00,23.0,True,True,1,2,3,6,Hibernating,Dormant,Low-cost reactivation
15667,2011-10-31 10:56:00,2011-10-31 10:56:00,1,301.32,301.32,40,40,False,,,False,False,4,1,2,7,New Customers,New,Drive second purchase
15668,2011-05-06 10:39:00,2011-05-06 10:39:00,1,76.32000000000001,76.32000000000001,218,218,False,,,True,False,2,1,1,4,Hibernating,Dormant,Low-cost reactivation
15669,2011-03-21 09:13:00,2011-10-30 16:03:00,4,684.34,171.085,40,264,True,2011-06-16 17:12:00,87.0,True,True,4,3,3,10,Potential Loyalists,Active repeat,Develop loyalty
15670,2010-06-01 15:34:00,2011-02-16 10:50:00,2,325.20000000000005,162.60000000000002,297,556,True,2011-02-16 10:50:00,259.0,True,False,2,2,2,6,Hibernating,Dormant,Low-cost reactivation
15671,2011-03-14 09:37:00,2011-11-21 12:43:00,7,2657.13,379.59000000000003,19,271,True,2011-03-16 14:31:00,2.0,True,True,5,4,4,13,Champions,Active repeat,Protect high-value active
15672,2009-12-14 16:52:00,2009-12-14 16:52:00,1,45.300000000000004,45.300000000000004,725,725,False,,,True,False,1,1,1,3,Hibernating,Dormant,Low-cost reactivation
15673,2010-02-22 14:28:00,2011-09-12 16:12:00,9,6204.32,689.3688888888888,88,655,True,2010-04-08 13:18:00,44.0,True,True,3,5,5,13,Loyal Customers,Active repeat,Protect high-value active
15674,2009-12-08 17:08:00,2011-09-27 15:17:00,13,6948.23,534.4792307692308,73,731,True,2010-02-25 12:18:00,78.0,True,True,3,5,5,13,Loyal Customers,Active repeat,Protect high-value active
15675,2010-10-31 14:14:00,2011-09-19 13:48:00,4,542.04,135.51,81,404,True,2011-03-04 14:21:00,124.0,True,False,3,3,2,8,Needs Attention,Active repeat,Develop loyalty
15676,2011-03-01 10:19:00,2011-11-21 12:40:00,3,3435.76,1145.2533333333333,19,284,True,2011-11-04 14:19:00,248.0,True,False,5,3,5,13,Potential Loyalists,Active repeat,Protect high-value active
15677,2010-09-02 12:08:00,2011-10-21 15:36:00,3,1305.63,435.21000000000004,49,464,True,2010-10-14 15:19:00,42.0,True,True,4,3,4,11,Potential Loyalists,Active repeat,Develop loyalty
15678,2010-07-05 12:49:00,2011-10-18 09:25:00,3,1825.94,608.6466666666666,53,523,True,2010-11-09 14:38:00,127.0,True,False,4,3,4,11,Potential Loyalists,Active repeat,Develop loyalty
15679,2011-06-10 08:24:00,2011-11-15 16:19:00,4,781.28,195.32,24,183,True,2011-07-08 13:31:00,28.0,True,True,4,3,3,10,Potential Loyalists,Active repeat,Develop loyalty
15680,2009-12-02 12:15:00,2011-11-30 13:46:00,10,4028.69,402.869,9,738,True,2010-01-24 15:14:00,53.0,True,True,5,5,5,15,Champions,Active repeat,Protect high-value active
15681,2010-05-24 14:18:00,2011-11-14 16:30:00,14,2989.7,213.54999999999998,25,564,True,2010-06-07 16:48:00,14.0,True,True,4,5,5,14,Champions,Active repeat,Protect high-value active
15682,2010-01-21 14:37:00,2010-04-19 15:30:00,2,318.24,159.12,599,687,True,2010-04-19 15:30:00,88.0,True,True,1,2,2,5,Hibernating,Dormant,Low-cost reactivation
15683,2010-08-23 12:01:00,2011-08-14 12:56:00,2,524.54,262.27,117,474,True,2011-08-14 12:56:00,356.0,True,False,3,2,2,7,Needs Attention,At risk,Test win-back
15684,2009-12-04 16:13:00,2010-06-10 18:51:00,3,173.95,57.98333333333333,547,735,True,2010-01-07 11:21:00,33.0,True,True,1,3,1,5,At Risk,Dormant,Low-cost reactivation
15685,2010-09-15 13:43:00,2010-09-15 13:43:00,1,55.980000000000004,55.980000000000004,450,450,False,,,True,False,1,1,1,3,Hibernating,Dormant,Low-cost reactivation
15686,2010-10-15 13:50:00,2010-10-15 13:50:00,1,90.0,90.0,420,420,False,,,True,False,1,1,1,3,Hibernating,Dormant,Low-cost reactivation
15687,2011-01-13 15:13:00,2011-12-01 08:33:00,9,2993.1,332.56666666666666,9,330,True,2011-02-01 13:15:00,18.0,True,True,5,5,5,15,Champions,Active repeat,Protect high-value active
15688,2010-10-17 12:06:00,2010-10-17 12:06:00,1,190.57,190.57,419,419,False,,,True,False,1,1,1,3,Hibernating,Dormant,Low-cost reactivation
15689,2010-04-01 09:53:00,2011-08-12 09:37:00,3,521.03,173.67666666666665,120,618,True,2010-12-13 09:57:00,256.0,True,False,3,3,2,8,Needs Attention,At risk,Test win-back
15690,2011-08-31 11:40:00,2011-12-05 15:59:00,2,239.76,119.88,4,101,True,2011-12-05 15:59:00,96.0,True,False,5,2,1,8,Potential Loyalists,Active repeat,Develop loyalty
15691,2009-12-06 16:01:00,2011-04-01 15:13:00,4,571.3,142.825,252,733,True,2010-04-29 11:53:00,143.0,True,False,2,3,2,7,At Risk,Dormant,Low-cost reactivation
15692,2011-11-11 14:12:00,2011-11-11 14:12:00,1,191.04,191.04,28,28,False,,,False,False,4,1,1,6,New Customers,New,Drive second purchase
15693,2010-02-18 14:37:00,2010-02-18 14:37:00,1,37.5,37.5,659,659,False,,,True,False,1,1,1,3,Hibernating,Dormant,Low-cost reactivation
15694,2009-12-07 15:43:00,2011-12-09 09:44:00,24,9978.48,415.77,1,732,True,2010-04-23 14:03:00,136.0,True,False,5,5,5,15,Champions,Active repeat,Protect high-value active
15695,2010-01-27 10:56:00,2011-03-18 08:32:00,4,1131.04,282.76,267,682,True,2010-04-21 10:36:00,83.0,True,True,2,3,3,8,At Risk,Dormant,Low-cost reactivation
15696,2010-01-24 14:36:00,2011-11-06 14:02:00,13,3881.2200000000003,298.55538461538464,33,684,True,2010-03-11 12:17:00,45.0,True,True,4,5,5,14,Champions,Active repeat,Protect high-value active
15697,2010-01-19 09:10:00,2010-01-19 09:10:00,1,246.75,246.75,690,690,False,,,True,False,1,1,1,3,Hibernating,Dormant,Low-cost reactivation
15698,2010-03-25 17:38:00,2010-03-25 17:38:00,1,46.2,46.2,624,624,False,,,True,False,1,1,1,3,Hibernating,Dormant,Low-cost reactivation
15699,2011-11-22 08:26:00,2011-11-22 08:26:00,1,309.65,309.65,18,18,False,,,False,False,5,1,2,8,New Customers,New,Drive second purchase
15700,2011-06-19 15:36:00,2011-06-20 16:53:00,2,696.68,348.34,172,173,True,2011-06-20 16:53:00,1.0,True,True,3,2,3,8,Needs Attention,At risk,Test win-back
15701,2011-08-21 12:36:00,2011-12-07 14:39:00,4,1529.0,382.25,2,111,True,2011-09-27 10:41:00,36.0,True,True,5,3,4,12,Potential Loyalists,Active repeat,Develop loyalty
15702,2010-01-26 17:23:00,2010-08-20 14:50:00,2,140.39000000000001,70.19500000000001,476,682,True,2010-08-20 14:50:00,205.0,True,False,1,2,1,4,Hibernating,Dormant,Low-cost reactivation
15703,2011-03-20 10:51:00,2011-03-20 10:51:00,1,211.5,211.5,265,265,False,,,True,False,2,1,1,4,Hibernating,Dormant,Low-cost reactivation
15704,2010-05-05 14:51:00,2011-07-22 13:35:00,6,3734.66,622.4433333333333,140,583,True,2010-07-25 15:00:00,81.0,True,True,3,4,5,12,Loyal Customers,At risk,Win back high-value
15705,2011-05-22 15:37:00,2011-05-22 15:37:00,1,143.1,143.1,201,201,False,,,True,False,2,1,1,4,Hibernating,Dormant,Low-cost reactivation
15706,2011-08-15 14:32:00,2011-10-07 10:09:00,4,1060.56,265.14,64,116,True,2011-09-25 12:45:00,40.0,True,True,3,3,3,9,Needs Attention,Active repeat,Develop loyalty
15707,2011-09-14 14:19:00,2011-11-04 14:35:00,4,916.98,229.245,35,86,True,2011-10-06 15:53:00,22.0,False,False,4,3,3,10,Potential Loyalists,Active repeat,Develop loyalty
15708,2010-10-10 11:33:00,2011-10-30 10:54:00,9,3887.15,431.90555555555557,41,426,True,2010-11-14 11:01:00,34.0,True,True,4,5,5,14,Champions,Active repeat,Protect high-value active
15709,2010-04-29 18:31:00,2011-03-01 10:38:00,2,327.85,163.925,284,589,True,2011-03-01 10:38:00,305.0,True,False,2,2,2,6,Hibernating,Dormant,Low-cost reactivation
15710,2010-10-18 17:05:00,2010-10-18 17:05:00,1,898.87,898.87,417,417,False,,,True,False,1,1,3,5,Hibernating,Dormant,Low-cost reactivation
15711,2010-01-24 12:13:00,2010-06-01 12:14:00,2,420.25,210.125,557,685,True,2010-06-01 12:14:00,128.0,True,False,1,2,2,5,Hibernating,Dormant,Low-cost reactivation
15712,2009-12-01 11:17:00,2011-11-30 14:09:00,12,3472.4100000000003,289.3675,9,739,True,2010-01-06 13:08:00,36.0,True,True,5,5,5,15,Champions,Active repeat,Protect high-value active
15713,2009-12-16 09:41:00,2011-07-19 13:34:00,4,839.6400000000001,209.91000000000003,143,724,True,2010-03-30 10:26:00,104.0,True,False,3,3,3,9,Needs Attention,At risk,Test win-back
15714,2010-06-02 12:08:00,2011-11-28 11:26:00,5,783.96,156.792,12,556,True,2010-06-08 08:37:00,5.0,True,True,5,4,3,12,Loyal Customers,Active repeat,Develop loyalty
15715,2010-03-30 12:17:00,2010-06-02 09:56:00,5,658.02,131.60399999999998,556,620,True,2010-04-22 15:33:00,23.0,True,True,1,4,3,8,At Risk,Dormant,Low-cost reactivation
15716,2009-12-07 12:42:00,2011-07-17 11:59:00,11,2485.26,225.9327272727273,146,733,True,2010-03-23 12:11:00,105.0,True,False,3,5,4,12,Loyal Customers,At risk,Win back high-value
15717,2010-04-26 10:41:00,2011-04-19 13:21:00,5,607.0,121.4,234,593,True,2010-06-24 13:43:00,59.0,True,True,2,4,2,8,At Risk,Dormant,Low-cost reactivation
15718,2010-06-17 16:20:00,2010-06-17 16:20:00,1,293.79,293.79,540,540,False,,,True,False,1,1,2,4,Hibernating,Dormant,Low-cost reactivation
15719,2009-12-01 12:47:00,2011-11-07 12:29:00,31,10195.97,328.9022580645161,33,739,True,2009-12-10 12:03:00,8.0,True,True,4,5,5,14,Champions,Active repeat,Protect high-value active
15720,2010-06-07 15:40:00,2011-11-15 14:48:00,2,739.22,369.61,24,550,True,2011-11-15 14:48:00,525.0,True,False,4,2,3,9,Potential Loyalists,Active repeat,Develop loyalty
15721,2011-11-28 12:14:00,2011-11-28 12:14:00,1,471.40000000000003,471.40000000000003,12,12,False,,,False,False,5,1,2,8,New Customers,New,Drive second purchase
15722,2010-03-09 15:05:00,2011-11-04 11:43:00,11,5234.0,475.8181818181818,36,640,True,2010-03-25 17:34:00,16.0,True,True,4,5,5,14,Champions,Active repeat,Protect high-value active
15723,2010-05-14 12:55:00,2010-12-10 11:12:00,4,930.7,232.675,365,574,True,2010-09-16 10:43:00,124.0,True,False,2,3,3,8,At Risk,Dormant,Low-cost reactivation
15724,2010-11-04 10:22:00,2011-05-22 14:40:00,3,310.85,103.61666666666667,201,401,True,2011-02-28 10:40:00,116.0,True,False,2,3,2,7,At Risk,Dormant,Low-cost reactivation
15725,2011-11-24 14:51:00,2011-11-24 14:51:00,1,415.25,415.25,15,15,False,,,False,False,5,1,2,8,New Customers,New,Drive second purchase
15726,2010-11-14 16:12:00,2010-11-14 16:12:00,1,321.91,321.91,390,390,False,,,True,False,2,1,2,5,Hibernating,Dormant,Low-cost reactivation
15727,2010-01-24 12:12:00,2011-11-23 12:36:00,15,9371.710000000001,624.7806666666668,17,685,True,2010-05-19 11:39:00,114.0,True,False,5,5,5,15,Champions,Active repeat,Protect high-value active
15728,2010-09-21 14:46:00,2010-11-25 10:39:00,2,544.6,272.3,380,444,True,2010-11-25 10:39:00,64.0,True,True,2,2,2,6,Hibernating,Dormant,Low-cost reactivation
15729,2010-11-01 13:44:00,2011-05-11 12:36:00,3,192.55,64.18333333333334,213,403,True,2010-11-04 16:07:00,3.0,True,True,2,3,1,6,At Risk,Dormant,Low-cost reactivation
15730,2010-10-04 14:15:00,2011-10-05 12:31:00,5,1726.58,345.316,66,431,True,2010-11-23 10:41:00,49.0,True,True,3,4,4,11,Loyal Customers,Active repeat,Develop loyalty
15731,2010-06-04 10:10:00,2010-06-04 10:10:00,1,125.3,125.3,554,554,False,,,True,False,1,1,1,3,Hibernating,Dormant,Low-cost reactivation
15732,2010-02-04 10:10:00,2011-05-11 14:24:00,10,1543.97,154.397,212,674,True,2010-02-23 11:29:00,19.0,True,True,2,5,4,11,At Risk,Dormant,Low-cost reactivation
15733,2011-03-02 09:05:00,2011-03-02 09:05:00,1,162.3,162.3,283,283,False,,,True,False,2,1,1,4,Hibernating,Dormant,Low-cost reactivation
15734,2010-06-10 14:25:00,2011-08-17 10:50:00,4,2263.3,565.825,115,547,True,2010-09-29 11:40:00,110.0,True,False,3,3,4,10,Needs Attention,At risk,Win back high-value
15735,2010-10-14 13:38:00,2010-10-14 13:38:00,1,327.68,327.68,421,421,False,,,True,False,1,1,2,4,Hibernating,Dormant,Low-cost reactivation
15736,2010-09-30 14:19:00,2010-09-30 14:20:00,2,1767.12,883.56,435,435,True,2010-09-30 14:20:00,0.0,True,True,1,2,4,7,Hibernating,Dormant,Low-cost reactivation
15737,2011-04-11 10:01:00,2011-11-25 11:21:00,8,1188.1200000000001,148.51500000000001,15,243,True,2011-06-03 14:33:00,53.0,True,True,5,4,3,12,Loyal Customers,Active repeat,Develop loyalty
15738,2009-12-10 15:52:00,2011-11-21 08:26:00,41,13043.32,318.12975609756097,19,729,True,2010-01-11 09:53:00,31.0,True,True,5,5,5,15,Champions,Active repeat,Protect high-value active
15739,2011-10-04 13:42:00,2011-10-04 13:42:00,1,449.12,449.12,66,66,False,,,False,False,3,1,2,6,Needs Attention,New,Drive second purchase
15740,2011-10-21 14:29:00,2011-10-21 14:29:00,1,154.88,154.88,49,49,False,,,False,False,4,1,1,6,New Customers,New,Drive second purchase
15741,2010-03-31 11:55:00,2010-09-07 16:21:00,2,208.62,104.31,458,619,True,2010-09-07 16:21:00,160.0,True,False,1,2,1,4,Hibernating,Dormant,Low-cost reactivation
15742,2010-03-30 15:25:00,2010-03-30 15:25:00,1,156.87,156.87,619,619,False,,,True,False,1,1,1,3,Hibernating,Dormant,Low-cost reactivation
15743,2011-06-08 10:14:00,2011-11-23 17:19:00,4,775.96,193.99,16,185,True,2011-08-18 12:43:00,71.0,True,True,5,3,3,11,Potential Loyalists,Active repeat,Develop loyalty
15744,2011-09-23 09:52:00,2011-09-23 09:52:00,1,34.8,34.8,78,78,False,,,False,False,3,1,1,5,Needs Attention,New,Drive second purchase
15745,2011-04-17 13:04:00,2011-11-20 13:45:00,4,1094.5900000000001,273.64750000000004,19,236,True,2011-09-27 10:24:00,162.0,True,False,5,3,3,11,Potential Loyalists,Active repeat,Develop loyalty
15746,2011-07-28 15:21:00,2011-07-28 15:21:00,1,196.88,196.88,134,134,False,,,True,False,3,1,1,5,Needs Attention,At risk,Test win-back
15747,2010-01-18 11:21:00,2011-11-27 12:26:00,9,2499.81,277.75666666666666,13,691,True,2010-04-23 16:02:00,95.0,True,False,5,5,4,14,Champions,Active repeat,Protect high-value active
15748,2010-09-16 16:52:00,2011-10-30 12:51:00,3,609.8100000000001,203.27,40,449,True,2010-09-16 16:55:00,0.0,True,True,4,3,3,10,Potential Loyalists,Active repeat,Develop loyalty
15749,2011-01-11 12:55:00,2011-04-18 13:20:00,3,44534.3,14844.766666666668,235,332,True,2011-01-11 12:57:00,0.0,True,True,2,3,5,10,At Risk,Dormant,Low-cost reactivation
15750,2009-12-01 17:19:00,2011-12-07 12:34:00,18,6452.991,358.4995,3,738,True,2009-12-16 16:02:00,14.0,True,True,5,5,5,15,Champions,Active repeat,Protect high-value active
15751,2009-12-06 13:08:00,2010-09-05 12:44:00,11,1380.44,125.49454545454546,461,733,True,2009-12-06 13:21:00,0.0,True,True,1,5,4,10,At Risk,Dormant,Low-cost reactivation
15752,2010-09-08 11:56:00,2011-10-31 11:37:00,9,3924.91,436.1011111111111,40,458,True,2010-11-03 14:22:00,56.0,True,True,4,5,5,14,Champions,Active repeat,Protect high-value active
15753,2011-02-08 12:41:00,2011-02-08 12:41:00,1,79.2,79.2,305,305,False,,,True,False,2,1,1,4,Hibernating,Dormant,Low-cost reactivation
15754,2010-02-22 13:31:00,2011-10-19 14:40:00,9,3037.61,337.51222222222225,51,655,True,2010-03-04 09:37:00,9.0,True,True,4,5,5,14,Champions,Active repeat,Protect high-value active
15755,2009-12-04 08:24:00,2011-11-29 14:57:00,17,5993.12,352.53647058823526,10,736,True,2010-01-13 13:55:00,40.0,True,True,5,5,5,15,Champions,Active repeat,Protect high-value active
15756,2011-04-04 14:00:00,2011-10-09 13:30:00,4,528.01,132.0025,61,249,True,2011-05-10 14:20:00,36.0,True,True,3,3,2,8,Needs Attention,Active repeat,Develop loyalty
15757,2010-06-10 13:47:00,2011-10-05 12:14:00,6,2940.36,490.06,66,547,True,2010-08-04 12:22:00,54.0,True,True,3,4,5,12,Loyal Customers,Active repeat,Protect high-value active
15758,2011-11-15 10:48:00,2011-11-15 10:48:00,1,205.25,205.25,25,25,False,,,False,False,4,1,1,6,New Customers,New,Drive second purchase
15759,2009-12-02 10:08:00,2011-05-05 15:13:00,7,830.9300000000001,118.70428571428572,218,738,True,2010-05-14 12:44:00,163.0,True,False,2,4,3,9,At Risk,Dormant,Low-cost reactivation
15760,2010-03-19 11:35:00,2010-03-19 11:45:00,2,13916.34,6958.17,631,631,True,2010-03-19 11:45:00,0.0,True,True,1,2,5,8,Hibernating,Dormant,Low-cost reactivation
15761,2010-09-23 09:33:00,2010-09-23 09:33:00,1,143.05,143.05,443,443,False,,,True,False,1,1,1,3,Hibernating,Dormant,Low-cost reactivation
15762,2011-09-23 15:17:00,2011-10-05 16:15:00,2,583.75,291.875,65,77,True,2011-10-05 16:15:00,12.0,False,False,3,2,2,7,Needs Attention,Active repeat,Develop loyalty
15763,2011-09-23 12:10:00,2011-11-08 09:44:00,2,1086.92,543.46,32,78,True,2011-11-08 09:44:00,45.0,False,False,4,2,3,9,Potential Loyalists,Active repeat,Develop loyalty
15764,2010-08-18 13:58:00,2011-09-12 17:58:00,8,4503.08,562.885,88,478,True,2010-10-01 14:07:00,44.0,True,True,3,4,5,12,Loyal Customers,Active repeat,Protect high-value active
15765,2010-02-11 10:25:00,2010-02-11 10:25:00,1,370.63,370.63,667,667,False,,,True,False,1,1,2,4,Hibernating,Dormant,Low-cost reactivation
15766,2010-01-26 15:55:00,2011-10-06 17:03:00,3,831.06,277.02,64,682,True,2010-09-09 13:51:00,225.0,True,False,3,3,3,9,Needs Attention,Active repeat,Develop loyalty
15768,2009-12-03 12:10:00,2011-08-16 10:48:00,34,15308.89,450.2614705882353,116,737,True,2009-12-09 12:18:00,6.0,True,True,3,5,5,13,Loyal Customers,At risk,Win back high-value
15769,2009-12-11 09:58:00,2011-12-02 13:52:00,46,88612.52,1926.3591304347826,7,729,True,2010-01-11 09:55:00,30.0,True,True,5,5,5,15,Champions,Active repeat,Protect high-value active
15770,2010-04-06 11:47:00,2010-04-06 11:47:00,1,321.45,321.45,613,613,False,,,True,False,1,1,2,4,Hibernating,Dormant,Low-cost reactivation
15771,2010-01-15 12:14:00,2010-04-14 13:56:00,3,1006.54,335.5133333333333,604,694,True,2010-04-06 12:20:00,81.0,True,True,1,3,3,7,At Risk,Dormant,Low-cost reactivation
15772,2010-10-17 13:33:00,2010-10-17 13:33:00,1,280.88,280.88,418,418,False,,,True,False,1,1,1,3,Hibernating,Dormant,Low-cost reactivation
15773,2010-10-26 15:27:00,2011-12-04 12:48:00,2,774.5200000000001,387.26000000000005,6,409,True,2011-12-04 12:48:00,403.0,True,False,5,2,3,10,Potential Loyalists,Active repeat,Develop loyalty
15774,2010-02-21 12:57:00,2011-10-02 12:04:00,6,1288.34,214.72333333333333,69,656,True,2010-04-06 09:58:00,43.0,True,True,3,4,4,11,Loyal Customers,Active repeat,Develop loyalty
15775,2010-03-18 07:32:00,2011-04-08 12:56:00,2,150.5,75.25,245,632,True,2011-04-08 12:56:00,386.0,True,False,2,2,1,5,Hibernating,Dormant,Low-cost reactivation
15776,2011-07-29 13:46:00,2011-07-29 13:46:00,1,241.62,241.62,133,133,False,,,True,False,3,1,1,5,Needs Attention,At risk,Test win-back
15777,2010-05-20 10:37:00,2011-04-12 16:43:00,7,1762.61,251.80142857142854,241,569,True,2010-10-18 15:45:00,151.0,True,False,2,4,4,10,At Risk,Dormant,Low-cost reactivation
15778,2010-10-04 15:10:00,2010-10-04 15:10:00,1,307.95,307.95,431,431,False,,,True,False,1,1,2,4,Hibernating,Dormant,Low-cost reactivation
15779,2010-06-25 15:55:00,2010-09-02 16:40:00,2,124.08,62.04,463,532,True,2010-09-02 16:40:00,69.0,True,True,1,2,1,4,Hibernating,Dormant,Low-cost reactivation
15780,2010-12-17 11:43:00,2011-06-09 12:01:00,3,475.28000000000003,158.42666666666668,184,358,True,2011-04-11 09:18:00,114.0,True,False,3,3,2,8,Needs Attention,Dormant,Low-cost reactivation
15781,2011-02-07 09:15:00,2011-11-14 14:57:00,3,345.46000000000004,115.15333333333335,25,306,True,2011-07-25 12:25:00,168.0,True,False,4,3,2,9,Potential Loyalists,Active repeat,Develop loyalty
15782,2010-10-05 15:43:00,2011-11-30 10:49:00,4,4014.1,1003.525,10,430,True,2011-09-11 14:29:00,340.0,True,False,5,3,5,13,Potential Loyalists,Active repeat,Protect high-value active
15783,2011-11-29 09:50:00,2011-11-29 09:50:00,1,246.3,246.3,11,11,False,,,False,False,5,1,1,7,New Customers,New,Drive second purchase
15784,2010-02-05 14:42:00,2010-08-29 10:38:00,2,848.3299999999999,424.16499999999996,468,672,True,2010-08-29 10:38:00,204.0,True,False,1,2,3,6,Hibernating,Dormant,Low-cost reactivation
15785,2009-12-15 16:28:00,2011-11-07 11:33:00,16,5969.93,373.120625,33,724,True,2010-01-29 12:32:00,44.0,True,True,4,5,5,14,Champions,Active repeat,Protect high-value active
15786,2010-06-21 10:13:00,2011-10-24 14:13:00,5,8501.62,1700.324,46,537,True,2010-10-18 08:11:00,118.0,True,False,4,4,5,13,Champions,Active repeat,Protect high-value active
15787,2011-10-09 13:11:00,2011-11-13 14:55:00,3,933.26,311.08666666666664,26,61,True,2011-11-13 14:48:00,35.0,False,False,4,3,3,10,Potential Loyalists,Active repeat,Develop loyalty
15788,2010-07-19 12:48:00,2010-07-19 12:48:00,1,221.82999999999998,221.82999999999998,509,509,False,,,True,False,1,1,1,3,Hibernating,Dormant,Low-cost reactivation
15789,2010-03-26 11:21:00,2010-12-16 14:35:00,6,1962.01,327.00166666666667,358,624,True,2010-06-15 11:33:00,81.0,True,True,2,4,4,10,At Risk,Dormant,Low-cost reactivation
15790,2011-11-29 14:53:00,2011-11-29 14:53:00,1,218.75,218.75,10,10,False,,,False,False,5,1,1,7,New Customers,New,Drive second purchase
15791,2010-03-08 09:41:00,2011-10-27 10:14:00,5,3608.34,721.668,44,642,True,2010-04-28 11:29:00,51.0,True,True,4,4,5,13,Champions,Active repeat,Protect high-value active
15792,2010-03-31 09:42:00,2010-11-05 08:21:00,2,933.84,466.92,400,619,True,2010-11-05 08:21:00,218.0,True,False,2,2,3,7,Hibernating,Dormant,Low-cost reactivation
15793,2009-12-01 12:54:00,2011-11-25 09:31:00,8,2399.57,299.94625,15,738,True,2010-03-23 08:40:00,111.0,True,False,5,4,4,13,Champions,Active repeat,Protect high-value active
15794,2009-12-02 15:10:00,2009-12-03 13:04:00,2,777.0,388.5,736,737,True,2009-12-03 13:04:00,0.0,True,True,1,2,3,6,Hibernating,Dormant,Low-cost reactivation
15795,2010-01-18 11:31:00,2011-07-13 10:43:00,8,1979.87,247.48375,150,691,True,2010-02-14 12:57:00,27.0,True,True,3,4,4,11,Loyal Customers,At risk,Test win-back
15796,2010-03-31 13:10:00,2011-12-08 19:55:00,17,5171.63,304.21352941176474,1,618,True,2010-04-18 10:39:00,17.0,True,True,5,5,5,15,Champions,Active repeat,Protect high-value active
15797,2010-01-27 13:12:00,2011-08-18 17:04:00,6,2821.08,470.18,113,681,True,2010-05-07 15:09:00,100.0,True,False,3,4,4,11,Loyal Customers,At risk,Win back high-value
15798,2010-01-27 11:55:00,2010-08-04 09:13:00,3,1535.37,511.78999999999996,493,682,True,2010-03-04 09:08:00,35.0,True,True,1,3,4,8,At Risk,Dormant,Low-cost reactivation
15799,2010-10-17 14:26:00,2011-09-25 12:46:00,4,1421.34,355.335,76,418,True,2011-01-09 15:13:00,84.0,True,True,3,3,4,10,Needs Attention,Active repeat,Develop loyalty
15800,2010-03-31 13:17:00,2011-08-24 14:23:00,7,1227.07,175.29571428571427,107,618,True,2010-03-31 13:22:00,0.0,True,True,3,4,4,11,Loyal Customers,At risk,Test win-back
15801,2011-08-22 09:53:00,2011-10-24 13:52:00,3,1063.95,354.65000000000003,46,110,True,2011-10-10 15:42:00,49.0,True,True,4,3,3,10,Potential Loyalists,Active repeat,Develop loyalty
15802,2011-07-20 11:38:00,2011-07-20 11:38:00,1,451.42,451.42,143,143,False,,,True,False,3,1,2,6,Needs Attention,At risk,Test win-back
15803,2010-02-01 16:29:00,2011-10-19 14:56:00,4,1929.6599999999999,482.41499999999996,51,676,True,2010-09-02 08:42:00,212.0,True,False,4,3,4,11,Potential Loyalists,Active repeat,Develop loyalty
15804,2011-05-25 10:12:00,2011-12-09 12:31:00,13,4206.39,323.5684615384616,1,199,True,2011-06-22 10:28:00,28.0,True,True,5,5,5,15,Champions,Active repeat,Protect high-value active
15805,2009-12-10 12:57:00,2011-11-16 16:32:00,30,10148.93,338.29766666666666,23,729,True,2010-01-26 11:39:00,46.0,True,True,4,5,5,14,Champions,Active repeat,Protect high-value active
15806,2011-03-08 09:24:00,2011-10-24 14:35:00,3,784.58,261.5266666666667,46,277,True,2011-07-05 12:15:00,119.0,True,False,4,3,3,10,Potential Loyalists,Active repeat,Develop loyalty
15807,2010-02-11 15:32:00,2011-10-20 14:10:00,5,1817.52,363.504,50,666,True,2010-10-27 13:04:00,257.0,True,False,4,4,4,12,Champions,Active repeat,Develop loyalty
15808,2009-12-01 16:30:00,2011-02-06 14:33:00,21,17180.25,818.1071428571429,306,738,True,2009-12-15 14:10:00,13.0,True,True,2,5,5,12,At Risk,Dormant,Low-cost reactivation
15809,2010-06-22 14:23:00,2011-11-03 16:40:00,7,1274.44,182.06285714285715,36,535,True,2010-09-06 13:20:00,75.0,True,True,4,4,4,12,Champions,Active repeat,Develop loyalty
15810,2010-02-04 18:18:00,2011-09-22 09:38:00,8,2999.04,374.88,79,673,True,2010-03-22 10:08:00,45.0,True,True,3,4,5,12,Loyal Customers,Active repeat,Protect high-value active
15811,2010-11-16 16:46:00,2011-11-17 15:31:00,7,3486.15,498.0214285714286,22,388,True,2010-12-09 15:29:00,22.0,True,True,4,4,5,13,Champions,Active repeat,Protect high-value active
15812,2009-12-15 13:40:00,2011-08-24 14:19:00,12,5201.47,433.4558333333334,107,724,True,2010-01-20 12:33:00,35.0,True,True,3,5,5,13,Loyal Customers,At risk,Win back high-value
15813,2011-04-14 09:09:00,2011-05-16 08:13:00,2,1303.9099999999999,651.9549999999999,208,240,True,2011-05-16 08:13:00,31.0,True,True,2,2,4,8,Hibernating,Dormant,Low-cost reactivation
15814,2010-04-15 14:31:00,2011-11-23 08:17:00,6,2634.44,439.0733333333333,17,603,True,2010-11-11 17:55:00,210.0,True,False,5,4,4,13,Champions,Active repeat,Protect high-value active
15815,2011-03-25 08:43:00,2011-10-07 12:42:00,5,2100.6,420.12,64,260,True,2011-04-08 12:01:00,14.0,True,True,3,4,4,11,Loyal Customers,Active repeat,Develop loyalty
15816,2010-06-15 12:54:00,2010-06-15 13:36:00,2,144.14999999999998,72.07499999999999,542,542,True,2010-06-15 13:36:00,0.0,True,True,1,2,1,4,Hibernating,Dormant,Low-cost reactivation
15817,2010-06-14 13:31:00,2010-10-15 11:07:00,3,2766.3999999999996,922.1333333333332,421,543,True,2010-08-04 12:54:00,50.0,True,True,1,3,4,8,At Risk,Dormant,Low-cost reactivation
15818,2010-04-30 12:58:00,2010-04-30 12:58:00,1,340.5,340.5,588,588,False,,,True,False,1,1,2,4,Hibernating,Dormant,Low-cost reactivation
15819,2010-03-18 11:08:00,2011-10-21 14:50:00,10,3934.79,393.479,49,632,True,2010-03-18 11:09:00,0.0,True,True,4,5,5,14,Champions,Active repeat,Protect high-value active
15820,2011-01-24 12:00:00,2011-01-24 12:00:00,1,206.98,206.98,320,320,False,,,True,False,2,1,1,4,Hibernating,Dormant,Low-cost reactivation
15821,2011-10-09 13:28:00,2011-10-26 15:48:00,2,570.96,285.48,44,61,True,2011-10-26 15:48:00,17.0,False,False,4,2,2,8,Potential Loyalists,Active repeat,Develop loyalty
15822,2009-12-06 15:12:00,2011-12-06 14:50:00,6,1840.06,306.6766666666667,3,733,True,2010-05-05 11:27:00,149.0,True,False,5,4,4,13,Champions,Active repeat,Develop loyalty
15823,2009-12-08 15:12:00,2010-12-02 15:08:00,3,3882.17,1294.0566666666666,372,731,True,2009-12-10 18:03:00,2.0,True,True,2,3,5,10,At Risk,Dormant,Low-cost reactivation
15824,2010-06-25 15:10:00,2010-09-12 13:20:00,2,890.94,445.47,453,532,True,2010-09-12 13:20:00,78.0,True,True,1,2,3,6,Hibernating,Dormant,Low-cost reactivation
15825,2011-06-20 13:27:00,2011-06-20 13:27:00,1,532.94,532.94,172,172,False,,,True,False,3,1,2,6,Needs Attention,At risk,Test win-back
15826,2010-05-20 17:00:00,2011-10-14 16:05:00,4,2598.28,649.57,56,568,True,2011-05-13 10:44:00,357.0,True,False,4,3,4,11,Potential Loyalists,Active repeat,Protect high-value active
15827,2010-01-08 11:25:00,2011-09-27 15:35:00,28,3603.1400000000003,128.68357142857144,73,701,True,2010-02-18 09:32:00,40.0,True,True,3,5,5,13,Loyal Customers,Active repeat,Protect high-value active
15828,2010-11-29 16:41:00,2010-11-29 16:41:00,1,1108.82,1108.82,375,375,False,,,True,False,2,1,3,6,Hibernating,Dormant,Low-cost reactivation
15829,2011-07-22 10:23:00,2011-09-01 16:45:00,2,636.14,318.07,99,141,True,2011-09-01 16:45:00,41.0,True,True,3,2,3,8,Needs Attention,At risk,Test win-back
15830,2011-11-02 10:40:00,2011-11-02 10:40:00,1,576.0,576.0,38,38,False,,,False,False,4,1,2,7,New Customers,New,Drive second purchase
15831,2011-01-19 14:52:00,2011-10-12 13:14:00,3,794.64,264.88,58,324,True,2011-08-07 13:54:00,199.0,True,False,4,3,3,10,Potential Loyalists,Active repeat,Develop loyalty
15832,2011-03-30 15:29:00,2011-03-30 15:29:00,1,836.79,836.79,254,254,False,,,True,False,2,1,3,6,Hibernating,Dormant,Low-cost reactivation
15833,2009-12-02 11:59:00,2009-12-02 11:59:00,1,80.4,80.4,738,738,False,,,True,False,1,1,1,3,Hibernating,Dormant,Low-cost reactivation
15834,2010-10-11 14:05:00,2011-09-30 14:41:00,7,3764.39,537.77,70,424,True,2010-11-28 12:03:00,47.0,True,True,3,4,5,12,Loyal Customers,Active repeat,Protect high-value active
15835,2011-01-13 10:35:00,2011-10-26 15:47:00,4,954.09,238.5225,44,331,True,2011-03-24 13:59:00,70.0,True,True,4,3,3,10,Potential Loyalists,Active repeat,Develop loyalty
15836,2011-10-20 17:13:00,2011-10-20 17:13:00,1,137.37,137.37,50,50,False,,,False,False,4,1,1,6,New Customers,New,Drive second purchase
15837,2010-08-11 10:16:00,2011-10-06 09:01:00,2,777.01,388.505,65,486,True,2011-10-06 09:01:00,420.0,True,False,3,2,3,8,Needs Attention,Active repeat,Develop loyalty
15838,2009-12-15 09:51:00,2011-11-28 14:00:00,34,73205.5,2153.1029411764707,11,725,True,2010-03-09 11:57:00,84.0,True,True,5,5,5,15,Champions,Active repeat,Protect high-value active
15839,2011-07-14 16:35:00,2011-11-06 13:54:00,3,1048.49,349.49666666666667,33,148,True,2011-09-20 12:12:00,67.0,True,True,4,3,3,10,Potential Loyalists,Active repeat,Develop loyalty
15840,2011-06-20 11:42:00,2011-10-12 09:08:00,2,355.56,177.78,59,173,True,2011-10-12 09:08:00,113.0,True,False,3,2,2,7,Needs Attention,Active repeat,Develop loyalty
15841,2009-12-10 08:29:00,2011-09-28 12:15:00,9,2742.4100000000003,304.71222222222224,73,730,True,2009-12-20 10:13:00,10.0,True,True,3,5,4,12,Loyal Customers,Active repeat,Protect high-value active
15842,2010-06-30 09:06:00,2010-11-11 14:08:00,2,548.8,274.4,393,528,True,2010-11-11 14:08:00,134.0,True,False,2,2,2,6,Hibernating,Dormant,Low-cost reactivation
15843,2011-02-09 10:19:00,2011-02-09 10:19:00,1,118.95000000000002,118.95000000000002,304,304,False,,,True,False,2,1,1,4,Hibernating,Dormant,Low-cost reactivation
15844,2011-10-24 15:19:00,2011-10-24 15:19:00,1,130.73999999999998,130.73999999999998,46,46,False,,,False,False,4,1,1,6,New Customers,New,Drive second purchase
15845,2010-01-26 14:44:00,2011-11-22 09:42:00,11,4426.28,402.3890909090909,18,682,True,2010-04-27 09:09:00,90.0,True,True,5,5,5,15,Champions,Active repeat,Protect high-value active
15846,2010-11-19 14:40:00,2010-11-19 14:40:00,1,107.01,107.01,385,385,False,,,True,False,2,1,1,4,Hibernating,Dormant,Low-cost reactivation
15847,2010-03-08 08:47:00,2011-11-01 14:41:00,5,822.57,164.514,38,642,True,2010-09-22 14:42:00,198.0,True,False,4,4,3,11,Loyal Customers,Active repeat,Develop loyalty
15848,2010-03-28 10:54:00,2010-03-28 10:54:00,1,137.99,137.99,622,622,False,,,True,False,1,1,1,3,Hibernating,Dormant,Low-cost reactivation
15850,2009-12-13 13:27:00,2011-11-20 14:14:00,6,1006.75,167.79166666666666,19,726,True,2010-06-21 14:14:00,190.0,True,False,5,4,3,12,Loyal Customers,Active repeat,Develop loyalty
15851,2010-07-01 12:34:00,2010-07-01 12:34:00,1,109.73,109.73,527,527,False,,,True,False,1,1,1,3,Hibernating,Dormant,Low-cost reactivation
15852,2010-07-01 10:16:00,2011-06-06 11:22:00,3,257.26,85.75333333333333,187,527,True,2011-05-26 13:26:00,329.0,True,False,3,3,1,7,Needs Attention,Dormant,Low-cost reactivation
15853,2011-10-19 10:38:00,2011-10-19 10:38:00,1,110.8,110.8,52,52,False,,,False,False,4,1,1,6,New Customers,New,Drive second purchase
15854,2009-12-10 12:08:00,2011-12-05 13:39:00,21,5578.28,265.6323809523809,4,730,True,2010-04-07 12:58:00,118.0,True,False,5,5,5,15,Champions,Active repeat,Protect high-value active
15855,2010-08-20 17:15:00,2011-07-26 10:20:00,6,1052.72,175.45333333333335,137,476,True,2011-03-21 12:32:00,212.0,True,False,3,4,3,10,Loyal Customers,At risk,Test win-back
15856,2009-12-03 14:02:00,2011-12-05 17:09:00,52,32275.95,620.6913461538462,4,736,True,2009-12-11 16:46:00,8.0,True,True,5,5,5,15,Champions,Active repeat,Protect high-value active
15857,2010-10-05 16:43:00,2011-11-21 12:18:00,2,570.48,285.24,19,430,True,2011-11-21 12:18:00,411.0,True,False,5,2,2,9,Potential Loyalists,Active repeat,Develop loyalty
15858,2009-12-10 11:42:00,2011-11-24 12:48:00,13,3552.41,273.2623076923077,16,730,True,2009-12-18 10:57:00,7.0,True,True,5,5,5,15,Champions,Active repeat,Protect high-value active
15859,2010-10-03 12:52:00,2010-10-03 12:52:00,1,438.46,438.46,432,432,False,,,True,False,1,1,2,4,Hibernating,Dormant,Low-cost reactivation
15860,2009-12-06 12:31:00,2011-10-30 11:25:00,17,2361.3,138.9,41,734,True,2009-12-13 11:23:00,6.0,True,True,4,5,4,13,Champions,Active repeat,Protect high-value active
15861,2010-01-28 19:41:00,2011-11-27 15:59:00,12,4369.2,364.09999999999997,12,680,True,2010-04-29 20:04:00,91.0,True,False,5,5,5,15,Champions,Active repeat,Protect high-value active
15862,2009-12-17 11:33:00,2011-12-01 13:28:00,13,2512.29,193.25307692307692,8,723,True,2009-12-17 11:38:00,0.0,True,True,5,5,4,14,Champions,Active repeat,Protect high-value active
15863,2009-12-17 10:20:00,2011-11-14 12:49:00,5,355.1,71.02000000000001,26,723,True,2010-01-22 14:14:00,36.0,True,True,4,4,2,10,Loyal Customers,Active repeat,Develop loyalty
15864,2010-11-23 15:02:00,2011-11-17 13:32:00,7,2180.76,311.5371428571429,22,381,True,2011-01-27 16:43:00,65.0,True,True,4,4,4,12,Champions,Active repeat,Develop loyalty
15865,2010-01-05 13:58:00,2011-10-30 12:43:00,5,2241.42,448.284,41,703,True,2010-10-22 15:24:00,290.0,True,False,4,4,4,12,Champions,Active repeat,Develop loyalty
15866,2011-08-30 14:09:00,2011-08-30 14:09:00,1,211.89,211.89,101,101,False,,,True,False,3,1,1,5,Needs Attention,At risk,Test win-back
15867,2009-12-14 15:16:00,2011-12-04 13:32:00,31,8923.3,287.84838709677416,5,725,True,2010-01-04 16:11:00,21.0,True,True,5,5,5,15,Champions,Active repeat,Protect high-value active
15868,2010-05-05 14:11:00,2010-05-05 14:11:00,1,94.53,94.53,583,583,False,,,True,False,1,1,1,3,Hibernating,Dormant,Low-cost reactivation
15869,2010-03-23 16:50:00,2011-03-07 17:23:00,3,321.11,107.03666666666668,277,626,True,2011-03-07 17:19:00,349.0,True,False,2,3,2,7,At Risk,Dormant,Low-cost reactivation
15870,2010-09-19 16:22:00,2011-11-07 10:58:00,4,857.46,214.365,33,446,True,2010-09-19 16:27:00,0.0,True,True,4,3,3,10,Potential Loyalists,Active repeat,Develop loyalty
15871,2010-09-28 14:16:00,2010-09-28 14:16:00,1,33.099999999999994,33.099999999999994,437,437,False,,,True,False,1,1,1,3,Hibernating,Dormant,Low-cost reactivation
15872,2010-06-07 14:53:00,2011-11-25 11:55:00,4,729.25,182.3125,15,550,True,2010-11-26 12:05:00,171.0,True,False,5,3,3,11,Potential Loyalists,Active repeat,Develop loyalty
15873,2010-07-27 11:58:00,2010-07-28 12:41:00,4,313.92,78.48,500,501,True,2010-07-27 11:59:00,0.0,True,True,1,3,2,6,At Risk,Dormant,Low-cost reactivation
15874,2010-01-07 13:56:00,2011-10-07 12:31:00,21,11284.76,537.3695238095238,64,701,True,2010-02-03 13:34:00,26.0,True,True,3,5,5,13,Loyal Customers,Active repeat,Protect high-value active
15875,2010-03-03 16:51:00,2010-03-03 16:51:00,1,108.52,108.52,646,646,False,,,True,False,1,1,1,3,Hibernating,Dormant,Low-cost reactivation
15876,2010-09-17 15:26:00,2010-10-26 18:58:00,2,1449.1399999999999,724.5699999999999,409,448,True,2010-10-26 18:58:00,39.0,True,True,2,2,4,8,Hibernating,Dormant,Low-cost reactivation
15877,2011-11-22 11:18:00,2011-12-08 11:53:00,2,490.33000000000004,245.16500000000002,2,18,True,2011-12-08 11:53:00,16.0,False,False,5,2,2,9,Potential Loyalists,Active repeat,Develop loyalty
15878,2009-12-06 12:28:00,2010-05-27 12:17:00,2,330.77,165.385,562,734,True,2010-05-27 12:17:00,171.0,True,False,1,2,2,5,Hibernating,Dormant,Low-cost reactivation
15879,2009-12-17 19:54:00,2010-10-31 16:21:00,4,1137.8,284.45,404,722,True,2010-05-19 17:49:00,152.0,True,False,2,3,3,8,At Risk,Dormant,Low-cost reactivation
15880,2010-12-05 13:00:00,2010-12-05 13:00:00,1,329.03000000000003,329.03000000000003,369,369,False,,,True,False,2,1,2,5,Hibernating,Dormant,Low-cost reactivation
15881,2010-12-10 13:32:00,2011-01-31 16:59:00,5,501.39000000000004,100.278,312,364,True,2010-12-13 10:36:00,2.0,True,True,2,4,2,8,At Risk,Dormant,Low-cost reactivation
15882,2009-12-10 15:33:00,2011-05-25 11:35:00,8,1124.66,140.5825,199,729,True,2010-02-01 17:05:00,53.0,True,True,2,4,3,9,At Risk,Dormant,Low-cost reactivation
15883,2011-11-06 14:50:00,2011-12-07 17:05:00,2,396.48,198.24,2,33,True,2011-12-07 17:05:00,31.0,False,False,5,2,2,9,Potential Loyalists,Active repeat,Develop loyalty
15884,2009-12-03 18:23:00,2010-10-03 15:55:00,2,244.60000000000002,122.30000000000001,432,736,True,2010-10-03 15:55:00,303.0,True,False,1,2,1,4,Hibernating,Dormant,Low-cost reactivation
15885,2010-01-21 12:47:00,2011-09-08 10:43:00,15,1951.8200000000002,130.12133333333335,93,688,True,2010-01-27 13:26:00,6.0,True,True,3,5,4,12,Loyal Customers,At risk,Test win-back
15886,2010-04-20 15:03:00,2011-10-10 14:25:00,4,1052.87,263.2175,60,598,True,2010-10-19 11:57:00,181.0,True,False,3,3,3,9,Needs Attention,Active repeat,Develop loyalty
15887,2010-06-02 11:53:00,2010-10-29 08:36:00,3,1027.15,342.3833333333334,407,556,True,2010-09-05 13:41:00,95.0,True,False,2,3,3,8,At Risk,Dormant,Low-cost reactivation
15888,2010-07-01 11:51:00,2011-09-20 12:30:00,3,429.15999999999997,143.0533333333333,81,527,True,2010-11-04 09:59:00,125.0,True,False,3,3,2,8,Needs Attention,Active repeat,Develop loyalty
15889,2009-12-10 12:21:00,2011-07-06 11:10:00,8,1427.6,178.45,157,730,True,2009-12-17 13:38:00,7.0,True,True,3,4,4,11,Loyal Customers,At risk,Test win-back
15890,2010-04-14 08:43:00,2010-11-10 12:46:00,5,535.65,107.13,395,605,True,2010-04-21 13:53:00,7.0,True,True,2,4,2,8,At Risk,Dormant,Low-cost reactivation
15891,2011-04-27 12:35:00,2011-04-27 12:35:00,1,511.68,511.68,227,227,False,,,True,False,2,1,2,5,Hibernating,Dormant,Low-cost reactivation
15892,2010-02-08 16:23:00,2010-02-08 16:23:00,1,128.2,128.2,669,669,False,,,True,False,1,1,1,3,Hibernating,Dormant,Low-cost reactivation
15893,2010-08-15 11:12:00,2010-08-15 11:12:00,1,305.28000000000003,305.28000000000003,482,482,False,,,True,False,1,1,2,4,Hibernating,Dormant,Low-cost reactivation
15894,2010-12-05 14:06:00,2011-03-31 13:50:00,2,258.25,129.125,253,369,True,2011-03-31 13:50:00,115.0,True,False,2,2,1,5,Hibernating,Dormant,Low-cost reactivation
15895,2011-07-13 10:27:00,2011-07-13 10:27:00,1,179.17,179.17,150,150,False,,,True,False,3,1,1,5,Needs Attention,At risk,Test win-back
15897,2011-05-29 13:32:00,2011-05-29 13:50:00,2,208.59,104.295,194,194,True,2011-05-29 13:50:00,0.0,True,True,2,2,1,5,Hibernating,Dormant,Low-cost reactivation
15898,2009-12-11 16:11:00,2011-12-08 15:23:00,25,4996.45,199.858,1,728,True,2010-01-14 13:03:00,33.0,True,True,5,5,5,15,Champions,Active repeat,Protect high-value active
15899,2010-12-06 10:36:00,2010-12-06 10:36:00,1,56.25,56.25,369,369,False,,,True,False,2,1,1,4,Hibernating,Dormant,Low-cost reactivation
15900,2010-05-26 11:27:00,2011-11-16 12:19:00,4,886.5699999999999,221.64249999999998,24,563,True,2010-10-18 11:22:00,144.0,True,False,4,3,3,10,Potential Loyalists,Active repeat,Develop loyalty
15901,2010-06-14 12:39:00,2011-11-23 12:43:00,7,687.72,98.24571428571429,17,544,True,2010-09-02 15:50:00,80.0,True,True,5,4,3,12,Loyal Customers,Active repeat,Develop loyalty
15902,2010-11-24 16:57:00,2010-11-24 16:57:00,1,145.01,145.01,380,380,False,,,True,False,2,1,1,4,Hibernating,Dormant,Low-cost reactivation
15903,2010-01-14 10:57:00,2011-11-30 08:08:00,12,8939.84,744.9866666666667,10,695,True,2010-08-19 14:44:00,217.0,True,False,5,5,5,15,Champions,Active repeat,Protect high-value active
15904,2011-12-01 14:50:00,2011-12-01 14:50:00,1,164.68,164.68,8,8,False,,,False,False,5,1,1,7,New Customers,New,Drive second purchase
15905,2010-06-14 16:00:00,2010-06-14 16:00:00,1,114.69,114.69,543,543,False,,,True,False,1,1,1,3,Hibernating,Dormant,Low-cost reactivation
15906,2010-09-15 12:17:00,2011-11-20 12:24:00,10,2530.19,253.019,20,451,True,2010-10-29 15:42:00,44.0,True,True,4,5,4,13,Champions,Active repeat,Protect high-value active
15907,2011-05-13 13:01:00,2011-12-06 12:21:00,3,882.72,294.24,4,210,True,2011-06-16 12:45:00,33.0,True,True,5,3,3,11,Potential Loyalists,Active repeat,Develop loyalty
15908,2010-07-15 19:21:00,2010-08-06 11:56:00,2,758.62,379.31,491,512,True,2010-08-06 11:56:00,21.0,True,True,1,2,3,6,Hibernating,Dormant,Low-cost reactivation
15909,2011-06-19 10:38:00,2011-06-19 10:38:00,1,191.94,191.94,174,174,False,,,True,False,3,1,1,5,Needs Attention,At risk,Test win-back
15910,2010-01-21 11:51:00,2011-12-09 10:51:00,15,2661.17,177.41133333333335,1,688,True,2010-03-04 12:13:00,42.0,True,True,5,5,4,14,Champions,Active repeat,Protect high-value active
15911,2009-12-09 13:26:00,2010-03-26 12:06:00,8,1700.24,212.53,624,730,True,2009-12-18 11:32:00,8.0,True,True,1,4,4,9,At Risk,Dormant,Low-cost reactivation
15912,2009-12-10 12:58:00,2011-06-14 14:29:00,9,1074.7,119.41111111111111,178,729,True,2009-12-10 13:03:00,0.0,True,True,3,5,3,11,Loyal Customers,At risk,Test win-back
15913,2010-06-23 16:31:00,2010-06-23 16:31:00,1,6.300000000000001,6.300000000000001,534,534,False,,,True,False,1,1,1,3,Hibernating,Dormant,Low-cost reactivation
15914,2010-11-26 16:09:00,2010-11-26 16:10:00,2,205.98999999999998,102.99499999999999,378,378,True,2010-11-26 16:10:00,0.0,True,True,2,2,1,5,Hibernating,Dormant,Low-cost reactivation
15915,2010-11-03 11:13:00,2010-11-03 11:13:00,1,364.45,364.45,402,402,False,,,True,False,2,1,2,5,Hibernating,Dormant,Low-cost reactivation
15916,2009-12-10 16:21:00,2011-11-23 13:46:00,13,3145.24,241.94153846153844,16,729,True,2010-01-17 15:02:00,37.0,True,True,5,5,5,15,Champions,Active repeat,Protect high-value active
15917,2009-12-02 14:55:00,2011-04-06 10:40:00,5,530.17,106.03399999999999,248,737,True,2009-12-02 15:44:00,0.0,True,True,2,4,2,8,At Risk,Dormant,Low-cost reactivation
15918,2010-03-18 11:40:00,2011-06-02 11:42:00,3,582.88,194.29333333333332,191,632,True,2011-03-13 15:55:00,360.0,True,False,2,3,2,7,At Risk,Dormant,Low-cost reactivation
15919,2010-12-06 11:26:00,2011-11-20 11:28:00,2,525.69,262.845,20,369,True,2011-11-20 11:28:00,349.0,True,False,4,2,2,8,Potential Loyalists,Active repeat,Develop loyalty
15920,2009-12-14 13:09:00,2011-07-08 15:31:00,9,569.14,63.23777777777778,154,725,True,2009-12-14 13:10:00,0.0,True,True,3,5,2,10,Loyal Customers,At risk,Test win-back
15921,2010-03-09 11:03:00,2011-06-20 11:03:00,4,775.26,193.815,173,641,True,2010-10-18 11:03:00,223.0,True,False,3,3,3,9,Needs Attention,At risk,Test win-back
15922,2010-12-01 13:51:00,2010-12-01 13:51:00,1,369.5,369.5,373,373,False,,,True,False,2,1,2,5,Hibernating,Dormant,Low-cost reactivation
15923,2010-12-02 12:16:00,2010-12-02 12:16:00,1,127.08,127.08,373,373,False,,,True,False,2,1,1,4,Hibernating,Dormant,Low-cost reactivation
15924,2009-12-08 15:00:00,2009-12-08 15:00:00,1,102.82,102.82,731,731,False,,,True,False,1,1,1,3,Hibernating,Dormant,Low-cost reactivation
15925,2011-05-29 15:35:00,2011-05-29 15:35:00,1,207.15,207.15,194,194,False,,,True,False,2,1,1,4,Hibernating,Dormant,Low-cost reactivation
15926,2010-06-15 15:23:00,2010-06-15 15:23:00,1,134.44,134.44,542,542,False,,,True,False,1,1,1,3,Hibernating,Dormant,Low-cost reactivation
15927,2010-03-02 13:25:00,2010-03-02 13:25:00,1,106.54,106.54,647,647,False,,,True,False,1,1,1,3,Hibernating,Dormant,Low-cost reactivation
15928,2010-02-21 15:16:00,2010-02-21 15:16:00,1,293.53,293.53,656,656,False,,,True,False,1,1,2,4,Hibernating,Dormant,Low-cost reactivation
15929,2010-03-05 14:56:00,2010-03-05 14:56:00,1,594.0,594.0,644,644,False,,,True,False,1,1,2,4,Hibernating,Dormant,Low-cost reactivation
15930,2011-10-03 14:52:00,2011-10-03 14:52:00,1,426.63,426.63,67,67,False,,,False,False,3,1,2,6,Needs Attention,New,Drive second purchase
15931,2010-10-07 16:46:00,2010-10-07 16:46:00,1,239.9,239.9,428,428,False,,,True,False,1,1,1,3,Hibernating,Dormant,Low-cost reactivation
15932,2011-02-23 14:50:00,2011-12-05 17:13:00,8,2495.87,311.98375,4,289,True,2011-03-15 13:28:00,19.0,True,True,5,4,4,13,Champions,Active repeat,Protect high-value active
15933,2011-09-14 12:05:00,2011-11-18 13:14:00,3,1107.46,369.15333333333336,21,87,True,2011-09-29 16:42:00,15.0,False,False,4,3,3,10,Potential Loyalists,Active repeat,Develop loyalty
15934,2010-10-06 12:08:00,2010-10-18 10:13:00,2,2190.66,1095.33,418,430,True,2010-10-18 10:13:00,11.0,True,True,1,2,4,7,Hibernating,Dormant,Low-cost reactivation
15935,2011-04-12 09:35:00,2011-04-14 13:27:00,2,416.86,208.43,239,242,True,2011-04-14 13:27:00,2.0,True,True,2,2,2,6,Hibernating,Dormant,Low-cost reactivation
15936,2010-08-29 11:42:00,2010-11-25 16:39:00,2,282.79,141.395,379,468,True,2010-11-25 16:39:00,88.0,True,True,2,2,1,5,Hibernating,Dormant,Low-cost reactivation
15937,2011-10-06 15:48:00,2011-10-06 15:48:00,1,145.35,145.35,64,64,False,,,False,False,3,1,1,5,Needs Attention,New,Drive second purchase
15938,2010-06-01 09:42:00,2011-08-19 12:56:00,9,734.81,81.64555555555555,112,557,True,2010-07-18 11:30:00,47.0,True,True,3,5,3,11,Loyal Customers,At risk,Test win-back
15939,2010-11-30 12:07:00,2011-09-11 11:30:00,16,9060.39,566.274375,90,375,True,2011-01-12 12:43:00,43.0,True,True,3,5,5,13,Loyal Customers,Active repeat,Protect high-value active
15940,2011-02-01 16:18:00,2011-02-01 16:18:00,1,35.8,35.8,311,311,False,,,True,False,2,1,1,4,Hibernating,Dormant,Low-cost reactivation
15941,2010-03-12 14:45:00,2010-03-12 14:45:00,1,405.0,405.0,637,637,False,,,True,False,1,1,2,4,Hibernating,Dormant,Low-cost reactivation
15942,2011-07-29 09:01:00,2011-07-29 09:01:00,1,337.44,337.44,134,134,False,,,True,False,3,1,2,6,Needs Attention,At risk,Test win-back
15943,2010-01-31 11:04:00,2010-02-28 12:49:00,2,271.28999999999996,135.64499999999998,650,678,True,2010-02-28 12:49:00,28.0,True,True,1,2,1,4,Hibernating,Dormant,Low-cost reactivation
15944,2009-12-13 12:57:00,2011-03-08 10:33:00,4,2164.24,541.06,277,726,True,2010-08-11 14:39:00,241.0,True,False,2,3,4,9,At Risk,Dormant,Low-cost reactivation
15945,2009-12-01 13:47:00,2010-12-09 13:14:00,4,646.27,161.5675,365,738,True,2010-01-15 17:36:00,45.0,True,True,2,4,3,9,At Risk,Dormant,Low-cost reactivation
15946,2010-03-16 10:49:00,2010-07-25 12:18:00,3,2304.18,768.06,503,634,True,2010-07-25 12:16:00,131.0,True,False,1,3,4,8,At Risk,Dormant,Low-cost reactivation
15947,2011-09-18 10:46:00,2011-09-18 10:46:00,1,1708.24,1708.24,83,83,False,,,False,False,3,1,4,8,Needs Attention,New,Drive second purchase
15948,2010-10-11 12:16:00,2011-12-01 15:32:00,3,1509.0900000000001,503.03000000000003,8,425,True,2011-10-27 08:35:00,380.0,True,False,5,3,4,12,Potential Loyalists,Active repeat,Develop loyalty
15949,2011-09-29 17:34:00,2011-11-23 09:09:00,2,364.72,182.36,17,71,True,2011-11-23 09:09:00,54.0,False,False,5,2,2,9,Potential Loyalists,Active repeat,Develop loyalty
15950,2010-01-26 11:39:00,2011-11-08 11:09:00,10,7120.91,712.091,32,683,True,2010-03-04 11:11:00,36.0,True,True,4,5,5,14,Champions,Active repeat,Protect high-value active
15951,2010-11-23 18:20:00,2011-12-01 08:34:00,3,1013.17,337.7233333333333,9,381,True,2011-02-27 11:57:00,95.0,True,False,5,3,3,11,Potential Loyalists,Active repeat,Develop loyalty
15952,2011-04-28 12:55:00,2011-11-06 11:18:00,4,781.91,195.4775,34,225,True,2011-07-03 13:33:00,66.0,True,True,4,4,3,11,Loyal Customers,Active repeat,Develop loyalty
15953,2009-12-03 14:00:00,2011-11-24 15:32:00,18,3440.3399999999997,191.13,15,736,True,2010-02-09 12:09:00,67.0,True,True,5,5,5,15,Champions,Active repeat,Protect high-value active
15954,2010-04-29 13:35:00,2010-04-29 13:35:00,1,190.75,190.75,589,589,False,,,True,False,1,1,1,3,Hibernating,Dormant,Low-cost reactivation
15955,2010-02-23 16:36:00,2011-11-15 14:15:00,22,8085.9800000000005,367.54454545454547,24,654,True,2010-03-11 13:34:00,15.0,True,True,4,5,5,14,Champions,Active repeat,Protect high-value active
15956,2009-12-13 11:16:00,2010-06-06 13:06:00,2,617.5999999999999,308.79999999999995,551,727,True,2010-06-06 13:06:00,175.0,True,False,1,2,3,6,Hibernating,Dormant,Low-cost reactivation
15957,2010-10-15 12:11:00,2011-11-08 12:14:00,3,921.25,307.0833333333333,32,421,True,2010-10-15 12:22:00,0.0,True,True,4,3,3,10,Potential Loyalists,Active repeat,Develop loyalty
15958,2010-06-07 10:59:00,2011-09-26 13:41:00,4,462.12,115.53,74,551,True,2010-10-18 10:26:00,132.0,True,False,3,4,2,9,Loyal Customers,Active repeat,Develop loyalty
15959,2010-01-26 16:19:00,2010-01-26 16:38:00,3,542.8900000000001,180.96333333333337,682,682,True,2010-01-26 16:26:00,0.0,True,True,1,3,2,6,At Risk,Dormant,Low-cost reactivation
15960,2010-09-30 15:50:00,2010-11-30 15:57:00,4,410.95000000000005,102.73750000000001,374,435,True,2010-11-10 15:09:00,40.0,True,True,2,4,2,8,At Risk,Dormant,Low-cost reactivation
15961,2010-11-25 15:59:00,2010-11-25 15:59:00,1,451.28999999999996,451.28999999999996,379,379,False,,,True,False,2,1,2,5,Hibernating,Dormant,Low-cost reactivation
15962,2010-09-16 13:48:00,2010-09-16 13:48:00,1,289.48,289.48,449,449,False,,,True,False,1,1,2,4,Hibernating,Dormant,Low-cost reactivation
15963,2011-10-25 13:05:00,2011-11-20 11:33:00,2,470.76,235.38,20,45,True,2011-11-20 11:33:00,25.0,False,False,4,2,2,8,Potential Loyalists,Active repeat,Develop loyalty
15964,2010-02-14 15:30:00,2010-02-14 15:30:00,1,269.21000000000004,269.21000000000004,663,663,False,,,True,False,1,1,1,3,Hibernating,Dormant,Low-cost reactivation
15965,2009-12-03 11:45:00,2011-11-22 16:44:00,13,2771.94,213.22615384615386,17,737,True,2010-02-14 12:28:00,73.0,True,True,5,5,4,14,Champions,Active repeat,Protect high-value active
15966,2010-09-15 10:44:00,2010-09-15 10:44:00,1,426.53000000000003,426.53000000000003,451,451,False,,,True,False,1,1,2,4,Hibernating,Dormant,Low-cost reactivation
15967,2009-12-01 13:29:00,2011-11-16 15:41:00,12,2966.0,247.16666666666666,23,738,True,2010-02-08 13:24:00,68.0,True,True,4,5,5,14,Champions,Active repeat,Protect high-value active
15968,2010-11-16 13:04:00,2010-11-16 13:04:00,1,404.55,404.55,388,388,False,,,True,False,2,1,2,5,Hibernating,Dormant,Low-cost reactivation
15969,2010-07-05 13:10:00,2011-12-07 11:06:00,5,1127.05,225.41,3,522,True,2010-10-10 12:01:00,96.0,True,False,5,4,3,12,Loyal Customers,Active repeat,Develop loyalty
15970,2010-04-20 11:30:00,2011-02-09 12:08:00,2,1017.32,508.66,304,599,True,2011-02-09 12:08:00,295.0,True,False,2,2,3,7,Hibernating,Dormant,Low-cost reactivation
15971,2009-12-08 09:46:00,2011-11-22 12:50:00,18,5902.83,327.935,18,732,True,2009-12-15 16:45:00,7.0,True,True,5,5,5,15,Champions,Active repeat,Protect high-value active
15972,2010-04-18 14:06:00,2010-09-09 13:20:00,5,1769.33,353.866,456,600,True,2010-05-14 15:37:00,26.0,True,True,1,4,4,9,At Risk,Dormant,Low-cost reactivation
15973,2010-10-06 15:00:00,2010-12-08 11:42:00,3,680.6200000000001,226.87333333333336,367,429,True,2010-10-07 08:33:00,0.0,True,True,2,3,3,8,At Risk,Dormant,Low-cost reactivation
15974,2011-02-24 10:10:00,2011-10-31 13:13:00,7,3442.15,491.7357142857143,39,289,True,2011-03-07 15:40:00,11.0,True,True,4,4,5,13,Champions,Active repeat,Protect high-value active
15975,2011-09-16 13:33:00,2011-09-16 13:33:00,1,371.01,371.01,84,84,False,,,False,False,3,1,2,6,Needs Attention,New,Drive second purchase
15976,2010-06-06 14:01:00,2011-06-27 13:00:00,6,1694.41,282.4016666666667,165,551,True,2010-07-04 13:59:00,27.0,True,True,3,4,4,11,Loyal Customers,At risk,Test win-back
15977,2011-10-31 16:24:00,2011-11-22 13:29:00,2,1054.73,527.365,17,39,True,2011-11-22 13:29:00,21.0,False,False,5,2,3,10,Potential Loyalists,Active repeat,Develop loyalty
15978,2010-03-05 14:39:00,2011-09-23 15:21:00,3,3279.42,1093.14,77,644,True,2010-10-03 14:08:00,211.0,True,False,3,3,5,11,Needs Attention,Active repeat,Protect high-value active
15979,2010-04-16 11:35:00,2010-04-16 11:35:00,1,329.22,329.22,603,603,False,,,True,False,1,1,2,4,Hibernating,Dormant,Low-cost reactivation
15980,2010-06-01 14:40:00,2011-09-12 09:41:00,7,6543.679999999999,934.8114285714285,89,556,True,2010-06-01 14:44:00,0.0,True,True,3,4,5,12,Loyal Customers,Active repeat,Protect high-value active
15981,2010-03-29 10:07:00,2011-11-15 08:00:00,21,9362.77,445.8461904761905,25,621,True,2010-03-30 12:35:00,1.0,True,True,4,5,5,14,Champions,Active repeat,Protect high-value active
15982,2010-04-13 15:47:00,2010-04-13 15:47:00,1,324.51,324.51,605,605,False,,,True,False,1,1,2,4,Hibernating,Dormant,Low-cost reactivation
15983,2009-12-06 12:52:00,2011-11-17 17:34:00,8,3110.37,388.79625,22,733,True,2009-12-11 10:54:00,4.0,True,True,4,4,5,13,Champions,Active repeat,Protect high-value active
15984,2009-12-01 13:38:00,2011-12-07 12:16:00,30,8393.02,279.76733333333334,3,738,True,2009-12-11 15:55:00,10.0,True,True,5,5,5,15,Champions,Active repeat,Protect high-value active
15985,2010-05-27 15:51:00,2011-08-08 16:31:00,7,2715.28,387.8971428571429,123,561,True,2010-07-16 15:05:00,49.0,True,True,3,4,4,11,Loyal Customers,At risk,Win back high-value
15986,2010-11-23 10:02:00,2011-11-09 15:17:00,2,354.42,177.21,30,382,True,2011-11-09 15:17:00,351.0,True,False,4,2,2,8,Potential Loyalists,Active repeat,Develop loyalty
15987,2010-11-25 12:56:00,2011-11-27 15:38:00,8,1535.99,191.99875,12,379,True,2010-12-06 08:34:00,10.0,True,True,5,4,4,13,Champions,Active repeat,Develop loyalty
15988,2010-02-21 11:36:00,2011-11-20 13:23:00,3,738.89,246.29666666666665,19,657,True,2010-06-06 12:45:00,105.0,True,False,5,3,3,11,Potential Loyalists,Active repeat,Develop loyalty
15989,2009-12-02 15:51:00,2010-11-29 12:03:00,2,368.31,184.155,376,737,True,2010-11-29 12:03:00,361.0,True,False,2,2,2,6,Hibernating,Dormant,Low-cost reactivation
15990,2010-02-28 12:30:00,2011-10-26 15:58:00,7,1997.75,285.39285714285717,44,650,True,2010-03-17 08:59:00,16.0,True,True,4,4,4,12,Champions,Active repeat,Develop loyalty
15991,2010-06-23 15:50:00,2010-06-23 15:50:00,1,150.55,150.55,534,534,False,,,True,False,1,1,1,3,Hibernating,Dormant,Low-cost reactivation
15992,2010-09-12 11:52:00,2011-12-06 11:00:00,3,896.6,298.8666666666667,4,454,True,2010-11-08 14:51:00,57.0,True,True,5,3,3,11,Potential Loyalists,Active repeat,Develop loyalty
15993,2011-10-26 16:21:00,2011-12-01 10:45:00,7,2777.67,396.81,9,44,True,2011-10-26 16:57:00,0.0,False,False,5,4,4,13,Champions,Active repeat,Protect high-value active
15994,2010-03-14 11:55:00,2011-10-16 12:28:00,3,1175.68,391.8933333333334,55,636,True,2010-10-24 12:14:00,224.0,True,False,4,3,3,10,Potential Loyalists,Active repeat,Develop loyalty
15995,2010-10-21 13:57:00,2010-10-21 13:57:00,1,694.54,694.54,414,414,False,,,True,False,1,1,3,5,Hibernating,Dormant,Low-cost reactivation
15996,2010-11-07 15:49:00,2011-09-12 15:14:00,7,1386.4,198.05714285714288,88,397,True,2010-12-08 15:59:00,31.0,True,True,3,4,4,11,Loyal Customers,Active repeat,Develop loyalty
15998,2009-12-01 11:45:00,2011-11-03 12:45:00,16,8274.14,517.13375,37,739,True,2009-12-11 11:26:00,9.0,True,True,4,5,5,14,Champions,Active repeat,Protect high-value active
15999,2009-12-04 12:31:00,2009-12-04 12:31:00,1,20.4,20.4,736,736,False,,,True,False,1,1,1,3,Hibernating,Dormant,Low-cost reactivation
16000,2011-12-07 12:14:00,2011-12-07 12:17:00,3,12393.7,4131.233333333334,3,3,True,2011-12-07 12:15:00,0.0,False,False,5,3,5,13,Potential Loyalists,Active repeat,Protect high-value active
16001,2010-11-23 17:10:00,2010-11-23 17:10:00,1,583.39,583.39,381,381,False,,,True,False,2,1,2,5,Hibernating,Dormant,Low-cost reactivation
16002,2010-03-24 13:08:00,2010-03-24 13:08:00,1,169.21,169.21,625,625,False,,,True,False,1,1,1,3,Hibernating,Dormant,Low-cost reactivation
16003,2009-12-03 18:51:00,2011-11-10 09:57:00,10,5613.83,561.383,30,736,True,2010-03-24 09:57:00,110.0,True,False,4,5,5,14,Champions,Active repeat,Protect high-value active
16004,2010-01-25 13:56:00,2010-08-22 11:48:00,5,2146.39,429.27799999999996,475,683,True,2010-03-17 14:27:00,51.0,True,True,1,4,4,9,At Risk,Dormant,Low-cost reactivation
16005,2010-09-15 13:21:00,2011-11-27 13:47:00,10,2365.49,236.54899999999998,12,450,True,2010-10-11 12:48:00,25.0,True,True,5,5,4,14,Champions,Active repeat,Protect high-value active
16006,2010-11-17 12:03:00,2011-05-12 13:12:00,2,332.82,166.41,211,388,True,2011-05-12 13:12:00,176.0,True,False,2,2,2,6,Hibernating,Dormant,Low-cost reactivation
16007,2010-06-14 13:18:00,2011-10-23 11:05:00,7,3053.06,436.15142857142854,48,543,True,2010-09-19 13:01:00,96.0,True,False,4,4,5,13,Champions,Active repeat,Protect high-value active
16008,2010-03-19 11:07:00,2011-11-16 10:32:00,15,5339.13,355.942,24,631,True,2010-04-23 14:59:00,35.0,True,True,4,5,5,14,Champions,Active repeat,Protect high-value active
16009,2011-07-03 11:26:00,2011-11-17 16:51:00,4,972.11,243.0275,22,160,True,2011-10-27 12:22:00,116.0,True,False,4,4,3,11,Loyal Customers,Active repeat,Develop loyalty
16010,2010-10-24 10:54:00,2011-04-08 10:14:00,11,1694.8600000000001,154.07818181818183,246,412,True,2010-10-31 11:01:00,7.0,True,True,2,5,4,11,At Risk,Dormant,Low-cost reactivation
16011,2009-12-01 12:02:00,2011-12-01 16:31:00,29,5601.01,193.13827586206898,8,739,True,2009-12-10 14:48:00,9.0,True,True,5,5,5,15,Champions,Active repeat,Protect high-value active
16012,2010-06-28 11:39:00,2011-11-04 13:25:00,5,2978.59,595.7180000000001,35,530,True,2010-11-03 13:47:00,128.0,True,False,4,4,5,13,Champions,Active repeat,Protect high-value active
16013,2009-12-08 10:24:00,2011-12-06 10:36:00,84,56078.44,667.6004761904762,4,732,True,2009-12-08 11:13:00,0.0,True,True,5,5,5,15,Champions,Active repeat,Protect high-value active
16014,2010-01-31 12:43:00,2011-11-02 12:04:00,5,1100.28,220.05599999999998,38,678,True,2010-10-27 16:04:00,269.0,True,False,4,4,3,11,Loyal Customers,Active repeat,Develop loyalty
16015,2011-10-21 12:56:00,2011-12-06 10:58:00,3,704.55,234.85,4,49,True,2011-11-13 11:55:00,22.0,False,False,5,3,3,11,Potential Loyalists,Active repeat,Develop loyalty
16016,2010-11-02 13:27:00,2011-12-06 14:35:00,11,2083.4,189.4,3,402,True,2010-11-17 12:36:00,14.0,True,True,5,5,4,14,Champions,Active repeat,Develop loyalty
16017,2010-01-05 12:06:00,2011-10-23 12:56:00,5,1545.58,309.116,47,704,True,2010-01-17 12:17:00,12.0,True,True,4,4,4,12,Champions,Active repeat,Develop loyalty
16018,2009-12-07 13:57:00,2011-10-31 14:13:00,4,698.13,174.5325,39,732,True,2010-11-08 15:36:00,336.0,True,False,4,4,3,11,Loyal Customers,Active repeat,Develop loyalty
16019,2009-12-14 14:12:00,2011-10-24 11:51:00,27,17329.16,641.8207407407407,47,725,True,2009-12-17 13:51:00,2.0,True,True,4,5,5,14,Champions,Active repeat,Protect high-value active
16020,2011-10-05 13:54:00,2011-11-23 11:18:00,3,851.01,283.67,17,65,True,2011-11-23 11:18:00,48.0,False,False,5,3,3,11,Potential Loyalists,Active repeat,Develop loyalty
16021,2010-06-13 11:05:00,2010-11-09 14:48:00,2,487.03,243.515,395,545,True,2010-11-09 14:48:00,149.0,True,False,2,2,2,6,Hibernating,Dormant,Low-cost reactivation
16022,2011-03-24 13:16:00,2011-03-24 13:16:00,1,602.63,602.63,260,260,False,,,True,False,2,1,2,5,Hibernating,Dormant,Low-cost reactivation
16023,2011-03-18 13:32:00,2011-10-24 16:34:00,3,719.8100000000001,239.9366666666667,46,266,True,2011-05-31 14:19:00,74.0,True,True,4,3,3,10,Potential Loyalists,Active repeat,Develop loyalty
16024,2010-10-24 11:40:00,2011-11-27 13:26:00,3,483.99,161.33,12,412,True,2010-10-24 11:42:00,0.0,True,True,5,3,2,10,Potential Loyalists,Active repeat,Develop loyalty
16025,2011-11-10 11:45:00,2011-11-10 11:45:00,1,439.65999999999997,439.65999999999997,30,30,False,,,False,False,4,1,2,7,New Customers,New,Drive second purchase
16026,2011-10-27 13:53:00,2011-10-27 13:53:00,1,236.09,236.09,43,43,False,,,False,False,4,1,1,6,New Customers,New,Drive second purchase
16027,2010-01-08 13:21:00,2011-09-09 10:47:00,15,2048.36,136.55733333333333,92,700,True,2010-01-19 12:53:00,10.0,True,True,3,5,4,12,Loyal Customers,At risk,Test win-back
16028,2010-04-23 11:45:00,2010-04-23 11:45:00,1,82.2,82.2,596,596,False,,,True,False,1,1,1,3,Hibernating,Dormant,Low-cost reactivation
16029,2009-12-08 11:23:00,2011-11-01 10:27:00,107,117763.62,1100.5945794392524,39,732,True,2009-12-08 12:03:00,0.0,True,True,4,5,5,14,Champions,Active repeat,Protect high-value active
16030,2011-02-03 11:28:00,2011-02-03 11:28:00,1,331.24,331.24,310,310,False,,,True,False,2,1,2,5,Hibernating,Dormant,Low-cost reactivation
16031,2011-04-06 14:23:00,2011-09-08 13:07:00,2,547.9,273.95,92,247,True,2011-09-08 13:07:00,154.0,True,False,3,2,2,7,Needs Attention,At risk,Test win-back
16032,2010-07-04 13:31:00,2010-09-09 18:00:00,6,1965.72,327.62,456,523,True,2010-07-08 18:33:00,4.0,True,True,1,4,4,9,At Risk,Dormant,Low-cost reactivation
16033,2010-08-11 16:44:00,2011-12-04 12:44:00,27,10608.81,392.9188888888889,6,485,True,2010-08-24 17:21:00,13.0,True,True,5,5,5,15,Champions,Active repeat,Protect high-value active
16034,2010-10-26 13:00:00,2011-05-27 16:17:00,6,911.3199999999999,151.88666666666666,196,409,True,2010-10-29 13:35:00,3.0,True,True,2,4,3,9,At Risk,Dormant,Low-cost reactivation
16035,2010-05-28 15:09:00,2010-05-28 15:09:00,1,217.73,217.73,560,560,False,,,True,False,1,1,1,3,Hibernating,Dormant,Low-cost reactivation
16036,2010-03-29 14:47:00,2011-09-13 14:53:00,4,2556.84,639.21,87,620,True,2010-10-11 15:08:00,196.0,True,False,3,4,4,11,Loyal Customers,Active repeat,Protect high-value active
16037,2010-03-01 12:31:00,2011-03-15 09:13:00,5,1509.3400000000001,301.86800000000005,270,649,True,2010-06-13 11:32:00,103.0,True,False,2,4,4,10,At Risk,Dormant,Low-cost reactivation
16038,2011-05-22 11:29:00,2011-12-02 12:40:00,3,471.78,157.26,8,202,True,2011-06-15 13:50:00,24.0,True,True,5,3,2,10,Potential Loyalists,Active repeat,Develop loyalty
16039,2010-03-21 15:17:00,2010-10-12 10:44:00,2,456.40000000000003,228.20000000000002,424,628,True,2010-10-12 10:44:00,204.0,True,False,1,2,2,5,Hibernating,Dormant,Low-cost reactivation
16040,2010-04-09 10:12:00,2011-10-05 13:47:00,7,2416.9,345.2714285714286,65,610,True,2010-06-28 10:52:00,80.0,True,True,3,4,4,11,Loyal Customers,Active repeat,Protect high-value active
16041,2011-07-21 16:27:00,2011-11-09 12:25:00,3,3166.4,1055.4666666666667,31,141,True,2011-07-21 16:28:00,0.0,True,True,4,3,5,12,Potential Loyalists,Active repeat,Protect high-value active
16042,2010-09-12 12:00:00,2011-11-17 17:50:00,8,2245.32,280.665,22,454,True,2010-11-25 18:14:00,74.0,True,True,4,4,4,12,Champions,Active repeat,Develop loyalty
16043,2010-08-15 11:26:00,2011-11-02 12:50:00,8,1856.5900000000001,232.07375000000002,38,482,True,2010-10-21 08:52:00,66.0,True,True,4,4,4,12,Champions,Active repeat,Develop loyalty
16044,2010-09-30 18:12:00,2010-09-30 18:12:00,1,340.84000000000003,340.84000000000003,435,435,False,,,True,False,1,1,2,4,Hibernating,Dormant,Low-cost reactivation
16045,2010-07-29 12:50:00,2011-08-12 12:41:00,8,3434.9300000000003,429.36625000000004,120,499,True,2010-07-29 12:51:00,0.0,True,True,3,4,5,12,Loyal Customers,At risk,Win back high-value
16046,2010-05-26 13:18:00,2010-05-26 13:18:00,1,235.78,235.78,562,562,False,,,True,False,1,1,1,3,Hibernating,Dormant,Low-cost reactivation
16047,2010-01-26 16:34:00,2010-01-26 16:34:00,1,107.14,107.14,682,682,False,,,True,False,1,1,1,3,Hibernating,Dormant,Low-cost reactivation
16048,2010-06-08 12:36:00,2010-12-01 15:28:00,4,818.7900000000001,204.69750000000002,373,550,True,2010-11-05 11:37:00,149.0,True,False,2,4,3,9,At Risk,Dormant,Low-cost reactivation
16049,2010-07-11 13:53:00,2011-10-30 13:19:00,6,1852.15,308.69166666666666,40,516,True,2010-11-21 16:15:00,133.0,True,False,4,4,4,12,Champions,Active repeat,Develop loyalty
16050,2010-11-03 15:55:00,2011-06-19 11:44:00,3,300.70000000000005,100.23333333333335,174,401,True,2010-11-21 14:52:00,17.0,True,True,3,3,2,8,Needs Attention,At risk,Test win-back
16051,2010-01-27 09:38:00,2010-01-27 09:38:00,1,188.44,188.44,682,682,False,,,True,False,1,1,1,3,Hibernating,Dormant,Low-cost reactivation
16052,2011-10-16 15:13:00,2011-10-16 15:13:00,1,362.06,362.06,54,54,False,,,False,False,4,1,2,7,New Customers,New,Drive second purchase
16053,2010-04-08 11:11:00,2011-11-07 11:21:00,6,3634.84,605.8066666666667,33,611,True,2010-09-19 12:40:00,164.0,True,False,4,4,5,13,Champions,Active repeat,Protect high-value active
16054,2010-04-01 18:37:00,2011-07-17 13:08:00,4,2111.88,527.97,145,617,True,2010-07-15 10:20:00,104.0,True,False,3,4,4,11,Loyal Customers,At risk,Test win-back
16055,2011-05-03 09:26:00,2011-05-03 09:26:00,1,134.8,134.8,221,221,False,,,True,False,2,1,1,4,Hibernating,Dormant,Low-cost reactivation
16056,2011-10-25 15:19:00,2011-10-25 15:19:00,1,650.75,650.75,45,45,False,,,False,False,4,1,3,8,New Customers,New,Drive second purchase
16057,2010-01-07 17:11:00,2011-11-23 15:23:00,10,3854.85,385.485,16,701,True,2010-02-22 11:13:00,45.0,True,True,5,5,5,15,Champions,Active repeat,Protect high-value active
16058,2010-10-29 16:48:00,2010-10-29 16:48:00,1,62.7,62.7,406,406,False,,,True,False,2,1,1,4,Hibernating,Dormant,Low-cost reactivation
16059,2010-05-19 13:04:00,2011-10-05 09:56:00,12,3053.57,254.46416666666667,66,569,True,2010-06-06 11:06:00,17.0,True,True,3,5,5,13,Loyal Customers,Active repeat,Protect high-value active
16060,2010-08-02 15:26:00,2010-11-04 12:10:00,3,541.95,180.65,401,494,True,2010-10-05 10:08:00,63.0,True,True,2,3,2,7,At Risk,Dormant,Low-cost reactivation
16061,2010-10-04 15:29:00,2010-10-04 15:29:00,1,89.65,89.65,431,431,False,,,True,False,1,1,1,3,Hibernating,Dormant,Low-cost reactivation
16062,2010-06-21 13:32:00,2011-11-30 12:15:00,8,2863.45,357.93125,10,536,True,2010-10-05 11:32:00,105.0,True,False,5,5,4,14,Champions,Active repeat,Protect high-value active
16063,2011-03-24 14:55:00,2011-03-24 14:55:00,1,335.32,335.32,260,260,False,,,True,False,2,1,2,5,Hibernating,Dormant,Low-cost reactivation
16064,2009-12-14 16:11:00,2009-12-14 16:11:00,1,109.31,109.31,725,725,False,,,True,False,1,1,1,3,Hibernating,Dormant,Low-cost reactivation
16065,2010-09-02 13:27:00,2010-12-09 13:03:00,8,1992.13,249.01625,365,463,True,2010-10-05 12:53:00,32.0,True,True,2,5,4,11,At Risk,Dormant,Low-cost reactivation
16066,2011-08-07 14:33:00,2011-11-23 11:54:00,5,1521.04,304.20799999999997,17,124,True,2011-10-09 11:53:00,62.0,True,True,5,4,4,13,Champions,Active repeat,Develop loyalty
16067,2010-02-02 18:01:00,2010-05-26 12:33:00,3,3269.11,1089.7033333333334,563,675,True,2010-03-28 15:40:00,53.0,True,True,1,3,5,9,At Risk,Dormant,Low-cost reactivation
16068,2010-04-25 11:52:00,2010-04-25 11:52:00,1,115.73,115.73,594,594,False,,,True,False,1,1,1,3,Hibernating,Dormant,Low-cost reactivation
16069,2010-10-18 10:32:00,2010-10-18 10:32:00,1,457.7,457.7,418,418,False,,,True,False,1,1,2,4,Hibernating,Dormant,Low-cost reactivation
16070,2011-11-07 16:36:00,2011-11-17 15:50:00,2,852.1500000000001,426.07500000000005,22,32,True,2011-11-17 15:50:00,9.0,False,False,4,2,3,9,Potential Loyalists,Active repeat,Develop loyalty
16071,2010-02-22 14:48:00,2011-10-26 11:14:00,4,1076.8000000000002,269.20000000000005,45,655,True,2010-03-23 10:28:00,28.0,True,True,4,4,3,11,Loyal Customers,Active repeat,Develop loyalty
16072,2010-06-08 16:47:00,2011-02-24 14:32:00,4,4180.09,1045.0225,288,549,True,2010-10-07 15:33:00,120.0,True,False,2,4,5,11,At Risk,Dormant,Low-cost reactivation
16073,2011-02-15 15:41:00,2011-02-15 15:41:00,1,122.39999999999999,122.39999999999999,297,297,False,,,True,False,2,1,1,4,Hibernating,Dormant,Low-cost reactivation
16074,2010-11-14 13:19:00,2010-11-14 13:19:00,1,252.5,252.5,390,390,False,,,True,False,2,1,1,4,Hibernating,Dormant,Low-cost reactivation
16075,2010-05-24 15:57:00,2010-07-25 11:31:00,2,736.9300000000001,368.46500000000003,503,564,True,2010-07-25 11:31:00,61.0,True,True,1,2,3,6,Hibernating,Dormant,Low-cost reactivation
16076,2011-05-15 12:31:00,2011-12-06 14:59:00,10,2234.73,223.473,3,209,True,2011-07-28 12:28:00,73.0,True,True,5,5,4,14,Champions,Active repeat,Develop loyalty
16077,2010-03-24 10:42:00,2010-03-24 10:42:00,1,2300.4,2300.4,626,626,False,,,True,False,1,1,4,6,Hibernating,Dormant,Low-cost reactivation
16078,2010-02-08 13:29:00,2011-03-01 09:47:00,2,362.99,181.495,284,669,True,2011-03-01 09:47:00,385.0,True,False,2,2,2,6,Hibernating,Dormant,Low-cost reactivation
16079,2011-10-30 13:06:00,2011-11-23 12:48:00,3,1352.0,450.6666666666667,17,40,True,2011-11-16 09:34:00,16.0,False,False,5,3,4,12,Potential Loyalists,Active repeat,Develop loyalty
16080,2010-09-15 14:19:00,2011-09-19 10:42:00,4,602.5600000000001,150.64000000000001,82,450,True,2010-11-19 08:18:00,64.0,True,True,3,4,2,9,Loyal Customers,Active repeat,Develop loyalty
16081,2010-02-03 12:46:00,2011-10-14 13:06:00,8,4278.96,534.87,56,675,True,2010-05-14 12:06:00,99.0,True,False,4,5,5,14,Champions,Active repeat,Protect high-value active
16082,2010-02-07 15:16:00,2010-02-07 15:16:00,1,106.75,106.75,670,670,False,,,True,False,1,1,1,3,Hibernating,Dormant,Low-cost reactivation
16083,2010-11-16 11:53:00,2011-08-31 10:47:00,4,2351.42,587.855,101,389,True,2010-11-22 12:55:00,6.0,True,True,3,4,4,11,Loyal Customers,At risk,Win back high-value
16084,2011-02-13 16:05:00,2011-02-13 16:05:00,1,436.18,436.18,299,299,False,,,True,False,2,1,2,5,Hibernating,Dormant,Low-cost reactivation
16085,2010-01-20 14:03:00,2011-11-16 13:24:00,12,2341.03,195.08583333333334,23,688,True,2010-03-17 14:12:00,56.0,True,True,4,5,4,13,Champions,Active repeat,Protect high-value active
16086,2009-12-02 13:20:00,2011-10-11 13:09:00,10,2687.73,268.773,59,737,True,2010-04-21 13:28:00,140.0,True,False,3,5,4,12,Loyal Customers,Active repeat,Protect high-value active
16087,2010-01-19 12:30:00,2010-11-15 16:44:00,5,1739.92,347.98400000000004,389,690,True,2010-02-01 12:03:00,12.0,True,True,2,4,4,10,At Risk,Dormant,Low-cost reactivation
16088,2010-04-27 10:56:00,2010-05-13 10:16:00,2,1437.4299999999998,718.7149999999999,576,592,True,2010-05-13 10:16:00,15.0,True,True,1,2,4,7,Hibernating,Dormant,Low-cost reactivation
16089,2010-07-18 15:51:00,2010-11-18 13:51:00,2,263.49,131.745,386,509,True,2010-11-18 13:51:00,122.0,True,False,2,2,1,5,Hibernating,Dormant,Low-cost reactivation
16090,2010-03-25 13:05:00,2010-03-25 13:05:00,1,180.56,180.56,624,624,False,,,True,False,1,1,1,3,Hibernating,Dormant,Low-cost reactivation
16091,2011-05-25 09:18:00,2011-07-08 08:45:00,2,315.06,157.53,155,199,True,2011-07-08 08:45:00,43.0,True,True,3,2,2,7,Needs Attention,At risk,Test win-back
16092,2010-05-09 16:10:00,2011-08-17 10:46:00,6,1587.94,264.6566666666667,115,579,True,2010-05-09 16:11:00,0.0,True,True,3,4,4,11,Loyal Customers,At risk,Test win-back
16093,2011-08-25 11:09:00,2011-08-25 11:09:00,1,17.0,17.0,107,107,False,,,True,False,3,1,1,5,Needs Attention,At risk,Test win-back
16094,2010-04-16 14:00:00,2011-11-28 12:45:00,11,3695.56,335.96,12,602,True,2010-05-17 14:14:00,31.0,True,True,5,5,5,15,Champions,Active repeat,Protect high-value active
16095,2010-09-09 16:54:00,2010-09-09 16:54:00,1,447.05,447.05,456,456,False,,,True,False,1,1,2,4,Hibernating,Dormant,Low-cost reactivation
16096,2010-03-04 15:44:00,2011-03-20 13:38:00,4,1584.97,396.2425,264,645,True,2010-04-30 12:25:00,56.0,True,True,2,4,4,10,At Risk,Dormant,Low-cost reactivation
16097,2011-04-13 13:47:00,2011-04-13 13:47:00,1,185.04999999999998,185.04999999999998,240,240,False,,,True,False,2,1,1,4,Hibernating,Dormant,Low-cost reactivation
16098,2009-12-15 09:40:00,2011-09-13 09:59:00,14,4010.7,286.4785714285714,88,725,True,2010-02-16 10:26:00,63.0,True,True,3,5,5,13,Loyal Customers,Active repeat,Protect high-value active
16099,2010-03-03 11:13:00,2011-10-20 13:13:00,7,1573.2,224.74285714285716,50,647,True,2010-04-26 11:00:00,53.0,True,True,4,4,4,12,Champions,Active repeat,Develop loyalty
16100,2010-09-03 11:39:00,2010-09-03 11:39:00,1,582.64,582.64,463,463,False,,,True,False,1,1,2,4,Hibernating,Dormant,Low-cost reactivation
16101,2010-05-27 12:50:00,2011-09-30 10:18:00,4,3229.16,807.29,71,562,True,2010-08-15 14:38:00,80.0,True,True,3,4,5,12,Loyal Customers,Active repeat,Protect high-value active
16102,2011-08-03 12:50:00,2011-10-28 13:19:00,3,1842.14,614.0466666666667,42,129,True,2011-09-02 11:54:00,29.0,True,True,4,3,4,11,Potential Loyalists,Active repeat,Develop loyalty
16103,2010-01-08 12:08:00,2011-12-02 14:16:00,22,6191.71,281.44136363636363,7,701,True,2010-02-09 13:20:00,32.0,True,True,5,5,5,15,Champions,Active repeat,Protect high-value active
16104,2009-12-06 10:41:00,2011-10-09 10:23:00,9,2774.46,308.2733333333333,62,734,True,2009-12-13 10:54:00,7.0,True,True,3,5,4,12,Loyal Customers,Active repeat,Protect high-value active
16105,2010-04-14 13:27:00,2011-04-05 10:13:00,5,2386.19,477.238,249,604,True,2010-06-22 14:19:00,69.0,True,True,2,4,4,10,At Risk,Dormant,Low-cost reactivation
16106,2011-10-05 10:37:00,2011-10-05 10:37:00,1,108.38,108.38,66,66,False,,,False,False,3,1,1,5,Needs Attention,New,Drive second purchase
16107,2011-06-09 18:42:00,2011-11-22 09:40:00,7,3204.1600000000003,457.7371428571429,18,183,True,2011-07-22 12:41:00,42.0,True,True,5,4,5,14,Champions,Active repeat,Protect high-value active
16108,2010-03-18 14:14:00,2011-09-16 11:48:00,4,2235.92,558.98,85,631,True,2010-05-06 16:21:00,49.0,True,True,3,4,4,11,Loyal Customers,Active repeat,Develop loyalty
16109,2010-01-10 10:37:00,2011-05-05 09:17:00,3,939.48,313.16,219,699,True,2011-02-04 12:37:00,390.0,True,False,2,3,3,8,At Risk,Dormant,Low-cost reactivation
16110,2010-07-05 13:04:00,2011-10-25 14:35:00,4,1781.59,445.3975,45,522,True,2011-02-01 14:01:00,211.0,True,False,4,4,4,12,Champions,Active repeat,Develop loyalty
16111,2010-10-07 19:51:00,2010-10-07 19:51:00,1,549.33,549.33,428,428,False,,,True,False,1,1,2,4,Hibernating,Dormant,Low-cost reactivation
16112,2011-01-05 11:47:00,2011-07-19 14:28:00,4,195.74,48.935,143,339,True,2011-01-10 16:29:00,5.0,True,True,3,4,1,8,Loyal Customers,At risk,Test win-back
16113,2011-06-09 16:16:00,2011-06-09 16:16:00,1,161.38,161.38,183,183,False,,,True,False,3,1,1,5,Needs Attention,Dormant,Low-cost reactivation
16114,2011-06-22 10:13:00,2011-06-22 10:13:00,1,135.75000000000003,135.75000000000003,171,171,False,,,True,False,3,1,1,5,Needs Attention,At risk,Test win-back
16115,2010-05-14 11:59:00,2011-11-30 11:32:00,12,2553.8,212.8166666666667,10,575,True,2010-06-17 12:21:00,34.0,True,True,5,5,4,14,Champions,Active repeat,Protect high-value active
16116,2011-05-12 12:01:00,2011-05-12 12:01:00,1,612.78,612.78,212,212,False,,,True,False,2,1,3,6,Hibernating,Dormant,Low-cost reactivation
16117,2010-04-27 11:50:00,2011-06-03 11:42:00,3,654.4,218.13333333333333,190,592,True,2010-11-02 12:02:00,189.0,True,False,2,3,3,8,At Risk,Dormant,Low-cost reactivation
16118,2010-02-25 09:40:00,2010-02-25 09:40:00,1,4376.25,4376.25,653,653,False,,,True,False,1,1,5,7,Hibernating,Dormant,Low-cost reactivation
16119,2009-12-16 11:56:00,2011-12-01 15:11:00,8,1720.8100000000002,215.10125000000002,8,724,True,2010-05-02 13:24:00,137.0,True,False,5,5,4,14,Champions,Active repeat,Develop loyalty
16120,2010-10-13 15:07:00,2011-10-11 14:22:00,6,2967.51,494.58500000000004,59,422,True,2010-10-13 15:22:00,0.0,True,True,3,4,5,12,Loyal Customers,Active repeat,Protect high-value active
16121,2010-05-23 10:52:00,2011-10-13 12:59:00,5,1450.04,290.008,57,566,True,2010-11-14 11:18:00,175.0,True,False,4,4,4,12,Champions,Active repeat,Develop loyalty
16122,2010-10-10 15:26:00,2011-09-27 15:34:00,6,895.6200000000001,149.27,73,425,True,2010-11-30 10:25:00,50.0,True,True,3,4,3,10,Loyal Customers,Active repeat,Develop loyalty
16123,2011-10-19 09:18:00,2011-10-19 09:18:00,1,307.78,307.78,52,52,False,,,False,False,4,1,2,7,New Customers,New,Drive second purchase
16124,2009-12-07 10:33:00,2011-01-26 14:45:00,4,1772.49,443.1225,317,733,True,2010-05-05 10:53:00,149.0,True,False,2,4,4,10,At Risk,Dormant,Low-cost reactivation
16125,2009-12-14 15:38:00,2010-12-07 15:48:00,14,4292.35,306.5964285714286,367,725,True,2010-01-22 13:09:00,38.0,True,True,2,5,5,12,At Risk,Dormant,Low-cost reactivation
16126,2009-12-02 13:34:00,2011-11-10 16:03:00,15,14644.6,976.3066666666667,29,737,True,2010-01-21 16:44:00,50.0,True,True,4,5,5,14,Champions,Active repeat,Protect high-value active
16127,2009-12-13 12:19:00,2011-10-31 13:58:00,2,801.31,400.655,39,727,True,2011-10-31 13:58:00,687.0,True,False,4,2,3,9,Potential Loyalists,Active repeat,Develop loyalty
16128,2010-07-16 16:30:00,2011-11-22 11:14:00,11,3801.05,345.55,18,511,True,2010-07-27 11:55:00,10.0,True,True,5,5,5,15,Champions,Active repeat,Protect high-value active
16129,2010-07-20 12:32:00,2010-10-28 14:29:00,3,1396.05,465.34999999999997,407,508,True,2010-10-05 15:15:00,77.0,True,True,2,3,4,9,At Risk,Dormant,Low-cost reactivation
16130,2010-04-01 13:58:00,2010-10-13 15:14:00,4,987.48,246.87,422,617,True,2010-05-10 13:16:00,38.0,True,True,1,4,3,8,At Risk,Dormant,Low-cost reactivation
16131,2009-12-02 10:09:00,2011-10-19 11:53:00,12,9957.42,829.785,52,738,True,2010-04-22 09:50:00,140.0,True,False,4,5,5,14,Champions,Active repeat,Protect high-value active
16132,2010-03-22 10:25:00,2010-06-13 13:49:00,2,664.2,332.1,544,628,True,2010-06-13 13:49:00,83.0,True,True,1,2,3,6,Hibernating,Dormant,Low-cost reactivation
16133,2010-03-31 12:21:00,2011-12-06 11:24:00,56,22992.260000000002,410.5760714285715,4,619,True,2010-03-31 12:22:00,0.0,True,True,5,5,5,15,Champions,Active repeat,Protect high-value active
16134,2010-06-17 09:48:00,2011-11-18 10:05:00,5,2145.34,429.06800000000004,22,541,True,2010-09-08 15:38:00,83.0,True,True,4,4,4,12,Champions,Active repeat,Develop loyalty
16135,2010-05-05 09:35:00,2011-03-22 12:30:00,2,819.4499999999999,409.72499999999997,263,584,True,2011-03-22 12:30:00,321.0,True,False,2,2,3,7,Hibernating,Dormant,Low-cost reactivation
16136,2010-02-14 12:49:00,2011-10-11 09:10:00,4,946.8,236.7,60,664,True,2011-03-07 09:52:00,385.0,True,False,3,4,3,10,Loyal Customers,Active repeat,Develop loyalty
16137,2010-01-28 15:04:00,2010-01-28 15:04:00,1,422.7,422.7,680,680,False,,,True,False,1,1,2,4,Hibernating,Dormant,Low-cost reactivation
16138,2010-04-28 09:51:00,2010-11-26 12:13:00,3,910.3500000000001,303.45000000000005,379,591,True,2010-06-28 10:36:00,61.0,True,True,2,3,3,8,At Risk,Dormant,Low-cost reactivation
16139,2009-12-03 13:51:00,2011-11-21 08:37:00,5,1111.15,222.23000000000002,19,736,True,2009-12-17 11:24:00,13.0,True,True,5,4,3,12,Loyal Customers,Active repeat,Develop loyalty
16140,2010-09-24 12:03:00,2011-10-05 12:15:00,3,1433.46,477.82,66,442,True,2010-12-03 14:40:00,70.0,True,True,3,3,4,10,Needs Attention,Active repeat,Develop loyalty
16141,2010-10-18 14:12:00,2011-09-12 13:11:00,2,955.94,477.97,88,417,True,2011-09-12 13:11:00,328.0,True,False,3,2,3,8,Needs Attention,Active repeat,Develop loyalty
16142,2011-04-04 10:16:00,2011-04-04 10:16:00,1,535.34,535.34,250,250,False,,,True,False,2,1,2,5,Hibernating,Dormant,Low-cost reactivation
16143,2009-12-10 09:44:00,2011-12-06 14:13:00,12,4555.08,379.59,3,730,True,2010-02-18 11:00:00,70.0,True,True,5,5,5,15,Champions,Active repeat,Protect high-value active
16144,2011-04-07 10:09:00,2011-04-07 10:09:00,1,175.2,175.2,247,247,False,,,True,False,2,1,1,4,Hibernating,Dormant,Low-cost reactivation
16145,2010-05-04 13:31:00,2011-12-01 10:33:00,19,6805.4400000000005,358.18105263157895,9,584,True,2010-06-11 10:12:00,37.0,True,True,5,5,5,15,Champions,Active repeat,Protect high-value active
16146,2010-09-17 10:46:00,2011-07-05 14:20:00,4,946.38,236.595,157,449,True,2011-04-21 15:25:00,216.0,True,False,3,4,3,10,Loyal Customers,At risk,Test win-back
16147,2010-02-05 12:26:00,2011-07-29 09:57:00,5,2398.91,479.782,134,673,True,2010-05-18 10:24:00,101.0,True,False,3,4,4,11,Loyal Customers,At risk,Win back high-value
16148,2010-09-29 10:12:00,2011-02-16 14:01:00,2,386.62,193.31,296,437,True,2011-02-16 14:01:00,140.0,True,False,2,2,2,6,Hibernating,Dormant,Low-cost reactivation
16149,2010-10-06 15:54:00,2011-12-05 11:29:00,3,422.22,140.74,5,429,True,2011-07-20 14:54:00,286.0,True,False,5,3,2,10,Potential Loyalists,Active repeat,Develop loyalty
16150,2009-12-17 15:33:00,2011-10-28 12:39:00,10,4002.17,400.217,43,722,True,2010-03-16 14:24:00,88.0,True,True,4,5,5,14,Champions,Active repeat,Protect high-value active
16152,2011-03-16 09:47:00,2011-03-16 09:47:00,1,1829.04,1829.04,269,269,False,,,True,False,2,1,4,7,Hibernating,Dormant,Low-cost reactivation
16153,2010-05-26 12:41:00,2011-10-21 10:50:00,11,5133.49,466.6809090909091,50,563,True,2010-07-06 12:38:00,40.0,True,True,4,5,5,14,Champions,Active repeat,Protect high-value active
16155,2010-06-18 11:23:00,2010-11-23 12:03:00,5,796.9,159.38,382,540,True,2010-07-25 13:35:00,37.0,True,True,2,4,3,9,At Risk,Dormant,Low-cost reactivation
16156,2009-12-02 17:06:00,2011-12-01 12:42:00,20,6188.18,309.409,9,737,True,2009-12-11 10:32:00,8.0,True,True,5,5,5,15,Champions,Active repeat,Protect high-value active
16157,2011-09-28 11:48:00,2011-11-24 11:41:00,3,656.69,218.89666666666668,16,73,True,2011-11-16 11:31:00,48.0,False,False,5,3,3,11,Potential Loyalists,Active repeat,Develop loyalty
16158,2009-12-05 15:00:00,2010-07-05 13:55:00,9,628.32,69.81333333333333,522,734,True,2009-12-15 10:21:00,9.0,True,True,1,5,3,9,At Risk,Dormant,Low-cost reactivation
16159,2009-12-03 11:51:00,2011-03-03 12:27:00,4,1232.79,308.1975,282,737,True,2010-03-02 14:57:00,89.0,True,True,2,4,4,10,At Risk,Dormant,Low-cost reactivation
16160,2011-09-15 10:53:00,2011-10-05 14:19:00,2,1025.44,512.72,65,86,True,2011-10-05 14:19:00,20.0,False,False,3,2,3,8,Needs Attention,Active repeat,Develop loyalty
16161,2010-02-08 11:06:00,2011-12-08 12:10:00,43,12580.06,292.5595348837209,2,670,True,2010-03-11 10:56:00,30.0,True,True,5,5,5,15,Champions,Active repeat,Protect high-value active
16162,2011-04-01 15:03:00,2011-04-01 15:03:00,1,37.4,37.4,252,252,False,,,True,False,2,1,1,4,Hibernating,Dormant,Low-cost reactivation
16163,2009-12-02 10:00:00,2011-04-21 15:15:00,6,2407.98,401.33,232,738,True,2009-12-08 13:24:00,6.0,True,True,2,4,4,10,At Risk,Dormant,Low-cost reactivation
16164,2011-10-28 09:12:00,2011-11-22 15:04:00,3,822.48,274.16,17,43,True,2011-11-15 10:41:00,18.0,False,False,5,3,3,11,Potential Loyalists,Active repeat,Develop loyalty
16165,2010-07-22 14:17:00,2010-07-22 14:17:00,1,79.9,79.9,505,505,False,,,True,False,1,1,1,3,Hibernating,Dormant,Low-cost reactivation
16166,2010-01-17 14:16:00,2010-10-07 15:44:00,2,435.83000000000004,217.91500000000002,428,691,True,2010-10-07 15:44:00,263.0,True,False,1,2,2,5,Hibernating,Dormant,Low-cost reactivation
16167,2009-12-01 10:46:00,2010-10-21 15:33:00,5,1386.1200000000001,277.22400000000005,414,739,True,2010-04-01 17:23:00,121.0,True,False,1,4,4,9,At Risk,Dormant,Low-cost reactivation
16168,2009-12-03 12:38:00,2011-11-29 12:45:00,66,10360.67,156.97984848484847,11,737,True,2009-12-09 16:26:00,6.0,True,True,5,5,5,15,Champions,Active repeat,Protect high-value active
16169,2011-09-25 11:33:00,2011-12-01 15:28:00,4,1822.97,455.7425,8,76,True,2011-10-31 12:21:00,36.0,False,False,5,4,4,13,Champions,Active repeat,Develop loyalty
16170,2010-02-18 13:50:00,2011-10-20 08:21:00,20,6869.0,343.45,51,659,True,2010-03-26 12:19:00,35.0,True,True,4,5,5,14,Champions,Active repeat,Protect high-value active
16171,2011-10-11 14:51:00,2011-10-11 14:51:00,1,73.2,73.2,59,59,False,,,False,False,3,1,1,5,Needs Attention,New,Drive second purchase
16172,2010-07-14 15:34:00,2011-09-05 13:22:00,8,1884.55,235.56875,95,513,True,2010-07-19 14:21:00,4.0,True,True,3,5,4,12,Loyal Customers,At risk,Test win-back
16173,2011-09-02 15:23:00,2011-11-24 10:53:00,6,1418.3200000000002,236.38666666666668,16,98,True,2011-09-09 09:03:00,6.0,True,True,5,4,4,13,Champions,Active repeat,Develop loyalty
16174,2010-04-15 15:12:00,2011-08-05 13:26:00,7,2246.75,320.9642857142857,126,603,True,2010-05-07 09:58:00,21.0,True,True,3,4,4,11,Loyal Customers,At risk,Test win-back
16175,2010-05-25 12:01:00,2011-09-06 14:32:00,7,1836.4399999999998,262.3485714285714,94,564,True,2010-07-16 10:36:00,51.0,True,True,3,4,4,11,Loyal Customers,At risk,Test win-back
16176,2010-03-29 14:52:00,2010-10-14 13:54:00,4,2052.69,513.1725,421,620,True,2010-04-22 17:41:00,24.0,True,True,1,4,4,9,At Risk,Dormant,Low-cost reactivation
16177,2010-03-02 14:03:00,2011-10-20 12:57:00,8,2247.31,280.91375,50,647,True,2010-05-20 13:56:00,78.0,True,True,4,5,4,13,Champions,Active repeat,Develop loyalty
16178,2010-11-03 14:46:00,2011-07-24 16:05:00,2,612.6,306.3,138,401,True,2011-07-24 16:05:00,263.0,True,False,3,2,3,8,Needs Attention,At risk,Test win-back
16179,2011-10-10 09:41:00,2011-10-10 09:41:00,1,215.83,215.83,61,61,False,,,False,False,3,1,1,5,Needs Attention,New,Drive second purchase
16180,2010-06-23 13:19:00,2011-08-31 16:28:00,13,16249.87,1249.99,100,534,True,2010-06-23 13:21:00,0.0,True,True,3,5,5,13,Loyal Customers,At risk,Win back high-value
16181,2011-09-27 13:38:00,2011-09-27 13:38:00,1,305.54,305.54,73,73,False,,,False,False,3,1,2,6,Needs Attention,New,Drive second purchase
16182,2010-03-09 09:34:00,2011-09-28 13:23:00,9,9971.65,1107.961111111111,72,641,True,2010-04-28 10:29:00,50.0,True,True,3,5,5,13,Loyal Customers,Active repeat,Protect high-value active
16183,2010-10-28 14:43:00,2011-10-03 14:59:00,4,1077.81,269.4525,67,407,True,2010-11-03 13:14:00,5.0,True,True,3,4,3,10,Loyal Customers,Active repeat,Develop loyalty
16184,2011-05-12 13:33:00,2011-10-06 17:43:00,6,1158.79,193.13166666666666,64,211,True,2011-06-10 13:59:00,29.0,True,True,3,4,3,10,Loyal Customers,Active repeat,Develop loyalty
16185,2010-05-24 11:04:00,2011-11-23 09:41:00,3,644.72,214.90666666666667,17,565,True,2011-04-21 11:59:00,332.0,True,False,5,3,3,11,Potential Loyalists,Active repeat,Develop loyalty
16186,2009-12-09 15:36:00,2011-11-17 12:43:00,26,8718.43,335.3242307692308,23,730,True,2010-03-15 11:39:00,95.0,True,False,4,5,5,14,Champions,Active repeat,Protect high-value active
16187,2011-02-28 13:34:00,2011-11-08 09:50:00,15,6911.4400000000005,460.7626666666667,32,284,True,2011-02-28 13:35:00,0.0,True,True,4,5,5,14,Champions,Active repeat,Protect high-value active
16188,2010-10-27 11:50:00,2011-10-26 12:19:00,5,1087.66,217.532,45,409,True,2011-04-11 09:44:00,165.0,True,False,4,4,3,11,Loyal Customers,Active repeat,Develop loyalty
16189,2011-09-15 15:21:00,2011-11-24 11:47:00,2,215.48,107.74,16,85,True,2011-11-24 11:47:00,69.0,False,False,5,2,1,8,Potential Loyalists,Active repeat,Develop loyalty
16190,2009-12-14 11:59:00,2011-10-30 15:59:00,8,2723.55,340.44375,40,726,True,2010-04-19 14:34:00,126.0,True,False,4,5,4,13,Champions,Active repeat,Protect high-value active
16191,2009-12-11 12:24:00,2011-12-07 11:26:00,24,15677.82,653.2425,3,729,True,2010-06-11 10:47:00,181.0,True,False,5,5,5,15,Champions,Active repeat,Protect high-value active
16192,2009-12-04 12:28:00,2009-12-04 12:28:00,1,351.3,351.3,736,736,False,,,True,False,1,1,2,4,Hibernating,Dormant,Low-cost reactivation
16193,2010-10-25 10:25:00,2011-04-17 11:45:00,2,630.4300000000001,315.21500000000003,237,411,True,2011-04-17 11:45:00,174.0,True,False,2,2,3,7,Hibernating,Dormant,Low-cost reactivation
16194,2010-11-29 13:28:00,2010-11-29 13:28:00,1,308.59999999999997,308.59999999999997,375,375,False,,,True,False,2,1,2,5,Hibernating,Dormant,Low-cost reactivation
16195,2009-12-16 14:09:00,2009-12-16 14:09:00,1,323.25,323.25,723,723,False,,,True,False,1,1,2,4,Hibernating,Dormant,Low-cost reactivation
16196,2010-08-08 11:40:00,2010-08-08 11:40:00,1,93.3,93.3,489,489,False,,,True,False,1,1,1,3,Hibernating,Dormant,Low-cost reactivation
16197,2009-12-16 11:44:00,2010-08-27 12:56:00,9,2016.71,224.07888888888888,469,724,True,2010-03-29 15:03:00,103.0,True,False,1,5,4,10,At Risk,Dormant,Low-cost reactivation
16198,2010-09-28 13:59:00,2011-09-25 14:58:00,2,1030.0410000000002,515.0205000000001,75,437,True,2011-09-25 14:58:00,362.0,True,False,3,2,3,8,Needs Attention,Active repeat,Develop loyalty
16199,2010-03-18 18:47:00,2010-11-12 12:55:00,7,942.75,134.67857142857142,392,631,True,2010-06-09 15:15:00,82.0,True,True,2,4,3,9,At Risk,Dormant,Low-cost reactivation
16200,2009-12-02 15:04:00,2011-12-05 14:40:00,12,5608.1,467.3416666666667,4,737,True,2009-12-02 15:15:00,0.0,True,True,5,5,5,15,Champions,Active repeat,Protect high-value active
16201,2010-10-20 12:00:00,2011-12-06 16:02:00,5,2112.12,422.424,3,416,True,2011-08-22 10:47:00,305.0,True,False,5,4,4,13,Champions,Active repeat,Develop loyalty
16202,2009-12-02 10:48:00,2010-12-14 10:43:00,9,2501.99,277.99888888888887,361,738,True,2009-12-15 12:29:00,13.0,True,True,2,5,4,11,At Risk,Dormant,Low-cost reactivation
16203,2010-07-23 13:09:00,2011-10-12 12:31:00,6,943.8399999999999,157.30666666666664,59,504,True,2010-11-11 13:33:00,111.0,True,False,3,4,3,10,Loyal Customers,Active repeat,Develop loyalty
16204,2009-12-08 17:44:00,2011-11-16 13:40:00,3,918.71,306.2366666666667,23,731,True,2010-11-24 15:03:00,350.0,True,False,4,3,3,10,Potential Loyalists,Active repeat,Develop loyalty
16205,2010-06-15 11:58:00,2011-11-09 09:32:00,7,1820.1100000000001,260.0157142857143,31,543,True,2010-10-04 12:46:00,111.0,True,False,4,4,4,12,Champions,Active repeat,Develop loyalty
16206,2010-01-24 15:25:00,2011-10-16 10:41:00,13,2589.87,199.22076923076924,55,684,True,2010-05-30 11:37:00,125.0,True,False,4,5,4,13,Champions,Active repeat,Protect high-value active
16207,2011-11-14 13:51:00,2011-11-14 13:51:00,1,394.38,394.38,25,25,False,,,False,False,4,1,2,7,New Customers,New,Drive second purchase
16208,2010-02-24 14:24:00,2011-10-26 11:36:00,10,3440.45,344.04499999999996,45,653,True,2010-03-09 12:53:00,12.0,True,True,4,5,5,14,Champions,Active repeat,Protect high-value active
16209,2010-06-11 11:58:00,2011-09-12 11:58:00,9,4146.78,460.75333333333333,89,547,True,2010-06-15 12:05:00,4.0,True,True,3,5,5,13,Loyal Customers,Active repeat,Protect high-value active
16210,2009-12-02 12:54:00,2011-12-08 12:36:00,35,33750.97,964.3134285714286,2,737,True,2009-12-08 12:58:00,6.0,True,True,5,5,5,15,Champions,Active repeat,Protect high-value active
16211,2010-09-27 15:24:00,2011-09-12 12:11:00,3,1090.59,363.53,89,438,True,2010-10-14 13:20:00,16.0,True,True,3,3,3,9,Needs Attention,Active repeat,Develop loyalty
16212,2010-02-07 15:26:00,2011-11-20 13:00:00,4,1293.71,323.4275,19,670,True,2010-03-31 12:16:00,51.0,True,True,5,4,4,13,Champions,Active repeat,Develop loyalty
16213,2011-09-22 10:03:00,2011-09-22 10:03:00,1,159.0,159.0,79,79,False,,,False,False,3,1,1,5,Needs Attention,New,Drive second purchase
16214,2010-09-30 13:57:00,2011-06-22 11:30:00,4,2038.25,509.5625,171,435,True,2011-03-15 13:23:00,165.0,True,False,3,4,4,11,Loyal Customers,At risk,Test win-back
16215,2011-09-20 10:18:00,2011-09-20 10:18:00,1,242.35,242.35,81,81,False,,,False,False,3,1,1,5,Needs Attention,New,Drive second purchase
16216,2011-03-17 15:34:00,2011-03-17 15:34:00,1,914.9300000000001,914.9300000000001,267,267,False,,,True,False,2,1,3,6,Hibernating,Dormant,Low-cost reactivation
16217,2011-03-02 15:28:00,2011-04-18 13:31:00,2,304.25,152.125,235,282,True,2011-04-18 13:31:00,46.0,True,True,2,2,2,6,Hibernating,Dormant,Low-cost reactivation
16218,2010-05-27 16:09:00,2011-11-10 09:59:00,13,3968.67,305.2823076923077,30,561,True,2010-09-12 11:47:00,107.0,True,False,4,5,5,14,Champions,Active repeat,Protect high-value active
16219,2010-07-27 11:44:00,2010-07-27 11:44:00,1,40.8,40.8,501,501,False,,,True,False,1,1,1,3,Hibernating,Dormant,Low-cost reactivation
16221,2010-08-10 13:32:00,2011-11-03 11:43:00,9,2019.92,224.43555555555557,37,486,True,2010-08-17 13:30:00,6.0,True,True,4,5,4,13,Champions,Active repeat,Develop loyalty
16222,2009-12-18 14:31:00,2011-01-25 13:38:00,2,1272.0500000000002,636.0250000000001,318,721,True,2011-01-25 13:38:00,402.0,True,False,2,2,4,8,Hibernating,Dormant,Low-cost reactivation
16223,2010-11-09 12:07:00,2010-11-30 11:50:00,2,1087.0500000000002,543.5250000000001,375,396,True,2010-11-30 11:50:00,20.0,True,True,2,2,3,7,Hibernating,Dormant,Low-cost reactivation
16224,2010-11-17 13:14:00,2011-10-13 17:51:00,5,1616.54,323.308,57,387,True,2011-04-04 12:00:00,137.0,True,False,4,4,4,12,Champions,Active repeat,Develop loyalty
16225,2010-02-07 12:41:00,2011-10-26 08:30:00,15,2859.31,190.62066666666666,45,671,True,2010-02-15 09:19:00,7.0,True,True,4,5,4,13,Champions,Active repeat,Protect high-value active
16226,2010-10-22 11:19:00,2011-05-20 14:41:00,5,672.1700000000001,134.43400000000003,203,414,True,2010-11-26 13:36:00,35.0,True,True,2,4,3,9,At Risk,Dormant,Low-cost reactivation
16227,2010-06-22 13:28:00,2011-04-28 13:33:00,3,1027.22,342.4066666666667,225,535,True,2010-08-02 14:16:00,41.0,True,True,2,3,3,8,At Risk,Dormant,Low-cost reactivation
16228,2010-11-04 18:54:00,2010-11-19 14:20:00,3,885.71,295.2366666666667,385,400,True,2010-11-04 18:57:00,0.0,True,True,2,3,3,8,At Risk,Dormant,Low-cost reactivation
16229,2010-05-24 12:59:00,2011-09-13 17:16:00,6,2867.8599999999997,477.97666666666663,87,564,True,2010-06-16 13:30:00,23.0,True,True,3,4,4,11,Loyal Customers,Active repeat,Protect high-value active
16230,2011-05-03 15:12:00,2011-06-03 10:06:00,2,542.03,271.015,190,220,True,2011-06-03 10:06:00,30.0,True,True,2,2,2,6,Hibernating,Dormant,Low-cost reactivation
16231,2010-04-21 12:06:00,2010-11-25 15:00:00,4,1074.47,268.6175,379,598,True,2010-10-11 17:29:00,173.0,True,False,2,4,3,9,At Risk,Dormant,Low-cost reactivation
16232,2010-06-07 14:04:00,2011-10-27 12:16:00,7,2712.97,387.5671428571428,44,550,True,2010-08-12 10:04:00,65.0,True,True,4,4,4,12,Champions,Active repeat,Protect high-value active
16233,2009-12-02 13:23:00,2011-09-29 17:27:00,9,1818.31,202.03444444444443,71,737,True,2010-01-21 15:44:00,50.0,True,True,3,5,4,12,Loyal Customers,Active repeat,Develop loyalty
16234,2010-05-27 10:39:00,2010-08-20 14:33:00,3,333.18,111.06,476,562,True,2010-07-13 12:22:00,47.0,True,True,1,3,2,6,At Risk,Dormant,Low-cost reactivation
16235,2010-08-26 12:10:00,2011-10-30 10:56:00,9,2053.71,228.19,41,471,True,2010-09-03 13:06:00,8.0,True,True,4,5,4,13,Champions,Active repeat,Develop loyalty
16236,2011-09-22 14:10:00,2011-09-22 14:10:00,1,432.2,432.2,78,78,False,,,False,False,3,1,2,6,Needs Attention,New,Drive second purchase
16237,2010-09-28 17:02:00,2010-09-28 17:02:00,1,136.65,136.65,437,437,False,,,True,False,1,1,1,3,Hibernating,Dormant,Low-cost reactivation
16238,2010-10-13 12:36:00,2010-10-13 12:36:00,1,63.66,63.66,423,423,False,,,True,False,1,1,1,3,Hibernating,Dormant,Low-cost reactivation
16239,2010-09-02 19:17:00,2011-10-14 08:29:00,6,1492.2,248.70000000000002,57,463,True,2010-10-06 12:10:00,33.0,True,True,4,4,4,12,Champions,Active repeat,Develop loyalty
16240,2011-09-23 13:44:00,2011-11-15 14:30:00,2,3718.8,1859.4,24,77,True,2011-11-15 14:30:00,53.0,False,False,4,2,5,11,Potential Loyalists,Active repeat,Protect high-value active
16241,2010-10-25 13:40:00,2011-11-30 11:08:00,16,3992.86,249.55375,10,410,True,2010-11-12 13:34:00,17.0,True,True,5,5,5,15,Champions,Active repeat,Protect high-value active
16242,2010-03-15 16:02:00,2011-12-01 15:12:00,14,7404.650000000001,528.9035714285715,8,634,True,2010-04-26 15:43:00,41.0,True,True,5,5,5,15,Champions,Active repeat,Protect high-value active
16243,2011-10-16 12:09:00,2011-11-06 12:32:00,2,409.1,204.55,34,55,True,2011-11-06 12:32:00,21.0,False,False,4,2,2,8,Potential Loyalists,Active repeat,Develop loyalty
16244,2010-12-02 11:41:00,2011-05-12 10:18:00,2,1522.75,761.375,212,373,True,2011-05-12 10:18:00,160.0,True,False,2,2,4,8,Hibernating,Dormant,Low-cost reactivation
16245,2011-03-28 09:30:00,2011-11-16 10:14:00,3,1413.66,471.22,24,257,True,2011-08-10 09:34:00,135.0,True,False,4,3,4,11,Potential Loyalists,Active repeat,Develop loyalty
16246,2010-02-08 12:32:00,2010-09-06 12:04:00,2,821.35,410.675,460,670,True,2010-09-06 12:04:00,209.0,True,False,1,2,3,6,Hibernating,Dormant,Low-cost reactivation
16247,2011-06-22 14:23:00,2011-06-22 14:23:00,1,114.56,114.56,170,170,False,,,True,False,3,1,1,5,Needs Attention,At risk,Test win-back
16248,2011-10-09 11:32:00,2011-10-09 11:32:00,1,152.94,152.94,62,62,False,,,False,False,3,1,1,5,Needs Attention,New,Drive second purchase
16249,2011-04-14 13:50:00,2011-10-18 10:07:00,5,1800.0700000000002,360.014,53,239,True,2011-05-22 14:09:00,38.0,True,True,4,4,4,12,Champions,Active repeat,Develop loyalty
16250,2010-11-18 10:43:00,2011-03-23 15:07:00,3,565.24,188.41333333333333,261,387,True,2010-12-01 09:59:00,12.0,True,True,2,3,2,7,At Risk,Dormant,Low-cost reactivation
16251,2010-07-15 14:55:00,2010-07-15 14:55:00,1,128.31,128.31,512,512,False,,,True,False,1,1,1,3,Hibernating,Dormant,Low-cost reactivation
16252,2010-11-22 11:57:00,2010-11-22 11:57:00,1,295.09000000000003,295.09000000000003,383,383,False,,,True,False,2,1,2,5,Hibernating,Dormant,Low-cost reactivation
16253,2009-12-08 17:24:00,2011-10-04 09:09:00,7,7272.2,1038.8857142857144,67,731,True,2010-01-19 11:20:00,41.0,True,True,3,4,5,12,Loyal Customers,Active repeat,Protect high-value active
16254,2010-03-17 15:43:00,2010-11-26 13:22:00,3,967.44,322.48,378,632,True,2010-07-26 14:17:00,130.0,True,False,2,3,3,8,At Risk,Dormant,Low-cost reactivation
16255,2010-01-24 12:21:00,2011-11-23 12:40:00,15,4530.0,302.0,17,685,True,2010-03-14 12:18:00,48.0,True,True,5,5,5,15,Champions,Active repeat,Protect high-value active
16256,2010-04-21 10:34:00,2011-03-18 12:18:00,3,1629.3700000000001,543.1233333333333,267,598,True,2010-08-03 08:58:00,103.0,True,False,2,3,4,9,At Risk,Dormant,Low-cost reactivation
16257,2011-06-16 10:11:00,2011-06-16 10:11:00,1,46.95,46.95,177,177,False,,,True,False,3,1,1,5,Needs Attention,At risk,Test win-back
16258,2010-03-10 14:19:00,2011-10-25 13:30:00,15,11942.52,796.168,45,639,True,2010-04-30 07:58:00,50.0,True,True,4,5,5,14,Champions,Active repeat,Protect high-value active
16259,2010-04-13 16:57:00,2010-10-25 14:27:00,3,340.94,113.64666666666666,410,605,True,2010-04-13 17:15:00,0.0,True,True,2,3,2,7,At Risk,Dormant,Low-cost reactivation
16260,2011-10-20 09:40:00,2011-10-20 09:40:00,1,1035.45,1035.45,51,51,False,,,False,False,4,1,3,8,New Customers,New,Drive second purchase
16261,2010-09-23 16:40:00,2011-11-22 17:23:00,6,1041.16,173.52666666666667,17,442,True,2010-11-18 19:22:00,56.0,True,True,5,4,3,12,Loyal Customers,Active repeat,Develop loyalty
16262,2010-11-26 13:22:00,2010-11-26 13:22:00,1,755.15,755.15,378,378,False,,,True,False,2,1,3,6,Hibernating,Dormant,Low-cost reactivation
16263,2010-10-12 14:52:00,2010-10-12 14:52:00,1,348.16,348.16,423,423,False,,,True,False,1,1,2,4,Hibernating,Dormant,Low-cost reactivation
16264,2010-09-19 16:14:00,2010-09-27 15:00:00,2,823.53,411.765,438,446,True,2010-09-27 15:00:00,7.0,True,True,1,2,3,6,Hibernating,Dormant,Low-cost reactivation
16265,2010-10-28 15:18:00,2011-11-30 16:41:00,12,6935.17,577.9308333333333,9,407,True,2010-11-05 12:09:00,7.0,True,True,5,5,5,15,Champions,Active repeat,Protect high-value active
16266,2010-02-04 16:21:00,2011-09-27 12:08:00,14,1757.95,125.56785714285715,74,673,True,2010-04-06 14:18:00,60.0,True,True,3,5,4,12,Loyal Customers,Active repeat,Develop loyalty
16267,2010-04-27 14:10:00,2010-04-27 14:10:00,1,186.66,186.66,591,591,False,,,True,False,1,1,1,3,Hibernating,Dormant,Low-cost reactivation
16268,2011-09-29 18:30:00,2011-09-29 18:30:00,2,667.65,333.825,71,71,True,2011-09-29 18:30:00,0.0,False,False,3,2,3,8,Needs Attention,Active repeat,Develop loyalty
16269,2010-09-28 11:50:00,2010-09-28 11:50:00,1,717.57,717.57,438,438,False,,,True,False,1,1,3,5,Hibernating,Dormant,Low-cost reactivation
16270,2010-12-21 14:26:00,2010-12-21 14:26:00,1,1141.24,1141.24,353,353,False,,,True,False,2,1,3,6,Hibernating,Dormant,Low-cost reactivation
16271,2010-03-07 12:03:00,2011-12-07 12:45:00,10,3397.82,339.78200000000004,3,643,True,2010-06-06 10:56:00,90.0,True,True,5,5,5,15,Champions,Active repeat,Protect high-value active
16272,2011-08-15 10:53:00,2011-08-15 10:53:00,1,411.7,411.7,117,117,False,,,True,False,3,1,2,6,Needs Attention,At risk,Test win-back
16273,2010-02-21 16:02:00,2010-03-01 13:24:00,2,318.34000000000003,159.17000000000002,648,656,True,2010-03-01 13:24:00,7.0,True,True,1,2,2,5,Hibernating,Dormant,Low-cost reactivation
16274,2010-12-01 15:35:00,2010-12-01 15:35:00,1,351.75,351.75,373,373,False,,,True,False,2,1,2,5,Hibernating,Dormant,Low-cost reactivation
16275,2010-03-08 14:41:00,2011-05-27 12:41:00,3,2151.11,717.0366666666667,197,641,True,2010-08-22 11:27:00,166.0,True,False,2,3,4,9,At Risk,Dormant,Low-cost reactivation
16276,2010-04-11 12:02:00,2011-06-16 09:34:00,3,2629.3900000000003,876.4633333333335,177,608,True,2010-08-17 13:40:00,128.0,True,False,3,3,4,10,Needs Attention,At risk,Win back high-value
16277,2009-12-06 11:27:00,2009-12-06 11:27:00,1,188.69,188.69,734,734,False,,,True,False,1,1,1,3,Hibernating,Dormant,Low-cost reactivation
16278,2010-07-28 15:40:00,2011-08-31 17:12:00,3,1117.84,372.6133333333333,100,499,True,2010-08-16 13:38:00,18.0,True,True,3,3,3,9,Needs Attention,At risk,Test win-back
16279,2010-04-22 14:09:00,2011-11-18 15:00:00,9,5698.280000000001,633.1422222222222,21,596,True,2010-06-03 11:44:00,41.0,True,True,4,5,5,14,Champions,Active repeat,Protect high-value active
16280,2009-12-14 15:49:00,2009-12-14 15:49:00,1,238.05,238.05,725,725,False,,,True,False,1,1,1,3,Hibernating,Dormant,Low-cost reactivation
16281,2010-01-26 13:41:00,2011-09-28 14:57:00,3,3424.02,1141.34,72,682,True,2010-10-12 09:01:00,258.0,True,False,3,3,5,11,Needs Attention,Active repeat,Protect high-value active
16282,2009-12-21 11:52:00,2011-01-04 11:42:00,3,1307.58,435.85999999999996,340,719,True,2010-08-09 10:27:00,230.0,True,False,2,3,4,9,At Risk,Dormant,Low-cost reactivation
16283,2010-02-28 14:12:00,2011-12-04 12:08:00,8,4350.32,543.79,6,649,True,2010-06-30 15:34:00,122.0,True,False,5,5,5,15,Champions,Active repeat,Protect high-value active
16284,2010-11-11 13:27:00,2011-11-08 16:12:00,3,1018.48,339.49333333333334,31,393,True,2011-10-20 13:54:00,343.0,True,False,4,3,3,10,Potential Loyalists,Active repeat,Develop loyalty
16285,2010-03-03 16:03:00,2010-03-03 16:03:00,1,176.9,176.9,646,646,False,,,True,False,1,1,1,3,Hibernating,Dormant,Low-cost reactivation
16286,2010-03-26 09:58:00,2010-08-19 14:48:00,2,328.95,164.475,477,624,True,2010-08-19 14:48:00,146.0,True,False,1,2,2,5,Hibernating,Dormant,Low-cost reactivation
16287,2010-01-19 09:46:00,2011-06-23 09:08:00,5,1006.98,201.39600000000002,170,690,True,2010-03-08 14:15:00,48.0,True,True,3,4,3,10,Loyal Customers,At risk,Test win-back
16288,2010-08-26 14:45:00,2010-08-26 14:45:00,1,129.85,129.85,470,470,False,,,True,False,1,1,1,3,Hibernating,Dormant,Low-cost reactivation
16289,2010-09-03 14:02:00,2010-09-03 14:02:00,1,136.31,136.31,462,462,False,,,True,False,1,1,1,3,Hibernating,Dormant,Low-cost reactivation
16290,2010-05-23 11:46:00,2010-09-01 11:52:00,4,1957.7,489.425,465,566,True,2010-06-13 11:19:00,20.0,True,True,1,4,4,9,At Risk,Dormant,Low-cost reactivation
16291,2010-01-26 16:26:00,2010-01-26 16:26:00,1,117.72,117.72,682,682,False,,,True,False,1,1,1,3,Hibernating,Dormant,Low-cost reactivation
16292,2010-04-14 13:29:00,2011-08-10 12:24:00,5,1253.76,250.752,122,604,True,2010-06-13 09:50:00,59.0,True,True,3,4,4,11,Loyal Customers,At risk,Test win-back
16293,2009-12-11 09:58:00,2011-11-18 09:58:00,15,4279.200000000001,285.28000000000003,22,729,True,2010-05-19 10:33:00,159.0,True,False,4,5,5,14,Champions,Active repeat,Protect high-value active
16294,2010-08-20 12:01:00,2010-08-20 12:01:00,1,126.05000000000001,126.05000000000001,477,477,False,,,True,False,1,1,1,3,Hibernating,Dormant,Low-cost reactivation
16295,2011-10-06 10:45:00,2011-11-30 08:17:00,4,1328.55,332.1375,10,65,True,2011-10-12 13:17:00,6.0,False,False,5,4,4,13,Champions,Active repeat,Develop loyalty
16296,2009-12-18 12:03:00,2010-03-23 13:11:00,4,1313.67,328.4175,626,722,True,2010-01-07 18:33:00,20.0,True,True,1,4,4,9,At Risk,Dormant,Low-cost reactivation
16297,2011-03-16 08:29:00,2011-03-16 08:29:00,1,301.9,301.9,269,269,False,,,True,False,2,1,2,5,Hibernating,Dormant,Low-cost reactivation
16298,2010-09-23 15:23:00,2011-11-17 11:59:00,7,1085.7,155.1,23,442,True,2010-10-07 13:22:00,13.0,True,True,4,4,3,11,Loyal Customers,Active repeat,Develop loyalty
16299,2010-08-19 17:46:00,2010-08-19 17:46:00,1,193.65,193.65,477,477,False,,,True,False,1,1,1,3,Hibernating,Dormant,Low-cost reactivation
16300,2010-02-02 11:40:00,2010-10-05 13:14:00,3,1367.3200000000002,455.77333333333337,430,676,True,2010-03-24 12:15:00,50.0,True,True,1,3,4,8,At Risk,Dormant,Low-cost reactivation
16301,2009-12-03 10:20:00,2009-12-03 10:20:00,1,107.33,107.33,737,737,False,,,True,False,1,1,1,3,Hibernating,Dormant,Low-cost reactivation
16302,2011-08-05 09:44:00,2011-08-05 09:44:00,1,233.22,233.22,127,127,False,,,True,False,3,1,1,5,Needs Attention,At risk,Test win-back
16303,2010-03-18 14:12:00,2011-11-14 10:49:00,7,7928.27,1132.6100000000001,26,631,True,2010-05-20 11:57:00,62.0,True,True,4,4,5,13,Champions,Active repeat,Protect high-value active
16304,2010-01-14 08:30:00,2010-01-14 08:30:00,1,381.66,381.66,695,695,False,,,True,False,1,1,2,4,Hibernating,Dormant,Low-cost reactivation
16305,2011-07-24 12:18:00,2011-07-24 12:18:00,1,361.21999999999997,361.21999999999997,139,139,False,,,True,False,3,1,2,6,Needs Attention,At risk,Test win-back
16306,2010-10-01 09:36:00,2011-05-10 12:12:00,7,1124.72,160.67428571428573,214,435,True,2010-12-07 15:18:00,67.0,True,True,2,4,3,9,At Risk,Dormant,Low-cost reactivation
16307,2010-05-11 14:40:00,2010-10-06 14:31:00,3,1194.92,398.3066666666667,429,577,True,2010-06-15 13:18:00,34.0,True,True,1,3,3,7,At Risk,Dormant,Low-cost reactivation
16308,2009-12-15 15:48:00,2011-11-02 11:24:00,7,5120.0,731.4285714285714,38,724,True,2010-06-14 11:48:00,180.0,True,False,4,4,5,13,Champions,Active repeat,Protect high-value active
16309,2011-04-13 11:46:00,2011-08-25 15:35:00,2,706.5699999999999,353.28499999999997,106,241,True,2011-08-25 15:35:00,134.0,True,False,3,2,3,8,Needs Attention,At risk,Test win-back
16310,2010-03-07 15:41:00,2010-10-21 14:47:00,2,460.08,230.04,414,642,True,2010-10-21 14:47:00,227.0,True,False,1,2,2,5,Hibernating,Dormant,Low-cost reactivation
16311,2011-10-21 13:13:00,2011-11-22 08:54:00,2,616.26,308.13,18,49,True,2011-11-22 08:54:00,31.0,False,False,5,2,3,10,Potential Loyalists,Active repeat,Develop loyalty
16312,2010-10-03 14:15:00,2010-10-03 14:15:00,1,171.15,171.15,432,432,False,,,True,False,1,1,1,3,Hibernating,Dormant,Low-cost reactivation
16313,2011-10-21 09:04:00,2011-12-06 13:02:00,2,274.15,137.075,3,50,True,2011-12-06 13:02:00,46.0,False,False,5,2,1,8,Potential Loyalists,Active repeat,Develop loyalty
16314,2010-08-24 11:52:00,2010-11-15 12:06:00,3,1491.4,497.1333333333334,390,473,True,2010-09-07 09:31:00,13.0,True,True,2,3,4,9,At Risk,Dormant,Low-cost reactivation
16315,2010-06-21 13:53:00,2011-01-13 11:57:00,2,402.71000000000004,201.35500000000002,331,536,True,2011-01-13 11:57:00,205.0,True,False,2,2,2,6,Hibernating,Dormant,Low-cost reactivation
16316,2010-08-03 14:38:00,2011-10-06 13:48:00,13,5744.91,441.91615384615386,64,493,True,2010-09-20 12:53:00,47.0,True,True,3,5,5,13,Loyal Customers,Active repeat,Protect high-value active
16317,2010-05-04 10:17:00,2011-08-12 12:46:00,5,2192.51,438.50200000000007,120,585,True,2010-06-07 14:24:00,34.0,True,True,3,4,4,11,Loyal Customers,At risk,Test win-back
16318,2011-11-04 13:05:00,2011-11-04 13:05:00,1,328.15,328.15,35,35,False,,,False,False,4,1,2,7,New Customers,New,Drive second purchase
16319,2011-05-06 11:27:00,2011-05-06 11:27:00,1,404.40000000000003,404.40000000000003,218,218,False,,,True,False,2,1,2,5,Hibernating,Dormant,Low-cost reactivation
16320,2010-01-27 13:29:00,2011-06-20 15:25:00,6,5628.99,938.165,172,681,True,2010-07-13 09:35:00,166.0,True,False,3,4,5,12,Loyal Customers,At risk,Win back high-value
16321,2009-12-01 10:36:00,2011-09-28 14:55:00,7,604.5500000000001,86.36428571428573,72,739,True,2010-03-23 16:01:00,112.0,True,False,3,4,2,9,Loyal Customers,Active repeat,Develop loyalty
16322,2011-11-03 14:33:00,2011-12-08 15:41:00,2,326.75,163.375,1,36,True,2011-12-08 15:41:00,35.0,False,False,5,2,2,9,Potential Loyalists,Active repeat,Develop loyalty
16323,2010-05-11 09:48:00,2011-05-27 14:48:00,2,353.66,176.83,196,578,True,2011-05-27 14:48:00,381.0,True,False,2,2,2,6,Hibernating,Dormant,Low-cost reactivation
16324,2011-06-15 14:26:00,2011-08-03 12:58:00,3,408.59000000000003,136.1966666666667,128,177,True,2011-08-03 12:54:00,48.0,True,True,3,3,2,8,Needs Attention,At risk,Test win-back
16325,2009-12-04 13:21:00,2011-10-24 08:48:00,12,3597.5,299.7916666666667,47,735,True,2009-12-13 15:55:00,9.0,True,True,4,5,5,14,Champions,Active repeat,Protect high-value active
16326,2010-01-28 13:23:00,2011-12-04 10:11:00,24,4721.25,196.71875,6,680,True,2010-03-21 11:41:00,51.0,True,True,5,5,5,15,Champions,Active repeat,Protect high-value active
16327,2009-12-14 13:06:00,2011-11-25 13:23:00,16,10159.64,634.9775,14,725,True,2010-01-22 15:04:00,39.0,True,True,5,5,5,15,Champions,Active repeat,Protect high-value active
16328,2010-05-25 14:02:00,2010-05-25 14:02:00,1,310.83,310.83,563,563,False,,,True,False,1,1,2,4,Hibernating,Dormant,Low-cost reactivation
16329,2009-12-01 11:34:00,2010-10-08 12:44:00,4,1664.92,416.23,428,739,True,2010-03-04 15:07:00,93.0,True,False,1,4,4,9,At Risk,Dormant,Low-cost reactivation
16330,2010-02-15 12:36:00,2011-11-22 12:24:00,7,625.38,89.34,18,663,True,2010-09-27 12:31:00,223.0,True,False,5,4,3,12,Loyal Customers,Active repeat,Develop loyalty
16331,2010-03-07 10:55:00,2010-10-03 13:47:00,6,2037.7,339.6166666666667,432,643,True,2010-03-17 10:34:00,9.0,True,True,1,4,4,9,At Risk,Dormant,Low-cost reactivation
16332,2010-04-29 13:41:00,2011-11-11 14:22:00,11,2000.01,181.8190909090909,28,589,True,2010-08-20 12:31:00,112.0,True,False,4,5,4,13,Champions,Active repeat,Develop loyalty
16333,2011-02-03 10:50:00,2011-12-02 12:19:00,22,26626.8,1210.3090909090909,8,310,True,2011-02-14 11:22:00,11.0,True,True,5,5,5,15,Champions,Active repeat,Protect high-value active
16334,2010-08-04 16:38:00,2010-08-04 16:38:00,1,263.73,263.73,492,492,False,,,True,False,1,1,1,3,Hibernating,Dormant,Low-cost reactivation
16335,2009-12-04 10:18:00,2010-06-06 11:35:00,7,2753.52,393.36,552,736,True,2009-12-13 10:48:00,9.0,True,True,1,4,4,9,At Risk,Dormant,Low-cost reactivation
16336,2010-03-18 08:05:00,2010-10-15 12:32:00,4,3517.6899999999996,879.4224999999999,421,632,True,2010-03-18 08:06:00,0.0,True,True,1,4,5,10,At Risk,Dormant,Low-cost reactivation
16337,2011-11-03 10:03:00,2011-11-03 10:03:00,1,151.05,151.05,37,37,False,,,False,False,4,1,1,6,New Customers,New,Drive second purchase
16338,2011-07-05 13:56:00,2011-07-05 13:56:00,1,214.79999999999998,214.79999999999998,157,157,False,,,True,False,3,1,1,5,Needs Attention,At risk,Test win-back
16339,2011-02-28 13:41:00,2011-02-28 13:41:00,1,94.05,94.05,284,284,False,,,True,False,2,1,1,4,Hibernating,Dormant,Low-cost reactivation
16340,2010-06-06 13:26:00,2011-08-24 14:53:00,3,1496.2399999999998,498.7466666666666,107,551,True,2010-09-26 12:51:00,111.0,True,False,3,3,4,10,Needs Attention,At risk,Test win-back
16341,2010-04-09 10:30:00,2011-11-15 09:12:00,7,3850.79,550.1128571428571,25,610,True,2010-09-22 14:01:00,166.0,True,False,4,4,5,13,Champions,Active repeat,Protect high-value active
16342,2011-06-13 10:10:00,2011-09-25 14:36:00,4,322.40999999999997,80.60249999999999,75,180,True,2011-07-17 13:41:00,34.0,True,True,3,4,2,9,Loyal Customers,Active repeat,Develop loyalty
16343,2010-10-28 14:15:00,2011-11-23 17:45:00,3,614.12,204.70666666666668,16,407,True,2011-11-23 17:43:00,391.0,True,False,5,3,3,11,Potential Loyalists,Active repeat,Develop loyalty
16344,2010-02-09 12:16:00,2011-07-04 15:50:00,4,842.42,210.605,158,669,True,2010-04-22 14:10:00,72.0,True,True,3,4,3,10,Loyal Customers,At risk,Test win-back
16345,2010-08-13 17:13:00,2011-10-26 16:03:00,2,1178.79,589.395,44,483,True,2011-10-26 16:03:00,438.0,True,False,4,2,3,9,Potential Loyalists,Active repeat,Develop loyalty
16346,2010-11-19 15:55:00,2010-11-19 15:55:00,1,224.51,224.51,385,385,False,,,True,False,2,1,1,4,Hibernating,Dormant,Low-cost reactivation
16347,2010-03-12 12:41:00,2011-11-28 13:14:00,11,3442.96,312.99636363636364,11,638,True,2010-04-01 11:48:00,19.0,True,True,5,5,5,15,Champions,Active repeat,Protect high-value active
16348,2010-10-05 13:57:00,2011-11-07 15:44:00,8,1744.4199999999998,218.05249999999998,32,430,True,2011-04-13 15:49:00,190.0,True,False,4,5,4,13,Champions,Active repeat,Develop loyalty
16349,2011-02-22 12:40:00,2011-02-22 12:40:00,1,53.5,53.5,291,291,False,,,True,False,2,1,1,4,Hibernating,Dormant,Low-cost reactivation
16350,2010-10-07 16:33:00,2011-11-18 15:53:00,9,2253.89,250.4322222222222,21,428,True,2010-11-04 14:21:00,27.0,True,True,4,5,4,13,Champions,Active repeat,Protect high-value active
16351,2009-12-04 16:12:00,2011-01-11 10:26:00,13,3330.03,256.15615384615387,333,735,True,2009-12-17 18:35:00,13.0,True,True,2,5,5,12,At Risk,Dormant,Low-cost reactivation
16352,2011-11-02 08:44:00,2011-11-22 10:32:00,2,494.44,247.22,18,38,True,2011-11-22 10:32:00,20.0,False,False,5,2,2,9,Potential Loyalists,Active repeat,Develop loyalty
16353,2009-12-07 13:55:00,2011-12-06 12:23:00,38,9795.460000000001,257.77526315789476,4,732,True,2009-12-07 13:56:00,0.0,True,True,5,5,5,15,Champions,Active repeat,Protect high-value active
16354,2010-04-27 13:33:00,2011-10-07 14:28:00,5,1119.46,223.892,63,591,True,2010-09-24 14:33:00,150.0,True,False,3,4,3,10,Loyal Customers,Active repeat,Develop loyalty
16355,2010-11-29 14:21:00,2010-11-29 14:21:00,1,416.35,416.35,375,375,False,,,True,False,2,1,2,5,Hibernating,Dormant,Low-cost reactivation
16356,2010-06-06 11:26:00,2011-05-26 11:51:00,6,415.87,69.31166666666667,198,552,True,2010-06-06 11:38:00,0.0,True,True,2,4,2,8,At Risk,Dormant,Low-cost reactivation
16357,2010-11-23 18:52:00,2011-11-06 16:04:00,4,868.37,217.0925,33,381,True,2011-05-10 10:35:00,167.0,True,False,4,4,3,11,Loyal Customers,Active repeat,Develop loyalty
16358,2010-11-10 11:36:00,2011-12-08 15:09:00,5,2919.6500000000005,583.9300000000001,1,395,True,2011-06-08 15:05:00,210.0,True,False,5,4,5,14,Champions,Active repeat,Protect high-value active
16359,2010-02-16 10:39:00,2011-12-02 17:04:00,16,2697.75,168.609375,7,662,True,2010-04-28 15:05:00,71.0,True,True,5,5,4,14,Champions,Active repeat,Protect high-value active
16360,2011-09-12 13:50:00,2011-12-05 12:16:00,6,3450.41,575.0683333333333,5,88,True,2011-09-20 13:11:00,7.0,False,False,5,4,5,14,Champions,Active repeat,Protect high-value active
16361,2011-09-29 13:13:00,2011-11-30 12:32:00,4,891.21,222.8025,10,71,True,2011-10-30 13:17:00,31.0,False,False,5,4,3,12,Loyal Customers,Active repeat,Develop loyalty
16362,2010-09-28 09:24:00,2011-11-07 13:01:00,6,922.16,153.69333333333333,32,438,True,2011-09-09 14:47:00,346.0,True,False,4,4,3,11,Loyal Customers,Active repeat,Develop loyalty
16363,2011-10-17 14:14:00,2011-10-17 14:14:00,1,109.36000000000001,109.36000000000001,53,53,False,,,False,False,4,1,1,6,New Customers,New,Drive second purchase
16364,2011-07-25 14:35:00,2011-11-28 11:27:00,2,705.79,352.895,12,137,True,2011-11-28 11:27:00,125.0,True,False,5,2,3,10,Potential Loyalists,Active repeat,Develop loyalty
16365,2009-12-11 12:41:00,2011-11-22 11:24:00,15,3167.3399999999997,211.15599999999998,18,729,True,2010-03-18 12:47:00,97.0,True,False,5,5,5,15,Champions,Active repeat,Protect high-value active
16366,2009-12-16 10:39:00,2011-11-21 08:19:00,4,1548.13,387.0325,19,724,True,2010-01-28 13:00:00,43.0,True,True,5,4,4,13,Champions,Active repeat,Develop loyalty
16367,2010-11-21 13:23:00,2011-11-02 13:13:00,3,1350.48,450.16,37,383,True,2010-12-12 12:01:00,20.0,True,True,4,3,4,11,Potential Loyalists,Active repeat,Develop loyalty
16368,2010-09-30 11:30:00,2011-12-07 13:12:00,3,621.44,207.14666666666668,2,436,True,2011-11-11 15:08:00,407.0,True,False,5,3,3,11,Potential Loyalists,Active repeat,Develop loyalty
16369,2010-04-07 16:52:00,2011-11-21 16:25:00,7,2656.56,379.50857142857143,18,611,True,2010-05-26 15:24:00,48.0,True,True,5,4,4,13,Champions,Active repeat,Protect high-value active
16370,2011-04-28 16:40:00,2011-09-18 15:55:00,4,1301.91,325.4775,82,225,True,2011-06-10 11:44:00,42.0,True,True,3,4,4,11,Loyal Customers,Active repeat,Develop loyalty
16371,2010-09-17 12:09:00,2010-09-17 12:09:00,1,157.2,157.2,449,449,False,,,True,False,1,1,1,3,Hibernating,Dormant,Low-cost reactivation
16372,2010-04-11 15:20:00,2011-11-06 13:08:00,5,1290.31,258.062,33,607,True,2010-10-20 15:25:00,192.0,True,False,4,4,4,12,Champions,Active repeat,Develop loyalty
16373,2010-10-24 13:10:00,2010-11-22 15:50:00,2,309.49,154.745,382,411,True,2010-11-22 15:50:00,29.0,True,True,2,2,2,6,Hibernating,Dormant,Low-cost reactivation
16374,2010-04-30 13:10:00,2011-10-04 15:21:00,5,1723.4,344.68,66,588,True,2010-09-13 12:56:00,135.0,True,False,3,4,4,11,Loyal Customers,Active repeat,Develop loyalty
16375,2010-08-26 14:12:00,2010-08-26 14:25:00,2,104.0,52.0,470,470,True,2010-08-26 14:25:00,0.0,True,True,1,2,1,4,Hibernating,Dormant,Low-cost reactivation
16376,2011-11-22 16:47:00,2011-12-01 11:38:00,2,974.96,487.48,9,17,True,2011-12-01 11:38:00,8.0,False,False,5,2,3,10,Potential Loyalists,Active repeat,Develop loyalty
16377,2010-04-01 10:36:00,2011-03-17 15:41:00,2,1308.48,654.24,267,618,True,2011-03-17 15:41:00,350.0,True,False,2,2,4,8,Hibernating,Dormant,Low-cost reactivation
16378,2011-02-02 12:42:00,2011-04-06 15:07:00,3,362.95,120.98333333333333,247,311,True,2011-02-16 10:32:00,13.0,True,True,2,3,2,7,At Risk,Dormant,Low-cost reactivation
16379,2011-09-22 09:33:00,2011-12-05 15:38:00,4,2157.4,539.35,4,79,True,2011-11-02 14:04:00,41.0,False,False,5,4,4,13,Champions,Active repeat,Develop loyalty
16380,2011-10-09 15:40:00,2011-10-09 15:40:00,1,1743.1499999999999,1743.1499999999999,61,61,False,,,False,False,3,1,4,8,Needs Attention,New,Drive second purchase
16381,2010-10-17 13:06:00,2010-11-09 09:56:00,2,247.85,123.925,396,418,True,2010-11-09 09:56:00,22.0,True,True,2,2,1,5,Hibernating,Dormant,Low-cost reactivation
16382,2010-06-07 12:42:00,2010-10-27 16:23:00,2,353.1,176.55,408,551,True,2010-10-27 16:23:00,142.0,True,False,2,2,2,6,Hibernating,Dormant,Low-cost reactivation
16383,2010-02-04 13:18:00,2011-09-26 12:45:00,7,2896.69,413.8128571428571,75,673,True,2010-04-29 12:51:00,83.0,True,True,3,4,4,11,Loyal Customers,Active repeat,Protect high-value active
16384,2010-04-28 14:01:00,2011-09-11 11:19:00,4,1358.95,339.7375,90,590,True,2010-10-06 12:49:00,160.0,True,False,3,4,4,11,Loyal Customers,Active repeat,Develop loyalty
16385,2010-03-18 12:45:00,2011-10-10 13:12:00,5,881.35,176.27,60,632,True,2010-11-15 13:27:00,242.0,True,False,3,4,3,10,Loyal Customers,Active repeat,Develop loyalty
16386,2010-11-17 11:19:00,2011-11-11 12:28:00,3,1068.16,356.05333333333334,29,388,True,2011-03-31 12:19:00,134.0,True,False,4,3,3,10,Potential Loyalists,Active repeat,Develop loyalty
16387,2010-03-11 12:22:00,2011-01-21 11:34:00,5,882.4599999999999,176.492,323,639,True,2010-09-12 12:41:00,185.0,True,False,2,4,3,9,At Risk,Dormant,Low-cost reactivation
16388,2010-02-24 10:20:00,2010-02-24 10:20:00,1,186.05,186.05,654,654,False,,,True,False,1,1,1,3,Hibernating,Dormant,Low-cost reactivation
16389,2011-03-01 15:47:00,2011-10-17 14:41:00,4,1382.07,345.5175,53,283,True,2011-05-18 13:55:00,77.0,True,True,4,4,4,12,Champions,Active repeat,Develop loyalty
16390,2010-01-29 15:25:00,2010-06-21 10:11:00,3,467.50000000000006,155.83333333333334,537,679,True,2010-06-20 15:00:00,141.0,True,False,1,3,2,6,At Risk,Dormant,Low-cost reactivation
16391,2010-05-27 11:27:00,2010-11-04 12:27:00,4,1052.26,263.065,401,562,True,2010-06-21 13:04:00,25.0,True,True,2,4,3,9,At Risk,Dormant,Low-cost reactivation
16392,2010-05-27 11:17:00,2011-03-15 12:11:00,3,756.6999999999999,252.23333333333332,270,562,True,2010-10-22 11:40:00,148.0,True,False,2,3,3,8,At Risk,Dormant,Low-cost reactivation
16393,2009-12-01 12:13:00,2011-12-07 12:51:00,23,5297.77,230.33782608695654,2,739,True,2010-02-19 12:50:00,80.0,True,True,5,5,5,15,Champions,Active repeat,Protect high-value active
16394,2011-02-23 10:58:00,2011-10-14 09:48:00,5,1555.34,311.068,57,290,True,2011-04-05 14:51:00,41.0,True,True,4,4,4,12,Champions,Active repeat,Develop loyalty
16395,2009-12-06 12:26:00,2011-10-10 12:50:00,14,3518.41,251.315,61,734,True,2009-12-09 16:03:00,3.0,True,True,3,5,5,13,Loyal Customers,Active repeat,Protect high-value active
16396,2010-08-20 14:17:00,2010-08-20 14:17:00,1,137.8,137.8,476,476,False,,,True,False,1,1,1,3,Hibernating,Dormant,Low-cost reactivation
16397,2010-03-21 15:36:00,2010-03-21 15:36:00,1,123.13,123.13,628,628,False,,,True,False,1,1,1,3,Hibernating,Dormant,Low-cost reactivation
16398,2011-03-31 09:38:00,2011-07-08 15:16:00,2,1705.8000000000002,852.9000000000001,154,254,True,2011-07-08 15:16:00,99.0,True,False,3,2,4,9,Needs Attention,At risk,Test win-back
16399,2010-11-15 15:03:00,2011-11-20 16:12:00,3,630.22,210.07333333333335,19,389,True,2011-04-18 13:46:00,153.0,True,False,5,3,3,11,Potential Loyalists,Active repeat,Develop loyalty
16400,2009-12-08 12:38:00,2011-09-06 12:27:00,9,3059.85,339.98333333333335,95,732,True,2010-03-08 14:04:00,90.0,True,True,3,5,5,13,Loyal Customers,At risk,Win back high-value
16401,2010-06-02 13:13:00,2011-12-08 18:15:00,23,6849.15,297.7891304347826,1,555,True,2010-06-16 14:11:00,14.0,True,True,5,5,5,15,Champions,Active repeat,Protect high-value active
16402,2010-12-05 13:42:00,2011-03-20 12:25:00,2,293.45,146.725,265,369,True,2011-03-20 12:25:00,104.0,True,False,2,2,2,6,Hibernating,Dormant,Low-cost reactivation
16403,2011-01-31 13:39:00,2011-01-31 13:39:00,1,177.5,177.5,312,312,False,,,True,False,2,1,1,4,Hibernating,Dormant,Low-cost reactivation
16404,2011-09-30 14:55:00,2011-09-30 14:55:00,1,443.05,443.05,70,70,False,,,False,False,3,1,2,6,Needs Attention,New,Drive second purchase
16405,2011-02-02 17:08:00,2011-02-10 15:24:00,2,167.25,83.625,302,310,True,2011-02-10 15:24:00,7.0,True,True,2,2,1,5,Hibernating,Dormant,Low-cost reactivation
16406,2010-02-24 11:51:00,2011-11-21 11:57:00,3,528.36,176.12,19,654,True,2010-09-15 11:53:00,203.0,True,False,5,3,2,10,Potential Loyalists,Active repeat,Develop loyalty
16407,2010-10-03 13:56:00,2011-11-27 11:05:00,14,2761.65,197.2607142857143,13,432,True,2010-10-03 14:07:00,0.0,True,True,5,5,4,14,Champions,Active repeat,Protect high-value active
16408,2010-04-27 14:08:00,2010-04-27 14:08:00,1,231.93,231.93,591,591,False,,,True,False,1,1,1,3,Hibernating,Dormant,Low-cost reactivation
16409,2009-12-13 15:38:00,2011-11-03 16:45:00,12,5652.74,471.06166666666667,36,726,True,2010-02-16 15:35:00,64.0,True,True,4,5,5,14,Champions,Active repeat,Protect high-value active
16410,2009-12-05 14:51:00,2009-12-05 14:51:00,1,130.32,130.32,734,734,False,,,True,False,1,1,1,3,Hibernating,Dormant,Low-cost reactivation
16411,2010-10-07 15:09:00,2011-11-20 13:23:00,4,756.3900000000001,189.09750000000003,19,428,True,2010-11-21 13:13:00,44.0,True,True,5,4,3,12,Loyal Customers,Active repeat,Develop loyalty
16412,2010-02-04 13:46:00,2011-10-17 12:35:00,5,593.19,118.638,54,673,True,2010-04-09 11:41:00,63.0,True,True,4,4,2,10,Loyal Customers,Active repeat,Develop loyalty
16413,2010-11-29 12:49:00,2011-10-14 12:08:00,2,522.03,261.015,57,376,True,2011-10-14 12:08:00,318.0,True,False,4,2,2,8,Potential Loyalists,Active repeat,Develop loyalty
16414,2010-01-14 10:21:00,2011-11-18 09:42:00,5,551.21,110.242,22,695,True,2010-04-25 11:24:00,101.0,True,False,4,4,2,10,Loyal Customers,Active repeat,Develop loyalty
16415,2010-02-01 12:30:00,2011-10-26 13:35:00,3,696.76,232.25333333333333,44,677,True,2010-05-05 11:51:00,92.0,True,False,4,3,3,10,Potential Loyalists,Active repeat,Develop loyalty
16416,2010-02-23 12:00:00,2011-11-13 12:50:00,9,2957.88,328.65333333333336,27,655,True,2010-07-21 13:17:00,148.0,True,False,4,5,5,14,Champions,Active repeat,Protect high-value active
16417,2010-08-04 09:08:00,2010-08-04 09:08:00,1,35.7,35.7,493,493,False,,,True,False,1,1,1,3,Hibernating,Dormant,Low-cost reactivation
16418,2010-10-13 12:31:00,2011-10-26 12:39:00,5,1028.74,205.748,45,423,True,2010-10-27 12:55:00,14.0,True,True,4,4,3,11,Loyal Customers,Active repeat,Develop loyalty
16419,2010-02-09 13:26:00,2011-08-19 12:33:00,8,1463.7,182.9625,113,668,True,2010-05-11 12:18:00,90.0,True,True,3,5,4,12,Loyal Customers,At risk,Test win-back
16420,2010-11-08 15:15:00,2010-11-08 15:15:00,1,75.0,75.0,396,396,False,,,True,False,2,1,1,4,Hibernating,Dormant,Low-cost reactivation
16421,2010-08-27 12:02:00,2010-11-28 13:31:00,3,526.27,175.42333333333332,376,470,True,2010-10-17 15:21:00,51.0,True,True,2,3,2,7,At Risk,Dormant,Low-cost reactivation
16422,2010-01-12 11:57:00,2011-11-22 14:00:00,109,61920.87,568.081376146789,17,697,True,2010-01-24 11:58:00,12.0,True,True,5,5,5,15,Champions,Active repeat,Protect high-value active
16423,2011-11-15 09:21:00,2011-11-15 09:21:00,1,346.12,346.12,25,25,False,,,False,False,4,1,2,7,New Customers,New,Drive second purchase
16424,2010-11-22 11:24:00,2011-06-01 13:40:00,2,443.06,221.53,191,383,True,2011-06-01 13:40:00,191.0,True,False,2,2,2,6,Hibernating,Dormant,Low-cost reactivation
16425,2011-02-10 14:30:00,2011-02-10 14:30:00,1,302.7,302.7,302,302,False,,,True,False,2,1,2,5,Hibernating,Dormant,Low-cost reactivation
16426,2011-03-08 15:45:00,2011-12-07 14:01:00,10,1863.76,186.376,2,276,True,2011-09-08 11:56:00,183.0,True,False,5,5,4,14,Champions,Active repeat,Develop loyalty
16427,2011-02-28 15:18:00,2011-03-21 17:10:00,2,241.06,120.53,263,284,True,2011-03-21 17:10:00,21.0,True,True,2,2,1,5,Hibernating,Dormant,Low-cost reactivation
16428,2010-07-30 12:10:00,2010-10-22 12:22:00,3,638.49,212.83,414,498,True,2010-07-30 12:19:00,0.0,True,True,1,3,3,7,At Risk,Dormant,Low-cost reactivation
16429,2011-08-25 13:54:00,2011-08-25 13:54:00,1,284.55,284.55,106,106,False,,,True,False,3,1,1,5,Needs Attention,At risk,Test win-back
16430,2010-01-27 12:45:00,2011-10-13 14:47:00,7,1117.94,159.7057142857143,57,682,True,2010-06-03 14:24:00,127.0,True,False,4,4,3,11,Loyal Customers,Active repeat,Develop loyalty
16431,2011-02-15 14:02:00,2011-05-10 14:09:00,3,623.28,207.76,213,297,True,2011-02-15 14:08:00,0.0,True,True,2,3,3,8,At Risk,Dormant,Low-cost reactivation
16432,2011-10-06 13:59:00,2011-10-06 13:59:00,1,287.4,287.4,64,64,False,,,False,False,3,1,2,6,Needs Attention,New,Drive second purchase
16433,2010-10-27 12:26:00,2011-11-11 14:09:00,2,384.52,192.26,28,409,True,2011-11-11 14:09:00,380.0,True,False,4,2,2,8,Potential Loyalists,Active repeat,Develop loyalty
16434,2010-01-17 14:51:00,2011-11-10 14:28:00,12,2673.69,222.8075,29,691,True,2010-01-29 14:13:00,11.0,True,True,4,5,4,13,Champions,Active repeat,Protect high-value active
16435,2010-07-13 13:29:00,2010-07-15 18:22:00,3,1003.07,334.3566666666667,512,514,True,2010-07-15 12:00:00,1.0,True,True,1,3,3,7,At Risk,Dormant,Low-cost reactivation
16436,2009-12-06 16:02:00,2010-02-09 13:19:00,3,319.14,106.38,668,733,True,2009-12-07 17:49:00,1.0,True,True,1,3,2,6,At Risk,Dormant,Low-cost reactivation
16437,2010-10-06 12:34:00,2010-11-23 16:59:00,2,301.25,150.625,381,430,True,2010-11-23 16:59:00,48.0,True,True,2,2,2,6,Hibernating,Dormant,Low-cost reactivation
16438,2011-09-18 13:31:00,2011-12-04 10:51:00,5,798.35,159.67000000000002,6,82,True,2011-10-27 19:56:00,39.0,False,False,5,4,3,12,Loyal Customers,Active repeat,Develop loyalty
16439,2009-12-17 14:22:00,2009-12-17 14:22:00,1,310.70000000000005,310.70000000000005,722,722,False,,,True,False,1,1,2,4,Hibernating,Dormant,Low-cost reactivation
16440,2010-08-03 11:32:00,2011-12-02 12:02:00,6,3856.97,642.8283333333333,8,494,True,2011-05-09 12:25:00,279.0,True,False,5,4,5,14,Champions,Active repeat,Protect high-value active
16441,2010-03-22 18:00:00,2011-10-03 17:48:00,5,1019.1300000000001,203.82600000000002,67,627,True,2010-09-30 20:08:00,192.0,True,False,3,4,3,10,Loyal Customers,Active repeat,Develop loyalty
16442,2009-12-13 11:05:00,2011-12-08 11:43:00,5,891.98,178.39600000000002,2,727,True,2010-04-14 13:35:00,122.0,True,False,5,4,3,12,Loyal Customers,Active repeat,Develop loyalty
16443,2010-07-07 11:57:00,2010-07-07 11:57:00,1,162.24,162.24,521,521,False,,,True,False,1,1,1,3,Hibernating,Dormant,Low-cost reactivation
16444,2010-03-24 14:06:00,2011-10-24 13:50:00,17,3625.88,213.2870588235294,46,625,True,2010-05-07 13:18:00,43.0,True,True,4,5,5,14,Champions,Active repeat,Protect high-value active
16445,2010-10-24 12:39:00,2011-11-06 12:32:00,4,583.16,145.79,34,412,True,2010-11-18 11:29:00,24.0,True,True,4,4,2,10,Loyal Customers,Active repeat,Develop loyalty
16446,2011-05-18 09:52:00,2011-12-09 09:15:00,2,168472.5,84236.25,1,206,True,2011-12-09 09:15:00,204.0,True,False,5,2,5,12,Potential Loyalists,Active repeat,Protect high-value active
16447,2010-02-17 14:09:00,2011-07-27 12:45:00,3,727.1,242.36666666666667,136,660,True,2010-04-28 13:21:00,69.0,True,True,3,3,3,9,Needs Attention,At risk,Test win-back
16448,2010-08-25 16:58:00,2011-05-25 16:28:00,2,361.12,180.56,198,471,True,2011-05-25 16:28:00,272.0,True,False,2,2,2,6,Hibernating,Dormant,Low-cost reactivation
16449,2011-03-04 12:15:00,2011-05-26 10:25:00,2,707.69,353.845,198,281,True,2011-05-26 10:25:00,82.0,True,True,2,2,3,7,Hibernating,Dormant,Low-cost reactivation
16450,2010-02-21 15:46:00,2011-07-13 11:47:00,3,1505.73,501.91,150,656,True,2010-05-04 13:43:00,71.0,True,True,3,3,4,10,Needs Attention,At risk,Test win-back
16451,2009-12-04 15:11:00,2011-09-13 09:17:00,3,1013.1500000000001,337.7166666666667,88,735,True,2010-05-27 17:56:00,174.0,True,False,3,3,3,9,Needs Attention,Active repeat,Develop loyalty
16452,2010-01-15 12:22:00,2010-03-19 12:39:00,2,332.17,166.085,631,694,True,2010-03-19 12:39:00,63.0,True,True,1,2,2,5,Hibernating,Dormant,Low-cost reactivation
16453,2010-06-09 13:15:00,2010-06-27 12:46:00,2,251.71,125.855,531,548,True,2010-06-27 12:46:00,17.0,True,True,1,2,1,4,Hibernating,Dormant,Low-cost reactivation
16454,2010-04-07 15:54:00,2011-10-26 11:40:00,4,30.950000000000003,7.737500000000001,45,611,True,2010-04-12 09:52:00,4.0,True,True,4,4,1,9,Loyal Customers,Active repeat,Develop loyalty
16455,2010-03-30 10:31:00,2011-10-07 12:17:00,11,3995.5699999999997,363.2336363636363,64,620,True,2010-10-07 16:14:00,191.0,True,False,3,5,5,13,Loyal Customers,Active repeat,Protect high-value active
16456,2010-03-29 11:16:00,2011-09-01 13:50:00,13,6000.94,461.6107692307692,99,621,True,2010-04-27 12:20:00,29.0,True,True,3,5,5,13,Loyal Customers,At risk,Win back high-value
16457,2011-05-05 13:19:00,2011-05-05 13:19:00,1,208.36,208.36,218,218,False,,,True,False,2,1,1,4,Hibernating,Dormant,Low-cost reactivation
16458,2010-05-26 14:38:00,2011-12-07 09:34:00,30,5690.89,189.69633333333334,3,562,True,2010-06-14 13:42:00,18.0,True,True,5,5,5,15,Champions,Active repeat,Protect high-value active
16459,2009-12-10 12:42:00,2009-12-10 12:42:00,1,71.78999999999999,71.78999999999999,730,730,False,,,True,False,1,1,1,3,Hibernating,Dormant,Low-cost reactivation
16460,2011-09-19 10:15:00,2011-11-11 13:46:00,3,811.23,270.41,28,82,True,2011-09-28 12:22:00,9.0,False,False,4,3,3,10,Potential Loyalists,Active repeat,Develop loyalty
16461,2010-03-03 13:57:00,2011-06-15 12:07:00,3,1545.83,515.2766666666666,178,646,True,2010-04-28 11:54:00,55.0,True,True,3,3,4,10,Needs Attention,At risk,Test win-back
16462,2011-03-01 08:58:00,2011-09-27 10:24:00,3,136.0,45.333333333333336,74,284,True,2011-06-07 11:07:00,98.0,True,False,3,3,1,7,Needs Attention,Active repeat,Develop loyalty
16463,2011-05-19 14:45:00,2011-11-18 14:01:00,4,1422.4,355.6,21,204,True,2011-10-17 14:23:00,150.0,True,False,4,4,4,12,Champions,Active repeat,Develop loyalty
16464,2011-07-20 13:53:00,2011-11-20 12:11:00,3,1298.6599999999999,432.8866666666666,20,142,True,2011-09-20 13:42:00,61.0,True,True,4,3,4,11,Potential Loyalists,Active repeat,Develop loyalty
16465,2010-09-21 10:46:00,2010-10-15 09:27:00,2,746.24,373.12,421,445,True,2010-10-15 09:27:00,23.0,True,True,1,2,3,6,Hibernating,Dormant,Low-cost reactivation
16466,2010-03-07 14:31:00,2011-11-06 11:35:00,15,3767.09,251.13933333333335,34,642,True,2010-04-11 12:45:00,34.0,True,True,4,5,5,14,Champions,Active repeat,Protect high-value active
16467,2009-12-02 11:59:00,2010-07-19 11:49:00,7,2869.16,409.88,509,738,True,2010-01-06 10:58:00,34.0,True,True,1,4,4,9,At Risk,Dormant,Low-cost reactivation
16468,2010-08-15 13:10:00,2011-09-26 14:13:00,3,787.52,262.50666666666666,74,481,True,2010-08-26 16:36:00,11.0,True,True,3,3,3,9,Needs Attention,Active repeat,Develop loyalty
16469,2010-07-13 13:17:00,2011-11-16 12:25:00,5,803.9000000000001,160.78000000000003,24,514,True,2011-04-07 13:11:00,267.0,True,False,4,4,3,11,Loyal Customers,Active repeat,Develop loyalty
16470,2009-12-11 12:21:00,2011-10-19 12:11:00,11,2416.85,219.71363636363637,52,729,True,2010-04-19 12:28:00,129.0,True,False,4,5,4,13,Champions,Active repeat,Protect high-value active
16471,2010-02-25 10:07:00,2011-03-10 09:41:00,4,1189.98,297.495,275,653,True,2010-05-20 11:41:00,84.0,True,True,2,4,3,9,At Risk,Dormant,Low-cost reactivation
16472,2010-04-21 11:48:00,2010-10-01 13:56:00,2,789.5999999999999,394.79999999999995,434,598,True,2010-10-01 13:56:00,163.0,True,False,1,2,3,6,Hibernating,Dormant,Low-cost reactivation
16473,2010-11-30 16:29:00,2011-06-28 09:10:00,4,470.83,117.7075,165,374,True,2011-01-07 10:55:00,37.0,True,True,3,4,2,9,Loyal Customers,At risk,Test win-back
16474,2011-07-17 14:51:00,2011-12-02 13:02:00,7,1810.65,258.6642857142857,7,145,True,2011-09-11 16:06:00,56.0,True,True,5,4,4,13,Champions,Active repeat,Develop loyalty
16475,2011-03-11 09:39:00,2011-09-12 14:37:00,4,544.3,136.075,88,274,True,2011-06-30 15:35:00,111.0,True,False,3,4,2,9,Loyal Customers,Active repeat,Develop loyalty
16476,2010-10-04 10:29:00,2010-10-04 10:29:00,1,350.35,350.35,432,432,False,,,True,False,1,1,2,4,Hibernating,Dormant,Low-cost reactivation
16477,2010-08-12 09:43:00,2011-10-07 09:44:00,11,4094.37,372.2154545454545,64,485,True,2010-09-15 15:16:00,34.0,True,True,3,5,5,13,Loyal Customers,Active repeat,Protect high-value active
16478,2011-10-05 12:02:00,2011-11-14 15:51:00,3,331.0,110.33333333333333,25,66,True,2011-10-06 10:53:00,0.0,False,False,4,3,2,9,Potential Loyalists,Active repeat,Develop loyalty
16479,2011-11-29 13:04:00,2011-11-29 13:40:00,2,300.83000000000004,150.41500000000002,10,10,True,2011-11-29 13:40:00,0.0,False,False,5,2,2,9,Potential Loyalists,Active repeat,Develop loyalty
16480,2011-09-25 11:40:00,2011-09-25 11:40:00,1,769.29,769.29,76,76,False,,,False,False,3,1,3,7,Needs Attention,New,Drive second purchase
16481,2010-01-26 13:09:00,2010-01-26 13:09:00,1,453.38,453.38,682,682,False,,,True,False,1,1,2,4,Hibernating,Dormant,Low-cost reactivation
16482,2011-11-24 12:33:00,2011-11-24 12:33:00,1,220.62,220.62,16,16,False,,,False,False,5,1,1,7,New Customers,New,Drive second purchase
16483,2011-05-31 13:08:00,2011-05-31 13:08:00,1,139.35,139.35,192,192,False,,,True,False,2,1,1,4,Hibernating,Dormant,Low-cost reactivation
16484,2011-06-02 10:39:00,2011-06-19 12:06:00,2,404.3,202.15,174,191,True,2011-06-19 12:06:00,17.0,True,True,3,2,2,7,Needs Attention,At risk,Test win-back
16485,2009-12-06 12:28:00,2011-09-23 15:50:00,5,2287.19,457.438,77,734,True,2010-02-21 12:31:00,77.0,True,True,3,4,4,11,Loyal Customers,Active repeat,Protect high-value active
16486,2010-06-20 12:16:00,2010-06-20 12:16:00,1,134.36,134.36,538,538,False,,,True,False,1,1,1,3,Hibernating,Dormant,Low-cost reactivation
16487,2010-02-18 17:36:00,2010-05-11 13:38:00,2,209.4,104.7,577,659,True,2010-05-11 13:38:00,81.0,True,True,1,2,1,4,Hibernating,Dormant,Low-cost reactivation
16488,2011-07-14 11:46:00,2011-11-06 13:42:00,3,498.8,166.26666666666668,33,149,True,2011-08-17 09:05:00,33.0,True,True,4,3,2,9,Potential Loyalists,Active repeat,Develop loyalty
16489,2010-09-29 15:02:00,2010-11-24 14:40:00,2,303.7,151.85,380,436,True,2010-11-24 14:40:00,55.0,True,True,2,2,2,6,Hibernating,Dormant,Low-cost reactivation
16490,2010-09-29 16:30:00,2010-09-29 16:30:00,1,205.41000000000003,205.41000000000003,436,436,False,,,True,False,1,1,1,3,Hibernating,Dormant,Low-cost reactivation
16491,2010-10-22 15:42:00,2011-10-24 10:18:00,2,1533.1599999999999,766.5799999999999,47,413,True,2011-10-24 10:18:00,366.0,True,False,4,2,4,10,Potential Loyalists,Active repeat,Develop loyalty
16492,2010-06-17 08:20:00,2010-06-17 08:20:00,1,385.56,385.56,541,541,False,,,True,False,1,1,2,4,Hibernating,Dormant,Low-cost reactivation
16493,2010-03-26 13:05:00,2011-09-21 11:10:00,7,2132.09,304.5842857142857,80,623,True,2010-07-05 13:05:00,101.0,True,False,3,4,4,11,Loyal Customers,Active repeat,Develop loyalty
16494,2011-02-16 12:49:00,2011-02-16 12:49:00,1,826.53,826.53,297,297,False,,,True,False,2,1,3,6,Hibernating,Dormant,Low-cost reactivation
16495,2011-03-08 16:38:00,2011-12-06 13:20:00,3,648.26,216.08666666666667,3,276,True,2011-03-08 16:39:00,0.0,True,True,5,3,3,11,Potential Loyalists,Active repeat,Develop loyalty
16496,2010-07-18 13:42:00,2011-12-01 10:31:00,6,2330.77,388.46166666666664,9,509,True,2010-07-18 13:43:00,0.0,True,True,5,4,4,13,Champions,Active repeat,Protect high-value active
16497,2009-12-03 14:11:00,2011-10-21 10:55:00,23,6695.280000000001,291.09913043478264,50,736,True,2010-01-08 10:30:00,35.0,True,True,4,5,5,14,Champions,Active repeat,Protect high-value active
16498,2011-06-30 19:52:00,2011-07-01 15:07:00,2,100.97,50.485,161,162,True,2011-07-01 15:07:00,0.0,True,True,3,2,1,6,Needs Attention,At risk,Test win-back
16499,2010-06-11 12:22:00,2010-12-14 13:31:00,8,2578.34,322.2925,360,547,True,2010-06-28 16:07:00,17.0,True,True,2,5,4,11,At Risk,Dormant,Low-cost reactivation
16500,2010-06-14 14:54:00,2011-12-05 12:04:00,9,843.91,93.76777777777778,5,543,True,2010-11-02 11:27:00,140.0,True,False,5,5,3,13,Loyal Customers,Active repeat,Develop loyalty
16501,2010-11-21 14:10:00,2010-11-21 14:10:00,1,1191.23,1191.23,383,383,False,,,True,False,2,1,3,6,Hibernating,Dormant,Low-cost reactivation
16502,2010-03-29 13:39:00,2010-03-29 13:44:00,2,258.55,129.275,620,620,True,2010-03-29 13:44:00,0.0,True,True,1,2,1,4,Hibernating,Dormant,Low-cost reactivation
16503,2010-06-21 14:07:00,2011-08-25 11:46:00,11,3614.34,328.5763636363636,107,536,True,2010-07-06 08:46:00,14.0,True,True,3,5,5,13,Loyal Customers,At risk,Win back high-value
16504,2011-11-14 15:18:00,2011-11-14 15:18:00,1,465.88,465.88,25,25,False,,,False,False,4,1,2,7,New Customers,New,Drive second purchase
16505,2011-11-08 12:14:00,2011-11-08 12:14:00,1,777.6,777.6,32,32,False,,,False,False,4,1,3,8,New Customers,New,Drive second purchase
16506,2011-10-30 15:50:00,2011-11-20 12:17:00,2,90.30000000000001,45.150000000000006,20,40,True,2011-11-20 12:17:00,20.0,False,False,4,2,1,7,Potential Loyalists,Active repeat,Develop loyalty
16507,2010-05-16 12:56:00,2010-05-16 12:56:00,1,142.71,142.71,572,572,False,,,True,False,1,1,1,3,Hibernating,Dormant,Low-cost reactivation
16508,2010-03-19 13:41:00,2010-03-19 13:41:00,1,240.95,240.95,630,630,False,,,True,False,1,1,1,3,Hibernating,Dormant,Low-cost reactivation
16509,2011-02-16 09:25:00,2011-02-16 09:25:00,1,363.7,363.7,297,297,False,,,True,False,2,1,2,5,Hibernating,Dormant,Low-cost reactivation
16510,2010-01-17 12:30:00,2010-12-02 13:39:00,6,1777.5,296.25,372,692,True,2010-03-17 17:11:00,59.0,True,True,2,4,4,10,At Risk,Dormant,Low-cost reactivation
16511,2010-03-01 12:21:00,2011-11-18 10:41:00,6,1760.49,293.415,22,649,True,2010-09-21 13:37:00,204.0,True,False,4,4,4,12,Champions,Active repeat,Develop loyalty
16513,2011-10-27 14:56:00,2011-12-05 10:18:00,4,874.59,218.6475,5,43,True,2011-11-20 13:39:00,23.0,False,False,5,4,3,12,Loyal Customers,Active repeat,Develop loyalty
16515,2010-06-17 12:17:00,2011-10-18 13:10:00,10,3179.06,317.906,52,541,True,2010-09-23 12:06:00,97.0,True,False,4,5,5,14,Champions,Active repeat,Protect high-value active
16516,2011-11-09 14:59:00,2011-11-09 14:59:00,1,101.69999999999999,101.69999999999999,30,30,False,,,False,False,4,1,1,6,New Customers,New,Drive second purchase
16517,2011-03-07 13:50:00,2011-03-07 13:50:00,1,162.7,162.7,277,277,False,,,True,False,2,1,1,4,Hibernating,Dormant,Low-cost reactivation
16518,2010-06-01 13:31:00,2011-10-09 15:04:00,4,959.37,239.8425,61,556,True,2010-10-14 12:14:00,134.0,True,False,3,4,3,10,Loyal Customers,Active repeat,Develop loyalty
16519,2010-03-01 13:51:00,2011-11-14 15:41:00,4,439.06,109.765,25,648,True,2010-08-11 14:34:00,163.0,True,False,4,4,2,10,Loyal Customers,Active repeat,Develop loyalty
16520,2010-03-02 16:50:00,2011-06-06 13:24:00,6,2148.38,358.06333333333333,186,647,True,2010-04-29 16:45:00,57.0,True,True,3,4,4,11,Loyal Customers,Dormant,Low-cost reactivation
16521,2010-03-01 13:22:00,2010-10-20 13:09:00,3,1140.11,380.03666666666663,415,648,True,2010-10-20 12:53:00,232.0,True,False,1,3,3,7,At Risk,Dormant,Low-cost reactivation
16522,2010-09-15 13:32:00,2010-09-30 10:54:00,2,433.36,216.68,436,450,True,2010-09-30 10:54:00,14.0,True,True,1,2,2,5,Hibernating,Dormant,Low-cost reactivation
16523,2010-01-24 13:14:00,2011-12-08 09:06:00,28,11916.33,425.5832142857143,2,684,True,2010-03-02 15:37:00,37.0,True,True,5,5,5,15,Champions,Active repeat,Protect high-value active
16524,2010-01-17 13:16:00,2010-09-19 13:37:00,2,306.19,153.095,446,691,True,2010-09-19 13:37:00,245.0,True,False,1,2,2,5,Hibernating,Dormant,Low-cost reactivation
16525,2009-12-02 13:53:00,2011-12-07 15:07:00,48,24151.3,503.15208333333334,2,737,True,2009-12-07 12:41:00,4.0,True,True,5,5,5,15,Champions,Active repeat,Protect high-value active
16526,2010-05-04 16:34:00,2011-06-21 12:02:00,2,717.21,358.605,172,584,True,2011-06-21 12:02:00,412.0,True,False,3,2,3,8,Needs Attention,At risk,Test win-back
16527,2010-10-11 13:25:00,2011-09-19 16:21:00,2,1232.94,616.47,81,424,True,2011-09-19 16:21:00,343.0,True,False,3,2,4,9,Needs Attention,Active repeat,Develop loyalty
16528,2011-12-06 12:45:00,2011-12-06 12:45:00,1,244.41,244.41,4,4,False,,,False,False,5,1,1,7,New Customers,New,Drive second purchase
16529,2010-06-27 13:29:00,2011-06-02 17:23:00,4,1986.8,496.7,190,530,True,2010-07-21 12:39:00,23.0,True,True,2,4,4,10,At Risk,Dormant,Low-cost reactivation
16530,2010-02-09 15:30:00,2010-02-09 15:30:00,1,48.349999999999994,48.349999999999994,668,668,False,,,True,False,1,1,1,3,Hibernating,Dormant,Low-cost reactivation
16531,2010-09-24 09:49:00,2011-11-17 16:29:00,11,2298.33,208.9390909090909,22,442,True,2010-10-26 13:10:00,32.0,True,True,4,5,4,13,Champions,Active repeat,Protect high-value active
16532,2010-03-29 10:26:00,2011-11-22 11:08:00,5,8756.64,1751.328,18,621,True,2010-10-04 11:52:00,189.0,True,False,5,4,5,14,Champions,Active repeat,Protect high-value active
16533,2011-10-02 15:07:00,2011-11-20 13:08:00,3,1082.81,360.93666666666667,19,68,True,2011-10-16 13:51:00,13.0,False,False,5,3,3,11,Potential Loyalists,Active repeat,Develop loyalty
16534,2010-03-07 15:47:00,2010-03-07 15:47:00,1,635.9,635.9,642,642,False,,,True,False,1,1,3,5,Hibernating,Dormant,Low-cost reactivation
16535,2010-01-28 15:26:00,2011-12-04 15:18:00,3,972.04,324.0133333333333,5,680,True,2010-11-19 13:01:00,294.0,True,False,5,3,3,11,Potential Loyalists,Active repeat,Develop loyalty
16536,2011-08-21 15:54:00,2011-08-21 15:54:00,1,548.12,548.12,110,110,False,,,True,False,3,1,2,6,Needs Attention,At risk,Test win-back
16537,2010-03-08 13:41:00,2010-03-08 13:41:00,1,23.35,23.35,641,641,False,,,True,False,1,1,1,3,Hibernating,Dormant,Low-cost reactivation
16538,2010-04-23 16:25:00,2010-06-16 16:59:00,3,395.07,131.69,541,595,True,2010-06-16 16:47:00,54.0,True,True,1,3,2,6,At Risk,Dormant,Low-cost reactivation
16539,2010-06-25 15:24:00,2011-12-07 08:41:00,10,3289.66,328.966,3,532,True,2010-07-08 11:44:00,12.0,True,True,5,5,5,15,Champions,Active repeat,Protect high-value active
16540,2010-10-21 17:22:00,2010-10-21 17:22:00,1,205.75,205.75,414,414,False,,,True,False,1,1,1,3,Hibernating,Dormant,Low-cost reactivation
16541,2009-12-04 13:22:00,2009-12-04 13:22:00,1,424.03,424.03,735,735,False,,,True,False,1,1,2,4,Hibernating,Dormant,Low-cost reactivation
16542,2010-11-03 14:44:00,2011-10-17 10:47:00,2,257.32,128.66,54,401,True,2011-10-17 10:47:00,347.0,True,False,4,2,1,7,Potential Loyalists,Active repeat,Develop loyalty
16543,2010-04-27 11:38:00,2010-04-27 11:38:00,1,292.21,292.21,592,592,False,,,True,False,1,1,2,4,Hibernating,Dormant,Low-cost reactivation
16544,2010-02-15 13:20:00,2010-07-08 11:11:00,4,376.70000000000005,94.17500000000001,520,662,True,2010-02-15 13:28:00,0.0,True,True,1,4,2,7,At Risk,Dormant,Low-cost reactivation
16545,2010-11-29 10:39:00,2011-06-28 10:37:00,2,689.8199999999999,344.90999999999997,165,376,True,2011-06-28 10:37:00,210.0,True,False,3,2,3,8,Needs Attention,At risk,Test win-back
16546,2010-09-23 15:43:00,2011-02-22 11:20:00,5,5307.07,1061.414,291,442,True,2010-11-04 13:46:00,41.0,True,True,2,4,5,11,At Risk,Dormant,Low-cost reactivation
16547,2010-06-11 13:02:00,2010-06-11 13:02:00,1,104.25999999999999,104.25999999999999,546,546,False,,,True,False,1,1,1,3,Hibernating,Dormant,Low-cost reactivation
16548,2010-04-19 16:15:00,2010-04-19 16:15:00,1,30.15,30.15,599,599,False,,,True,False,1,1,1,3,Hibernating,Dormant,Low-cost reactivation
16549,2010-03-28 15:45:00,2011-11-29 15:06:00,34,12781.8,375.93529411764706,10,621,True,2010-04-18 15:48:00,21.0,True,True,5,5,5,15,Champions,Active repeat,Protect high-value active
16550,2009-12-02 11:24:00,2011-08-23 11:12:00,18,8813.58,489.6433333333333,109,738,True,2009-12-15 12:08:00,13.0,True,True,3,5,5,13,Loyal Customers,At risk,Win back high-value
16551,2009-12-13 16:12:00,2011-09-05 09:38:00,7,2237.12,319.5885714285714,96,726,True,2010-02-08 15:48:00,56.0,True,True,3,4,4,11,Loyal Customers,At risk,Test win-back
16552,2010-12-01 12:36:00,2011-04-11 10:04:00,2,379.7300000000001,189.86500000000004,243,374,True,2011-04-11 10:04:00,130.0,True,False,2,2,2,6,Hibernating,Dormant,Low-cost reactivation
16553,2010-02-11 18:46:00,2011-06-29 15:42:00,33,16584.010000000002,502.54575757575765,163,666,True,2010-02-11 18:48:00,0.0,True,True,3,5,5,13,Loyal Customers,At risk,Win back high-value
16554,2009-12-15 09:42:00,2011-10-28 14:51:00,8,2841.7200000000003,355.21500000000003,42,725,True,2010-03-25 11:23:00,100.0,True,False,4,5,4,13,Champions,Active repeat,Protect high-value active
16555,2010-07-22 13:39:00,2011-11-04 14:31:00,6,1915.68,319.28000000000003,35,505,True,2010-07-22 13:40:00,0.0,True,True,4,4,4,12,Champions,Active repeat,Develop loyalty
16556,2009-12-07 10:51:00,2011-10-04 11:36:00,17,8012.58,471.32823529411763,67,733,True,2009-12-18 09:16:00,10.0,True,True,3,5,5,13,Loyal Customers,Active repeat,Protect high-value active
16557,2011-07-25 13:28:00,2011-11-15 14:04:00,2,281.85,140.925,24,137,True,2011-11-15 14:04:00,113.0,True,False,4,2,1,7,Potential Loyalists,Active repeat,Develop loyalty
16558,2009-12-03 18:11:00,2011-12-09 10:20:00,38,13304.11,350.10815789473685,1,736,True,2010-03-09 11:23:00,95.0,True,False,5,5,5,15,Champions,Active repeat,Protect high-value active
16559,2010-11-07 13:52:00,2010-11-07 13:52:00,1,175.0,175.0,397,397,False,,,True,False,2,1,1,4,Hibernating,Dormant,Low-cost reactivation
16560,2009-12-08 12:05:00,2011-11-13 10:35:00,8,3048.38,381.0475,27,732,True,2009-12-17 13:15:00,9.0,True,True,4,5,5,14,Champions,Active repeat,Protect high-value active
16561,2011-10-11 09:53:00,2011-12-04 11:50:00,2,511.12,255.56,6,60,True,2011-12-04 11:50:00,54.0,False,False,5,2,2,9,Potential Loyalists,Active repeat,Develop loyalty
16562,2010-08-20 11:45:00,2010-08-20 11:45:00,1,223.85999999999999,223.85999999999999,477,477,False,,,True,False,1,1,1,3,Hibernating,Dormant,Low-cost reactivation
16563,2009-12-01 18:35:00,2011-10-17 11:51:00,6,4412.56,735.4266666666667,54,738,True,2010-02-18 11:56:00,78.0,True,True,4,4,5,13,Champions,Active repeat,Protect high-value active
16564,2010-05-19 14:41:00,2010-05-19 14:41:00,1,87.8,87.8,569,569,False,,,True,False,1,1,1,3,Hibernating,Dormant,Low-cost reactivation
16565,2010-06-02 12:47:00,2010-12-10 15:21:00,4,773.05,193.2625,364,556,True,2010-08-10 12:32:00,68.0,True,True,2,4,3,9,At Risk,Dormant,Low-cost reactivation
16566,2011-02-20 10:29:00,2011-11-24 16:34:00,5,614.66,122.93199999999999,15,293,True,2011-05-31 08:32:00,99.0,True,False,5,4,3,12,Loyal Customers,Active repeat,Develop loyalty
16567,2011-01-07 09:31:00,2011-05-29 13:57:00,2,865.6,432.8,194,337,True,2011-05-29 13:57:00,142.0,True,False,2,2,3,7,Hibernating,Dormant,Low-cost reactivation
16568,2010-03-08 14:51:00,2010-10-08 10:54:00,2,1020.9000000000001,510.45000000000005,428,641,True,2010-10-08 10:54:00,213.0,True,False,1,2,3,6,Hibernating,Dormant,Low-cost reactivation
16569,2009-12-16 15:05:00,2011-12-06 15:32:00,5,1455.23,291.046,3,723,True,2010-01-11 14:52:00,25.0,True,True,5,4,4,13,Champions,Active repeat,Develop loyalty
16570,2010-03-30 09:32:00,2011-11-24 17:02:00,20,7434.3099999999995,371.71549999999996,15,620,True,2010-05-19 10:27:00,50.0,True,True,5,5,5,15,Champions,Active repeat,Protect high-value active
16571,2010-03-18 09:12:00,2011-11-13 11:46:00,10,4248.74,424.87399999999997,27,632,True,2010-05-25 11:46:00,68.0,True,True,4,5,5,14,Champions,Active repeat,Protect high-value active
16572,2011-03-09 12:04:00,2011-08-04 16:34:00,3,1009.5999999999999,336.5333333333333,127,276,True,2011-07-11 13:32:00,124.0,True,False,3,3,3,9,Needs Attention,At risk,Test win-back
16573,2011-02-22 15:14:00,2011-09-16 09:13:00,2,663.61,331.805,85,290,True,2011-09-16 09:13:00,205.0,True,False,3,2,3,8,Needs Attention,Active repeat,Develop loyalty
16574,2010-02-19 11:46:00,2011-09-29 13:39:00,3,1301.78,433.9266666666667,71,659,True,2010-10-12 09:25:00,234.0,True,False,3,3,4,10,Needs Attention,Active repeat,Develop loyalty
16576,2010-07-06 10:42:00,2010-10-15 13:37:00,2,540.87,270.435,420,522,True,2010-10-15 13:37:00,101.0,True,False,1,2,2,5,Hibernating,Dormant,Low-cost reactivation
16577,2010-02-11 09:45:00,2010-02-11 09:45:00,1,380.0,380.0,667,667,False,,,True,False,1,1,2,4,Hibernating,Dormant,Low-cost reactivation
16578,2010-03-23 15:11:00,2010-03-23 15:11:00,1,156.6,156.6,626,626,False,,,True,False,1,1,1,3,Hibernating,Dormant,Low-cost reactivation
16579,2010-10-10 11:58:00,2010-10-10 11:58:00,1,295.05,295.05,426,426,False,,,True,False,1,1,2,4,Hibernating,Dormant,Low-cost reactivation
16581,2011-06-10 10:05:00,2011-06-10 10:05:00,1,105.84,105.84,183,183,False,,,True,False,3,1,1,5,Needs Attention,Dormant,Low-cost reactivation
16582,2011-08-18 17:02:00,2011-08-18 17:02:00,1,313.62,313.62,113,113,False,,,True,False,3,1,2,6,Needs Attention,At risk,Test win-back
16583,2010-02-04 12:18:00,2010-12-01 12:03:00,2,297.95,148.975,374,674,True,2010-12-01 12:03:00,299.0,True,False,2,2,2,6,Hibernating,Dormant,Low-cost reactivation
16584,2010-02-16 10:41:00,2011-09-20 13:45:00,5,3156.17,631.234,80,662,True,2010-07-28 10:45:00,162.0,True,False,3,4,5,12,Loyal Customers,Active repeat,Protect high-value active
16585,2010-01-13 13:31:00,2010-04-25 10:34:00,2,341.59000000000003,170.79500000000002,594,695,True,2010-04-25 10:34:00,101.0,True,False,1,2,2,5,Hibernating,Dormant,Low-cost reactivation
16586,2010-03-14 11:24:00,2011-04-05 09:32:00,3,1462.78,487.5933333333333,249,636,True,2010-09-21 10:11:00,190.0,True,False,2,3,4,9,At Risk,Dormant,Low-cost reactivation
16587,2011-04-21 15:51:00,2011-04-21 15:51:00,1,225.15,225.15,232,232,False,,,True,False,2,1,1,4,Hibernating,Dormant,Low-cost reactivation
16588,2010-05-14 13:43:00,2010-11-18 17:56:00,4,1361.28,340.32,386,574,True,2010-07-22 17:30:00,69.0,True,True,2,4,4,10,At Risk,Dormant,Low-cost reactivation
16589,2010-09-15 14:56:00,2011-09-29 14:50:00,4,612.36,153.09,71,450,True,2011-07-01 13:31:00,288.0,True,False,3,4,3,10,Loyal Customers,Active repeat,Develop loyalty
16590,2010-10-21 12:09:00,2010-11-04 09:06:00,2,605.9,302.95,401,415,True,2010-11-04 09:06:00,13.0,True,True,2,2,2,6,Hibernating,Dormant,Low-cost reactivation
16591,2011-10-02 10:43:00,2011-10-02 10:43:00,1,213.5,213.5,69,69,False,,,False,False,3,1,1,5,Needs Attention,New,Drive second purchase
16592,2009-12-18 15:57:00,2011-12-05 13:49:00,28,7807.91,278.8539285714286,4,721,True,2010-01-24 13:51:00,36.0,True,True,5,5,5,15,Champions,Active repeat,Protect high-value active
16593,2009-12-05 10:44:00,2011-10-20 12:41:00,8,1071.14,133.8925,51,735,True,2009-12-20 13:37:00,15.0,True,True,4,5,3,12,Loyal Customers,Active repeat,Develop loyalty
16594,2011-09-25 14:08:00,2011-09-25 14:08:00,1,181.09,181.09,75,75,False,,,False,False,3,1,1,5,Needs Attention,New,Drive second purchase
16595,2010-01-17 12:12:00,2011-10-09 13:15:00,5,1757.75,351.55,61,692,True,2010-04-12 15:40:00,85.0,True,True,3,4,4,11,Loyal Customers,Active repeat,Develop loyalty
16596,2009-12-10 13:09:00,2011-11-24 10:02:00,4,458.98,114.745,16,729,True,2010-01-19 12:39:00,39.0,True,True,5,4,2,11,Loyal Customers,Active repeat,Develop loyalty
16597,2011-12-05 15:44:00,2011-12-05 15:44:00,1,90.04,90.04,4,4,False,,,False,False,5,1,1,7,New Customers,New,Drive second purchase
16598,2011-02-27 11:42:00,2011-02-27 11:42:00,1,145.04999999999998,145.04999999999998,286,286,False,,,True,False,2,1,1,4,Hibernating,Dormant,Low-cost reactivation
16599,2010-11-19 12:45:00,2010-11-19 12:45:00,1,172.8,172.8,386,386,False,,,True,False,2,1,1,4,Hibernating,Dormant,Low-cost reactivation
16600,2009-12-18 12:59:00,2011-12-05 16:00:00,13,2153.41,165.64692307692306,4,721,True,2010-08-13 14:47:00,238.0,True,False,5,5,4,14,Champions,Active repeat,Develop loyalty
16601,2010-03-26 13:39:00,2011-10-30 11:09:00,3,677.0,225.66666666666666,41,623,True,2010-11-14 11:30:00,232.0,True,False,4,3,3,10,Potential Loyalists,Active repeat,Develop loyalty
16602,2010-11-16 09:13:00,2011-11-03 15:54:00,2,763.33,381.665,36,389,True,2011-11-03 15:54:00,352.0,True,False,4,2,3,9,Potential Loyalists,Active repeat,Develop loyalty
16603,2011-09-09 13:02:00,2011-09-26 10:06:00,2,482.47,241.235,75,91,True,2011-09-26 10:06:00,16.0,True,True,3,2,2,7,Needs Attention,Active repeat,Develop loyalty
16604,2010-05-20 16:34:00,2010-05-26 09:10:00,2,432.45,216.225,563,568,True,2010-05-26 09:10:00,5.0,True,True,1,2,2,5,Hibernating,Dormant,Low-cost reactivation
16605,2009-12-15 19:03:00,2009-12-15 19:03:00,1,60.48,60.48,724,724,False,,,True,False,1,1,1,3,Hibernating,Dormant,Low-cost reactivation
16606,2010-10-01 13:21:00,2010-10-31 13:57:00,2,357.66,178.83,404,434,True,2010-10-31 13:57:00,30.0,True,True,2,2,2,6,Hibernating,Dormant,Low-cost reactivation
16607,2010-04-29 14:01:00,2011-11-22 10:24:00,25,5706.87,228.2748,18,589,True,2010-05-20 17:07:00,21.0,True,True,5,5,5,15,Champions,Active repeat,Protect high-value active
16608,2010-02-14 11:57:00,2010-09-12 11:44:00,2,1286.62,643.31,454,664,True,2010-09-12 11:44:00,209.0,True,False,1,2,4,7,Hibernating,Dormant,Low-cost reactivation
16609,2011-04-01 10:11:00,2011-11-24 13:32:00,7,5493.46,784.78,15,253,True,2011-05-03 10:56:00,32.0,True,True,5,4,5,14,Champions,Active repeat,Protect high-value active
16610,2011-05-04 13:13:00,2011-05-04 13:13:00,1,75.66,75.66,219,219,False,,,True,False,2,1,1,4,Hibernating,Dormant,Low-cost reactivation
16611,2010-03-10 16:07:00,2011-06-06 15:46:00,6,1785.13,297.5216666666667,186,639,True,2010-03-30 13:33:00,19.0,True,True,3,4,4,11,Loyal Customers,Dormant,Low-cost reactivation
16612,2009-12-03 15:54:00,2011-11-07 07:38:00,9,3245.4300000000003,360.60333333333335,33,736,True,2010-05-23 14:06:00,170.0,True,False,4,5,5,14,Champions,Active repeat,Protect high-value active
16613,2011-09-30 15:52:00,2011-09-30 15:52:00,1,618.59,618.59,70,70,False,,,False,False,3,1,3,7,Needs Attention,New,Drive second purchase
16614,2010-05-10 15:18:00,2011-06-10 11:36:00,3,1179.79,393.2633333333333,183,578,True,2010-11-02 18:08:00,176.0,True,False,3,3,3,9,Needs Attention,Dormant,Low-cost reactivation
16615,2010-03-23 15:13:00,2010-03-23 15:13:00,1,291.5,291.5,626,626,False,,,True,False,1,1,2,4,Hibernating,Dormant,Low-cost reactivation
16616,2011-07-05 13:38:00,2011-11-24 16:31:00,2,500.42,250.21,15,157,True,2011-11-24 16:31:00,142.0,True,False,5,2,2,9,Potential Loyalists,Active repeat,Develop loyalty
16617,2011-04-18 10:35:00,2011-04-18 10:35:00,1,151.85,151.85,236,236,False,,,True,False,2,1,1,4,Hibernating,Dormant,Low-cost reactivation
16618,2011-01-21 11:55:00,2011-11-08 13:52:00,5,2647.59,529.518,31,323,True,2011-03-25 15:18:00,63.0,True,True,4,4,4,12,Champions,Active repeat,Protect high-value active
16619,2010-02-22 12:05:00,2011-03-21 08:18:00,4,1938.33,484.5825,264,656,True,2010-04-20 14:52:00,57.0,True,True,2,4,4,10,At Risk,Dormant,Low-cost reactivation
16620,2009-12-01 14:35:00,2011-12-06 12:19:00,6,1758.93,293.15500000000003,4,738,True,2010-03-05 15:48:00,94.0,True,False,5,4,4,13,Champions,Active repeat,Develop loyalty
16621,2011-03-07 11:32:00,2011-10-19 11:38:00,4,813.48,203.37,52,278,True,2011-05-08 10:43:00,61.0,True,True,4,4,3,11,Loyal Customers,Active repeat,Develop loyalty
16622,2010-06-14 10:44:00,2010-06-14 10:44:00,1,225.4,225.4,544,544,False,,,True,False,1,1,1,3,Hibernating,Dormant,Low-cost reactivation
16623,2010-04-26 14:04:00,2011-04-08 10:09:00,4,1015.24,253.81,246,592,True,2010-06-21 12:11:00,55.0,True,True,2,4,3,9,At Risk,Dormant,Low-cost reactivation
16624,2011-05-26 14:20:00,2011-09-20 12:39:00,2,810.5699999999999,405.28499999999997,81,197,True,2011-09-20 12:39:00,116.0,True,False,3,2,3,8,Needs Attention,Active repeat,Develop loyalty
16625,2010-06-14 11:56:00,2011-03-10 12:50:00,5,1654.03,330.806,275,544,True,2010-08-16 14:49:00,63.0,True,True,2,4,4,10,At Risk,Dormant,Low-cost reactivation
16626,2011-03-18 12:27:00,2011-12-09 11:56:00,17,4413.1,259.59411764705885,1,267,True,2011-06-08 10:50:00,81.0,True,True,5,5,5,15,Champions,Active repeat,Protect high-value active
16627,2011-09-21 14:38:00,2011-09-21 14:38:00,1,322.8,322.8,79,79,False,,,False,False,3,1,2,6,Needs Attention,New,Drive second purchase
16628,2010-03-08 12:24:00,2011-11-10 12:45:00,7,2318.1,331.15714285714284,30,642,True,2010-10-28 08:38:00,233.0,True,False,4,4,4,12,Champions,Active repeat,Protect high-value active
16629,2011-09-04 16:12:00,2011-09-27 10:34:00,2,408.63,204.315,74,96,True,2011-09-27 10:34:00,22.0,True,True,3,2,2,7,Needs Attention,Active repeat,Develop loyalty
16630,2010-10-28 14:30:00,2010-10-28 14:30:00,1,106.80000000000001,106.80000000000001,407,407,False,,,True,False,2,1,1,4,Hibernating,Dormant,Low-cost reactivation
16631,2010-02-26 10:49:00,2010-08-15 11:20:00,7,1892.52,270.36,482,652,True,2010-04-15 08:35:00,47.0,True,True,1,4,4,9,At Risk,Dormant,Low-cost reactivation
16632,2010-05-07 16:46:00,2010-08-11 11:39:00,2,406.4,203.2,486,581,True,2010-08-11 11:39:00,95.0,True,False,1,2,2,5,Hibernating,Dormant,Low-cost reactivation
16633,2011-04-19 14:36:00,2011-11-22 13:41:00,6,2883.1,480.51666666666665,17,234,True,2011-06-12 11:48:00,53.0,True,True,5,4,4,13,Champions,Active repeat,Protect high-value active
16634,2010-01-21 09:30:00,2011-05-01 12:09:00,6,1649.81,274.9683333333333,223,688,True,2010-03-29 12:32:00,67.0,True,True,2,4,4,10,At Risk,Dormant,Low-cost reactivation
16635,2010-10-29 09:41:00,2010-10-29 09:41:00,1,473.0,473.0,407,407,False,,,True,False,2,1,2,5,Hibernating,Dormant,Low-cost reactivation
16636,2010-03-03 14:06:00,2010-09-27 13:13:00,4,3802.04,950.51,438,646,True,2010-03-19 10:23:00,15.0,True,True,1,4,5,10,At Risk,Dormant,Low-cost reactivation
16637,2011-04-28 10:20:00,2011-11-07 13:17:00,4,1154.47,288.6175,32,226,True,2011-08-08 12:00:00,102.0,True,False,4,4,3,11,Loyal Customers,Active repeat,Develop loyalty
16638,2010-08-18 13:33:00,2011-11-17 11:09:00,15,2380.13,158.67533333333333,23,478,True,2010-08-18 13:35:00,0.0,True,True,4,5,4,13,Champions,Active repeat,Protect high-value active
16639,2010-10-26 18:23:00,2011-11-08 13:20:00,4,1747.98,436.995,31,409,True,2011-04-18 09:31:00,173.0,True,False,4,4,4,12,Champions,Active repeat,Develop loyalty
16640,2010-11-07 10:48:00,2010-11-07 10:48:00,1,179.4,179.4,398,398,False,,,True,False,2,1,1,4,Hibernating,Dormant,Low-cost reactivation
16641,2010-01-07 12:22:00,2011-08-26 12:49:00,2,554.5,277.25,106,702,True,2011-08-26 12:49:00,596.0,True,False,3,2,2,7,Needs Attention,At risk,Test win-back
16642,2010-10-20 14:22:00,2011-12-05 11:31:00,3,1077.45,359.15000000000003,5,415,True,2011-05-16 12:35:00,207.0,True,False,5,3,3,11,Potential Loyalists,Active repeat,Develop loyalty
16643,2010-10-13 09:47:00,2011-04-08 08:24:00,2,923.11,461.555,246,423,True,2011-04-08 08:24:00,176.0,True,False,2,2,3,7,Hibernating,Dormant,Low-cost reactivation
16644,2011-05-11 12:53:00,2011-06-15 12:39:00,2,833.78,416.89,178,212,True,2011-06-15 12:39:00,34.0,True,True,3,2,3,8,Needs Attention,At risk,Test win-back
16645,2009-12-04 09:49:00,2009-12-04 09:49:00,1,160.39,160.39,736,736,False,,,True,False,1,1,1,3,Hibernating,Dormant,Low-cost reactivation
16646,2010-09-16 13:28:00,2010-09-16 13:28:00,1,678.8,678.8,449,449,False,,,True,False,1,1,3,5,Hibernating,Dormant,Low-cost reactivation
16647,2010-06-13 15:52:00,2011-06-23 11:47:00,4,541.9,135.475,170,544,True,2010-09-23 14:33:00,101.0,True,False,3,4,2,9,Loyal Customers,At risk,Test win-back
16648,2010-04-28 14:58:00,2011-10-28 08:58:00,3,672.8,224.26666666666665,43,590,True,2010-09-10 11:59:00,134.0,True,False,4,3,3,10,Potential Loyalists,Active repeat,Develop loyalty
16649,2010-07-07 15:41:00,2010-07-07 15:41:00,1,306.58000000000004,306.58000000000004,520,520,False,,,True,False,1,1,2,4,Hibernating,Dormant,Low-cost reactivation
16650,2010-07-08 14:18:00,2011-09-29 09:51:00,7,1916.1100000000001,273.73,72,519,True,2010-07-12 11:00:00,3.0,True,True,3,4,4,11,Loyal Customers,Active repeat,Develop loyalty
16651,2010-05-02 11:46:00,2010-05-02 11:46:00,1,136.2,136.2,587,587,False,,,True,False,1,1,1,3,Hibernating,Dormant,Low-cost reactivation
16652,2010-03-17 10:22:00,2011-10-12 09:38:00,16,17550.39,1096.899375,59,633,True,2010-04-27 11:15:00,41.0,True,True,3,5,5,13,Loyal Customers,Active repeat,Protect high-value active
16653,2011-09-29 13:38:00,2011-11-23 14:51:00,2,1212.6599999999999,606.3299999999999,16,71,True,2011-11-23 14:51:00,55.0,False,False,5,2,3,10,Potential Loyalists,Active repeat,Develop loyalty
16654,2010-04-06 13:29:00,2011-07-21 15:23:00,8,1484.07,185.50875,141,612,True,2010-07-01 13:37:00,86.0,True,True,3,5,4,12,Loyal Customers,At risk,Test win-back
16655,2010-01-31 15:40:00,2011-11-22 11:25:00,13,6423.26,494.0969230769231,18,677,True,2010-03-28 16:04:00,56.0,True,True,5,5,5,15,Champions,Active repeat,Protect high-value active
16656,2009-12-04 12:59:00,2011-11-17 14:43:00,30,16833.17,561.1056666666666,22,735,True,2010-02-07 14:39:00,65.0,True,True,4,5,5,14,Champions,Active repeat,Protect high-value active
16657,2011-03-30 12:02:00,2011-11-30 11:48:00,4,874.4300000000001,218.60750000000002,10,255,True,2011-07-14 11:45:00,105.0,True,False,5,4,3,12,Loyal Customers,Active repeat,Develop loyalty
16658,2010-03-30 16:24:00,2010-12-06 13:47:00,6,690.83,115.13833333333334,368,619,True,2010-05-25 16:48:00,56.0,True,True,2,4,3,9,At Risk,Dormant,Low-cost reactivation
16659,2011-06-03 15:03:00,2011-06-03 15:03:00,1,39.12,39.12,189,189,False,,,True,False,2,1,1,4,Hibernating,Dormant,Low-cost reactivation
16660,2010-01-14 11:09:00,2011-11-23 14:53:00,7,1879.55,268.50714285714287,16,695,True,2010-09-07 15:09:00,236.0,True,False,5,4,4,13,Champions,Active repeat,Develop loyalty
16661,2009-12-17 15:39:00,2010-06-17 15:24:00,4,932.76,233.19,540,722,True,2010-04-23 11:28:00,126.0,True,False,1,4,3,8,At Risk,Dormant,Low-cost reactivation
16662,2010-11-10 16:56:00,2010-11-10 16:56:00,1,151.05,151.05,394,394,False,,,True,False,2,1,1,4,Hibernating,Dormant,Low-cost reactivation
16663,2009-12-10 13:12:00,2009-12-10 13:12:00,1,165.0,165.0,729,729,False,,,True,False,1,2,1,4,Hibernating,Dormant,Low-cost reactivation
16664,2010-05-19 17:11:00,2010-05-19 17:11:00,1,109.2,109.2,569,569,False,,,True,False,1,2,1,4,Hibernating,Dormant,Low-cost reactivation
16665,2010-12-12 14:03:00,2010-12-12 14:03:00,1,135.39999999999998,135.39999999999998,362,362,False,,,True,False,2,2,1,5,Hibernating,Dormant,Low-cost reactivation
16666,2010-03-28 15:13:00,2011-11-20 14:01:00,2,217.71,108.855,19,621,True,2011-11-20 14:01:00,601.0,True,False,5,2,1,8,Potential Loyalists,Active repeat,Develop loyalty
16667,2011-02-28 12:57:00,2011-10-02 15:26:00,2,567.18,283.59,68,284,True,2011-10-02 15:26:00,216.0,True,False,3,2,2,7,Needs Attention,Active repeat,Develop loyalty
16668,2010-03-18 18:25:00,2011-11-24 17:43:00,13,862.42,66.34,15,631,True,2010-06-01 12:18:00,74.0,True,True,5,5,3,13,Loyal Customers,Active repeat,Develop loyalty
16669,2011-09-22 14:13:00,2011-11-16 12:26:00,3,1348.88,449.6266666666667,24,78,True,2011-09-22 14:18:00,0.0,False,False,4,3,4,11,Potential Loyalists,Active repeat,Develop loyalty
16670,2009-12-10 15:28:00,2011-11-23 09:34:00,20,8030.150000000001,401.50750000000005,17,729,True,2010-01-18 12:27:00,38.0,True,True,5,5,5,15,Champions,Active repeat,Protect high-value active
16671,2011-06-28 11:20:00,2011-11-11 13:40:00,3,1692.2700000000002,564.09,28,165,True,2011-11-04 09:32:00,128.0,True,False,4,3,4,11,Potential Loyalists,Active repeat,Develop loyalty
16672,2011-03-18 10:15:00,2011-12-07 16:29:00,20,8134.9400000000005,406.747,2,267,True,2011-04-06 14:03:00,19.0,True,True,5,5,5,15,Champions,Active repeat,Protect high-value active
16673,2010-01-29 14:22:00,2010-01-29 14:22:00,1,171.13,171.13,679,679,False,,,True,False,1,2,1,4,Hibernating,Dormant,Low-cost reactivation
16674,2011-09-02 13:59:00,2011-10-16 11:31:00,2,304.24,152.12,55,98,True,2011-10-16 11:31:00,43.0,True,True,4,2,2,8,Potential Loyalists,Active repeat,Develop loyalty
16675,2010-08-18 13:11:00,2010-09-24 12:15:00,2,608.8599999999999,304.42999999999995,442,478,True,2010-09-24 12:15:00,36.0,True,True,1,2,2,5,Hibernating,Dormant,Low-cost reactivation
16676,2010-10-17 13:07:00,2011-11-06 12:01:00,6,2361.9,393.65000000000003,34,418,True,2010-11-02 19:19:00,16.0,True,True,4,4,4,12,Champions,Active repeat,Protect high-value active
16677,2010-02-25 16:11:00,2010-10-24 14:53:00,2,880.62,440.31,411,652,True,2010-10-24 14:53:00,240.0,True,False,1,2,3,6,Hibernating,Dormant,Low-cost reactivation
16678,2011-03-02 09:24:00,2011-12-07 12:17:00,12,3109.9900000000002,259.16583333333335,3,283,True,2011-04-03 13:24:00,32.0,True,True,5,5,5,15,Champions,Active repeat,Protect high-value active
16679,2010-06-10 18:35:00,2010-12-08 13:51:00,3,663.31,221.10333333333332,366,547,True,2010-11-10 13:11:00,152.0,True,False,2,3,3,8,At Risk,Dormant,Low-cost reactivation
16680,2010-06-23 09:30:00,2011-10-27 17:35:00,3,821.45,273.81666666666666,43,535,True,2010-06-29 14:52:00,6.0,True,True,4,3,3,10,Potential Loyalists,Active repeat,Develop loyalty
16681,2010-03-08 14:10:00,2011-09-28 11:11:00,7,1921.84,274.5485714285714,73,641,True,2011-03-31 13:46:00,387.0,True,False,3,4,4,11,Loyal Customers,Active repeat,Develop loyalty
16682,2011-06-05 11:02:00,2011-12-05 12:13:00,5,1028.0,205.6,5,188,True,2011-07-04 10:42:00,28.0,True,True,5,4,3,12,Loyal Customers,Active repeat,Develop loyalty
16683,2010-06-24 10:36:00,2010-06-24 10:36:00,1,320.25,320.25,534,534,False,,,True,False,1,2,2,5,Hibernating,Dormant,Low-cost reactivation
16684,2009-12-07 12:56:00,2011-12-05 14:06:00,55,147142.77,2675.3230909090908,4,732,True,2009-12-07 12:58:00,0.0,True,True,5,5,5,15,Champions,Active repeat,Protect high-value active
16685,2011-10-09 13:44:00,2011-10-09 13:58:00,2,324.24,162.12,61,61,True,2011-10-09 13:58:00,0.0,False,False,3,2,2,7,Needs Attention,Active repeat,Develop loyalty
16686,2009-12-06 15:48:00,2011-10-23 13:49:00,16,4881.07,305.066875,47,733,True,2009-12-06 15:51:00,0.0,True,True,4,5,5,14,Champions,Active repeat,Protect high-value active
16687,2010-11-14 11:46:00,2010-11-14 11:46:00,1,157.63,157.63,391,391,False,,,True,False,2,2,1,5,Hibernating,Dormant,Low-cost reactivation
16688,2011-10-10 12:23:00,2011-12-08 15:24:00,4,1260.86,315.215,1,61,True,2011-10-27 16:11:00,17.0,False,False,5,4,4,13,Champions,Active repeat,Develop loyalty
16689,2011-09-18 13:29:00,2011-09-25 11:39:00,2,422.6,211.3,76,82,True,2011-09-25 11:39:00,6.0,False,False,3,2,2,7,Needs Attention,Active repeat,Develop loyalty
16690,2010-09-14 15:00:00,2011-09-28 15:02:00,4,353.03,88.2575,72,451,True,2010-11-11 16:15:00,58.0,True,True,3,4,2,9,Loyal Customers,Active repeat,Develop loyalty
16691,2010-05-27 14:55:00,2010-10-17 15:03:00,2,178.82999999999998,89.41499999999999,418,561,True,2010-10-17 15:03:00,143.0,True,False,1,2,1,4,Hibernating,Dormant,Low-cost reactivation
16692,2010-09-24 11:31:00,2011-03-28 14:46:00,4,1914.6999999999998,478.67499999999995,256,442,True,2010-10-27 10:29:00,32.0,True,True,2,4,4,10,At Risk,Dormant,Low-cost reactivation
16693,2010-02-21 12:42:00,2011-10-02 11:10:00,5,1179.48,235.89600000000002,69,657,True,2010-07-11 11:02:00,139.0,True,False,3,4,3,10,Loyal Customers,Active repeat,Develop loyalty
16694,2009-12-16 15:45:00,2009-12-16 15:45:00,1,98.30000000000001,98.30000000000001,723,723,False,,,True,False,1,2,1,4,Hibernating,Dormant,Low-cost reactivation
16695,2010-05-27 12:24:00,2010-05-27 12:36:00,2,191.9,95.95,562,562,True,2010-05-27 12:36:00,0.0,True,True,1,2,1,4,Hibernating,Dormant,Low-cost reactivation
16696,2011-04-05 15:20:00,2011-07-27 14:23:00,4,657.9000000000001,164.47500000000002,135,248,True,2011-05-10 11:31:00,34.0,True,True,3,4,3,10,Loyal Customers,At risk,Test win-back
16697,2011-04-12 17:12:00,2011-04-12 17:12:00,1,112.75,112.75,241,241,False,,,True,False,2,2,1,5,Hibernating,Dormant,Low-cost reactivation
16698,2011-03-31 13:33:00,2011-04-27 10:52:00,2,1998.0,999.0,227,253,True,2011-04-27 10:52:00,26.0,True,True,2,2,4,8,Hibernating,Dormant,Low-cost reactivation
16699,2009-12-04 13:31:00,2010-11-24 14:38:00,7,994.6,142.0857142857143,380,735,True,2010-03-25 13:41:00,111.0,True,False,2,4,3,9,At Risk,Dormant,Low-cost reactivation
16700,2009-12-02 10:51:00,2011-12-01 11:00:00,25,8830.77,353.23080000000004,9,738,True,2009-12-02 10:52:00,0.0,True,True,5,5,5,15,Champions,Active repeat,Protect high-value active
16701,2009-12-01 19:19:00,2011-12-01 11:10:00,26,9916.73,381.4126923076923,9,738,True,2009-12-17 13:14:00,15.0,True,True,5,5,5,15,Champions,Active repeat,Protect high-value active
16702,2009-12-07 16:40:00,2010-10-20 14:10:00,4,1110.83,277.7075,415,732,True,2010-02-23 15:27:00,77.0,True,True,1,4,3,8,At Risk,Dormant,Low-cost reactivation
16704,2010-02-05 14:14:00,2010-03-31 14:02:00,2,664.16,332.08,618,672,True,2010-03-31 14:02:00,53.0,True,True,1,2,3,6,Hibernating,Dormant,Low-cost reactivation
16705,2009-12-09 13:34:00,2011-12-09 12:08:00,42,43515.051,1036.072642857143,1,730,True,2010-01-19 17:03:00,41.0,True,True,5,5,5,15,Champions,Active repeat,Protect high-value active
16706,2011-08-17 15:53:00,2011-11-02 13:50:00,3,531.3499999999999,177.11666666666665,37,114,True,2011-09-02 13:41:00,15.0,True,True,4,3,2,9,Potential Loyalists,Active repeat,Develop loyalty
16707,2010-03-09 15:16:00,2010-11-04 14:39:00,4,533.41,133.3525,400,640,True,2010-05-06 13:52:00,57.0,True,True,2,4,2,8,At Risk,Dormant,Low-cost reactivation
16708,2011-10-25 12:20:00,2011-10-25 12:20:00,1,656.63,656.63,46,46,False,,,False,False,4,2,3,9,Potential Loyalists,New,Drive second purchase
16709,2009-12-09 13:16:00,2011-09-16 10:56:00,14,9056.01,646.8578571428571,85,730,True,2010-02-03 13:24:00,56.0,True,True,3,5,5,13,Loyal Customers,Active repeat,Protect high-value active
16710,2009-12-04 13:41:00,2011-11-20 14:50:00,22,5921.35,269.15227272727276,19,735,True,2009-12-06 13:49:00,2.0,True,True,5,5,5,15,Champions,Active repeat,Protect high-value active
16711,2009-12-02 13:22:00,2011-12-06 16:32:00,9,2868.48,318.72,3,737,True,2009-12-14 14:28:00,12.0,True,True,5,5,4,14,Champions,Active repeat,Protect high-value active
16712,2010-11-03 15:45:00,2011-11-30 13:48:00,13,4232.87,325.6053846153846,9,401,True,2010-11-03 15:54:00,0.0,True,True,5,5,5,15,Champions,Active repeat,Protect high-value active
16713,2009-12-15 12:49:00,2011-11-21 12:36:00,32,14115.56,441.11125,19,725,True,2009-12-15 12:57:00,0.0,True,True,4,5,5,14,Champions,Active repeat,Protect high-value active
16714,2010-02-07 11:17:00,2011-05-05 11:09:00,4,1497.33,374.3325,219,671,True,2011-01-26 13:40:00,353.0,True,False,2,4,4,10,At Risk,Dormant,Low-cost reactivation
16715,2010-05-26 12:35:00,2011-09-22 18:15:00,2,625.52,312.76,78,563,True,2011-09-22 18:15:00,484.0,True,False,3,2,3,8,Needs Attention,Active repeat,Develop loyalty
16716,2010-03-19 11:05:00,2011-03-18 10:03:00,3,2149.6800000000003,716.5600000000001,267,631,True,2011-02-01 15:35:00,319.0,True,False,2,3,4,9,At Risk,Dormant,Low-cost reactivation
16717,2009-12-07 15:55:00,2011-11-16 12:16:00,14,6663.68,475.9771428571429,24,732,True,2010-03-01 08:55:00,83.0,True,True,4,5,5,14,Champions,Active repeat,Protect high-value active
16718,2009-12-06 13:07:00,2010-12-05 13:03:00,5,3006.08,601.216,369,733,True,2010-01-31 11:01:00,55.0,True,True,2,4,5,11,At Risk,Dormant,Low-cost reactivation
16719,2009-12-13 10:59:00,2011-11-25 09:27:00,14,3513.62,250.97285714285712,15,727,True,2010-01-26 10:13:00,43.0,True,True,5,5,5,15,Champions,Active repeat,Protect high-value active
16720,2009-12-17 17:54:00,2011-11-13 16:22:00,3,758.74,252.91333333333333,26,722,True,2010-11-28 14:49:00,345.0,True,False,4,3,3,10,Potential Loyalists,Active repeat,Develop loyalty
16721,2011-03-22 16:08:00,2011-03-22 16:08:00,1,292.47,292.47,262,262,False,,,True,False,2,2,2,6,Hibernating,Dormant,Low-cost reactivation
16722,2009-12-03 19:23:00,2011-11-22 13:28:00,22,8189.5599999999995,372.25272727272727,17,736,True,2010-02-03 14:36:00,61.0,True,True,5,5,5,15,Champions,Active repeat,Protect high-value active
16723,2009-12-04 13:23:00,2011-09-09 13:01:00,4,1231.3600000000001,307.84000000000003,91,735,True,2010-09-22 11:05:00,291.0,True,False,3,4,4,11,Loyal Customers,At risk,Test win-back
16724,2010-10-31 11:40:00,2010-10-31 11:40:00,1,147.35,147.35,405,405,False,,,True,False,2,2,1,5,Hibernating,Dormant,Low-cost reactivation
16725,2009-12-13 15:54:00,2011-02-10 16:52:00,14,1688.26,120.59,302,726,True,2010-08-22 11:45:00,251.0,True,False,2,5,4,11,At Risk,Dormant,Low-cost reactivation
16726,2010-10-24 16:09:00,2011-11-13 14:53:00,7,2063.88,294.84000000000003,26,411,True,2010-11-21 14:04:00,27.0,True,True,4,4,4,12,Champions,Active repeat,Develop loyalty
16727,2010-01-20 10:48:00,2010-12-10 13:48:00,4,1377.77,344.4425,364,689,True,2010-03-28 12:18:00,67.0,True,True,2,4,4,10,At Risk,Dormant,Low-cost reactivation
16728,2011-03-20 13:28:00,2011-10-24 14:36:00,4,1048.28,262.07,46,264,True,2011-04-17 11:04:00,27.0,True,True,4,4,3,11,Loyal Customers,Active repeat,Develop loyalty
16729,2011-04-12 14:22:00,2011-11-01 14:29:00,21,7205.33,343.11095238095237,38,241,True,2011-04-18 14:27:00,6.0,True,True,4,5,5,14,Champions,Active repeat,Protect high-value active
16730,2011-01-24 14:01:00,2011-10-18 14:11:00,3,743.11,247.70333333333335,52,319,True,2011-04-19 12:41:00,84.0,True,True,4,3,3,10,Potential Loyalists,Active repeat,Develop loyalty
16731,2010-03-01 15:05:00,2010-03-01 15:05:00,1,170.3,170.3,648,648,False,,,True,False,1,2,1,4,Hibernating,Dormant,Low-cost reactivation
16732,2009-12-08 13:04:00,2011-11-08 09:54:00,4,4387.64,1096.91,32,731,True,2010-04-07 10:53:00,119.0,True,False,4,4,5,13,Champions,Active repeat,Protect high-value active
16733,2010-06-28 10:12:00,2010-06-28 10:12:00,1,259.68,259.68,530,530,False,,,True,False,1,2,1,4,Hibernating,Dormant,Low-cost reactivation
16734,2011-08-17 15:00:00,2011-10-18 13:44:00,3,646.76,215.58666666666667,52,114,True,2011-08-17 15:02:00,0.0,True,True,4,3,3,10,Potential Loyalists,Active repeat,Develop loyalty
16735,2009-12-08 09:24:00,2011-09-22 11:49:00,14,6217.41,444.1007142857143,79,732,True,2010-01-21 11:41:00,44.0,True,True,3,5,5,13,Loyal Customers,Active repeat,Protect high-value active
16736,2009-12-03 16:12:00,2010-07-22 10:09:00,5,2956.56,591.312,506,736,True,2009-12-04 10:39:00,0.0,True,True,1,4,5,10,At Risk,Dormant,Low-cost reactivation
16737,2010-05-11 09:53:00,2011-10-17 13:03:00,2,835.1999999999999,417.59999999999997,53,578,True,2011-10-17 13:03:00,524.0,True,False,4,2,3,9,Potential Loyalists,Active repeat,Develop loyalty
16738,2011-02-15 09:46:00,2011-02-15 09:46:00,1,3.75,3.75,298,298,False,,,True,False,2,2,1,5,Hibernating,Dormant,Low-cost reactivation
16739,2010-06-21 09:38:00,2011-06-16 09:17:00,2,786.4300000000001,393.21500000000003,177,537,True,2011-06-16 09:17:00,359.0,True,False,3,2,3,8,Needs Attention,At risk,Test win-back
16740,2010-11-09 13:34:00,2010-11-09 13:34:00,1,226.91,226.91,395,395,False,,,True,False,2,2,1,5,Hibernating,Dormant,Low-cost reactivation
16741,2010-03-24 15:15:00,2010-03-24 15:15:00,1,173.06,173.06,625,625,False,,,True,False,1,2,1,4,Hibernating,Dormant,Low-cost reactivation
16742,2009-12-16 17:22:00,2011-10-24 12:02:00,14,2799.87,199.9907142857143,47,723,True,2010-01-26 11:45:00,40.0,True,True,4,5,4,13,Champions,Active repeat,Protect high-value active
16743,2010-04-22 13:21:00,2011-11-10 13:13:00,14,4212.150000000001,300.8678571428572,29,596,True,2010-05-13 13:15:00,20.0,True,True,4,5,5,14,Champions,Active repeat,Protect high-value active
16744,2011-06-19 15:13:00,2011-11-28 13:06:00,7,1291.9099999999999,184.5585714285714,11,173,True,2011-07-17 14:42:00,27.0,True,True,5,4,4,13,Champions,Active repeat,Develop loyalty
16745,2011-02-01 11:31:00,2011-09-14 11:58:00,17,7180.700000000001,422.39411764705886,87,312,True,2011-02-06 14:43:00,5.0,True,True,3,5,5,13,Loyal Customers,Active repeat,Protect high-value active
16746,2009-12-04 13:00:00,2011-12-05 12:33:00,42,18046.75,429.6845238095238,5,735,True,2009-12-09 16:24:00,5.0,True,True,5,5,5,15,Champions,Active repeat,Protect high-value active
16747,2011-10-03 10:18:00,2011-11-02 11:37:00,2,836.06,418.03,38,68,True,2011-11-02 11:37:00,30.0,False,False,4,2,3,9,Potential Loyalists,Active repeat,Develop loyalty
16748,2009-12-10 12:28:00,2011-11-22 10:17:00,14,3637.33,259.8092857142857,18,730,True,2010-02-09 10:48:00,60.0,True,True,5,5,5,15,Champions,Active repeat,Protect high-value active
16749,2009-12-15 14:05:00,2010-04-27 13:06:00,2,4157.88,2078.94,591,724,True,2010-04-27 13:06:00,132.0,True,False,1,2,5,8,Hibernating,Dormant,Low-cost reactivation
16750,2011-04-21 16:53:00,2011-10-26 12:48:00,5,623.93,124.78599999999999,45,232,True,2011-07-26 17:27:00,96.0,True,False,4,4,3,11,Loyal Customers,Active repeat,Develop loyalty
16751,2011-11-09 10:48:00,2011-11-09 10:48:00,1,1764.72,1764.72,31,31,False,,,False,False,4,2,4,10,Potential Loyalists,New,Drive second purchase
16752,2010-12-02 12:18:00,2010-12-02 12:18:00,1,207.5,207.5,373,373,False,,,True,False,2,2,1,5,Hibernating,Dormant,Low-cost reactivation
16753,2011-10-12 13:14:00,2011-10-12 13:14:00,1,223.92000000000002,223.92000000000002,58,58,False,,,False,False,4,2,1,7,Potential Loyalists,New,Drive second purchase
16754,2010-03-08 11:32:00,2010-12-02 17:38:00,29,65500.07,2258.6231034482757,372,642,True,2010-03-15 12:52:00,7.0,True,True,2,5,5,12,At Risk,Dormant,Low-cost reactivation
16755,2009-12-09 14:25:00,2011-08-17 13:21:00,7,2864.68,409.23999999999995,114,730,True,2010-02-03 10:22:00,55.0,True,True,3,4,4,11,Loyal Customers,At risk,Win back high-value
16756,2010-03-09 15:56:00,2011-05-09 09:33:00,7,1312.3700000000001,187.48142857142858,215,640,True,2010-04-26 12:02:00,47.0,True,True,2,4,4,10,At Risk,Dormant,Low-cost reactivation
16757,2010-10-26 15:09:00,2011-01-25 11:59:00,2,270.48,135.24,319,409,True,2011-01-25 11:59:00,90.0,True,True,2,2,1,5,Hibernating,Dormant,Low-cost reactivation
16758,2011-10-05 14:47:00,2011-10-05 14:47:00,1,369.34000000000003,369.34000000000003,65,65,False,,,False,False,3,2,2,7,Needs Attention,New,Drive second purchase
16759,2011-11-09 09:06:00,2011-12-02 12:42:00,3,789.79,263.2633333333333,8,31,True,2011-11-09 09:07:00,0.0,False,False,5,3,3,11,Potential Loyalists,Active repeat,Develop loyalty
16760,2010-10-05 15:55:00,2010-10-05 15:55:00,1,228.0,228.0,430,430,False,,,True,False,1,2,1,4,Hibernating,Dormant,Low-cost reactivation
16761,2011-09-04 11:15:00,2011-09-04 11:15:00,1,316.62,316.62,97,97,False,,,True,False,3,2,2,7,Needs Attention,At risk,Test win-back
16762,2011-07-18 12:52:00,2011-11-20 11:43:00,3,1207.2400000000002,402.4133333333334,20,144,True,2011-10-25 10:17:00,98.0,True,False,4,3,3,10,Potential Loyalists,Active repeat,Develop loyalty
16763,2009-12-01 15:26:00,2011-05-25 11:52:00,2,964.7,482.35,199,738,True,2011-05-25 11:52:00,539.0,True,False,2,2,3,7,Hibernating,Dormant,Low-cost reactivation
16764,2011-07-19 17:17:00,2011-12-06 11:41:00,13,2790.9500000000003,214.68846153846155,4,143,True,2011-07-31 11:38:00,11.0,True,True,5,5,4,14,Champions,Active repeat,Protect high-value active
16765,2010-11-22 13:42:00,2011-02-18 15:41:00,2,454.75,227.375,294,382,True,2011-02-18 15:41:00,88.0,True,True,2,2,2,6,Hibernating,Dormant,Low-cost reactivation
16766,2011-03-11 13:34:00,2011-03-11 15:22:00,2,1145.6,572.8,273,273,True,2011-03-11 15:22:00,0.0,True,True,2,2,3,7,Hibernating,Dormant,Low-cost reactivation
16767,2010-04-28 16:49:00,2011-11-09 09:42:00,15,8056.76,537.1173333333334,31,590,True,2010-07-16 15:27:00,78.0,True,True,4,5,5,14,Champions,Active repeat,Protect high-value active
16768,2009-12-07 11:47:00,2011-10-23 10:38:00,9,1698.57,188.73,48,733,True,2010-02-10 11:46:00,64.0,True,True,4,5,4,13,Champions,Active repeat,Develop loyalty
16769,2009-12-14 11:10:00,2011-03-24 13:41:00,4,1117.0500000000002,279.26250000000005,260,726,True,2009-12-14 11:18:00,0.0,True,True,2,4,3,9,At Risk,Dormant,Low-cost reactivation
16770,2010-08-22 16:08:00,2011-10-13 12:21:00,9,1778.93,197.6588888888889,58,474,True,2010-09-19 15:47:00,27.0,True,True,4,5,4,13,Champions,Active repeat,Develop loyalty
16771,2009-12-09 11:52:00,2011-11-06 13:28:00,10,3949.6,394.96,33,731,True,2010-02-04 12:08:00,57.0,True,True,4,5,5,14,Champions,Active repeat,Protect high-value active
16772,2009-12-18 10:50:00,2010-10-12 13:19:00,3,3698.05,1232.6833333333334,423,722,True,2010-01-08 12:38:00,21.0,True,True,1,3,5,9,At Risk,Dormant,Low-cost reactivation
16773,2009-12-06 15:01:00,2011-10-13 14:37:00,3,421.24,140.41333333333333,57,733,True,2010-09-29 15:47:00,297.0,True,False,4,3,2,9,Potential Loyalists,Active repeat,Develop loyalty
16774,2010-02-16 16:53:00,2011-10-03 12:41:00,8,1567.48,195.935,68,661,True,2010-04-20 12:51:00,62.0,True,True,3,5,4,12,Loyal Customers,Active repeat,Develop loyalty
16775,2010-09-23 17:34:00,2011-11-29 15:22:00,16,2820.84,176.3025,10,442,True,2010-10-12 13:54:00,18.0,True,True,5,5,4,14,Champions,Active repeat,Protect high-value active
16776,2010-10-20 12:13:00,2011-10-10 13:04:00,2,592.51,296.255,60,416,True,2011-10-10 13:04:00,355.0,True,False,3,2,2,7,Needs Attention,Active repeat,Develop loyalty
16777,2010-03-17 12:42:00,2011-09-20 13:41:00,5,1292.18,258.43600000000004,80,633,True,2010-06-27 11:20:00,101.0,True,False,3,4,4,11,Loyal Customers,Active repeat,Develop loyalty
16778,2011-03-10 15:21:00,2011-09-26 13:48:00,2,245.94,122.97,74,274,True,2011-09-26 13:48:00,199.0,True,False,3,2,1,6,Needs Attention,Active repeat,Develop loyalty
16779,2009-12-03 13:03:00,2011-12-07 14:54:00,53,32809.03,619.0383018867924,2,736,True,2009-12-06 12:42:00,2.0,True,True,5,5,5,15,Champions,Active repeat,Protect high-value active
16780,2010-10-28 19:41:00,2011-08-31 16:09:00,3,596.4,198.79999999999998,100,407,True,2011-03-25 17:34:00,147.0,True,False,3,3,2,8,Needs Attention,At risk,Test win-back
16781,2010-02-08 13:56:00,2010-12-02 14:26:00,2,623.0,311.5,372,669,True,2010-12-02 14:26:00,297.0,True,False,2,2,3,7,Hibernating,Dormant,Low-cost reactivation
16782,2009-12-09 11:58:00,2011-11-29 13:20:00,38,9636.119999999999,253.58210526315787,10,731,True,2010-01-17 11:03:00,38.0,True,True,5,5,5,15,Champions,Active repeat,Protect high-value active
16783,2010-09-29 11:53:00,2010-09-29 11:53:00,1,391.95,391.95,437,437,False,,,True,False,1,2,2,5,Hibernating,Dormant,Low-cost reactivation
16784,2010-03-28 12:55:00,2011-11-20 12:20:00,5,892.33,178.466,20,621,True,2010-08-03 09:14:00,127.0,True,False,4,4,3,11,Loyal Customers,Active repeat,Develop loyalty
16785,2010-10-26 10:36:00,2010-10-26 10:36:00,1,533.78,533.78,410,410,False,,,True,False,2,2,2,6,Hibernating,Dormant,Low-cost reactivation
16786,2010-11-11 08:25:00,2010-11-11 08:25:00,1,51.839999999999996,51.839999999999996,394,394,False,,,True,False,2,2,1,5,Hibernating,Dormant,Low-cost reactivation
16787,2010-01-10 11:12:00,2010-11-07 11:01:00,4,1017.53,254.3825,398,699,True,2010-03-28 11:30:00,77.0,True,True,2,4,3,9,At Risk,Dormant,Low-cost reactivation
16788,2010-02-07 12:40:00,2011-08-08 14:53:00,5,1928.93,385.786,123,671,True,2010-06-07 15:31:00,120.0,True,False,3,4,4,11,Loyal Customers,At risk,Test win-back
16789,2011-12-01 15:12:00,2011-12-01 15:12:00,1,80.8,80.8,8,8,False,,,False,False,5,2,1,8,Potential Loyalists,New,Drive second purchase
16790,2011-11-02 11:23:00,2011-12-06 11:53:00,6,1545.6200000000001,257.60333333333335,4,38,True,2011-11-06 14:06:00,4.0,False,False,5,4,4,13,Champions,Active repeat,Develop loyalty
16791,2009-12-03 18:08:00,2011-11-10 19:12:00,15,3957.63,263.842,29,736,True,2010-01-26 14:25:00,53.0,True,True,4,5,5,14,Champions,Active repeat,Protect high-value active
16792,2010-01-04 13:47:00,2011-03-02 14:41:00,5,623.46,124.69200000000001,282,704,True,2010-04-30 14:43:00,116.0,True,False,2,4,3,9,At Risk,Dormant,Low-cost reactivation
16793,2011-10-13 15:08:00,2011-10-13 15:08:00,1,243.84,243.84,57,57,False,,,False,False,4,2,1,7,Potential Loyalists,New,Drive second purchase
16794,2010-03-25 15:17:00,2011-12-08 17:54:00,15,2052.7,136.84666666666666,1,624,True,2010-05-06 19:57:00,42.0,True,True,5,5,4,14,Champions,Active repeat,Develop loyalty
16795,2010-01-25 13:14:00,2010-12-09 14:08:00,3,2062.4100000000003,687.4700000000001,365,683,True,2010-10-19 15:33:00,267.0,True,False,2,3,4,9,At Risk,Dormant,Low-cost reactivation
16796,2011-09-11 14:01:00,2011-09-11 14:01:00,1,305.62,305.62,89,89,False,,,False,False,3,2,2,7,Needs Attention,New,Drive second purchase
16797,2009-12-02 13:33:00,2010-11-11 19:14:00,5,1802.02,360.404,393,737,True,2010-02-21 15:48:00,81.0,True,True,2,4,4,10,At Risk,Dormant,Low-cost reactivation
16798,2009-12-10 19:35:00,2010-06-03 19:01:00,3,841.16,280.38666666666666,554,729,True,2010-03-07 12:06:00,86.0,True,True,1,3,3,7,At Risk,Dormant,Low-cost reactivation
16799,2010-09-12 12:46:00,2010-10-03 14:28:00,2,452.78,226.39,432,454,True,2010-10-03 14:28:00,21.0,True,True,1,2,2,5,Hibernating,Dormant,Low-cost reactivation
16800,2011-11-28 14:06:00,2011-11-28 14:06:00,1,1162.65,1162.65,11,11,False,,,False,False,5,2,3,10,Potential Loyalists,New,Drive second purchase
16801,2011-03-11 13:56:00,2011-06-29 15:33:00,4,1594.23,398.5575,163,273,True,2011-05-22 12:12:00,71.0,True,True,3,4,4,11,Loyal Customers,At risk,Test win-back
16802,2009-12-09 13:00:00,2010-01-29 13:44:00,2,582.61,291.305,679,730,True,2010-01-29 13:44:00,51.0,True,True,1,2,2,5,Hibernating,Dormant,Low-cost reactivation
16803,2011-10-05 14:28:00,2011-10-05 14:28:00,1,332.3,332.3,65,65,False,,,False,False,3,2,2,7,Needs Attention,New,Drive second purchase
16804,2011-03-14 15:48:00,2011-11-16 16:43:00,3,536.99,178.99666666666667,23,270,True,2011-11-16 16:42:00,247.0,True,False,4,3,2,9,Potential Loyalists,Active repeat,Develop loyalty
16805,2009-12-08 14:29:00,2011-06-19 11:23:00,5,1091.34,218.26799999999997,174,731,True,2009-12-14 15:17:00,6.0,True,True,3,4,3,10,Loyal Customers,At risk,Test win-back
16806,2011-04-14 19:59:00,2011-08-28 15:27:00,4,762.16,190.54,103,239,True,2011-05-03 15:15:00,18.0,True,True,3,4,3,10,Loyal Customers,At risk,Test win-back
16807,2010-03-26 14:38:00,2011-07-20 12:00:00,6,2123.88,353.98,143,623,True,2010-05-13 14:31:00,47.0,True,True,3,4,4,11,Loyal Customers,At risk,Test win-back
16808,2011-03-10 19:05:00,2011-09-01 19:34:00,2,288.42,144.21,99,274,True,2011-09-01 19:34:00,175.0,True,False,3,2,2,7,Needs Attention,At risk,Test win-back
16809,2010-04-13 15:34:00,2011-11-16 15:45:00,9,1727.43,191.93666666666667,23,605,True,2010-07-01 13:42:00,78.0,True,True,4,5,4,13,Champions,Active repeat,Develop loyalty
16810,2010-10-15 15:32:00,2011-05-31 15:32:00,2,842.04,421.02,192,420,True,2011-05-31 15:32:00,228.0,True,False,2,2,3,7,Hibernating,Dormant,Low-cost reactivation
16811,2011-11-22 17:19:00,2011-12-05 11:39:00,2,547.0699999999999,273.53499999999997,5,17,True,2011-12-05 11:39:00,12.0,False,False,5,2,2,9,Potential Loyalists,Active repeat,Develop loyalty
16812,2010-11-22 14:36:00,2010-12-14 12:35:00,4,2392.0,598.0,361,382,True,2010-11-25 16:33:00,3.0,True,True,2,4,4,10,At Risk,Dormant,Low-cost reactivation
16813,2011-05-19 13:28:00,2011-12-01 14:03:00,10,1652.18,165.21800000000002,8,204,True,2011-06-01 12:11:00,12.0,True,True,5,5,4,14,Champions,Active repeat,Develop loyalty
16814,2010-04-11 12:45:00,2011-11-25 13:27:00,36,11924.85,331.24583333333334,14,608,True,2010-04-26 10:57:00,14.0,True,True,5,5,5,15,Champions,Active repeat,Protect high-value active
16815,2010-06-21 12:05:00,2010-09-12 10:59:00,2,406.02,203.01,454,537,True,2010-09-12 10:59:00,82.0,True,True,1,2,2,5,Hibernating,Dormant,Low-cost reactivation
16816,2010-12-16 17:01:00,2011-08-28 14:16:00,4,417.06,104.265,103,358,True,2011-01-30 15:40:00,44.0,True,True,3,4,2,9,Loyal Customers,At risk,Test win-back
16817,2010-10-04 09:06:00,2011-12-07 11:03:00,13,2560.7,196.97692307692307,3,432,True,2010-10-20 12:31:00,16.0,True,True,5,5,4,14,Champions,Active repeat,Protect high-value active
16818,2011-05-18 11:42:00,2011-11-29 10:41:00,11,3349.57,304.50636363636363,11,206,True,2011-05-22 15:44:00,4.0,True,True,5,5,5,15,Champions,Active repeat,Protect high-value active
16819,2010-08-31 17:31:00,2010-08-31 17:37:00,2,182.59,91.295,465,465,True,2010-08-31 17:37:00,0.0,True,True,1,2,1,4,Hibernating,Dormant,Low-cost reactivation
16820,2011-09-05 12:06:00,2011-09-05 12:06:00,1,497.61,497.61,96,96,False,,,True,False,3,2,2,7,Needs Attention,At risk,Test win-back
16821,2010-11-23 10:04:00,2010-11-23 10:04:00,1,113.35,113.35,382,382,False,,,True,False,2,2,1,5,Hibernating,Dormant,Low-cost reactivation
16822,2010-01-22 14:22:00,2010-01-22 14:22:00,1,181.39,181.39,686,686,False,,,True,False,1,2,1,4,Hibernating,Dormant,Low-cost reactivation
16823,2009-12-02 09:57:00,2011-04-26 15:00:00,7,2243.09,320.4414285714286,227,738,True,2010-03-22 17:32:00,110.0,True,False,2,4,4,10,At Risk,Dormant,Low-cost reactivation
16824,2010-11-11 12:21:00,2011-11-24 12:38:00,3,686.24,228.74666666666667,16,394,True,2011-06-28 13:36:00,229.0,True,False,5,3,3,11,Potential Loyalists,Active repeat,Develop loyalty
16825,2010-06-23 13:14:00,2011-11-01 11:51:00,5,1826.8899999999999,365.378,39,534,True,2010-10-21 09:17:00,119.0,True,False,4,4,4,12,Champions,Active repeat,Develop loyalty
16826,2011-10-19 14:05:00,2011-10-19 14:05:00,1,341.7,341.7,51,51,False,,,False,False,4,2,2,8,Potential Loyalists,New,Drive second purchase
16827,2010-04-29 19:07:00,2010-11-11 14:04:00,5,392.13,78.426,393,589,True,2010-05-19 14:21:00,19.0,True,True,2,4,2,8,At Risk,Dormant,Low-cost reactivation
16828,2011-08-19 13:24:00,2011-09-07 15:10:00,2,128.5,64.25,93,112,True,2011-09-07 15:10:00,19.0,True,True,3,2,1,6,Needs Attention,At risk,Test win-back
16829,2010-11-16 18:11:00,2011-07-06 10:48:00,2,513.32,256.66,157,388,True,2011-07-06 10:48:00,231.0,True,False,3,2,2,7,Needs Attention,At risk,Test win-back
16830,2009-12-13 12:11:00,2011-11-01 11:35:00,4,1207.5,301.875,39,727,True,2010-02-02 08:57:00,50.0,True,True,4,4,3,11,Loyal Customers,Active repeat,Develop loyalty
16831,2010-05-24 09:08:00,2010-05-24 09:08:00,1,91.8,91.8,565,565,False,,,True,False,1,2,1,4,Hibernating,Dormant,Low-cost reactivation
16832,2010-09-07 12:35:00,2011-06-08 15:36:00,5,417.61,83.522,184,459,True,2010-10-07 08:35:00,29.0,True,True,3,4,2,9,Loyal Customers,Dormant,Low-cost reactivation
16833,2010-03-26 15:31:00,2011-12-08 14:39:00,6,2409.04,401.50666666666666,1,623,True,2010-09-26 11:23:00,183.0,True,False,5,4,4,13,Champions,Active repeat,Protect high-value active
16834,2010-02-03 14:24:00,2011-04-26 09:37:00,2,898.96,449.48,228,674,True,2011-04-26 09:37:00,446.0,True,False,2,3,3,8,At Risk,Dormant,Low-cost reactivation
16835,2010-05-19 08:41:00,2011-08-03 13:50:00,6,1456.66,242.77666666666667,128,570,True,2010-06-29 10:06:00,41.0,True,True,3,4,4,11,Loyal Customers,At risk,Test win-back
16836,2010-05-14 12:52:00,2011-10-31 10:05:00,4,782.37,195.5925,40,574,True,2010-10-29 12:48:00,167.0,True,False,4,4,3,11,Loyal Customers,Active repeat,Develop loyalty
16837,2011-04-08 08:48:00,2011-11-08 14:27:00,11,3170.98,288.2709090909091,31,246,True,2011-04-13 10:10:00,5.0,True,True,4,5,5,14,Champions,Active repeat,Protect high-value active
16838,2010-02-14 15:27:00,2011-05-26 13:13:00,4,1159.6100000000001,289.90250000000003,197,663,True,2010-06-27 14:49:00,132.0,True,False,2,4,3,9,At Risk,Dormant,Low-cost reactivation
16839,2010-02-11 15:02:00,2011-12-01 09:03:00,44,21758.25,494.5056818181818,9,666,True,2010-04-20 16:06:00,68.0,True,True,5,5,5,15,Champions,Active repeat,Protect high-value active
16840,2010-02-03 12:42:00,2010-04-15 15:48:00,2,139.85,69.925,603,675,True,2010-04-15 15:48:00,71.0,True,True,1,3,1,5,At Risk,Dormant,Low-cost reactivation
16841,2010-01-12 11:32:00,2011-11-03 11:51:00,12,4006.06,333.8383333333333,37,697,True,2010-02-09 15:48:00,28.0,True,True,4,5,5,14,Champions,Active repeat,Protect high-value active
16842,2011-02-10 14:51:00,2011-08-31 10:42:00,3,1264.19,421.3966666666667,101,302,True,2011-07-07 17:35:00,147.0,True,False,3,3,4,10,Needs Attention,At risk,Test win-back
16843,2009-12-10 11:40:00,2011-10-28 09:06:00,35,19571.43,559.1837142857142,43,730,True,2010-02-02 16:16:00,54.0,True,True,4,5,5,14,Champions,Active repeat,Protect high-value active
16844,2010-05-06 09:16:00,2010-05-26 10:29:00,2,614.34,307.17,563,583,True,2010-05-26 10:29:00,20.0,True,True,1,3,3,7,At Risk,Dormant,Low-cost reactivation
16845,2010-03-31 13:09:00,2010-03-31 13:09:00,1,253.88,253.88,618,618,False,,,True,False,1,2,1,4,Hibernating,Dormant,Low-cost reactivation
16846,2010-03-10 12:03:00,2011-10-20 13:55:00,3,842.4100000000001,280.80333333333334,50,640,True,2010-05-11 13:45:00,62.0,True,True,4,3,3,10,Potential Loyalists,Active repeat,Develop loyalty
16847,2010-03-31 13:32:00,2011-10-27 13:29:00,2,614.8900000000001,307.44500000000005,43,618,True,2011-10-27 13:29:00,574.0,True,False,4,3,3,10,Potential Loyalists,Active repeat,Develop loyalty
16848,2010-10-03 11:01:00,2011-10-18 08:42:00,4,1411.62,352.905,53,433,True,2010-11-28 12:37:00,56.0,True,True,4,4,4,12,Champions,Active repeat,Develop loyalty
16849,2011-06-06 09:16:00,2011-06-06 09:16:00,1,124.57,124.57,187,187,False,,,True,False,3,2,1,6,Needs Attention,Dormant,Low-cost reactivation
16850,2011-01-10 11:09:00,2011-01-10 11:09:00,1,332.41,332.41,334,334,False,,,True,False,2,2,2,6,Hibernating,Dormant,Low-cost reactivation
16851,2011-10-19 09:48:00,2011-12-05 13:32:00,3,342.45000000000005,114.15000000000002,4,52,True,2011-10-28 12:33:00,9.0,False,False,5,3,2,10,Potential Loyalists,Active repeat,Develop loyalty
16852,2011-06-16 15:49:00,2011-11-29 13:22:00,2,144.91,72.455,10,176,True,2011-11-29 13:22:00,165.0,True,False,5,3,1,9,Potential Loyalists,Active repeat,Develop loyalty
16854,2010-03-09 14:32:00,2010-10-18 16:31:00,2,1408.96,704.48,417,640,True,2010-10-18 16:31:00,223.0,True,False,1,3,4,8,At Risk,Dormant,Low-cost reactivation
16855,2011-10-27 16:31:00,2011-11-16 12:03:00,2,328.4,164.2,24,43,True,2011-11-16 12:03:00,19.0,False,False,4,3,2,9,Potential Loyalists,Active repeat,Develop loyalty
16856,2010-09-23 13:11:00,2011-11-25 08:59:00,3,358.49,119.49666666666667,15,442,True,2010-10-18 11:54:00,24.0,True,True,5,3,2,10,Potential Loyalists,Active repeat,Develop loyalty
16857,2010-09-23 10:49:00,2010-09-23 10:49:00,1,352.8,352.8,443,443,False,,,True,False,1,2,2,5,Hibernating,Dormant,Low-cost reactivation
16858,2009-12-15 11:09:00,2010-12-06 09:52:00,10,4292.59,429.259,369,725,True,2010-01-12 15:50:00,28.0,True,True,2,5,5,12,At Risk,Dormant,Low-cost reactivation
16859,2010-03-04 12:37:00,2011-07-18 12:19:00,7,1932.4099999999999,276.0585714285714,145,646,True,2010-07-07 09:36:00,124.0,True,False,3,4,4,11,Loyal Customers,At risk,Test win-back
16860,2010-02-15 13:46:00,2010-09-13 10:05:00,3,1610.6200000000001,536.8733333333333,453,662,True,2010-06-21 15:51:00,126.0,True,False,1,3,4,8,At Risk,Dormant,Low-cost reactivation
16861,2010-07-19 11:44:00,2011-10-11 09:05:00,5,946.59,189.318,60,509,True,2010-11-04 16:50:00,108.0,True,False,3,4,3,10,Loyal Customers,Active repeat,Develop loyalty
16862,2010-01-07 12:57:00,2010-06-10 13:05:00,4,662.33,165.5825,547,701,True,2010-04-20 12:30:00,102.0,True,False,1,4,3,8,At Risk,Dormant,Low-cost reactivation
16863,2010-10-26 10:03:00,2011-11-08 15:26:00,3,834.27,278.09,31,410,True,2010-12-08 08:58:00,42.0,True,True,4,3,3,10,Potential Loyalists,Active repeat,Develop loyalty
16864,2010-04-20 11:56:00,2010-10-01 16:16:00,2,409.25,204.625,434,599,True,2010-10-01 16:16:00,164.0,True,False,1,3,2,6,At Risk,Dormant,Low-cost reactivation
16865,2010-11-03 11:34:00,2010-11-03 11:34:00,1,130.95,130.95,402,402,False,,,True,False,2,2,1,5,Hibernating,Dormant,Low-cost reactivation
16866,2011-07-01 12:34:00,2011-07-22 10:06:00,3,207.73999999999998,69.24666666666666,141,162,True,2011-07-10 10:14:00,8.0,True,True,3,3,1,7,Needs Attention,At risk,Test win-back
16867,2010-01-19 09:11:00,2010-01-19 09:11:00,1,76.74000000000001,76.74000000000001,690,690,False,,,True,False,1,2,1,4,Hibernating,Dormant,Low-cost reactivation
16868,2010-04-25 11:31:00,2010-11-10 13:17:00,3,384.56,128.18666666666667,394,594,True,2010-10-03 11:26:00,160.0,True,False,2,3,2,7,At Risk,Dormant,Low-cost reactivation
16869,2011-06-17 13:01:00,2011-11-17 12:02:00,4,817.12,204.28,23,175,True,2011-06-27 12:16:00,9.0,True,True,4,4,3,11,Loyal Customers,Active repeat,Develop loyalty
16870,2010-08-27 13:53:00,2010-08-27 13:53:00,1,450.15999999999997,450.15999999999997,469,469,False,,,True,False,1,2,2,5,Hibernating,Dormant,Low-cost reactivation
16871,2011-03-14 10:31:00,2011-11-17 19:27:00,6,2812.34,468.72333333333336,22,271,True,2011-03-29 11:39:00,15.0,True,True,4,4,4,12,Champions,Active repeat,Protect high-value active
16872,2010-09-02 17:36:00,2011-09-23 16:05:00,6,1213.13,202.18833333333336,77,463,True,2010-09-12 11:43:00,9.0,True,True,3,4,3,10,Loyal Customers,Active repeat,Develop loyalty
16873,2010-02-09 14:17:00,2011-12-05 12:05:00,12,14617.39,1218.1158333333333,5,668,True,2010-05-10 14:34:00,90.0,True,True,5,5,5,15,Champions,Active repeat,Protect high-value active
16874,2010-11-25 13:08:00,2010-11-25 13:08:00,1,209.89000000000001,209.89000000000001,379,379,False,,,True,False,2,2,1,5,Hibernating,Dormant,Low-cost reactivation
16875,2010-01-05 09:16:00,2011-10-03 13:39:00,11,4234.530000000001,384.95727272727277,67,704,True,2010-03-17 12:25:00,71.0,True,True,3,5,5,13,Loyal Customers,Active repeat,Protect high-value active
16876,2010-11-01 11:59:00,2010-11-01 11:59:00,1,136.01,136.01,404,404,False,,,True,False,2,2,1,5,Hibernating,Dormant,Low-cost reactivation
16877,2011-05-15 16:13:00,2011-11-27 13:47:00,6,846.62,141.10333333333332,12,208,True,2011-07-10 16:18:00,56.0,True,True,5,4,3,12,Loyal Customers,Active repeat,Develop loyalty
16878,2011-09-16 17:39:00,2011-09-16 17:39:00,1,13.3,13.3,84,84,False,,,False,False,3,2,1,6,Needs Attention,New,Drive second purchase
16880,2010-08-03 13:54:00,2011-11-09 11:33:00,8,1813.21,226.65125,31,493,True,2011-06-03 16:45:00,304.0,True,False,4,5,4,13,Champions,Active repeat,Develop loyalty
16881,2011-10-04 10:33:00,2011-10-04 10:33:00,1,432.0,432.0,67,67,False,,,False,False,3,2,2,7,Needs Attention,New,Drive second purchase
16882,2011-01-26 17:43:00,2011-10-04 10:42:00,3,705.12,235.04,67,317,True,2011-04-14 14:36:00,77.0,True,True,3,3,3,9,Needs Attention,Active repeat,Develop loyalty
16883,2009-12-04 12:07:00,2011-06-05 12:51:00,19,2246.06,118.21368421052631,187,736,True,2010-04-18 11:20:00,134.0,True,False,3,5,4,12,Loyal Customers,Dormant,Low-cost reactivation
16884,2010-05-18 12:00:00,2011-11-02 11:52:00,4,1070.97,267.7425,38,571,True,2010-06-01 12:45:00,14.0,True,True,4,4,3,11,Loyal Customers,Active repeat,Develop loyalty
16885,2010-11-19 12:51:00,2011-11-24 13:40:00,4,684.6,171.15,15,385,True,2010-12-17 17:23:00,28.0,True,True,5,4,3,12,Loyal Customers,Active repeat,Develop loyalty
16886,2010-09-09 15:08:00,2010-09-09 15:08:00,1,134.0,134.0,456,456,False,,,True,False,1,2,1,4,Hibernating,Dormant,Low-cost reactivation
16887,2009-12-01 13:41:00,2011-11-04 14:07:00,3,658.17,219.39,35,738,True,2010-11-04 11:29:00,337.0,True,False,4,3,3,10,Potential Loyalists,Active repeat,Develop loyalty
16888,2010-01-07 13:07:00,2010-11-04 12:39:00,3,434.2,144.73333333333332,401,701,True,2010-02-01 17:21:00,25.0,True,True,2,3,2,7,At Risk,Dormant,Low-cost reactivation
16889,2010-05-23 10:46:00,2011-05-29 11:05:00,6,2526.65,421.10833333333335,195,566,True,2010-07-11 10:49:00,49.0,True,True,2,4,4,10,At Risk,Dormant,Low-cost reactivation
16890,2010-05-06 16:27:00,2010-08-20 11:23:00,3,285.40999999999997,95.13666666666666,477,582,True,2010-05-24 12:03:00,17.0,True,True,1,3,1,5,At Risk,Dormant,Low-cost reactivation
16891,2009-12-04 12:37:00,2011-12-08 11:15:00,11,1727.94,157.08545454545455,2,736,True,2009-12-16 14:12:00,12.0,True,True,5,5,4,14,Champions,Active repeat,Develop loyalty
16892,2009-12-08 14:20:00,2011-12-08 13:18:00,7,754.75,107.82142857142857,1,731,True,2010-06-03 15:17:00,177.0,True,False,5,4,3,12,Loyal Customers,Active repeat,Develop loyalty
16893,2010-11-28 15:14:00,2010-12-08 12:06:00,2,249.89000000000001,124.94500000000001,367,376,True,2010-12-08 12:06:00,9.0,True,True,2,3,1,6,At Risk,Dormant,Low-cost reactivation
16894,2010-06-22 14:21:00,2010-07-25 15:43:00,3,1306.96,435.65333333333336,502,535,True,2010-06-22 14:26:00,0.0,True,True,1,3,4,8,At Risk,Dormant,Low-cost reactivation
16895,2010-02-12 11:07:00,2011-10-06 12:15:00,5,1102.9,220.58,65,666,True,2010-03-22 11:01:00,37.0,True,True,3,4,3,10,Loyal Customers,Active repeat,Develop loyalty
16896,2010-06-02 15:40:00,2010-06-02 15:40:00,1,103.95,103.95,555,555,False,,,True,False,1,2,1,4,Hibernating,Dormant,Low-cost reactivation
16897,2011-01-30 11:52:00,2011-02-13 15:02:00,2,289.78,144.89,299,314,True,2011-02-13 15:02:00,14.0,True,True,2,3,2,7,At Risk,Dormant,Low-cost reactivation
16898,2010-05-12 12:18:00,2011-11-13 15:44:00,5,885.21,177.042,26,577,True,2010-10-20 13:00:00,161.0,True,False,4,4,3,11,Loyal Customers,Active repeat,Develop loyalty
16899,2010-11-07 15:00:00,2011-12-02 12:03:00,8,1695.77,211.97125,8,397,True,2010-11-26 11:28:00,18.0,True,True,5,5,4,14,Champions,Active repeat,Develop loyalty
16900,2011-10-07 13:17:00,2011-11-23 10:32:00,3,887.11,295.7033333333333,17,63,True,2011-11-20 12:13:00,43.0,False,False,5,3,3,11,Potential Loyalists,Active repeat,Develop loyalty
16901,2009-12-10 16:30:00,2009-12-10 16:30:00,1,204.26,204.26,729,729,False,,,True,False,1,2,1,4,Hibernating,Dormant,Low-cost reactivation
16902,2011-08-15 14:17:00,2011-08-15 14:17:00,1,1706.88,1706.88,116,116,False,,,True,False,3,2,4,9,Needs Attention,At risk,Test win-back
16903,2010-10-20 14:42:00,2011-11-10 15:32:00,3,1041.75,347.25,29,415,True,2010-11-24 14:55:00,35.0,True,True,4,3,3,10,Potential Loyalists,Active repeat,Develop loyalty
16904,2010-10-24 16:03:00,2011-12-05 13:10:00,21,4675.36,222.63619047619045,4,411,True,2010-11-07 12:03:00,13.0,True,True,5,5,5,15,Champions,Active repeat,Protect high-value active
16905,2009-12-10 20:04:00,2011-12-04 14:01:00,17,4706.7699999999995,276.8688235294117,5,729,True,2010-01-28 12:20:00,48.0,True,True,5,5,5,15,Champions,Active repeat,Protect high-value active
16906,2010-05-13 13:23:00,2011-09-19 11:49:00,7,1410.92,201.56,82,575,True,2010-05-13 13:31:00,0.0,True,True,3,4,4,11,Loyal Customers,Active repeat,Develop loyalty
16907,2010-07-01 17:30:00,2011-11-10 18:04:00,9,1470.8899999999999,163.4322222222222,29,526,True,2010-09-30 17:47:00,91.0,True,False,4,5,4,13,Champions,Active repeat,Develop loyalty
16908,2009-12-17 13:35:00,2009-12-17 13:35:00,1,252.59,252.59,722,722,False,,,True,False,1,2,1,4,Hibernating,Dormant,Low-cost reactivation
16909,2011-09-28 16:45:00,2011-09-28 16:45:00,1,379.14,379.14,72,72,False,,,False,False,3,2,2,7,Needs Attention,New,Drive second purchase
16910,2011-09-09 14:14:00,2011-12-05 12:51:00,8,1508.96,188.62,4,91,True,2011-09-14 14:09:00,4.0,True,True,5,5,4,14,Champions,Active repeat,Develop loyalty
16911,2010-02-16 16:12:00,2010-03-14 12:18:00,2,255.25000000000003,127.62500000000001,636,661,True,2010-03-14 12:18:00,25.0,True,True,1,3,1,5,At Risk,Dormant,Low-cost reactivation
16912,2009-12-09 12:32:00,2011-11-11 12:18:00,15,4460.51,297.36733333333336,29,731,True,2010-02-21 12:36:00,74.0,True,True,4,5,5,14,Champions,Active repeat,Protect high-value active
16913,2010-02-26 12:06:00,2011-02-22 12:56:00,3,423.90999999999997,141.3033333333333,290,652,True,2010-02-26 12:09:00,0.0,True,True,2,3,2,7,At Risk,Dormant,Low-cost reactivation
16914,2011-11-03 15:27:00,2011-11-03 15:27:00,1,183.76,183.76,36,36,False,,,False,False,4,2,1,7,Potential Loyalists,New,Drive second purchase
16915,2010-05-19 13:32:00,2011-11-30 16:39:00,11,1543.18,140.2890909090909,9,569,True,2010-07-13 09:45:00,54.0,True,True,5,5,4,14,Champions,Active repeat,Develop loyalty
16916,2010-10-20 12:56:00,2011-11-16 12:08:00,4,902.02,225.505,24,415,True,2010-11-01 13:41:00,12.0,True,True,4,4,3,11,Loyal Customers,Active repeat,Develop loyalty
16917,2010-03-17 15:24:00,2011-03-08 11:55:00,2,1851.88,925.94,277,632,True,2011-03-08 11:55:00,355.0,True,False,2,3,4,9,At Risk,Dormant,Low-cost reactivation
16918,2009-12-03 12:27:00,2011-10-21 12:50:00,16,3206.54,200.40875,50,737,True,2010-02-11 13:41:00,70.0,True,True,4,5,5,14,Champions,Active repeat,Protect high-value active
16919,2010-08-19 15:28:00,2011-07-06 13:35:00,24,4909.66,204.56916666666666,156,477,True,2010-08-31 16:11:00,12.0,True,True,3,5,5,13,Loyal Customers,At risk,Win back high-value
16920,2010-10-24 14:07:00,2010-10-24 14:07:00,1,355.45,355.45,411,411,False,,,True,False,1,2,2,5,Hibernating,Dormant,Low-cost reactivation
16921,2010-04-18 15:34:00,2011-10-09 16:22:00,3,409.21000000000004,136.40333333333334,61,600,True,2010-09-23 14:08:00,157.0,True,False,3,3,2,8,Needs Attention,Active repeat,Develop loyalty
16922,2010-05-16 11:24:00,2010-05-16 11:24:00,1,611.08,611.08,573,573,False,,,True,False,1,2,3,6,Hibernating,Dormant,Low-cost reactivation
16923,2010-01-31 11:14:00,2011-11-27 13:00:00,32,13157.130000000001,411.16031250000003,12,678,True,2010-03-07 11:27:00,35.0,True,True,5,5,5,15,Champions,Active repeat,Protect high-value active
16924,2011-09-16 12:54:00,2011-11-18 12:53:00,3,829.89,276.63,21,84,True,2011-10-06 11:41:00,19.0,False,False,4,3,3,10,Potential Loyalists,Active repeat,Develop loyalty
16925,2010-06-17 15:03:00,2010-06-17 15:03:00,1,125.65,125.65,540,540,False,,,True,False,1,2,1,4,Hibernating,Dormant,Low-cost reactivation
16926,2010-07-01 12:57:00,2010-12-03 13:42:00,5,1169.61,233.92199999999997,371,526,True,2010-07-13 12:58:00,12.0,True,True,2,4,3,9,At Risk,Dormant,Low-cost reactivation
16927,2010-12-13 11:57:00,2011-08-16 11:10:00,3,543.05,181.01666666666665,116,362,True,2011-03-08 13:21:00,85.0,True,True,3,3,2,8,Needs Attention,At risk,Test win-back
16928,2010-02-03 12:30:00,2011-09-20 15:10:00,29,3897.5299999999997,134.39758620689653,80,675,True,2010-02-17 15:03:00,14.0,True,True,3,5,5,13,Loyal Customers,Active repeat,Protect high-value active
16929,2011-07-07 12:39:00,2011-12-06 08:37:00,7,1295.39,185.0557142857143,4,156,True,2011-08-04 12:13:00,27.0,True,True,5,4,4,13,Champions,Active repeat,Develop loyalty
16930,2011-10-02 14:25:00,2011-11-13 16:13:00,3,378.89,126.29666666666667,26,68,True,2011-10-02 14:31:00,0.0,False,False,4,3,2,9,Potential Loyalists,Active repeat,Develop loyalty
16931,2010-11-07 13:24:00,2011-12-04 13:15:00,23,5032.22,218.79217391304348,5,397,True,2010-11-24 12:42:00,16.0,True,True,5,5,5,15,Champions,Active repeat,Protect high-value active
16932,2010-05-17 14:15:00,2011-10-17 14:12:00,3,412.55000000000007,137.51666666666668,53,571,True,2010-10-12 14:14:00,147.0,True,False,4,3,2,9,Potential Loyalists,Active repeat,Develop loyalty
16933,2009-12-09 15:03:00,2011-12-08 12:54:00,9,3099.3,344.3666666666667,1,730,True,2010-01-20 14:05:00,41.0,True,True,5,5,5,15,Champions,Active repeat,Protect high-value active
16934,2010-03-28 12:43:00,2011-10-16 12:40:00,6,2083.14,347.19,55,622,True,2010-05-30 12:44:00,63.0,True,True,4,4,4,12,Champions,Active repeat,Develop loyalty
16935,2010-10-14 13:09:00,2010-11-23 09:16:00,3,530.86,176.95333333333335,382,421,True,2010-11-15 13:06:00,31.0,True,True,2,3,2,7,At Risk,Dormant,Low-cost reactivation
16936,2010-11-19 11:54:00,2011-11-14 11:04:00,2,548.29,274.145,26,386,True,2011-11-14 11:04:00,359.0,True,False,4,3,2,9,Potential Loyalists,Active repeat,Develop loyalty
16937,2010-07-28 17:56:00,2010-07-28 17:56:00,1,196.25,196.25,499,499,False,,,True,False,1,2,1,4,Hibernating,Dormant,Low-cost reactivation
16938,2010-02-17 14:47:00,2011-12-01 10:20:00,9,6995.360000000001,777.2622222222222,9,660,True,2010-05-04 14:07:00,75.0,True,True,5,5,5,15,Champions,Active repeat,Protect high-value active
16939,2010-02-28 13:33:00,2010-08-08 12:24:00,3,433.85,144.61666666666667,489,649,True,2010-03-28 12:44:00,27.0,True,True,1,3,2,6,At Risk,Dormant,Low-cost reactivation
16940,2009-12-08 13:08:00,2011-10-18 13:15:00,8,6427.66,803.4575,52,731,True,2010-02-16 12:50:00,69.0,True,True,4,5,5,14,Champions,Active repeat,Protect high-value active
16941,2010-04-07 11:13:00,2010-04-07 11:13:00,1,33.0,33.0,612,612,False,,,True,False,1,2,1,4,Hibernating,Dormant,Low-cost reactivation
16942,2011-04-26 11:59:00,2011-11-27 12:40:00,9,1904.99,211.66555555555556,13,228,True,2011-05-04 12:20:00,8.0,True,True,5,5,4,14,Champions,Active repeat,Develop loyalty
16943,2010-03-25 13:34:00,2011-05-12 11:57:00,5,1299.49,259.898,212,624,True,2010-06-18 11:16:00,84.0,True,True,2,4,4,10,At Risk,Dormant,Low-cost reactivation
16944,2010-04-09 11:03:00,2010-04-09 11:03:00,1,101.36,101.36,610,610,False,,,True,False,1,2,1,4,Hibernating,Dormant,Low-cost reactivation
16945,2009-12-09 11:33:00,2011-11-18 11:39:00,33,8548.16,259.0351515151515,22,731,True,2009-12-17 12:42:00,8.0,True,True,4,5,5,14,Champions,Active repeat,Protect high-value active
16946,2010-03-02 10:49:00,2010-11-21 14:06:00,5,1222.04,244.408,383,648,True,2010-03-10 10:42:00,7.0,True,True,2,4,4,10,At Risk,Dormant,Low-cost reactivation
16947,2010-03-03 10:54:00,2011-04-18 09:38:00,5,955.21,191.042,236,647,True,2010-05-27 13:25:00,85.0,True,True,2,4,3,9,At Risk,Dormant,Low-cost reactivation
16948,2010-02-21 13:48:00,2011-07-24 12:46:00,7,868.77,124.11,139,656,True,2010-05-10 09:50:00,77.0,True,True,3,4,3,10,Loyal Customers,At risk,Test win-back
16949,2011-01-27 12:11:00,2011-12-06 11:07:00,6,1286.27,214.37833333333333,4,317,True,2011-03-30 12:24:00,62.0,True,True,5,4,4,13,Champions,Active repeat,Develop loyalty
16950,2010-01-24 11:26:00,2011-10-14 09:06:00,10,3541.77,354.177,57,685,True,2010-02-28 12:21:00,35.0,True,True,4,5,5,14,Champions,Active repeat,Protect high-value active
16951,2011-02-08 14:58:00,2011-07-28 12:05:00,3,1277.75,425.9166666666667,135,304,True,2011-07-26 11:38:00,167.0,True,False,3,3,4,10,Needs Attention,At risk,Test win-back
16952,2009-12-11 13:52:00,2011-08-22 13:03:00,5,795.83,159.166,109,728,True,2010-09-07 14:31:00,270.0,True,False,3,4,3,10,Loyal Customers,At risk,Test win-back
16953,2011-11-09 15:54:00,2011-11-09 15:54:00,1,20.8,20.8,30,30,False,,,False,False,4,2,1,7,Potential Loyalists,New,Drive second purchase
16954,2010-01-18 14:49:00,2011-12-09 09:46:00,20,6081.88,304.094,1,690,True,2010-02-12 12:51:00,24.0,True,True,5,5,5,15,Champions,Active repeat,Protect high-value active
16955,2010-01-31 11:38:00,2011-06-08 10:36:00,6,1120.31,186.71833333333333,185,678,True,2010-06-03 12:36:00,123.0,True,False,3,4,3,10,Loyal Customers,Dormant,Low-cost reactivation
16956,2011-11-22 08:56:00,2011-11-22 08:56:00,1,308.74,308.74,18,18,False,,,False,False,5,2,2,9,Potential Loyalists,New,Drive second purchase
16957,2011-03-03 09:25:00,2011-04-14 13:56:00,2,416.64,208.32,239,282,True,2011-04-14 13:56:00,42.0,True,True,2,3,2,7,At Risk,Dormant,Low-cost reactivation
16958,2010-09-30 14:25:00,2010-09-30 14:25:00,1,778.49,778.49,435,435,False,,,True,False,1,2,3,6,Hibernating,Dormant,Low-cost reactivation
16959,2011-09-13 15:03:00,2011-09-13 15:03:00,1,117.35000000000001,117.35000000000001,87,87,False,,,False,False,3,2,1,6,Needs Attention,New,Drive second purchase
16960,2010-03-02 13:36:00,2011-11-01 11:35:00,8,1990.88,248.86,39,647,True,2010-06-01 11:27:00,90.0,True,True,4,5,4,13,Champions,Active repeat,Develop loyalty
16961,2010-06-25 14:36:00,2011-08-15 13:46:00,3,794.56,264.8533333333333,116,532,True,2010-11-16 16:37:00,144.0,True,False,3,3,3,9,Needs Attention,At risk,Test win-back
16962,2010-10-26 11:36:00,2010-10-26 11:36:00,1,251.04,251.04,410,410,False,,,True,False,2,2,1,5,Hibernating,Dormant,Low-cost reactivation
16963,2011-06-05 13:48:00,2011-06-05 13:48:00,1,110.55000000000001,110.55000000000001,187,187,False,,,True,False,3,2,1,6,Needs Attention,Dormant,Low-cost reactivation
16964,2009-12-06 12:51:00,2009-12-06 12:53:00,2,207.85,103.925,733,733,True,2009-12-06 12:53:00,0.0,True,True,1,3,1,5,At Risk,Dormant,Low-cost reactivation
16965,2011-04-27 12:08:00,2011-04-27 12:08:00,1,201.19,201.19,227,227,False,,,True,False,2,2,1,5,Hibernating,Dormant,Low-cost reactivation
16966,2011-04-13 14:17:00,2011-12-01 13:40:00,7,2154.97,307.8528571428571,8,240,True,2011-05-19 15:24:00,36.0,True,True,5,4,4,13,Champions,Active repeat,Develop loyalty
16967,2011-06-03 14:24:00,2011-06-03 14:24:00,1,319.02,319.02,189,189,False,,,True,False,2,2,2,6,Hibernating,Dormant,Low-cost reactivation
16968,2011-08-24 10:51:00,2011-12-05 15:02:00,2,439.43,219.715,4,108,True,2011-12-05 15:02:00,103.0,True,False,5,3,2,10,Potential Loyalists,Active repeat,Develop loyalty
16969,2011-06-01 12:10:00,2011-10-31 13:12:00,3,650.41,216.8033333333333,39,192,True,2011-07-28 13:54:00,57.0,True,True,4,3,3,10,Potential Loyalists,Active repeat,Develop loyalty
16970,2010-03-23 13:50:00,2010-03-23 13:50:00,1,71.4,71.4,626,626,False,,,True,False,1,2,1,4,Hibernating,Dormant,Low-cost reactivation
16971,2011-11-01 15:06:00,2011-11-01 15:06:00,1,357.21,357.21,38,38,False,,,False,False,4,2,2,8,Potential Loyalists,New,Drive second purchase
16972,2010-09-09 11:20:00,2010-11-22 10:59:00,2,749.0,374.5,383,457,True,2010-11-22 10:59:00,73.0,True,True,2,3,3,8,At Risk,Dormant,Low-cost reactivation
16973,2010-11-18 13:56:00,2010-11-18 13:56:00,1,127.0,127.0,386,386,False,,,True,False,2,2,1,5,Hibernating,Dormant,Low-cost reactivation
16974,2010-05-24 10:43:00,2010-07-05 10:18:00,2,365.5,182.75,523,565,True,2010-07-05 10:18:00,41.0,True,True,1,3,2,6,At Risk,Dormant,Low-cost reactivation
16975,2010-07-22 11:38:00,2010-10-12 17:53:00,3,926.12,308.70666666666665,423,506,True,2010-08-31 08:43:00,39.0,True,True,1,3,3,7,At Risk,Dormant,Low-cost reactivation
16976,2011-03-17 16:33:00,2011-03-17 16:33:00,1,251.51999999999998,251.51999999999998,267,267,False,,,True,False,2,2,1,5,Hibernating,Dormant,Low-cost reactivation
16977,2010-03-18 11:06:00,2010-11-09 13:17:00,4,496.0,124.0,395,632,True,2010-05-02 10:38:00,44.0,True,True,2,4,2,8,At Risk,Dormant,Low-cost reactivation
16978,2010-02-11 16:27:00,2011-09-23 12:50:00,3,768.88,256.29333333333335,78,666,True,2010-02-11 16:33:00,0.0,True,True,3,3,3,9,Needs Attention,Active repeat,Develop loyalty
16979,2010-09-15 14:30:00,2011-12-06 12:21:00,9,2859.74,317.74888888888887,4,450,True,2010-10-24 11:39:00,38.0,True,True,5,5,4,14,Champions,Active repeat,Protect high-value active
16980,2010-10-07 14:05:00,2011-03-29 16:36:00,3,1422.83,474.27666666666664,255,428,True,2011-02-21 12:58:00,136.0,True,False,2,3,4,9,At Risk,Dormant,Low-cost reactivation
16982,2011-10-10 12:28:00,2011-10-10 12:28:00,1,384.06,384.06,61,61,False,,,False,False,3,2,2,7,Needs Attention,New,Drive second purchase
16983,2010-09-19 12:38:00,2011-11-27 12:10:00,11,3490.5299999999997,317.3209090909091,13,447,True,2010-10-24 13:35:00,35.0,True,True,5,5,5,15,Champions,Active repeat,Protect high-value active
16984,2010-03-07 15:34:00,2011-09-12 13:43:00,9,10350.53,1150.058888888889,88,642,True,2010-03-24 15:36:00,17.0,True,True,3,5,5,13,Loyal Customers,Active repeat,Protect high-value active
16985,2009-12-10 13:34:00,2011-11-22 13:33:00,23,10923.16,474.92,17,729,True,2009-12-14 16:00:00,4.0,True,True,5,5,5,15,Champions,Active repeat,Protect high-value active
16986,2010-02-04 14:46:00,2011-11-10 11:55:00,11,4888.75,444.4318181818182,30,673,True,2010-02-04 14:48:00,0.0,True,True,4,5,5,14,Champions,Active repeat,Protect high-value active
16987,2009-12-02 14:34:00,2011-12-06 17:26:00,11,2521.4,229.21818181818182,3,737,True,2009-12-16 16:04:00,14.0,True,True,5,5,4,14,Champions,Active repeat,Protect high-value active
16988,2010-11-25 09:22:00,2011-12-04 16:02:00,2,382.67,191.335,5,380,True,2011-12-04 16:02:00,374.0,True,False,5,3,2,10,Potential Loyalists,Active repeat,Develop loyalty
16989,2011-07-12 09:11:00,2011-12-02 16:39:00,6,1133.25,188.875,7,151,True,2011-09-02 13:55:00,52.0,True,True,5,4,3,12,Loyal Customers,Active repeat,Develop loyalty
16990,2010-10-13 11:42:00,2011-05-05 08:30:00,2,344.0,172.0,219,423,True,2011-05-05 08:30:00,203.0,True,False,2,3,2,7,At Risk,Dormant,Low-cost reactivation
16991,2010-10-14 14:08:00,2010-10-14 14:08:00,1,1041.21,1041.21,421,421,False,,,True,False,1,2,3,6,Hibernating,Dormant,Low-cost reactivation
16992,2010-02-11 12:36:00,2011-11-29 11:50:00,13,5476.5,421.2692307692308,11,667,True,2010-06-21 13:28:00,130.0,True,False,5,5,5,15,Champions,Active repeat,Protect high-value active
16993,2010-05-12 13:55:00,2010-09-02 12:16:00,2,1950.95,975.475,464,576,True,2010-09-02 12:16:00,112.0,True,False,1,3,4,8,At Risk,Dormant,Low-cost reactivation
16996,2010-10-18 12:24:00,2011-11-09 16:43:00,9,2123.61,235.95666666666668,30,418,True,2010-11-03 12:36:00,16.0,True,True,4,5,4,13,Champions,Active repeat,Develop loyalty
16997,2011-01-18 11:51:00,2011-02-24 17:28:00,3,702.0,234.0,288,326,True,2011-02-03 15:17:00,16.0,True,True,2,3,3,8,At Risk,Dormant,Low-cost reactivation
16998,2010-09-21 14:39:00,2011-07-13 09:44:00,5,402.0,80.4,150,444,True,2011-02-08 15:42:00,140.0,True,False,3,4,2,9,Loyal Customers,At risk,Test win-back
16999,2011-09-26 15:43:00,2011-11-16 13:53:00,2,484.82000000000005,242.41000000000003,23,74,True,2011-11-16 13:53:00,50.0,False,False,4,3,2,9,Potential Loyalists,Active repeat,Develop loyalty
17000,2010-10-27 14:16:00,2010-11-08 13:35:00,2,406.3,203.15,396,408,True,2010-11-08 13:35:00,11.0,True,True,2,3,2,7,At Risk,Dormant,Low-cost reactivation
17001,2010-03-25 12:41:00,2011-12-09 09:38:00,19,6640.8,349.5157894736842,1,625,True,2010-06-27 14:38:00,94.0,True,False,5,5,5,15,Champions,Active repeat,Protect high-value active
17002,2010-03-08 15:46:00,2011-09-15 12:40:00,7,2571.55,367.36428571428576,86,641,True,2010-03-08 15:48:00,0.0,True,True,3,4,4,11,Loyal Customers,Active repeat,Protect high-value active
17003,2010-05-10 11:20:00,2010-11-02 13:15:00,4,828.2099999999999,207.05249999999998,402,579,True,2010-10-12 16:08:00,155.0,True,False,2,4,3,9,At Risk,Dormant,Low-cost reactivation
17004,2010-10-11 15:43:00,2011-10-24 14:25:00,4,2324.36,581.09,46,424,True,2010-11-12 13:17:00,31.0,True,True,4,4,4,12,Champions,Active repeat,Protect high-value active
17005,2010-04-30 10:55:00,2010-08-26 10:57:00,2,622.36,311.18,471,589,True,2010-08-26 10:57:00,118.0,True,False,1,3,3,7,At Risk,Dormant,Low-cost reactivation
17006,2010-03-05 13:33:00,2011-12-05 12:09:00,8,1635.27,204.40875,5,644,True,2010-10-06 16:17:00,215.0,True,False,5,5,4,14,Champions,Active repeat,Develop loyalty
17007,2010-09-28 13:51:00,2011-10-20 10:47:00,7,1120.1,160.0142857142857,51,437,True,2010-12-17 13:57:00,80.0,True,True,4,4,3,11,Loyal Customers,Active repeat,Develop loyalty
17008,2010-10-06 15:19:00,2010-10-06 15:19:00,1,81.36,81.36,429,429,False,,,True,False,1,2,1,4,Hibernating,Dormant,Low-cost reactivation
17009,2010-06-06 16:01:00,2010-06-06 16:01:00,1,242.06,242.06,551,551,False,,,True,False,1,2,1,4,Hibernating,Dormant,Low-cost reactivation
17010,2011-11-21 14:49:00,2011-11-21 14:49:00,1,195.36,195.36,18,18,False,,,False,False,5,2,1,8,Potential Loyalists,New,Drive second purchase
17011,2010-02-26 09:47:00,2011-11-09 13:30:00,3,671.6999999999999,223.89999999999998,30,652,True,2010-03-02 13:50:00,4.0,True,True,4,3,3,10,Potential Loyalists,Active repeat,Develop loyalty
17012,2009-12-14 17:34:00,2009-12-14 17:34:00,1,360.61,360.61,725,725,False,,,True,False,1,2,2,5,Hibernating,Dormant,Low-cost reactivation
17014,2011-10-04 11:36:00,2011-12-01 14:09:00,3,583.4300000000001,194.4766666666667,8,67,True,2011-11-07 14:51:00,34.0,False,False,5,3,2,10,Potential Loyalists,Active repeat,Develop loyalty
17015,2011-06-07 13:19:00,2011-11-11 10:45:00,3,1838.61,612.87,29,185,True,2011-09-29 17:36:00,114.0,True,False,4,3,4,11,Potential Loyalists,Active repeat,Develop loyalty
17016,2010-05-12 12:32:00,2010-05-12 12:32:00,1,552.4,552.4,577,577,False,,,True,False,1,2,2,5,Hibernating,Dormant,Low-cost reactivation
17017,2009-12-03 13:22:00,2011-12-07 09:32:00,29,12576.99,433.68931034482756,3,736,True,2010-06-16 10:29:00,194.0,True,False,5,5,5,15,Champions,Active repeat,Protect high-value active
17018,2009-12-05 10:27:00,2011-10-30 11:42:00,6,2287.7,381.2833333333333,41,735,True,2010-01-08 09:38:00,33.0,True,True,4,4,4,12,Champions,Active repeat,Protect high-value active
17019,2009-12-02 11:52:00,2011-11-28 13:06:00,11,3602.29,327.4809090909091,11,738,True,2010-03-24 12:33:00,112.0,True,False,5,5,5,15,Champions,Active repeat,Protect high-value active
17020,2010-03-03 12:27:00,2010-06-15 13:06:00,2,935.62,467.81,542,647,True,2010-06-15 13:06:00,104.0,True,False,1,3,3,7,At Risk,Dormant,Low-cost reactivation
17021,2010-04-29 20:05:00,2010-09-23 20:01:00,6,1182.22,197.03666666666666,442,589,True,2010-05-05 12:42:00,5.0,True,True,1,4,3,8,At Risk,Dormant,Low-cost reactivation
17022,2010-10-03 10:27:00,2011-11-08 17:09:00,2,260.0,130.0,31,433,True,2011-11-08 17:09:00,401.0,True,False,4,3,1,8,Potential Loyalists,Active repeat,Develop loyalty
17023,2010-01-11 15:09:00,2010-10-18 15:37:00,3,800.1800000000001,266.7266666666667,417,697,True,2010-08-10 10:22:00,210.0,True,False,1,3,3,7,At Risk,Dormant,Low-cost reactivation
17024,2011-07-05 09:31:00,2011-10-25 13:47:00,3,95.85,31.95,45,158,True,2011-09-01 15:21:00,58.0,True,True,4,3,1,8,Potential Loyalists,Active repeat,Develop loyalty
17025,2010-03-08 13:37:00,2011-10-10 09:06:00,5,1349.67,269.934,61,641,True,2010-10-25 15:30:00,231.0,True,False,3,4,4,11,Loyal Customers,Active repeat,Develop loyalty
17026,2010-10-18 15:22:00,2011-06-07 14:28:00,3,175.82999999999998,58.60999999999999,185,417,True,2010-12-05 12:47:00,47.0,True,True,3,3,1,7,Needs Attention,Dormant,Low-cost reactivation
17027,2009-12-10 12:10:00,2011-09-22 12:24:00,9,1310.63,145.62555555555556,79,730,True,2010-02-24 13:54:00,76.0,True,True,3,5,4,12,Loyal Customers,Active repeat,Develop loyalty
17028,2009-12-18 14:28:00,2010-05-07 15:33:00,3,1593.83,531.2766666666666,581,721,True,2010-02-24 09:50:00,67.0,True,True,1,3,4,8,At Risk,Dormant,Low-cost reactivation
17029,2010-02-14 10:19:00,2011-08-21 11:06:00,7,2137.3,305.3285714285715,111,664,True,2010-03-10 13:34:00,24.0,True,True,3,4,4,11,Loyal Customers,At risk,Test win-back
17030,2011-10-07 08:49:00,2011-10-07 08:49:00,1,146.87,146.87,64,64,False,,,False,False,3,2,1,6,Needs Attention,New,Drive second purchase
17031,2010-05-07 14:52:00,2011-11-28 10:23:00,6,2773.85,462.30833333333334,12,581,True,2010-06-07 15:39:00,31.0,True,True,5,4,4,13,Champions,Active repeat,Protect high-value active
17032,2009-12-10 15:36:00,2010-06-10 12:16:00,8,2984.32,373.04,548,729,True,2010-01-14 15:47:00,35.0,True,True,1,5,5,11,At Risk,Dormant,Low-cost reactivation
17033,2010-11-07 12:55:00,2011-09-14 14:34:00,4,1332.79,333.1975,86,397,True,2010-12-15 13:21:00,38.0,True,True,3,4,4,11,Loyal Customers,Active repeat,Develop loyalty
17034,2010-07-14 12:55:00,2011-11-23 15:14:00,5,1276.42,255.28400000000002,16,513,True,2010-10-26 14:00:00,104.0,True,False,5,4,4,13,Champions,Active repeat,Develop loyalty
17035,2009-12-03 10:37:00,2011-04-08 11:23:00,4,613.59,153.3975,246,737,True,2010-04-27 14:11:00,145.0,True,False,2,4,3,9,At Risk,Dormant,Low-cost reactivation
17036,2010-11-21 14:26:00,2010-11-21 14:26:00,1,176.9,176.9,383,383,False,,,True,False,2,2,1,5,Hibernating,Dormant,Low-cost reactivation
17037,2011-09-13 12:49:00,2011-09-13 12:49:00,1,1267.32,1267.32,88,88,False,,,False,False,3,2,4,9,Needs Attention,New,Drive second purchase
17038,2010-10-20 16:04:00,2011-11-09 13:50:00,2,743.17,371.585,30,415,True,2011-11-09 13:50:00,384.0,True,False,4,3,3,10,Potential Loyalists,Active repeat,Develop loyalty
17039,2010-04-14 12:56:00,2010-04-14 12:56:00,1,1954.99,1954.99,604,604,False,,,True,False,1,2,4,7,Hibernating,Dormant,Low-cost reactivation
17040,2010-06-07 15:08:00,2011-07-25 10:19:00,2,463.25,231.625,138,550,True,2011-07-25 10:19:00,412.0,True,False,3,3,2,8,Needs Attention,At risk,Test win-back
17041,2010-04-18 14:25:00,2011-11-13 11:21:00,6,1655.2,275.8666666666667,27,600,True,2010-04-18 14:28:00,0.0,True,True,4,4,4,12,Champions,Active repeat,Develop loyalty
17042,2011-04-06 14:53:00,2011-12-07 12:26:00,5,1036.58,207.31599999999997,3,247,True,2011-05-27 10:15:00,50.0,True,True,5,4,3,12,Loyal Customers,Active repeat,Develop loyalty
17043,2009-12-09 15:20:00,2011-11-07 15:33:00,8,2593.65,324.20625,32,730,True,2010-05-18 13:36:00,159.0,True,False,4,5,4,13,Champions,Active repeat,Protect high-value active
17044,2009-12-07 12:25:00,2011-11-14 14:28:00,12,11962.300000000001,996.8583333333335,25,733,True,2010-03-10 10:53:00,92.0,True,False,4,5,5,14,Champions,Active repeat,Protect high-value active
17045,2010-10-06 14:52:00,2011-08-18 17:09:00,5,827.6800000000001,165.536,113,429,True,2010-11-28 13:09:00,52.0,True,True,3,4,3,10,Loyal Customers,At risk,Test win-back
17046,2010-03-29 13:46:00,2011-07-05 14:24:00,5,1906.0700000000002,381.21400000000006,157,620,True,2010-08-12 12:37:00,135.0,True,False,3,4,4,11,Loyal Customers,At risk,Test win-back
17047,2009-12-08 08:48:00,2011-09-15 13:27:00,6,2289.23,381.53833333333336,85,732,True,2010-04-08 14:28:00,121.0,True,False,3,4,4,11,Loyal Customers,Active repeat,Protect high-value active
17048,2010-01-18 13:55:00,2011-08-14 11:49:00,7,2071.6800000000003,295.95428571428573,118,690,True,2010-04-12 17:23:00,84.0,True,True,3,4,4,11,Loyal Customers,At risk,Test win-back
17049,2010-03-04 10:23:00,2011-12-07 10:48:00,19,9942.53,523.291052631579,3,646,True,2010-03-31 14:03:00,27.0,True,True,5,5,5,15,Champions,Active repeat,Protect high-value active
17050,2010-01-26 14:54:00,2011-09-04 13:48:00,11,4648.59,422.59909090909093,96,682,True,2010-02-28 11:33:00,32.0,True,True,3,5,5,13,Loyal Customers,At risk,Win back high-value
17051,2010-03-21 14:55:00,2011-05-29 14:13:00,4,706.49,176.6225,194,628,True,2010-05-02 15:31:00,42.0,True,True,2,4,3,9,At Risk,Dormant,Low-cost reactivation
17052,2011-11-11 14:50:00,2011-11-11 14:50:00,1,399.09,399.09,28,28,False,,,False,False,4,2,2,8,Potential Loyalists,New,Drive second purchase
17053,2011-08-01 10:23:00,2011-08-01 10:23:00,1,498.48,498.48,131,131,False,,,True,False,3,2,2,7,Needs Attention,At risk,Test win-back
17054,2011-04-08 13:14:00,2011-11-11 12:56:00,5,1356.33,271.26599999999996,28,245,True,2011-04-18 14:32:00,10.0,True,True,4,4,4,12,Champions,Active repeat,Develop loyalty
17055,2010-09-20 12:21:00,2010-09-20 12:21:00,1,232.85,232.85,446,446,False,,,True,False,1,2,1,4,Hibernating,Dormant,Low-cost reactivation
17056,2009-12-01 12:55:00,2009-12-01 12:55:00,1,128.60000000000002,128.60000000000002,738,738,False,,,True,False,1,2,1,4,Hibernating,Dormant,Low-cost reactivation
17057,2010-04-22 19:21:00,2010-04-22 19:21:00,1,294.74,294.74,596,596,False,,,True,False,1,2,2,5,Hibernating,Dormant,Low-cost reactivation
17058,2011-04-14 09:18:00,2011-09-19 10:13:00,3,1179.89,393.2966666666667,82,240,True,2011-05-24 13:50:00,40.0,True,True,3,3,3,9,Needs Attention,Active repeat,Develop loyalty
17059,2010-01-26 14:43:00,2011-11-10 12:27:00,9,4864.57,540.5077777777777,30,682,True,2010-03-09 15:22:00,42.0,True,True,4,5,5,14,Champions,Active repeat,Protect high-value active
17060,2011-03-18 13:27:00,2011-03-18 13:27:00,1,234.24,234.24,266,266,False,,,True,False,2,2,1,5,Hibernating,Dormant,Low-cost reactivation
17061,2011-04-21 13:29:00,2011-09-27 11:24:00,11,5232.2300000000005,475.65727272727275,74,232,True,2011-04-21 14:37:00,0.0,True,True,3,5,5,13,Loyal Customers,Active repeat,Protect high-value active
17062,2010-09-26 11:57:00,2011-01-30 11:01:00,6,889.75,148.29166666666666,314,440,True,2010-11-07 11:55:00,41.0,True,True,2,4,3,9,At Risk,Dormant,Low-cost reactivation
17063,2009-12-01 12:36:00,2011-11-18 16:19:00,13,3638.53,279.8869230769231,21,739,True,2010-03-08 08:45:00,96.0,True,False,4,5,5,14,Champions,Active repeat,Protect high-value active
17064,2011-01-16 16:10:00,2011-10-12 10:18:00,3,855.45,285.15000000000003,59,327,True,2011-06-10 10:26:00,144.0,True,False,3,3,3,9,Needs Attention,Active repeat,Develop loyalty
17065,2010-03-12 11:40:00,2010-03-12 11:41:00,2,194.7,97.35,638,638,True,2010-03-12 11:41:00,0.0,True,True,1,3,1,5,At Risk,Dormant,Low-cost reactivation
17066,2009-12-13 13:24:00,2009-12-13 13:24:00,1,228.34,228.34,726,726,False,,,True,False,1,2,1,4,Hibernating,Dormant,Low-cost reactivation
17067,2009-12-08 12:03:00,2009-12-15 08:39:00,3,454.53999999999996,151.51333333333332,725,732,True,2009-12-08 12:04:00,0.0,True,True,1,3,2,6,At Risk,Dormant,Low-cost reactivation
17068,2010-03-28 14:26:00,2011-11-27 13:14:00,47,8987.68,191.2272340425532,12,621,True,2010-04-11 14:11:00,13.0,True,True,5,5,5,15,Champions,Active repeat,Protect high-value active
17069,2009-12-03 12:27:00,2011-11-11 17:13:00,14,5517.2300000000005,394.08785714285716,28,737,True,2010-05-06 15:05:00,154.0,True,False,4,5,5,14,Champions,Active repeat,Protect high-value active
17070,2010-10-25 15:57:00,2011-08-17 17:01:00,2,437.42,218.71,114,410,True,2011-08-17 17:01:00,296.0,True,False,3,3,2,8,Needs Attention,At risk,Test win-back
17071,2010-01-24 13:05:00,2011-11-11 16:31:00,13,3793.71,291.82384615384615,28,684,True,2010-06-07 09:43:00,133.0,True,False,4,5,5,14,Champions,Active repeat,Protect high-value active
17072,2010-03-24 16:33:00,2010-03-24 16:33:00,1,273.35,273.35,625,625,False,,,True,False,1,2,1,4,Hibernating,Dormant,Low-cost reactivation
17073,2011-08-22 14:37:00,2011-11-22 11:47:00,4,1446.09,361.5225,18,109,True,2011-09-18 16:04:00,27.0,True,True,5,4,4,13,Champions,Active repeat,Develop loyalty
17074,2010-05-26 12:04:00,2010-05-26 12:04:00,1,203.05,203.05,563,563,False,,,True,False,1,2,1,4,Hibernating,Dormant,Low-cost reactivation
17075,2009-12-14 11:24:00,2011-11-22 11:58:00,10,2236.63,223.663,18,726,True,2010-01-26 13:46:00,43.0,True,True,5,5,4,14,Champions,Active repeat,Develop loyalty
17076,2009-12-04 12:12:00,2011-11-03 17:53:00,6,1242.75,207.125,36,736,True,2010-03-11 13:19:00,97.0,True,False,4,4,4,12,Champions,Active repeat,Develop loyalty
17077,2010-05-10 16:36:00,2010-05-10 16:36:00,1,306.0,306.0,578,578,False,,,True,False,1,2,2,5,Hibernating,Dormant,Low-cost reactivation
17078,2011-11-03 18:49:00,2011-11-03 19:17:00,2,378.2,189.1,36,36,True,2011-11-03 19:17:00,0.0,False,False,4,3,2,9,Potential Loyalists,Active repeat,Develop loyalty
17079,2011-09-22 15:34:00,2011-09-22 15:34:00,1,118.80000000000001,118.80000000000001,78,78,False,,,False,False,3,2,1,6,Needs Attention,New,Drive second purchase
17080,2010-07-01 16:03:00,2011-11-17 12:59:00,7,957.53,136.79,22,526,True,2010-07-05 13:15:00,3.0,True,True,4,4,3,11,Loyal Customers,Active repeat,Develop loyalty
17081,2010-02-22 13:19:00,2011-11-14 12:56:00,6,949.39,158.23166666666665,25,655,True,2010-05-23 12:56:00,89.0,True,True,4,4,3,11,Loyal Customers,Active repeat,Develop loyalty
17082,2009-12-15 11:25:00,2011-11-06 15:17:00,6,4732.030000000001,788.6716666666667,33,725,True,2009-12-15 11:26:00,0.0,True,True,4,4,5,13,Champions,Active repeat,Protect high-value active
17083,2010-02-09 11:46:00,2011-08-22 15:43:00,9,4049.79,449.9766666666667,109,669,True,2010-03-31 15:42:00,50.0,True,True,3,5,5,13,Loyal Customers,At risk,Win back high-value
17084,2010-11-08 14:20:00,2011-11-04 14:54:00,3,5001.21,1667.07,35,396,True,2011-11-04 14:49:00,361.0,True,False,4,3,5,12,Potential Loyalists,Active repeat,Protect high-value active
17085,2009-12-06 12:16:00,2011-08-08 14:15:00,28,7847.67,280.2739285714286,123,734,True,2009-12-13 11:49:00,6.0,True,True,3,5,5,13,Loyal Customers,At risk,Win back high-value
17086,2011-10-07 11:22:00,2011-12-02 13:54:00,6,2050.08,341.68,7,64,True,2011-10-21 13:27:00,14.0,False,False,5,4,4,13,Champions,Active repeat,Develop loyalty
17087,2009-12-02 10:41:00,2009-12-02 10:41:00,1,221.53,221.53,738,738,False,,,True,False,1,2,1,4,Hibernating,Dormant,Low-cost reactivation
17088,2011-03-31 09:48:00,2011-11-11 14:23:00,4,1991.01,497.7525,28,254,True,2011-06-10 09:23:00,70.0,True,True,4,4,4,12,Champions,Active repeat,Develop loyalty
17089,2010-11-18 15:33:00,2010-11-18 15:33:00,1,128.45,128.45,386,386,False,,,True,False,2,2,1,5,Hibernating,Dormant,Low-cost reactivation
17090,2010-07-19 16:02:00,2011-12-05 13:44:00,13,3080.1800000000003,236.9369230769231,4,508,True,2010-07-19 16:06:00,0.0,True,True,5,5,5,15,Champions,Active repeat,Protect high-value active
17091,2009-12-16 15:45:00,2011-12-07 10:43:00,19,7495.75,394.5131578947368,3,723,True,2010-02-15 10:56:00,60.0,True,True,5,5,5,15,Champions,Active repeat,Protect high-value active
17092,2010-02-02 16:42:00,2011-10-20 19:51:00,11,5511.41,501.0372727272727,50,675,True,2010-05-12 16:42:00,99.0,True,False,4,5,5,14,Champions,Active repeat,Protect high-value active
17093,2010-04-26 10:22:00,2010-04-26 10:22:00,1,235.88,235.88,593,593,False,,,True,False,1,2,1,4,Hibernating,Dormant,Low-cost reactivation
17094,2010-10-12 10:48:00,2011-01-21 13:09:00,2,402.2,201.1,322,424,True,2011-01-21 13:09:00,101.0,True,False,2,3,2,7,At Risk,Dormant,Low-cost reactivation
17095,2009-12-15 12:32:00,2011-11-17 12:21:00,7,2572.25,367.4642857142857,23,725,True,2010-03-18 13:28:00,93.0,True,False,4,4,4,12,Champions,Active repeat,Protect high-value active
17096,2010-06-02 14:48:00,2011-11-24 15:01:00,11,3697.93,336.17545454545456,15,555,True,2010-06-27 15:50:00,25.0,True,True,5,5,5,15,Champions,Active repeat,Protect high-value active
17097,2010-10-05 14:09:00,2011-12-07 17:05:00,9,1143.36,127.03999999999999,2,430,True,2010-12-09 14:55:00,65.0,True,True,5,5,3,13,Loyal Customers,Active repeat,Develop loyalty
17098,2010-06-17 10:30:00,2010-11-23 12:13:00,3,591.07,197.02333333333334,382,541,True,2010-10-29 11:51:00,134.0,True,False,2,3,2,7,At Risk,Dormant,Low-cost reactivation
17099,2010-06-24 16:25:00,2010-06-24 16:25:00,1,582.17,582.17,533,533,False,,,True,False,1,2,2,5,Hibernating,Dormant,Low-cost reactivation
17100,2011-11-21 16:36:00,2011-11-21 16:36:00,2,971.74,485.87,18,18,True,2011-11-21 16:36:00,0.0,False,False,5,3,3,11,Potential Loyalists,Active repeat,Develop loyalty
17101,2010-06-07 15:12:00,2011-11-29 13:57:00,7,2507.05,358.15000000000003,10,550,True,2010-10-14 16:09:00,129.0,True,False,5,4,4,13,Champions,Active repeat,Protect high-value active
17102,2011-03-23 10:08:00,2011-03-23 10:08:00,1,25.5,25.5,262,262,False,,,True,False,2,2,1,5,Hibernating,Dormant,Low-cost reactivation
17103,2009-12-17 14:08:00,2009-12-17 14:08:00,1,424.3,424.3,722,722,False,,,True,False,1,2,2,5,Hibernating,Dormant,Low-cost reactivation
17104,2010-10-12 12:21:00,2010-10-12 12:21:00,1,474.03,474.03,424,424,False,,,True,False,1,2,2,5,Hibernating,Dormant,Low-cost reactivation
17105,2011-02-06 14:46:00,2011-07-03 15:53:00,2,665.78,332.89,159,306,True,2011-07-03 15:53:00,147.0,True,False,3,3,3,9,Needs Attention,At risk,Test win-back
17106,2010-11-15 14:11:00,2010-11-15 14:11:00,1,481.58,481.58,389,389,False,,,True,False,2,2,2,6,Hibernating,Dormant,Low-cost reactivation
17107,2010-01-31 15:47:00,2011-11-06 14:14:00,10,16052.720000000001,1605.2720000000002,33,677,True,2010-06-03 19:05:00,123.0,True,False,4,5,5,14,Champions,Active repeat,Protect high-value active
17108,2010-02-14 12:22:00,2010-02-14 12:22:00,1,174.95,174.95,664,664,False,,,True,False,1,2,1,4,Hibernating,Dormant,Low-cost reactivation
17109,2010-07-30 12:42:00,2011-11-10 16:59:00,8,1291.71,161.46375,29,498,True,2010-10-29 15:56:00,91.0,True,False,4,5,4,13,Champions,Active repeat,Develop loyalty
17110,2010-04-08 13:32:00,2011-06-27 12:58:00,3,499.9,166.63333333333333,165,610,True,2010-07-07 12:21:00,89.0,True,True,3,3,2,8,Needs Attention,At risk,Test win-back
17111,2010-10-10 15:21:00,2011-10-23 15:59:00,2,459.58000000000004,229.79000000000002,47,425,True,2011-10-23 15:59:00,378.0,True,False,4,3,2,9,Potential Loyalists,Active repeat,Develop loyalty
17112,2010-07-25 11:14:00,2010-07-25 11:14:00,1,197.57,197.57,503,503,False,,,True,False,1,2,1,4,Hibernating,Dormant,Low-cost reactivation
17113,2010-01-11 10:14:00,2010-05-14 13:59:00,6,2305.59,384.26500000000004,574,698,True,2010-01-11 10:15:00,0.0,True,True,1,4,4,9,At Risk,Dormant,Low-cost reactivation
17114,2011-01-09 11:39:00,2011-12-04 12:17:00,8,801.12,100.14,6,335,True,2011-02-15 13:50:00,37.0,True,True,5,5,3,13,Loyal Customers,Active repeat,Develop loyalty
17115,2009-12-05 12:13:00,2011-12-01 14:30:00,7,2761.49,394.4985714285714,8,735,True,2010-01-28 15:17:00,54.0,True,True,5,4,4,13,Champions,Active repeat,Protect high-value active
17116,2010-03-01 16:29:00,2010-03-01 16:29:00,1,389.78,389.78,648,648,False,,,True,False,1,2,2,5,Hibernating,Dormant,Low-cost reactivation
17117,2011-02-24 13:54:00,2011-02-24 13:54:00,1,116.19999999999999,116.19999999999999,288,288,False,,,True,False,2,2,1,5,Hibernating,Dormant,Low-cost reactivation
17118,2011-01-26 12:19:00,2011-01-26 12:19:00,1,157.02,157.02,318,318,False,,,True,False,2,2,1,5,Hibernating,Dormant,Low-cost reactivation
17119,2011-10-11 11:03:00,2011-12-06 14:40:00,2,606.91,303.455,3,60,True,2011-12-06 14:40:00,56.0,False,False,5,3,2,10,Potential Loyalists,Active repeat,Develop loyalty
17120,2011-04-20 15:21:00,2011-04-20 15:21:00,1,307.46,307.46,233,233,False,,,True,False,2,2,2,6,Hibernating,Dormant,Low-cost reactivation
17121,2010-11-02 11:47:00,2010-11-02 11:47:00,1,314.74,314.74,403,403,False,,,True,False,2,2,2,6,Hibernating,Dormant,Low-cost reactivation
17122,2010-07-28 09:34:00,2011-08-12 14:33:00,4,570.5,142.625,119,500,True,2010-10-26 12:39:00,90.0,True,True,3,4,2,9,Loyal Customers,At risk,Test win-back
17123,2010-05-16 11:52:00,2011-07-01 10:47:00,3,977.17,325.7233333333333,162,573,True,2010-09-26 12:06:00,133.0,True,False,3,3,3,9,Needs Attention,At risk,Test win-back
17124,2011-06-07 14:02:00,2011-06-07 14:02:00,1,294.24,294.24,185,185,False,,,True,False,3,2,2,7,Needs Attention,Dormant,Low-cost reactivation
17125,2011-10-20 14:41:00,2011-10-20 14:41:00,1,230.5,230.5,50,50,False,,,False,False,4,2,1,7,Potential Loyalists,New,Drive second purchase
17126,2010-08-31 13:41:00,2011-07-10 13:52:00,9,2016.43,224.04777777777778,152,465,True,2010-10-03 13:47:00,33.0,True,True,3,5,4,12,Loyal Customers,At risk,Test win-back
17127,2009-12-04 15:18:00,2010-10-07 09:54:00,5,1155.0300000000002,231.00600000000003,429,735,True,2010-06-24 10:25:00,201.0,True,False,1,4,3,8,At Risk,Dormant,Low-cost reactivation
17128,2011-01-09 12:02:00,2011-01-09 12:02:00,1,157.09,157.09,335,335,False,,,True,False,2,2,1,5,Hibernating,Dormant,Low-cost reactivation
17129,2010-07-07 13:46:00,2010-07-07 13:46:00,1,31.85,31.85,520,520,False,,,True,False,1,2,1,4,Hibernating,Dormant,Low-cost reactivation
17131,2011-09-25 12:42:00,2011-12-04 12:52:00,5,2463.17,492.634,5,76,True,2011-10-23 15:07:00,28.0,False,False,5,4,4,13,Champions,Active repeat,Protect high-value active
17132,2010-08-08 13:49:00,2010-09-13 16:31:00,2,1220.9099999999999,610.4549999999999,452,488,True,2010-09-13 16:31:00,36.0,True,True,1,3,4,8,At Risk,Dormant,Low-cost reactivation
17133,2010-03-21 12:31:00,2011-11-24 12:27:00,12,14622.33,1218.5275,16,629,True,2010-04-11 11:22:00,20.0,True,True,5,5,5,15,Champions,Active repeat,Protect high-value active
17134,2010-09-23 18:32:00,2011-08-25 09:53:00,3,625.3,208.4333333333333,107,442,True,2011-03-20 11:56:00,177.0,True,False,3,3,3,9,Needs Attention,At risk,Test win-back
17135,2010-05-09 16:03:00,2011-11-23 16:48:00,10,1722.18,172.21800000000002,16,579,True,2010-08-08 14:57:00,90.0,True,True,5,5,4,14,Champions,Active repeat,Develop loyalty
17136,2010-02-15 13:13:00,2010-02-15 13:13:00,1,231.68,231.68,662,662,False,,,True,False,1,2,1,4,Hibernating,Dormant,Low-cost reactivation
17137,2010-01-31 12:27:00,2010-10-19 14:51:00,6,1099.81,183.30166666666665,416,678,True,2010-01-31 12:32:00,0.0,True,True,1,4,3,8,At Risk,Dormant,Low-cost reactivation
17138,2010-02-04 14:19:00,2011-03-09 11:54:00,7,4417.27,631.0385714285715,276,673,True,2010-03-09 10:18:00,32.0,True,True,2,4,5,11,At Risk,Dormant,Low-cost reactivation
17139,2010-01-11 11:31:00,2011-11-24 10:12:00,25,19566.76,782.6704,16,698,True,2010-02-11 08:51:00,30.0,True,True,5,5,5,15,Champions,Active repeat,Protect high-value active
17140,2011-04-06 13:33:00,2011-04-06 13:33:00,1,454.12,454.12,247,247,False,,,True,False,2,2,2,6,Hibernating,Dormant,Low-cost reactivation
17141,2010-01-24 14:19:00,2010-10-17 14:54:00,4,727.58,181.895,418,684,True,2010-01-24 14:24:00,0.0,True,True,1,4,3,8,At Risk,Dormant,Low-cost reactivation
17142,2010-01-24 15:23:00,2011-04-14 18:22:00,4,1275.25,318.8125,239,684,True,2010-06-24 13:01:00,150.0,True,False,2,4,4,10,At Risk,Dormant,Low-cost reactivation
17143,2010-07-12 13:26:00,2010-10-18 15:27:00,2,880.97,440.485,417,515,True,2010-10-18 15:27:00,98.0,True,False,1,3,3,7,At Risk,Dormant,Low-cost reactivation
17144,2011-09-16 12:50:00,2011-12-08 17:57:00,2,984.5699999999999,492.28499999999997,1,85,True,2011-12-08 17:57:00,83.0,False,False,5,3,3,11,Potential Loyalists,Active repeat,Develop loyalty
17145,2010-02-19 12:07:00,2010-07-15 09:02:00,4,3120.91,780.2275,513,659,True,2010-07-06 16:14:00,137.0,True,False,1,4,5,10,At Risk,Dormant,Low-cost reactivation
17146,2010-02-02 09:39:00,2011-08-26 12:44:00,13,5852.64,450.20307692307694,106,676,True,2010-04-14 14:20:00,71.0,True,True,3,5,5,13,Loyal Customers,At risk,Win back high-value
17147,2010-01-11 09:38:00,2011-11-17 12:32:00,9,3199.95,355.54999999999995,23,698,True,2010-03-23 13:52:00,71.0,True,True,4,5,5,14,Champions,Active repeat,Protect high-value active
17148,2011-10-19 09:59:00,2011-10-19 09:59:00,1,124.88,124.88,52,52,False,,,False,False,4,2,1,7,Potential Loyalists,New,Drive second purchase
17149,2010-09-14 14:56:00,2010-09-14 14:56:00,1,143.10000000000002,143.10000000000002,451,451,False,,,True,False,1,2,1,4,Hibernating,Dormant,Low-cost reactivation
17150,2009-12-06 10:51:00,2010-11-28 11:27:00,6,1357.95,226.32500000000002,377,734,True,2009-12-17 10:08:00,10.0,True,True,2,4,4,10,At Risk,Dormant,Low-cost reactivation
17151,2009-12-04 14:56:00,2009-12-04 14:56:00,1,231.90000000000003,231.90000000000003,735,735,False,,,True,False,1,2,1,4,Hibernating,Dormant,Low-cost reactivation
17152,2010-10-10 12:40:00,2011-05-29 12:19:00,4,2016.5,504.125,195,426,True,2011-03-21 16:20:00,162.0,True,False,2,4,4,10,At Risk,Dormant,Low-cost reactivation
17153,2011-11-15 13:42:00,2011-11-15 13:42:00,1,213.78,213.78,24,24,False,,,False,False,4,2,1,7,Potential Loyalists,New,Drive second purchase
17154,2011-09-25 13:42:00,2011-09-25 13:42:00,1,329.34,329.34,75,75,False,,,False,False,3,2,2,7,Needs Attention,New,Drive second purchase
17155,2009-12-03 11:34:00,2011-11-22 12:38:00,7,892.46,127.49428571428572,18,737,True,2009-12-08 12:46:00,5.0,True,True,5,4,3,12,Loyal Customers,Active repeat,Develop loyalty
17156,2010-08-05 11:30:00,2010-08-05 11:30:00,1,591.87,591.87,492,492,False,,,True,False,1,2,2,5,Hibernating,Dormant,Low-cost reactivation
17157,2009-12-04 13:00:00,2011-12-02 09:10:00,19,5151.9,271.15263157894736,8,735,True,2009-12-08 19:00:00,4.0,True,True,5,5,5,15,Champions,Active repeat,Protect high-value active
17158,2010-03-07 15:50:00,2011-11-07 15:15:00,5,1980.0,396.0,32,642,True,2010-06-10 10:38:00,94.0,True,False,4,4,4,12,Champions,Active repeat,Develop loyalty
17159,2010-03-04 14:53:00,2011-11-18 10:52:00,5,2099.59,419.918,22,645,True,2010-08-19 11:48:00,167.0,True,False,4,4,4,12,Champions,Active repeat,Develop loyalty
17160,2009-12-04 10:57:00,2011-11-08 14:05:00,17,10209.16,600.5388235294117,31,736,True,2010-01-22 09:44:00,48.0,True,True,4,5,5,14,Champions,Active repeat,Protect high-value active
17161,2010-09-21 16:44:00,2010-09-21 16:44:00,1,856.01,856.01,444,444,False,,,True,False,1,2,3,6,Hibernating,Dormant,Low-cost reactivation
17162,2011-02-07 12:27:00,2011-11-11 11:34:00,10,1715.46,171.546,29,306,True,2011-03-07 14:45:00,28.0,True,True,4,5,4,13,Champions,Active repeat,Develop loyalty
17163,2010-02-02 10:39:00,2011-11-18 08:57:00,4,699.78,174.945,22,676,True,2010-09-20 10:08:00,229.0,True,False,4,4,3,11,Loyal Customers,Active repeat,Develop loyalty
17164,2011-03-11 14:26:00,2011-11-07 09:14:00,7,2467.35,352.4785714285714,33,273,True,2011-05-11 09:28:00,60.0,True,True,4,4,4,12,Champions,Active repeat,Protect high-value active
17165,2009-12-11 09:18:00,2011-02-28 16:39:00,6,1794.3200000000002,299.05333333333334,284,729,True,2010-01-12 15:50:00,32.0,True,True,2,4,4,10,At Risk,Dormant,Low-cost reactivation
17166,2011-05-20 08:18:00,2011-11-01 09:46:00,2,206.34,103.17,39,204,True,2011-11-01 09:46:00,165.0,True,False,4,3,1,8,Potential Loyalists,Active repeat,Develop loyalty
17167,2010-09-20 14:02:00,2010-11-25 10:05:00,3,867.11,289.0366666666667,380,445,True,2010-10-18 11:42:00,27.0,True,True,2,3,3,8,At Risk,Dormant,Low-cost reactivation
17168,2010-07-29 12:33:00,2010-07-29 12:33:00,1,400.2,400.2,499,499,False,,,True,False,1,2,2,5,Hibernating,Dormant,Low-cost reactivation
17169,2010-05-10 13:00:00,2011-10-13 10:25:00,3,1156.73,385.57666666666665,58,578,True,2011-06-09 13:16:00,395.0,True,False,4,3,3,10,Potential Loyalists,Active repeat,Develop loyalty
17170,2010-11-15 16:23:00,2010-11-30 15:55:00,2,178.68,89.34,374,389,True,2010-11-30 15:55:00,14.0,True,True,2,3,1,6,At Risk,Dormant,Low-cost reactivation
17171,2010-02-16 12:02:00,2011-02-23 16:37:00,2,384.59000000000003,192.29500000000002,289,662,True,2011-02-23 16:37:00,372.0,True,False,2,3,2,7,At Risk,Dormant,Low-cost reactivation
17172,2009-12-13 11:46:00,2011-09-22 09:36:00,3,956.5699999999999,318.8566666666666,79,727,True,2010-10-05 12:02:00,296.0,True,False,3,3,3,9,Needs Attention,Active repeat,Develop loyalty
17173,2011-07-31 15:26:00,2011-12-04 14:40:00,8,3766.6000000000004,470.82500000000005,5,131,True,2011-08-15 10:28:00,14.0,True,True,5,5,5,15,Champions,Active repeat,Protect high-value active
17174,2011-05-06 11:47:00,2011-05-06 11:47:00,1,59.9,59.9,218,218,False,,,True,False,2,2,1,5,Hibernating,Dormant,Low-cost reactivation
17175,2011-02-16 14:56:00,2011-10-26 15:31:00,4,1443.69,360.9225,44,296,True,2011-06-12 12:08:00,115.0,True,False,4,4,4,12,Champions,Active repeat,Develop loyalty
17176,2010-01-31 15:49:00,2011-05-22 12:41:00,3,902.3199999999999,300.7733333333333,202,677,True,2010-07-01 12:11:00,150.0,True,False,2,3,3,8,At Risk,Dormant,Low-cost reactivation
17177,2010-07-22 14:53:00,2010-07-22 14:53:00,1,119.5,119.5,505,505,False,,,True,False,1,2,1,4,Hibernating,Dormant,Low-cost reactivation
17178,2009-12-08 16:20:00,2009-12-08 16:20:00,1,432.96,432.96,731,731,False,,,True,False,1,2,2,5,Hibernating,Dormant,Low-cost reactivation
17179,2010-05-26 11:22:00,2011-06-14 16:48:00,6,1507.26,251.21,178,563,True,2010-10-13 11:10:00,139.0,True,False,3,4,4,11,Loyal Customers,At risk,Test win-back
17180,2010-01-21 17:43:00,2011-10-14 15:46:00,11,2236.77,203.34272727272727,56,687,True,2010-03-15 14:01:00,52.0,True,True,4,5,4,13,Champions,Active repeat,Develop loyalty
17181,2010-04-23 11:21:00,2011-10-13 14:48:00,3,309.85,103.28333333333335,57,596,True,2010-12-01 12:38:00,222.0,True,False,4,3,2,9,Potential Loyalists,Active repeat,Develop loyalty
17182,2009-12-21 15:22:00,2010-10-13 10:09:00,2,321.3,160.65,423,718,True,2010-10-13 10:09:00,295.0,True,False,1,3,2,6,At Risk,Dormant,Low-cost reactivation
17183,2011-08-26 15:25:00,2011-12-02 10:07:00,6,3347.3100000000004,557.8850000000001,8,105,True,2011-10-16 15:32:00,51.0,True,True,5,4,5,14,Champions,Active repeat,Protect high-value active
17184,2009-12-09 14:17:00,2010-05-19 14:24:00,2,198.41000000000003,99.20500000000001,569,730,True,2010-05-19 14:24:00,161.0,True,False,1,3,1,5,At Risk,Dormant,Low-cost reactivation
17185,2010-04-20 13:49:00,2010-04-27 12:15:00,3,229.46,76.48666666666666,592,598,True,2010-04-20 13:52:00,0.0,True,True,1,3,1,5,At Risk,Dormant,Low-cost reactivation
17186,2011-10-10 12:52:00,2011-10-24 10:20:00,2,144.0,72.0,47,60,True,2011-10-24 10:20:00,13.0,False,False,4,3,1,8,Potential Loyalists,Active repeat,Develop loyalty
17187,2010-07-01 14:38:00,2011-04-27 12:39:00,2,467.71,233.855,227,526,True,2011-04-27 12:39:00,299.0,True,False,2,3,2,7,At Risk,Dormant,Low-cost reactivation
17188,2009-12-08 19:16:00,2011-11-28 13:53:00,13,4592.93,353.3023076923077,11,731,True,2010-01-11 15:33:00,33.0,True,True,5,5,5,15,Champions,Active repeat,Protect high-value active
17189,2009-12-02 11:45:00,2011-08-25 19:39:00,5,953.6300000000001,190.72600000000003,106,738,True,2009-12-16 12:16:00,14.0,True,True,3,4,3,10,Loyal Customers,At risk,Test win-back
17190,2010-03-05 13:21:00,2011-10-12 11:33:00,7,1726.57,246.65285714285713,59,644,True,2010-06-08 12:02:00,94.0,True,False,3,4,4,11,Loyal Customers,Active repeat,Develop loyalty
17191,2009-12-01 16:34:00,2011-11-11 16:58:00,15,4310.34,287.356,28,738,True,2010-01-29 13:53:00,58.0,True,True,4,5,5,14,Champions,Active repeat,Protect high-value active
17192,2010-06-21 16:07:00,2010-06-21 16:07:00,1,75.28,75.28,536,536,False,,,True,False,1,2,1,4,Hibernating,Dormant,Low-cost reactivation
17193,2009-12-02 10:02:00,2011-11-04 12:47:00,9,2310.04,256.6711111111111,36,738,True,2010-11-18 16:57:00,351.0,True,False,4,5,4,13,Champions,Active repeat,Protect high-value active
17194,2010-06-27 13:16:00,2011-03-11 12:05:00,3,812.5,270.8333333333333,274,530,True,2010-12-14 12:06:00,169.0,True,False,2,3,3,8,At Risk,Dormant,Low-cost reactivation
17195,2010-02-22 13:05:00,2010-02-22 13:05:00,1,562.98,562.98,655,655,False,,,True,False,1,2,2,5,Hibernating,Dormant,Low-cost reactivation
17196,2010-10-08 11:31:00,2010-10-08 11:31:00,1,327.75,327.75,428,428,False,,,True,False,1,2,2,5,Hibernating,Dormant,Low-cost reactivation
17197,2011-11-10 10:32:00,2011-11-10 10:32:00,1,1013.01,1013.01,30,30,False,,,False,False,4,2,3,9,Potential Loyalists,New,Drive second purchase
17198,2010-12-03 14:54:00,2011-11-16 10:39:00,3,692.22,230.74,24,371,True,2010-12-09 13:34:00,5.0,True,True,4,3,3,10,Potential Loyalists,Active repeat,Develop loyalty
17199,2010-05-06 13:53:00,2010-05-06 13:53:00,1,135.04000000000002,135.04000000000002,582,582,False,,,True,False,1,2,1,4,Hibernating,Dormant,Low-cost reactivation
17200,2010-02-25 13:23:00,2010-11-17 13:04:00,4,356.71,89.1775,387,652,True,2010-02-25 13:24:00,0.0,True,True,2,4,2,8,At Risk,Dormant,Low-cost reactivation
17201,2010-02-10 12:26:00,2011-10-17 11:55:00,4,1143.1,285.775,54,668,True,2010-06-08 11:50:00,117.0,True,False,4,4,3,11,Loyal Customers,Active repeat,Develop loyalty
17202,2010-10-15 11:25:00,2010-10-15 11:25:00,1,160.65,160.65,421,421,False,,,True,False,1,2,1,4,Hibernating,Dormant,Low-cost reactivation
17203,2010-11-16 12:52:00,2011-11-04 12:27:00,10,5564.09,556.409,36,388,True,2010-11-16 12:58:00,0.0,True,True,4,5,5,14,Champions,Active repeat,Protect high-value active
17204,2010-06-10 11:37:00,2011-06-17 14:46:00,9,5504.6900000000005,611.6322222222223,175,548,True,2010-09-27 12:21:00,109.0,True,False,3,5,5,13,Loyal Customers,At risk,Win back high-value
17205,2010-05-24 15:36:00,2011-10-17 12:46:00,3,999.3499999999999,333.1166666666666,54,564,True,2010-10-19 16:11:00,148.0,True,False,4,3,3,10,Potential Loyalists,Active repeat,Develop loyalty
17206,2011-10-17 13:25:00,2011-10-17 13:25:00,1,204.24,204.24,53,53,False,,,False,False,4,2,1,7,Potential Loyalists,New,Drive second purchase
17207,2010-02-25 19:08:00,2010-02-25 19:08:00,1,292.62,292.62,652,652,False,,,True,False,1,2,2,5,Hibernating,Dormant,Low-cost reactivation
17208,2010-11-09 12:50:00,2010-11-09 12:50:00,1,111.15,111.15,396,396,False,,,True,False,2,2,1,5,Hibernating,Dormant,Low-cost reactivation
17209,2009-12-03 11:10:00,2010-02-28 16:01:00,3,595.7,198.5666666666667,649,737,True,2009-12-11 11:41:00,8.0,True,True,1,3,2,6,At Risk,Dormant,Low-cost reactivation
17210,2010-11-12 12:15:00,2010-11-12 12:15:00,1,251.72,251.72,393,393,False,,,True,False,2,2,1,5,Hibernating,Dormant,Low-cost reactivation
17211,2009-12-13 13:17:00,2011-11-13 12:03:00,13,3773.35,290.2576923076923,27,726,True,2009-12-20 12:28:00,6.0,True,True,4,5,5,14,Champions,Active repeat,Protect high-value active
17212,2010-08-10 09:22:00,2011-03-31 19:42:00,3,794.41,264.80333333333334,253,487,True,2010-09-07 15:46:00,28.0,True,True,2,3,3,8,At Risk,Dormant,Low-cost reactivation
17213,2009-12-15 10:28:00,2011-10-30 14:53:00,13,4869.400000000001,374.5692307692308,40,725,True,2009-12-21 12:38:00,6.0,True,True,4,5,5,14,Champions,Active repeat,Protect high-value active
17214,2010-12-15 15:14:00,2011-10-10 13:17:00,6,1059.1200000000001,176.52,60,359,True,2011-02-03 14:41:00,49.0,True,True,3,4,3,10,Loyal Customers,Active repeat,Develop loyalty
17215,2010-09-01 13:39:00,2010-09-01 13:39:00,1,186.15,186.15,464,464,False,,,True,False,1,2,1,4,Hibernating,Dormant,Low-cost reactivation
17216,2010-06-03 13:03:00,2010-06-03 13:03:00,1,63.6,63.6,554,554,False,,,True,False,1,2,1,4,Hibernating,Dormant,Low-cost reactivation
17217,2010-03-30 13:35:00,2011-04-19 17:19:00,2,210.1,105.05,234,619,True,2011-04-19 17:19:00,385.0,True,False,2,3,1,6,At Risk,Dormant,Low-cost reactivation
17218,2010-01-25 16:12:00,2011-12-05 13:52:00,18,3891.39,216.18833333333333,4,683,True,2010-03-15 16:13:00,49.0,True,True,5,5,5,15,Champions,Active repeat,Protect high-value active
17219,2010-10-19 11:29:00,2011-11-08 11:25:00,2,259.13,129.565,32,417,True,2011-11-08 11:25:00,384.0,True,False,4,3,1,8,Potential Loyalists,Active repeat,Develop loyalty
17220,2010-01-20 11:57:00,2011-11-15 13:47:00,21,4457.31,212.25285714285715,24,689,True,2010-01-20 12:05:00,0.0,True,True,4,5,5,14,Champions,Active repeat,Protect high-value active
17221,2010-04-11 15:34:00,2011-12-02 13:35:00,5,976.62,195.324,7,607,True,2010-04-11 15:38:00,0.0,True,True,5,4,3,12,Loyal Customers,Active repeat,Develop loyalty
17222,2010-01-10 15:24:00,2011-10-05 13:58:00,6,1579.51,263.25166666666667,65,698,True,2010-03-01 16:35:00,50.0,True,True,3,4,4,11,Loyal Customers,Active repeat,Develop loyalty
17223,2010-11-29 17:19:00,2011-02-02 15:57:00,3,558.04,186.01333333333332,310,375,True,2010-12-06 14:08:00,6.0,True,True,2,3,2,7,At Risk,Dormant,Low-cost reactivation
17224,2010-07-26 13:30:00,2010-07-26 13:30:00,1,100.86,100.86,501,501,False,,,True,False,1,2,1,4,Hibernating,Dormant,Low-cost reactivation
17225,2010-05-07 11:38:00,2010-05-07 11:38:00,1,131.15,131.15,582,582,False,,,True,False,1,2,1,4,Hibernating,Dormant,Low-cost reactivation
17226,2010-02-12 14:31:00,2011-02-04 11:52:00,3,895.47,298.49,309,665,True,2010-09-21 10:10:00,220.0,True,False,2,3,3,8,At Risk,Dormant,Low-cost reactivation
17227,2010-01-15 15:05:00,2011-11-21 10:51:00,12,1878.93,156.57750000000001,19,693,True,2010-03-17 15:20:00,61.0,True,True,4,5,4,13,Champions,Active repeat,Develop loyalty
17228,2010-03-12 11:54:00,2011-11-24 10:24:00,13,2820.03,216.92538461538464,16,638,True,2010-05-02 14:28:00,51.0,True,True,5,5,4,14,Champions,Active repeat,Protect high-value active
17229,2011-07-20 12:38:00,2011-09-04 13:56:00,2,318.76,159.38,96,143,True,2011-09-04 13:56:00,46.0,True,True,3,3,2,8,Needs Attention,At risk,Test win-back
17230,2009-12-08 13:41:00,2011-03-20 16:12:00,18,9388.49,521.5827777777778,264,731,True,2009-12-11 10:58:00,2.0,True,True,2,5,5,12,At Risk,Dormant,Low-cost reactivation
17231,2009-12-07 16:38:00,2011-11-27 15:18:00,25,7064.8,282.592,12,732,True,2009-12-20 12:04:00,12.0,True,True,5,5,5,15,Champions,Active repeat,Protect high-value active
17232,2011-11-25 12:24:00,2011-12-07 12:21:00,2,417.77,208.885,3,15,True,2011-12-07 12:21:00,11.0,False,False,5,3,2,10,Potential Loyalists,Active repeat,Develop loyalty
17233,2009-12-15 12:03:00,2011-11-04 14:06:00,3,560.86,186.95333333333335,35,725,True,2010-09-17 13:20:00,276.0,True,False,4,3,2,9,Potential Loyalists,Active repeat,Develop loyalty
17234,2011-06-10 11:20:00,2011-06-10 11:20:00,1,149.89000000000001,149.89000000000001,183,183,False,,,True,False,3,2,1,6,Needs Attention,Dormant,Low-cost reactivation
17235,2010-06-04 17:01:00,2011-11-14 15:51:00,8,1562.98,195.3725,25,553,True,2010-07-14 13:16:00,39.0,True,True,4,5,4,13,Champions,Active repeat,Develop loyalty
17236,2010-03-07 13:00:00,2011-11-27 12:00:00,12,1929.26,160.77166666666668,13,642,True,2010-03-21 12:56:00,13.0,True,True,5,5,4,14,Champions,Active repeat,Develop loyalty
17237,2010-11-23 11:45:00,2011-11-28 15:02:00,4,994.13,248.5325,11,382,True,2010-11-29 11:51:00,6.0,True,True,5,4,3,12,Loyal Customers,Active repeat,Develop loyalty
17238,2009-12-01 10:59:00,2011-12-07 11:35:00,32,7331.67,229.1146875,3,739,True,2009-12-11 11:10:00,10.0,True,True,5,5,5,15,Champions,Active repeat,Protect high-value active
17239,2010-07-01 10:53:00,2011-01-31 09:41:00,4,1189.45,297.3625,313,527,True,2010-10-10 13:24:00,101.0,True,False,2,4,3,9,At Risk,Dormant,Low-cost reactivation
17240,2010-04-22 15:44:00,2010-04-22 15:44:00,1,130.6,130.6,596,596,False,,,True,False,1,2,1,4,Hibernating,Dormant,Low-cost reactivation
17241,2010-02-15 14:47:00,2010-11-19 13:01:00,12,2736.6400000000003,228.05333333333337,385,662,True,2010-03-01 10:36:00,13.0,True,True,2,5,4,11,At Risk,Dormant,Low-cost reactivation
17242,2010-01-24 10:27:00,2011-08-23 14:55:00,5,2889.2799999999997,577.856,108,685,True,2010-05-06 13:19:00,102.0,True,False,3,4,4,11,Loyal Customers,At risk,Win back high-value
17243,2009-12-01 15:36:00,2011-12-08 13:26:00,69,20203.58,292.80550724637686,1,738,True,2009-12-04 14:37:00,2.0,True,True,5,5,5,15,Champions,Active repeat,Protect high-value active
17244,2009-12-06 11:27:00,2011-10-17 15:19:00,5,1826.04,365.20799999999997,53,734,True,2010-11-21 13:42:00,350.0,True,False,4,4,4,12,Champions,Active repeat,Develop loyalty
17245,2010-01-19 15:39:00,2011-05-19 10:43:00,2,371.63,185.815,205,689,True,2011-05-19 10:43:00,484.0,True,False,2,3,2,7,At Risk,Dormant,Low-cost reactivation
17246,2009-12-01 17:45:00,2010-06-11 12:36:00,2,38.92,19.46,547,738,True,2010-06-11 12:36:00,191.0,True,False,1,3,1,5,At Risk,Dormant,Low-cost reactivation
17247,2011-11-24 15:21:00,2011-11-24 15:21:00,1,280.09000000000003,280.09000000000003,15,15,False,,,False,False,5,2,1,8,Potential Loyalists,New,Drive second purchase
17248,2010-08-15 11:55:00,2011-08-11 13:34:00,2,500.53999999999996,250.26999999999998,120,482,True,2011-08-11 13:34:00,361.0,True,False,3,3,2,8,Needs Attention,At risk,Test win-back
17249,2010-10-07 11:33:00,2010-10-07 11:33:00,1,68.03,68.03,429,429,False,,,True,False,1,2,1,4,Hibernating,Dormant,Low-cost reactivation
17250,2011-03-23 16:45:00,2011-12-06 12:15:00,2,381.97,190.985,4,261,True,2011-12-06 12:15:00,257.0,True,False,5,3,2,10,Potential Loyalists,Active repeat,Develop loyalty
17251,2009-12-15 10:36:00,2010-12-12 11:06:00,3,798.98,266.32666666666665,363,725,True,2010-11-22 10:42:00,342.0,True,False,2,3,3,8,At Risk,Dormant,Low-cost reactivation
17252,2011-06-06 16:41:00,2011-08-15 09:45:00,2,348.90999999999997,174.45499999999998,117,186,True,2011-08-15 09:45:00,69.0,True,True,3,3,2,8,Needs Attention,At risk,Test win-back
17253,2011-11-21 12:59:00,2011-11-21 12:59:00,1,178.26,178.26,18,18,False,,,False,False,5,2,1,8,Potential Loyalists,New,Drive second purchase
17254,2010-11-03 14:00:00,2011-12-05 12:46:00,3,469.48,156.49333333333334,5,401,True,2011-11-24 14:09:00,386.0,True,False,5,3,2,10,Potential Loyalists,Active repeat,Develop loyalty
17255,2010-09-19 15:53:00,2011-10-30 12:18:00,4,781.7,195.425,41,446,True,2010-11-14 14:56:00,55.0,True,True,4,4,3,11,Loyal Customers,Active repeat,Develop loyalty
17256,2010-04-18 13:40:00,2011-08-24 13:30:00,5,498.93,99.786,107,600,True,2010-04-18 13:42:00,0.0,True,True,3,4,2,9,Loyal Customers,At risk,Test win-back
17257,2010-09-29 12:49:00,2010-09-29 12:51:00,2,189.78,94.89,436,437,True,2010-09-29 12:51:00,0.0,True,True,1,3,1,5,At Risk,Dormant,Low-cost reactivation
17258,2010-02-12 15:51:00,2010-11-08 12:37:00,2,417.30000000000007,208.65000000000003,397,665,True,2010-11-08 12:37:00,268.0,True,False,2,3,2,7,At Risk,Dormant,Low-cost reactivation
17259,2010-02-22 13:38:00,2011-07-14 15:01:00,6,1452.39,242.06500000000003,148,655,True,2010-06-28 13:52:00,126.0,True,False,3,4,4,11,Loyal Customers,At risk,Test win-back
17260,2010-10-24 13:21:00,2010-10-24 13:21:00,1,120.95,120.95,411,411,False,,,True,False,1,2,1,4,Hibernating,Dormant,Low-cost reactivation
17261,2010-07-18 11:49:00,2010-07-18 11:49:00,1,221.59,221.59,510,510,False,,,True,False,1,2,1,4,Hibernating,Dormant,Low-cost reactivation
17262,2009-12-15 11:26:00,2011-10-18 12:56:00,11,2488.76,226.25090909090912,52,725,True,2010-04-28 15:06:00,134.0,True,False,4,5,4,13,Champions,Active repeat,Protect high-value active
17263,2011-05-15 14:32:00,2011-05-15 14:32:00,1,63.440000000000005,63.440000000000005,208,208,False,,,True,False,2,2,1,5,Hibernating,Dormant,Low-cost reactivation
17264,2010-10-11 12:52:00,2010-10-11 12:52:00,1,268.28,268.28,424,424,False,,,True,False,1,2,1,4,Hibernating,Dormant,Low-cost reactivation
17265,2011-06-12 12:00:00,2011-07-24 10:49:00,2,550.01,275.005,139,181,True,2011-07-24 10:49:00,41.0,True,True,3,3,2,8,Needs Attention,At risk,Test win-back
17266,2010-03-09 10:42:00,2011-12-07 14:12:00,5,501.72,100.34400000000001,2,641,True,2010-07-28 16:39:00,141.0,True,False,5,4,2,11,Loyal Customers,Active repeat,Develop loyalty
17267,2011-08-04 17:19:00,2011-08-04 17:22:00,2,317.20000000000005,158.60000000000002,127,127,True,2011-08-04 17:22:00,0.0,True,True,3,3,2,8,Needs Attention,At risk,Test win-back
17268,2009-12-08 11:46:00,2011-08-24 10:06:00,11,1733.8899999999999,157.62636363636364,108,732,True,2010-03-16 13:25:00,98.0,True,False,3,5,4,12,Loyal Customers,At risk,Test win-back
17269,2010-11-19 11:12:00,2010-11-19 11:12:00,1,491.81,491.81,386,386,False,,,True,False,2,2,2,6,Hibernating,Dormant,Low-cost reactivation
17270,2009-12-07 17:18:00,2010-08-27 14:09:00,2,601.45,300.725,469,732,True,2010-08-27 14:09:00,262.0,True,False,1,3,2,6,At Risk,Dormant,Low-cost reactivation
17271,2009-12-03 13:49:00,2009-12-03 13:49:00,1,204.3,204.3,736,736,False,,,True,False,1,2,1,4,Hibernating,Dormant,Low-cost reactivation
17272,2011-03-22 12:05:00,2011-10-28 16:37:00,4,2148.63,537.1575,42,263,True,2011-05-24 13:46:00,63.0,True,True,4,4,4,12,Champions,Active repeat,Develop loyalty
17273,2010-10-11 15:57:00,2010-10-11 15:57:00,1,141.12,141.12,424,424,False,,,True,False,1,2,1,4,Hibernating,Dormant,Low-cost reactivation
17274,2010-11-09 12:06:00,2011-11-04 13:16:00,2,573.22,286.61,35,396,True,2011-11-04 13:16:00,360.0,True,False,4,3,2,9,Potential Loyalists,Active repeat,Develop loyalty
17275,2010-11-21 13:26:00,2010-11-21 13:26:00,1,114.1,114.1,383,383,False,,,True,False,2,2,1,5,Hibernating,Dormant,Low-cost reactivation
17276,2010-11-02 16:20:00,2010-11-02 16:20:00,1,502.49,502.49,402,402,False,,,True,False,2,2,2,6,Hibernating,Dormant,Low-cost reactivation
17277,2011-01-21 12:37:00,2011-04-26 12:47:00,2,1065.35,532.675,228,323,True,2011-04-26 12:47:00,95.0,True,False,2,3,3,8,At Risk,Dormant,Low-cost reactivation
17278,2010-05-23 13:49:00,2011-04-12 13:10:00,2,271.24,135.62,241,565,True,2011-04-12 13:10:00,323.0,True,False,2,3,1,6,At Risk,Dormant,Low-cost reactivation
17279,2011-10-13 11:58:00,2011-10-13 11:58:00,1,187.82999999999998,187.82999999999998,58,58,False,,,False,False,4,2,1,7,Potential Loyalists,New,Drive second purchase
17280,2010-09-27 16:46:00,2010-09-27 16:46:00,1,118.85999999999999,118.85999999999999,438,438,False,,,True,False,1,2,1,4,Hibernating,Dormant,Low-cost reactivation
17281,2010-02-04 13:00:00,2010-11-30 18:05:00,6,797.8499999999999,132.975,374,673,True,2010-04-06 12:40:00,60.0,True,True,2,4,3,9,At Risk,Dormant,Low-cost reactivation
17282,2010-06-09 12:07:00,2011-08-01 14:29:00,5,2308.54,461.70799999999997,130,549,True,2010-09-09 19:23:00,92.0,True,False,3,4,4,11,Loyal Customers,At risk,Win back high-value
17283,2010-11-26 11:53:00,2010-11-26 11:53:00,1,188.46,188.46,379,379,False,,,True,False,2,2,1,5,Hibernating,Dormant,Low-cost reactivation
17284,2010-09-20 16:18:00,2011-10-10 14:38:00,8,2788.06,348.5075,60,445,True,2010-11-15 17:14:00,56.0,True,True,3,5,4,12,Loyal Customers,Active repeat,Protect high-value active
17285,2010-02-14 14:10:00,2010-03-21 13:38:00,2,407.94,203.97,628,663,True,2010-03-21 13:38:00,34.0,True,True,1,3,2,6,At Risk,Dormant,Low-cost reactivation
17286,2010-11-04 13:43:00,2011-11-18 12:47:00,3,389.18,129.72666666666666,22,400,True,2010-11-04 13:52:00,0.0,True,True,4,3,2,9,Potential Loyalists,Active repeat,Develop loyalty
17287,2009-12-03 12:45:00,2011-11-13 13:27:00,21,3826.86,182.23142857142858,26,737,True,2009-12-03 12:50:00,0.0,True,True,4,5,5,14,Champions,Active repeat,Protect high-value active
17288,2010-11-10 14:44:00,2011-11-30 16:09:00,11,2468.4300000000003,224.4027272727273,9,394,True,2010-11-14 13:33:00,3.0,True,True,5,5,4,14,Champions,Active repeat,Protect high-value active
17289,2010-03-08 12:52:00,2011-11-08 12:01:00,9,2041.8,226.86666666666667,32,641,True,2010-03-12 11:48:00,3.0,True,True,4,5,4,13,Champions,Active repeat,Develop loyalty
17290,2009-12-13 13:28:00,2011-12-06 12:38:00,8,1487.96,185.995,4,726,True,2010-03-26 13:13:00,102.0,True,False,5,5,4,14,Champions,Active repeat,Develop loyalty
17291,2011-02-04 13:04:00,2011-02-04 13:04:00,1,550.8000000000001,550.8000000000001,308,308,False,,,True,False,2,2,2,6,Hibernating,Dormant,Low-cost reactivation
17292,2010-05-09 14:52:00,2010-08-24 17:14:00,2,271.75,135.875,472,579,True,2010-08-24 17:14:00,107.0,True,False,1,3,1,5,At Risk,Dormant,Low-cost reactivation
17293,2009-12-03 15:09:00,2011-12-01 14:37:00,17,3750.63,220.62529411764706,8,736,True,2009-12-11 13:36:00,7.0,True,True,5,5,5,15,Champions,Active repeat,Protect high-value active
17294,2010-02-08 14:21:00,2010-02-08 16:12:00,2,467.78999999999996,233.89499999999998,669,669,True,2010-02-08 16:12:00,0.0,True,True,1,3,2,6,At Risk,Dormant,Low-cost reactivation
17295,2011-10-06 12:22:00,2011-11-11 10:49:00,3,547.0,182.33333333333334,29,65,True,2011-11-11 10:43:00,35.0,False,False,4,3,2,9,Potential Loyalists,Active repeat,Develop loyalty
17296,2009-12-09 14:01:00,2009-12-09 14:01:00,1,338.13,338.13,730,730,False,,,True,False,1,2,2,5,Hibernating,Dormant,Low-cost reactivation
17297,2011-11-22 14:43:00,2011-11-22 14:43:00,1,128.18,128.18,17,17,False,,,False,False,5,2,1,8,Potential Loyalists,New,Drive second purchase
17298,2010-03-08 08:56:00,2011-08-30 16:43:00,5,954.26,190.852,101,642,True,2010-08-03 12:51:00,148.0,True,False,3,4,3,10,Loyal Customers,At risk,Test win-back
17299,2010-08-15 16:00:00,2011-11-28 12:01:00,6,993.23,165.53833333333333,12,481,True,2010-09-26 13:40:00,41.0,True,True,5,4,3,12,Loyal Customers,Active repeat,Develop loyalty
17300,2010-08-15 11:02:00,2010-11-14 10:56:00,2,393.64,196.82,391,482,True,2010-11-14 10:56:00,90.0,True,True,2,3,2,7,At Risk,Dormant,Low-cost reactivation
17301,2010-03-25 13:16:00,2011-11-18 13:43:00,2,294.39,147.195,21,624,True,2011-11-18 13:43:00,603.0,True,False,4,3,2,9,Potential Loyalists,Active repeat,Develop loyalty
17302,2011-02-07 10:14:00,2011-11-25 09:36:00,5,1135.63,227.12600000000003,15,306,True,2011-05-15 11:29:00,97.0,True,False,5,4,3,12,Loyal Customers,Active repeat,Develop loyalty
17303,2010-12-13 13:32:00,2010-12-13 13:32:00,1,250.04,250.04,361,361,False,,,True,False,2,2,1,5,Hibernating,Dormant,Low-cost reactivation
17304,2010-06-23 16:23:00,2010-06-23 16:23:00,1,111.5,111.5,534,534,False,,,True,False,1,2,1,4,Hibernating,Dormant,Low-cost reactivation
17305,2010-03-01 12:47:00,2010-03-01 12:47:00,1,2135.46,2135.46,649,649,False,,,True,False,1,2,4,7,Hibernating,Dormant,Low-cost reactivation
17306,2010-11-01 11:38:00,2011-11-29 12:14:00,21,9782.35,465.8261904761905,11,404,True,2010-11-11 12:44:00,10.0,True,True,5,5,5,15,Champions,Active repeat,Protect high-value active
17307,2010-01-19 16:38:00,2010-11-09 13:40:00,11,3999.8900000000003,363.6263636363637,395,689,True,2010-01-20 12:17:00,0.0,True,True,2,5,5,12,At Risk,Dormant,Low-cost reactivation
17308,2010-09-13 09:35:00,2010-11-11 13:19:00,2,4511.76,2255.88,393,453,True,2010-11-11 13:19:00,59.0,True,True,2,3,5,10,At Risk,Dormant,Low-cost reactivation
17309,2010-02-04 15:49:00,2011-09-05 15:20:00,3,320.39,106.79666666666667,95,673,True,2010-11-23 13:47:00,291.0,True,False,3,3,2,8,Needs Attention,At risk,Test win-back
17310,2010-06-23 11:38:00,2010-11-17 16:00:00,2,1025.1,512.55,387,535,True,2010-11-17 16:00:00,147.0,True,False,2,3,3,8,At Risk,Dormant,Low-cost reactivation
17311,2010-02-03 12:38:00,2011-09-22 14:11:00,6,3566.56,594.4266666666666,78,675,True,2010-05-28 09:36:00,113.0,True,False,3,4,5,12,Loyal Customers,Active repeat,Protect high-value active
17312,2011-07-03 13:12:00,2011-07-24 11:52:00,3,644.3,214.76666666666665,139,159,True,2011-07-07 20:07:00,4.0,True,True,3,3,3,9,Needs Attention,At risk,Test win-back
17313,2011-11-08 15:45:00,2011-11-08 15:45:00,1,2328.84,2328.84,31,31,False,,,False,False,4,2,4,10,Potential Loyalists,New,Drive second purchase
17314,2009-12-03 11:25:00,2011-11-15 09:41:00,17,4904.43,288.4958823529412,25,737,True,2010-01-31 11:43:00,59.0,True,True,4,5,5,14,Champions,Active repeat,Protect high-value active
17315,2010-09-27 12:45:00,2011-12-08 12:15:00,43,9599.58,223.2460465116279,2,439,True,2010-11-01 13:26:00,35.0,True,True,5,5,5,15,Champions,Active repeat,Protect high-value active
17316,2010-10-15 14:35:00,2010-10-15 14:35:00,1,124.45,124.45,420,420,False,,,True,False,1,2,1,4,Hibernating,Dormant,Low-cost reactivation
17317,2011-09-11 12:45:00,2011-10-24 17:19:00,3,2600.34,866.7800000000001,46,90,True,2011-10-18 09:07:00,36.0,True,True,4,3,4,11,Potential Loyalists,Active repeat,Protect high-value active
17318,2009-12-14 13:11:00,2009-12-14 13:11:00,1,157.32999999999998,157.32999999999998,725,725,False,,,True,False,1,2,1,4,Hibernating,Dormant,Low-cost reactivation
17319,2010-02-08 15:47:00,2010-02-08 15:47:00,1,29.1,29.1,669,669,False,,,True,False,1,2,1,4,Hibernating,Dormant,Low-cost reactivation
17320,2010-01-21 16:29:00,2011-08-31 13:31:00,6,2444.85,407.47499999999997,100,687,True,2010-07-19 15:17:00,178.0,True,False,3,4,4,11,Loyal Customers,At risk,Win back high-value
17321,2010-05-11 12:10:00,2011-12-01 13:41:00,6,1665.21,277.535,8,578,True,2010-06-02 13:12:00,22.0,True,True,5,4,4,13,Champions,Active repeat,Develop loyalty
17322,2009-12-03 11:46:00,2010-11-28 14:41:00,5,922.59,184.518,376,737,True,2010-10-20 13:29:00,321.0,True,False,2,4,3,9,At Risk,Dormant,Low-cost reactivation
17323,2010-01-10 11:58:00,2011-11-24 17:29:00,12,1551.04,129.25333333333333,15,699,True,2010-02-25 19:39:00,46.0,True,True,5,5,4,14,Champions,Active repeat,Develop loyalty
17324,2009-12-18 15:29:00,2011-11-22 10:34:00,12,2171.07,180.9225,18,721,True,2010-03-01 13:22:00,72.0,True,True,5,5,4,14,Champions,Active repeat,Develop loyalty
17325,2010-03-08 11:31:00,2011-03-04 13:09:00,3,609.5699999999999,203.18999999999997,280,642,True,2010-10-25 09:20:00,230.0,True,False,2,3,3,8,At Risk,Dormant,Low-cost reactivation
17326,2010-06-28 14:05:00,2010-10-27 15:38:00,2,312.35,156.175,408,529,True,2010-10-27 15:38:00,121.0,True,False,2,3,2,7,At Risk,Dormant,Low-cost reactivation
17327,2010-05-26 11:20:00,2010-10-26 09:54:00,2,152.35,76.175,410,563,True,2010-10-26 09:54:00,152.0,True,False,1,3,1,5,At Risk,Dormant,Low-cost reactivation
17328,2010-02-04 17:11:00,2010-02-04 17:11:00,1,104.7,104.7,673,673,False,,,True,False,1,2,1,4,Hibernating,Dormant,Low-cost reactivation
17329,2009-12-03 16:09:00,2011-11-25 14:24:00,5,998.53,199.706,14,736,True,2009-12-08 16:43:00,5.0,True,True,5,4,3,12,Loyal Customers,Active repeat,Develop loyalty
17330,2010-03-02 09:20:00,2011-11-17 08:56:00,4,423.79999999999995,105.94999999999999,23,648,True,2010-06-13 12:34:00,103.0,True,False,4,4,2,10,Loyal Customers,Active repeat,Develop loyalty
17331,2011-08-08 11:55:00,2011-08-08 11:55:00,1,175.2,175.2,124,124,False,,,True,False,3,2,1,6,Needs Attention,At risk,Test win-back
17332,2010-02-21 14:41:00,2010-06-29 16:10:00,5,838.27,167.654,528,656,True,2010-03-14 12:24:00,20.0,True,True,1,4,3,8,At Risk,Dormant,Low-cost reactivation
17333,2011-09-15 10:11:00,2011-09-15 10:11:00,1,494.25,494.25,86,86,False,,,False,False,3,2,2,7,Needs Attention,New,Drive second purchase
17334,2010-10-29 12:16:00,2011-02-10 14:59:00,3,635.15,211.71666666666667,302,407,True,2011-02-04 09:03:00,97.0,True,False,2,3,3,8,At Risk,Dormant,Low-cost reactivation
17335,2010-01-24 11:15:00,2010-11-21 10:17:00,2,497.04,248.52,384,685,True,2010-11-21 10:17:00,300.0,True,False,2,3,2,7,At Risk,Dormant,Low-cost reactivation
17336,2010-08-24 15:37:00,2010-08-24 15:37:00,1,81.12,81.12,472,472,False,,,True,False,1,2,1,4,Hibernating,Dormant,Low-cost reactivation
17337,2011-02-02 17:06:00,2011-07-11 14:55:00,4,1981.06,495.265,151,310,True,2011-04-03 15:07:00,59.0,True,True,3,4,4,11,Loyal Customers,At risk,Test win-back
17338,2010-03-10 16:09:00,2011-11-22 14:23:00,17,11889.33,699.3723529411765,17,639,True,2010-05-24 14:17:00,74.0,True,True,5,5,5,15,Champions,Active repeat,Protect high-value active
17339,2010-07-18 13:08:00,2011-09-06 13:29:00,3,302.36,100.78666666666668,94,509,True,2010-12-09 14:44:00,144.0,True,False,3,3,2,8,Needs Attention,At risk,Test win-back
17340,2010-02-14 14:54:00,2011-11-10 10:45:00,18,19617.95,1089.8861111111112,30,663,True,2010-03-21 16:02:00,35.0,True,True,4,5,5,14,Champions,Active repeat,Protect high-value active
17341,2010-06-17 18:17:00,2011-07-06 12:33:00,5,1272.21,254.442,157,540,True,2010-06-17 18:22:00,0.0,True,True,3,4,4,11,Loyal Customers,At risk,Test win-back
17342,2010-02-08 09:16:00,2010-11-25 11:07:00,4,1227.54,306.885,380,670,True,2010-02-16 16:50:00,8.0,True,True,2,4,4,10,At Risk,Dormant,Low-cost reactivation
17343,2009-12-03 18:30:00,2010-12-19 15:07:00,6,1259.94,209.99,355,736,True,2010-01-18 10:29:00,45.0,True,True,2,4,4,10,At Risk,Dormant,Low-cost reactivation
17344,2009-12-11 12:31:00,2011-10-24 12:56:00,2,457.36,228.68,46,729,True,2011-10-24 12:56:00,682.0,True,False,4,3,2,9,Potential Loyalists,Active repeat,Develop loyalty
17345,2009-12-01 16:17:00,2011-11-24 15:02:00,10,1586.63,158.663,15,738,True,2010-05-05 14:31:00,154.0,True,False,5,5,4,14,Champions,Active repeat,Develop loyalty
17346,2010-04-18 12:18:00,2011-12-06 12:18:00,26,4998.61,192.25423076923076,4,601,True,2010-04-28 13:53:00,10.0,True,True,5,5,5,15,Champions,Active repeat,Protect high-value active
17347,2011-09-14 13:12:00,2011-09-14 13:12:00,1,228.96,228.96,86,86,False,,,False,False,3,2,1,6,Needs Attention,New,Drive second purchase
17348,2010-03-10 12:13:00,2011-11-25 11:25:00,9,2442.29,271.36555555555555,15,640,True,2010-04-27 10:48:00,47.0,True,True,5,5,4,14,Champions,Active repeat,Protect high-value active
17349,2010-03-18 14:26:00,2011-06-13 14:29:00,5,772.41,154.482,179,631,True,2010-06-18 14:08:00,91.0,True,False,3,4,3,10,Loyal Customers,At risk,Test win-back
17350,2010-02-01 15:38:00,2011-12-01 15:47:00,7,1893.701,270.5287142857143,8,676,True,2010-06-10 10:23:00,128.0,True,False,5,4,4,13,Champions,Active repeat,Develop loyalty
17351,2009-12-10 18:43:00,2011-11-03 18:45:00,12,1988.23,165.68583333333333,36,729,True,2010-01-20 14:36:00,40.0,True,True,4,5,4,13,Champions,Active repeat,Develop loyalty
17352,2010-01-12 16:13:00,2010-01-12 16:13:00,1,36.25,36.25,696,696,False,,,True,False,1,2,1,4,Hibernating,Dormant,Low-cost reactivation
17353,2010-03-25 12:52:00,2011-08-02 17:19:00,4,3242.0,810.5,129,624,True,2010-08-05 08:54:00,132.0,True,False,3,4,5,12,Loyal Customers,At risk,Win back high-value
17354,2010-10-07 13:22:00,2011-10-20 10:34:00,4,3133.96,783.49,51,428,True,2010-10-07 13:28:00,0.0,True,True,4,4,5,13,Champions,Active repeat,Protect high-value active
17355,2010-11-18 13:18:00,2010-11-18 13:18:00,1,273.31,273.31,386,386,False,,,True,False,2,2,1,5,Hibernating,Dormant,Low-cost reactivation
17356,2010-01-20 12:14:00,2011-02-01 11:07:00,5,946.47,189.294,312,689,True,2010-03-18 10:52:00,56.0,True,True,2,4,3,9,At Risk,Dormant,Low-cost reactivation
17357,2011-11-15 16:29:00,2011-11-15 16:30:00,2,384.39,192.195,24,24,True,2011-11-15 16:30:00,0.0,False,False,4,3,2,9,Potential Loyalists,Active repeat,Develop loyalty
17358,2010-02-24 16:42:00,2011-02-09 16:57:00,5,861.01,172.202,303,653,True,2010-10-24 10:56:00,241.0,True,False,2,4,3,9,At Risk,Dormant,Low-cost reactivation
17359,2010-03-01 14:48:00,2011-11-28 14:37:00,2,284.46,142.23,11,648,True,2011-11-28 14:37:00,636.0,True,False,5,3,1,9,Potential Loyalists,Active repeat,Develop loyalty
17360,2010-10-01 12:07:00,2011-11-22 13:11:00,6,1200.51,200.085,17,435,True,2010-11-19 11:55:00,48.0,True,True,5,4,3,12,Loyal Customers,Active repeat,Develop loyalty
17361,2010-02-01 14:30:00,2011-10-21 15:43:00,5,871.79,174.358,49,676,True,2010-02-01 14:33:00,0.0,True,True,4,4,3,11,Loyal Customers,Active repeat,Develop loyalty
17362,2010-01-06 10:53:00,2011-04-14 14:43:00,7,1024.04,146.29142857142855,239,703,True,2010-02-01 12:25:00,26.0,True,True,2,4,3,9,At Risk,Dormant,Low-cost reactivation
17363,2010-11-02 17:25:00,2010-11-09 17:11:00,3,920.46,306.82,395,402,True,2010-11-02 17:29:00,0.0,True,True,2,3,3,8,At Risk,Dormant,Low-cost reactivation
17364,2009-12-07 15:28:00,2011-12-09 09:00:00,28,11972.92,427.6042857142857,1,732,True,2009-12-14 15:31:00,7.0,True,True,5,5,5,15,Champions,Active repeat,Protect high-value active
17365,2010-02-01 11:56:00,2011-11-27 12:13:00,15,8184.49,545.6326666666666,13,677,True,2010-03-07 10:27:00,33.0,True,True,5,5,5,15,Champions,Active repeat,Protect high-value active
17366,2010-09-09 19:46:00,2010-10-03 16:04:00,2,1077.24,538.62,432,456,True,2010-10-03 16:04:00,23.0,True,True,1,3,3,7,At Risk,Dormant,Low-cost reactivation
17367,2011-04-15 14:21:00,2011-04-15 14:21:00,1,167.55,167.55,238,238,False,,,True,False,2,2,1,5,Hibernating,Dormant,Low-cost reactivation
17368,2009-12-15 17:45:00,2011-11-16 15:26:00,14,2758.29,197.0207142857143,23,724,True,2010-06-14 13:26:00,180.0,True,False,4,5,4,13,Champions,Active repeat,Protect high-value active
17369,2010-09-10 09:49:00,2010-09-10 09:49:00,1,979.1999999999999,979.1999999999999,456,456,False,,,True,False,1,2,3,6,Hibernating,Dormant,Low-cost reactivation
17370,2011-06-23 11:50:00,2011-09-28 10:14:00,4,446.18,111.545,73,170,True,2011-09-08 14:19:00,77.0,True,True,3,4,2,9,Loyal Customers,Active repeat,Develop loyalty
17371,2009-12-08 12:25:00,2011-11-22 13:30:00,6,655.37,109.22833333333334,17,732,True,2009-12-08 12:41:00,0.0,True,True,5,4,3,12,Loyal Customers,Active repeat,Develop loyalty
17372,2009-12-03 18:41:00,2011-10-30 11:37:00,28,4347.31,155.26107142857146,41,736,True,2009-12-18 13:03:00,14.0,True,True,4,5,5,14,Champions,Active repeat,Protect high-value active
17373,2010-02-28 14:17:00,2011-10-30 15:28:00,7,1167.5,166.78571428571428,40,649,True,2010-09-23 10:40:00,206.0,True,False,4,4,3,11,Loyal Customers,Active repeat,Develop loyalty
17374,2010-11-09 17:14:00,2011-05-05 09:05:00,3,727.11,242.37,219,395,True,2011-03-03 12:53:00,113.0,True,False,2,3,3,8,At Risk,Dormant,Low-cost reactivation
17375,2010-10-04 09:14:00,2011-05-24 15:45:00,4,660.55,165.1375,199,432,True,2010-12-13 15:16:00,70.0,True,True,2,4,3,9,At Risk,Dormant,Low-cost reactivation
17376,2010-07-05 11:11:00,2011-09-30 12:36:00,4,453.64,113.41,71,523,True,2010-10-31 10:42:00,117.0,True,False,3,4,2,9,Loyal Customers,Active repeat,Develop loyalty
17377,2009-12-02 12:39:00,2011-11-16 11:17:00,78,17644.27,226.20858974358976,24,738,True,2009-12-02 13:00:00,0.0,True,True,4,5,5,14,Champions,Active repeat,Protect high-value active
17378,2010-11-30 18:46:00,2010-11-30 18:46:00,1,10.95,10.95,374,374,False,,,True,False,2,2,1,5,Hibernating,Dormant,Low-cost reactivation
17379,2011-11-28 13:56:00,2011-11-28 13:56:00,1,389.71999999999997,389.71999999999997,11,11,False,,,False,False,5,2,2,9,Potential Loyalists,New,Drive second purchase
17380,2010-06-23 11:24:00,2010-10-01 16:42:00,3,645.0,215.0,434,535,True,2010-07-27 10:34:00,33.0,True,True,1,3,3,7,At Risk,Dormant,Low-cost reactivation
17381,2010-06-09 12:55:00,2011-12-01 11:59:00,38,36398.65,957.8592105263158,9,548,True,2010-07-07 10:31:00,27.0,True,True,5,5,5,15,Champions,Active repeat,Protect high-value active
17382,2010-05-19 11:33:00,2011-10-05 13:05:00,8,902.28,112.785,65,570,True,2010-05-19 11:34:00,0.0,True,True,3,5,3,11,Loyal Customers,Active repeat,Develop loyalty
17383,2010-09-12 14:54:00,2011-12-05 17:36:00,2,304.09000000000003,152.04500000000002,4,453,True,2011-12-05 17:36:00,449.0,True,False,5,3,2,10,Potential Loyalists,Active repeat,Develop loyalty
17384,2010-08-29 16:01:00,2011-11-20 15:48:00,3,507.55,169.18333333333334,19,467,True,2011-05-04 16:07:00,248.0,True,False,4,3,2,9,Potential Loyalists,Active repeat,Develop loyalty
17385,2011-11-25 11:02:00,2011-11-25 11:02:00,1,256.11,256.11,15,15,False,,,False,False,5,2,1,8,Potential Loyalists,New,Drive second purchase
17386,2010-11-19 13:40:00,2011-12-02 11:28:00,7,2812.7700000000004,401.8242857142858,8,385,True,2011-06-27 12:11:00,219.0,True,False,5,4,4,13,Champions,Active repeat,Protect high-value active
17387,2011-11-06 11:25:00,2011-11-20 11:00:00,2,746.81,373.405,20,34,True,2011-11-20 11:00:00,13.0,False,False,4,3,3,10,Potential Loyalists,Active repeat,Develop loyalty
17388,2009-12-10 11:45:00,2011-09-23 10:31:00,11,2675.37,243.21545454545455,78,730,True,2010-05-11 10:56:00,151.0,True,False,3,5,4,12,Loyal Customers,Active repeat,Protect high-value active
17389,2009-12-04 12:06:00,2011-12-09 09:38:00,61,57215.33,937.9562295081968,1,736,True,2010-03-23 13:21:00,109.0,True,False,5,5,5,15,Champions,Active repeat,Protect high-value active
17390,2010-10-15 11:29:00,2010-10-15 11:29:00,1,149.3,149.3,421,421,False,,,True,False,1,2,1,4,Hibernating,Dormant,Low-cost reactivation
17391,2011-06-28 12:21:00,2011-06-29 09:58:00,2,508.8,254.4,164,165,True,2011-06-29 09:58:00,0.0,True,True,3,3,2,8,Needs Attention,At risk,Test win-back
17392,2010-09-15 16:17:00,2011-02-06 12:48:00,3,585.92,195.30666666666664,307,450,True,2010-12-16 19:04:00,92.0,True,False,2,3,2,7,At Risk,Dormant,Low-cost reactivation
17393,2010-08-08 15:53:00,2010-10-25 11:10:00,2,381.15000000000003,190.57500000000002,411,488,True,2010-10-25 11:10:00,77.0,True,True,1,3,2,6,At Risk,Dormant,Low-cost reactivation
17394,2011-05-04 13:22:00,2011-05-04 13:22:00,1,203.86999999999998,203.86999999999998,219,219,False,,,True,False,2,2,1,5,Hibernating,Dormant,Low-cost reactivation
17395,2010-07-19 15:34:00,2010-07-19 15:34:00,1,97.5,97.5,508,508,False,,,True,False,1,2,1,4,Hibernating,Dormant,Low-cost reactivation
17396,2010-09-24 13:04:00,2011-10-31 14:12:00,14,8409.6,600.6857142857143,39,441,True,2010-10-18 10:20:00,23.0,True,True,4,5,5,14,Champions,Active repeat,Protect high-value active
17397,2010-10-19 13:20:00,2011-11-17 14:08:00,3,1198.28,399.4266666666667,22,416,True,2011-11-17 13:58:00,394.0,True,False,4,3,3,10,Potential Loyalists,Active repeat,Develop loyalty
17398,2011-03-29 13:04:00,2011-08-17 09:48:00,3,653.38,217.79333333333332,115,255,True,2011-05-13 12:41:00,44.0,True,True,3,3,3,9,Needs Attention,At risk,Test win-back
17400,2009-12-17 15:41:00,2011-08-05 15:38:00,8,4623.28,577.91,126,722,True,2010-02-19 17:40:00,64.0,True,True,3,5,5,13,Loyal Customers,At risk,Win back high-value
17401,2010-06-16 16:54:00,2010-06-16 16:54:00,1,114.85,114.85,541,541,False,,,True,False,1,2,1,4,Hibernating,Dormant,Low-cost reactivation
17402,2009-12-16 17:40:00,2011-12-05 10:15:00,23,4635.5599999999995,201.54608695652172,5,723,True,2009-12-16 17:45:00,0.0,True,True,5,5,5,15,Champions,Active repeat,Protect high-value active
17403,2010-09-15 12:29:00,2011-11-03 15:18:00,2,382.87,191.435,36,451,True,2011-11-03 15:18:00,414.0,True,False,4,3,2,9,Potential Loyalists,Active repeat,Develop loyalty
17404,2010-01-07 11:31:00,2011-12-05 16:26:00,23,47781.119999999995,2077.4399999999996,4,702,True,2010-01-20 08:27:00,12.0,True,True,5,5,5,15,Champions,Active repeat,Protect high-value active
17405,2011-07-12 14:17:00,2011-12-08 17:12:00,3,1031.41,343.80333333333334,1,150,True,2011-09-28 10:27:00,77.0,True,True,5,3,3,11,Potential Loyalists,Active repeat,Develop loyalty
17406,2009-12-06 13:45:00,2011-01-10 15:07:00,13,4186.95,322.0730769230769,333,733,True,2010-02-04 11:39:00,59.0,True,True,2,5,5,12,At Risk,Dormant,Low-cost reactivation
17407,2010-10-24 11:57:00,2010-10-24 11:57:00,1,552.9,552.9,412,412,False,,,True,False,1,2,2,5,Hibernating,Dormant,Low-cost reactivation
17408,2010-07-13 14:02:00,2011-06-29 12:53:00,3,316.09000000000003,105.36333333333334,163,514,True,2010-07-27 13:17:00,13.0,True,True,3,3,2,8,Needs Attention,At risk,Test win-back
17409,2009-12-11 12:17:00,2011-06-08 10:36:00,10,7793.51,779.351,185,729,True,2010-01-22 09:43:00,41.0,True,True,3,5,5,13,Loyal Customers,Dormant,Low-cost reactivation
17410,2011-05-08 15:21:00,2011-11-23 15:46:00,5,1214.72,242.94400000000002,16,215,True,2011-09-04 16:08:00,119.0,True,False,5,4,3,12,Loyal Customers,Active repeat,Develop loyalty
17411,2009-12-03 12:02:00,2011-11-27 14:25:00,5,1425.38,285.076,12,737,True,2010-11-18 11:55:00,349.0,True,False,5,4,4,13,Champions,Active repeat,Develop loyalty
17412,2009-12-02 13:51:00,2011-12-07 11:36:00,16,4220.22,263.76375,3,737,True,2009-12-11 10:08:00,8.0,True,True,5,5,5,15,Champions,Active repeat,Protect high-value active
17413,2010-05-19 11:11:00,2010-10-31 12:33:00,2,560.14,280.07,405,570,True,2010-10-31 12:33:00,165.0,True,False,2,3,2,7,At Risk,Dormant,Low-cost reactivation
17414,2009-12-03 16:49:00,2011-10-27 12:13:00,6,2249.52,374.92,44,736,True,2010-05-14 13:51:00,161.0,True,False,4,4,4,12,Champions,Active repeat,Protect high-value active
17415,2011-09-21 12:50:00,2011-09-21 12:50:00,1,507.84,507.84,80,80,False,,,False,False,3,2,2,7,Needs Attention,New,Drive second purchase
17416,2009-12-14 16:29:00,2011-11-10 12:47:00,22,17298.45,786.2931818181819,30,725,True,2010-04-06 09:56:00,112.0,True,False,4,5,5,14,Champions,Active repeat,Protect high-value active
17417,2010-06-09 10:00:00,2010-06-09 10:00:00,1,164.18,164.18,549,549,False,,,True,False,1,2,1,4,Hibernating,Dormant,Low-cost reactivation
17418,2010-11-17 13:42:00,2011-10-28 13:00:00,3,670.0600000000001,223.35333333333335,42,387,True,2011-01-20 11:39:00,63.0,True,True,4,3,3,10,Potential Loyalists,Active repeat,Develop loyalty
17419,2010-01-25 13:19:00,2011-11-28 13:47:00,18,6126.25,340.34722222222223,11,683,True,2010-03-29 11:42:00,62.0,True,True,5,5,5,15,Champions,Active repeat,Protect high-value active
17420,2010-11-03 13:09:00,2011-10-20 14:52:00,6,953.5799999999999,158.92999999999998,50,401,True,2010-11-03 13:09:00,0.0,True,True,4,4,3,11,Loyal Customers,Active repeat,Develop loyalty
17421,2009-12-04 15:43:00,2010-11-18 16:57:00,3,1059.41,353.1366666666667,386,735,True,2010-10-06 11:04:00,305.0,True,False,2,3,3,8,At Risk,Dormant,Low-cost reactivation
17422,2010-06-23 10:19:00,2011-11-23 13:27:00,11,3594.76,326.79636363636365,16,535,True,2010-08-02 12:30:00,40.0,True,True,5,5,5,15,Champions,Active repeat,Protect high-value active
17423,2010-11-11 12:26:00,2011-10-24 13:36:00,3,1118.95,372.98333333333335,46,394,True,2011-05-06 09:14:00,175.0,True,False,4,3,3,10,Potential Loyalists,Active repeat,Develop loyalty
17425,2011-10-10 11:37:00,2011-11-20 15:30:00,2,759.1700000000001,379.58500000000004,19,61,True,2011-11-20 15:30:00,41.0,False,False,4,3,3,10,Potential Loyalists,Active repeat,Develop loyalty
17426,2010-02-17 13:39:00,2011-12-01 18:07:00,13,8077.77,621.3669230769231,8,660,True,2010-04-08 10:17:00,49.0,True,True,5,5,5,15,Champions,Active repeat,Protect high-value active
17427,2011-09-29 11:29:00,2011-09-29 11:29:00,1,100.8,100.8,72,72,False,,,False,False,3,2,1,6,Needs Attention,New,Drive second purchase
17428,2009-12-01 17:28:00,2011-12-09 09:45:00,45,31466.760000000002,699.2613333333334,1,738,True,2009-12-01 17:28:00,0.0,True,True,5,5,5,15,Champions,Active repeat,Protect high-value active
17429,2010-10-06 12:30:00,2011-08-03 13:22:00,5,1357.46,271.492,128,430,True,2010-11-08 13:28:00,33.0,True,True,3,4,4,11,Loyal Customers,At risk,Test win-back
17430,2010-08-17 11:52:00,2011-11-07 09:24:00,4,622.5699999999999,155.64249999999998,33,480,True,2010-11-18 11:00:00,92.0,True,False,4,4,3,11,Loyal Customers,Active repeat,Develop loyalty
17431,2011-01-30 14:36:00,2011-01-30 14:36:00,1,403.3,403.3,313,313,False,,,True,False,2,2,2,6,Hibernating,Dormant,Low-cost reactivation
17432,2009-12-03 19:13:00,2011-11-21 17:33:00,9,1728.99,192.11,18,736,True,2010-03-22 16:44:00,108.0,True,False,5,5,4,14,Champions,Active repeat,Develop loyalty
17433,2010-11-19 13:37:00,2011-09-12 14:24:00,2,569.96,284.98,88,385,True,2011-09-12 14:24:00,297.0,True,False,3,3,2,8,Needs Attention,Active repeat,Develop loyalty
17434,2011-09-15 13:54:00,2011-12-07 13:16:00,7,2373.82,339.1171428571429,2,85,True,2011-10-20 10:06:00,34.0,False,False,5,4,4,13,Champions,Active repeat,Protect high-value active
17435,2010-10-24 13:55:00,2010-10-24 13:55:00,1,331.35,331.35,411,411,False,,,True,False,1,2,2,5,Hibernating,Dormant,Low-cost reactivation
17436,2009-12-07 12:31:00,2011-12-08 12:30:00,5,534.06,106.81199999999998,2,733,True,2010-04-25 11:53:00,138.0,True,False,5,4,2,11,Loyal Customers,Active repeat,Develop loyalty
17437,2010-06-28 11:11:00,2010-06-28 11:11:00,1,369.68,369.68,530,530,False,,,True,False,1,2,2,5,Hibernating,Dormant,Low-cost reactivation
17438,2010-03-08 16:53:00,2011-03-31 10:26:00,5,1422.77,284.554,254,641,True,2010-06-04 08:50:00,87.0,True,True,2,4,4,10,At Risk,Dormant,Low-cost reactivation
17439,2010-02-22 12:48:00,2010-02-22 12:48:00,1,325.74,325.74,656,656,False,,,True,False,1,2,2,5,Hibernating,Dormant,Low-cost reactivation
17440,2010-06-08 14:40:00,2011-07-06 11:54:00,4,323.58,80.895,157,549,True,2011-04-06 12:05:00,301.0,True,False,3,4,2,9,Loyal Customers,At risk,Test win-back
17441,2009-12-07 13:32:00,2009-12-07 13:32:00,1,293.35,293.35,732,732,False,,,True,False,1,2,2,5,Hibernating,Dormant,Low-cost reactivation
17442,2010-02-15 15:54:00,2011-11-03 09:17:00,15,4620.3,308.02000000000004,37,662,True,2010-05-17 13:44:00,90.0,True,True,4,5,5,14,Champions,Active repeat,Protect high-value active
17443,2011-05-04 10:47:00,2011-05-04 10:47:00,1,534.24,534.24,220,220,False,,,True,False,2,2,2,6,Hibernating,Dormant,Low-cost reactivation
17444,2011-06-20 09:04:00,2011-07-15 12:05:00,3,2940.04,980.0133333333333,148,173,True,2011-07-11 10:33:00,21.0,True,True,3,3,5,11,Needs Attention,At risk,Win back high-value
17446,2011-02-02 14:40:00,2011-06-16 10:42:00,2,120.9,60.45,177,310,True,2011-06-16 10:42:00,133.0,True,False,3,3,1,7,Needs Attention,At risk,Test win-back
17447,2011-09-29 10:10:00,2011-10-30 14:18:00,2,541.53,270.765,40,72,True,2011-10-30 14:18:00,31.0,False,False,4,3,2,9,Potential Loyalists,Active repeat,Develop loyalty
17448,2010-03-04 17:29:00,2010-07-30 14:07:00,46,14523.67,315.7319565217391,497,645,True,2010-03-07 11:31:00,2.0,True,True,1,5,5,11,At Risk,Dormant,Low-cost reactivation
17449,2009-12-09 14:16:00,2011-12-07 16:56:00,13,4868.15,374.4730769230769,2,730,True,2010-03-07 16:12:00,88.0,True,True,5,5,5,15,Champions,Active repeat,Protect high-value active
17450,2010-09-27 16:59:00,2011-12-01 13:29:00,51,244784.25,4799.691176470588,8,438,True,2010-09-27 17:02:00,0.0,True,True,5,5,5,15,Champions,Active repeat,Protect high-value active
17451,2011-08-26 11:54:00,2011-12-08 15:02:00,7,1721.4,245.91428571428574,1,106,True,2011-09-19 09:30:00,23.0,True,True,5,4,4,13,Champions,Active repeat,Develop loyalty
17453,2011-10-06 17:02:00,2011-11-22 09:42:00,2,486.7199999999999,243.35999999999996,18,64,True,2011-11-22 09:42:00,46.0,False,False,5,3,2,10,Potential Loyalists,Active repeat,Develop loyalty
17454,2010-01-15 15:40:00,2011-05-31 13:58:00,10,1547.94,154.794,192,693,True,2010-03-08 10:05:00,51.0,True,True,2,5,4,11,At Risk,Dormant,Low-cost reactivation
17455,2011-05-20 12:31:00,2011-05-20 12:31:00,1,131.7,131.7,204,204,False,,,True,False,2,2,1,5,Hibernating,Dormant,Low-cost reactivation
17456,2010-09-09 15:28:00,2010-12-09 15:23:00,2,975.5600000000001,487.78000000000003,365,456,True,2010-12-09 15:23:00,90.0,True,True,2,3,3,8,At Risk,Dormant,Low-cost reactivation
17457,2009-12-07 14:52:00,2011-08-05 12:48:00,14,5984.8099999999995,427.4864285714285,127,732,True,2010-01-08 10:34:00,31.0,True,True,3,5,5,13,Loyal Customers,At risk,Win back high-value
17458,2010-11-23 11:43:00,2011-11-24 13:01:00,2,529.58,264.79,15,382,True,2011-11-24 13:01:00,366.0,True,False,5,3,2,10,Potential Loyalists,Active repeat,Develop loyalty
17459,2011-10-10 17:00:00,2011-10-27 13:25:00,2,657.3,328.65,43,60,True,2011-10-27 13:25:00,16.0,False,False,4,3,3,10,Potential Loyalists,Active repeat,Develop loyalty
17460,2010-01-22 13:25:00,2011-09-06 15:04:00,16,2157.9700000000003,134.87312500000002,94,686,True,2010-02-25 08:56:00,33.0,True,True,3,5,4,12,Loyal Customers,At risk,Test win-back
17461,2011-11-10 12:01:00,2011-11-17 10:21:00,3,735.82,245.27333333333334,23,30,True,2011-11-17 10:01:00,6.0,False,False,4,3,3,10,Potential Loyalists,Active repeat,Develop loyalty
17462,2011-02-28 17:01:00,2011-10-10 13:56:00,2,675.6899999999999,337.84499999999997,60,284,True,2011-10-10 13:56:00,223.0,True,False,3,3,3,9,Needs Attention,Active repeat,Develop loyalty
17463,2010-04-29 17:57:00,2011-11-23 13:40:00,7,2535.26,362.18,16,589,True,2010-05-28 10:04:00,28.0,True,True,5,4,4,13,Champions,Active repeat,Protect high-value active
17464,2010-03-30 13:15:00,2011-07-04 13:19:00,3,907.1400000000001,302.38000000000005,158,619,True,2010-07-05 13:24:00,97.0,True,False,3,3,3,9,Needs Attention,At risk,Test win-back
17465,2009-12-03 13:25:00,2010-10-10 11:56:00,7,2542.79,363.2557142857143,426,736,True,2009-12-03 13:26:00,0.0,True,True,1,4,4,9,At Risk,Dormant,Low-cost reactivation
17466,2011-09-22 09:16:00,2011-11-29 13:15:00,2,763.28,381.64,10,79,True,2011-11-29 13:15:00,68.0,False,False,5,3,3,11,Potential Loyalists,Active repeat,Develop loyalty
17467,2010-11-09 12:58:00,2010-11-09 12:58:00,1,102.6,102.6,395,395,False,,,True,False,2,2,1,5,Hibernating,Dormant,Low-cost reactivation
17468,2010-11-29 17:25:00,2011-11-29 15:33:00,3,194.8,64.93333333333334,10,375,True,2011-11-25 12:52:00,360.0,True,False,5,3,1,9,Potential Loyalists,Active repeat,Develop loyalty
17469,2009-12-16 15:06:00,2011-11-23 13:15:00,17,5051.25,297.13235294117646,16,723,True,2010-01-14 10:56:00,28.0,True,True,5,5,5,15,Champions,Active repeat,Protect high-value active
17470,2010-07-19 16:16:00,2011-10-26 12:42:00,11,2626.47,238.76999999999998,45,508,True,2010-07-28 09:24:00,8.0,True,True,4,5,4,13,Champions,Active repeat,Protect high-value active
17471,2010-08-22 11:53:00,2010-08-22 11:53:00,1,321.65000000000003,321.65000000000003,475,475,False,,,True,False,1,2,2,5,Hibernating,Dormant,Low-cost reactivation
17472,2010-03-21 13:27:00,2011-06-01 14:57:00,4,922.35,230.5875,191,628,True,2011-02-13 14:40:00,329.0,True,False,2,4,3,9,At Risk,Dormant,Low-cost reactivation
17473,2010-09-09 19:03:00,2010-10-27 11:45:00,2,607.0,303.5,409,456,True,2010-10-27 11:45:00,47.0,True,True,2,3,2,7,At Risk,Dormant,Low-cost reactivation
17474,2010-04-19 10:43:00,2010-04-19 10:43:00,1,1047.0,1047.0,600,600,False,,,True,False,1,2,3,6,Hibernating,Dormant,Low-cost reactivation
17475,2011-09-21 14:55:00,2011-09-21 14:55:00,1,194.37,194.37,79,79,False,,,False,False,3,2,1,6,Needs Attention,New,Drive second purchase
17476,2009-12-02 12:09:00,2010-11-09 10:21:00,2,489.86,244.93,396,738,True,2010-11-09 10:21:00,341.0,True,False,2,3,2,7,At Risk,Dormant,Low-cost reactivation
17477,2010-03-02 11:53:00,2010-04-06 10:06:00,2,1144.3,572.15,613,648,True,2010-04-06 10:06:00,34.0,True,True,1,3,3,7,At Risk,Dormant,Low-cost reactivation
17478,2010-03-16 14:19:00,2010-10-27 15:01:00,2,1272.8000000000002,636.4000000000001,408,633,True,2010-10-27 15:01:00,225.0,True,False,2,3,4,9,At Risk,Dormant,Low-cost reactivation
17479,2010-03-17 09:26:00,2010-03-17 09:26:00,1,389.26000000000005,389.26000000000005,633,633,False,,,True,False,1,2,2,5,Hibernating,Dormant,Low-cost reactivation
17480,2010-09-21 12:31:00,2011-09-23 11:39:00,2,882.23,441.115,78,445,True,2011-09-23 11:39:00,366.0,True,False,3,3,3,9,Needs Attention,Active repeat,Develop loyalty
17481,2011-09-07 09:57:00,2011-12-06 12:28:00,4,1255.59,313.8975,4,94,True,2011-11-03 16:37:00,57.0,True,True,5,4,4,13,Champions,Active repeat,Develop loyalty
17482,2010-05-10 14:10:00,2010-08-09 15:33:00,2,775.6400000000001,387.82000000000005,487,578,True,2010-08-09 15:33:00,91.0,True,False,1,3,3,7,At Risk,Dormant,Low-cost reactivation
17483,2010-10-21 12:43:00,2011-10-05 13:10:00,4,591.73,147.9325,65,415,True,2011-06-09 19:40:00,231.0,True,False,3,4,2,9,Loyal Customers,Active repeat,Develop loyalty
17484,2010-03-25 16:17:00,2010-05-12 15:41:00,2,209.57,104.785,576,624,True,2010-05-12 15:41:00,47.0,True,True,1,3,1,5,At Risk,Dormant,Low-cost reactivation
17486,2011-03-23 14:00:00,2011-03-23 14:00:00,1,396.87,396.87,261,261,False,,,True,False,2,2,2,6,Hibernating,Dormant,Low-cost reactivation
17487,2009-12-11 15:06:00,2009-12-11 15:06:00,1,160.55,160.55,728,728,False,,,True,False,1,2,1,4,Hibernating,Dormant,Low-cost reactivation
17488,2010-03-08 14:07:00,2010-03-08 14:07:00,1,336.5,336.5,641,641,False,,,True,False,1,2,2,5,Hibernating,Dormant,Low-cost reactivation
17489,2011-05-11 11:34:00,2011-10-12 08:56:00,2,376.64,188.32,59,213,True,2011-10-12 08:56:00,153.0,True,False,3,3,2,8,Needs Attention,Active repeat,Develop loyalty
17490,2010-05-19 12:40:00,2011-12-09 09:08:00,9,2750.5,305.6111111111111,1,570,True,2010-11-16 18:47:00,181.0,True,False,5,5,4,14,Champions,Active repeat,Protect high-value active
17491,2010-04-28 11:57:00,2011-12-08 16:18:00,17,5653.67,332.56882352941176,1,591,True,2010-06-10 12:14:00,43.0,True,True,5,5,5,15,Champions,Active repeat,Protect high-value active
17492,2010-07-09 13:27:00,2011-04-05 15:21:00,3,1122.42,374.14000000000004,248,518,True,2010-08-18 15:10:00,40.0,True,True,2,3,3,8,At Risk,Dormant,Low-cost reactivation
17493,2010-11-19 16:57:00,2010-11-19 16:57:00,1,100.91000000000001,100.91000000000001,385,385,False,,,True,False,2,2,1,5,Hibernating,Dormant,Low-cost reactivation
17494,2010-07-26 10:06:00,2010-07-26 10:06:00,1,54.699999999999996,54.699999999999996,502,502,False,,,True,False,1,2,1,4,Hibernating,Dormant,Low-cost reactivation
17495,2010-11-14 11:50:00,2011-12-02 12:08:00,3,806.72,268.9066666666667,8,391,True,2011-11-01 12:06:00,352.0,True,False,5,3,3,11,Potential Loyalists,Active repeat,Develop loyalty
17496,2010-01-14 13:36:00,2010-12-16 08:39:00,4,1412.89,353.2225,359,694,True,2010-03-22 15:59:00,67.0,True,True,2,4,4,10,At Risk,Dormant,Low-cost reactivation
17497,2010-04-08 08:01:00,2010-11-14 14:17:00,2,287.25,143.625,390,611,True,2010-11-14 14:17:00,220.0,True,False,2,3,2,7,At Risk,Dormant,Low-cost reactivation
17498,2011-09-25 12:25:00,2011-09-25 12:25:00,1,272.22,272.22,76,76,False,,,False,False,3,2,1,6,Needs Attention,New,Drive second purchase
17499,2010-05-27 09:59:00,2011-02-23 09:14:00,2,1341.3899999999999,670.6949999999999,290,562,True,2011-02-23 09:14:00,271.0,True,False,2,3,4,9,At Risk,Dormant,Low-cost reactivation
17500,2011-11-10 09:08:00,2011-11-22 14:25:00,3,1138.0,379.3333333333333,17,30,True,2011-11-16 13:36:00,6.0,False,False,5,3,3,11,Potential Loyalists,Active repeat,Develop loyalty
17501,2011-05-03 09:46:00,2011-05-03 09:47:00,2,288.6,144.3,221,221,True,2011-05-03 09:47:00,0.0,True,True,2,3,2,7,At Risk,Dormant,Low-cost reactivation
17502,2011-11-10 16:39:00,2011-11-30 13:13:00,4,689.1,172.275,9,29,True,2011-11-21 13:14:00,10.0,False,False,5,4,3,12,Loyal Customers,Active repeat,Develop loyalty
17503,2011-11-01 11:12:00,2011-12-07 09:18:00,2,558.96,279.48,3,39,True,2011-12-07 09:18:00,35.0,False,False,5,3,2,10,Potential Loyalists,Active repeat,Develop loyalty
17504,2010-02-08 09:22:00,2011-05-17 12:59:00,18,9490.17,527.2316666666667,206,670,True,2010-03-28 15:33:00,48.0,True,True,2,5,5,12,At Risk,Dormant,Low-cost reactivation
17505,2010-04-13 16:33:00,2011-07-01 12:50:00,5,2435.48,487.096,162,605,True,2010-06-07 12:09:00,54.0,True,True,3,4,4,11,Loyal Customers,At risk,Win back high-value
17506,2011-09-25 11:39:00,2011-09-25 11:39:00,1,302.2,302.2,76,76,False,,,False,False,3,2,2,7,Needs Attention,New,Drive second purchase
17507,2011-02-03 18:08:00,2011-03-23 11:48:00,2,605.5799999999999,302.78999999999996,262,309,True,2011-03-23 11:48:00,47.0,True,True,2,3,2,7,At Risk,Dormant,Low-cost reactivation
17508,2009-12-07 11:46:00,2011-03-04 08:10:00,8,4579.23,572.40375,281,733,True,2010-01-14 14:53:00,38.0,True,True,2,5,5,12,At Risk,Dormant,Low-cost reactivation
17509,2011-10-07 13:14:00,2011-10-13 10:26:00,8,6083.64,760.455,58,63,True,2011-10-07 14:17:00,0.0,False,False,4,5,5,14,Champions,Active repeat,Protect high-value active
17510,2010-10-15 10:20:00,2011-11-15 10:00:00,2,514.56,257.28,25,421,True,2011-11-15 10:00:00,395.0,True,False,4,3,2,9,Potential Loyalists,Active repeat,Develop loyalty
17511,2009-12-02 10:52:00,2011-12-07 10:12:00,60,172132.87,2868.8811666666666,3,738,True,2009-12-14 12:58:00,12.0,True,True,5,5,5,15,Champions,Active repeat,Protect high-value active
17512,2009-12-10 19:35:00,2011-11-11 12:11:00,18,5467.82,303.7677777777778,29,729,True,2010-03-18 14:40:00,97.0,True,False,4,5,5,14,Champions,Active repeat,Protect high-value active
17513,2010-08-17 15:08:00,2011-09-28 16:42:00,3,1158.8000000000002,386.2666666666667,72,479,True,2010-10-27 11:13:00,70.0,True,True,3,3,3,9,Needs Attention,Active repeat,Develop loyalty
17514,2010-02-08 14:00:00,2011-08-03 15:45:00,2,522.0,261.0,128,669,True,2011-08-03 15:45:00,541.0,True,False,3,3,2,8,Needs Attention,At risk,Test win-back
17515,2010-06-07 13:29:00,2011-11-08 14:04:00,9,1602.51,178.05666666666667,31,550,True,2010-07-19 15:49:00,42.0,True,True,4,5,4,13,Champions,Active repeat,Develop loyalty
17516,2010-11-26 12:50:00,2011-11-24 16:51:00,6,947.5,157.91666666666666,15,379,True,2011-02-27 12:41:00,92.0,True,False,5,4,3,12,Loyal Customers,Active repeat,Develop loyalty
17517,2011-02-04 11:48:00,2011-02-04 11:48:00,1,153.94,153.94,309,309,False,,,True,False,2,2,1,5,Hibernating,Dormant,Low-cost reactivation
17518,2010-03-28 13:31:00,2010-10-10 12:40:00,2,329.42,164.71,426,621,True,2010-10-10 12:40:00,195.0,True,False,1,3,2,6,At Risk,Dormant,Low-cost reactivation
17519,2009-12-01 09:57:00,2011-11-22 16:43:00,15,4774.17,318.278,17,739,True,2010-01-22 12:37:00,52.0,True,True,5,5,5,15,Champions,Active repeat,Protect high-value active
17520,2011-10-17 12:04:00,2011-10-17 12:04:00,1,546.81,546.81,54,54,False,,,False,False,4,2,2,8,Potential Loyalists,New,Drive second purchase
17521,2010-10-01 11:49:00,2011-11-10 11:22:00,5,1278.06,255.612,30,435,True,2010-11-10 16:25:00,40.0,True,True,4,4,4,12,Champions,Active repeat,Develop loyalty
17522,2011-05-05 16:31:00,2011-12-08 12:31:00,5,1070.71,214.142,2,218,True,2011-05-17 10:36:00,11.0,True,True,5,4,3,12,Loyal Customers,Active repeat,Develop loyalty
17523,2011-11-20 13:40:00,2011-11-28 13:20:00,4,652.74,163.185,11,19,True,2011-11-20 13:47:00,0.0,False,False,5,4,3,12,Loyal Customers,Active repeat,Develop loyalty
17524,2010-09-27 16:20:00,2010-12-13 14:32:00,3,539.14,179.71333333333334,361,438,True,2010-09-27 16:29:00,0.0,True,True,2,3,2,7,At Risk,Dormant,Low-cost reactivation
17525,2010-10-07 09:12:00,2010-12-15 12:05:00,3,1161.9,387.3,360,429,True,2010-11-07 11:54:00,31.0,True,True,2,3,3,8,At Risk,Dormant,Low-cost reactivation
17526,2009-12-17 16:18:00,2011-12-05 11:05:00,12,3939.24,328.27,5,722,True,2010-01-21 09:40:00,34.0,True,True,5,5,5,15,Champions,Active repeat,Protect high-value active
17527,2011-05-05 13:43:00,2011-10-17 12:32:00,4,939.37,234.8425,54,218,True,2011-08-22 10:15:00,108.0,True,False,4,4,3,11,Loyal Customers,Active repeat,Develop loyalty
17528,2011-09-29 13:04:00,2011-12-08 13:27:00,8,3628.5,453.5625,1,71,True,2011-09-29 13:45:00,0.0,False,False,5,5,5,15,Champions,Active repeat,Protect high-value active
17529,2010-01-11 12:29:00,2010-04-08 17:51:00,2,1240.25,620.125,610,698,True,2010-04-08 17:51:00,87.0,True,True,1,3,4,8,At Risk,Dormant,Low-cost reactivation
17530,2009-12-06 16:17:00,2011-12-08 18:42:00,12,2791.69,232.64083333333335,1,733,True,2010-05-06 20:01:00,151.0,True,False,5,5,4,14,Champions,Active repeat,Protect high-value active
17531,2010-03-31 12:57:00,2011-06-02 19:17:00,3,1266.82,422.2733333333333,190,618,True,2010-06-30 12:17:00,90.0,True,True,2,3,4,9,At Risk,Dormant,Low-cost reactivation
17532,2010-11-19 08:13:00,2010-11-19 08:13:00,1,65.34,65.34,386,386,False,,,True,False,2,2,1,5,Hibernating,Dormant,Low-cost reactivation
17533,2010-10-01 09:14:00,2010-10-01 09:14:00,1,34.8,34.8,435,435,False,,,True,False,1,2,1,4,Hibernating,Dormant,Low-cost reactivation
17534,2010-02-25 16:55:00,2011-10-17 12:47:00,5,1668.83,333.76599999999996,54,652,True,2010-05-21 09:47:00,84.0,True,True,4,4,4,12,Champions,Active repeat,Develop loyalty
17535,2011-03-04 15:20:00,2011-03-04 15:20:00,1,164.4,164.4,280,280,False,,,True,False,2,2,1,5,Hibernating,Dormant,Low-cost reactivation
17536,2010-01-26 12:00:00,2011-06-15 13:23:00,3,364.83000000000004,121.61000000000001,177,683,True,2010-10-15 12:09:00,262.0,True,False,3,3,2,8,Needs Attention,At risk,Test win-back
17537,2011-02-09 13:37:00,2011-11-10 10:56:00,2,887.6700000000001,443.83500000000004,30,303,True,2011-11-10 10:56:00,273.0,True,False,4,3,3,10,Potential Loyalists,Active repeat,Develop loyalty
17538,2011-11-14 12:12:00,2011-11-14 12:12:00,1,98.42,98.42,26,26,False,,,False,False,4,2,1,7,Potential Loyalists,New,Drive second purchase
17539,2009-12-13 12:36:00,2010-04-01 12:07:00,4,1176.84,294.21,618,727,True,2010-01-10 11:08:00,27.0,True,True,1,4,3,8,At Risk,Dormant,Low-cost reactivation
17540,2010-04-19 09:47:00,2011-11-15 11:56:00,6,1590.6000000000001,265.1,25,600,True,2010-05-11 11:08:00,22.0,True,True,4,4,4,12,Champions,Active repeat,Develop loyalty
17541,2010-07-18 11:36:00,2010-07-18 11:36:00,1,119.86,119.86,510,510,False,,,True,False,1,2,1,4,Hibernating,Dormant,Low-cost reactivation
17542,2010-03-08 12:08:00,2011-03-15 11:45:00,3,340.85,113.61666666666667,270,642,True,2010-03-08 12:17:00,0.0,True,True,2,3,2,7,At Risk,Dormant,Low-cost reactivation
17543,2010-06-08 12:41:00,2010-06-08 12:41:00,1,120.05,120.05,550,550,False,,,True,False,1,2,1,4,Hibernating,Dormant,Low-cost reactivation
17544,2010-11-14 14:47:00,2010-11-14 15:08:00,3,944.8199999999999,314.94,390,390,True,2010-11-14 14:57:00,0.0,True,True,2,3,3,8,At Risk,Dormant,Low-cost reactivation
17545,2010-05-11 10:04:00,2011-10-27 14:04:00,6,1409.8600000000001,234.9766666666667,43,578,True,2010-11-14 15:23:00,187.0,True,False,4,4,4,12,Champions,Active repeat,Develop loyalty
17547,2010-02-12 14:34:00,2010-11-29 09:41:00,2,727.85,363.925,376,665,True,2010-11-29 09:41:00,289.0,True,False,2,3,3,8,At Risk,Dormant,Low-cost reactivation
17548,2010-11-08 16:19:00,2011-04-20 12:01:00,4,731.26,182.815,234,396,True,2010-11-21 10:42:00,12.0,True,True,2,4,3,9,At Risk,Dormant,Low-cost reactivation
17549,2011-10-19 10:05:00,2011-11-16 09:59:00,2,148.85999999999999,74.42999999999999,24,52,True,2011-11-16 09:59:00,27.0,False,False,4,3,1,8,Potential Loyalists,Active repeat,Develop loyalty
17550,2010-02-07 15:07:00,2011-05-26 14:09:00,9,2506.64,278.5155555555555,197,670,True,2010-04-25 13:28:00,76.0,True,True,2,5,4,11,At Risk,Dormant,Low-cost reactivation
17551,2010-12-15 14:12:00,2010-12-15 14:12:00,1,290.34,290.34,359,359,False,,,True,False,2,2,2,6,Hibernating,Dormant,Low-cost reactivation
17552,2010-03-22 09:19:00,2011-10-10 17:00:00,12,2786.77,232.23083333333332,60,628,True,2010-05-10 14:07:00,49.0,True,True,3,5,4,12,Loyal Customers,Active repeat,Protect high-value active
17553,2010-04-08 09:44:00,2011-08-02 10:00:00,4,3757.6,939.4,130,611,True,2010-08-03 09:44:00,117.0,True,False,3,4,5,12,Loyal Customers,At risk,Win back high-value
17554,2011-07-14 20:01:00,2011-12-08 14:15:00,5,1952.45,390.49,1,148,True,2011-08-09 10:16:00,25.0,True,True,5,4,4,13,Champions,Active repeat,Develop loyalty
17555,2010-05-02 16:02:00,2011-11-20 12:22:00,5,1045.74,209.148,20,586,True,2010-10-01 14:07:00,151.0,True,False,4,4,3,11,Loyal Customers,Active repeat,Develop loyalty
17556,2010-11-25 17:00:00,2011-05-18 10:48:00,2,300.67,150.335,206,379,True,2011-05-18 10:48:00,173.0,True,False,2,3,2,7,At Risk,Dormant,Low-cost reactivation
17557,2009-12-07 10:15:00,2011-11-25 12:57:00,4,575.46,143.865,14,733,True,2011-09-19 14:23:00,651.0,True,False,5,4,2,11,Loyal Customers,Active repeat,Develop loyalty
17558,2010-11-11 14:36:00,2010-11-11 14:36:00,1,259.17,259.17,393,393,False,,,True,False,2,2,1,5,Hibernating,Dormant,Low-cost reactivation
17559,2010-07-15 12:02:00,2010-07-15 12:02:00,1,167.62,167.62,513,513,False,,,True,False,1,2,1,4,Hibernating,Dormant,Low-cost reactivation
17560,2010-02-17 12:11:00,2011-09-06 09:18:00,8,1895.8,236.975,95,661,True,2010-05-19 09:49:00,90.0,True,True,3,5,4,12,Loyal Customers,At risk,Test win-back
17561,2009-12-06 13:29:00,2011-11-20 12:53:00,4,703.02,175.755,19,733,True,2010-06-27 13:25:00,202.0,True,False,4,4,3,11,Loyal Customers,Active repeat,Develop loyalty
17562,2011-06-19 13:06:00,2011-11-25 14:21:00,7,1122.38,160.34,14,173,True,2011-07-06 10:59:00,16.0,True,True,5,4,3,12,Loyal Customers,Active repeat,Develop loyalty
17563,2010-04-07 10:02:00,2010-05-10 14:54:00,2,392.38,196.19,578,612,True,2010-05-10 14:54:00,33.0,True,True,1,3,2,6,At Risk,Dormant,Low-cost reactivation
17564,2011-09-20 14:00:00,2011-11-15 13:27:00,3,454.01,151.33666666666667,24,80,True,2011-10-26 13:20:00,35.0,False,False,4,3,2,9,Potential Loyalists,Active repeat,Develop loyalty
17565,2010-05-02 11:54:00,2010-05-02 11:54:00,1,131.83,131.83,587,587,False,,,True,False,1,2,1,4,Hibernating,Dormant,Low-cost reactivation
17566,2011-11-14 13:42:00,2011-12-01 19:54:00,2,869.77,434.885,8,25,True,2011-12-01 19:54:00,17.0,False,False,5,3,3,11,Potential Loyalists,Active repeat,Develop loyalty
17567,2010-09-24 10:48:00,2011-12-02 15:48:00,9,4838.08,537.5644444444445,7,442,True,2010-12-02 15:18:00,69.0,True,True,5,5,5,15,Champions,Active repeat,Protect high-value active
17568,2010-03-16 16:45:00,2010-03-16 16:45:00,1,374.45,374.45,633,633,False,,,True,False,1,2,2,5,Hibernating,Dormant,Low-cost reactivation
17569,2011-01-11 14:15:00,2011-01-11 14:15:00,1,344.14,344.14,332,332,False,,,True,False,2,2,2,6,Hibernating,Dormant,Low-cost reactivation
17570,2010-11-23 11:56:00,2010-11-23 11:56:00,1,100.0,100.0,382,382,False,,,True,False,2,2,1,5,Hibernating,Dormant,Low-cost reactivation
17571,2010-06-15 12:50:00,2011-10-20 15:57:00,5,1630.9099999999999,326.18199999999996,50,543,True,2011-02-14 15:15:00,244.0,True,False,4,4,4,12,Champions,Active repeat,Develop loyalty
17572,2009-12-15 10:00:00,2011-09-29 17:53:00,10,652.21,65.221,71,725,True,2010-04-26 10:27:00,132.0,True,False,3,5,3,11,Loyal Customers,Active repeat,Develop loyalty
17573,2011-09-07 10:36:00,2011-11-10 13:01:00,3,380.6,126.86666666666667,29,94,True,2011-09-15 17:09:00,8.0,True,True,4,3,2,9,Potential Loyalists,Active repeat,Develop loyalty
17574,2011-04-11 09:47:00,2011-04-11 09:47:00,1,185.65,185.65,243,243,False,,,True,False,2,2,1,5,Hibernating,Dormant,Low-cost reactivation
17575,2010-02-10 13:48:00,2010-02-10 13:48:00,1,171.7,171.7,667,667,False,,,True,False,1,2,1,4,Hibernating,Dormant,Low-cost reactivation
17576,2009-12-03 16:54:00,2011-12-01 17:56:00,41,8711.95,212.48658536585367,8,736,True,2009-12-17 16:58:00,14.0,True,True,5,5,5,15,Champions,Active repeat,Protect high-value active
17577,2010-02-09 10:10:00,2010-03-04 13:01:00,2,348.75,174.375,645,669,True,2010-03-04 13:01:00,23.0,True,True,1,3,2,6,At Risk,Dormant,Low-cost reactivation
17578,2010-06-28 11:55:00,2011-05-05 18:38:00,7,1047.33,149.6185714285714,218,530,True,2010-06-30 11:49:00,1.0,True,True,2,4,3,9,At Risk,Dormant,Low-cost reactivation
17579,2010-05-10 14:28:00,2011-12-05 12:28:00,4,753.28,188.32,5,578,True,2011-06-13 14:12:00,398.0,True,False,5,4,3,12,Loyal Customers,Active repeat,Develop loyalty
17580,2010-10-13 14:28:00,2011-04-01 12:41:00,5,541.02,108.204,253,422,True,2010-11-28 11:08:00,45.0,True,True,2,4,2,8,At Risk,Dormant,Low-cost reactivation
17581,2009-12-03 12:34:00,2011-12-09 12:21:00,43,17951.170000000002,417.4690697674419,1,737,True,2009-12-03 12:36:00,0.0,True,True,5,5,5,15,Champions,Active repeat,Protect high-value active
17582,2010-03-26 12:23:00,2011-04-17 13:18:00,5,1446.95,289.39,236,624,True,2010-05-16 12:54:00,51.0,True,True,2,4,4,10,At Risk,Dormant,Low-cost reactivation
17583,2010-05-28 14:24:00,2010-05-28 14:24:00,1,135.95,135.95,560,560,False,,,True,False,1,2,1,4,Hibernating,Dormant,Low-cost reactivation
17584,2010-01-25 08:17:00,2011-12-02 17:12:00,6,5309.42,884.9033333333333,7,684,True,2010-04-19 14:09:00,84.0,True,True,5,4,5,14,Champions,Active repeat,Protect high-value active
17585,2010-08-18 16:39:00,2011-08-22 13:30:00,7,2064.71,294.9585714285714,109,478,True,2010-09-06 13:26:00,18.0,True,True,3,4,4,11,Loyal Customers,At risk,Test win-back
17586,2010-03-30 13:12:00,2010-03-30 13:12:00,1,167.4,167.4,619,619,False,,,True,False,1,2,1,4,Hibernating,Dormant,Low-cost reactivation
17587,2010-03-21 14:16:00,2010-03-21 14:16:00,1,176.71,176.71,628,628,False,,,True,False,1,2,1,4,Hibernating,Dormant,Low-cost reactivation
17588,2010-03-12 12:34:00,2011-08-31 13:37:00,7,2939.55,419.9357142857143,100,638,True,2010-06-07 15:57:00,87.0,True,True,3,4,5,12,Loyal Customers,At risk,Win back high-value
17589,2010-03-07 13:48:00,2011-10-10 16:58:00,18,13837.939999999999,768.7744444444444,60,642,True,2010-03-28 14:47:00,21.0,True,True,3,5,5,13,Loyal Customers,Active repeat,Protect high-value active
17590,2011-10-30 14:05:00,2011-12-07 12:55:00,3,1468.02,489.34,2,40,True,2011-11-22 16:06:00,23.0,False,False,5,3,4,12,Potential Loyalists,Active repeat,Develop loyalty
17591,2010-01-17 16:09:00,2011-09-27 13:42:00,8,2339.32,292.415,73,691,True,2010-12-07 15:39:00,323.0,True,False,3,5,4,12,Loyal Customers,Active repeat,Protect high-value active
17592,2009-12-01 10:49:00,2009-12-01 10:49:00,1,148.3,148.3,739,739,False,,,True,False,1,2,1,4,Hibernating,Dormant,Low-cost reactivation
17593,2009-12-04 14:35:00,2011-12-06 10:30:00,11,8092.32,735.6654545454545,4,735,True,2009-12-05 12:01:00,0.0,True,True,5,5,5,15,Champions,Active repeat,Protect high-value active
17594,2010-04-14 08:53:00,2011-09-15 16:34:00,4,2497.88,624.47,85,605,True,2010-09-16 19:17:00,155.0,True,False,3,4,4,11,Loyal Customers,Active repeat,Protect high-value active
17595,2011-11-02 16:19:00,2011-11-27 16:08:00,2,386.69,193.345,12,37,True,2011-11-27 16:08:00,24.0,False,False,5,3,2,10,Potential Loyalists,Active repeat,Develop loyalty
17596,2009-12-15 13:21:00,2011-11-16 14:11:00,13,4491.46,345.49692307692305,23,724,True,2010-03-16 16:18:00,91.0,True,False,4,5,5,14,Champions,Active repeat,Protect high-value active
17597,2010-05-05 15:33:00,2011-05-10 11:54:00,5,3484.09,696.818,214,583,True,2010-06-08 15:10:00,33.0,True,True,2,4,5,11,At Risk,Dormant,Low-cost reactivation
17598,2010-11-23 17:43:00,2010-11-23 17:43:00,1,409.98,409.98,381,381,False,,,True,False,2,2,2,6,Hibernating,Dormant,Low-cost reactivation
17599,2010-08-19 12:50:00,2010-08-19 12:50:00,1,52.05,52.05,478,478,False,,,True,False,1,2,1,4,Hibernating,Dormant,Low-cost reactivation
17600,2011-11-22 09:43:00,2011-11-22 09:43:00,1,161.67000000000002,161.67000000000002,18,18,False,,,False,False,5,2,1,8,Potential Loyalists,New,Drive second purchase
17601,2010-11-24 14:29:00,2011-04-14 18:02:00,2,413.08,206.54,239,380,True,2011-04-14 18:02:00,141.0,True,False,2,3,2,7,At Risk,Dormant,Low-cost reactivation
17602,2010-03-30 17:25:00,2011-12-07 13:53:00,14,7354.43,525.3164285714286,2,619,True,2010-03-30 17:31:00,0.0,True,True,5,5,5,15,Champions,Active repeat,Protect high-value active
17603,2009-12-10 09:44:00,2011-09-22 14:18:00,4,1788.38,447.095,78,730,True,2010-01-29 17:25:00,50.0,True,True,3,4,4,11,Loyal Customers,Active repeat,Develop loyalty
17604,2010-01-27 12:19:00,2011-05-06 13:43:00,6,942.38,157.06333333333333,217,682,True,2010-06-16 12:16:00,139.0,True,False,2,4,3,9,At Risk,Dormant,Low-cost reactivation
17605,2010-04-28 14:45:00,2010-04-28 14:45:00,1,160.75,160.75,590,590,False,,,True,False,1,2,1,4,Hibernating,Dormant,Low-cost reactivation
17606,2009-12-02 13:32:00,2009-12-02 13:32:00,1,87.30000000000001,87.30000000000001,737,737,False,,,True,False,1,2,1,4,Hibernating,Dormant,Low-cost reactivation
17607,2010-11-28 13:11:00,2010-11-28 13:11:00,1,333.81,333.81,376,376,False,,,True,False,2,2,2,6,Hibernating,Dormant,Low-cost reactivation
17608,2010-04-11 13:37:00,2011-11-06 13:06:00,4,488.06,122.015,33,607,True,2010-09-16 16:15:00,158.0,True,False,4,4,2,10,Loyal Customers,Active repeat,Develop loyalty
17609,2010-04-09 16:54:00,2011-10-30 12:28:00,11,1887.9,171.62727272727273,41,609,True,2010-05-07 13:58:00,27.0,True,True,4,5,4,13,Champions,Active repeat,Develop loyalty
17610,2009-12-06 16:07:00,2010-06-17 16:34:00,5,1511.94,302.38800000000003,540,733,True,2009-12-10 16:35:00,4.0,True,True,1,4,4,9,At Risk,Dormant,Low-cost reactivation
17611,2009-12-01 13:29:00,2011-12-02 13:29:00,28,8337.53,297.7689285714286,7,738,True,2010-01-24 13:46:00,54.0,True,True,5,5,5,15,Champions,Active repeat,Protect high-value active
17612,2009-12-17 11:59:00,2011-10-17 14:59:00,18,5394.86,299.71444444444444,53,723,True,2010-01-28 17:14:00,42.0,True,True,4,5,5,14,Champions,Active repeat,Protect high-value active
17613,2011-02-07 11:20:00,2011-11-17 10:51:00,14,4544.55,324.6107142857143,23,306,True,2011-02-24 10:25:00,16.0,True,True,4,5,5,14,Champions,Active repeat,Protect high-value active
17614,2011-10-13 16:01:00,2011-10-13 16:01:00,1,386.32,386.32,57,57,False,,,False,False,4,2,2,8,Potential Loyalists,New,Drive second purchase
17615,2010-08-11 12:54:00,2011-08-01 14:06:00,6,721.8,120.3,130,485,True,2010-09-14 12:37:00,33.0,True,True,3,4,3,10,Loyal Customers,At risk,Test win-back
17616,2010-09-14 10:43:00,2011-06-19 10:11:00,4,734.4,183.6,174,452,True,2010-12-07 10:04:00,83.0,True,True,3,4,3,10,Loyal Customers,At risk,Test win-back
17617,2010-05-30 12:48:00,2010-05-30 12:48:00,1,385.19,385.19,559,559,False,,,True,False,1,2,2,5,Hibernating,Dormant,Low-cost reactivation
17618,2010-01-24 11:03:00,2011-12-04 11:50:00,11,4001.64,363.7854545454545,6,685,True,2010-05-30 12:55:00,126.0,True,False,5,5,5,15,Champions,Active repeat,Protect high-value active
17619,2011-01-31 14:18:00,2011-01-31 14:18:00,1,214.37,214.37,312,312,False,,,True,False,2,2,1,5,Hibernating,Dormant,Low-cost reactivation
17620,2011-10-11 12:08:00,2011-10-11 12:08:00,1,81.44,81.44,60,60,False,,,False,False,3,2,1,6,Needs Attention,New,Drive second purchase
17621,2010-10-04 09:37:00,2011-11-18 17:11:00,6,3175.12,529.1866666666666,21,432,True,2010-10-18 11:28:00,14.0,True,True,4,4,5,13,Champions,Active repeat,Protect high-value active
17622,2010-04-20 13:38:00,2010-04-21 12:36:00,2,1130.21,565.105,598,598,True,2010-04-21 12:36:00,0.0,True,True,1,3,3,7,At Risk,Dormant,Low-cost reactivation
17623,2009-12-14 14:36:00,2011-11-07 11:32:00,7,2365.7700000000004,337.9671428571429,33,725,True,2010-05-19 13:32:00,155.0,True,False,4,4,4,12,Champions,Active repeat,Protect high-value active
17624,2009-12-20 12:35:00,2011-11-25 10:52:00,4,1568.63,392.1575,15,720,True,2010-09-28 14:07:00,282.0,True,False,5,4,4,13,Champions,Active repeat,Develop loyalty
17625,2009-12-15 11:49:00,2011-11-21 13:36:00,8,5978.9,747.3625,18,725,True,2010-01-31 11:54:00,47.0,True,True,5,5,5,15,Champions,Active repeat,Protect high-value active
17626,2010-04-16 12:15:00,2010-04-16 12:15:00,1,254.0,254.0,603,603,False,,,True,False,1,2,1,4,Hibernating,Dormant,Low-cost reactivation
17627,2010-08-18 11:27:00,2010-08-18 11:27:00,1,296.36,296.36,479,479,False,,,True,False,1,2,2,5,Hibernating,Dormant,Low-cost reactivation
17628,2011-09-19 15:21:00,2011-09-19 15:21:00,1,75.75,75.75,81,81,False,,,False,False,3,2,1,6,Needs Attention,New,Drive second purchase
17629,2010-10-14 13:35:00,2011-12-04 10:56:00,10,2455.52,245.552,6,421,True,2010-11-16 14:46:00,33.0,True,True,5,5,4,14,Champions,Active repeat,Protect high-value active
17630,2011-04-21 14:03:00,2011-06-23 11:58:00,2,503.6,251.8,170,232,True,2011-06-23 11:58:00,62.0,True,True,3,3,2,8,Needs Attention,At risk,Test win-back
17631,2009-12-09 14:15:00,2011-12-08 09:47:00,7,998.49,142.64142857142858,2,730,True,2009-12-17 15:46:00,8.0,True,True,5,4,3,12,Loyal Customers,Active repeat,Develop loyalty
17633,2010-11-15 14:55:00,2011-11-08 13:25:00,7,2057.39,293.91285714285715,31,389,True,2010-11-24 11:06:00,8.0,True,True,4,4,4,12,Champions,Active repeat,Develop loyalty
17634,2011-01-06 12:45:00,2011-11-03 13:09:00,9,2358.59,262.0655555555556,36,338,True,2011-03-07 13:10:00,60.0,True,True,4,5,4,13,Champions,Active repeat,Protect high-value active
17635,2010-04-28 10:51:00,2010-10-11 15:12:00,3,1265.58,421.85999999999996,424,591,True,2010-07-01 16:50:00,64.0,True,True,1,3,4,8,At Risk,Dormant,Low-cost reactivation
17636,2011-11-20 14:40:00,2011-11-20 14:40:00,1,285.56,285.56,19,19,False,,,False,False,4,2,1,7,Potential Loyalists,New,Drive second purchase
17637,2011-08-16 13:25:00,2011-11-08 12:51:00,2,547.06,273.53,31,115,True,2011-11-08 12:51:00,83.0,True,True,4,3,2,9,Potential Loyalists,Active repeat,Develop loyalty
17638,2009-12-18 09:58:00,2010-03-02 14:32:00,2,842.4,421.2,647,722,True,2010-03-02 14:32:00,74.0,True,True,1,3,3,7,At Risk,Dormant,Low-cost reactivation
17639,2010-08-13 11:59:00,2011-03-08 15:22:00,6,615.17,102.52833333333332,276,484,True,2010-08-13 12:04:00,0.0,True,True,2,4,3,9,At Risk,Dormant,Low-cost reactivation
17640,2010-03-23 09:15:00,2011-09-14 09:13:00,6,3168.9399999999996,528.1566666666666,87,627,True,2010-03-24 13:20:00,1.0,True,True,3,4,5,12,Loyal Customers,Active repeat,Protect high-value active
17642,2009-12-05 16:01:00,2011-08-12 09:11:00,5,1824.49,364.898,120,734,True,2010-03-29 09:48:00,113.0,True,False,3,4,4,11,Loyal Customers,At risk,Test win-back
17643,2010-07-22 13:07:00,2010-12-01 14:38:00,2,439.70000000000005,219.85000000000002,373,505,True,2010-12-01 14:38:00,132.0,True,False,2,3,2,7,At Risk,Dormant,Low-cost reactivation
17644,2010-02-16 08:44:00,2011-12-08 13:43:00,20,6028.6,301.43,1,662,True,2010-03-28 11:04:00,40.0,True,True,5,5,5,15,Champions,Active repeat,Protect high-value active
17646,2009-12-16 09:37:00,2011-05-04 13:17:00,12,3898.79,324.89916666666664,219,724,True,2010-01-28 14:29:00,43.0,True,True,2,5,5,12,At Risk,Dormant,Low-cost reactivation
17647,2010-02-08 14:39:00,2011-10-05 15:38:00,3,331.65999999999997,110.55333333333333,65,669,True,2010-02-08 14:40:00,0.0,True,True,3,3,2,8,Needs Attention,Active repeat,Develop loyalty
17648,2010-11-19 16:41:00,2011-10-10 09:41:00,5,2216.37,443.274,61,385,True,2011-04-04 10:29:00,135.0,True,False,3,4,4,11,Loyal Customers,Active repeat,Develop loyalty
17649,2010-08-24 13:01:00,2011-07-24 15:53:00,3,1578.8899999999999,526.2966666666666,138,472,True,2010-08-27 10:23:00,2.0,True,True,3,3,4,10,Needs Attention,At risk,Test win-back
17650,2011-11-18 14:52:00,2011-11-18 14:52:00,1,166.08,166.08,21,21,False,,,False,False,4,2,1,7,Potential Loyalists,New,Drive second purchase
17651,2010-07-01 12:17:00,2011-11-28 10:29:00,16,5703.52,356.47,12,527,True,2010-07-06 12:21:00,5.0,True,True,5,5,5,15,Champions,Active repeat,Protect high-value active
17652,2011-03-03 14:05:00,2011-11-14 12:55:00,12,4867.72,405.6433333333334,25,281,True,2011-04-20 08:07:00,47.0,True,True,4,5,5,14,Champions,Active repeat,Protect high-value active
17653,2011-08-11 15:24:00,2011-11-03 12:46:00,4,1207.5600000000002,301.89000000000004,37,120,True,2011-09-01 12:17:00,20.0,True,True,4,4,3,11,Loyal Customers,Active repeat,Develop loyalty
17654,2011-03-07 13:17:00,2011-03-07 13:17:00,1,117.55,117.55,277,277,False,,,True,False,2,2,1,5,Hibernating,Dormant,Low-cost reactivation
17655,2010-10-19 10:20:00,2011-11-29 11:34:00,9,2976.38,330.7088888888889,11,417,True,2010-11-22 17:11:00,34.0,True,True,5,5,5,15,Champions,Active repeat,Protect high-value active
17656,2011-08-03 10:45:00,2011-09-27 13:04:00,5,1674.69,334.938,73,129,True,2011-08-17 13:06:00,14.0,True,True,3,4,4,11,Loyal Customers,Active repeat,Develop loyalty
17657,2010-10-05 14:52:00,2010-10-05 14:52:00,1,126.0,126.0,430,430,False,,,True,False,1,2,1,4,Hibernating,Dormant,Low-cost reactivation
17658,2011-05-12 15:23:00,2011-11-14 12:07:00,2,595.42,297.71,26,211,True,2011-11-14 12:07:00,185.0,True,False,4,3,2,9,Potential Loyalists,Active repeat,Develop loyalty
17659,2010-11-18 14:20:00,2011-11-22 13:29:00,14,3586.99,256.2135714285714,17,386,True,2010-11-19 16:38:00,1.0,True,True,5,5,5,15,Champions,Active repeat,Protect high-value active
17660,2009-12-02 16:02:00,2011-07-21 13:37:00,2,342.22,171.11,141,737,True,2011-07-21 13:37:00,595.0,True,False,3,3,2,8,Needs Attention,At risk,Test win-back
17662,2009-12-17 09:54:00,2010-02-16 09:38:00,2,412.92,206.46,662,723,True,2010-02-16 09:38:00,60.0,True,True,1,3,2,6,At Risk,Dormant,Low-cost reactivation
17663,2010-03-04 11:42:00,2011-11-14 08:56:00,17,5175.83,304.4605882352941,26,646,True,2010-03-08 16:30:00,4.0,True,True,4,5,5,14,Champions,Active repeat,Protect high-value active
17664,2010-03-29 17:17:00,2011-11-21 11:29:00,4,1166.23,291.5575,19,620,True,2010-08-22 13:14:00,145.0,True,False,4,4,3,11,Loyal Customers,Active repeat,Develop loyalty
17665,2010-08-03 13:12:00,2010-08-03 13:12:00,1,563.1,563.1,493,493,False,,,True,False,1,2,2,5,Hibernating,Dormant,Low-cost reactivation
17666,2010-06-30 12:03:00,2011-12-06 09:06:00,5,2047.8,409.56,4,528,True,2010-08-02 15:10:00,33.0,True,True,5,4,4,13,Champions,Active repeat,Develop loyalty
17667,2010-02-23 09:57:00,2011-10-04 14:32:00,9,3950.7,438.96666666666664,66,655,True,2010-06-28 13:43:00,125.0,True,False,3,5,5,13,Loyal Customers,Active repeat,Protect high-value active
17668,2011-11-01 14:45:00,2011-12-08 13:25:00,2,347.75,173.875,1,38,True,2011-12-08 13:25:00,36.0,False,False,5,3,2,10,Potential Loyalists,Active repeat,Develop loyalty
17669,2010-04-01 18:48:00,2011-10-28 08:53:00,10,6142.35,614.235,43,617,True,2010-06-28 13:47:00,87.0,True,True,4,5,5,14,Champions,Active repeat,Protect high-value active
17670,2011-04-26 09:12:00,2011-04-26 09:12:00,1,205.7,205.7,228,228,False,,,True,False,2,2,1,5,Hibernating,Dormant,Low-cost reactivation
17671,2010-11-29 11:53:00,2011-11-24 12:21:00,5,2009.1599999999999,401.832,16,376,True,2010-12-09 14:27:00,10.0,True,True,5,4,4,13,Champions,Active repeat,Develop loyalty
17672,2010-01-26 17:20:00,2011-10-20 14:18:00,7,5778.63,825.5185714285715,50,682,True,2010-03-08 13:17:00,40.0,True,True,4,4,5,13,Champions,Active repeat,Protect high-value active
17673,2010-03-19 14:02:00,2011-12-08 12:50:00,13,4173.88,321.0676923076923,2,630,True,2010-04-26 11:25:00,37.0,True,True,5,5,5,15,Champions,Active repeat,Protect high-value active
17674,2010-12-06 10:20:00,2011-09-26 13:35:00,2,551.04,275.52,74,369,True,2011-09-26 13:35:00,294.0,True,False,3,3,2,8,Needs Attention,Active repeat,Develop loyalty
17675,2009-12-10 16:10:00,2011-12-08 18:03:00,70,37642.48,537.7497142857143,1,729,True,2009-12-15 13:35:00,4.0,True,True,5,5,5,15,Champions,Active repeat,Protect high-value active
17676,2010-03-30 10:49:00,2011-12-05 15:16:00,10,2448.64,244.86399999999998,4,620,True,2010-06-30 11:32:00,92.0,True,False,5,5,4,14,Champions,Active repeat,Protect high-value active
17677,2009-12-16 11:23:00,2011-12-08 09:56:00,54,35058.46,649.2307407407408,2,724,True,2009-12-16 11:24:00,0.0,True,True,5,5,5,15,Champions,Active repeat,Protect high-value active
17678,2010-04-15 13:54:00,2011-03-21 11:52:00,2,599.76,299.88,264,603,True,2011-03-21 11:52:00,339.0,True,False,2,3,2,7,At Risk,Dormant,Low-cost reactivation
17679,2009-12-03 17:32:00,2011-10-18 07:43:00,7,3577.61,511.08714285714285,53,736,True,2009-12-03 17:33:00,0.0,True,True,4,4,5,13,Champions,Active repeat,Protect high-value active
17680,2010-07-16 16:07:00,2011-11-16 12:42:00,3,497.45000000000005,165.8166666666667,24,511,True,2010-11-21 13:31:00,127.0,True,False,4,3,2,9,Potential Loyalists,Active repeat,Develop loyalty
17681,2010-01-15 11:53:00,2010-04-21 17:22:00,5,731.2,146.24,597,694,True,2010-01-26 10:04:00,10.0,True,True,1,4,3,8,At Risk,Dormant,Low-cost reactivation
17682,2010-03-08 09:49:00,2011-11-29 15:59:00,11,4065.2799999999997,369.5709090909091,10,642,True,2010-04-14 12:28:00,37.0,True,True,5,5,5,15,Champions,Active repeat,Protect high-value active
17683,2010-06-03 17:15:00,2010-11-19 10:11:00,3,819.01,273.00333333333333,386,554,True,2010-07-16 12:42:00,42.0,True,True,2,3,3,8,At Risk,Dormant,Low-cost reactivation
17684,2011-10-27 11:10:00,2011-10-27 11:10:00,1,239.41,239.41,44,44,False,,,False,False,4,2,1,7,Potential Loyalists,New,Drive second purchase
17685,2010-02-11 13:44:00,2011-11-23 11:36:00,12,5454.95,454.57916666666665,17,666,True,2010-05-26 11:31:00,103.0,True,False,5,5,5,15,Champions,Active repeat,Protect high-value active
17686,2010-06-24 09:49:00,2011-12-02 15:39:00,9,8296.81,921.8677777777777,7,534,True,2010-10-12 17:06:00,110.0,True,False,5,5,5,15,Champions,Active repeat,Protect high-value active
17687,2010-10-15 12:30:00,2010-10-15 12:30:00,1,432.68,432.68,421,421,False,,,True,False,1,2,2,5,Hibernating,Dormant,Low-cost reactivation
17688,2010-11-11 10:41:00,2010-11-11 10:41:00,1,304.2,304.2,394,394,False,,,True,False,2,2,2,6,Hibernating,Dormant,Low-cost reactivation
17689,2010-08-22 13:54:00,2010-11-16 13:22:00,2,317.08000000000004,158.54000000000002,388,474,True,2010-11-16 13:22:00,85.0,True,True,2,3,2,7,At Risk,Dormant,Low-cost reactivation
17690,2010-02-03 14:26:00,2011-11-09 15:17:00,20,6963.8,348.19,30,674,True,2010-03-17 12:17:00,41.0,True,True,4,5,5,14,Champions,Active repeat,Protect high-value active
17691,2010-06-11 11:50:00,2010-12-16 17:20:00,4,637.55,159.3875,358,547,True,2010-11-05 13:18:00,147.0,True,False,2,4,3,9,At Risk,Dormant,Low-cost reactivation
17692,2010-06-17 11:14:00,2011-08-04 14:01:00,12,2975.7999999999997,247.98333333333332,127,541,True,2010-07-26 13:41:00,39.0,True,True,3,5,5,13,Loyal Customers,At risk,Win back high-value
17693,2011-07-25 15:48:00,2011-07-25 15:48:00,1,200.47,200.47,137,137,False,,,True,False,3,2,1,6,Needs Attention,At risk,Test win-back
17694,2010-05-26 08:27:00,2011-07-21 12:00:00,3,1695.97,565.3233333333334,142,563,True,2010-07-16 10:22:00,51.0,True,True,3,3,4,10,Needs Attention,At risk,Test win-back
17695,2010-01-28 09:27:00,2011-07-31 10:40:00,5,1746.04,349.20799999999997,132,681,True,2010-09-02 11:34:00,217.0,True,False,3,4,4,11,Loyal Customers,At risk,Test win-back
17696,2009-12-10 17:09:00,2011-11-01 13:43:00,27,7679.59,284.42925925925925,38,729,True,2009-12-21 12:20:00,10.0,True,True,4,5,5,14,Champions,Active repeat,Protect high-value active
17697,2011-04-17 15:40:00,2011-04-17 15:40:00,1,338.95,338.95,236,236,False,,,True,False,2,2,2,6,Hibernating,Dormant,Low-cost reactivation
17698,2011-03-24 11:34:00,2011-03-24 11:34:00,1,154.95,154.95,261,261,False,,,True,False,2,2,1,5,Hibernating,Dormant,Low-cost reactivation
17699,2010-05-27 11:53:00,2010-08-20 09:39:00,2,442.0,221.0,477,562,True,2010-08-20 09:39:00,84.0,True,True,1,3,2,6,At Risk,Dormant,Low-cost reactivation
17700,2009-12-01 11:37:00,2011-11-23 11:51:00,14,6679.97,477.1407142857143,17,739,True,2010-01-26 11:24:00,55.0,True,True,5,5,5,15,Champions,Active repeat,Protect high-value active
17701,2011-04-01 12:25:00,2011-04-01 12:25:00,1,417.95,417.95,253,253,False,,,True,False,2,2,2,6,Hibernating,Dormant,Low-cost reactivation
17702,2010-11-04 12:09:00,2011-11-09 16:03:00,6,3144.04,524.0066666666667,30,401,True,2010-11-21 13:15:00,17.0,True,True,4,4,5,13,Champions,Active repeat,Protect high-value active
17703,2010-10-17 16:16:00,2011-11-04 15:51:00,4,1094.84,273.71,35,418,True,2011-07-24 13:30:00,279.0,True,False,4,4,3,11,Loyal Customers,Active repeat,Develop loyalty
17704,2011-04-14 09:28:00,2011-06-24 09:40:00,2,885.19,442.595,169,240,True,2011-06-24 09:40:00,71.0,True,True,3,3,3,9,Needs Attention,At risk,Test win-back
17705,2010-05-12 09:47:00,2011-12-06 13:45:00,11,2083.9,189.44545454545457,3,577,True,2010-09-10 14:43:00,121.0,True,False,5,5,4,14,Champions,Active repeat,Develop loyalty
17706,2010-01-19 12:13:00,2011-12-05 13:34:00,31,20272.15,653.9403225806452,4,690,True,2010-01-19 12:17:00,0.0,True,True,5,5,5,15,Champions,Active repeat,Protect high-value active
17707,2009-12-07 12:19:00,2011-06-07 15:03:00,8,609.3000000000001,76.16250000000001,185,733,True,2010-03-05 12:39:00,88.0,True,True,3,5,3,11,Loyal Customers,Dormant,Low-cost reactivation
17708,2010-10-12 12:13:00,2011-06-05 10:12:00,4,884.1800000000001,221.04500000000002,188,424,True,2010-11-02 08:57:00,20.0,True,True,3,4,3,10,Loyal Customers,Dormant,Low-cost reactivation
17709,2010-04-15 14:48:00,2011-06-23 11:55:00,5,671.01,134.202,170,603,True,2010-04-27 14:10:00,11.0,True,True,3,4,3,10,Loyal Customers,At risk,Test win-back
17710,2010-10-12 07:49:00,2010-10-12 07:49:00,1,293.5,293.5,424,424,False,,,True,False,1,2,2,5,Hibernating,Dormant,Low-cost reactivation
17711,2011-02-23 11:32:00,2011-11-29 11:40:00,2,385.1,192.55,11,290,True,2011-11-29 11:40:00,279.0,True,False,5,3,2,10,Potential Loyalists,Active repeat,Develop loyalty
17712,2011-10-26 12:28:00,2011-10-26 12:28:00,1,522.91,522.91,45,45,False,,,False,False,4,2,2,8,Potential Loyalists,New,Drive second purchase
17713,2010-06-09 09:33:00,2010-11-22 16:50:00,4,1198.0900000000001,299.52250000000004,382,549,True,2010-08-17 13:49:00,69.0,True,True,2,4,3,9,At Risk,Dormant,Low-cost reactivation
17714,2010-07-14 10:41:00,2011-01-23 10:32:00,5,1410.18,282.036,321,514,True,2010-07-28 11:52:00,14.0,True,True,2,4,4,10,At Risk,Dormant,Low-cost reactivation
17715,2010-04-26 12:17:00,2011-05-23 12:32:00,2,489.59999999999997,244.79999999999998,201,593,True,2011-05-23 12:32:00,392.0,True,False,2,3,2,7,At Risk,Dormant,Low-cost reactivation
17716,2009-12-02 17:18:00,2011-11-17 12:00:00,24,15956.97,664.87375,23,737,True,2010-03-05 13:52:00,92.0,True,False,4,5,5,14,Champions,Active repeat,Protect high-value active
17717,2010-10-14 12:54:00,2010-10-14 12:54:00,1,376.92,376.92,421,421,False,,,True,False,1,2,2,5,Hibernating,Dormant,Low-cost reactivation
17718,2010-03-05 08:01:00,2011-04-21 13:39:00,2,439.17999999999995,219.58999999999997,232,645,True,2011-04-21 13:39:00,412.0,True,False,2,3,2,7,At Risk,Dormant,Low-cost reactivation
17719,2011-03-29 11:29:00,2011-11-02 10:36:00,15,5396.04,359.736,38,256,True,2011-04-06 10:21:00,7.0,True,True,4,5,5,14,Champions,Active repeat,Protect high-value active
17720,2010-05-10 09:58:00,2011-11-13 15:04:00,10,2666.91,266.691,26,579,True,2010-07-16 09:05:00,66.0,True,True,4,5,4,13,Champions,Active repeat,Protect high-value active
17721,2010-02-18 15:18:00,2010-02-18 15:18:00,1,307.21000000000004,307.21000000000004,659,659,False,,,True,False,1,2,2,5,Hibernating,Dormant,Low-cost reactivation
17722,2010-11-29 09:44:00,2011-09-04 15:22:00,5,3520.2200000000003,704.0440000000001,96,376,True,2010-12-08 12:41:00,9.0,True,True,3,4,5,12,Loyal Customers,At risk,Win back high-value
17723,2010-11-29 10:35:00,2011-08-04 18:37:00,7,3378.4000000000005,482.6285714285715,127,376,True,2011-05-09 14:44:00,161.0,True,False,3,4,5,12,Loyal Customers,At risk,Win back high-value
17724,2011-07-24 13:26:00,2011-09-29 15:26:00,3,1033.0,344.3333333333333,71,138,True,2011-09-20 14:50:00,58.0,True,True,3,3,3,9,Needs Attention,Active repeat,Develop loyalty
17725,2011-03-17 19:47:00,2011-11-23 16:34:00,11,3439.08,312.64363636363635,16,267,True,2011-04-04 12:07:00,17.0,True,True,5,5,5,15,Champions,Active repeat,Protect high-value active
17726,2010-01-26 14:58:00,2010-11-09 13:37:00,7,1092.0600000000002,156.00857142857146,395,682,True,2010-02-25 15:07:00,30.0,True,True,2,4,3,9,At Risk,Dormant,Low-cost reactivation
17727,2011-11-24 17:06:00,2011-11-24 17:06:00,1,1060.25,1060.25,15,15,False,,,False,False,5,2,3,10,Potential Loyalists,New,Drive second purchase
17728,2010-09-12 14:58:00,2011-12-06 08:52:00,5,4238.76,847.7520000000001,4,453,True,2010-10-31 15:50:00,49.0,True,True,5,4,5,14,Champions,Active repeat,Protect high-value active
17729,2010-04-22 15:03:00,2010-04-22 15:03:00,1,438.65000000000003,438.65000000000003,596,596,False,,,True,False,1,2,2,5,Hibernating,Dormant,Low-cost reactivation
17730,2010-04-29 11:48:00,2011-12-06 15:43:00,20,7773.8,388.69,3,590,True,2010-06-03 08:50:00,34.0,True,True,5,5,5,15,Champions,Active repeat,Protect high-value active
17731,2010-02-09 12:37:00,2011-09-21 15:02:00,6,1708.99,284.83166666666665,79,669,True,2010-03-28 12:43:00,47.0,True,True,3,4,4,11,Loyal Customers,Active repeat,Develop loyalty
17732,2010-08-09 08:41:00,2010-12-02 09:29:00,8,2166.42,270.8025,373,488,True,2010-08-27 10:38:00,18.0,True,True,2,5,4,11,At Risk,Dormant,Low-cost reactivation
17733,2011-03-23 09:54:00,2011-11-01 08:16:00,2,692.19,346.095,39,262,True,2011-11-01 08:16:00,222.0,True,False,4,3,3,10,Potential Loyalists,Active repeat,Develop loyalty
17734,2010-03-07 13:55:00,2011-10-17 12:33:00,6,1442.3200000000002,240.38666666666668,54,642,True,2010-04-11 11:56:00,34.0,True,True,4,4,4,12,Champions,Active repeat,Develop loyalty
17735,2010-07-30 13:25:00,2011-12-07 16:47:00,26,16790.33,645.7819230769231,2,497,True,2010-09-02 10:18:00,33.0,True,True,5,5,5,15,Champions,Active repeat,Protect high-value active
17736,2011-08-18 14:33:00,2011-11-30 15:36:00,3,377.44,125.81333333333333,9,113,True,2011-10-28 09:00:00,70.0,True,True,5,3,2,10,Potential Loyalists,Active repeat,Develop loyalty
17737,2011-10-12 14:42:00,2011-11-30 15:16:00,2,168.24,84.12,9,58,True,2011-11-30 15:16:00,49.0,False,False,5,3,1,9,Potential Loyalists,Active repeat,Develop loyalty
17738,2010-03-19 10:07:00,2011-11-20 15:05:00,13,4183.5599999999995,321.8123076923076,19,631,True,2010-04-07 16:21:00,19.0,True,True,4,5,5,14,Champions,Active repeat,Protect high-value active
17739,2009-12-07 10:48:00,2011-11-28 09:12:00,18,7730.59,429.4772222222222,12,733,True,2009-12-17 11:49:00,10.0,True,True,5,5,5,15,Champions,Active repeat,Protect high-value active
17740,2010-01-11 13:11:00,2010-11-15 16:33:00,6,426.9,71.14999999999999,389,697,True,2010-03-08 10:45:00,55.0,True,True,2,4,2,8,At Risk,Dormant,Low-cost reactivation
17741,2010-05-28 12:11:00,2010-10-29 11:59:00,2,101.10000000000001,50.550000000000004,407,561,True,2010-10-29 11:59:00,153.0,True,False,2,3,1,6,At Risk,Dormant,Low-cost reactivation
17742,2009-12-01 13:16:00,2011-08-18 15:28:00,11,2098.48,190.7709090909091,113,738,True,2010-02-09 10:03:00,69.0,True,True,3,5,4,12,Loyal Customers,At risk,Test win-back
17743,2010-09-17 14:54:00,2010-09-17 14:54:00,1,229.2,229.2,448,448,False,,,True,False,1,2,1,4,Hibernating,Dormant,Low-cost reactivation
17744,2010-11-24 09:34:00,2011-12-06 12:11:00,7,2649.14,378.4485714285714,4,381,True,2010-12-16 14:17:00,22.0,True,True,5,4,4,13,Champions,Active repeat,Protect high-value active
17745,2010-06-02 09:03:00,2010-08-19 12:30:00,2,600.34,300.17,478,556,True,2010-08-19 12:30:00,78.0,True,True,1,3,2,6,At Risk,Dormant,Low-cost reactivation
17746,2010-04-08 12:54:00,2011-04-13 14:31:00,4,904.1800000000001,226.04500000000002,240,610,True,2010-08-25 13:29:00,139.0,True,False,2,4,3,9,At Risk,Dormant,Low-cost reactivation
17747,2011-08-19 08:13:00,2011-08-19 08:13:00,1,71.4,71.4,113,113,False,,,True,False,3,2,1,6,Needs Attention,At risk,Test win-back
17748,2010-06-30 13:49:00,2010-06-30 13:49:00,1,358.15,358.15,527,527,False,,,True,False,1,2,2,5,Hibernating,Dormant,Low-cost reactivation
17749,2010-06-11 14:56:00,2011-06-14 15:45:00,3,1026.18,342.06,178,546,True,2011-03-28 13:39:00,289.0,True,False,3,3,3,9,Needs Attention,At risk,Test win-back
17750,2011-06-28 15:44:00,2011-12-04 14:09:00,9,1710.45,190.05,5,164,True,2011-07-15 17:29:00,17.0,True,True,5,5,4,14,Champions,Active repeat,Develop loyalty
17751,2010-10-14 13:57:00,2010-10-14 13:57:00,1,157.85999999999999,157.85999999999999,421,421,False,,,True,False,1,2,1,4,Hibernating,Dormant,Low-cost reactivation
17752,2010-12-15 16:19:00,2010-12-15 16:19:00,1,80.64,80.64,359,359,False,,,True,False,2,2,1,5,Hibernating,Dormant,Low-cost reactivation
17753,2010-01-06 14:20:00,2010-09-01 15:49:00,4,382.05999999999995,95.51499999999999,464,702,True,2010-08-17 13:35:00,222.0,True,False,1,4,2,7,At Risk,Dormant,Low-cost reactivation
17754,2009-12-11 15:52:00,2011-12-09 11:20:00,13,4451.22,342.4015384615385,1,728,True,2010-01-05 15:55:00,25.0,True,True,5,5,5,15,Champions,Active repeat,Protect high-value active
17756,2010-11-10 12:54:00,2010-11-29 12:20:00,3,728.75,242.91666666666666,376,394,True,2010-11-19 12:45:00,8.0,True,True,2,3,3,8,At Risk,Dormant,Low-cost reactivation
17757,2010-01-13 15:56:00,2011-12-08 15:31:00,56,9074.05,162.03660714285712,1,695,True,2010-02-17 14:24:00,34.0,True,True,5,5,5,15,Champions,Active repeat,Protect high-value active
17758,2010-05-20 13:18:00,2011-11-20 14:45:00,12,4964.03,413.6691666666666,19,568,True,2010-10-05 14:29:00,138.0,True,False,4,5,5,14,Champions,Active repeat,Protect high-value active
17759,2010-05-05 11:40:00,2011-11-22 16:02:00,5,1261.88,252.37600000000003,17,584,True,2010-11-11 15:09:00,190.0,True,False,5,4,4,13,Champions,Active repeat,Develop loyalty
17760,2010-02-28 12:15:00,2011-11-18 10:56:00,6,746.39,124.39833333333333,22,650,True,2010-03-22 11:21:00,21.0,True,True,4,4,3,11,Loyal Customers,Active repeat,Develop loyalty
17761,2011-11-07 10:23:00,2011-11-07 10:23:00,1,712.78,712.78,33,33,False,,,False,False,4,2,3,9,Potential Loyalists,New,Drive second purchase
17762,2010-09-09 17:40:00,2010-09-09 17:40:00,1,129.75,129.75,456,456,False,,,True,False,1,2,1,4,Hibernating,Dormant,Low-cost reactivation
17763,2010-02-18 14:32:00,2011-03-21 14:25:00,4,86.15,21.5375,263,659,True,2010-02-24 13:32:00,5.0,True,True,2,4,1,7,At Risk,Dormant,Low-cost reactivation
17764,2009-12-03 14:28:00,2011-10-20 11:03:00,5,1513.57,302.714,51,736,True,2010-06-17 17:00:00,196.0,True,False,4,4,4,12,Champions,Active repeat,Develop loyalty
17765,2010-09-17 12:45:00,2011-07-04 12:41:00,4,524.0,131.0,159,449,True,2011-03-28 11:58:00,191.0,True,False,3,4,2,9,Loyal Customers,At risk,Test win-back
17766,2010-11-23 14:17:00,2010-11-23 14:29:00,2,299.61,149.805,381,381,True,2010-11-23 14:29:00,0.0,True,True,2,3,2,7,At Risk,Dormant,Low-cost reactivation
17767,2010-10-25 16:22:00,2011-11-24 14:42:00,2,413.04999999999995,206.52499999999998,15,410,True,2011-11-24 14:42:00,394.0,True,False,5,3,2,10,Potential Loyalists,Active repeat,Develop loyalty
17768,2009-12-02 12:26:00,2011-12-01 13:22:00,7,3292.73,470.39,8,738,True,2010-01-28 15:51:00,57.0,True,True,5,4,5,14,Champions,Active repeat,Protect high-value active
17769,2010-01-19 11:33:00,2011-11-27 11:18:00,17,7053.38,414.90470588235297,13,690,True,2010-03-07 11:31:00,46.0,True,True,5,5,5,15,Champions,Active repeat,Protect high-value active
17770,2011-03-02 13:35:00,2011-05-25 12:34:00,5,1143.27,228.654,199,282,True,2011-03-09 12:38:00,6.0,True,True,2,4,3,9,At Risk,Dormant,Low-cost reactivation
17771,2010-04-29 13:21:00,2011-10-14 11:43:00,4,387.40999999999997,96.85249999999999,57,589,True,2010-09-29 16:35:00,153.0,True,False,4,4,2,10,Loyal Customers,Active repeat,Develop loyalty
17772,2010-11-12 11:31:00,2011-11-29 11:05:00,3,360.75,120.25,11,393,True,2011-11-29 10:57:00,381.0,True,False,5,3,2,10,Potential Loyalists,Active repeat,Develop loyalty
17773,2010-01-18 14:32:00,2010-07-13 14:07:00,2,575.37,287.685,514,690,True,2010-07-13 14:07:00,175.0,True,False,1,3,2,6,At Risk,Dormant,Low-cost reactivation
17774,2010-02-08 16:06:00,2011-09-04 12:49:00,9,3273.83,363.75888888888886,97,669,True,2010-03-16 12:00:00,35.0,True,True,3,5,5,13,Loyal Customers,At risk,Win back high-value
17775,2011-03-30 10:50:00,2011-03-30 10:50:00,1,56.4,56.4,255,255,False,,,True,False,2,2,1,5,Hibernating,Dormant,Low-cost reactivation
17776,2009-12-16 14:59:00,2010-11-18 12:14:00,2,330.56,165.28,387,723,True,2010-11-18 12:14:00,336.0,True,False,2,3,2,7,At Risk,Dormant,Low-cost reactivation
17777,2011-08-31 14:35:00,2011-11-15 12:02:00,3,647.56,215.85333333333332,25,100,True,2011-10-31 13:05:00,60.0,True,True,4,3,3,10,Potential Loyalists,Active repeat,Develop loyalty
17778,2010-02-16 12:44:00,2010-02-16 12:44:00,1,197.70000000000002,197.70000000000002,662,662,False,,,True,False,1,2,1,4,Hibernating,Dormant,Low-cost reactivation
17779,2011-07-19 12:19:00,2011-11-18 14:15:00,3,650.3199999999999,216.7733333333333,21,144,True,2011-09-13 11:24:00,55.0,True,True,4,3,3,10,Potential Loyalists,Active repeat,Develop loyalty
17780,2010-01-24 11:21:00,2010-02-10 13:43:00,3,346.56,115.52,667,685,True,2010-02-10 13:39:00,17.0,True,True,1,3,2,6,At Risk,Dormant,Low-cost reactivation
17781,2011-03-31 19:54:00,2011-07-03 16:00:00,2,188.01999999999998,94.00999999999999,159,253,True,2011-07-03 16:00:00,93.0,True,False,3,3,1,7,Needs Attention,At risk,Test win-back
17782,2010-11-22 10:03:00,2010-11-22 11:15:00,2,679.02,339.51,383,383,True,2010-11-22 11:15:00,0.0,True,True,2,3,3,8,At Risk,Dormant,Low-cost reactivation
17783,2010-07-15 12:50:00,2011-09-28 16:07:00,3,376.96,125.65333333333332,72,513,True,2011-04-06 10:07:00,264.0,True,False,3,3,2,8,Needs Attention,Active repeat,Develop loyalty
17784,2010-06-07 16:08:00,2010-06-07 16:08:00,1,112.86,112.86,550,550,False,,,True,False,1,2,1,4,Hibernating,Dormant,Low-cost reactivation
17785,2010-05-23 13:01:00,2011-10-17 13:43:00,3,403.38,134.46,53,565,True,2010-09-20 14:14:00,120.0,True,False,4,3,2,9,Potential Loyalists,Active repeat,Develop loyalty
17786,2011-01-26 14:35:00,2011-09-15 12:51:00,2,266.85,133.425,85,317,True,2011-09-15 12:51:00,231.0,True,False,3,3,1,7,Needs Attention,Active repeat,Develop loyalty
17787,2010-12-03 13:43:00,2011-07-10 11:24:00,4,1817.54,454.385,153,371,True,2011-01-20 12:20:00,47.0,True,True,3,4,4,11,Loyal Customers,At risk,Test win-back
17788,2011-08-02 10:38:00,2011-09-27 10:09:00,2,1117.9,558.95,74,130,True,2011-09-27 10:09:00,55.0,True,True,3,3,3,9,Needs Attention,Active repeat,Develop loyalty
17789,2010-02-16 13:16:00,2011-03-03 13:14:00,2,397.15,198.575,281,661,True,2011-03-03 13:14:00,379.0,True,False,2,3,2,7,At Risk,Dormant,Low-cost reactivation
17790,2010-06-13 13:30:00,2011-11-13 11:30:00,20,2779.41,138.9705,27,544,True,2010-07-11 11:35:00,27.0,True,True,4,5,4,13,Champions,Active repeat,Protect high-value active
17791,2011-11-10 12:09:00,2011-11-10 12:09:00,1,106.1,106.1,30,30,False,,,False,False,4,2,1,7,Potential Loyalists,New,Drive second purchase
17792,2010-08-18 13:08:00,2010-08-29 14:30:00,2,368.35,184.175,467,478,True,2010-08-29 14:30:00,11.0,True,True,1,3,2,6,At Risk,Dormant,Low-cost reactivation
17793,2011-11-14 14:24:00,2011-11-14 14:24:00,1,300.34,300.34,25,25,False,,,False,False,4,2,2,8,Potential Loyalists,New,Drive second purchase
17794,2010-01-20 12:17:00,2010-01-22 10:18:00,2,147.3,73.65,687,689,True,2010-01-22 10:18:00,1.0,True,True,1,3,1,5,At Risk,Dormant,Low-cost reactivation
17795,2011-03-20 12:02:00,2011-06-13 12:36:00,2,342.83000000000004,171.41500000000002,180,265,True,2011-06-13 12:36:00,85.0,True,True,3,3,2,8,Needs Attention,At risk,Test win-back
17796,2010-10-14 13:37:00,2011-10-30 15:38:00,7,1236.39,176.62714285714287,40,421,True,2010-11-21 10:49:00,37.0,True,True,4,4,4,12,Champions,Active repeat,Develop loyalty
17797,2009-12-15 14:30:00,2011-11-17 13:21:00,8,1971.8700000000001,246.48375000000001,22,724,True,2010-01-27 12:14:00,42.0,True,True,4,5,4,13,Champions,Active repeat,Develop loyalty
17798,2010-05-07 11:42:00,2010-05-07 11:42:00,1,178.07,178.07,582,582,False,,,True,False,1,2,1,4,Hibernating,Dormant,Low-cost reactivation
17799,2009-12-13 16:03:00,2011-11-17 15:16:00,20,6246.93,312.3465,22,726,True,2010-01-22 16:28:00,40.0,True,True,4,5,5,14,Champions,Active repeat,Protect high-value active
17800,2011-01-09 13:50:00,2011-11-02 12:57:00,9,1187.21,131.91222222222223,37,334,True,2011-03-11 14:06:00,61.0,True,True,4,5,3,12,Loyal Customers,Active repeat,Develop loyalty
17801,2010-01-17 11:31:00,2010-09-14 14:32:00,3,770.03,256.6766666666667,451,692,True,2010-06-08 14:10:00,142.0,True,False,1,3,3,7,At Risk,Dormant,Low-cost reactivation
17802,2009-12-13 13:39:00,2011-09-18 14:56:00,10,4946.22,494.622,82,726,True,2009-12-13 14:10:00,0.0,True,True,3,5,5,13,Loyal Customers,Active repeat,Protect high-value active
17803,2010-11-12 13:53:00,2010-11-12 13:53:00,1,184.66,184.66,392,392,False,,,True,False,2,2,1,5,Hibernating,Dormant,Low-cost reactivation
17804,2009-12-01 12:22:00,2010-11-28 14:01:00,3,383.78,127.92666666666666,376,739,True,2010-06-25 13:35:00,206.0,True,False,2,3,2,7,At Risk,Dormant,Low-cost reactivation
17805,2010-04-08 14:36:00,2011-09-27 11:49:00,2,927.03,463.515,74,610,True,2011-09-27 11:49:00,536.0,True,False,3,3,3,9,Needs Attention,Active repeat,Develop loyalty
17806,2011-11-28 14:12:00,2011-11-28 14:12:00,1,546.04,546.04,11,11,False,,,False,False,5,2,2,9,Potential Loyalists,New,Drive second purchase
17807,2010-01-04 14:00:00,2010-11-09 16:21:00,3,437.87,145.95666666666668,395,704,True,2010-05-09 14:07:00,125.0,True,False,2,3,2,7,At Risk,Dormant,Low-cost reactivation
17808,2010-05-07 16:26:00,2010-06-09 10:44:00,4,262.64,65.66,549,581,True,2010-05-30 14:45:00,22.0,True,True,1,4,1,6,At Risk,Dormant,Low-cost reactivation
17809,2009-12-02 14:52:00,2011-11-23 12:59:00,20,10085.89,504.29449999999997,16,737,True,2009-12-15 10:10:00,12.0,True,True,5,5,5,15,Champions,Active repeat,Protect high-value active
17810,2010-01-25 10:26:00,2010-02-09 10:47:00,2,373.15999999999997,186.57999999999998,669,684,True,2010-02-09 10:47:00,15.0,True,True,1,3,2,6,At Risk,Dormant,Low-cost reactivation
17811,2010-09-20 11:24:00,2011-12-05 13:46:00,47,9519.800000000001,202.54893617021278,4,446,True,2010-09-24 11:11:00,3.0,True,True,5,5,5,15,Champions,Active repeat,Protect high-value active
17812,2010-06-27 13:34:00,2011-11-27 11:47:00,7,911.99,130.28428571428572,13,530,True,2010-10-11 13:31:00,105.0,True,False,5,4,3,12,Loyal Customers,Active repeat,Develop loyalty
17813,2011-09-29 15:57:00,2011-11-25 16:13:00,5,1698.07,339.614,14,71,True,2011-10-06 16:01:00,7.0,False,False,5,4,4,13,Champions,Active repeat,Develop loyalty
17814,2010-10-13 14:03:00,2010-11-29 14:21:00,2,1609.37,804.685,375,422,True,2010-11-29 14:21:00,47.0,True,True,2,3,4,9,At Risk,Dormant,Low-cost reactivation
17815,2010-11-11 14:39:00,2010-11-11 14:39:00,1,591.96,591.96,393,393,False,,,True,False,2,2,2,6,Hibernating,Dormant,Low-cost reactivation
17816,2009-12-15 15:27:00,2011-11-03 11:34:00,6,96.11,16.018333333333334,37,724,True,2010-02-19 13:53:00,65.0,True,True,4,4,1,9,Loyal Customers,Active repeat,Develop loyalty
17817,2010-10-13 15:07:00,2011-12-05 14:39:00,6,788.15,131.35833333333332,4,422,True,2010-10-20 17:12:00,7.0,True,True,5,4,3,12,Loyal Customers,Active repeat,Develop loyalty
17818,2009-12-02 11:34:00,2009-12-02 11:34:00,1,124.78,124.78,738,738,False,,,True,False,1,2,1,4,Hibernating,Dormant,Low-cost reactivation
17819,2009-12-13 15:24:00,2011-09-29 10:52:00,12,6021.05,501.75416666666666,72,726,True,2009-12-23 16:58:00,10.0,True,True,3,5,5,13,Loyal Customers,Active repeat,Protect high-value active
17820,2010-11-30 17:43:00,2010-11-30 17:43:00,1,180.60999999999999,180.60999999999999,374,374,False,,,True,False,2,2,1,5,Hibernating,Dormant,Low-cost reactivation
17821,2010-10-29 13:20:00,2010-10-29 13:20:00,1,334.62,334.62,406,406,False,,,True,False,2,2,2,6,Hibernating,Dormant,Low-cost reactivation
17822,2010-05-28 12:15:00,2010-10-15 13:47:00,5,2162.93,432.58599999999996,420,561,True,2010-05-28 13:23:00,0.0,True,True,1,4,4,9,At Risk,Dormant,Low-cost reactivation
17823,2010-10-14 16:14:00,2010-10-14 16:24:00,2,449.25,224.625,421,421,True,2010-10-14 16:24:00,0.0,True,True,1,3,2,6,At Risk,Dormant,Low-cost reactivation
17824,2011-10-19 14:14:00,2011-10-19 14:14:00,1,298.4,298.4,51,51,False,,,False,False,4,2,2,8,Potential Loyalists,New,Drive second purchase
17825,2009-12-14 12:09:00,2010-04-20 12:01:00,4,701.96,175.49,599,726,True,2009-12-14 12:13:00,0.0,True,True,1,4,3,8,At Risk,Dormant,Low-cost reactivation
17826,2010-11-30 13:23:00,2010-11-30 13:23:00,1,133.34,133.34,374,374,False,,,True,False,2,2,1,5,Hibernating,Dormant,Low-cost reactivation
17827,2010-03-28 12:20:00,2011-12-04 15:00:00,6,2376.17,396.02833333333336,5,622,True,2010-12-10 10:18:00,256.0,True,False,5,4,4,13,Champions,Active repeat,Protect high-value active
17828,2011-06-08 08:31:00,2011-11-17 08:41:00,4,1820.09,455.0225,23,185,True,2011-06-22 09:02:00,14.0,True,True,4,4,4,12,Champions,Active repeat,Develop loyalty
17829,2010-02-22 15:39:00,2011-02-14 12:46:00,5,4756.74,951.348,299,655,True,2010-08-19 15:45:00,178.0,True,False,2,4,5,11,At Risk,Dormant,Low-cost reactivation
17830,2011-02-24 10:15:00,2011-12-08 12:28:00,3,398.7,132.9,2,289,True,2011-03-23 11:44:00,27.0,True,True,5,3,2,10,Potential Loyalists,Active repeat,Develop loyalty
17831,2011-11-06 15:09:00,2011-11-06 15:09:00,1,35.400000000000006,35.400000000000006,33,33,False,,,False,False,4,2,1,7,Potential Loyalists,New,Drive second purchase
17832,2011-10-21 11:43:00,2011-10-21 11:43:00,1,155.37,155.37,50,50,False,,,False,False,4,2,1,7,Potential Loyalists,New,Drive second purchase
17833,2009-12-16 13:40:00,2009-12-16 13:40:00,1,338.46000000000004,338.46000000000004,723,723,False,,,True,False,1,2,2,5,Hibernating,Dormant,Low-cost reactivation
17834,2010-09-20 15:32:00,2010-10-21 12:09:00,2,689.6700000000001,344.83500000000004,415,445,True,2010-10-21 12:09:00,30.0,True,True,1,3,3,7,At Risk,Dormant,Low-cost reactivation
17835,2011-11-16 16:30:00,2011-12-07 11:48:00,3,342.24,114.08,3,23,True,2011-11-30 11:17:00,13.0,False,False,5,3,2,10,Potential Loyalists,Active repeat,Develop loyalty
17836,2011-10-23 16:13:00,2011-10-23 16:13:00,1,110.21000000000001,110.21000000000001,47,47,False,,,False,False,4,2,1,7,Potential Loyalists,New,Drive second purchase
17837,2011-06-29 16:44:00,2011-10-28 16:13:00,8,1541.23,192.65375,42,163,True,2011-07-07 17:47:00,8.0,True,True,4,5,4,13,Champions,Active repeat,Develop loyalty
17838,2010-03-19 09:53:00,2011-11-13 11:20:00,13,5604.64,431.1261538461539,27,631,True,2010-03-19 09:54:00,0.0,True,True,4,5,5,14,Champions,Active repeat,Protect high-value active
17839,2011-10-28 17:27:00,2011-10-28 17:27:00,1,318.15,318.15,42,42,False,,,False,False,4,2,2,8,Potential Loyalists,New,Drive second purchase
17840,2010-09-22 12:24:00,2010-09-22 12:24:00,1,175.9,175.9,444,444,False,,,True,False,1,2,1,4,Hibernating,Dormant,Low-cost reactivation
17841,2009-12-02 15:41:00,2011-12-08 12:07:00,211,68545.25,324.8590047393365,2,737,True,2009-12-04 14:29:00,1.0,True,True,5,5,5,15,Champions,Active repeat,Protect high-value active
17842,2010-04-16 14:23:00,2010-04-16 14:23:00,1,430.69,430.69,602,602,False,,,True,False,1,2,2,5,Hibernating,Dormant,Low-cost reactivation
17843,2010-10-24 10:56:00,2011-02-09 15:33:00,2,320.4,160.2,303,412,True,2011-02-09 15:33:00,108.0,True,False,2,3,2,7,At Risk,Dormant,Low-cost reactivation
17844,2011-08-25 11:27:00,2011-08-25 11:27:00,1,51.559999999999995,51.559999999999995,107,107,False,,,True,False,3,2,1,6,Needs Attention,At risk,Test win-back
17845,2010-05-12 13:04:00,2010-06-02 15:20:00,4,596.0899999999999,149.02249999999998,555,576,True,2010-05-12 13:12:00,0.0,True,True,1,4,2,7,At Risk,Dormant,Low-cost reactivation
17846,2011-09-15 15:20:00,2011-09-15 15:20:00,1,2033.1,2033.1,85,85,False,,,False,False,3,2,4,9,Needs Attention,New,Drive second purchase
17847,2010-03-04 12:57:00,2010-07-12 10:00:00,2,129.69,64.845,516,645,True,2010-07-12 10:00:00,129.0,True,False,1,3,1,5,At Risk,Dormant,Low-cost reactivation
17848,2009-12-06 13:19:00,2011-09-19 16:49:00,30,3559.11,118.637,81,733,True,2010-01-14 19:10:00,39.0,True,True,3,5,5,13,Loyal Customers,Active repeat,Protect high-value active
17849,2010-03-14 15:17:00,2011-05-05 13:46:00,8,1063.76,132.97,218,635,True,2010-03-14 15:19:00,0.0,True,True,2,5,3,10,At Risk,Dormant,Low-cost reactivation
17850,2009-12-05 12:28:00,2010-12-02 15:27:00,155,51208.87,330.3798064516129,372,735,True,2009-12-05 13:26:00,0.0,True,True,2,5,5,12,At Risk,Dormant,Low-cost reactivation
17851,2009-12-03 17:46:00,2010-10-13 15:13:00,6,1552.35,258.72499999999997,422,736,True,2009-12-11 14:39:00,7.0,True,True,1,4,4,9,At Risk,Dormant,Low-cost reactivation
17852,2009-12-08 12:51:00,2011-11-28 12:36:00,5,657.8100000000001,131.562,12,731,True,2009-12-15 11:06:00,6.0,True,True,5,4,3,12,Loyal Customers,Active repeat,Develop loyalty
17853,2009-12-03 15:09:00,2010-10-28 15:29:00,3,1596.29,532.0966666666667,407,736,True,2010-08-20 11:14:00,259.0,True,False,2,3,4,9,At Risk,Dormant,Low-cost reactivation
17854,2009-12-08 11:13:00,2011-06-07 16:21:00,6,1068.5,178.08333333333334,185,732,True,2010-07-13 12:38:00,217.0,True,False,3,4,3,10,Loyal Customers,Dormant,Low-cost reactivation
17855,2010-12-02 09:44:00,2010-12-02 09:44:00,1,208.97,208.97,373,373,False,,,True,False,2,2,1,5,Hibernating,Dormant,Low-cost reactivation
17856,2011-03-03 11:40:00,2011-12-08 09:40:00,4,1418.03,354.5075,2,282,True,2011-03-20 11:37:00,16.0,True,True,5,4,4,13,Champions,Active repeat,Develop loyalty
17857,2010-03-08 12:09:00,2011-12-05 13:13:00,24,27347.04,1139.46,4,642,True,2010-12-09 11:35:00,275.0,True,False,5,5,5,15,Champions,Active repeat,Protect high-value active
17858,2009-12-06 15:41:00,2011-12-04 11:56:00,30,12518.65,417.2883333333333,6,733,True,2009-12-20 12:47:00,13.0,True,True,5,5,5,15,Champions,Active repeat,Protect high-value active
17859,2011-02-08 10:32:00,2011-02-08 10:32:00,1,141.92000000000002,141.92000000000002,305,305,False,,,True,False,2,2,1,5,Hibernating,Dormant,Low-cost reactivation
17860,2009-12-11 16:48:00,2010-12-06 12:41:00,4,717.39,179.3475,369,728,True,2009-12-11 16:54:00,0.0,True,True,2,4,3,9,At Risk,Dormant,Low-cost reactivation
17861,2009-12-10 11:27:00,2011-12-06 16:21:00,18,5088.29,282.6827777777778,3,730,True,2010-01-05 12:26:00,26.0,True,True,5,5,5,15,Champions,Active repeat,Protect high-value active
17862,2010-05-25 17:22:00,2011-01-20 12:23:00,4,1254.89,313.7225,324,563,True,2010-11-11 17:55:00,170.0,True,False,2,4,4,10,At Risk,Dormant,Low-cost reactivation
17863,2010-02-25 12:01:00,2011-10-11 13:45:00,12,5360.48,446.70666666666665,59,653,True,2010-05-23 15:28:00,87.0,True,True,3,5,5,13,Loyal Customers,Active repeat,Protect high-value active
17864,2010-10-08 11:49:00,2011-11-27 11:15:00,5,876.5699999999999,175.314,13,428,True,2010-11-19 12:04:00,42.0,True,True,5,4,3,12,Loyal Customers,Active repeat,Develop loyalty
17865,2009-12-01 10:49:00,2011-11-09 12:08:00,46,26312.190000000002,572.0041304347826,31,739,True,2009-12-07 13:45:00,6.0,True,True,4,5,5,14,Champions,Active repeat,Protect high-value active
17866,2009-12-14 16:01:00,2011-07-20 11:07:00,3,1134.95,378.31666666666666,143,725,True,2010-08-12 12:43:00,240.0,True,False,3,3,3,9,Needs Attention,At risk,Test win-back
17867,2009-12-02 13:39:00,2011-11-09 14:15:00,15,1582.05,105.47,30,737,True,2009-12-23 16:04:00,21.0,True,True,4,5,4,13,Champions,Active repeat,Develop loyalty
17868,2010-11-18 18:55:00,2010-11-18 18:55:00,1,227.15,227.15,386,386,False,,,True,False,2,2,1,5,Hibernating,Dormant,Low-cost reactivation
17869,2010-06-10 13:47:00,2011-08-24 16:16:00,7,813.64,116.23428571428572,107,547,True,2010-08-27 12:18:00,77.0,True,True,3,4,3,10,Loyal Customers,At risk,Test win-back
17870,2010-11-23 11:39:00,2011-12-07 15:07:00,13,2753.29,211.79153846153847,2,382,True,2010-12-08 08:12:00,14.0,True,True,5,5,4,14,Champions,Active repeat,Protect high-value active
17871,2010-01-15 14:48:00,2011-05-19 11:32:00,5,1068.95,213.79000000000002,205,693,True,2010-05-10 17:03:00,115.0,True,False,2,4,3,9,At Risk,Dormant,Low-cost reactivation
17872,2010-11-23 12:02:00,2010-11-23 12:02:00,1,235.87,235.87,382,382,False,,,True,False,2,2,1,5,Hibernating,Dormant,Low-cost reactivation
17873,2009-12-16 15:11:00,2011-09-20 16:41:00,18,6265.33,348.07388888888886,80,723,True,2009-12-16 15:24:00,0.0,True,True,3,5,5,13,Loyal Customers,Active repeat,Protect high-value active
17874,2011-03-29 11:25:00,2011-06-07 12:54:00,6,683.46,113.91000000000001,185,256,True,2011-04-28 13:17:00,30.0,True,True,3,4,3,10,Loyal Customers,Dormant,Low-cost reactivation
17875,2010-01-20 15:30:00,2010-01-20 15:30:00,1,167.1,167.1,688,688,False,,,True,False,1,2,1,4,Hibernating,Dormant,Low-cost reactivation
17876,2010-02-02 13:00:00,2010-11-05 10:52:00,3,3424.02,1141.34,400,675,True,2010-04-16 10:01:00,72.0,True,True,2,3,5,10,At Risk,Dormant,Low-cost reactivation
17877,2011-06-22 13:00:00,2011-06-22 13:00:00,1,237.61,237.61,170,170,False,,,True,False,3,2,1,6,Needs Attention,At risk,Test win-back
17878,2010-11-09 13:50:00,2011-10-27 11:24:00,3,1378.93,459.6433333333334,44,395,True,2010-11-09 13:52:00,0.0,True,True,4,3,4,11,Potential Loyalists,Active repeat,Develop loyalty
17879,2011-06-19 12:36:00,2011-06-19 12:36:00,1,178.51999999999998,178.51999999999998,174,174,False,,,True,False,3,2,1,6,Needs Attention,At risk,Test win-back
17880,2009-12-09 16:13:00,2010-12-10 10:21:00,3,824.9200000000001,274.97333333333336,365,730,True,2010-03-10 12:39:00,90.0,True,True,2,3,3,8,At Risk,Dormant,Low-cost reactivation
17881,2011-02-08 17:16:00,2011-02-08 17:16:00,1,133.35000000000002,133.35000000000002,304,304,False,,,True,False,2,2,1,5,Hibernating,Dormant,Low-cost reactivation
17882,2010-11-25 14:35:00,2010-11-25 14:40:00,2,291.56,145.78,379,379,True,2010-11-25 14:40:00,0.0,True,True,2,3,2,7,At Risk,Dormant,Low-cost reactivation
17883,2010-02-25 20:07:00,2011-12-06 17:49:00,7,988.4200000000001,141.20285714285714,3,652,True,2010-06-18 16:36:00,112.0,True,False,5,4,3,12,Loyal Customers,Active repeat,Develop loyalty
17884,2009-12-04 16:23:00,2011-12-06 11:33:00,20,2698.47,134.9235,4,735,True,2009-12-04 16:45:00,0.0,True,True,5,5,4,14,Champions,Active repeat,Protect high-value active
17885,2011-11-27 14:40:00,2011-11-27 14:40:00,1,156.34,156.34,12,12,False,,,False,False,5,2,1,8,Potential Loyalists,New,Drive second purchase
17886,2010-04-29 11:10:00,2011-11-08 10:09:00,6,1572.55,262.09166666666664,32,590,True,2010-08-26 15:03:00,119.0,True,False,4,4,4,12,Champions,Active repeat,Develop loyalty
17887,2011-08-02 17:29:00,2011-08-02 17:29:00,1,111.35,111.35,129,129,False,,,True,False,3,2,1,6,Needs Attention,At risk,Test win-back
17888,2009-12-21 16:34:00,2011-11-18 13:45:00,25,1807.44,72.2976,21,718,True,2010-01-22 14:40:00,31.0,True,True,4,5,4,13,Champions,Active repeat,Develop loyalty
17889,2010-03-31 10:54:00,2011-05-11 16:26:00,7,746.42,106.63142857142857,212,619,True,2010-11-15 17:44:00,229.0,True,False,2,4,3,9,At Risk,Dormant,Low-cost reactivation
17890,2010-12-13 15:12:00,2011-01-21 11:19:00,2,586.89,293.445,323,361,True,2011-01-21 11:19:00,38.0,True,True,2,3,2,7,At Risk,Dormant,Low-cost reactivation
17891,2011-06-30 20:08:00,2011-06-30 20:08:00,1,203.85999999999999,203.85999999999999,162,162,False,,,True,False,3,2,1,6,Needs Attention,At risk,Test win-back
17892,2011-07-07 12:56:00,2011-10-14 16:49:00,3,244.1,81.36666666666666,56,155,True,2011-10-13 13:20:00,98.0,True,False,4,3,1,8,Potential Loyalists,Active repeat,Develop loyalty
17893,2011-04-28 13:50:00,2011-04-28 13:50:00,1,107.21,107.21,225,225,False,,,True,False,2,2,1,5,Hibernating,Dormant,Low-cost reactivation
17894,2010-08-27 14:13:00,2011-09-29 09:23:00,18,2304.58,128.03222222222223,72,469,True,2010-10-06 10:03:00,39.0,True,True,3,5,4,12,Loyal Customers,Active repeat,Protect high-value active
17895,2011-10-26 17:00:00,2011-10-26 17:00:00,1,95.45,95.45,44,44,False,,,False,False,4,2,1,7,Potential Loyalists,New,Drive second purchase
17896,2011-11-16 13:59:00,2011-11-16 13:59:00,1,256.32,256.32,23,23,False,,,False,False,4,2,1,7,Potential Loyalists,New,Drive second purchase
17897,2010-05-12 16:03:00,2011-06-20 11:23:00,9,2099.89,233.3211111111111,173,576,True,2010-05-19 13:16:00,6.0,True,True,3,5,4,12,Loyal Customers,At risk,Test win-back
17898,2010-05-21 17:22:00,2011-09-15 14:56:00,4,299.18,74.795,85,567,True,2010-09-13 12:01:00,114.0,True,False,3,4,2,9,Loyal Customers,Active repeat,Develop loyalty
17899,2011-07-03 14:58:00,2011-07-03 14:58:00,1,154.55,154.55,159,159,False,,,True,False,3,2,1,6,Needs Attention,At risk,Test win-back
17900,2011-06-02 14:28:00,2011-06-02 14:38:00,2,112.19999999999999,56.099999999999994,190,190,True,2011-06-02 14:38:00,0.0,True,True,2,3,1,6,At Risk,Dormant,Low-cost reactivation
17901,2010-07-06 10:54:00,2011-11-10 17:29:00,3,260.08,86.69333333333333,29,522,True,2010-07-06 11:05:00,0.0,True,True,4,3,1,8,Potential Loyalists,Active repeat,Develop loyalty
17902,2010-06-11 12:25:00,2010-06-11 12:25:00,1,216.39999999999998,216.39999999999998,547,547,False,,,True,False,1,2,1,4,Hibernating,Dormant,Low-cost reactivation
17903,2010-11-10 15:39:00,2010-11-10 15:39:00,1,381.09000000000003,381.09000000000003,394,394,False,,,True,False,2,2,2,6,Hibernating,Dormant,Low-cost reactivation
17904,2011-11-18 12:57:00,2011-11-18 12:57:00,1,181.07,181.07,21,21,False,,,False,False,4,2,1,7,Potential Loyalists,New,Drive second purchase
17905,2010-01-28 17:54:00,2011-09-29 17:33:00,13,2178.87,167.6053846153846,71,680,True,2010-01-28 17:55:00,0.0,True,True,3,5,4,12,Loyal Customers,Active repeat,Develop loyalty
17906,2011-04-06 17:25:00,2011-04-06 17:25:00,1,72.9,72.9,247,247,False,,,True,False,2,2,1,5,Hibernating,Dormant,Low-cost reactivation
17907,2010-03-09 12:33:00,2010-03-09 12:33:00,1,291.76,291.76,641,641,False,,,True,False,1,2,2,5,Hibernating,Dormant,Low-cost reactivation
17908,2009-12-14 12:24:00,2010-12-01 11:45:00,5,1142.47,228.494,374,726,True,2010-04-20 11:52:00,126.0,True,False,2,4,3,9,At Risk,Dormant,Low-cost reactivation
17909,2009-12-02 13:10:00,2009-12-02 13:10:00,1,110.05,110.05,737,737,False,,,True,False,1,2,1,4,Hibernating,Dormant,Low-cost reactivation
17910,2009-12-13 16:04:00,2009-12-13 16:04:00,1,261.7,261.7,726,726,False,,,True,False,1,2,1,4,Hibernating,Dormant,Low-cost reactivation
17911,2011-11-30 14:52:00,2011-11-30 14:52:00,1,366.23,366.23,9,9,False,,,False,False,5,2,2,9,Potential Loyalists,New,Drive second purchase
17912,2010-11-29 13:53:00,2011-02-02 14:25:00,6,374.55,62.425000000000004,310,375,True,2010-12-10 11:11:00,10.0,True,True,2,4,2,8,At Risk,Dormant,Low-cost reactivation
17913,2009-12-03 13:02:00,2011-10-12 10:45:00,14,3429.29,244.9492857142857,59,736,True,2009-12-03 13:05:00,0.0,True,True,3,5,5,13,Loyal Customers,Active repeat,Protect high-value active
17914,2011-12-06 11:58:00,2011-12-06 11:58:00,1,329.36,329.36,4,4,False,,,False,False,5,2,2,9,Potential Loyalists,New,Drive second purchase
17915,2010-06-06 13:22:00,2010-06-06 13:22:00,1,225.78,225.78,551,551,False,,,True,False,1,2,1,4,Hibernating,Dormant,Low-cost reactivation
17916,2009-12-06 14:10:00,2010-03-21 12:26:00,2,43.870000000000005,21.935000000000002,629,733,True,2010-03-21 12:26:00,104.0,True,False,1,3,1,5,At Risk,Dormant,Low-cost reactivation
17917,2010-12-12 12:08:00,2011-10-25 13:20:00,3,335.03,111.67666666666666,45,363,True,2011-03-28 16:37:00,106.0,True,False,4,3,2,9,Potential Loyalists,Active repeat,Develop loyalty
17918,2010-07-22 14:20:00,2010-07-27 11:51:00,3,396.39,132.13,501,505,True,2010-07-26 15:49:00,4.0,True,True,1,3,2,6,At Risk,Dormant,Low-cost reactivation
17919,2010-09-27 10:40:00,2011-09-12 13:41:00,2,1840.32,920.16,88,439,True,2011-09-12 13:41:00,350.0,True,False,3,3,4,10,Needs Attention,Active repeat,Develop loyalty
17920,2009-12-06 10:37:00,2011-12-05 14:29:00,54,23581.78,436.6996296296296,4,734,True,2009-12-06 11:13:00,0.0,True,True,5,5,5,15,Champions,Active repeat,Protect high-value active
17921,2010-07-15 20:05:00,2011-10-06 18:56:00,10,2394.36,239.436,64,512,True,2010-07-29 19:56:00,13.0,True,True,3,5,4,12,Loyal Customers,Active repeat,Protect high-value active
17922,2010-06-14 16:32:00,2010-06-14 16:32:00,1,170.4,170.4,543,543,False,,,True,False,1,2,1,4,Hibernating,Dormant,Low-cost reactivation
17923,2010-06-13 13:58:00,2011-03-02 15:15:00,3,497.0,165.66666666666666,282,544,True,2010-06-30 13:41:00,16.0,True,True,2,3,2,7,At Risk,Dormant,Low-cost reactivation
17924,2010-10-21 12:17:00,2011-11-28 09:11:00,8,3257.7000000000003,407.21250000000003,12,415,True,2010-12-01 10:51:00,40.0,True,True,5,5,5,15,Champions,Active repeat,Protect high-value active
17925,2010-12-02 10:10:00,2010-12-02 10:10:00,1,244.08,244.08,373,373,False,,,True,False,2,2,1,5,Hibernating,Dormant,Low-cost reactivation
17926,2010-05-09 14:07:00,2011-07-29 14:39:00,5,1035.49,207.098,133,579,True,2010-09-01 13:44:00,114.0,True,False,3,4,3,10,Loyal Customers,At risk,Test win-back
17927,2009-12-18 11:03:00,2009-12-18 11:03:00,1,294.0,294.0,722,722,False,,,True,False,1,2,2,5,Hibernating,Dormant,Low-cost reactivation
17928,2010-05-17 15:30:00,2011-10-25 13:52:00,3,341.24,113.74666666666667,45,571,True,2011-04-07 18:03:00,325.0,True,False,4,3,2,9,Potential Loyalists,Active repeat,Develop loyalty
17929,2009-12-09 11:40:00,2011-11-28 16:01:00,12,3082.1,256.84166666666664,11,731,True,2010-02-28 13:28:00,81.0,True,True,5,5,5,15,Champions,Active repeat,Protect high-value active
17930,2010-03-04 10:41:00,2011-11-04 10:23:00,13,4275.22,328.86307692307696,36,646,True,2010-03-19 10:11:00,14.0,True,True,4,5,5,14,Champions,Active repeat,Protect high-value active
17931,2010-02-16 15:47:00,2011-07-28 18:33:00,14,3402.24,243.01714285714283,134,661,True,2010-03-04 17:40:00,16.0,True,True,3,5,5,13,Loyal Customers,At risk,Win back high-value
17932,2011-05-12 13:58:00,2011-11-10 19:49:00,3,1331.57,443.8566666666666,29,211,True,2011-06-19 10:39:00,37.0,True,True,4,3,4,11,Potential Loyalists,Active repeat,Develop loyalty
17933,2010-03-17 15:11:00,2010-03-17 15:11:00,1,114.69,114.69,632,632,False,,,True,False,1,2,1,4,Hibernating,Dormant,Low-cost reactivation
17934,2010-10-29 12:23:00,2011-10-19 11:16:00,3,1049.15,349.7166666666667,52,407,True,2011-10-12 10:50:00,347.0,True,False,4,3,3,10,Potential Loyalists,Active repeat,Develop loyalty
17935,2009-12-04 14:33:00,2011-07-24 13:18:00,7,686.14,98.02,138,735,True,2010-03-24 12:07:00,109.0,True,False,3,4,3,10,Loyal Customers,At risk,Test win-back
17936,2011-12-04 13:32:00,2011-12-04 13:32:00,1,380.13,380.13,5,5,False,,,False,False,5,2,2,9,Potential Loyalists,New,Drive second purchase
17937,2010-12-12 14:43:00,2011-12-01 11:45:00,7,4301.22,614.46,9,362,True,2010-12-13 14:56:00,1.0,True,True,5,4,5,14,Champions,Active repeat,Protect high-value active
17938,2010-10-15 14:27:00,2010-10-15 14:27:00,1,144.29,144.29,420,420,False,,,True,False,1,2,1,4,Hibernating,Dormant,Low-cost reactivation
17939,2011-07-03 12:27:00,2011-07-03 12:27:00,1,99.14,99.14,160,160,False,,,True,False,3,2,1,6,Needs Attention,At risk,Test win-back
17940,2009-12-03 12:31:00,2011-10-21 13:27:00,16,30306.79,1894.174375,49,737,True,2010-01-26 17:03:00,54.0,True,True,4,5,5,14,Champions,Active repeat,Protect high-value active
17941,2010-01-06 15:37:00,2011-08-01 08:30:00,4,1433.28,358.32,131,702,True,2010-02-18 19:11:00,43.0,True,True,3,4,4,11,Loyal Customers,At risk,Test win-back
17942,2011-12-02 10:45:00,2011-12-02 10:45:00,1,77.50000000000001,77.50000000000001,8,8,False,,,False,False,5,2,1,8,Potential Loyalists,New,Drive second purchase
17944,2010-10-12 16:25:00,2010-10-12 16:25:00,1,74.99,74.99,423,423,False,,,True,False,1,2,1,4,Hibernating,Dormant,Low-cost reactivation
17945,2010-01-12 11:33:00,2010-01-12 11:40:00,3,360.35,120.11666666666667,697,697,True,2010-01-12 11:36:00,0.0,True,True,1,3,2,6,At Risk,Dormant,Low-cost reactivation
17946,2011-03-25 14:34:00,2011-04-20 17:00:00,2,149.57999999999998,74.78999999999999,233,259,True,2011-04-20 17:00:00,26.0,True,True,2,3,1,6,At Risk,Dormant,Low-cost reactivation
17947,2011-11-02 13:05:00,2011-11-02 13:05:00,1,176.68,176.68,37,37,False,,,False,False,4,2,1,7,Potential Loyalists,New,Drive second purchase
17948,2011-07-15 12:58:00,2011-07-15 12:58:00,1,358.56000000000006,358.56000000000006,147,147,False,,,True,False,3,2,2,7,Needs Attention,At risk,Test win-back
17949,2009-12-02 11:07:00,2011-12-08 18:46:00,118,117314.08,994.1871186440678,1,738,True,2009-12-02 11:07:00,0.0,True,True,5,5,5,15,Champions,Active repeat,Protect high-value active
17950,2010-01-04 17:39:00,2011-09-28 15:18:00,7,1166.29,166.61285714285714,72,704,True,2010-05-19 16:30:00,134.0,True,False,3,4,3,10,Loyal Customers,Active repeat,Develop loyalty
17951,2010-10-31 15:15:00,2011-10-31 12:30:00,4,1340.5800000000002,335.14500000000004,40,404,True,2010-12-01 12:40:00,30.0,True,True,4,4,4,12,Champions,Active repeat,Develop loyalty
17952,2010-06-16 11:54:00,2010-11-26 13:54:00,4,788.46,197.115,378,542,True,2010-06-16 12:02:00,0.0,True,True,2,4,3,9,At Risk,Dormant,Low-cost reactivation
17953,2010-06-17 15:08:00,2010-06-17 15:08:00,1,159.17000000000002,159.17000000000002,540,540,False,,,True,False,1,2,1,4,Hibernating,Dormant,Low-cost reactivation
17954,2009-12-09 13:22:00,2011-12-04 14:15:00,19,3804.38,200.2305263157895,5,730,True,2009-12-16 12:29:00,6.0,True,True,5,5,5,15,Champions,Active repeat,Protect high-value active
17955,2010-02-12 16:27:00,2011-05-25 12:00:00,6,949.9,158.31666666666666,199,665,True,2010-02-22 11:22:00,9.0,True,True,2,4,3,9,At Risk,Dormant,Low-cost reactivation
17956,2011-04-04 13:47:00,2011-04-04 13:47:00,1,12.75,12.75,249,249,False,,,True,False,2,2,1,5,Hibernating,Dormant,Low-cost reactivation
17957,2011-10-04 14:58:00,2011-10-04 14:58:00,1,111.68,111.68,66,66,False,,,False,False,3,2,1,6,Needs Attention,New,Drive second purchase
17958,2009-12-11 15:37:00,2011-08-15 12:19:00,2,973.8799999999999,486.93999999999994,117,728,True,2011-08-15 12:19:00,611.0,True,False,3,3,3,9,Needs Attention,At risk,Test win-back
17959,2010-04-26 14:12:00,2010-04-26 14:12:00,1,140.75,140.75,592,592,False,,,True,False,1,2,1,4,Hibernating,Dormant,Low-cost reactivation
17960,2010-03-08 12:22:00,2011-06-21 14:15:00,3,135.08,45.02666666666667,171,642,True,2010-07-05 09:56:00,118.0,True,False,3,3,1,7,Needs Attention,At risk,Test win-back
17961,2009-12-01 14:48:00,2011-11-18 16:55:00,100,2866.74,28.667399999999997,21,738,True,2009-12-04 15:16:00,3.0,True,True,4,5,4,13,Champions,Active repeat,Protect high-value active
17962,2010-01-13 15:24:00,2011-07-20 14:16:00,4,666.96,166.74,142,695,True,2010-06-08 16:15:00,146.0,True,False,3,4,3,10,Loyal Customers,At risk,Test win-back
17963,2010-01-19 17:25:00,2010-08-25 15:58:00,4,643.16,160.79,471,689,True,2010-06-11 15:54:00,142.0,True,False,1,4,3,8,At Risk,Dormant,Low-cost reactivation
17964,2010-12-02 13:32:00,2011-11-08 10:44:00,2,463.21,231.605,32,372,True,2011-11-08 10:44:00,340.0,True,False,4,3,2,9,Potential Loyalists,Active repeat,Develop loyalty
17965,2009-12-14 13:19:00,2011-11-02 09:31:00,29,7006.65,241.60862068965517,38,725,True,2010-01-06 13:56:00,23.0,True,True,4,5,5,14,Champions,Active repeat,Protect high-value active
17966,2010-01-18 13:24:00,2011-11-02 10:26:00,10,1963.92,196.392,38,690,True,2010-01-18 13:36:00,0.0,True,True,4,5,4,13,Champions,Active repeat,Develop loyalty
17967,2010-10-19 13:19:00,2010-12-03 11:19:00,2,223.42,111.71,372,416,True,2010-12-03 11:19:00,44.0,True,True,2,3,1,6,At Risk,Dormant,Low-cost reactivation
17968,2010-07-15 15:01:00,2010-12-01 12:23:00,4,590.44,147.61,374,512,True,2010-11-15 15:18:00,123.0,True,False,2,4,2,8,At Risk,Dormant,Low-cost reactivation
17969,2009-12-06 13:53:00,2011-06-26 13:00:00,20,2354.29,117.7145,166,733,True,2009-12-13 14:38:00,7.0,True,True,3,5,4,12,Loyal Customers,At risk,Win back high-value
17970,2011-05-12 20:03:00,2011-05-12 20:03:00,1,562.79,562.79,211,211,False,,,True,False,2,2,2,6,Hibernating,Dormant,Low-cost reactivation
17971,2010-06-09 14:04:00,2010-06-09 14:04:00,1,161.94,161.94,548,548,False,,,True,False,1,2,1,4,Hibernating,Dormant,Low-cost reactivation
17972,2011-04-12 12:16:00,2011-04-12 12:16:00,1,135.19,135.19,242,242,False,,,True,False,2,2,1,5,Hibernating,Dormant,Low-cost reactivation
17973,2011-10-19 10:34:00,2011-10-19 10:34:00,1,337.04,337.04,52,52,False,,,False,False,4,2,2,8,Potential Loyalists,New,Drive second purchase
17974,2010-10-28 20:03:00,2011-11-15 11:37:00,6,1739.09,289.8483333333333,25,407,True,2010-11-10 12:09:00,12.0,True,True,4,4,4,12,Champions,Active repeat,Develop loyalty
17975,2010-08-06 11:24:00,2011-11-24 13:27:00,24,6696.33,279.01375,15,491,True,2010-09-06 14:54:00,31.0,True,True,5,5,5,15,Champions,Active repeat,Protect high-value active
17976,2010-12-02 13:49:00,2010-12-02 13:49:00,1,321.79,321.79,372,372,False,,,True,False,2,2,2,6,Hibernating,Dormant,Low-cost reactivation
17977,2010-11-04 14:26:00,2011-11-10 13:28:00,2,1511.4499999999998,755.7249999999999,29,400,True,2011-11-10 13:28:00,370.0,True,False,4,3,4,11,Potential Loyalists,Active repeat,Develop loyalty
17978,2009-12-08 13:27:00,2010-12-09 14:05:00,4,1159.9899999999998,289.99749999999995,365,731,True,2010-01-11 13:51:00,34.0,True,True,2,4,3,9,At Risk,Dormant,Low-cost reactivation
17979,2011-03-25 11:34:00,2011-11-04 12:05:00,4,732.4100000000001,183.10250000000002,36,260,True,2011-03-25 12:07:00,0.0,True,True,4,4,3,11,Loyal Customers,Active repeat,Develop loyalty
17980,2010-11-11 14:42:00,2011-06-27 12:01:00,4,1012.72,253.18,166,393,True,2010-12-15 15:50:00,34.0,True,True,3,4,3,10,Loyal Customers,At risk,Test win-back
17981,2010-10-25 10:40:00,2010-10-25 10:40:00,1,239.12,239.12,411,411,False,,,True,False,1,2,1,4,Hibernating,Dormant,Low-cost reactivation
17982,2010-01-28 09:38:00,2010-01-28 09:38:00,1,138.18,138.18,681,681,False,,,True,False,1,2,1,4,Hibernating,Dormant,Low-cost reactivation
17983,2010-11-09 13:23:00,2010-11-09 13:23:00,1,171.71,171.71,395,395,False,,,True,False,2,2,1,5,Hibernating,Dormant,Low-cost reactivation
17984,2009-12-01 11:51:00,2011-07-17 15:59:00,5,1152.19,230.43800000000002,145,739,True,2010-08-01 15:51:00,243.0,True,False,3,4,3,10,Loyal Customers,At risk,Test win-back
17985,2011-11-17 14:24:00,2011-11-17 14:24:00,1,631.35,631.35,22,22,False,,,False,False,4,2,3,9,Potential Loyalists,New,Drive second purchase
17986,2011-10-14 14:22:00,2011-10-14 14:22:00,1,20.8,20.8,56,56,False,,,False,False,4,2,1,7,Potential Loyalists,New,Drive second purchase
17987,2010-06-07 11:23:00,2011-06-07 14:22:00,5,965.44,193.08800000000002,185,551,True,2010-11-04 11:37:00,150.0,True,False,3,4,3,10,Loyal Customers,Dormant,Low-cost reactivation
17988,2009-12-07 13:35:00,2011-11-28 11:00:00,14,489.53999999999996,34.96714285714285,12,732,True,2009-12-08 12:39:00,0.0,True,True,5,5,2,12,Loyal Customers,Active repeat,Develop loyalty
17989,2010-11-25 13:49:00,2010-11-25 13:49:00,1,207.32999999999998,207.32999999999998,379,379,False,,,True,False,2,2,1,5,Hibernating,Dormant,Low-cost reactivation
17990,2009-12-07 15:19:00,2011-04-17 11:44:00,6,1527.6100000000001,254.6016666666667,237,732,True,2010-06-16 14:47:00,190.0,True,False,2,4,4,10,At Risk,Dormant,Low-cost reactivation
17991,2010-04-27 12:46:00,2011-04-28 15:58:00,3,300.3,100.10000000000001,225,592,True,2011-04-27 16:39:00,365.0,True,False,2,3,2,7,At Risk,Dormant,Low-cost reactivation
17992,2010-11-15 13:04:00,2010-11-15 13:04:00,1,252.88,252.88,389,389,False,,,True,False,2,2,1,5,Hibernating,Dormant,Low-cost reactivation
17993,2010-04-01 14:23:00,2010-04-01 14:23:00,1,225.99,225.99,617,617,False,,,True,False,1,2,1,4,Hibernating,Dormant,Low-cost reactivation
17994,2010-03-29 10:37:00,2011-08-10 11:41:00,11,2270.03,206.36636363636364,122,621,True,2010-05-10 09:16:00,41.0,True,True,3,5,4,12,Loyal Customers,At risk,Win back high-value
17995,2010-11-17 17:01:00,2011-03-03 12:30:00,3,495.48,165.16,282,387,True,2010-11-22 16:34:00,4.0,True,True,2,3,2,7,At Risk,Dormant,Low-cost reactivation
17996,2010-06-11 11:48:00,2010-11-25 11:00:00,3,482.33000000000004,160.77666666666667,380,547,True,2010-06-11 11:52:00,0.0,True,True,2,3,2,7,At Risk,Dormant,Low-cost reactivation
17997,2011-06-28 17:28:00,2011-09-26 16:13:00,8,1962.46,245.3075,74,164,True,2011-07-06 16:54:00,7.0,True,True,3,5,4,12,Loyal Customers,Active repeat,Develop loyalty
17998,2009-12-01 13:07:00,2010-11-24 15:31:00,3,639.24,213.08,380,738,True,2009-12-02 10:02:00,0.0,True,True,2,3,3,8,At Risk,Dormant,Low-cost reactivation
17999,2010-11-26 13:16:00,2011-11-02 15:56:00,3,528.46,176.15333333333334,37,378,True,2010-12-08 15:17:00,12.0,True,True,4,3,2,9,Potential Loyalists,Active repeat,Develop loyalty
18000,2010-05-24 17:34:00,2010-05-24 17:34:00,1,124.25,124.25,564,564,False,,,True,False,1,2,1,4,Hibernating,Dormant,Low-cost reactivation
18001,2009-12-02 15:38:00,2011-11-27 16:02:00,6,924.14,154.02333333333334,12,737,True,2010-06-11 11:53:00,190.0,True,False,5,4,3,12,Loyal Customers,Active repeat,Develop loyalty
18002,2009-12-08 11:07:00,2010-11-29 10:57:00,4,244.37,61.0925,376,732,True,2010-03-30 16:17:00,112.0,True,False,2,4,1,7,At Risk,Dormant,Low-cost reactivation
18003,2010-11-28 15:09:00,2010-11-28 15:09:00,1,353.51,353.51,376,376,False,,,True,False,2,2,2,6,Hibernating,Dormant,Low-cost reactivation
18004,2010-12-12 13:47:00,2010-12-12 13:47:00,1,157.92,157.92,362,362,False,,,True,False,2,2,1,5,Hibernating,Dormant,Low-cost reactivation
18005,2011-10-23 14:40:00,2011-12-06 11:51:00,2,226.47,113.235,4,47,True,2011-12-06 11:51:00,43.0,False,False,5,3,1,9,Potential Loyalists,Active repeat,Develop loyalty
18006,2009-12-17 12:27:00,2011-11-16 16:52:00,4,969.51,242.3775,23,723,True,2010-04-01 19:06:00,105.0,True,False,4,4,3,11,Loyal Customers,Active repeat,Develop loyalty
18007,2010-11-12 11:08:00,2010-11-12 11:08:00,1,215.22,215.22,393,393,False,,,True,False,2,2,1,5,Hibernating,Dormant,Low-cost reactivation
18008,2010-01-06 12:35:00,2011-09-30 15:17:00,23,19759.079999999998,859.0904347826087,70,703,True,2010-01-27 11:40:00,20.0,True,True,3,5,5,13,Loyal Customers,Active repeat,Protect high-value active
18009,2010-02-25 11:49:00,2011-04-18 13:36:00,8,2144.23,268.02875,235,653,True,2010-03-23 13:05:00,26.0,True,True,2,5,4,11,At Risk,Dormant,Low-cost reactivation
18010,2011-03-28 12:27:00,2011-03-28 12:27:00,1,174.8,174.8,257,257,False,,,True,False,2,2,1,5,Hibernating,Dormant,Low-cost reactivation
18011,2010-05-21 13:28:00,2010-12-01 17:35:00,2,410.78999999999996,205.39499999999998,373,567,True,2010-12-01 17:35:00,194.0,True,False,2,3,2,7,At Risk,Dormant,Low-cost reactivation
18012,2009-12-16 13:16:00,2009-12-16 13:16:00,1,115.3,115.3,723,723,False,,,True,False,1,2,1,4,Hibernating,Dormant,Low-cost reactivation
18013,2011-07-07 14:08:00,2011-07-07 14:11:00,2,187.29000000000002,93.64500000000001,155,155,True,2011-07-07 14:11:00,0.0,True,True,3,3,1,7,Needs Attention,At risk,Test win-back
18014,2011-11-11 15:28:00,2011-11-11 15:28:00,1,162.22,162.22,28,28,False,,,False,False,4,2,1,7,Potential Loyalists,New,Drive second purchase
18015,2011-12-05 14:49:00,2011-12-05 14:49:00,1,120.03,120.03,4,4,False,,,False,False,5,2,1,8,Potential Loyalists,New,Drive second purchase
18016,2010-01-27 16:00:00,2011-11-07 13:25:00,7,1954.56,279.22285714285715,32,681,True,2010-10-25 14:24:00,270.0,True,False,4,4,4,12,Champions,Active repeat,Develop loyalty
18017,2010-10-04 15:11:00,2011-09-19 16:15:00,4,688.0,172.0,81,431,True,2011-02-02 13:57:00,120.0,True,False,3,4,3,10,Loyal Customers,Active repeat,Develop loyalty
18018,2010-10-15 11:05:00,2011-08-23 17:37:00,4,297.99,74.4975,108,421,True,2010-11-05 15:52:00,21.0,True,True,3,4,2,9,Loyal Customers,At risk,Test win-back
18019,2011-10-19 12:10:00,2011-10-19 12:10:00,1,38.45,38.45,52,52,False,,,False,False,4,2,1,7,Potential Loyalists,New,Drive second purchase
18020,2010-06-14 12:31:00,2010-06-14 12:31:00,1,190.48000000000002,190.48000000000002,544,544,False,,,True,False,1,2,1,4,Hibernating,Dormant,Low-cost reactivation
18021,2010-07-15 18:47:00,2010-07-18 10:52:00,2,216.41,108.205,510,512,True,2010-07-18 10:52:00,2.0,True,True,1,3,1,5,At Risk,Dormant,Low-cost reactivation
18022,2010-06-11 13:59:00,2011-11-04 12:45:00,5,1507.25,301.45,36,546,True,2010-10-22 12:02:00,132.0,True,False,4,4,4,12,Champions,Active repeat,Develop loyalty
18024,2011-07-10 12:28:00,2011-07-10 12:40:00,2,389.78,194.89,153,153,True,2011-07-10 12:40:00,0.0,True,True,3,3,2,8,Needs Attention,At risk,Test win-back
18025,2010-03-30 17:33:00,2010-11-25 12:37:00,6,1177.72,196.28666666666666,380,619,True,2010-05-25 17:31:00,55.0,True,True,2,4,3,9,At Risk,Dormant,Low-cost reactivation
18026,2010-07-22 16:21:00,2010-07-27 10:37:00,2,2074.07,1037.035,501,505,True,2010-07-27 10:37:00,4.0,True,True,1,3,4,8,At Risk,Dormant,Low-cost reactivation
18027,2011-09-02 10:38:00,2011-09-02 10:38:00,1,115.31,115.31,99,99,False,,,True,False,3,2,1,6,Needs Attention,At risk,Test win-back
18028,2010-05-05 13:28:00,2010-05-05 13:28:00,1,192.05,192.05,583,583,False,,,True,False,1,2,1,4,Hibernating,Dormant,Low-cost reactivation
18029,2010-03-07 15:30:00,2010-03-07 15:30:00,1,433.77,433.77,642,642,False,,,True,False,1,2,2,5,Hibernating,Dormant,Low-cost reactivation
18030,2011-10-28 13:55:00,2011-12-05 16:37:00,2,230.64999999999998,115.32499999999999,4,42,True,2011-12-05 16:37:00,38.0,False,False,5,3,1,9,Potential Loyalists,Active repeat,Develop loyalty
18031,2010-11-26 11:00:00,2010-11-26 11:00:00,1,451.3,451.3,379,379,False,,,True,False,2,2,2,6,Hibernating,Dormant,Low-cost reactivation
18032,2011-01-09 15:32:00,2011-01-09 15:32:00,1,73.5,73.5,334,334,False,,,True,False,2,2,1,5,Hibernating,Dormant,Low-cost reactivation
18033,2011-10-05 17:28:00,2011-10-05 17:28:00,1,93.82000000000001,93.82000000000001,65,65,False,,,False,False,3,2,1,6,Needs Attention,New,Drive second purchase
18034,2010-11-29 12:36:00,2011-11-18 12:22:00,3,754.1999999999999,251.39999999999998,22,376,True,2011-11-18 12:08:00,353.0,True,False,4,3,3,10,Potential Loyalists,Active repeat,Develop loyalty
18035,2010-11-19 13:42:00,2011-11-04 12:39:00,5,1260.23,252.046,36,385,True,2010-11-19 13:46:00,0.0,True,True,4,4,4,12,Champions,Active repeat,Develop loyalty
18036,2009-12-18 12:04:00,2011-11-07 14:40:00,11,1545.49,140.4990909090909,32,722,True,2010-01-18 14:23:00,31.0,True,True,4,5,4,13,Champions,Active repeat,Develop loyalty
18037,2009-12-01 13:48:00,2011-07-08 13:39:00,15,167.42,11.161333333333333,154,738,True,2009-12-18 12:27:00,16.0,True,True,3,5,1,9,Loyal Customers,At risk,Test win-back
18038,2010-06-01 15:59:00,2010-06-01 15:59:00,1,141.48,141.48,556,556,False,,,True,False,1,2,1,4,Hibernating,Dormant,Low-cost reactivation
18039,2010-03-09 11:19:00,2010-11-30 13:07:00,4,548.22,137.055,374,641,True,2010-05-16 13:10:00,68.0,True,True,2,4,2,8,At Risk,Dormant,Low-cost reactivation
18040,2011-04-08 08:27:00,2011-11-20 14:20:00,2,357.2,178.6,19,246,True,2011-11-20 14:20:00,226.0,True,False,4,3,2,9,Potential Loyalists,Active repeat,Develop loyalty
18041,2010-01-14 10:04:00,2011-11-28 11:39:00,38,8018.7699999999995,211.02026315789473,12,695,True,2010-01-18 12:55:00,4.0,True,True,5,5,5,15,Champions,Active repeat,Protect high-value active
18042,2010-06-16 10:53:00,2011-10-17 11:49:00,2,281.15,140.575,54,542,True,2011-10-17 11:49:00,488.0,True,False,4,3,1,8,Potential Loyalists,Active repeat,Develop loyalty
18043,2010-12-08 12:35:00,2011-11-15 12:48:00,3,529.2900000000001,176.43000000000004,25,367,True,2011-05-17 12:40:00,160.0,True,False,4,3,2,9,Potential Loyalists,Active repeat,Develop loyalty
18044,2010-05-28 15:31:00,2011-12-05 14:26:00,18,3505.61,194.75611111111112,4,560,True,2010-06-16 13:52:00,18.0,True,True,5,5,5,15,Champions,Active repeat,Protect high-value active
18045,2011-10-25 13:07:00,2011-10-25 13:07:00,1,178.34,178.34,45,45,False,,,False,False,4,2,1,7,Potential Loyalists,New,Drive second purchase
18046,2010-02-28 11:36:00,2010-02-28 11:36:00,1,189.63,189.63,650,650,False,,,True,False,1,2,1,4,Hibernating,Dormant,Low-cost reactivation
18047,2010-11-23 12:57:00,2010-11-23 13:11:00,2,326.09000000000003,163.04500000000002,381,381,True,2010-11-23 13:11:00,0.0,True,True,2,3,2,7,At Risk,Dormant,Low-cost reactivation
18048,2010-08-03 13:03:00,2011-05-20 14:58:00,3,394.93,131.64333333333335,203,493,True,2011-05-20 14:54:00,290.0,True,False,2,3,2,7,At Risk,Dormant,Low-cost reactivation
18049,2010-04-28 13:24:00,2010-09-28 14:26:00,2,500.92,250.46,437,590,True,2010-09-28 14:26:00,153.0,True,False,1,3,2,6,At Risk,Dormant,Low-cost reactivation
18050,2010-11-11 15:51:00,2010-12-15 14:25:00,2,412.06000000000006,206.03000000000003,359,393,True,2010-12-15 14:25:00,33.0,True,True,2,3,2,7,At Risk,Dormant,Low-cost reactivation
18051,2009-12-09 12:17:00,2010-03-15 13:58:00,7,2282.2799999999997,326.03999999999996,634,731,True,2009-12-21 09:45:00,11.0,True,True,1,4,4,9,At Risk,Dormant,Low-cost reactivation
18052,2010-05-24 11:11:00,2010-05-24 11:11:00,1,10877.18,10877.18,565,565,False,,,True,False,1,2,5,8,Hibernating,Dormant,Low-cost reactivation
18053,2010-06-30 12:36:00,2011-09-30 09:05:00,3,571.0699999999999,190.35666666666665,71,528,True,2010-07-02 11:42:00,1.0,True,True,3,3,2,8,Needs Attention,Active repeat,Develop loyalty
18054,2010-11-12 08:18:00,2010-11-12 08:18:00,1,176.5,176.5,393,393,False,,,True,False,2,2,1,5,Hibernating,Dormant,Low-cost reactivation
18055,2010-10-22 13:27:00,2011-12-02 14:25:00,14,10142.64,724.4742857142857,7,413,True,2010-11-18 12:25:00,26.0,True,True,5,5,5,15,Champions,Active repeat,Protect high-value active
18056,2010-03-31 12:29:00,2011-02-24 14:27:00,2,554.5999999999999,277.29999999999995,288,619,True,2011-02-24 14:27:00,330.0,True,False,2,3,2,7,At Risk,Dormant,Low-cost reactivation
18057,2010-01-18 12:42:00,2010-11-11 16:55:00,3,1188.46,396.15333333333336,393,691,True,2010-04-14 14:49:00,86.0,True,True,2,3,3,8,At Risk,Dormant,Low-cost reactivation
18058,2010-02-10 09:38:00,2011-11-30 08:38:00,3,774.06,258.02,10,668,True,2010-06-16 13:45:00,126.0,True,False,5,3,3,11,Potential Loyalists,Active repeat,Develop loyalty
18059,2011-10-03 09:30:00,2011-11-16 16:49:00,3,306.46,102.15333333333332,23,68,True,2011-10-26 14:36:00,23.0,False,False,4,3,2,9,Potential Loyalists,Active repeat,Develop loyalty
18060,2010-05-24 08:34:00,2010-10-27 16:41:00,2,1185.46,592.73,408,565,True,2010-10-27 16:41:00,156.0,True,False,2,3,3,8,At Risk,Dormant,Low-cost reactivation
18061,2009-12-04 11:36:00,2011-11-18 11:20:00,28,6083.81,217.2789285714286,22,736,True,2009-12-17 13:17:00,13.0,True,True,4,5,5,14,Champions,Active repeat,Protect high-value active
18062,2010-04-21 08:55:00,2011-06-19 14:47:00,6,1632.67,272.1116666666667,173,598,True,2010-10-27 13:55:00,189.0,True,False,3,4,4,11,Loyal Customers,At risk,Test win-back
18063,2010-03-16 13:05:00,2010-11-14 10:46:00,2,186.60000000000002,93.30000000000001,391,633,True,2010-11-14 10:46:00,242.0,True,False,2,3,1,6,At Risk,Dormant,Low-cost reactivation
18064,2010-02-01 15:01:00,2011-07-29 16:39:00,11,4481.83,407.4390909090909,133,676,True,2010-03-04 13:24:00,30.0,True,True,3,5,5,13,Loyal Customers,At risk,Win back high-value
18065,2009-12-09 16:00:00,2011-12-04 10:30:00,29,5866.63,202.29758620689657,6,730,True,2009-12-09 16:01:00,0.0,True,True,5,5,5,15,Champions,Active repeat,Protect high-value active
18066,2010-10-20 11:42:00,2011-09-25 15:30:00,3,1440.4,480.1333333333334,75,416,True,2010-11-18 10:08:00,28.0,True,True,3,3,4,10,Needs Attention,Active repeat,Develop loyalty
18067,2011-10-30 15:58:00,2011-10-30 15:58:00,1,396.33,396.33,40,40,False,,,False,False,4,2,2,8,Potential Loyalists,New,Drive second purchase
18068,2011-02-23 14:50:00,2011-02-23 14:50:00,1,101.69999999999999,101.69999999999999,289,289,False,,,True,False,2,2,1,5,Hibernating,Dormant,Low-cost reactivation
18069,2010-02-28 16:14:00,2011-11-13 16:03:00,11,4464.92,405.9018181818182,26,649,True,2010-02-28 16:16:00,0.0,True,True,4,5,5,14,Champions,Active repeat,Protect high-value active
18070,2010-02-08 13:28:00,2010-02-08 13:28:00,1,314.1,314.1,669,669,False,,,True,False,1,2,2,5,Hibernating,Dormant,Low-cost reactivation
18071,2009-12-05 10:31:00,2011-03-27 11:59:00,6,1169.68,194.9466666666667,258,735,True,2009-12-18 14:22:00,13.0,True,True,2,4,3,9,At Risk,Dormant,Low-cost reactivation
18072,2011-06-07 10:44:00,2011-06-07 10:44:00,1,247.44,247.44,186,186,False,,,True,False,3,2,1,6,Needs Attention,Dormant,Low-cost reactivation
18073,2011-05-26 19:38:00,2011-08-17 14:02:00,12,3859.82,321.6516666666667,114,197,True,2011-05-27 14:12:00,0.0,True,True,3,5,5,13,Loyal Customers,At risk,Win back high-value
18074,2010-07-22 10:31:00,2010-12-01 09:53:00,2,1019.44,509.72,374,506,True,2010-12-01 09:53:00,131.0,True,False,2,3,3,8,At Risk,Dormant,Low-cost reactivation
18075,2010-07-29 11:47:00,2011-11-16 15:21:00,20,5783.29,289.1645,23,499,True,2010-09-08 12:49:00,41.0,True,True,4,5,5,14,Champions,Active repeat,Protect high-value active
18076,2010-11-24 14:02:00,2010-11-24 14:02:00,1,151.49,151.49,380,380,False,,,True,False,2,2,1,5,Hibernating,Dormant,Low-cost reactivation
18077,2009-12-07 11:40:00,2011-12-01 13:32:00,18,4078.79,226.59944444444443,8,733,True,2009-12-13 10:50:00,5.0,True,True,5,5,5,15,Champions,Active repeat,Protect high-value active
18078,2010-03-21 15:50:00,2011-05-06 14:32:00,4,725.53,181.3825,217,628,True,2010-10-10 16:01:00,203.0,True,False,2,4,3,9,At Risk,Dormant,Low-cost reactivation
18079,2010-08-05 12:19:00,2011-10-25 15:27:00,5,4203.93,840.7860000000001,45,492,True,2011-04-15 12:14:00,252.0,True,False,4,4,5,13,Champions,Active repeat,Protect high-value active
18080,2011-04-11 10:10:00,2011-11-21 08:02:00,2,1231.5,615.75,19,243,True,2011-11-21 08:02:00,223.0,True,False,4,3,4,11,Potential Loyalists,Active repeat,Develop loyalty
18081,2011-07-29 11:56:00,2011-11-03 16:30:00,3,343.45000000000005,114.48333333333335,36,134,True,2011-08-19 12:23:00,21.0,True,True,4,3,2,9,Potential Loyalists,Active repeat,Develop loyalty
18082,2011-11-14 12:45:00,2011-11-14 12:45:00,1,680.84,680.84,26,26,False,,,False,False,4,2,3,9,Potential Loyalists,New,Drive second purchase
18083,2010-11-07 11:44:00,2010-11-07 11:44:00,1,463.53,463.53,398,398,False,,,True,False,2,2,2,6,Hibernating,Dormant,Low-cost reactivation
18084,2010-11-16 08:09:00,2011-11-23 13:57:00,3,795.23,265.07666666666665,16,389,True,2010-11-21 15:47:00,5.0,True,True,5,3,3,11,Potential Loyalists,Active repeat,Develop loyalty
18085,2010-03-21 11:57:00,2011-01-13 15:17:00,4,1341.85,335.4625,330,629,True,2010-11-11 17:41:00,235.0,True,False,2,4,4,10,At Risk,Dormant,Low-cost reactivation
18086,2011-03-10 13:34:00,2011-03-10 13:34:00,1,101.34,101.34,274,274,False,,,True,False,2,2,1,5,Hibernating,Dormant,Low-cost reactivation
18087,2009-12-01 09:43:00,2011-09-02 15:12:00,17,14761.52,868.324705882353,98,739,True,2009-12-01 09:44:00,0.0,True,True,3,5,5,13,Loyal Customers,At risk,Win back high-value
18088,2011-10-09 13:41:00,2011-10-09 13:41:00,1,166.03,166.03,61,61,False,,,False,False,3,2,1,6,Needs Attention,New,Drive second purchase
18089,2010-09-19 11:57:00,2010-09-19 11:57:00,1,428.45,428.45,447,447,False,,,True,False,1,2,2,5,Hibernating,Dormant,Low-cost reactivation
18090,2010-10-14 12:32:00,2010-10-14 12:32:00,1,321.9,321.9,422,422,False,,,True,False,1,2,2,5,Hibernating,Dormant,Low-cost reactivation
18091,2010-04-25 13:18:00,2010-04-25 13:18:00,1,360.85,360.85,593,593,False,,,True,False,1,2,2,5,Hibernating,Dormant,Low-cost reactivation
18092,2009-12-04 12:37:00,2011-12-07 13:14:00,18,14693.720000000001,816.3177777777778,2,736,True,2009-12-22 09:35:00,17.0,True,True,5,5,5,15,Champions,Active repeat,Protect high-value active
18093,2010-03-31 10:27:00,2011-09-07 15:43:00,8,4452.71,556.58875,93,619,True,2010-04-22 14:07:00,22.0,True,True,3,5,5,13,Loyal Customers,At risk,Win back high-value
18094,2010-01-07 11:16:00,2011-09-19 09:28:00,13,6391.5199999999995,491.6553846153846,82,702,True,2010-05-07 16:28:00,120.0,True,False,3,5,5,13,Loyal Customers,Active repeat,Protect high-value active
18095,2010-04-19 14:09:00,2011-01-31 12:50:00,5,2303.09,460.61800000000005,313,599,True,2010-05-10 09:24:00,20.0,True,True,2,4,4,10,At Risk,Dormant,Low-cost reactivation
18096,2010-07-14 14:30:00,2011-11-28 12:44:00,6,1657.87,276.31166666666667,12,513,True,2010-07-20 12:04:00,5.0,True,True,5,4,4,13,Champions,Active repeat,Develop loyalty
18097,2009-12-17 11:06:00,2011-12-02 11:16:00,11,4627.92,420.72,8,723,True,2010-07-18 15:50:00,213.0,True,False,5,5,5,15,Champions,Active repeat,Protect high-value active
18098,2010-11-08 16:31:00,2010-11-08 16:31:00,1,527.94,527.94,396,396,False,,,True,False,2,2,2,6,Hibernating,Dormant,Low-cost reactivation
18099,2011-08-04 15:52:00,2011-08-04 15:52:00,1,168.31,168.31,127,127,False,,,True,False,3,2,1,6,Needs Attention,At risk,Test win-back
18100,2010-06-07 14:19:00,2010-06-07 14:19:00,1,451.56,451.56,550,550,False,,,True,False,1,2,2,5,Hibernating,Dormant,Low-cost reactivation
18101,2010-02-03 13:52:00,2011-11-28 13:37:00,5,622.01,124.402,11,674,True,2010-11-17 12:57:00,286.0,True,False,5,4,3,12,Loyal Customers,Active repeat,Develop loyalty
18102,2009-12-01 09:24:00,2011-12-09 11:50:00,145,580987.04,4006.8071724137935,1,739,True,2009-12-03 13:30:00,2.0,True,True,5,5,5,15,Champions,Active repeat,Protect high-value active
18103,2010-06-08 13:36:00,2010-06-08 13:36:00,1,105.8,105.8,549,549,False,,,True,False,1,2,1,4,Hibernating,Dormant,Low-cost reactivation
18104,2011-11-02 14:07:00,2011-11-02 14:07:00,1,754.64,754.64,37,37,False,,,False,False,4,2,3,9,Potential Loyalists,New,Drive second purchase
18105,2011-11-02 12:04:00,2011-11-02 12:04:00,1,113.48000000000002,113.48000000000002,38,38,False,,,False,False,4,2,1,7,Potential Loyalists,New,Drive second purchase
18106,2010-01-15 11:36:00,2011-01-14 12:23:00,6,1441.06,240.17666666666665,330,694,True,2010-01-15 11:40:00,0.0,True,True,2,4,4,10,At Risk,Dormant,Low-cost reactivation
18107,2010-09-23 13:03:00,2010-09-23 13:03:00,1,165.88,165.88,442,442,False,,,True,False,1,2,1,4,Hibernating,Dormant,Low-cost reactivation
18108,2009-12-02 12:47:00,2011-03-30 13:56:00,3,848.81,282.93666666666667,254,738,True,2010-04-22 09:38:00,140.0,True,False,2,3,3,8,At Risk,Dormant,Low-cost reactivation
18109,2010-07-01 12:13:00,2011-12-08 11:36:00,38,9555.71,251.46605263157892,2,527,True,2010-08-16 14:12:00,46.0,True,True,5,5,5,15,Champions,Active repeat,Protect high-value active
18110,2010-10-24 14:21:00,2011-11-20 12:34:00,2,392.28000000000003,196.14000000000001,20,411,True,2011-11-20 12:34:00,391.0,True,False,4,3,2,9,Potential Loyalists,Active repeat,Develop loyalty
18111,2010-04-29 12:58:00,2010-04-29 12:58:00,1,405.85,405.85,589,589,False,,,True,False,1,2,2,5,Hibernating,Dormant,Low-cost reactivation
18112,2010-06-06 12:40:00,2011-11-27 14:43:00,4,773.36,193.34,12,552,True,2010-10-17 13:16:00,133.0,True,False,5,4,3,12,Loyal Customers,Active repeat,Develop loyalty
18113,2010-12-06 12:31:00,2010-12-06 12:31:00,1,76.32000000000001,76.32000000000001,369,369,False,,,True,False,2,2,1,5,Hibernating,Dormant,Low-cost reactivation
18114,2011-02-22 13:20:00,2011-02-22 13:20:00,1,220.1,220.1,290,290,False,,,True,False,2,2,1,5,Hibernating,Dormant,Low-cost reactivation
18115,2010-01-11 11:57:00,2010-01-11 11:57:00,1,9.700000000000001,9.700000000000001,698,698,False,,,True,False,1,2,1,4,Hibernating,Dormant,Low-cost reactivation
18116,2010-10-24 15:29:00,2011-10-03 11:00:00,13,2134.49,164.19153846153844,68,411,True,2010-10-31 15:54:00,7.0,True,True,3,5,4,12,Loyal Customers,Active repeat,Develop loyalty
18117,2011-11-14 12:47:00,2011-11-14 12:47:00,1,315.65,315.65,26,26,False,,,False,False,4,2,2,8,Potential Loyalists,New,Drive second purchase
18118,2010-11-23 13:36:00,2011-11-29 11:32:00,29,6221.02,214.51793103448279,11,381,True,2010-11-26 11:36:00,2.0,True,True,5,5,5,15,Champions,Active repeat,Protect high-value active
18119,2010-12-07 11:59:00,2010-12-07 11:59:00,1,180.7,180.7,368,368,False,,,True,False,2,2,1,5,Hibernating,Dormant,Low-cost reactivation
18120,2011-05-09 13:45:00,2011-05-09 13:45:00,1,111.15,111.15,214,214,False,,,True,False,2,2,1,5,Hibernating,Dormant,Low-cost reactivation
18121,2011-07-08 12:14:00,2011-07-13 12:53:00,2,653.3,326.65,149,155,True,2011-07-13 12:53:00,5.0,True,True,3,3,3,9,Needs Attention,At risk,Test win-back
18122,2011-07-12 11:37:00,2011-12-01 13:08:00,6,1793.06,298.8433333333333,8,151,True,2011-09-16 12:34:00,66.0,True,True,5,4,4,13,Champions,Active repeat,Develop loyalty
18123,2010-07-14 12:47:00,2011-11-15 14:23:00,3,666.6399999999999,222.21333333333328,24,514,True,2011-11-08 13:31:00,482.0,True,False,4,3,3,10,Potential Loyalists,Active repeat,Develop loyalty
18124,2010-08-24 17:21:00,2010-08-24 17:21:00,1,102.65,102.65,472,472,False,,,True,False,1,2,1,4,Hibernating,Dormant,Low-cost reactivation
18125,2011-01-27 15:02:00,2011-11-10 12:29:00,4,1131.75,282.9375,30,316,True,2011-02-17 13:47:00,20.0,True,True,4,4,3,11,Loyal Customers,Active repeat,Develop loyalty
18126,2011-10-10 12:19:00,2011-10-10 12:19:00,1,200.92000000000002,200.92000000000002,61,61,False,,,False,False,3,2,1,6,Needs Attention,New,Drive second purchase
18127,2010-11-01 13:56:00,2011-11-20 14:05:00,4,556.13,139.0325,19,403,True,2011-07-29 10:06:00,269.0,True,False,4,4,2,10,Loyal Customers,Active repeat,Develop loyalty
18128,2010-06-20 13:19:00,2010-06-20 13:19:00,1,399.29,399.29,537,537,False,,,True,False,1,2,2,5,Hibernating,Dormant,Low-cost reactivation
18129,2011-04-10 14:16:00,2011-04-10 14:16:00,1,112.55000000000001,112.55000000000001,243,243,False,,,True,False,2,2,1,5,Hibernating,Dormant,Low-cost reactivation
18130,2011-10-13 15:58:00,2011-11-24 14:40:00,3,1059.3899999999999,353.12999999999994,15,57,True,2011-11-11 09:25:00,28.0,False,False,5,3,3,11,Potential Loyalists,Active repeat,Develop loyalty
18131,2010-03-18 08:48:00,2010-03-18 08:48:00,1,222.95999999999998,222.95999999999998,632,632,False,,,True,False,1,2,1,4,Hibernating,Dormant,Low-cost reactivation
18132,2010-07-23 16:54:00,2010-07-23 16:54:00,1,220.13,220.13,504,504,False,,,True,False,1,2,1,4,Hibernating,Dormant,Low-cost reactivation
18133,2011-05-11 14:14:00,2011-05-11 14:14:00,1,931.4999999999999,931.4999999999999,212,212,False,,,True,False,2,2,3,7,Hibernating,Dormant,Low-cost reactivation
18134,2010-01-14 11:59:00,2010-04-20 14:02:00,2,445.0,222.5,598,695,True,2010-04-20 14:02:00,96.0,True,False,1,3,2,6,At Risk,Dormant,Low-cost reactivation
18135,2010-03-15 13:55:00,2011-11-10 19:32:00,10,1249.6200000000001,124.96200000000002,29,634,True,2010-04-28 11:52:00,43.0,True,True,4,5,4,13,Champions,Active repeat,Develop loyalty
18136,2010-09-14 15:50:00,2011-10-07 15:40:00,5,1631.3600000000001,326.27200000000005,63,451,True,2010-10-26 15:57:00,42.0,True,True,3,4,4,11,Loyal Customers,Active repeat,Develop loyalty
18137,2010-06-06 13:45:00,2010-06-06 14:18:00,2,145.99,72.995,551,551,True,2010-06-06 14:18:00,0.0,True,True,1,3,1,5,At Risk,Dormant,Low-cost reactivation
18138,2011-02-17 14:51:00,2011-02-17 14:51:00,1,152.65,152.65,295,295,False,,,True,False,2,2,1,5,Hibernating,Dormant,Low-cost reactivation
18139,2011-11-21 14:06:00,2011-11-22 10:44:00,6,8438.34,1406.39,18,18,True,2011-11-21 14:47:00,0.0,False,False,5,4,5,14,Champions,Active repeat,Protect high-value active
18140,2010-08-23 11:58:00,2010-08-23 11:58:00,1,536.41,536.41,474,474,False,,,True,False,1,2,2,5,Hibernating,Dormant,Low-cost reactivation
18141,2010-04-29 15:32:00,2010-11-03 11:44:00,2,882.47,441.235,402,589,True,2010-11-03 11:44:00,187.0,True,False,2,3,3,8,At Risk,Dormant,Low-cost reactivation
18142,2011-05-08 12:31:00,2011-07-05 13:19:00,2,1019.52,509.76,157,216,True,2011-07-05 13:19:00,58.0,True,True,3,3,3,9,Needs Attention,At risk,Test win-back
18143,2011-07-21 10:44:00,2011-08-15 12:07:00,2,1000.1600000000001,500.08000000000004,117,142,True,2011-08-15 12:07:00,25.0,True,True,3,3,3,9,Needs Attention,At risk,Test win-back
18144,2009-12-16 15:57:00,2011-12-02 12:46:00,19,4892.95,257.5236842105263,8,723,True,2010-04-13 13:26:00,117.0,True,False,5,5,5,15,Champions,Active repeat,Protect high-value active
18145,2009-12-08 12:30:00,2011-11-27 11:22:00,11,5609.74,509.9763636363636,13,732,True,2010-01-05 10:18:00,27.0,True,True,5,5,5,15,Champions,Active repeat,Protect high-value active
18146,2011-05-03 16:35:00,2011-07-22 12:08:00,2,160.35000000000002,80.17500000000001,141,220,True,2011-07-22 12:08:00,79.0,True,True,3,3,1,7,Needs Attention,At risk,Test win-back
18147,2011-08-23 12:22:00,2011-10-25 11:46:00,2,179.33999999999997,89.66999999999999,46,109,True,2011-10-25 11:46:00,62.0,True,True,4,3,1,8,Potential Loyalists,Active repeat,Develop loyalty
18148,2010-03-03 11:40:00,2010-03-03 11:40:00,1,112.85000000000001,112.85000000000001,647,647,False,,,True,False,1,2,1,4,Hibernating,Dormant,Low-cost reactivation
18149,2010-03-14 12:41:00,2011-10-20 12:04:00,7,1553.96,221.99428571428572,51,636,True,2010-06-06 12:26:00,83.0,True,True,4,4,4,12,Champions,Active repeat,Develop loyalty
18150,2011-05-22 10:47:00,2011-11-07 16:49:00,3,566.58,188.86,32,202,True,2011-07-22 15:43:00,61.0,True,True,4,3,2,9,Potential Loyalists,Active repeat,Develop loyalty
18151,2010-03-04 10:47:00,2011-07-28 11:35:00,6,1879.44,313.24,135,646,True,2010-04-15 14:26:00,42.0,True,True,3,4,4,11,Loyal Customers,At risk,Test win-back
18152,2010-03-03 15:26:00,2010-03-03 15:26:00,1,426.69,426.69,646,646,False,,,True,False,1,2,2,5,Hibernating,Dormant,Low-cost reactivation
18153,2010-02-18 15:50:00,2010-02-18 15:50:00,1,246.22,246.22,659,659,False,,,True,False,1,2,1,4,Hibernating,Dormant,Low-cost reactivation
18154,2010-08-06 09:18:00,2011-12-06 16:41:00,5,932.5999999999999,186.51999999999998,3,491,True,2010-10-31 15:35:00,86.0,True,True,5,4,3,12,Loyal Customers,Active repeat,Develop loyalty
18155,2011-02-21 10:36:00,2011-09-25 13:32:00,3,371.62,123.87333333333333,75,292,True,2011-06-22 11:59:00,121.0,True,False,3,3,2,8,Needs Attention,Active repeat,Develop loyalty
18156,2010-12-05 12:29:00,2011-11-27 12:24:00,2,675.64,337.82,13,370,True,2011-11-27 12:24:00,356.0,True,False,5,3,3,11,Potential Loyalists,Active repeat,Develop loyalty
18157,2010-05-17 14:09:00,2010-05-17 14:09:00,1,213.9,213.9,571,571,False,,,True,False,1,2,1,4,Hibernating,Dormant,Low-cost reactivation
18158,2011-09-12 09:03:00,2011-11-30 16:19:00,2,453.4,226.7,9,89,True,2011-11-30 16:19:00,79.0,False,False,5,3,2,10,Potential Loyalists,Active repeat,Develop loyalty
18159,2011-02-11 14:26:00,2011-02-11 14:26:00,1,530.15,530.15,301,301,False,,,True,False,2,2,2,6,Hibernating,Dormant,Low-cost reactivation
18160,2010-11-18 16:33:00,2011-10-13 15:50:00,3,1003.88,334.62666666666667,57,386,True,2011-05-23 13:41:00,185.0,True,False,4,3,3,10,Potential Loyalists,Active repeat,Develop loyalty
18161,2010-11-25 15:55:00,2011-11-24 16:40:00,6,1803.1,300.51666666666665,15,379,True,2011-01-24 11:56:00,59.0,True,True,5,4,4,13,Champions,Active repeat,Develop loyalty
18162,2009-12-07 13:24:00,2009-12-07 13:24:00,1,371.51,371.51,732,732,False,,,True,False,1,2,2,5,Hibernating,Dormant,Low-cost reactivation
18163,2010-05-04 14:51:00,2010-05-04 14:51:00,1,728.84,728.84,584,584,False,,,True,False,1,2,3,6,Hibernating,Dormant,Low-cost reactivation
18164,2011-11-02 12:56:00,2011-11-02 12:56:00,1,399.65000000000003,399.65000000000003,37,37,False,,,False,False,4,2,2,8,Potential Loyalists,New,Drive second purchase
18165,2011-06-15 13:23:00,2011-06-15 13:23:00,1,302.46000000000004,302.46000000000004,177,177,False,,,True,False,3,2,2,7,Needs Attention,At risk,Test win-back
18166,2010-03-26 12:26:00,2010-03-26 12:26:00,1,175.5,175.5,624,624,False,,,True,False,1,2,1,4,Hibernating,Dormant,Low-cost reactivation
18167,2011-08-26 11:40:00,2011-11-16 15:56:00,3,1384.8600000000001,461.62000000000006,23,106,True,2011-11-04 13:51:00,70.0,True,True,4,3,4,11,Potential Loyalists,Active repeat,Develop loyalty
18168,2009-12-03 17:29:00,2011-06-16 19:21:00,16,3435.5,214.71875,176,736,True,2009-12-15 15:27:00,11.0,True,True,3,5,5,13,Loyal Customers,At risk,Win back high-value
18169,2011-10-10 12:18:00,2011-10-10 12:18:00,1,202.65,202.65,61,61,False,,,False,False,3,2,1,6,Needs Attention,New,Drive second purchase
18170,2010-01-08 14:10:00,2011-11-06 14:35:00,9,2878.0,319.77777777777777,33,700,True,2010-02-05 13:57:00,27.0,True,True,4,5,4,13,Champions,Active repeat,Protect high-value active
18171,2010-01-05 10:46:00,2011-10-12 09:13:00,9,2437.31,270.8122222222222,59,704,True,2010-03-18 15:11:00,72.0,True,True,3,5,4,12,Loyal Customers,Active repeat,Protect high-value active
18172,2009-12-11 09:58:00,2011-11-25 11:12:00,52,17467.24,335.90846153846155,15,729,True,2010-02-16 10:10:00,67.0,True,True,5,5,5,15,Champions,Active repeat,Protect high-value active
18173,2010-04-06 10:43:00,2011-09-14 11:26:00,5,2696.36,539.272,87,613,True,2011-03-10 11:56:00,338.0,True,False,3,4,4,11,Loyal Customers,Active repeat,Protect high-value active
18174,2010-04-15 12:17:00,2011-12-02 16:56:00,2,162.5,81.25,7,604,True,2011-12-02 16:56:00,596.0,True,False,5,3,1,9,Potential Loyalists,Active repeat,Develop loyalty
18175,2010-02-02 10:25:00,2010-02-02 10:25:00,1,176.1,176.1,676,676,False,,,True,False,1,2,1,4,Hibernating,Dormant,Low-cost reactivation
18176,2010-12-16 15:45:00,2010-12-16 15:45:00,1,476.35,476.35,358,358,False,,,True,False,2,2,2,6,Hibernating,Dormant,Low-cost reactivation
18177,2009-12-15 18:57:00,2011-11-08 14:44:00,9,2216.32,246.2577777777778,31,724,True,2010-03-21 15:25:00,95.0,True,False,4,5,4,13,Champions,Active repeat,Develop loyalty
18178,2010-02-18 14:25:00,2011-08-03 09:30:00,11,6103.740000000001,554.8854545454546,129,659,True,2010-03-12 15:47:00,22.0,True,True,3,5,5,13,Loyal Customers,At risk,Win back high-value
18179,2010-02-14 15:51:00,2011-11-30 16:23:00,8,2547.55,318.44375,9,663,True,2010-07-05 10:48:00,140.0,True,False,5,5,4,14,Champions,Active repeat,Protect high-value active
18180,2011-07-20 08:59:00,2011-12-05 08:39:00,6,1843.75,307.2916666666667,5,143,True,2011-07-26 08:51:00,5.0,True,True,5,4,4,13,Champions,Active repeat,Develop loyalty
18181,2009-12-04 15:30:00,2011-11-15 15:08:00,5,1188.3400000000001,237.66800000000003,24,735,True,2010-05-25 15:36:00,172.0,True,False,4,4,3,11,Loyal Customers,Active repeat,Develop loyalty
18182,2010-09-02 14:25:00,2010-09-02 14:25:00,1,291.13,291.13,463,463,False,,,True,False,1,2,2,5,Hibernating,Dormant,Low-cost reactivation
18183,2011-03-10 10:08:00,2011-04-26 15:26:00,2,632.07,316.035,227,275,True,2011-04-26 15:26:00,47.0,True,True,2,3,3,8,At Risk,Dormant,Low-cost reactivation
18184,2011-11-24 15:28:00,2011-11-24 15:28:00,1,49.8,49.8,15,15,False,,,False,False,5,2,1,8,Potential Loyalists,New,Drive second purchase
18185,2011-04-04 13:42:00,2011-04-04 13:42:00,1,304.25,304.25,249,249,False,,,True,False,2,2,2,6,Hibernating,Dormant,Low-cost reactivation
18186,2009-12-17 10:22:00,2009-12-17 10:22:00,1,329.58,329.58,723,723,False,,,True,False,1,2,2,5,Hibernating,Dormant,Low-cost reactivation
18187,2010-03-18 09:49:00,2010-03-18 09:49:00,1,724.89,724.89,632,632,False,,,True,False,1,2,3,6,Hibernating,Dormant,Low-cost reactivation
18188,2010-03-26 11:37:00,2011-11-24 16:46:00,6,3280.59,546.765,15,624,True,2010-04-22 10:11:00,26.0,True,True,5,4,5,14,Champions,Active repeat,Protect high-value active
18189,2010-03-24 09:57:00,2011-09-23 12:40:00,3,1403.73,467.91,78,626,True,2011-03-17 09:49:00,357.0,True,False,3,3,4,10,Needs Attention,Active repeat,Develop loyalty
18190,2009-12-22 12:05:00,2011-05-31 14:48:00,5,745.62,149.124,192,718,True,2010-01-29 14:37:00,38.0,True,True,2,4,3,9,At Risk,Dormant,Low-cost reactivation
18191,2010-08-19 17:42:00,2011-03-23 12:08:00,2,529.4,264.7,262,477,True,2011-03-23 12:08:00,215.0,True,False,2,3,2,7,At Risk,Dormant,Low-cost reactivation
18192,2011-09-29 09:53:00,2011-09-29 09:53:00,1,957.97,957.97,72,72,False,,,False,False,3,2,3,8,Needs Attention,New,Drive second purchase
18193,2010-09-23 13:33:00,2011-06-27 13:58:00,3,1207.35,402.45,165,442,True,2010-11-24 12:25:00,61.0,True,True,3,3,3,9,Needs Attention,At risk,Test win-back
18194,2010-01-28 15:30:00,2011-09-18 13:29:00,6,4162.04,693.6733333333333,82,680,True,2010-04-08 13:21:00,69.0,True,True,3,4,5,12,Loyal Customers,Active repeat,Protect high-value active
18195,2010-11-17 15:03:00,2010-11-17 15:03:00,1,101.16,101.16,387,387,False,,,True,False,2,2,1,5,Hibernating,Dormant,Low-cost reactivation
18196,2010-03-17 14:55:00,2011-09-05 16:22:00,4,1457.19,364.2975,95,632,True,2010-08-25 15:31:00,161.0,True,False,3,4,4,11,Loyal Customers,At risk,Test win-back
18197,2010-05-13 10:46:00,2010-05-13 10:46:00,1,230.1,230.1,576,576,False,,,True,False,1,2,1,4,Hibernating,Dormant,Low-cost reactivation
18198,2011-01-07 13:39:00,2011-12-05 14:49:00,17,5425.56,319.15058823529415,4,336,True,2011-02-02 10:06:00,25.0,True,True,5,5,5,15,Champions,Active repeat,Protect high-value active
18199,2010-01-25 11:32:00,2010-01-25 11:32:00,1,344.75,344.75,684,684,False,,,True,False,1,2,2,5,Hibernating,Dormant,Low-cost reactivation
18200,2011-08-25 18:45:00,2011-08-25 18:45:00,1,150.35,150.35,106,106,False,,,True,False,3,2,1,6,Needs Attention,At risk,Test win-back
18201,2009-12-17 08:55:00,2009-12-17 08:55:00,1,447.53000000000003,447.53000000000003,723,723,False,,,True,False,1,2,2,5,Hibernating,Dormant,Low-cost reactivation
18202,2011-02-01 13:36:00,2011-05-24 12:12:00,3,1396.99,465.66333333333336,200,311,True,2011-05-24 12:10:00,111.0,True,False,2,3,4,9,At Risk,Dormant,Low-cost reactivation
18203,2009-12-08 13:19:00,2011-07-05 13:07:00,4,492.52,123.13,157,731,True,2010-06-07 12:29:00,180.0,True,False,3,4,2,9,Loyal Customers,At risk,Test win-back
18204,2011-05-31 15:26:00,2011-09-29 16:44:00,3,1975.35,658.4499999999999,71,192,True,2011-08-22 09:10:00,82.0,True,True,3,3,4,10,Needs Attention,Active repeat,Develop loyalty
18205,2011-09-26 12:02:00,2011-11-03 13:22:00,2,517.36,258.68,36,75,True,2011-11-03 13:22:00,38.0,False,False,4,3,2,9,Potential Loyalists,Active repeat,Develop loyalty
18206,2010-06-04 13:47:00,2010-06-04 13:47:00,1,314.65999999999997,314.65999999999997,553,553,False,,,True,False,1,2,2,5,Hibernating,Dormant,Low-cost reactivation
18207,2010-07-28 14:26:00,2010-07-28 14:26:00,1,544.47,544.47,499,499,False,,,True,False,1,2,2,5,Hibernating,Dormant,Low-cost reactivation
18208,2010-05-23 11:54:00,2010-05-23 11:54:00,1,360.08,360.08,566,566,False,,,True,False,1,2,2,5,Hibernating,Dormant,Low-cost reactivation
18209,2011-11-11 12:07:00,2011-11-11 12:07:00,1,139.10000000000002,139.10000000000002,29,29,False,,,False,False,4,2,1,7,Potential Loyalists,New,Drive second purchase
18210,2010-11-22 09:39:00,2011-12-08 11:02:00,7,2768.83,395.54714285714283,2,383,True,2011-03-17 16:58:00,115.0,True,False,5,4,4,13,Champions,Active repeat,Protect high-value active
18211,2011-03-06 12:09:00,2011-11-14 08:10:00,5,600.07,120.01400000000001,26,279,True,2011-07-26 12:24:00,142.0,True,False,4,4,2,10,Loyal Customers,Active repeat,Develop loyalty
18212,2010-01-31 14:42:00,2011-01-17 16:14:00,2,514.37,257.185,326,677,True,2011-01-17 16:14:00,351.0,True,False,2,3,2,7,At Risk,Dormant,Low-cost reactivation
18213,2011-04-17 10:21:00,2011-04-17 10:21:00,1,232.48000000000002,232.48000000000002,237,237,False,,,True,False,2,2,1,5,Hibernating,Dormant,Low-cost reactivation
18214,2010-06-03 19:47:00,2010-06-27 11:21:00,4,1780.34,445.085,531,554,True,2010-06-08 17:29:00,4.0,True,True,1,4,4,9,At Risk,Dormant,Low-cost reactivation
18215,2010-03-26 13:03:00,2011-09-11 16:05:00,5,2232.4900000000002,446.49800000000005,89,623,True,2010-06-30 16:37:00,96.0,True,False,3,4,4,11,Loyal Customers,Active repeat,Develop loyalty
18216,2011-11-08 16:55:00,2011-11-08 16:55:00,1,481.75,481.75,31,31,False,,,False,False,4,2,2,8,Potential Loyalists,New,Drive second purchase
18217,2010-07-01 15:39:00,2011-11-10 13:18:00,4,945.0400000000001,236.26000000000002,29,526,True,2010-07-14 12:27:00,12.0,True,True,4,4,3,11,Loyal Customers,Active repeat,Develop loyalty
18218,2010-02-17 15:11:00,2011-05-12 12:53:00,4,1121.84,280.46,211,660,True,2010-04-22 12:38:00,63.0,True,True,2,4,3,9,At Risk,Dormant,Low-cost reactivation
18219,2009-12-07 13:17:00,2011-12-07 11:43:00,17,3352.7,197.21764705882353,3,732,True,2010-03-08 13:24:00,91.0,True,False,5,5,5,15,Champions,Active repeat,Protect high-value active
18220,2009-12-15 11:42:00,2011-04-27 09:03:00,6,1921.76,320.29333333333335,227,725,True,2010-05-06 10:04:00,141.0,True,False,2,4,4,10,At Risk,Dormant,Low-cost reactivation
18221,2010-11-14 15:46:00,2011-11-17 14:40:00,6,1424.94,237.49,22,390,True,2011-05-12 14:13:00,178.0,True,False,4,4,4,12,Champions,Active repeat,Develop loyalty
18222,2011-09-08 10:45:00,2011-09-08 10:45:00,1,443.0,443.0,93,93,False,,,True,False,3,2,2,7,Needs Attention,At risk,Test win-back
18223,2009-12-04 12:20:00,2011-12-05 09:11:00,26,14000.85,538.4942307692307,5,736,True,2009-12-17 15:03:00,13.0,True,True,5,5,5,15,Champions,Active repeat,Protect high-value active
18224,2011-03-21 10:30:00,2011-03-21 10:30:00,1,158.95000000000002,158.95000000000002,264,264,False,,,True,False,2,2,1,5,Hibernating,Dormant,Low-cost reactivation
18225,2009-12-04 16:52:00,2011-12-06 13:27:00,26,13014.800000000001,500.5692307692308,3,735,True,2010-01-29 10:25:00,55.0,True,True,5,5,5,15,Champions,Active repeat,Protect high-value active
18226,2010-03-05 10:05:00,2011-10-26 13:36:00,26,11878.88,456.88,44,645,True,2010-06-01 12:00:00,88.0,True,True,4,5,5,14,Champions,Active repeat,Protect high-value active
18227,2010-08-12 16:45:00,2011-05-06 12:23:00,2,388.75,194.375,218,484,True,2011-05-06 12:23:00,266.0,True,False,2,3,2,7,At Risk,Dormant,Low-cost reactivation
18228,2011-09-21 10:48:00,2011-10-14 09:21:00,2,779.9,389.95,57,80,True,2011-10-14 09:21:00,22.0,False,False,4,3,3,10,Potential Loyalists,Active repeat,Develop loyalty
18229,2009-12-03 14:42:00,2011-11-28 09:48:00,28,10150.51,362.5182142857143,12,736,True,2010-01-19 13:33:00,46.0,True,True,5,5,5,15,Champions,Active repeat,Protect high-value active
18230,2010-07-02 10:01:00,2011-11-30 13:22:00,9,4291.06,476.7844444444445,9,526,True,2010-11-26 15:33:00,147.0,True,False,5,5,5,15,Champions,Active repeat,Protect high-value active
18231,2010-01-10 12:13:00,2011-05-31 14:18:00,28,6854.17,244.7917857142857,192,699,True,2010-02-01 14:37:00,22.0,True,True,2,5,5,12,At Risk,Dormant,Low-cost reactivation
18232,2011-05-26 16:30:00,2011-09-19 11:49:00,4,592.97,148.2425,82,197,True,2011-05-31 08:03:00,4.0,True,True,3,4,2,9,Loyal Customers,Active repeat,Develop loyalty
18233,2011-01-18 08:44:00,2011-01-18 08:44:00,1,440.0,440.0,326,326,False,,,True,False,2,2,2,6,Hibernating,Dormant,Low-cost reactivation
18234,2010-06-06 11:22:00,2010-06-06 11:22:00,1,179.6,179.6,552,552,False,,,True,False,1,2,1,4,Hibernating,Dormant,Low-cost reactivation
18235,2011-05-06 13:35:00,2011-09-29 08:27:00,3,1796.48,598.8266666666667,72,217,True,2011-08-11 15:56:00,97.0,True,False,3,3,4,10,Needs Attention,Active repeat,Develop loyalty
18236,2010-04-15 13:39:00,2011-11-10 08:06:00,12,1795.3500000000001,149.6125,30,603,True,2010-08-15 11:21:00,121.0,True,False,4,5,4,13,Champions,Active repeat,Develop loyalty
18237,2011-07-28 13:05:00,2011-12-07 12:49:00,5,987.0999999999999,197.42,3,134,True,2011-08-12 12:44:00,14.0,True,True,5,4,3,12,Loyal Customers,Active repeat,Develop loyalty
18238,2010-07-12 12:51:00,2010-07-12 12:51:00,1,270.92,270.92,515,515,False,,,True,False,1,2,1,4,Hibernating,Dormant,Low-cost reactivation
18239,2010-10-13 10:11:00,2011-05-05 12:38:00,6,1712.26,285.37666666666667,219,423,True,2010-12-02 17:48:00,50.0,True,True,2,4,4,10,At Risk,Dormant,Low-cost reactivation
18240,2011-10-24 13:06:00,2011-10-24 13:06:00,1,422.58,422.58,46,46,False,,,False,False,4,2,2,8,Potential Loyalists,New,Drive second purchase
18241,2010-04-01 11:55:00,2011-11-30 12:10:00,21,2986.9900000000002,142.23761904761906,10,618,True,2010-08-18 13:56:00,139.0,True,False,5,5,5,15,Champions,Active repeat,Protect high-value active
18242,2010-01-11 08:49:00,2011-09-28 13:43:00,8,3605.21,450.65125,72,698,True,2010-03-30 15:21:00,78.0,True,True,3,5,5,13,Loyal Customers,Active repeat,Protect high-value active
18243,2010-10-21 14:29:00,2010-10-21 14:29:00,1,515.78,515.78,414,414,False,,,True,False,1,2,2,5,Hibernating,Dormant,Low-cost reactivation
18244,2010-07-25 10:30:00,2010-10-05 11:15:00,2,568.64,284.32,431,503,True,2010-10-05 11:15:00,72.0,True,True,1,3,2,6,At Risk,Dormant,Low-cost reactivation
18245,2010-03-08 15:26:00,2011-12-02 14:48:00,20,6324.9800000000005,316.249,7,641,True,2010-03-26 13:08:00,17.0,True,True,5,5,5,15,Champions,Active repeat,Protect high-value active
18246,2010-04-09 10:19:00,2011-11-16 11:49:00,3,758.8199999999999,252.93999999999997,24,610,True,2011-04-20 13:55:00,376.0,True,False,4,3,3,10,Potential Loyalists,Active repeat,Develop loyalty
18247,2010-03-18 15:52:00,2010-10-21 09:49:00,3,839.73,279.91,415,631,True,2010-06-08 14:22:00,81.0,True,True,1,3,3,7,At Risk,Dormant,Low-cost reactivation
18248,2011-06-06 13:18:00,2011-08-09 10:19:00,2,804.02,402.01,123,186,True,2011-08-09 10:19:00,63.0,True,True,3,3,3,9,Needs Attention,At risk,Test win-back
18249,2011-11-22 15:07:00,2011-11-22 15:07:00,1,95.34,95.34,17,17,False,,,False,False,5,2,1,8,Potential Loyalists,New,Drive second purchase
18250,2011-02-02 13:16:00,2011-02-02 13:16:00,1,349.27,349.27,310,310,False,,,True,False,2,2,2,6,Hibernating,Dormant,Low-cost reactivation
18251,2009-12-22 12:01:00,2011-09-13 15:03:00,9,26278.86,2919.8733333333334,87,718,True,2010-03-11 10:13:00,78.0,True,True,3,5,5,13,Loyal Customers,Active repeat,Protect high-value active
18252,2009-12-18 16:13:00,2011-10-20 12:43:00,7,1533.69,219.09857142857143,51,721,True,2009-12-23 10:17:00,4.0,True,True,4,4,4,12,Champions,Active repeat,Develop loyalty
18253,2010-03-07 12:38:00,2010-03-07 12:38:00,1,317.88,317.88,643,643,False,,,True,False,1,2,2,5,Hibernating,Dormant,Low-cost reactivation
18254,2010-05-07 14:37:00,2010-05-07 14:37:00,1,267.9,267.9,581,581,False,,,True,False,1,2,1,4,Hibernating,Dormant,Low-cost reactivation
18255,2010-09-09 16:31:00,2011-09-11 13:16:00,2,303.15,151.575,89,456,True,2011-09-11 13:16:00,366.0,True,False,3,3,2,8,Needs Attention,Active repeat,Develop loyalty
18256,2010-11-17 08:53:00,2010-11-17 08:53:00,1,110.7,110.7,388,388,False,,,True,False,2,2,1,5,Hibernating,Dormant,Low-cost reactivation
18257,2010-02-18 16:20:00,2011-10-31 14:48:00,12,4600.15,383.3458333333333,39,659,True,2010-05-27 14:40:00,97.0,True,False,4,5,5,14,Champions,Active repeat,Protect high-value active
18258,2010-05-16 11:35:00,2010-09-01 14:20:00,6,2059.67,343.27833333333336,464,573,True,2010-05-16 11:37:00,0.0,True,True,1,4,4,9,At Risk,Dormant,Low-cost reactivation
18259,2009-12-08 08:38:00,2011-11-15 12:34:00,7,3941.9000000000005,563.1285714285715,25,732,True,2010-01-28 16:39:00,51.0,True,True,4,4,5,13,Champions,Active repeat,Protect high-value active
18260,2009-12-15 13:50:00,2011-06-20 12:37:00,23,9947.26,432.4895652173913,173,724,True,2010-04-28 15:01:00,134.0,True,False,3,5,5,13,Loyal Customers,At risk,Win back high-value
18261,2011-09-05 09:34:00,2011-10-27 15:36:00,2,324.24,162.12,43,96,True,2011-10-27 15:36:00,52.0,True,True,4,3,2,9,Potential Loyalists,Active repeat,Develop loyalty
18262,2010-04-16 09:05:00,2011-07-22 16:04:00,3,577.54,192.51333333333332,140,603,True,2010-11-11 13:30:00,209.0,True,False,3,3,2,8,Needs Attention,At risk,Test win-back
18263,2011-04-01 11:48:00,2011-11-14 09:00:00,3,1213.1599999999999,404.3866666666666,26,253,True,2011-07-07 10:04:00,96.0,True,False,4,3,3,10,Potential Loyalists,Active repeat,Develop loyalty
18264,2010-07-29 10:02:00,2010-07-29 10:02:00,1,603.25,603.25,499,499,False,,,True,False,1,2,2,5,Hibernating,Dormant,Low-cost reactivation
18265,2011-07-04 15:26:00,2011-09-28 14:10:00,2,801.51,400.755,72,158,True,2011-09-28 14:10:00,85.0,True,True,3,3,3,9,Needs Attention,Active repeat,Develop loyalty
18266,2010-10-01 15:33:00,2010-10-01 15:33:00,1,251.1,251.1,434,434,False,,,True,False,1,2,1,4,Hibernating,Dormant,Low-cost reactivation
18267,2010-02-05 08:43:00,2010-02-05 08:43:00,1,269.37,269.37,673,673,False,,,True,False,1,2,1,4,Hibernating,Dormant,Low-cost reactivation
18268,2009-12-11 10:27:00,2011-07-28 19:13:00,6,1490.23,248.37166666666667,134,729,True,2010-01-14 09:33:00,33.0,True,True,3,4,4,11,Loyal Customers,At risk,Test win-back
18269,2010-12-08 13:53:00,2010-12-08 13:53:00,1,168.6,168.6,366,366,False,,,True,False,2,2,1,5,Hibernating,Dormant,Low-cost reactivation
18270,2010-10-03 10:49:00,2011-11-01 13:57:00,3,444.55,148.18333333333334,38,433,True,2011-03-18 12:41:00,166.0,True,False,4,3,2,9,Potential Loyalists,Active repeat,Develop loyalty
18271,2009-12-08 11:27:00,2010-04-09 09:26:00,2,680.85,340.425,610,732,True,2010-04-09 09:26:00,121.0,True,False,1,3,3,7,At Risk,Dormant,Low-cost reactivation
18272,2010-03-04 12:53:00,2011-12-07 12:43:00,9,4385.98,487.33111111111106,3,645,True,2010-04-22 14:07:00,49.0,True,True,5,5,5,15,Champions,Active repeat,Protect high-value active
18273,2010-04-28 12:24:00,2011-12-07 13:16:00,4,357.0,89.25,2,591,True,2011-03-27 11:22:00,332.0,True,False,5,4,2,11,Loyal Customers,Active repeat,Develop loyalty
18274,2011-11-09 17:03:00,2011-11-09 17:03:00,1,175.92,175.92,30,30,False,,,False,False,4,2,1,7,Potential Loyalists,New,Drive second purchase
18275,2009-12-08 16:23:00,2010-05-10 15:46:00,2,741.85,370.925,578,731,True,2010-05-10 15:46:00,152.0,True,False,1,3,3,7,At Risk,Dormant,Low-cost reactivation
18276,2009-12-10 17:14:00,2011-10-27 10:54:00,6,1656.52,276.08666666666664,44,729,True,2010-04-20 10:40:00,130.0,True,False,4,4,4,12,Champions,Active repeat,Develop loyalty
18277,2010-08-02 10:26:00,2011-10-12 15:22:00,5,1180.05,236.01,58,495,True,2010-08-02 10:27:00,0.0,True,True,4,4,3,11,Loyal Customers,Active repeat,Develop loyalty
18278,2010-10-31 12:13:00,2011-09-27 11:58:00,2,414.20000000000005,207.10000000000002,74,405,True,2011-09-27 11:58:00,330.0,True,False,3,3,2,8,Needs Attention,Active repeat,Develop loyalty
18279,2010-07-08 14:48:00,2010-07-08 14:48:00,1,231.33999999999997,231.33999999999997,519,519,False,,,True,False,1,2,1,4,Hibernating,Dormant,Low-cost reactivation
18280,2010-11-10 15:51:00,2011-03-07 09:52:00,2,488.15000000000003,244.07500000000002,278,394,True,2011-03-07 09:52:00,116.0,True,False,2,3,2,7,At Risk,Dormant,Low-cost reactivation
18281,2010-05-11 10:49:00,2011-06-12 10:53:00,2,201.14,100.57,181,578,True,2011-06-12 10:53:00,397.0,True,False,3,3,1,7,Needs Attention,Dormant,Low-cost reactivation
18282,2011-08-05 13:35:00,2011-12-02 11:43:00,2,178.05,89.025,8,126,True,2011-12-02 11:43:00,118.0,True,False,5,3,1,9,Potential Loyalists,Active repeat,Develop loyalty
18283,2010-02-19 17:16:00,2011-12-06 12:02:00,22,2664.9,121.13181818181819,4,658,True,2010-03-02 13:28:00,10.0,True,True,5,5,4,14,Champions,Active repeat,Protect high-value active
18284,2010-10-04 11:33:00,2010-10-04 11:33:00,1,461.68,461.68,432,432,False,,,True,False,1,2,2,5,Hibernating,Dormant,Low-cost reactivation
18285,2010-02-17 10:24:00,2010-02-17 10:24:00,1,427.0,427.0,661,661,False,,,True,False,1,2,2,5,Hibernating,Dormant,Low-cost reactivation
18286,2009-12-16 10:45:00,2010-08-20 11:57:00,2,1296.43,648.215,477,724,True,2010-08-20 11:57:00,247.0,True,False,1,3,4,8,At Risk,Dormant,Low-cost reactivation
18287,2010-05-17 11:55:00,2011-10-28 09:29:00,7,4182.99,597.5699999999999,43,572,True,2010-09-21 12:17:00,127.0,True,False,4,4,5,13,Champions,Active repeat,Protect high-value active
